timestamp,datetime,trade_id,market_id,token_id,side,price,size,amount,tx_hash,raw
1770991393,2026-02-13T22:04:32.256346,0x14a048e269ef5b1f1645459929bb8a6aa0008184535d7dc488e9416db9d2c75f:1770991393,572473,5031084282167950494806674428243037744881029417420880897305642929037077494331,BUY,0.55,19.0,10.450000000000001,0x14a048e269ef5b1f1645459929bb8a6aa0008184535d7dc488e9416db9d2c75f,"{""proxyWallet"": ""0x97e656303f2e61cc87c9c94557e41c65c5c30691"", ""side"": ""BUY"", ""asset"": ""103113681792692991556970945389717615316252630965884298246636246147703360545670"", ""conditionId"": ""0xe6d7778a251fd3782c7cb85ce588419a10a80a7e0b2d8de85ff4653d8cc7fb65"", ""size"": 19, ""price"": 0.55, ""timestamp"": 1770991393, ""title"": ""Bitcoin Up or Down - February 13, 9:00AM-9:05AM ET"", ""slug"": ""btc-updown-5m-1770991200"", ""icon"": ""https://polymarket-upload.s3.us-east-2.amazonaws.com/BTC+fullsize.png"", ""eventSlug"": ""btc-updown-5m-1770991200"", ""outcome"": ""Up"", ""outcomeIndex"": 0, ""name"": """", ""pseudonym"": """", ""bio"": """", ""profileImage"": """", ""profileImageOptimized"": """", ""transactionHash"": ""0x14a048e269ef5b1f1645459929bb8a6aa0008184535d7dc488e9416db9d2c75f""}"
1770991393,2026-02-13T22:04:32.256406,0x1aebee46d61439d5a6b35d27337f5a9a970bf5a6eac11b1ac543574b4c48c1e2:1770991393,572473,5031084282167950494806674428243037744881029417420880897305642929037077494331,BUY,0.54,5.0,2.7,0x1aebee46d61439d5a6b35d27337f5a9a970bf5a6eac11b1ac543574b4c48c1e2,"{""proxyWallet"": ""0xdd841d5195c0ee8b7fa85c3513071e29bd549f62"", ""side"": ""BUY"", ""asset"": ""103113681792692991556970945389717615316252630965884298246636246147703360545670"", ""conditionId"": ""0xe6d7778a251fd3782c7cb85ce588419a10a80a7e0b2d8de85ff4653d8cc7fb65"", ""size"": 5, ""price"": 0.54, ""timestamp"": 1770991393, ""title"": ""Bitcoin Up or Down - February 13, 9:00AM-9:05AM ET"", ""slug"": ""btc-updown-5m-1770991200"", ""icon"": ""https://polymarket-upload.s3.us-east-2.amazonaws.com/BTC+fullsize.png"", ""eventSlug"": ""btc-updown-5m-1770991200"", ""outcome"": ""Up"", ""outcomeIndex"": 0, ""name"": ""w1331w"", ""pseudonym"": ""Close-Beat"", ""bio"": """", ""profileImage"": """", ""profileImageOptimized"": """", ""transactionHash"": ""0x1aebee46d61439d5a6b35d27337f5a9a970bf5a6eac11b1ac543574b4c48c1e2""}"
1770991393,2026-02-13T22:04:32.256436,0xfac3e831a507d8a2bcd935a5a127914543c23e9f5bb67d785ba5a8a88a43a4cf:1770991393,572473,5031084282167950494806674428243037744881029417420880897305642929037077494331,SELL,0.51,11.34,5.7834,0xfac3e831a507d8a2bcd935a5a127914543c23e9f5bb67d785ba5a8a88a43a4cf,"{""proxyWallet"": ""0xe041d09715148a9a4a7a881a5580da2c0701f2e5"", ""side"": ""SELL"", ""asset"": ""69403035397932509667051031905442359043677740034943388398868889632217519882110"", ""conditionId"": ""0xc25ee227bc4c49a871b1e0a50f13bf10006a43506349e60e5cd4d4936c6f9f5c"", ""size"": 11.34, ""price"": 0.51, ""timestamp"": 1770991393, ""title"": ""Bitcoin Up or Down - February 13, 9:00AM-9:15AM ET"", ""slug"": ""btc-updown-15m-1770991200"", ""icon"": ""https://polymarket-upload.s3.us-east-2.amazonaws.com/BTC+fullsize.png"", ""eventSlug"": ""btc-updown-15m-1770991200"", ""outcome"": ""Up"", ""outcomeIndex"": 0, ""name"": ""Lkjhgfdna"", ""pseudonym"": ""Sentimental-Finance"", ""bio"": """", ""profileImage"": """", ""profileImageOptimized"": """", ""transactionHash"": ""0xfac3e831a507d8a2bcd935a5a127914543c23e9f5bb67d785ba5a8a88a43a4cf""}"
1770991393,2026-02-13T22:04:32.256457,0xf664486e34559bdc4868da268fa20e7319224abd9fdcd3735e98c02f5eff5608:1770991393,572473,5031084282167950494806674428243037744881029417420880897305642929037077494331,BUY,0.4899999936774181,9.489794,4.649999,0xf664486e34559bdc4868da268fa20e7319224abd9fdcd3735e98c02f5eff5608,"{""proxyWallet"": ""0xe041d09715148a9a4a7a881a5580da2c0701f2e5"", ""side"": ""BUY"", ""asset"": ""4178531277101930988692310013213248114472964389143173804873458721353665392131"", ""conditionId"": ""0xc25ee227bc4c49a871b1e0a50f13bf10006a43506349e60e5cd4d4936c6f9f5c"", ""size"": 9.489794, ""price"": 0.4899999936774181, ""timestamp"": 1770991393, ""title"": ""Bitcoin Up or Down - February 13, 9:00AM-9:15AM ET"", ""slug"": ""btc-updown-15m-1770991200"", ""icon"": ""https://polymarket-upload.s3.us-east-2.amazonaws.com/BTC+fullsize.png"", ""eventSlug"": ""btc-updown-15m-1770991200"", ""outcome"": ""Down"", ""outcomeIndex"": 1, ""name"": ""Lkjhgfdna"", ""pseudonym"": ""Sentimental-Finance"", ""bio"": """", ""profileImage"": """", ""profileImageOptimized"": """", ""transactionHash"": ""0xf664486e34559bdc4868da268fa20e7319224abd9fdcd3735e98c02f5eff5608""}"
1770991393,2026-02-13T22:04:32.256478,0x7afed7f3642c4899157ad4d376a4904fe1be230c9813e6ed369489a8a676eb57:1770991393,572473,5031084282167950494806674428243037744881029417420880897305642929037077494331,BUY,0.49,100.0,49.0,0x7afed7f3642c4899157ad4d376a4904fe1be230c9813e6ed369489a8a676eb57,"{""proxyWallet"": ""0x8e9cd5ec7a26d602b63b4bc4c193febb83c8ed64"", ""side"": ""BUY"", ""asset"": ""4178531277101930988692310013213248114472964389143173804873458721353665392131"", ""conditionId"": ""0xc25ee227bc4c49a871b1e0a50f13bf10006a43506349e60e5cd4d4936c6f9f5c"", ""size"": 100, ""price"": 0.49, ""timestamp"": 1770991393, ""title"": ""Bitcoin Up or Down - February 13, 9:00AM-9:15AM ET"", ""slug"": ""btc-updown-15m-1770991200"", ""icon"": ""https://polymarket-upload.s3.us-east-2.amazonaws.com/BTC+fullsize.png"", ""eventSlug"": ""btc-updown-15m-1770991200"", ""outcome"": ""Down"", ""outcomeIndex"": 1, ""name"": """", ""pseudonym"": """", ""bio"": """", ""profileImage"": """", ""profileImageOptimized"": """", ""transactionHash"": ""0x7afed7f3642c4899157ad4d376a4904fe1be230c9813e6ed369489a8a676eb57""}"
1770991393,2026-02-13T22:04:32.256496,0x2f0d93c2adeb206a201e68cef5efcbece8a46cd41f83f0eef8485546e1661895:1770991393,572473,5031084282167950494806674428243037744881029417420880897305642929037077494331,BUY,0.53,15.0,7.95,0x2f0d93c2adeb206a201e68cef5efcbece8a46cd41f83f0eef8485546e1661895,"{""proxyWallet"": ""0x113d4c0b5a6702ab045ea2cba7c3f71d51fc3ce8"", ""side"": ""BUY"", ""asset"": ""7099453526591602060077557700331084788255242934552374943718763896323111377957"", ""conditionId"": ""0x37628600d746b8b695f0d397dc99a660cb1c363040e5dad41b5a4f8018b6c3c3"", ""size"": 15, ""price"": 0.53, ""timestamp"": 1770991393, ""title"": ""Solana Up or Down - February 13, 9AM ET"", ""slug"": ""solana-up-or-down-february-13-9am-et"", ""icon"": ""https://polymarket-upload.s3.us-east-2.amazonaws.com/SOL-logo.png"", ""eventSlug"": ""solana-up-or-down-february-13-9am-et"", ""outcome"": ""Down"", ""outcomeIndex"": 1, ""name"": ""charles-de-g"", ""pseudonym"": ""Black-Popcorn"", ""bio"": ""bienvenue dans la resistance"", ""profileImage"": ""https://polymarket-upload.s3.us-east-2.amazonaws.com/profile-image-4760483-2266181c-efa3-46e7-8f17-4046b9b7547b.jpeg"", ""profileImageOptimized"": """", ""transactionHash"": ""0x2f0d93c2adeb206a201e68cef5efcbece8a46cd41f83f0eef8485546e1661895""}"
1770991393,2026-02-13T22:04:32.256515,0xaa58d22efe44f680c2928a1d80c92f9f048dfdde7913b9ea765213139919036c:1770991393,572473,5031084282167950494806674428243037744881029417420880897305642929037077494331,SELL,0.999,12.82,12.80718,0xaa58d22efe44f680c2928a1d80c92f9f048dfdde7913b9ea765213139919036c,"{""proxyWallet"": ""0xd5f92806420100464129da1a40637a85ca3ea6ec"", ""side"": ""SELL"", ""asset"": ""15222468940538597983126916774811077224807238919196042660088277676778962003081"", ""conditionId"": ""0xf53748a41a9910994ed4e90eb16c25aa2ceb4b98c571c1181caf8d82312eca20"", ""size"": 12.82, ""price"": 0.999, ""timestamp"": 1770991393, ""title"": ""Men's Group B - Finland vs. Sweden"", ""slug"": ""mwoh-fin-swe-2026-02-13"", ""icon"": ""https://polymarket-upload.s3.us-east-2.amazonaws.com/olympics 2026-9a2a833d0a.png"", ""eventSlug"": ""mwoh-fin-swe-2026-02-13"", ""outcome"": ""Finland"", ""outcomeIndex"": 0, ""name"": """", ""pseudonym"": """", ""bio"": """", ""profileImage"": """", ""profileImageOptimized"": """", ""transactionHash"": ""0xaa58d22efe44f680c2928a1d80c92f9f048dfdde7913b9ea765213139919036c""}"
1770991393,2026-02-13T22:04:32.256532,0x1d99be527ea28cbe5ac95b1df006d04763ce49ed9e31ed0f8e6ced9d58ee1e96:1770991393,572473,5031084282167950494806674428243037744881029417420880897305642929037077494331,BUY,0.51,5.0,2.55,0x1d99be527ea28cbe5ac95b1df006d04763ce49ed9e31ed0f8e6ced9d58ee1e96,"{""proxyWallet"": ""0xf0a23026a3fb099139a58e8dff25288f7fbd415e"", ""side"": ""BUY"", ""asset"": ""103113681792692991556970945389717615316252630965884298246636246147703360545670"", ""conditionId"": ""0xe6d7778a251fd3782c7cb85ce588419a10a80a7e0b2d8de85ff4653d8cc7fb65"", ""size"": 5, ""price"": 0.51, ""timestamp"": 1770991393, ""title"": ""Bitcoin Up or Down - February 13, 9:00AM-9:05AM ET"", ""slug"": ""btc-updown-5m-1770991200"", ""icon"": ""https://polymarket-upload.s3.us-east-2.amazonaws.com/BTC+fullsize.png"", ""eventSlug"": ""btc-updown-5m-1770991200"", ""outcome"": ""Up"", ""outcomeIndex"": 0, ""name"": ""freelimit"", ""pseudonym"": ""Bowed-Tradition"", ""bio"": """", ""profileImage"": """", ""profileImageOptimized"": """", ""transactionHash"": ""0x1d99be527ea28cbe5ac95b1df006d04763ce49ed9e31ed0f8e6ced9d58ee1e96""}"
1770991393,2026-02-13T22:04:32.256553,0x9f976be6f6f30bc14e90f996df15a0fdbc77cefdd2f18058a1d9fc7010e53bca:1770991393,572473,5031084282167950494806674428243037744881029417420880897305642929037077494331,BUY,0.977,1.06,1.03562,0x9f976be6f6f30bc14e90f996df15a0fdbc77cefdd2f18058a1d9fc7010e53bca,"{""proxyWallet"": ""0x59d883fe83c528cc7ea2909827503f610b7219b6"", ""side"": ""BUY"", ""asset"": ""4337300285222923026737531004316816290179657292020117155345759926808632517989"", ""conditionId"": ""0xebea087687d29abcfc7ff807e68790c32b8aca18ff33d196ece0f54282b306b4"", ""size"": 1.06, ""price"": 0.977, ""timestamp"": 1770991393, ""title"": ""Will Belgium win Eurovision 2026?"", ""slug"": ""will-belgium-win-eurovision-2026"", ""icon"": ""https://polymarket-upload.s3.us-east-2.amazonaws.com/will-belgium-win-eurovision-2026-m44EPm9-75ZO.png"", ""eventSlug"": ""eurovision-winner-2026"", ""outcome"": ""No"", ""outcomeIndex"": 1, ""name"": ""y6z0ti4e"", ""pseudonym"": ""Glass-Tenant"", ""bio"": """", ""profileImage"": """", ""profileImageOptimized"": """", ""transactionHash"": ""0x9f976be6f6f30bc14e90f996df15a0fdbc77cefdd2f18058a1d9fc7010e53bca""}"
1770991393,2026-02-13T22:04:32.256570,0x76e856679ccf3ae3e9ed828d05709f55104d4436a2090a753f64ebd8eca5bb7e:1770991393,572473,5031084282167950494806674428243037744881029417420880897305642929037077494331,BUY,0.5099999254615207,5.098038,2.599999,0x76e856679ccf3ae3e9ed828d05709f55104d4436a2090a753f64ebd8eca5bb7e,"{""proxyWallet"": ""0xb0cca63418089d7c8e01f599bc5da77d1f2df354"", ""side"": ""BUY"", ""asset"": ""4178531277101930988692310013213248114472964389143173804873458721353665392131"", ""conditionId"": ""0xc25ee227bc4c49a871b1e0a50f13bf10006a43506349e60e5cd4d4936c6f9f5c"", ""size"": 5.098038, ""price"": 0.5099999254615207, ""timestamp"": 1770991393, ""title"": ""Bitcoin Up or Down - February 13, 9:00AM-9:15AM ET"", ""slug"": ""btc-updown-15m-1770991200"", ""icon"": ""https://polymarket-upload.s3.us-east-2.amazonaws.com/BTC+fullsize.png"", ""eventSlug"": ""btc-updown-15m-1770991200"", ""outcome"": ""Down"", ""outcomeIndex"": 1, ""name"": ""ggwpglhf"", ""pseudonym"": ""Uniform-Contract"", ""bio"": """", ""profileImage"": """", ""profileImageOptimized"": """", ""transactionHash"": ""0x76e856679ccf3ae3e9ed828d05709f55104d4436a2090a753f64ebd8eca5bb7e""}"
1770991393,2026-02-13T22:04:32.256588,0x3edd588d11bbdcbdfae1bd71b5fc777efb8551ce49fd34c2c05215b930a88af0:1770991393,572473,5031084282167950494806674428243037744881029417420880897305642929037077494331,BUY,0.5099999254615207,5.098038,2.599999,0x3edd588d11bbdcbdfae1bd71b5fc777efb8551ce49fd34c2c05215b930a88af0,"{""proxyWallet"": ""0xdda6da91bc3c05ff6e549c3671861958a371925a"", ""side"": ""BUY"", ""asset"": ""46089572145907414054974873573914289906332395854357117261522473514142305386170"", ""conditionId"": ""0xa5e0ef40d488545df56c9d30692efadb3e46cfe2c65ef6cdad5c82eff642bc7d"", ""size"": 5.098038, ""price"": 0.5099999254615207, ""timestamp"": 1770991393, ""title"": ""Ethereum Up or Down - February 13, 9:00AM-9:15AM ET"", ""slug"": ""eth-updown-15m-1770991200"", ""icon"": ""https://polymarket-upload.s3.us-east-2.amazonaws.com/ETH+fullsize.jpg"", ""eventSlug"": ""eth-updown-15m-1770991200"", ""outcome"": ""Up"", ""outcomeIndex"": 0, ""name"": ""wownotagain"", ""pseudonym"": ""Rosy-Promise"", ""bio"": """", ""profileImage"": """", ""profileImageOptimized"": """", ""transactionHash"": ""0x3edd588d11bbdcbdfae1bd71b5fc777efb8551ce49fd34c2c05215b930a88af0""}"
1770991393,2026-02-13T22:04:32.256605,0x9dc18aaed2f3189b89af245cd404820224631c65839970fb0911d4743ae9003d:1770991393,572473,5031084282167950494806674428243037744881029417420880897305642929037077494331,BUY,0.53,5.0,2.6500000000000004,0x9dc18aaed2f3189b89af245cd404820224631c65839970fb0911d4743ae9003d,"{""proxyWallet"": ""0x036b9d7baa206a61cb4a17b808b069623f761fab"", ""side"": ""BUY"", ""asset"": ""103807399772237456132074327176954242081040135132696257639590711661401730464890"", ""conditionId"": ""0xe6d7778a251fd3782c7cb85ce588419a10a80a7e0b2d8de85ff4653d8cc7fb65"", ""size"": 5, ""price"": 0.53, ""timestamp"": 1770991393, ""title"": ""Bitcoin Up or Down - February 13, 9:00AM-9:05AM ET"", ""slug"": ""btc-updown-5m-1770991200"", ""icon"": ""https://polymarket-upload.s3.us-east-2.amazonaws.com/BTC+fullsize.png"", ""eventSlug"": ""btc-updown-5m-1770991200"", ""outcome"": ""Down"", ""outcomeIndex"": 1, ""name"": ""1GOuO0701"", ""pseudonym"": ""Relieved-Geek"", ""bio"": """", ""profileImage"": """", ""profileImageOptimized"": """", ""transactionHash"": ""0x9dc18aaed2f3189b89af245cd404820224631c65839970fb0911d4743ae9003d""}"
1770991393,2026-02-13T22:04:32.256621,0xb6c04cfde30a78d62898ed955cbe9d116b25b336e9ac6e742deec5fbd4dc6be8:1770991393,572473,5031084282167950494806674428243037744881029417420880897305642929037077494331,BUY,0.5,2.2,1.1,0xb6c04cfde30a78d62898ed955cbe9d116b25b336e9ac6e742deec5fbd4dc6be8,"{""proxyWallet"": ""0xfb59c4a792375c44c0a599f0851671a21cd1cd74"", ""side"": ""BUY"", ""asset"": ""69403035397932509667051031905442359043677740034943388398868889632217519882110"", ""conditionId"": ""0xc25ee227bc4c49a871b1e0a50f13bf10006a43506349e60e5cd4d4936c6f9f5c"", ""size"": 2.2, ""price"": 0.5, ""timestamp"": 1770991393, ""title"": ""Bitcoin Up or Down - February 13, 9:00AM-9:15AM ET"", ""slug"": ""btc-updown-15m-1770991200"", ""icon"": ""https://polymarket-upload.s3.us-east-2.amazonaws.com/BTC+fullsize.png"", ""eventSlug"": ""btc-updown-15m-1770991200"", ""outcome"": ""Up"", ""outcomeIndex"": 0, ""name"": """", ""pseudonym"": """", ""bio"": """", ""profileImage"": """", ""profileImageOptimized"": """", ""transactionHash"": ""0xb6c04cfde30a78d62898ed955cbe9d116b25b336e9ac6e742deec5fbd4dc6be8""}"
1770991393,2026-02-13T22:04:32.256638,0xe71ef1c2e052b6be4fefa9278feb80477187eb44cb75664266b97c4fef56ce3d:1770991393,572473,5031084282167950494806674428243037744881029417420880897305642929037077494331,BUY,0.48999999039215075,3.122447,1.529999,0xe71ef1c2e052b6be4fefa9278feb80477187eb44cb75664266b97c4fef56ce3d,"{""proxyWallet"": ""0x09fe78c8b9f10fb9c7c0a584bfab4205c76876ee"", ""side"": ""BUY"", ""asset"": ""103924929148213339450168629019405689953188250690020471055161569308682684050404"", ""conditionId"": ""0xa5e0ef40d488545df56c9d30692efadb3e46cfe2c65ef6cdad5c82eff642bc7d"", ""size"": 3.122447, ""price"": 0.48999999039215075, ""timestamp"": 1770991393, ""title"": ""Ethereum Up or Down - February 13, 9:00AM-9:15AM ET"", ""slug"": ""eth-updown-15m-1770991200"", ""icon"": ""https://polymarket-upload.s3.us-east-2.amazonaws.com/ETH+fullsize.jpg"", ""eventSlug"": ""eth-updown-15m-1770991200"", ""outcome"": ""Down"", ""outcomeIndex"": 1, ""name"": ""daniel122134"", ""pseudonym"": ""Monumental-Generator"", ""bio"": """", ""profileImage"": """", ""profileImageOptimized"": """", ""transactionHash"": ""0xe71ef1c2e052b6be4fefa9278feb80477187eb44cb75664266b97c4fef56ce3d""}"
1770991393,2026-02-13T22:04:32.256655,0xd2ba60f7aa7bf6a69be2f4040b33b5b0703c6fc879af9ae51e2fcb185d6408e9:1770991393,572473,5031084282167950494806674428243037744881029417420880897305642929037077494331,SELL,0.49,2.1,1.029,0xd2ba60f7aa7bf6a69be2f4040b33b5b0703c6fc879af9ae51e2fcb185d6408e9,"{""proxyWallet"": ""0x0c28e2e1a70b762d1f76fe91ff4afcb8a77cb539"", ""side"": ""SELL"", ""asset"": ""69403035397932509667051031905442359043677740034943388398868889632217519882110"", ""conditionId"": ""0xc25ee227bc4c49a871b1e0a50f13bf10006a43506349e60e5cd4d4936c6f9f5c"", ""size"": 2.1, ""price"": 0.49, ""timestamp"": 1770991393, ""title"": ""Bitcoin Up or Down - February 13, 9:00AM-9:15AM ET"", ""slug"": ""btc-updown-15m-1770991200"", ""icon"": ""https://polymarket-upload.s3.us-east-2.amazonaws.com/BTC+fullsize.png"", ""eventSlug"": ""btc-updown-15m-1770991200"", ""outcome"": ""Up"", ""outcomeIndex"": 0, ""name"": ""HooliGan"", ""pseudonym"": ""Deficient-Culvert"", ""bio"": """", ""profileImage"": """", ""profileImageOptimized"": """", ""transactionHash"": ""0xd2ba60f7aa7bf6a69be2f4040b33b5b0703c6fc879af9ae51e2fcb185d6408e9""}"
1770991393,2026-02-13T22:04:32.256672,0x33241e4b95186c4fc1b9b87ceac6bac29b45c10f437b1c7a9a89ef7da89a6b83:1770991393,572473,5031084282167950494806674428243037744881029417420880897305642929037077494331,BUY,0.999,2.452,2.449548,0x33241e4b95186c4fc1b9b87ceac6bac29b45c10f437b1c7a9a89ef7da89a6b83,"{""proxyWallet"": ""0xe8dd7741ccb12350957ec71e9ee332e0d1e6ec86"", ""side"": ""BUY"", ""asset"": ""79742853692640441630014447218057231927327132180925275737649345065452061252209"", ""conditionId"": ""0xa4ff70673e8d6f76261400c0ffd9d7970bf6d8aec5f8f44b20434e59e3e3141e"", ""size"": 2.452, ""price"": 0.999, ""timestamp"": 1770991393, ""title"": ""Will Leeds win the 2025–26 English Premier League?"", ""slug"": ""will-leeds-win-the-202526-english-premier-league"", ""icon"": ""https://polymarket-upload.s3.us-east-2.amazonaws.com/will-leeds-win-the-202526-english-premier-league-tSaX7zrXzuyD.jpg"", ""eventSlug"": ""english-premier-league-winner"", ""outcome"": ""No"", ""outcomeIndex"": 1, ""name"": ""influenz.eth"", ""pseudonym"": ""Real-Veteran"", ""bio"": ""3820"", ""profileImage"": """", ""profileImageOptimized"": """", ""transactionHash"": ""0x33241e4b95186c4fc1b9b87ceac6bac29b45c10f437b1c7a9a89ef7da89a6b83""}"
1770991393,2026-02-13T22:04:32.256692,0xb59b7333dcc2e2119fa8298b6f5ddc22bb14532827b0b493af34583d1ab03ee0:1770991393,572473,5031084282167950494806674428243037744881029417420880897305642929037077494331,BUY,0.8,20.0,16.0,0xb59b7333dcc2e2119fa8298b6f5ddc22bb14532827b0b493af34583d1ab03ee0,"{""proxyWallet"": ""0xb7d4cc5ccb2958023a4c3d75aa7cff8fa5de6a1d"", ""side"": ""BUY"", ""asset"": ""97158575536203859935833785194265603050341344229095603813614668582669950917161"", ""conditionId"": ""0x7d658ac249e3833231e2eb5375f0e6c57d7686a1208fa986bfb6aef99cdc9681"", ""size"": 20, ""price"": 0.8, ""timestamp"": 1770991393, ""title"": ""Will the United States win the most medals in the 2026 Winter Olympics?"", ""slug"": ""will-the-united-states-win-the-most-medals-in-the-2026-winter-olympics"", ""icon"": ""https://polymarket-upload.s3.us-east-2.amazonaws.com/will-the-united-states-win-the-most-gold-medals-in-the-2026-winter-olympics-I4We15kl5NI1.png"", ""eventSlug"": ""2026-winter-olympics-most-medals"", ""outcome"": ""No"", ""outcomeIndex"": 1, ""name"": ""iclickfast"", ""pseudonym"": ""Evergreen-Manacle"", ""bio"": """", ""profileImage"": """", ""profileImageOptimized"": """", ""transactionHash"": ""0xb59b7333dcc2e2119fa8298b6f5ddc22bb14532827b0b493af34583d1ab03ee0""}"
1770991393,2026-02-13T22:04:32.256714,0x17ed8ce538c990f83587f3af9ab3bc786734d6b172b101db6726f3802c16d4ac:1770991393,572473,5031084282167950494806674428243037744881029417420880897305642929037077494331,BUY,0.999,2.452,2.449548,0x17ed8ce538c990f83587f3af9ab3bc786734d6b172b101db6726f3802c16d4ac,"{""proxyWallet"": ""0xe8dd7741ccb12350957ec71e9ee332e0d1e6ec86"", ""side"": ""BUY"", ""asset"": ""80957076568129450869686175231049373382785292510301763260592056964542912568759"", ""conditionId"": ""0x5203a95598f18205fa5d1fae7afdefedfbb356679f1ae6e3911c54883a462034"", ""size"": 2.452, ""price"": 0.999, ""timestamp"": 1770991393, ""title"": ""Will Crystal Palace win the 2025–26 English Premier League?"", ""slug"": ""will-crystal-palace-win-the-202526-english-premier-league"", ""icon"": ""https://polymarket-upload.s3.us-east-2.amazonaws.com/will-crystal-palace-win-the-202526-english-premier-league-YlUIPYKjALxQ.jpg"", ""eventSlug"": ""english-premier-league-winner"", ""outcome"": ""No"", ""outcomeIndex"": 1, ""name"": ""influenz.eth"", ""pseudonym"": ""Real-Veteran"", ""bio"": ""3820"", ""profileImage"": """", ""profileImageOptimized"": """", ""transactionHash"": ""0x17ed8ce538c990f83587f3af9ab3bc786734d6b172b101db6726f3802c16d4ac""}"
1770991393,2026-02-13T22:04:32.256732,0x3896bad29df330cea2201b45a289a2222b846cca92b0253da9d2ea4e10879fab:1770991393,572473,5031084282167950494806674428243037744881029417420880897305642929037077494331,BUY,0.4699999341239807,7.893616,3.7099990000000003,0x3896bad29df330cea2201b45a289a2222b846cca92b0253da9d2ea4e10879fab,"{""proxyWallet"": ""0x5924ca480d8b08cd5f3e5811fa378c4082475af6"", ""side"": ""BUY"", ""asset"": ""103113681792692991556970945389717615316252630965884298246636246147703360545670"", ""conditionId"": ""0xe6d7778a251fd3782c7cb85ce588419a10a80a7e0b2d8de85ff4653d8cc7fb65"", ""size"": 7.893616, ""price"": 0.4699999341239807, ""timestamp"": 1770991393, ""title"": ""Bitcoin Up or Down - February 13, 9:00AM-9:05AM ET"", ""slug"": ""btc-updown-5m-1770991200"", ""icon"": ""https://polymarket-upload.s3.us-east-2.amazonaws.com/BTC+fullsize.png"", ""eventSlug"": ""btc-updown-5m-1770991200"", ""outcome"": ""Up"", ""outcomeIndex"": 0, ""name"": ""late-to-tomorrow"", ""pseudonym"": ""Overlooked-Wool"", ""bio"": """", ""profileImage"": """", ""profileImageOptimized"": """", ""transactionHash"": ""0x3896bad29df330cea2201b45a289a2222b846cca92b0253da9d2ea4e10879fab""}"
1770991393,2026-02-13T22:04:32.256749,0x7dfed73953c0cc75966fd78ceba8c5e33e45e69e11d7963ce58d4be08b53b981:1770991393,572473,5031084282167950494806674428243037744881029417420880897305642929037077494331,BUY,0.999,2.452,2.449548,0x7dfed73953c0cc75966fd78ceba8c5e33e45e69e11d7963ce58d4be08b53b981,"{""proxyWallet"": ""0xe8dd7741ccb12350957ec71e9ee332e0d1e6ec86"", ""side"": ""BUY"", ""asset"": ""114444125124122303566399993657146184596008541183155111894675512718735990103370"", ""conditionId"": ""0x29eafc104d7824c838e194766074f50b352f866abd9bc2fe536b1cdf93e3663f"", ""size"": 2.452, ""price"": 0.999, ""timestamp"": 1770991393, ""title"": ""Will Brentford win the 2025–26 English Premier League?"", ""slug"": ""will-brentford-win-the-202526-english-premier-league"", ""icon"": ""https://polymarket-upload.s3.us-east-2.amazonaws.com/will-brentford-win-the-202526-english-premier-league-olE_AFmH1ZjA.jpg"", ""eventSlug"": ""english-premier-league-winner"", ""outcome"": ""No"", ""outcomeIndex"": 1, ""name"": ""influenz.eth"", ""pseudonym"": ""Real-Veteran"", ""bio"": ""3820"", ""profileImage"": """", ""profileImageOptimized"": """", ""transactionHash"": ""0x7dfed73953c0cc75966fd78ceba8c5e33e45e69e11d7963ce58d4be08b53b981""}"
1770991393,2026-02-13T22:04:32.256767,0xc7e604338af2f89cc6d224802344f1017d4be3e914f5488972d80adf8feb4ea2:1770991393,572473,5031084282167950494806674428243037744881029417420880897305642929037077494331,BUY,0.999,2.452,2.449548,0xc7e604338af2f89cc6d224802344f1017d4be3e914f5488972d80adf8feb4ea2,"{""proxyWallet"": ""0xe8dd7741ccb12350957ec71e9ee332e0d1e6ec86"", ""side"": ""BUY"", ""asset"": ""88334804941947174667395249323919609246886788307207141350406453478086692021167"", ""conditionId"": ""0x3d7df1bd2cb3e1dbdfa20f368fbdbe3ed55d091174a633fd0bc21b5e3d3732b9"", ""size"": 2.452, ""price"": 0.999, ""timestamp"": 1770991393, ""title"": ""Will Brighton win the 2025–26 English Premier League?"", ""slug"": ""will-brighton-win-the-202526-english-premier-league"", ""icon"": ""https://polymarket-upload.s3.us-east-2.amazonaws.com/will-brighton-win-the-202526-english-premier-league-xS2LRwSQd45X.jpg"", ""eventSlug"": ""english-premier-league-winner"", ""outcome"": ""No"", ""outcomeIndex"": 1, ""name"": ""influenz.eth"", ""pseudonym"": ""Real-Veteran"", ""bio"": ""3820"", ""profileImage"": """", ""profileImageOptimized"": """", ""transactionHash"": ""0xc7e604338af2f89cc6d224802344f1017d4be3e914f5488972d80adf8feb4ea2""}"
1770991393,2026-02-13T22:04:32.256784,0x310809296c24684f018599d671d1b368c1a2118bf1c1b04a40d6614dab94d617:1770991393,572473,5031084282167950494806674428243037744881029417420880897305642929037077494331,BUY,0.5,8.0,4.0,0x310809296c24684f018599d671d1b368c1a2118bf1c1b04a40d6614dab94d617,"{""proxyWallet"": ""0x1f7f0a9483ff952295f0cb46fc913a494c94a502"", ""side"": ""BUY"", ""asset"": ""4178531277101930988692310013213248114472964389143173804873458721353665392131"", ""conditionId"": ""0xc25ee227bc4c49a871b1e0a50f13bf10006a43506349e60e5cd4d4936c6f9f5c"", ""size"": 8, ""price"": 0.5, ""timestamp"": 1770991393, ""title"": ""Bitcoin Up or Down - February 13, 9:00AM-9:15AM ET"", ""slug"": ""btc-updown-15m-1770991200"", ""icon"": ""https://polymarket-upload.s3.us-east-2.amazonaws.com/BTC+fullsize.png"", ""eventSlug"": ""btc-updown-15m-1770991200"", ""outcome"": ""Down"", ""outcomeIndex"": 1, ""name"": ""ZnegrgAbznr"", ""pseudonym"": ""Inborn-Misunderstand"", ""bio"": """", ""profileImage"": """", ""profileImageOptimized"": """", ""transactionHash"": ""0x310809296c24684f018599d671d1b368c1a2118bf1c1b04a40d6614dab94d617""}"
1770991393,2026-02-13T22:04:32.256801,0x3e342b08ab4b2afab6ea9f3f22adfe5e8debbaff369afd7b70bb03ef5789d1bf:1770991393,572473,5031084282167950494806674428243037744881029417420880897305642929037077494331,SELL,0.999,46.14,46.09386,0x3e342b08ab4b2afab6ea9f3f22adfe5e8debbaff369afd7b70bb03ef5789d1bf,"{""proxyWallet"": ""0xb0b97e046f35cc80c72bd11ded7b4b0a21eb9d98"", ""side"": ""SELL"", ""asset"": ""3313989820090902594602824648389131009923518873447635741323752686153047104080"", ""conditionId"": ""0xb567c2ec8c02875ac25f5712b331e9fbdf9308e39168cabe5a907fa45dab0a1a"", ""size"": 46.14, ""price"": 0.999, ""timestamp"": 1770991393, ""title"": ""Valorant: Nongshim RedForce vs Rex Regum Qeon (BO5) - VCT Pacific Kickoff Playoffs"", ""slug"": ""val-ns1-rrq1-2026-02-13"", ""icon"": ""https://polymarket-upload.s3.us-east-2.amazonaws.com/league_images/val/valorant-vct-2021-north-america-stage-1-challengers-1.png"", ""eventSlug"": ""val-ns1-rrq1-2026-02-13"", ""outcome"": ""Nongshim RedForce"", ""outcomeIndex"": 0, ""name"": ""0xB0B97e046F35Cc80C72bD11dED7b4B0a21EB9d98-1769163007754"", ""pseudonym"": ""Remarkable-Hospital"", ""bio"": """", ""profileImage"": """", ""profileImageOptimized"": """", ""transactionHash"": ""0x3e342b08ab4b2afab6ea9f3f22adfe5e8debbaff369afd7b70bb03ef5789d1bf""}"
1770991393,2026-02-13T22:04:32.256818,0x4007bcb45242d22a7c5d4c869729d92c6dbc1cfbc3c59385a49ca1b0856586ab:1770991393,572473,5031084282167950494806674428243037744881029417420880897305642929037077494331,SELL,0.027,8.83,0.23841,0x4007bcb45242d22a7c5d4c869729d92c6dbc1cfbc3c59385a49ca1b0856586ab,"{""proxyWallet"": ""0xe3726a1b9c6ba2f06585d1c9e01d00afaedaeb38"", ""side"": ""SELL"", ""asset"": ""77531340423610587330488971960018210147778793548713753738604838920212617696839"", ""conditionId"": ""0x4914bfdd892a48c341b5e0f41ec10475a815f2277273110b16f95e21084bfe75"", ""size"": 8.83, ""price"": 0.027, ""timestamp"": 1770991393, ""title"": ""Will 6 Fed rate cuts happen in 2026?"", ""slug"": ""will-6-fed-rate-cuts-happen-in-2026"", ""icon"": ""https://polymarket-upload.s3.us-east-2.amazonaws.com/how-many-fed-rate-cuts-in-2025-9qstZkSL1dn0.jpg"", ""eventSlug"": ""how-many-fed-rate-cuts-in-2026"", ""outcome"": ""Yes"", ""outcomeIndex"": 0, ""name"": ""cry.eth2"", ""pseudonym"": ""Awkward-Patriot"", ""bio"": ""amm"", ""profileImage"": """", ""profileImageOptimized"": """", ""transactionHash"": ""0x4007bcb45242d22a7c5d4c869729d92c6dbc1cfbc3c59385a49ca1b0856586ab""}"
1770991393,2026-02-13T22:04:32.256835,0x491aaafb961ec331e82eac5be98023e33ce9412191c9f807e31a3a7affb06544:1770991393,572473,5031084282167950494806674428243037744881029417420880897305642929037077494331,BUY,0.5,5.86,2.93,0x491aaafb961ec331e82eac5be98023e33ce9412191c9f807e31a3a7affb06544,"{""proxyWallet"": ""0x6b1bdf3c115b85083dd41feae4daf7a634531923"", ""side"": ""BUY"", ""asset"": ""4178531277101930988692310013213248114472964389143173804873458721353665392131"", ""conditionId"": ""0xc25ee227bc4c49a871b1e0a50f13bf10006a43506349e60e5cd4d4936c6f9f5c"", ""size"": 5.86, ""price"": 0.5, ""timestamp"": 1770991393, ""title"": ""Bitcoin Up or Down - February 13, 9:00AM-9:15AM ET"", ""slug"": ""btc-updown-15m-1770991200"", ""icon"": ""https://polymarket-upload.s3.us-east-2.amazonaws.com/BTC+fullsize.png"", ""eventSlug"": ""btc-updown-15m-1770991200"", ""outcome"": ""Down"", ""outcomeIndex"": 1, ""name"": ""0x5592"", ""pseudonym"": ""Trusting-Marionberry"", ""bio"": """", ""profileImage"": """", ""profileImageOptimized"": """", ""transactionHash"": ""0x491aaafb961ec331e82eac5be98023e33ce9412191c9f807e31a3a7affb06544""}"
1770991393,2026-02-13T22:04:32.256851,0xa34a8c511d78968ae77d90f8521a03839df1ad2ff43d096e74987b6dca5a5de4:1770991393,572473,5031084282167950494806674428243037744881029417420880897305642929037077494331,BUY,0.459924,75.0,34.4943,0xa34a8c511d78968ae77d90f8521a03839df1ad2ff43d096e74987b6dca5a5de4,"{""proxyWallet"": ""0xada56a3f1a9d7d3fe7ec8cbcaa0865109c57db70"", ""side"": ""BUY"", ""asset"": ""53271983318463480533602440688034684255800976600938879382294311440653334739095"", ""conditionId"": ""0x9e31f50346cbd5447b47c72493eaee88b63f4ec8c344d083f58a81306fffc512"", ""size"": 75, ""price"": 0.459924, ""timestamp"": 1770991393, ""title"": ""Michigan State Spartans vs. Wisconsin Badgers"", ""slug"": ""cbb-mst-wisc-2026-02-13"", ""icon"": ""https://polymarket-upload.s3.us-east-2.amazonaws.com/ncaa-c14995df96.png"", ""eventSlug"": ""cbb-mst-wisc-2026-02-13"", ""outcome"": ""Wisconsin Badgers"", ""outcomeIndex"": 1, ""name"": ""GetaLife"", ""pseudonym"": ""Concerned-Gazelle"", ""bio"": """", ""profileImage"": """", ""profileImageOptimized"": """", ""transactionHash"": ""0xa34a8c511d78968ae77d90f8521a03839df1ad2ff43d096e74987b6dca5a5de4""}"
1770991393,2026-02-13T22:04:32.256868,0x92a9dd01b9235e74a99ac260acef9bfb454f4ad43addfa6c936ff87c7068bcae:1770991393,572473,5031084282167950494806674428243037744881029417420880897305642929037077494331,BUY,0.999,2.452,2.449548,0x92a9dd01b9235e74a99ac260acef9bfb454f4ad43addfa6c936ff87c7068bcae,"{""proxyWallet"": ""0xe8dd7741ccb12350957ec71e9ee332e0d1e6ec86"", ""side"": ""BUY"", ""asset"": ""45492490097454038739684132924692677594067216125473796617554646525628353283673"", ""conditionId"": ""0x300603cf45c00af47424fffe1a012708d7c8d5f9830c0365c3bbc2f5924cc67d"", ""size"": 2.452, ""price"": 0.999, ""timestamp"": 1770991393, ""title"": ""Will West Ham win the 2025–26 English Premier League?"", ""slug"": ""will-west-ham-win-the-202526-english-premier-league"", ""icon"": ""https://polymarket-upload.s3.us-east-2.amazonaws.com/will-west-ham-win-the-202526-english-premier-league-rGaE8eGvd4Wd.jpg"", ""eventSlug"": ""english-premier-league-winner"", ""outcome"": ""No"", ""outcomeIndex"": 1, ""name"": ""influenz.eth"", ""pseudonym"": ""Real-Veteran"", ""bio"": ""3820"", ""profileImage"": """", ""profileImageOptimized"": """", ""transactionHash"": ""0x92a9dd01b9235e74a99ac260acef9bfb454f4ad43addfa6c936ff87c7068bcae""}"
1770991393,2026-02-13T22:04:32.256885,0xf18d52928bc3e86f64921add6aae3be6260492773180b24f1295aaefbeefc586:1770991393,572473,5031084282167950494806674428243037744881029417420880897305642929037077494331,BUY,0.998,2.4445,2.439611,0xf18d52928bc3e86f64921add6aae3be6260492773180b24f1295aaefbeefc586,"{""proxyWallet"": ""0xe8dd7741ccb12350957ec71e9ee332e0d1e6ec86"", ""side"": ""BUY"", ""asset"": ""98019691446282827283674116828841315574891853949493251990346236030685612262858"", ""conditionId"": ""0x65a2dd0af5f4155915a701e8fdbcdb2f547fb5925d0bcef0b373a8c39a16613e"", ""size"": 2.4445, ""price"": 0.998, ""timestamp"": 1770991393, ""title"": ""Will Liverpool win the 2025–26 English Premier League?"", ""slug"": ""will-liverpool-win-the-202526-english-premier-league"", ""icon"": ""https://polymarket-upload.s3.us-east-2.amazonaws.com/will-liverpool-win-the-202526-english-premier-league-3YErziIJn_VR.jpg"", ""eventSlug"": ""english-premier-league-winner"", ""outcome"": ""No"", ""outcomeIndex"": 1, ""name"": ""influenz.eth"", ""pseudonym"": ""Real-Veteran"", ""bio"": ""3820"", ""profileImage"": """", ""profileImageOptimized"": """", ""transactionHash"": ""0xf18d52928bc3e86f64921add6aae3be6260492773180b24f1295aaefbeefc586""}"
1770991393,2026-02-13T22:04:32.256911,0x2af4d664837357d93b679dda145f6b75bb278f73d8c83cdf6f00bca952275ec9:1770991393,572473,5031084282167950494806674428243037744881029417420880897305642929037077494331,SELL,0.5,8.0,4.0,0x2af4d664837357d93b679dda145f6b75bb278f73d8c83cdf6f00bca952275ec9,"{""proxyWallet"": ""0x62717626ca554841d6302264a2b9caf8e7fc99b5"", ""side"": ""SELL"", ""asset"": ""69403035397932509667051031905442359043677740034943388398868889632217519882110"", ""conditionId"": ""0xc25ee227bc4c49a871b1e0a50f13bf10006a43506349e60e5cd4d4936c6f9f5c"", ""size"": 8, ""price"": 0.5, ""timestamp"": 1770991393, ""title"": ""Bitcoin Up or Down - February 13, 9:00AM-9:15AM ET"", ""slug"": ""btc-updown-15m-1770991200"", ""icon"": ""https://polymarket-upload.s3.us-east-2.amazonaws.com/BTC+fullsize.png"", ""eventSlug"": ""btc-updown-15m-1770991200"", ""outcome"": ""Up"", ""outcomeIndex"": 0, ""name"": ""GerqaGpvgvpvna"", ""pseudonym"": ""Defensive-Swath"", ""bio"": """", ""profileImage"": """", ""profileImageOptimized"": """", ""transactionHash"": ""0x2af4d664837357d93b679dda145f6b75bb278f73d8c83cdf6f00bca952275ec9""}"
1770991393,2026-02-13T22:04:32.256927,0x895cb7606cafc718f8e4e68f03d31bcd10eb73a916ab194a9681fd79a97a33ad:1770991393,572473,5031084282167950494806674428243037744881029417420880897305642929037077494331,BUY,0.5299998939999528,2.924527,1.5499990000000001,0x895cb7606cafc718f8e4e68f03d31bcd10eb73a916ab194a9681fd79a97a33ad,"{""proxyWallet"": ""0x99593b564906a1d1aaf6d593002133c307f9a80a"", ""side"": ""BUY"", ""asset"": ""103807399772237456132074327176954242081040135132696257639590711661401730464890"", ""conditionId"": ""0xe6d7778a251fd3782c7cb85ce588419a10a80a7e0b2d8de85ff4653d8cc7fb65"", ""size"": 2.924527, ""price"": 0.5299998939999528, ""timestamp"": 1770991393, ""title"": ""Bitcoin Up or Down - February 13, 9:00AM-9:05AM ET"", ""slug"": ""btc-updown-5m-1770991200"", ""icon"": ""https://polymarket-upload.s3.us-east-2.amazonaws.com/BTC+fullsize.png"", ""eventSlug"": ""btc-updown-5m-1770991200"", ""outcome"": ""Down"", ""outcomeIndex"": 1, ""name"": """", ""pseudonym"": """", ""bio"": """", ""profileImage"": """", ""profileImageOptimized"": """", ""transactionHash"": ""0x895cb7606cafc718f8e4e68f03d31bcd10eb73a916ab194a9681fd79a97a33ad""}"
1770991393,2026-02-13T22:04:32.256944,0xeb699d7d77a17cc732165452bc27c1986d302f869973cc6cb0de9afb3b510feb:1770991393,572473,5031084282167950494806674428243037744881029417420880897305642929037077494331,BUY,0.51,51.0,26.01,0xeb699d7d77a17cc732165452bc27c1986d302f869973cc6cb0de9afb3b510feb,"{""proxyWallet"": ""0xd0d6053c3c37e727402d84c14069780d360993aa"", ""side"": ""BUY"", ""asset"": ""103807399772237456132074327176954242081040135132696257639590711661401730464890"", ""conditionId"": ""0xe6d7778a251fd3782c7cb85ce588419a10a80a7e0b2d8de85ff4653d8cc7fb65"", ""size"": 51, ""price"": 0.51, ""timestamp"": 1770991393, ""title"": ""Bitcoin Up or Down - February 13, 9:00AM-9:05AM ET"", ""slug"": ""btc-updown-5m-1770991200"", ""icon"": ""https://polymarket-upload.s3.us-east-2.amazonaws.com/BTC+fullsize.png"", ""eventSlug"": ""btc-updown-5m-1770991200"", ""outcome"": ""Down"", ""outcomeIndex"": 1, ""name"": ""k9Q2mX4L8A7ZP3R"", ""pseudonym"": ""Uncommon-Oat"", ""bio"": """", ""profileImage"": """", ""profileImageOptimized"": """", ""transactionHash"": ""0xeb699d7d77a17cc732165452bc27c1986d302f869973cc6cb0de9afb3b510feb""}"
1770991393,2026-02-13T22:04:32.256960,0xb6f811d5d9bde7a6817c0de90752ff4953f12248414f16c6bbce5611a641781c:1770991393,572473,5031084282167950494806674428243037744881029417420880897305642929037077494331,BUY,0.5199999243635786,2.115383,1.099999,0xb6f811d5d9bde7a6817c0de90752ff4953f12248414f16c6bbce5611a641781c,"{""proxyWallet"": ""0xfb59c4a792375c44c0a599f0851671a21cd1cd74"", ""side"": ""BUY"", ""asset"": ""69403035397932509667051031905442359043677740034943388398868889632217519882110"", ""conditionId"": ""0xc25ee227bc4c49a871b1e0a50f13bf10006a43506349e60e5cd4d4936c6f9f5c"", ""size"": 2.115383, ""price"": 0.5199999243635786, ""timestamp"": 1770991393, ""title"": ""Bitcoin Up or Down - February 13, 9:00AM-9:15AM ET"", ""slug"": ""btc-updown-15m-1770991200"", ""icon"": ""https://polymarket-upload.s3.us-east-2.amazonaws.com/BTC+fullsize.png"", ""eventSlug"": ""btc-updown-15m-1770991200"", ""outcome"": ""Up"", ""outcomeIndex"": 0, ""name"": """", ""pseudonym"": """", ""bio"": """", ""profileImage"": """", ""profileImageOptimized"": """", ""transactionHash"": ""0xb6f811d5d9bde7a6817c0de90752ff4953f12248414f16c6bbce5611a641781c""}"
1770991393,2026-02-13T22:04:32.256976,0x07dd93a4f6fc451ff54c1213c85ba26981211f79999a2c95caa9722765748a8e:1770991393,572473,5031084282167950494806674428243037744881029417420880897305642929037077494331,SELL,0.019,8.83,0.16777,0x07dd93a4f6fc451ff54c1213c85ba26981211f79999a2c95caa9722765748a8e,"{""proxyWallet"": ""0xe3726a1b9c6ba2f06585d1c9e01d00afaedaeb38"", ""side"": ""SELL"", ""asset"": ""9348234470735473071085620208817441102005165766524508452759679947551704787649"", ""conditionId"": ""0xffa0accb74987c0dc33a70eb3780c1da160206bcfb3ef5d16c1667bc5c459c78"", ""size"": 8.83, ""price"": 0.019, ""timestamp"": 1770991393, ""title"": ""Will 12 or more Fed rate cuts happen in 2026?"", ""slug"": ""will-12-or-more-fed-rate-cuts-happen-in-2026"", ""icon"": ""https://polymarket-upload.s3.us-east-2.amazonaws.com/how-many-fed-rate-cuts-in-2025-9qstZkSL1dn0.jpg"", ""eventSlug"": ""how-many-fed-rate-cuts-in-2026"", ""outcome"": ""Yes"", ""outcomeIndex"": 0, ""name"": ""cry.eth2"", ""pseudonym"": ""Awkward-Patriot"", ""bio"": ""amm"", ""profileImage"": """", ""profileImageOptimized"": """", ""transactionHash"": ""0x07dd93a4f6fc451ff54c1213c85ba26981211f79999a2c95caa9722765748a8e""}"
1770991393,2026-02-13T22:04:32.256997,0x33a7ade0ff230838794d4613b10deda373e831ff6ce01cd8b938eeda71ee89f7:1770991393,572473,5031084282167950494806674428243037744881029417420880897305642929037077494331,SELL,0.004,8.83,0.035320000000000004,0x33a7ade0ff230838794d4613b10deda373e831ff6ce01cd8b938eeda71ee89f7,"{""proxyWallet"": ""0xe3726a1b9c6ba2f06585d1c9e01d00afaedaeb38"", ""side"": ""SELL"", ""asset"": ""101699865858660601590309838387762714166224752219273014726406345404403204943713"", ""conditionId"": ""0x757c144993b3cb831e04c42bfcff8c18864c7da4f4688a5939d2f62e031cbc87"", ""size"": 8.83, ""price"": 0.004, ""timestamp"": 1770991393, ""title"": ""Will 10 Fed rate cuts happen in 2026?"", ""slug"": ""will-10-fed-rate-cuts-happen-in-2026"", ""icon"": ""https://polymarket-upload.s3.us-east-2.amazonaws.com/how-many-fed-rate-cuts-in-2025-9qstZkSL1dn0.jpg"", ""eventSlug"": ""how-many-fed-rate-cuts-in-2026"", ""outcome"": ""Yes"", ""outcomeIndex"": 0, ""name"": ""cry.eth2"", ""pseudonym"": ""Awkward-Patriot"", ""bio"": ""amm"", ""profileImage"": """", ""profileImageOptimized"": """", ""transactionHash"": ""0x33a7ade0ff230838794d4613b10deda373e831ff6ce01cd8b938eeda71ee89f7""}"
1770991393,2026-02-13T22:04:32.257014,0xbeafbc67fcbb81cabc08e3663263a590cb434a3a077b4cb974dd788ebf28027b:1770991393,572473,5031084282167950494806674428243037744881029417420880897305642929037077494331,BUY,0.5,63.0,31.5,0xbeafbc67fcbb81cabc08e3663263a590cb434a3a077b4cb974dd788ebf28027b,"{""proxyWallet"": ""0x1d0034134e339a309700ff2d34e99fa2d48b0313"", ""side"": ""BUY"", ""asset"": ""103807399772237456132074327176954242081040135132696257639590711661401730464890"", ""conditionId"": ""0xe6d7778a251fd3782c7cb85ce588419a10a80a7e0b2d8de85ff4653d8cc7fb65"", ""size"": 63, ""price"": 0.5, ""timestamp"": 1770991393, ""title"": ""Bitcoin Up or Down - February 13, 9:00AM-9:05AM ET"", ""slug"": ""btc-updown-5m-1770991200"", ""icon"": ""https://polymarket-upload.s3.us-east-2.amazonaws.com/BTC+fullsize.png"", ""eventSlug"": ""btc-updown-5m-1770991200"", ""outcome"": ""Down"", ""outcomeIndex"": 1, ""name"": ""0x1d0034134e339a309700ff2d34e99fa2d48b031"", ""pseudonym"": ""Canine-Commandment"", ""bio"": """", ""profileImage"": """", ""profileImageOptimized"": """", ""transactionHash"": ""0xbeafbc67fcbb81cabc08e3663263a590cb434a3a077b4cb974dd788ebf28027b""}"
1770991393,2026-02-13T22:04:32.257030,0x69ba3e72e5eb760094947f2aed4bf3be43b1d80521f0131d87f222ce41667ff1:1770991393,572473,5031084282167950494806674428243037744881029417420880897305642929037077494331,SELL,0.005,8.83,0.04415,0x69ba3e72e5eb760094947f2aed4bf3be43b1d80521f0131d87f222ce41667ff1,"{""proxyWallet"": ""0xe3726a1b9c6ba2f06585d1c9e01d00afaedaeb38"", ""side"": ""SELL"", ""asset"": ""23126031577449775652876745717301519312850542565907124407036782701549610893044"", ""conditionId"": ""0x4ec6fcb43fe1a32163c7da09d54a99ab9bf6abdc6fd49939d7ad67d696a3248b"", ""size"": 8.83, ""price"": 0.005, ""timestamp"": 1770991393, ""title"": ""Will 9 Fed rate cuts happen in 2026?"", ""slug"": ""will-9-fed-rate-cuts-happen-in-2026"", ""icon"": ""https://polymarket-upload.s3.us-east-2.amazonaws.com/how-many-fed-rate-cuts-in-2025-9qstZkSL1dn0.jpg"", ""eventSlug"": ""how-many-fed-rate-cuts-in-2026"", ""outcome"": ""Yes"", ""outcomeIndex"": 0, ""name"": ""cry.eth2"", ""pseudonym"": ""Awkward-Patriot"", ""bio"": ""amm"", ""profileImage"": """", ""profileImageOptimized"": """", ""transactionHash"": ""0x69ba3e72e5eb760094947f2aed4bf3be43b1d80521f0131d87f222ce41667ff1""}"
1770991391,2026-02-13T22:04:32.257046,0xe14e92a807cad33d6da07cac527db0bd1b08291cf964b5db7a0ca2470462e678:1770991391,572473,5031084282167950494806674428243037744881029417420880897305642929037077494331,BUY,0.5399998231033537,2.148147,1.1599989999999998,0xe14e92a807cad33d6da07cac527db0bd1b08291cf964b5db7a0ca2470462e678,"{""proxyWallet"": ""0xc05e8ed5969236c55e5f6175472bfa86d5170a24"", ""side"": ""BUY"", ""asset"": ""110748711374820569359883372222362488325750412392716791218364451379285809571583"", ""conditionId"": ""0xb8494772912dee947a076235a84d2ec410495a7da3c08c3d7100175b6a80559f"", ""size"": 2.148147, ""price"": 0.5399998231033537, ""timestamp"": 1770991391, ""title"": ""Solana Up or Down - February 13, 9:00AM-9:15AM ET"", ""slug"": ""sol-updown-15m-1770991200"", ""icon"": ""https://polymarket-upload.s3.us-east-2.amazonaws.com/SOL+fullsize.png"", ""eventSlug"": ""sol-updown-15m-1770991200"", ""outcome"": ""Down"", ""outcomeIndex"": 1, ""name"": ""bot3000"", ""pseudonym"": ""Warped-Mycoplasma"", ""bio"": """", ""profileImage"": """", ""profileImageOptimized"": """", ""transactionHash"": ""0xe14e92a807cad33d6da07cac527db0bd1b08291cf964b5db7a0ca2470462e678""}"
1770991391,2026-02-13T22:04:32.257063,0xf1f46e5c93d4334733cf34978c446eed9cbc0ffd39ce13e4a0ad9f8e1a0e9a7f:1770991391,572473,5031084282167950494806674428243037744881029417420880897305642929037077494331,SELL,0.76,21.11,16.0436,0xf1f46e5c93d4334733cf34978c446eed9cbc0ffd39ce13e4a0ad9f8e1a0e9a7f,"{""proxyWallet"": ""0x8e9eedf20dfa70956d49f608a205e402d9df38e4"", ""side"": ""SELL"", ""asset"": ""26721641658578910850400467922902137112767338738318620899764587083396221213881"", ""conditionId"": ""0xdeaa7932b51ce74186dc0fb1af2c20294d58d6ace29e4c15e0f8ad13a2d5191d"", ""size"": 21.11, ""price"": 0.76, ""timestamp"": 1770991391, ""title"": ""Will Norway win the most medals in the 2026 Winter Olympics?"", ""slug"": ""will-norway-win-the-most-medals-in-the-2026-winter-olympics"", ""icon"": ""https://polymarket-upload.s3.us-east-2.amazonaws.com/will-norway-win-the-most-gold-medals-in-the-2026-winter-olympics-H-qdzTD4W6VZ.png"", ""eventSlug"": ""2026-winter-olympics-most-medals"", ""outcome"": ""Yes"", ""outcomeIndex"": 0, ""name"": ""Karajan"", ""pseudonym"": ""Murky-Oversight"", ""bio"": """", ""profileImage"": """", ""profileImageOptimized"": """", ""transactionHash"": ""0xf1f46e5c93d4334733cf34978c446eed9cbc0ffd39ce13e4a0ad9f8e1a0e9a7f""}"
1770991391,2026-02-13T22:04:32.257080,0x7ebadfcc91ba00d4ddd16f30a34c2fd69c87944f339e70a2a9e5c9678cf4afef:1770991391,572473,5031084282167950494806674428243037744881029417420880897305642929037077494331,BUY,0.5399999881199997,37.037036,19.999999000000003,0x7ebadfcc91ba00d4ddd16f30a34c2fd69c87944f339e70a2a9e5c9678cf4afef,"{""proxyWallet"": ""0x8138da356c75d2b222b3ab5ec6f0d4a9ac723839"", ""side"": ""BUY"", ""asset"": ""69403035397932509667051031905442359043677740034943388398868889632217519882110"", ""conditionId"": ""0xc25ee227bc4c49a871b1e0a50f13bf10006a43506349e60e5cd4d4936c6f9f5c"", ""size"": 37.037036, ""price"": 0.5399999881199997, ""timestamp"": 1770991391, ""title"": ""Bitcoin Up or Down - February 13, 9:00AM-9:15AM ET"", ""slug"": ""btc-updown-15m-1770991200"", ""icon"": ""https://polymarket-upload.s3.us-east-2.amazonaws.com/BTC+fullsize.png"", ""eventSlug"": ""btc-updown-15m-1770991200"", ""outcome"": ""Up"", ""outcomeIndex"": 0, ""name"": ""0x8138da356c75D2B222B3ab5Ec6F0d4A9Ac723839-1770305143666"", ""pseudonym"": ""Flippant-Bankbook"", ""bio"": """", ""profileImage"": """", ""profileImageOptimized"": """", ""transactionHash"": ""0x7ebadfcc91ba00d4ddd16f30a34c2fd69c87944f339e70a2a9e5c9678cf4afef""}"
1770991391,2026-02-13T22:04:32.257100,0xd5c08ef86b981c2b9228b1c35759e499333f7a1cff6066ce0ca1ea57aa7b381e:1770991391,572473,5031084282167950494806674428243037744881029417420880897305642929037077494331,SELL,0.24,624.18,149.80319999999998,0xd5c08ef86b981c2b9228b1c35759e499333f7a1cff6066ce0ca1ea57aa7b381e,"{""proxyWallet"": ""0xb8e4a4551d2c6b080ae5a523ff1f0cae8e922dae"", ""side"": ""SELL"", ""asset"": ""109076292360944452410785418718260793397512299922952816510419141408494403503107"", ""conditionId"": ""0xdeaa7932b51ce74186dc0fb1af2c20294d58d6ace29e4c15e0f8ad13a2d5191d"", ""size"": 624.18, ""price"": 0.24, ""timestamp"": 1770991391, ""title"": ""Will Norway win the most medals in the 2026 Winter Olympics?"", ""slug"": ""will-norway-win-the-most-medals-in-the-2026-winter-olympics"", ""icon"": ""https://polymarket-upload.s3.us-east-2.amazonaws.com/will-norway-win-the-most-gold-medals-in-the-2026-winter-olympics-H-qdzTD4W6VZ.png"", ""eventSlug"": ""2026-winter-olympics-most-medals"", ""outcome"": ""No"", ""outcomeIndex"": 1, ""name"": ""Kalags"", ""pseudonym"": ""Good-Poisoning"", ""bio"": ""same name in discord if you wanna chat"", ""profileImage"": ""https://polymarket-upload.s3.us-east-2.amazonaws.com/flyingstar_24f98695-414e-4cc9-8f64-b59703e2d5c0_1730138217217.png"", ""profileImageOptimized"": """", ""transactionHash"": ""0xd5c08ef86b981c2b9228b1c35759e499333f7a1cff6066ce0ca1ea57aa7b381e""}"
1770991391,2026-02-13T22:04:32.257118,0x58fee20c132eeda34c07e7d20bc63f187d1193e0f70bcdaae3895e9670e4c904:1770991391,572473,5031084282167950494806674428243037744881029417420880897305642929037077494331,SELL,0.999,1.2,1.1987999999999999,0x58fee20c132eeda34c07e7d20bc63f187d1193e0f70bcdaae3895e9670e4c904,"{""proxyWallet"": ""0xe6b9a3377fa1412a03c3b0fa1882bfbc224bd4d4"", ""side"": ""SELL"", ""asset"": ""98351794341866918826038006320414643986846926416296351708579642201104903686451"", ""conditionId"": ""0x633e17ced7692c48d79f15fd3dfb182b3cbd06895d70d4b6d641c558160b77ce"", ""size"": 1.2, ""price"": 0.999, ""timestamp"": 1770991391, ""title"": ""Will Elon Musk post 580+ tweets from February 6 to February 13, 2026?"", ""slug"": ""elon-musk-of-tweets-february-6-february-13-580plus"", ""icon"": ""https://polymarket-upload.s3.us-east-2.amazonaws.com/elon-musk-of-tweets-nov-22-29-apMPG21-pzx_.jpg"", ""eventSlug"": ""elon-musk-of-tweets-february-6-february-13"", ""outcome"": ""No"", ""outcomeIndex"": 1, ""name"": ""Z048"", ""pseudonym"": ""Disastrous-Colonization"", ""bio"": """", ""profileImage"": """", ""profileImageOptimized"": """", ""transactionHash"": ""0x58fee20c132eeda34c07e7d20bc63f187d1193e0f70bcdaae3895e9670e4c904""}"
1770991391,2026-02-13T22:04:32.257135,0xdf0b1cfe88f2ae1a9d657f3880a33599245a793ee75c82f657cd5c0230d90d73:1770991391,572473,5031084282167950494806674428243037744881029417420880897305642929037077494331,BUY,0.4099998236998995,2.439023,0.9999990000000001,0xdf0b1cfe88f2ae1a9d657f3880a33599245a793ee75c82f657cd5c0230d90d73,"{""proxyWallet"": ""0xa26691f603ea4fc306a9b942144e689bc1364789"", ""side"": ""BUY"", ""asset"": ""103807399772237456132074327176954242081040135132696257639590711661401730464890"", ""conditionId"": ""0xe6d7778a251fd3782c7cb85ce588419a10a80a7e0b2d8de85ff4653d8cc7fb65"", ""size"": 2.439023, ""price"": 0.4099998236998995, ""timestamp"": 1770991391, ""title"": ""Bitcoin Up or Down - February 13, 9:00AM-9:05AM ET"", ""slug"": ""btc-updown-5m-1770991200"", ""icon"": ""https://polymarket-upload.s3.us-east-2.amazonaws.com/BTC+fullsize.png"", ""eventSlug"": ""btc-updown-5m-1770991200"", ""outcome"": ""Down"", ""outcomeIndex"": 1, ""name"": ""0xA26691F603Ea4FC306a9b942144E689bC1364789-1765885770346"", ""pseudonym"": ""Untidy-Enclave"", ""bio"": """", ""profileImage"": """", ""profileImageOptimized"": """", ""transactionHash"": ""0xdf0b1cfe88f2ae1a9d657f3880a33599245a793ee75c82f657cd5c0230d90d73""}"
1770991391,2026-02-13T22:04:32.257152,0x0dc797af7bbfb8abfc5d956820398f29cfb924f4a4d1156e7282bedbab91a849:1770991391,572473,5031084282167950494806674428243037744881029417420880897305642929037077494331,BUY,0.8,41.225,32.980000000000004,0x0dc797af7bbfb8abfc5d956820398f29cfb924f4a4d1156e7282bedbab91a849,"{""proxyWallet"": ""0xe8dd7741ccb12350957ec71e9ee332e0d1e6ec86"", ""side"": ""BUY"", ""asset"": ""97158575536203859935833785194265603050341344229095603813614668582669950917161"", ""conditionId"": ""0x7d658ac249e3833231e2eb5375f0e6c57d7686a1208fa986bfb6aef99cdc9681"", ""size"": 41.225, ""price"": 0.8, ""timestamp"": 1770991391, ""title"": ""Will the United States win the most medals in the 2026 Winter Olympics?"", ""slug"": ""will-the-united-states-win-the-most-medals-in-the-2026-winter-olympics"", ""icon"": ""https://polymarket-upload.s3.us-east-2.amazonaws.com/will-the-united-states-win-the-most-gold-medals-in-the-2026-winter-olympics-I4We15kl5NI1.png"", ""eventSlug"": ""2026-winter-olympics-most-medals"", ""outcome"": ""No"", ""outcomeIndex"": 1, ""name"": ""influenz.eth"", ""pseudonym"": ""Real-Veteran"", ""bio"": ""3820"", ""profileImage"": """", ""profileImageOptimized"": """", ""transactionHash"": ""0x0dc797af7bbfb8abfc5d956820398f29cfb924f4a4d1156e7282bedbab91a849""}"
1770991391,2026-02-13T22:04:32.257170,0xa9fc6f1e4e54da838710248284d7a2cdb99b679ee59afa3bf9448af5d1b9414b:1770991391,572473,5031084282167950494806674428243037744881029417420880897305642929037077494331,BUY,0.5,6.0,3.0,0xa9fc6f1e4e54da838710248284d7a2cdb99b679ee59afa3bf9448af5d1b9414b,"{""proxyWallet"": ""0x054a07d270153e642535feabf941a4f2e29ef218"", ""side"": ""BUY"", ""asset"": ""73962596741879183032527586678742942757399499803837945552149946860505431373056"", ""conditionId"": ""0xda9382ea9a953e4f9ba94cdab2b1b50d923496784ad2945fea69b5f7f1adffd6"", ""size"": 6, ""price"": 0.5, ""timestamp"": 1770991391, ""title"": ""Ethereum Up or Down - February 13, 9AM ET"", ""slug"": ""ethereum-up-or-down-february-13-9am-et"", ""icon"": ""https://polymarket-upload.s3.us-east-2.amazonaws.com/ETH+fullsize.jpg"", ""eventSlug"": ""ethereum-up-or-down-february-13-9am-et"", ""outcome"": ""Down"", ""outcomeIndex"": 1, ""name"": ""Mynamer1"", ""pseudonym"": ""Authorized-Admin"", ""bio"": """", ""profileImage"": """", ""profileImageOptimized"": """", ""transactionHash"": ""0xa9fc6f1e4e54da838710248284d7a2cdb99b679ee59afa3bf9448af5d1b9414b""}"
1770991391,2026-02-13T22:04:32.257186,0xe6c647f08f360244fcd7617dad77fa4dc22408bb464ad69c593034d4aa8def46:1770991391,572473,5031084282167950494806674428243037744881029417420880897305642929037077494331,SELL,0.999,23.8,23.7762,0xe6c647f08f360244fcd7617dad77fa4dc22408bb464ad69c593034d4aa8def46,"{""proxyWallet"": ""0x83c82ead85134e9beb0324af7196991068153b6c"", ""side"": ""SELL"", ""asset"": ""3313989820090902594602824648389131009923518873447635741323752686153047104080"", ""conditionId"": ""0xb567c2ec8c02875ac25f5712b331e9fbdf9308e39168cabe5a907fa45dab0a1a"", ""size"": 23.8, ""price"": 0.999, ""timestamp"": 1770991391, ""title"": ""Valorant: Nongshim RedForce vs Rex Regum Qeon (BO5) - VCT Pacific Kickoff Playoffs"", ""slug"": ""val-ns1-rrq1-2026-02-13"", ""icon"": ""https://polymarket-upload.s3.us-east-2.amazonaws.com/league_images/val/valorant-vct-2021-north-america-stage-1-challengers-1.png"", ""eventSlug"": ""val-ns1-rrq1-2026-02-13"", ""outcome"": ""Nongshim RedForce"", ""outcomeIndex"": 0, ""name"": ""0x83C82eAd85134E9bEB0324Af7196991068153B6c-1763777587078"", ""pseudonym"": ""Wilted-Tunic"", ""bio"": """", ""profileImage"": """", ""profileImageOptimized"": """", ""transactionHash"": ""0xe6c647f08f360244fcd7617dad77fa4dc22408bb464ad69c593034d4aa8def46""}"
1770991391,2026-02-13T22:04:32.257203,0xba33b87845bc69d02b145111d93fec15697c6bc55deae7f64e04aeaa8c508ec3:1770991391,572473,5031084282167950494806674428243037744881029417420880897305642929037077494331,BUY,0.47645752951469916,41.976457,19.999999000000003,0xba33b87845bc69d02b145111d93fec15697c6bc55deae7f64e04aeaa8c508ec3,"{""proxyWallet"": ""0xe7e7277ee716e9ddfd42e414f1c47a3edac3daba"", ""side"": ""BUY"", ""asset"": ""4178531277101930988692310013213248114472964389143173804873458721353665392131"", ""conditionId"": ""0xc25ee227bc4c49a871b1e0a50f13bf10006a43506349e60e5cd4d4936c6f9f5c"", ""size"": 41.976457, ""price"": 0.47645752951469916, ""timestamp"": 1770991391, ""title"": ""Bitcoin Up or Down - February 13, 9:00AM-9:15AM ET"", ""slug"": ""btc-updown-15m-1770991200"", ""icon"": ""https://polymarket-upload.s3.us-east-2.amazonaws.com/BTC+fullsize.png"", ""eventSlug"": ""btc-updown-15m-1770991200"", ""outcome"": ""Down"", ""outcomeIndex"": 1, ""name"": ""CaesarDressing"", ""pseudonym"": ""Extroverted-Management"", ""bio"": """", ""profileImage"": ""https://polymarket-upload.s3.us-east-2.amazonaws.com/profile-image-5929248-92fa8839-d72d-4040-84a1-505e5b2a27f3.jpg"", ""profileImageOptimized"": """", ""transactionHash"": ""0xba33b87845bc69d02b145111d93fec15697c6bc55deae7f64e04aeaa8c508ec3""}"
1770991391,2026-02-13T22:04:32.257220,0x831f7055e04b7283de43ff4ff41a45988af6b3ce4974ff2bda2839247e68f427:1770991391,572473,5031084282167950494806674428243037744881029417420880897305642929037077494331,BUY,0.4914196567862715,5.128,2.52,0x831f7055e04b7283de43ff4ff41a45988af6b3ce4974ff2bda2839247e68f427,"{""proxyWallet"": ""0x99593b564906a1d1aaf6d593002133c307f9a80a"", ""side"": ""BUY"", ""asset"": ""103807399772237456132074327176954242081040135132696257639590711661401730464890"", ""conditionId"": ""0xe6d7778a251fd3782c7cb85ce588419a10a80a7e0b2d8de85ff4653d8cc7fb65"", ""size"": 5.128, ""price"": 0.4914196567862715, ""timestamp"": 1770991391, ""title"": ""Bitcoin Up or Down - February 13, 9:00AM-9:05AM ET"", ""slug"": ""btc-updown-5m-1770991200"", ""icon"": ""https://polymarket-upload.s3.us-east-2.amazonaws.com/BTC+fullsize.png"", ""eventSlug"": ""btc-updown-5m-1770991200"", ""outcome"": ""Down"", ""outcomeIndex"": 1, ""name"": """", ""pseudonym"": """", ""bio"": """", ""profileImage"": """", ""profileImageOptimized"": """", ""transactionHash"": ""0x831f7055e04b7283de43ff4ff41a45988af6b3ce4974ff2bda2839247e68f427""}"
1770991391,2026-02-13T22:04:32.257236,0x276bb90a0f8f556398d7136f0a9b990f41209be775147568cd6076a1d5b73964:1770991391,572473,5031084282167950494806674428243037744881029417420880897305642929037077494331,BUY,0.48,6.0,2.88,0x276bb90a0f8f556398d7136f0a9b990f41209be775147568cd6076a1d5b73964,"{""proxyWallet"": ""0x5fb40ca38e0dd2cc496ff1c2a1ccfacce9b16e19"", ""side"": ""BUY"", ""asset"": ""4178531277101930988692310013213248114472964389143173804873458721353665392131"", ""conditionId"": ""0xc25ee227bc4c49a871b1e0a50f13bf10006a43506349e60e5cd4d4936c6f9f5c"", ""size"": 6, ""price"": 0.48, ""timestamp"": 1770991391, ""title"": ""Bitcoin Up or Down - February 13, 9:00AM-9:15AM ET"", ""slug"": ""btc-updown-15m-1770991200"", ""icon"": ""https://polymarket-upload.s3.us-east-2.amazonaws.com/BTC+fullsize.png"", ""eventSlug"": ""btc-updown-15m-1770991200"", ""outcome"": ""Down"", ""outcomeIndex"": 1, ""name"": """", ""pseudonym"": """", ""bio"": """", ""profileImage"": """", ""profileImageOptimized"": """", ""transactionHash"": ""0x276bb90a0f8f556398d7136f0a9b990f41209be775147568cd6076a1d5b73964""}"
1770991391,2026-02-13T22:04:32.257252,0x9f1fc98cfc4285b823a02ceaaf9b7ac0ff8e32960edc6012ef0a76b493e1f62b:1770991391,572473,5031084282167950494806674428243037744881029417420880897305642929037077494331,BUY,0.5399999727272603,3.666665,1.9799989999999998,0x9f1fc98cfc4285b823a02ceaaf9b7ac0ff8e32960edc6012ef0a76b493e1f62b,"{""proxyWallet"": ""0x0a859fe971c4f027e07590526b6073a14ae5ae06"", ""side"": ""BUY"", ""asset"": ""103113681792692991556970945389717615316252630965884298246636246147703360545670"", ""conditionId"": ""0xe6d7778a251fd3782c7cb85ce588419a10a80a7e0b2d8de85ff4653d8cc7fb65"", ""size"": 3.666665, ""price"": 0.5399999727272603, ""timestamp"": 1770991391, ""title"": ""Bitcoin Up or Down - February 13, 9:00AM-9:05AM ET"", ""slug"": ""btc-updown-5m-1770991200"", ""icon"": ""https://polymarket-upload.s3.us-east-2.amazonaws.com/BTC+fullsize.png"", ""eventSlug"": ""btc-updown-5m-1770991200"", ""outcome"": ""Up"", ""outcomeIndex"": 0, ""name"": ""jorgerager"", ""pseudonym"": ""Agile-Cholesterol"", ""bio"": ""God, family, homeland."", ""profileImage"": ""https://polymarket-upload.s3.us-east-2.amazonaws.com/profile-image-5251380-f6f17309-887f-44a3-91cc-cad136fa5564.jpeg"", ""profileImageOptimized"": """", ""transactionHash"": ""0x9f1fc98cfc4285b823a02ceaaf9b7ac0ff8e32960edc6012ef0a76b493e1f62b""}"
1770991391,2026-02-13T22:04:32.257269,0xb34e1d5194870dfce0a2247a111e08095deacd3eefed7c6b22f5e3d52201837b:1770991391,572473,5031084282167950494806674428243037744881029417420880897305642929037077494331,BUY,0.48999997724457606,6.591835,3.229999,0xb34e1d5194870dfce0a2247a111e08095deacd3eefed7c6b22f5e3d52201837b,"{""proxyWallet"": ""0x5d3cc45e538130b02c8f3c821638ec9cd350c298"", ""side"": ""BUY"", ""asset"": ""103807399772237456132074327176954242081040135132696257639590711661401730464890"", ""conditionId"": ""0xe6d7778a251fd3782c7cb85ce588419a10a80a7e0b2d8de85ff4653d8cc7fb65"", ""size"": 6.591835, ""price"": 0.48999997724457606, ""timestamp"": 1770991391, ""title"": ""Bitcoin Up or Down - February 13, 9:00AM-9:05AM ET"", ""slug"": ""btc-updown-5m-1770991200"", ""icon"": ""https://polymarket-upload.s3.us-east-2.amazonaws.com/BTC+fullsize.png"", ""eventSlug"": ""btc-updown-5m-1770991200"", ""outcome"": ""Down"", ""outcomeIndex"": 1, ""name"": ""Eisregen"", ""pseudonym"": ""Dry-Solvency"", ""bio"": """", ""profileImage"": """", ""profileImageOptimized"": """", ""transactionHash"": ""0xb34e1d5194870dfce0a2247a111e08095deacd3eefed7c6b22f5e3d52201837b""}"
1770991391,2026-02-13T22:04:32.257286,0xed60f63e80951cadac4e413ef7a5d3488904506fe83eea390ea4de5dd8ade8a3:1770991391,572473,5031084282167950494806674428243037744881029417420880897305642929037077494331,BUY,0.49,50.0,24.5,0xed60f63e80951cadac4e413ef7a5d3488904506fe83eea390ea4de5dd8ade8a3,"{""proxyWallet"": ""0x1355c2a3878fa30845f5fe30185beab8a04b9fda"", ""side"": ""BUY"", ""asset"": ""4178531277101930988692310013213248114472964389143173804873458721353665392131"", ""conditionId"": ""0xc25ee227bc4c49a871b1e0a50f13bf10006a43506349e60e5cd4d4936c6f9f5c"", ""size"": 50, ""price"": 0.49, ""timestamp"": 1770991391, ""title"": ""Bitcoin Up or Down - February 13, 9:00AM-9:15AM ET"", ""slug"": ""btc-updown-15m-1770991200"", ""icon"": ""https://polymarket-upload.s3.us-east-2.amazonaws.com/BTC+fullsize.png"", ""eventSlug"": ""btc-updown-15m-1770991200"", ""outcome"": ""Down"", ""outcomeIndex"": 1, ""name"": """", ""pseudonym"": """", ""bio"": """", ""profileImage"": """", ""profileImageOptimized"": """", ""transactionHash"": ""0xed60f63e80951cadac4e413ef7a5d3488904506fe83eea390ea4de5dd8ade8a3""}"
1770991391,2026-02-13T22:04:32.257301,0x1e04885e39cec5110890424b3835af4a8cba5ae98f1ef379df3823084dd15f1f:1770991391,572473,5031084282167950494806674428243037744881029417420880897305642929037077494331,BUY,0.5,3.0,1.5,0x1e04885e39cec5110890424b3835af4a8cba5ae98f1ef379df3823084dd15f1f,"{""proxyWallet"": ""0x367699f3c207cfd8c32079cb3f4d16b0e50590db"", ""side"": ""BUY"", ""asset"": ""26994972425347435898442897109407523146459743206917823865905991587285356057190"", ""conditionId"": ""0x4489d71363e1894219fc1379130c93c763f4343e5851dfbee687e753ab823569"", ""size"": 3, ""price"": 0.5, ""timestamp"": 1770991391, ""title"": ""Bitcoin Up or Down - February 13, 9:15AM-9:30AM ET"", ""slug"": ""btc-updown-15m-1770992100"", ""icon"": ""https://polymarket-upload.s3.us-east-2.amazonaws.com/BTC+fullsize.png"", ""eventSlug"": ""btc-updown-15m-1770992100"", ""outcome"": ""Up"", ""outcomeIndex"": 0, ""name"": """", ""pseudonym"": """", ""bio"": """", ""profileImage"": """", ""profileImageOptimized"": """", ""transactionHash"": ""0x1e04885e39cec5110890424b3835af4a8cba5ae98f1ef379df3823084dd15f1f""}"
1770991391,2026-02-13T22:04:32.257317,0x076b310a2603f14a22ffa78f7ca0c4745ed68e8d997757b387a7a8d102383886:1770991391,572473,5031084282167950494806674428243037744881029417420880897305642929037077494331,BUY,0.55,5.0,2.75,0x076b310a2603f14a22ffa78f7ca0c4745ed68e8d997757b387a7a8d102383886,"{""proxyWallet"": ""0xdd841d5195c0ee8b7fa85c3513071e29bd549f62"", ""side"": ""BUY"", ""asset"": ""103113681792692991556970945389717615316252630965884298246636246147703360545670"", ""conditionId"": ""0xe6d7778a251fd3782c7cb85ce588419a10a80a7e0b2d8de85ff4653d8cc7fb65"", ""size"": 5, ""price"": 0.55, ""timestamp"": 1770991391, ""title"": ""Bitcoin Up or Down - February 13, 9:00AM-9:05AM ET"", ""slug"": ""btc-updown-5m-1770991200"", ""icon"": ""https://polymarket-upload.s3.us-east-2.amazonaws.com/BTC+fullsize.png"", ""eventSlug"": ""btc-updown-5m-1770991200"", ""outcome"": ""Up"", ""outcomeIndex"": 0, ""name"": ""w1331w"", ""pseudonym"": ""Close-Beat"", ""bio"": """", ""profileImage"": """", ""profileImageOptimized"": """", ""transactionHash"": ""0x076b310a2603f14a22ffa78f7ca0c4745ed68e8d997757b387a7a8d102383886""}"
1770991391,2026-02-13T22:04:32.257332,0x5e98b2cbaececeb3aa681e4ba2493f1b112221e3ef854a14786c37180736d873:1770991391,572473,5031084282167950494806674428243037744881029417420880897305642929037077494331,SELL,0.51,33.0,16.830000000000002,0x5e98b2cbaececeb3aa681e4ba2493f1b112221e3ef854a14786c37180736d873,"{""proxyWallet"": ""0x9e906fae851db21bd219d6835c304314c233c2c7"", ""side"": ""SELL"", ""asset"": ""69403035397932509667051031905442359043677740034943388398868889632217519882110"", ""conditionId"": ""0xc25ee227bc4c49a871b1e0a50f13bf10006a43506349e60e5cd4d4936c6f9f5c"", ""size"": 33, ""price"": 0.51, ""timestamp"": 1770991391, ""title"": ""Bitcoin Up or Down - February 13, 9:00AM-9:15AM ET"", ""slug"": ""btc-updown-15m-1770991200"", ""icon"": ""https://polymarket-upload.s3.us-east-2.amazonaws.com/BTC+fullsize.png"", ""eventSlug"": ""btc-updown-15m-1770991200"", ""outcome"": ""Up"", ""outcomeIndex"": 0, ""name"": ""TTTBBBTTT"", ""pseudonym"": ""Little-Dinner"", ""bio"": """", ""profileImage"": """", ""profileImageOptimized"": """", ""transactionHash"": ""0x5e98b2cbaececeb3aa681e4ba2493f1b112221e3ef854a14786c37180736d873""}"
1770991391,2026-02-13T22:04:32.257348,0x180ab83f74e9719118ae1dd8fcbe4ef8d0007a4f27ea480a1bff85c5d777c2f7:1770991391,572473,5031084282167950494806674428243037744881029417420880897305642929037077494331,BUY,0.42,62.09,26.0778,0x180ab83f74e9719118ae1dd8fcbe4ef8d0007a4f27ea480a1bff85c5d777c2f7,"{""proxyWallet"": ""0x5924ca480d8b08cd5f3e5811fa378c4082475af6"", ""side"": ""BUY"", ""asset"": ""103807399772237456132074327176954242081040135132696257639590711661401730464890"", ""conditionId"": ""0xe6d7778a251fd3782c7cb85ce588419a10a80a7e0b2d8de85ff4653d8cc7fb65"", ""size"": 62.09, ""price"": 0.42, ""timestamp"": 1770991391, ""title"": ""Bitcoin Up or Down - February 13, 9:00AM-9:05AM ET"", ""slug"": ""btc-updown-5m-1770991200"", ""icon"": ""https://polymarket-upload.s3.us-east-2.amazonaws.com/BTC+fullsize.png"", ""eventSlug"": ""btc-updown-5m-1770991200"", ""outcome"": ""Down"", ""outcomeIndex"": 1, ""name"": ""late-to-tomorrow"", ""pseudonym"": ""Overlooked-Wool"", ""bio"": """", ""profileImage"": """", ""profileImageOptimized"": """", ""transactionHash"": ""0x180ab83f74e9719118ae1dd8fcbe4ef8d0007a4f27ea480a1bff85c5d777c2f7""}"
1770991391,2026-02-13T22:04:32.257364,0xd2ac37442c7864d8cb3bd2e151aff0ca98971c38b63eae9f656017f603ba1806:1770991391,572473,5031084282167950494806674428243037744881029417420880897305642929037077494331,BUY,0.47,10.0,4.699999999999999,0xd2ac37442c7864d8cb3bd2e151aff0ca98971c38b63eae9f656017f603ba1806,"{""proxyWallet"": ""0x81514a782b06eb83bbbc576925e14da2c0781142"", ""side"": ""BUY"", ""asset"": ""4178531277101930988692310013213248114472964389143173804873458721353665392131"", ""conditionId"": ""0xc25ee227bc4c49a871b1e0a50f13bf10006a43506349e60e5cd4d4936c6f9f5c"", ""size"": 10, ""price"": 0.47, ""timestamp"": 1770991391, ""title"": ""Bitcoin Up or Down - February 13, 9:00AM-9:15AM ET"", ""slug"": ""btc-updown-15m-1770991200"", ""icon"": ""https://polymarket-upload.s3.us-east-2.amazonaws.com/BTC+fullsize.png"", ""eventSlug"": ""btc-updown-15m-1770991200"", ""outcome"": ""Down"", ""outcomeIndex"": 1, ""name"": ""0x81514a782B06Eb83bbBc576925E14da2C0781142-1763645256096"", ""pseudonym"": ""Naughty-Asymmetry"", ""bio"": """", ""profileImage"": """", ""profileImageOptimized"": """", ""transactionHash"": ""0xd2ac37442c7864d8cb3bd2e151aff0ca98971c38b63eae9f656017f603ba1806""}"
1770991391,2026-02-13T22:04:32.257379,0xd61f2d78adf4a827c54b80ef1dbdc0dafa39df90137179597737b792f376148c:1770991391,572473,5031084282167950494806674428243037744881029417420880897305642929037077494331,BUY,0.48,10.0,4.8,0xd61f2d78adf4a827c54b80ef1dbdc0dafa39df90137179597737b792f376148c,"{""proxyWallet"": ""0x6031b6eed1c97e853c6e0f03ad3ce3529351f96d"", ""side"": ""BUY"", ""asset"": ""103924929148213339450168629019405689953188250690020471055161569308682684050404"", ""conditionId"": ""0xa5e0ef40d488545df56c9d30692efadb3e46cfe2c65ef6cdad5c82eff642bc7d"", ""size"": 10, ""price"": 0.48, ""timestamp"": 1770991391, ""title"": ""Ethereum Up or Down - February 13, 9:00AM-9:15AM ET"", ""slug"": ""eth-updown-15m-1770991200"", ""icon"": ""https://polymarket-upload.s3.us-east-2.amazonaws.com/ETH+fullsize.jpg"", ""eventSlug"": ""eth-updown-15m-1770991200"", ""outcome"": ""Down"", ""outcomeIndex"": 1, ""name"": ""gabagool22"", ""pseudonym"": ""Grown-Cantaloupe"", ""bio"": ""d67aeff736bfa5e32b269803f0809e84c07b61060e6eb520be9bc8aae30ed129"", ""profileImage"": """", ""profileImageOptimized"": """", ""transactionHash"": ""0xd61f2d78adf4a827c54b80ef1dbdc0dafa39df90137179597737b792f376148c""}"
1770991391,2026-02-13T22:04:32.257395,0x8abe3d6741f0b2e79dea8fa38e015f318c4ad560e0598177932d5496d1269d5a:1770991391,572473,5031084282167950494806674428243037744881029417420880897305642929037077494331,BUY,0.5199999243635786,2.115383,1.099999,0x8abe3d6741f0b2e79dea8fa38e015f318c4ad560e0598177932d5496d1269d5a,"{""proxyWallet"": ""0xfb59c4a792375c44c0a599f0851671a21cd1cd74"", ""side"": ""BUY"", ""asset"": ""69403035397932509667051031905442359043677740034943388398868889632217519882110"", ""conditionId"": ""0xc25ee227bc4c49a871b1e0a50f13bf10006a43506349e60e5cd4d4936c6f9f5c"", ""size"": 2.115383, ""price"": 0.5199999243635786, ""timestamp"": 1770991391, ""title"": ""Bitcoin Up or Down - February 13, 9:00AM-9:15AM ET"", ""slug"": ""btc-updown-15m-1770991200"", ""icon"": ""https://polymarket-upload.s3.us-east-2.amazonaws.com/BTC+fullsize.png"", ""eventSlug"": ""btc-updown-15m-1770991200"", ""outcome"": ""Up"", ""outcomeIndex"": 0, ""name"": """", ""pseudonym"": """", ""bio"": """", ""profileImage"": """", ""profileImageOptimized"": """", ""transactionHash"": ""0x8abe3d6741f0b2e79dea8fa38e015f318c4ad560e0598177932d5496d1269d5a""}"
1770991391,2026-02-13T22:04:32.257411,0x67ff6fd5a645dde6d0814b80101c2eb699c869a7102b15214e4307eccdeac178:1770991391,572473,5031084282167950494806674428243037744881029417420880897305642929037077494331,SELL,0.53,10.74,5.692200000000001,0x67ff6fd5a645dde6d0814b80101c2eb699c869a7102b15214e4307eccdeac178,"{""proxyWallet"": ""0xf09c26f58f8c8c3ef074b8450f485c225c8b8535"", ""side"": ""SELL"", ""asset"": ""103113681792692991556970945389717615316252630965884298246636246147703360545670"", ""conditionId"": ""0xe6d7778a251fd3782c7cb85ce588419a10a80a7e0b2d8de85ff4653d8cc7fb65"", ""size"": 10.74, ""price"": 0.53, ""timestamp"": 1770991391, ""title"": ""Bitcoin Up or Down - February 13, 9:00AM-9:05AM ET"", ""slug"": ""btc-updown-5m-1770991200"", ""icon"": ""https://polymarket-upload.s3.us-east-2.amazonaws.com/BTC+fullsize.png"", ""eventSlug"": ""btc-updown-5m-1770991200"", ""outcome"": ""Up"", ""outcomeIndex"": 0, ""name"": ""lkk666"", ""pseudonym"": ""Sunny-Armor"", ""bio"": """", ""profileImage"": """", ""profileImageOptimized"": """", ""transactionHash"": ""0x67ff6fd5a645dde6d0814b80101c2eb699c869a7102b15214e4307eccdeac178""}"
1770991391,2026-02-13T22:04:32.257431,0xc47ebdc52f247819f582f85f935873cc861ad368fe4ea2af55e60b3fcc152b88:1770991391,572473,5031084282167950494806674428243037744881029417420880897305642929037077494331,BUY,0.5390048735623401,2.931326,1.579999,0xc47ebdc52f247819f582f85f935873cc861ad368fe4ea2af55e60b3fcc152b88,"{""proxyWallet"": ""0x70faf91134ea13d5ff7982b0b9adcfe08f2273ac"", ""side"": ""BUY"", ""asset"": ""69403035397932509667051031905442359043677740034943388398868889632217519882110"", ""conditionId"": ""0xc25ee227bc4c49a871b1e0a50f13bf10006a43506349e60e5cd4d4936c6f9f5c"", ""size"": 2.931326, ""price"": 0.5390048735623401, ""timestamp"": 1770991391, ""title"": ""Bitcoin Up or Down - February 13, 9:00AM-9:15AM ET"", ""slug"": ""btc-updown-15m-1770991200"", ""icon"": ""https://polymarket-upload.s3.us-east-2.amazonaws.com/BTC+fullsize.png"", ""eventSlug"": ""btc-updown-15m-1770991200"", ""outcome"": ""Up"", ""outcomeIndex"": 0, ""name"": ""big-o"", ""pseudonym"": ""Known-Carpenter"", ""bio"": """", ""profileImage"": ""https://polymarket-upload.s3.us-east-2.amazonaws.com/EnCfpRVW4AAqvq__ece36997-64fd-4d12-bed9-2f5a69db3f37_1731003649494.jpg"", ""profileImageOptimized"": """", ""transactionHash"": ""0xc47ebdc52f247819f582f85f935873cc861ad368fe4ea2af55e60b3fcc152b88""}"
1770991391,2026-02-13T22:04:32.257448,0x9c635ee74925a00776bb8e9149e0cc8611381053122ce006455c66e5744ad833:1770991391,572473,5031084282167950494806674428243037744881029417420880897305642929037077494331,BUY,0.5850097181729835,102.9,60.197500000000005,0x9c635ee74925a00776bb8e9149e0cc8611381053122ce006455c66e5744ad833,"{""proxyWallet"": ""0xa35b72ededd672675cd02a860b38f0cb936860e9"", ""side"": ""BUY"", ""asset"": ""76461817351877164158169588020135554837667034568399307701657940184165600217380"", ""conditionId"": ""0xe050c7e4db49ba39f1183e1f6521fd229a7d7ba688cb15369478aea950180041"", ""size"": 102.9, ""price"": 0.5850097181729835, ""timestamp"": 1770991391, ""title"": ""Set Handicap: Minaur (-1.5) vs Zandschulp (+1.5)"", ""slug"": ""atp-minaur-zandsch-2026-02-13-set-handicap-home-1pt5"", ""icon"": ""https://polymarket-upload.s3.us-east-2.amazonaws.com/atp-tour-b4390c4fb8.jpg"", ""eventSlug"": ""atp-minaur-zandsch-2026-02-13"", ""outcome"": ""Minaur"", ""outcomeIndex"": 0, ""name"": ""nkys"", ""pseudonym"": ""Threadbare-Somebody"", ""bio"": ""nkys"", ""profileImage"": ""https://polymarket-upload.s3.us-east-2.amazonaws.com/profile-image-3402879-ee90cdbf-bde8-4d3a-906c-bc8eafe66edd.jpg"", ""profileImageOptimized"": """", ""transactionHash"": ""0x9c635ee74925a00776bb8e9149e0cc8611381053122ce006455c66e5744ad833""}"
1770991391,2026-02-13T22:04:32.257466,0x5b4f9ff5566fd145c5d0c354a2315805f2d318be3ab53e33b89dd26dfe010a8a:1770991391,572473,5031084282167950494806674428243037744881029417420880897305642929037077494331,BUY,0.5299999344727115,5.188678,2.7499990000000003,0x5b4f9ff5566fd145c5d0c354a2315805f2d318be3ab53e33b89dd26dfe010a8a,"{""proxyWallet"": ""0x037055d4e0b4e2bc09a47c1857f1956c596ad000"", ""side"": ""BUY"", ""asset"": ""95030745991428382807063871511348709365242472143154054608693392596043282875327"", ""conditionId"": ""0xd64ed87c85fed4ca5bfb4b58430a672bb3d3666f1b53de76e1964269f4cdcc53"", ""size"": 5.188678, ""price"": 0.5299999344727115, ""timestamp"": 1770991391, ""title"": ""LoL: GIANTX PRIDE vs Barça eSports (BO1) - LES Kick-off Group B"", ""slug"": ""lol-gxp-bar-2026-02-13"", ""icon"": ""https://polymarket-upload.s3.us-east-2.amazonaws.com/league-of-legends-61a4f083a6.png"", ""eventSlug"": ""lol-gxp-bar-2026-02-13"", ""outcome"": ""GIANTX PRIDE"", ""outcomeIndex"": 0, ""name"": ""BernardLHester"", ""pseudonym"": ""Tedious-Sneaker"", ""bio"": """", ""profileImage"": ""https://polymarket-upload.s3.us-east-2.amazonaws.com/IMG_0339_4c01f0d7-581b-4020-8abf-7628c783e1f8_1729224032283.jpeg"", ""profileImageOptimized"": """", ""transactionHash"": ""0x5b4f9ff5566fd145c5d0c354a2315805f2d318be3ab53e33b89dd26dfe010a8a""}"
1770991391,2026-02-13T22:04:32.257485,0x5093d85077967af365cacd9183d676b818d028e0362866f7f0986c9ac428c730:1770991391,572473,5031084282167950494806674428243037744881029417420880897305642929037077494331,BUY,0.509999956649982,3.921567,1.9999989999999999,0x5093d85077967af365cacd9183d676b818d028e0362866f7f0986c9ac428c730,"{""proxyWallet"": ""0x0a7526cef14a36e822f98d55ae2e38901b3bf655"", ""side"": ""BUY"", ""asset"": ""23952561987749763357044880604923025606880983022662587824060137698658114457922"", ""conditionId"": ""0xca71be167d4f844f40915b1185ffb413c137cf06fb7a7206b718afa6bf3e55e4"", ""size"": 3.921567, ""price"": 0.509999956649982, ""timestamp"": 1770991391, ""title"": ""Bitcoin Up or Down - February 14, 8:10AM-8:15AM ET"", ""slug"": ""btc-updown-5m-1771074600"", ""icon"": ""https://polymarket-upload.s3.us-east-2.amazonaws.com/BTC+fullsize.png"", ""eventSlug"": ""btc-updown-5m-1771074600"", ""outcome"": ""Up"", ""outcomeIndex"": 0, ""name"": ""Maxx.j"", ""pseudonym"": ""Virtual-Retrospectivity"", ""bio"": """", ""profileImage"": """", ""profileImageOptimized"": """", ""transactionHash"": ""0x5093d85077967af365cacd9183d676b818d028e0362866f7f0986c9ac428c730""}"
1770991391,2026-02-13T22:04:32.257508,0x9d9bcc9d6b54fd56c2ebfd1e048228e7dc03a19b44c5338fc30f8c2d63b7bdd2:1770991391,572473,5031084282167950494806674428243037744881029417420880897305642929037077494331,SELL,0.043,43.89,1.8872699999999998,0x9d9bcc9d6b54fd56c2ebfd1e048228e7dc03a19b44c5338fc30f8c2d63b7bdd2,"{""proxyWallet"": ""0xf3ac964596f56a91696d84b0cf01368a020af23d"", ""side"": ""SELL"", ""asset"": ""76158784025338420583901765224531190025719662766883390440253608804161057467141"", ""conditionId"": ""0xc32a544f65e3a8ffec6499e40290f10fa68a3f4a4819dfd366b6cb1fd7c4be1d"", ""size"": 43.89, ""price"": 0.043, ""timestamp"": 1770991391, ""title"": ""Will Bruno Retailleau win the 2027 French presidential election?"", ""slug"": ""will-bruno-retailleau-win-the-2027-french-presidential-election"", ""icon"": ""https://polymarket-upload.s3.us-east-2.amazonaws.com/will-bruno-retailleau-win-the-2027-french-presidential-election-4RHQ4aMwDVyD.jpg"", ""eventSlug"": ""next-french-presidential-election"", ""outcome"": ""Yes"", ""outcomeIndex"": 0, ""name"": ""Anon234"", ""pseudonym"": ""Mean-Outfielder"", ""bio"": """", ""profileImage"": """", ""profileImageOptimized"": """", ""transactionHash"": ""0x9d9bcc9d6b54fd56c2ebfd1e048228e7dc03a19b44c5338fc30f8c2d63b7bdd2""}"
1770991391,2026-02-13T22:04:32.257525,0xd8c8dbf4cedcc64148945b6b541c0d52f6b23ced1ed99f9343f74d030700f0e4:1770991391,572473,5031084282167950494806674428243037744881029417420880897305642929037077494331,BUY,0.53999978399989,2.037036,1.099999,0xd8c8dbf4cedcc64148945b6b541c0d52f6b23ced1ed99f9343f74d030700f0e4,"{""proxyWallet"": ""0xfb59c4a792375c44c0a599f0851671a21cd1cd74"", ""side"": ""BUY"", ""asset"": ""69403035397932509667051031905442359043677740034943388398868889632217519882110"", ""conditionId"": ""0xc25ee227bc4c49a871b1e0a50f13bf10006a43506349e60e5cd4d4936c6f9f5c"", ""size"": 2.037036, ""price"": 0.53999978399989, ""timestamp"": 1770991391, ""title"": ""Bitcoin Up or Down - February 13, 9:00AM-9:15AM ET"", ""slug"": ""btc-updown-15m-1770991200"", ""icon"": ""https://polymarket-upload.s3.us-east-2.amazonaws.com/BTC+fullsize.png"", ""eventSlug"": ""btc-updown-15m-1770991200"", ""outcome"": ""Up"", ""outcomeIndex"": 0, ""name"": """", ""pseudonym"": """", ""bio"": """", ""profileImage"": """", ""profileImageOptimized"": """", ""transactionHash"": ""0xd8c8dbf4cedcc64148945b6b541c0d52f6b23ced1ed99f9343f74d030700f0e4""}"
1770991391,2026-02-13T22:04:32.257545,0x035a897bd50cd545cde624ca57f4baffd520fb7742a2a16489ebe9f4866a89b2:1770991391,572473,5031084282167950494806674428243037744881029417420880897305642929037077494331,BUY,0.488,1300.0,634.4,0x035a897bd50cd545cde624ca57f4baffd520fb7742a2a16489ebe9f4866a89b2,"{""proxyWallet"": ""0x6a88c5ecd262e2c42e78bad8e6db7ab3c4e4b859"", ""side"": ""BUY"", ""asset"": ""6058757523927660236407317031483641336602902711822264533094288446944446988907"", ""conditionId"": ""0x27ecc4bb0990530a44d5747f39232146849e57ed67244edb747cd77bc2e2306c"", ""size"": 1300, ""price"": 0.488, ""timestamp"": 1770991391, ""title"": ""Set Handicap: Valentova (-1.5) vs Birrell (+1.5)"", ""slug"": ""wta-valento-birrell-2026-02-13-set-handicap-home-1pt5"", ""icon"": ""https://polymarket-upload.s3.us-east-2.amazonaws.com/wta-logo-41f331bdf1.png"", ""eventSlug"": ""wta-valento-birrell-2026-02-13"", ""outcome"": ""Valentova"", ""outcomeIndex"": 0, ""name"": ""pelik"", ""pseudonym"": ""Short-Convention"", ""bio"": """", ""profileImage"": """", ""profileImageOptimized"": """", ""transactionHash"": ""0x035a897bd50cd545cde624ca57f4baffd520fb7742a2a16489ebe9f4866a89b2""}"
1770991391,2026-02-13T22:04:32.257561,0x75b385d680a6b605d90b81c40a82accbd77e9b1f8e5394e29247240b401cd8ae:1770991391,572473,5031084282167950494806674428243037744881029417420880897305642929037077494331,SELL,0.59,59.98,35.3882,0x75b385d680a6b605d90b81c40a82accbd77e9b1f8e5394e29247240b401cd8ae,"{""proxyWallet"": ""0x004c76c23dc3a648131f7da4ac29043fce70ab0c"", ""side"": ""SELL"", ""asset"": ""103113681792692991556970945389717615316252630965884298246636246147703360545670"", ""conditionId"": ""0xe6d7778a251fd3782c7cb85ce588419a10a80a7e0b2d8de85ff4653d8cc7fb65"", ""size"": 59.98, ""price"": 0.59, ""timestamp"": 1770991391, ""title"": ""Bitcoin Up or Down - February 13, 9:00AM-9:05AM ET"", ""slug"": ""btc-updown-5m-1770991200"", ""icon"": ""https://polymarket-upload.s3.us-east-2.amazonaws.com/BTC+fullsize.png"", ""eventSlug"": ""btc-updown-5m-1770991200"", ""outcome"": ""Up"", ""outcomeIndex"": 0, ""name"": ""Mr.Charada"", ""pseudonym"": ""Hopeful-Harpsichord"", ""bio"": """", ""profileImage"": """", ""profileImageOptimized"": """", ""transactionHash"": ""0x75b385d680a6b605d90b81c40a82accbd77e9b1f8e5394e29247240b401cd8ae""}"
1770991391,2026-02-13T22:04:32.257576,0x20c64ad281655bc84b993d2079477629b655e37d48d37045cfed1deed1d58c95:1770991391,572473,5031084282167950494806674428243037744881029417420880897305642929037077494331,BUY,0.8,6.25,5.0,0x20c64ad281655bc84b993d2079477629b655e37d48d37045cfed1deed1d58c95,"{""proxyWallet"": ""0x77d541abdc86fa0da286cc04fa5de3772baf7557"", ""side"": ""BUY"", ""asset"": ""97158575536203859935833785194265603050341344229095603813614668582669950917161"", ""conditionId"": ""0x7d658ac249e3833231e2eb5375f0e6c57d7686a1208fa986bfb6aef99cdc9681"", ""size"": 6.25, ""price"": 0.8, ""timestamp"": 1770991391, ""title"": ""Will the United States win the most medals in the 2026 Winter Olympics?"", ""slug"": ""will-the-united-states-win-the-most-medals-in-the-2026-winter-olympics"", ""icon"": ""https://polymarket-upload.s3.us-east-2.amazonaws.com/will-the-united-states-win-the-most-gold-medals-in-the-2026-winter-olympics-I4We15kl5NI1.png"", ""eventSlug"": ""2026-winter-olympics-most-medals"", ""outcome"": ""No"", ""outcomeIndex"": 1, ""name"": """", ""pseudonym"": """", ""bio"": """", ""profileImage"": """", ""profileImageOptimized"": """", ""transactionHash"": ""0x20c64ad281655bc84b993d2079477629b655e37d48d37045cfed1deed1d58c95""}"
1770991391,2026-02-13T22:04:32.257593,0x27747b57403c780c4f19ffff989492a50820813dd285db8a80c8eacb03ee1196:1770991391,572473,5031084282167950494806674428243037744881029417420880897305642929037077494331,SELL,0.59,19.21,11.3339,0x27747b57403c780c4f19ffff989492a50820813dd285db8a80c8eacb03ee1196,"{""proxyWallet"": ""0xaba60244a4ca61026e0ac82e384f5345999e4109"", ""side"": ""SELL"", ""asset"": ""103113681792692991556970945389717615316252630965884298246636246147703360545670"", ""conditionId"": ""0xe6d7778a251fd3782c7cb85ce588419a10a80a7e0b2d8de85ff4653d8cc7fb65"", ""size"": 19.21, ""price"": 0.59, ""timestamp"": 1770991391, ""title"": ""Bitcoin Up or Down - February 13, 9:00AM-9:05AM ET"", ""slug"": ""btc-updown-5m-1770991200"", ""icon"": ""https://polymarket-upload.s3.us-east-2.amazonaws.com/BTC+fullsize.png"", ""eventSlug"": ""btc-updown-5m-1770991200"", ""outcome"": ""Up"", ""outcomeIndex"": 0, ""name"": ""swagalert"", ""pseudonym"": ""Anxious-Mapping"", ""bio"": """", ""profileImage"": """", ""profileImageOptimized"": """", ""transactionHash"": ""0x27747b57403c780c4f19ffff989492a50820813dd285db8a80c8eacb03ee1196""}"
1770991391,2026-02-13T22:04:32.257609,0xf980edf9da977235c49f10ac48868194906fda77702bf39f610b0c53d35c204e:1770991391,572473,5031084282167950494806674428243037744881029417420880897305642929037077494331,SELL,0.76,56.07,42.6132,0xf980edf9da977235c49f10ac48868194906fda77702bf39f610b0c53d35c204e,"{""proxyWallet"": ""0x8e9eedf20dfa70956d49f608a205e402d9df38e4"", ""side"": ""SELL"", ""asset"": ""26721641658578910850400467922902137112767338738318620899764587083396221213881"", ""conditionId"": ""0xdeaa7932b51ce74186dc0fb1af2c20294d58d6ace29e4c15e0f8ad13a2d5191d"", ""size"": 56.07, ""price"": 0.76, ""timestamp"": 1770991391, ""title"": ""Will Norway win the most medals in the 2026 Winter Olympics?"", ""slug"": ""will-norway-win-the-most-medals-in-the-2026-winter-olympics"", ""icon"": ""https://polymarket-upload.s3.us-east-2.amazonaws.com/will-norway-win-the-most-gold-medals-in-the-2026-winter-olympics-H-qdzTD4W6VZ.png"", ""eventSlug"": ""2026-winter-olympics-most-medals"", ""outcome"": ""Yes"", ""outcomeIndex"": 0, ""name"": ""Karajan"", ""pseudonym"": ""Murky-Oversight"", ""bio"": """", ""profileImage"": """", ""profileImageOptimized"": """", ""transactionHash"": ""0xf980edf9da977235c49f10ac48868194906fda77702bf39f610b0c53d35c204e""}"
1770991391,2026-02-13T22:04:32.257626,0x60fc8233e27131d0d9b647ff2759dad7e1c3f1a28b71693e4aa41d4db45151cc:1770991391,572473,5031084282167950494806674428243037744881029417420880897305642929037077494331,SELL,0.974,4.75,4.6265,0x60fc8233e27131d0d9b647ff2759dad7e1c3f1a28b71693e4aa41d4db45151cc,"{""proxyWallet"": ""0xbbc0dca240a5ea4df0a15483bcbfcbb5647aca0c"", ""side"": ""SELL"", ""asset"": ""113689564696134010397605001832750509195155730029258888570920506901252575318870"", ""conditionId"": ""0xfdc1041ba84bfd8f741eee0bdafce8b1887626c83afd017d18ee9b1f77008b9f"", ""size"": 4.75, ""price"": 0.974, ""timestamp"": 1770991391, ""title"": ""Will the Utah Mammoth win the 2026 NHL Stanley Cup?"", ""slug"": ""will-the-utah-mammoth-win-the-2026-nhl-stanley-cup"", ""icon"": ""https://polymarket-upload.s3.us-east-2.amazonaws.com/stanley-cup-champion-2026-05M0VRODAaEb.jpg"", ""eventSlug"": ""2026-nhl-stanley-cup-champion"", ""outcome"": ""No"", ""outcomeIndex"": 1, ""name"": ""zi58q9si"", ""pseudonym"": ""Spicy-Azimuth"", ""bio"": """", ""profileImage"": """", ""profileImageOptimized"": """", ""transactionHash"": ""0x60fc8233e27131d0d9b647ff2759dad7e1c3f1a28b71693e4aa41d4db45151cc""}"
1770991391,2026-02-13T22:04:32.257642,0x6d3ba9d3e8879533c237ca5bf52a90d7a9560151dd194cf3b2bba25506234c69:1770991391,572473,5031084282167950494806674428243037744881029417420880897305642929037077494331,BUY,0.47,10.0,4.699999999999999,0x6d3ba9d3e8879533c237ca5bf52a90d7a9560151dd194cf3b2bba25506234c69,"{""proxyWallet"": ""0x81514a782b06eb83bbbc576925e14da2c0781142"", ""side"": ""BUY"", ""asset"": ""4178531277101930988692310013213248114472964389143173804873458721353665392131"", ""conditionId"": ""0xc25ee227bc4c49a871b1e0a50f13bf10006a43506349e60e5cd4d4936c6f9f5c"", ""size"": 10, ""price"": 0.47, ""timestamp"": 1770991391, ""title"": ""Bitcoin Up or Down - February 13, 9:00AM-9:15AM ET"", ""slug"": ""btc-updown-15m-1770991200"", ""icon"": ""https://polymarket-upload.s3.us-east-2.amazonaws.com/BTC+fullsize.png"", ""eventSlug"": ""btc-updown-15m-1770991200"", ""outcome"": ""Down"", ""outcomeIndex"": 1, ""name"": ""0x81514a782B06Eb83bbBc576925E14da2C0781142-1763645256096"", ""pseudonym"": ""Naughty-Asymmetry"", ""bio"": """", ""profileImage"": """", ""profileImageOptimized"": """", ""transactionHash"": ""0x6d3ba9d3e8879533c237ca5bf52a90d7a9560151dd194cf3b2bba25506234c69""}"
1770991391,2026-02-13T22:04:32.257658,0x413988999fdde2efcb2d7151d08f2ada838d308aa1f5699233c13e4269c42c7b:1770991391,572473,5031084282167950494806674428243037744881029417420880897305642929037077494331,SELL,0.5858851035404141,14.97,8.7707,0x413988999fdde2efcb2d7151d08f2ada838d308aa1f5699233c13e4269c42c7b,"{""proxyWallet"": ""0xc1a790662fcd303ba377b371beb707a4d451af8e"", ""side"": ""SELL"", ""asset"": ""103113681792692991556970945389717615316252630965884298246636246147703360545670"", ""conditionId"": ""0xe6d7778a251fd3782c7cb85ce588419a10a80a7e0b2d8de85ff4653d8cc7fb65"", ""size"": 14.97, ""price"": 0.5858851035404141, ""timestamp"": 1770991391, ""title"": ""Bitcoin Up or Down - February 13, 9:00AM-9:05AM ET"", ""slug"": ""btc-updown-5m-1770991200"", ""icon"": ""https://polymarket-upload.s3.us-east-2.amazonaws.com/BTC+fullsize.png"", ""eventSlug"": ""btc-updown-5m-1770991200"", ""outcome"": ""Up"", ""outcomeIndex"": 0, ""name"": ""0xc1a790662FcD303bA377B371Beb707A4d451aF8e-1768426794753"", ""pseudonym"": ""Skeletal-Rubric"", ""bio"": """", ""profileImage"": """", ""profileImageOptimized"": """", ""transactionHash"": ""0x413988999fdde2efcb2d7151d08f2ada838d308aa1f5699233c13e4269c42c7b""}"
1770991391,2026-02-13T22:04:32.257674,0x60c813ceed57e6011865a9eebd629e4cdb3b4184c39e7d36e5f4c8f62771cdb4:1770991391,572473,5031084282167950494806674428243037744881029417420880897305642929037077494331,SELL,0.001,56.07,0.05607,0x60c813ceed57e6011865a9eebd629e4cdb3b4184c39e7d36e5f4c8f62771cdb4,"{""proxyWallet"": ""0x8e9eedf20dfa70956d49f608a205e402d9df38e4"", ""side"": ""SELL"", ""asset"": ""101712910572402512590283498860352772596318173558564598801167849103398831367984"", ""conditionId"": ""0x58fac4ccbef81bc1b071ab7172615a76418f8fe2ac9f52ae2510e8b8f8099b32"", ""size"": 56.07, ""price"": 0.001, ""timestamp"": 1770991391, ""title"": ""Will Germany win the most medals in the 2026 Winter Olympics?"", ""slug"": ""will-germany-win-the-most-medals-in-the-2026-winter-olympics"", ""icon"": ""https://polymarket-upload.s3.us-east-2.amazonaws.com/will-germany-win-the-most-gold-medals-in-the-2026-winter-olympics-3pDqL6dfzidH.png"", ""eventSlug"": ""2026-winter-olympics-most-medals"", ""outcome"": ""Yes"", ""outcomeIndex"": 0, ""name"": ""Karajan"", ""pseudonym"": ""Murky-Oversight"", ""bio"": """", ""profileImage"": """", ""profileImageOptimized"": """", ""transactionHash"": ""0x60c813ceed57e6011865a9eebd629e4cdb3b4184c39e7d36e5f4c8f62771cdb4""}"
1770991391,2026-02-13T22:04:32.257691,0xdfd12080c154bdbbd9fa47d017e27ce49b7b19a86fe31bf1d18fcf378a56cc36:1770991391,572473,5031084282167950494806674428243037744881029417420880897305642929037077494331,SELL,0.001,21.11,0.02111,0xdfd12080c154bdbbd9fa47d017e27ce49b7b19a86fe31bf1d18fcf378a56cc36,"{""proxyWallet"": ""0x8e9eedf20dfa70956d49f608a205e402d9df38e4"", ""side"": ""SELL"", ""asset"": ""101712910572402512590283498860352772596318173558564598801167849103398831367984"", ""conditionId"": ""0x58fac4ccbef81bc1b071ab7172615a76418f8fe2ac9f52ae2510e8b8f8099b32"", ""size"": 21.11, ""price"": 0.001, ""timestamp"": 1770991391, ""title"": ""Will Germany win the most medals in the 2026 Winter Olympics?"", ""slug"": ""will-germany-win-the-most-medals-in-the-2026-winter-olympics"", ""icon"": ""https://polymarket-upload.s3.us-east-2.amazonaws.com/will-germany-win-the-most-gold-medals-in-the-2026-winter-olympics-3pDqL6dfzidH.png"", ""eventSlug"": ""2026-winter-olympics-most-medals"", ""outcome"": ""Yes"", ""outcomeIndex"": 0, ""name"": ""Karajan"", ""pseudonym"": ""Murky-Oversight"", ""bio"": """", ""profileImage"": """", ""profileImageOptimized"": """", ""transactionHash"": ""0xdfd12080c154bdbbd9fa47d017e27ce49b7b19a86fe31bf1d18fcf378a56cc36""}"
1770991391,2026-02-13T22:04:32.257707,0x38ba978ac145f2c723e3e25d8dacf6999d74951c82c61c1dcbee886c322e1278:1770991391,572473,5031084282167950494806674428243037744881029417420880897305642929037077494331,SELL,0.59,0.04,0.0236,0x38ba978ac145f2c723e3e25d8dacf6999d74951c82c61c1dcbee886c322e1278,"{""proxyWallet"": ""0x8b0d8969536f68f4734a0d4ba13b2b510545328f"", ""side"": ""SELL"", ""asset"": ""103113681792692991556970945389717615316252630965884298246636246147703360545670"", ""conditionId"": ""0xe6d7778a251fd3782c7cb85ce588419a10a80a7e0b2d8de85ff4653d8cc7fb65"", ""size"": 0.04, ""price"": 0.59, ""timestamp"": 1770991391, ""title"": ""Bitcoin Up or Down - February 13, 9:00AM-9:05AM ET"", ""slug"": ""btc-updown-5m-1770991200"", ""icon"": ""https://polymarket-upload.s3.us-east-2.amazonaws.com/BTC+fullsize.png"", ""eventSlug"": ""btc-updown-5m-1770991200"", ""outcome"": ""Up"", ""outcomeIndex"": 0, ""name"": ""IsThisPizzeria"", ""pseudonym"": ""Closed-Boulder"", ""bio"": """", ""profileImage"": """", ""profileImageOptimized"": """", ""transactionHash"": ""0x38ba978ac145f2c723e3e25d8dacf6999d74951c82c61c1dcbee886c322e1278""}"
1770991391,2026-02-13T22:04:32.257723,0x23a0ebe7ebb6d3a86039433366b60946c10540f8dc14bd35d58ae86e5c343ea9:1770991391,572473,5031084282167950494806674428243037744881029417420880897305642929037077494331,SELL,0.9,44.77,40.293000000000006,0x23a0ebe7ebb6d3a86039433366b60946c10540f8dc14bd35d58ae86e5c343ea9,"{""proxyWallet"": ""0xa7344bf87741e0230d003cd1975fc6839fc165db"", ""side"": ""SELL"", ""asset"": ""67531241072511623800487948479356024921289472351897171865731059457151933157584"", ""conditionId"": ""0x8ddc83297e1d0262004fad49ace506939d580460e06a3dc2ff2ea681d145c01f"", ""size"": 44.77, ""price"": 0.9, ""timestamp"": 1770991391, ""title"": ""S&P 500 (SPX) Opens Up or Down on February 13?"", ""slug"": ""spx-opens-up-or-down-on-february-13-2026"", ""icon"": ""https://polymarket-upload.s3.us-east-2.amazonaws.com/s-and-p-500-1e40af6979.png"", ""eventSlug"": ""spx-opens-up-or-down-on-february-13-2026"", ""outcome"": ""Up"", ""outcomeIndex"": 0, ""name"": ""0xa7344bf87741E0230D003CD1975fc6839fC165dB-1770843606876"", ""pseudonym"": ""Unwitting-Gift"", ""bio"": """", ""profileImage"": """", ""profileImageOptimized"": """", ""transactionHash"": ""0x23a0ebe7ebb6d3a86039433366b60946c10540f8dc14bd35d58ae86e5c343ea9""}"
1770991391,2026-02-13T22:04:32.257740,0x9f5644bb60655fe5d54bf0dc4f84ad0091a17bf6d77c56901252313e913aa3e3:1770991391,572473,5031084282167950494806674428243037744881029417420880897305642929037077494331,SELL,0.04,56.07,2.2428,0x9f5644bb60655fe5d54bf0dc4f84ad0091a17bf6d77c56901252313e913aa3e3,"{""proxyWallet"": ""0x8e9eedf20dfa70956d49f608a205e402d9df38e4"", ""side"": ""SELL"", ""asset"": ""19244830563353029156820916829799158659728550740152956971626445435150732003803"", ""conditionId"": ""0x33f5b304cb95b030e0a2584b9056e5c0d05bc9fd95df3046c9043cd49ebad6a2"", ""size"": 56.07, ""price"": 0.04, ""timestamp"": 1770991391, ""title"": ""Will Italy win the most medals in the 2026 Winter Olympics?"", ""slug"": ""will-italy-win-the-most-medals-in-the-2026-winter-olympics"", ""icon"": ""https://polymarket-upload.s3.us-east-2.amazonaws.com/will-italy-win-the-most-gold-medals-in-the-2026-winter-olympics-PjSCKC4dk64q.png"", ""eventSlug"": ""2026-winter-olympics-most-medals"", ""outcome"": ""Yes"", ""outcomeIndex"": 0, ""name"": ""Karajan"", ""pseudonym"": ""Murky-Oversight"", ""bio"": """", ""profileImage"": """", ""profileImageOptimized"": """", ""transactionHash"": ""0x9f5644bb60655fe5d54bf0dc4f84ad0091a17bf6d77c56901252313e913aa3e3""}"
1770991391,2026-02-13T22:04:32.257760,0x2ec7150995cf8e76bcde3c546c54c390a7ab25e949fa325b4501a2a8e4d9c196:1770991391,572473,5031084282167950494806674428243037744881029417420880897305642929037077494331,BUY,0.958221894736842,95.0,91.03107999999999,0x2ec7150995cf8e76bcde3c546c54c390a7ab25e949fa325b4501a2a8e4d9c196,"{""proxyWallet"": ""0xcd91a549956854fdc38efad7e80ff5da8f5432b8"", ""side"": ""BUY"", ""asset"": ""12804604216826800856461314557967685989068339356183920269119237698941573885455"", ""conditionId"": ""0x33f5b304cb95b030e0a2584b9056e5c0d05bc9fd95df3046c9043cd49ebad6a2"", ""size"": 95, ""price"": 0.958221894736842, ""timestamp"": 1770991391, ""title"": ""Will Italy win the most medals in the 2026 Winter Olympics?"", ""slug"": ""will-italy-win-the-most-medals-in-the-2026-winter-olympics"", ""icon"": ""https://polymarket-upload.s3.us-east-2.amazonaws.com/will-italy-win-the-most-gold-medals-in-the-2026-winter-olympics-PjSCKC4dk64q.png"", ""eventSlug"": ""2026-winter-olympics-most-medals"", ""outcome"": ""No"", ""outcomeIndex"": 1, ""name"": ""Novus0rdoSeclorum"", ""pseudonym"": ""Giddy-Chafe"", ""bio"": """", ""profileImage"": ""https://polymarket-upload.s3.us-east-2.amazonaws.com/profile-image-3006553-d3f0a094-9641-4093-8f50-fcf4f8ce8b6c.png"", ""profileImageOptimized"": """", ""transactionHash"": ""0x2ec7150995cf8e76bcde3c546c54c390a7ab25e949fa325b4501a2a8e4d9c196""}"
1770991391,2026-02-13T22:04:32.257779,0xdd2b5725709be023118e0e23c6054f7d9daeee9fc5291bf3e42709d6e1eb8ce2:1770991391,572473,5031084282167950494806674428243037744881029417420880897305642929037077494331,BUY,0.999,94.004,93.909996,0xdd2b5725709be023118e0e23c6054f7d9daeee9fc5291bf3e42709d6e1eb8ce2,"{""proxyWallet"": ""0xe8dd7741ccb12350957ec71e9ee332e0d1e6ec86"", ""side"": ""BUY"", ""asset"": ""45138381103146830093572614537741618662316693380734664045197149754832765934803"", ""conditionId"": ""0x58fac4ccbef81bc1b071ab7172615a76418f8fe2ac9f52ae2510e8b8f8099b32"", ""size"": 94.004, ""price"": 0.999, ""timestamp"": 1770991391, ""title"": ""Will Germany win the most medals in the 2026 Winter Olympics?"", ""slug"": ""will-germany-win-the-most-medals-in-the-2026-winter-olympics"", ""icon"": ""https://polymarket-upload.s3.us-east-2.amazonaws.com/will-germany-win-the-most-gold-medals-in-the-2026-winter-olympics-3pDqL6dfzidH.png"", ""eventSlug"": ""2026-winter-olympics-most-medals"", ""outcome"": ""No"", ""outcomeIndex"": 1, ""name"": ""influenz.eth"", ""pseudonym"": ""Real-Veteran"", ""bio"": ""3820"", ""profileImage"": """", ""profileImageOptimized"": """", ""transactionHash"": ""0xdd2b5725709be023118e0e23c6054f7d9daeee9fc5291bf3e42709d6e1eb8ce2""}"
1770991391,2026-02-13T22:04:32.257796,0x30788e886ceb60ba17989abc56d27573ff189076823b3b879f6ce987524ab3f5:1770991391,572473,5031084282167950494806674428243037744881029417420880897305642929037077494331,BUY,0.8,358.9625,287.17,0x30788e886ceb60ba17989abc56d27573ff189076823b3b879f6ce987524ab3f5,"{""proxyWallet"": ""0xe8dd7741ccb12350957ec71e9ee332e0d1e6ec86"", ""side"": ""BUY"", ""asset"": ""97158575536203859935833785194265603050341344229095603813614668582669950917161"", ""conditionId"": ""0x7d658ac249e3833231e2eb5375f0e6c57d7686a1208fa986bfb6aef99cdc9681"", ""size"": 358.9625, ""price"": 0.8, ""timestamp"": 1770991391, ""title"": ""Will the United States win the most medals in the 2026 Winter Olympics?"", ""slug"": ""will-the-united-states-win-the-most-medals-in-the-2026-winter-olympics"", ""icon"": ""https://polymarket-upload.s3.us-east-2.amazonaws.com/will-the-united-states-win-the-most-gold-medals-in-the-2026-winter-olympics-I4We15kl5NI1.png"", ""eventSlug"": ""2026-winter-olympics-most-medals"", ""outcome"": ""No"", ""outcomeIndex"": 1, ""name"": ""influenz.eth"", ""pseudonym"": ""Real-Veteran"", ""bio"": ""3820"", ""profileImage"": """", ""profileImageOptimized"": """", ""transactionHash"": ""0x30788e886ceb60ba17989abc56d27573ff189076823b3b879f6ce987524ab3f5""}"
1770991391,2026-02-13T22:04:32.257813,0x5b7157c8f155519ee2a7fd51308b9e9715b59f00ffcdea19d1b83f0b9f182c0e:1770991391,572473,5031084282167950494806674428243037744881029417420880897305642929037077494331,BUY,0.999,41.221,41.179778999999996,0x5b7157c8f155519ee2a7fd51308b9e9715b59f00ffcdea19d1b83f0b9f182c0e,"{""proxyWallet"": ""0xe8dd7741ccb12350957ec71e9ee332e0d1e6ec86"", ""side"": ""BUY"", ""asset"": ""45138381103146830093572614537741618662316693380734664045197149754832765934803"", ""conditionId"": ""0x58fac4ccbef81bc1b071ab7172615a76418f8fe2ac9f52ae2510e8b8f8099b32"", ""size"": 41.221, ""price"": 0.999, ""timestamp"": 1770991391, ""title"": ""Will Germany win the most medals in the 2026 Winter Olympics?"", ""slug"": ""will-germany-win-the-most-medals-in-the-2026-winter-olympics"", ""icon"": ""https://polymarket-upload.s3.us-east-2.amazonaws.com/will-germany-win-the-most-gold-medals-in-the-2026-winter-olympics-3pDqL6dfzidH.png"", ""eventSlug"": ""2026-winter-olympics-most-medals"", ""outcome"": ""No"", ""outcomeIndex"": 1, ""name"": ""influenz.eth"", ""pseudonym"": ""Real-Veteran"", ""bio"": ""3820"", ""profileImage"": """", ""profileImageOptimized"": """", ""transactionHash"": ""0x5b7157c8f155519ee2a7fd51308b9e9715b59f00ffcdea19d1b83f0b9f182c0e""}"
1770991391,2026-02-13T22:04:32.257829,0x3bd7e51b5c1433f356eec9be51873781e324d79e36fdc167f6c9783618281381:1770991391,572473,5031084282167950494806674428243037744881029417420880897305642929037077494331,SELL,0.76,1.0,0.76,0x3bd7e51b5c1433f356eec9be51873781e324d79e36fdc167f6c9783618281381,"{""proxyWallet"": ""0xe3726a1b9c6ba2f06585d1c9e01d00afaedaeb38"", ""side"": ""SELL"", ""asset"": ""26721641658578910850400467922902137112767338738318620899764587083396221213881"", ""conditionId"": ""0xdeaa7932b51ce74186dc0fb1af2c20294d58d6ace29e4c15e0f8ad13a2d5191d"", ""size"": 1, ""price"": 0.76, ""timestamp"": 1770991391, ""title"": ""Will Norway win the most medals in the 2026 Winter Olympics?"", ""slug"": ""will-norway-win-the-most-medals-in-the-2026-winter-olympics"", ""icon"": ""https://polymarket-upload.s3.us-east-2.amazonaws.com/will-norway-win-the-most-gold-medals-in-the-2026-winter-olympics-H-qdzTD4W6VZ.png"", ""eventSlug"": ""2026-winter-olympics-most-medals"", ""outcome"": ""Yes"", ""outcomeIndex"": 0, ""name"": ""cry.eth2"", ""pseudonym"": ""Awkward-Patriot"", ""bio"": ""amm"", ""profileImage"": """", ""profileImageOptimized"": """", ""transactionHash"": ""0x3bd7e51b5c1433f356eec9be51873781e324d79e36fdc167f6c9783618281381""}"
1770991391,2026-02-13T22:04:32.257846,0xd9c42ba8a6c79acc0bd5fca1c5f64833d5eccce6b6bd9cfee6a319c6c85c496d:1770991391,572473,5031084282167950494806674428243037744881029417420880897305642929037077494331,BUY,0.8,94.0,75.2,0xd9c42ba8a6c79acc0bd5fca1c5f64833d5eccce6b6bd9cfee6a319c6c85c496d,"{""proxyWallet"": ""0xe8dd7741ccb12350957ec71e9ee332e0d1e6ec86"", ""side"": ""BUY"", ""asset"": ""97158575536203859935833785194265603050341344229095603813614668582669950917161"", ""conditionId"": ""0x7d658ac249e3833231e2eb5375f0e6c57d7686a1208fa986bfb6aef99cdc9681"", ""size"": 94, ""price"": 0.8, ""timestamp"": 1770991391, ""title"": ""Will the United States win the most medals in the 2026 Winter Olympics?"", ""slug"": ""will-the-united-states-win-the-most-medals-in-the-2026-winter-olympics"", ""icon"": ""https://polymarket-upload.s3.us-east-2.amazonaws.com/will-the-united-states-win-the-most-gold-medals-in-the-2026-winter-olympics-I4We15kl5NI1.png"", ""eventSlug"": ""2026-winter-olympics-most-medals"", ""outcome"": ""No"", ""outcomeIndex"": 1, ""name"": ""influenz.eth"", ""pseudonym"": ""Real-Veteran"", ""bio"": ""3820"", ""profileImage"": """", ""profileImageOptimized"": """", ""transactionHash"": ""0xd9c42ba8a6c79acc0bd5fca1c5f64833d5eccce6b6bd9cfee6a319c6c85c496d""}"
1770991391,2026-02-13T22:04:32.257862,0x2551b71155bddcbacf4fc5266f05d16b58ce5af4d2cac652b6e0f0935bcec8ca:1770991391,572473,5031084282167950494806674428243037744881029417420880897305642929037077494331,BUY,0.5,5.0,2.5,0x2551b71155bddcbacf4fc5266f05d16b58ce5af4d2cac652b6e0f0935bcec8ca,"{""proxyWallet"": ""0x6b50248b72c6b32a3e42c45cdcf33b5b8ea62ab1"", ""side"": ""BUY"", ""asset"": ""107578839967307159737579701111725092934506969207757687481934582057532525389672"", ""conditionId"": ""0xb9d0d6d95e196e6af3e990f1c72741202d16e413d71c83077284faf5c453a4f5"", ""size"": 5, ""price"": 0.5, ""timestamp"": 1770991391, ""title"": ""Bitcoin Up or Down - February 13, 11:45AM-11:50AM ET"", ""slug"": ""btc-updown-5m-1771001100"", ""icon"": ""https://polymarket-upload.s3.us-east-2.amazonaws.com/BTC+fullsize.png"", ""eventSlug"": ""btc-updown-5m-1771001100"", ""outcome"": ""Down"", ""outcomeIndex"": 1, ""name"": ""vabui"", ""pseudonym"": ""Heavy-Farmer"", ""bio"": """", ""profileImage"": """", ""profileImageOptimized"": """", ""transactionHash"": ""0x2551b71155bddcbacf4fc5266f05d16b58ce5af4d2cac652b6e0f0935bcec8ca""}"
1770991391,2026-02-13T22:04:32.257878,0x93b49d9d4f57f763b7d00e3bf7320e33db9d6010ea2cc9a6b244f7826b6fd13d:1770991391,572473,5031084282167950494806674428243037744881029417420880897305642929037077494331,SELL,0.999,414.06,413.64594,0x93b49d9d4f57f763b7d00e3bf7320e33db9d6010ea2cc9a6b244f7826b6fd13d,"{""proxyWallet"": ""0x0fbc3b80bd9ecd0eb0a07310951887b888f0d6a4"", ""side"": ""SELL"", ""asset"": ""3313989820090902594602824648389131009923518873447635741323752686153047104080"", ""conditionId"": ""0xb567c2ec8c02875ac25f5712b331e9fbdf9308e39168cabe5a907fa45dab0a1a"", ""size"": 414.06, ""price"": 0.999, ""timestamp"": 1770991391, ""title"": ""Valorant: Nongshim RedForce vs Rex Regum Qeon (BO5) - VCT Pacific Kickoff Playoffs"", ""slug"": ""val-ns1-rrq1-2026-02-13"", ""icon"": ""https://polymarket-upload.s3.us-east-2.amazonaws.com/league_images/val/valorant-vct-2021-north-america-stage-1-challengers-1.png"", ""eventSlug"": ""val-ns1-rrq1-2026-02-13"", ""outcome"": ""Nongshim RedForce"", ""outcomeIndex"": 0, ""name"": ""0x0fBC3B80BD9eCD0eb0A07310951887B888f0d6A4-1770394683275"", ""pseudonym"": ""Alienated-Interest"", ""bio"": """", ""profileImage"": """", ""profileImageOptimized"": """", ""transactionHash"": ""0x93b49d9d4f57f763b7d00e3bf7320e33db9d6010ea2cc9a6b244f7826b6fd13d""}"
1770991391,2026-02-13T22:04:32.257898,0xddb95f8efe68bfd03fd919e83f1da6e5d9025478e726f110198575c167648302:1770991391,572473,5031084282167950494806674428243037744881029417420880897305642929037077494331,BUY,0.21,30.0,6.3,0xddb95f8efe68bfd03fd919e83f1da6e5d9025478e726f110198575c167648302,"{""proxyWallet"": ""0x724db3c436dcc7b26fbe1ae0c0d6af538b588dea"", ""side"": ""BUY"", ""asset"": ""59592458272795269751135156838957871846215950681303118579370928325544984039115"", ""conditionId"": ""0x7d658ac249e3833231e2eb5375f0e6c57d7686a1208fa986bfb6aef99cdc9681"", ""size"": 30, ""price"": 0.21, ""timestamp"": 1770991391, ""title"": ""Will the United States win the most medals in the 2026 Winter Olympics?"", ""slug"": ""will-the-united-states-win-the-most-medals-in-the-2026-winter-olympics"", ""icon"": ""https://polymarket-upload.s3.us-east-2.amazonaws.com/will-the-united-states-win-the-most-gold-medals-in-the-2026-winter-olympics-I4We15kl5NI1.png"", ""eventSlug"": ""2026-winter-olympics-most-medals"", ""outcome"": ""Yes"", ""outcomeIndex"": 0, ""name"": ""RITB123"", ""pseudonym"": ""Shocking-Opening"", ""bio"": """", ""profileImage"": """", ""profileImageOptimized"": """", ""transactionHash"": ""0xddb95f8efe68bfd03fd919e83f1da6e5d9025478e726f110198575c167648302""}"
1770991391,2026-02-13T22:04:32.257922,0x67d787d1ac72459b6fbc70055e9152cf24d1c9f0fa265a34531345660cde415c:1770991391,572473,5031084282167950494806674428243037744881029417420880897305642929037077494331,BUY,0.3599998892306968,2.888887,1.0399990000000001,0x67d787d1ac72459b6fbc70055e9152cf24d1c9f0fa265a34531345660cde415c,"{""proxyWallet"": ""0xc05e8ed5969236c55e5f6175472bfa86d5170a24"", ""side"": ""BUY"", ""asset"": ""76612985923187088330281647489382001772757422712226533614590601457242761443271"", ""conditionId"": ""0xabe1fae562a66fa6bfcaccd180d17ef3f2cedd0437b1ca99aa206f7f637f2c45"", ""size"": 2.888887, ""price"": 0.3599998892306968, ""timestamp"": 1770991391, ""title"": ""XRP Up or Down - February 13, 9:00AM-9:15AM ET"", ""slug"": ""xrp-updown-15m-1770991200"", ""icon"": ""https://polymarket-upload.s3.us-east-2.amazonaws.com/XRP-logo.png"", ""eventSlug"": ""xrp-updown-15m-1770991200"", ""outcome"": ""Down"", ""outcomeIndex"": 1, ""name"": ""bot3000"", ""pseudonym"": ""Warped-Mycoplasma"", ""bio"": """", ""profileImage"": """", ""profileImageOptimized"": """", ""transactionHash"": ""0x67d787d1ac72459b6fbc70055e9152cf24d1c9f0fa265a34531345660cde415c""}"
1770991391,2026-02-13T22:04:32.257939,0x305061ed0b7443ba31ff01964e95c3b8fb6e3327b4989182ada701265b059f23:1770991391,572473,5031084282167950494806674428243037744881029417420880897305642929037077494331,BUY,0.4890049750779435,14.999966,7.335058,0x305061ed0b7443ba31ff01964e95c3b8fb6e3327b4989182ada701265b059f23,"{""proxyWallet"": ""0x818f214c7f3e479cce1d964d53fe3db7297558cb"", ""side"": ""BUY"", ""asset"": ""4178531277101930988692310013213248114472964389143173804873458721353665392131"", ""conditionId"": ""0xc25ee227bc4c49a871b1e0a50f13bf10006a43506349e60e5cd4d4936c6f9f5c"", ""size"": 14.999966, ""price"": 0.4890049750779435, ""timestamp"": 1770991391, ""title"": ""Bitcoin Up or Down - February 13, 9:00AM-9:15AM ET"", ""slug"": ""btc-updown-15m-1770991200"", ""icon"": ""https://polymarket-upload.s3.us-east-2.amazonaws.com/BTC+fullsize.png"", ""eventSlug"": ""btc-updown-15m-1770991200"", ""outcome"": ""Down"", ""outcomeIndex"": 1, ""name"": ""livebreathevolatility"", ""pseudonym"": ""Decent-Dune"", ""bio"": """", ""profileImage"": """", ""profileImageOptimized"": """", ""transactionHash"": ""0x305061ed0b7443ba31ff01964e95c3b8fb6e3327b4989182ada701265b059f23""}"
1770991391,2026-02-13T22:04:32.257956,0x4abdcd4f3589f8719e13cc1c1753c63b45a31621f6bd654888b7f3a2b79f7269:1770991391,572473,5031084282167950494806674428243037744881029417420880897305642929037077494331,SELL,0.53,8.0,4.24,0x4abdcd4f3589f8719e13cc1c1753c63b45a31621f6bd654888b7f3a2b79f7269,"{""proxyWallet"": ""0x9c2729ecdc3b3c241d16395041e19448def77f39"", ""side"": ""SELL"", ""asset"": ""69403035397932509667051031905442359043677740034943388398868889632217519882110"", ""conditionId"": ""0xc25ee227bc4c49a871b1e0a50f13bf10006a43506349e60e5cd4d4936c6f9f5c"", ""size"": 8, ""price"": 0.53, ""timestamp"": 1770991391, ""title"": ""Bitcoin Up or Down - February 13, 9:00AM-9:15AM ET"", ""slug"": ""btc-updown-15m-1770991200"", ""icon"": ""https://polymarket-upload.s3.us-east-2.amazonaws.com/BTC+fullsize.png"", ""eventSlug"": ""btc-updown-15m-1770991200"", ""outcome"": ""Up"", ""outcomeIndex"": 0, ""name"": """", ""pseudonym"": """", ""bio"": """", ""profileImage"": """", ""profileImageOptimized"": """", ""transactionHash"": ""0x4abdcd4f3589f8719e13cc1c1753c63b45a31621f6bd654888b7f3a2b79f7269""}"
1770991391,2026-02-13T22:04:32.257972,0x003b4e8ed4ba79026ab556e87fe8740fe663fa51158205a75fa65238ec30b24b:1770991391,572473,5031084282167950494806674428243037744881029417420880897305642929037077494331,BUY,0.5199999140495655,4.653845,2.419999,0x003b4e8ed4ba79026ab556e87fe8740fe663fa51158205a75fa65238ec30b24b,"{""proxyWallet"": ""0xd0c8b417ff0b0d243fdb4d245335c884dd80ecad"", ""side"": ""BUY"", ""asset"": ""69403035397932509667051031905442359043677740034943388398868889632217519882110"", ""conditionId"": ""0xc25ee227bc4c49a871b1e0a50f13bf10006a43506349e60e5cd4d4936c6f9f5c"", ""size"": 4.653845, ""price"": 0.5199999140495655, ""timestamp"": 1770991391, ""title"": ""Bitcoin Up or Down - February 13, 9:00AM-9:15AM ET"", ""slug"": ""btc-updown-15m-1770991200"", ""icon"": ""https://polymarket-upload.s3.us-east-2.amazonaws.com/BTC+fullsize.png"", ""eventSlug"": ""btc-updown-15m-1770991200"", ""outcome"": ""Up"", ""outcomeIndex"": 0, ""name"": ""theoxo"", ""pseudonym"": ""Creamy-Appendix"", ""bio"": """", ""profileImage"": """", ""profileImageOptimized"": """", ""transactionHash"": ""0x003b4e8ed4ba79026ab556e87fe8740fe663fa51158205a75fa65238ec30b24b""}"
1770991391,2026-02-13T22:04:32.257988,0x9bc44256bab919f65ca2181382678d98f780adc770529ca55a1519c7e865e93b:1770991391,572473,5031084282167950494806674428243037744881029417420880897305642929037077494331,BUY,0.53,10.0,5.300000000000001,0x9bc44256bab919f65ca2181382678d98f780adc770529ca55a1519c7e865e93b,"{""proxyWallet"": ""0x20f6d3965be85bc690e7ae30ac3cf3d17da8ffed"", ""side"": ""BUY"", ""asset"": ""69403035397932509667051031905442359043677740034943388398868889632217519882110"", ""conditionId"": ""0xc25ee227bc4c49a871b1e0a50f13bf10006a43506349e60e5cd4d4936c6f9f5c"", ""size"": 10, ""price"": 0.53, ""timestamp"": 1770991391, ""title"": ""Bitcoin Up or Down - February 13, 9:00AM-9:15AM ET"", ""slug"": ""btc-updown-15m-1770991200"", ""icon"": ""https://polymarket-upload.s3.us-east-2.amazonaws.com/BTC+fullsize.png"", ""eventSlug"": ""btc-updown-15m-1770991200"", ""outcome"": ""Up"", ""outcomeIndex"": 0, ""name"": ""trader-a"", ""pseudonym"": ""Boring-City"", ""bio"": """", ""profileImage"": """", ""profileImageOptimized"": """", ""transactionHash"": ""0x9bc44256bab919f65ca2181382678d98f780adc770529ca55a1519c7e865e93b""}"
1770991391,2026-02-13T22:04:32.258004,0x8b36cf5cfc8999c1fe91bc468248ebe7bf3a1a3dc2a3d3d510845cd183d9c0bc:1770991391,572473,5031084282167950494806674428243037744881029417420880897305642929037077494331,BUY,0.47,62.0,29.139999999999997,0x8b36cf5cfc8999c1fe91bc468248ebe7bf3a1a3dc2a3d3d510845cd183d9c0bc,"{""proxyWallet"": ""0x1979ae6b7e6534de9c4539d0c205e582ca637c9d"", ""side"": ""BUY"", ""asset"": ""103807399772237456132074327176954242081040135132696257639590711661401730464890"", ""conditionId"": ""0xe6d7778a251fd3782c7cb85ce588419a10a80a7e0b2d8de85ff4653d8cc7fb65"", ""size"": 62, ""price"": 0.47, ""timestamp"": 1770991391, ""title"": ""Bitcoin Up or Down - February 13, 9:00AM-9:05AM ET"", ""slug"": ""btc-updown-5m-1770991200"", ""icon"": ""https://polymarket-upload.s3.us-east-2.amazonaws.com/BTC+fullsize.png"", ""eventSlug"": ""btc-updown-5m-1770991200"", ""outcome"": ""Down"", ""outcomeIndex"": 1, ""name"": ""0x1979ae6B7E6534dE9c4539D0c205E582cA637C9D-1769439463256"", ""pseudonym"": ""Square-Guy"", ""bio"": """", ""profileImage"": """", ""profileImageOptimized"": """", ""transactionHash"": ""0x8b36cf5cfc8999c1fe91bc468248ebe7bf3a1a3dc2a3d3d510845cd183d9c0bc""}"
1770991391,2026-02-13T22:04:32.258020,0xe204c11e9c81623e3af831fb2b99db21f78a0b55b3a41e1dec3c774c7750968c:1770991391,572473,5031084282167950494806674428243037744881029417420880897305642929037077494331,BUY,0.49,80.0,39.2,0xe204c11e9c81623e3af831fb2b99db21f78a0b55b3a41e1dec3c774c7750968c,"{""proxyWallet"": ""0xc3201f303baf775a07c5c8bbbeb964973300d764"", ""side"": ""BUY"", ""asset"": ""4178531277101930988692310013213248114472964389143173804873458721353665392131"", ""conditionId"": ""0xc25ee227bc4c49a871b1e0a50f13bf10006a43506349e60e5cd4d4936c6f9f5c"", ""size"": 80, ""price"": 0.49, ""timestamp"": 1770991391, ""title"": ""Bitcoin Up or Down - February 13, 9:00AM-9:15AM ET"", ""slug"": ""btc-updown-15m-1770991200"", ""icon"": ""https://polymarket-upload.s3.us-east-2.amazonaws.com/BTC+fullsize.png"", ""eventSlug"": ""btc-updown-15m-1770991200"", ""outcome"": ""Down"", ""outcomeIndex"": 1, ""name"": """", ""pseudonym"": """", ""bio"": """", ""profileImage"": """", ""profileImageOptimized"": """", ""transactionHash"": ""0xe204c11e9c81623e3af831fb2b99db21f78a0b55b3a41e1dec3c774c7750968c""}"
1770991391,2026-02-13T22:04:32.258035,0xc777a00140446d1a634b81e2d8f93ac6b87c13cd5376b3878073c757b7244de1:1770991391,572473,5031084282167950494806674428243037744881029417420880897305642929037077494331,BUY,0.49,10.0,4.9,0xc777a00140446d1a634b81e2d8f93ac6b87c13cd5376b3878073c757b7244de1,"{""proxyWallet"": ""0xa4bc376dce00bc06a91b0c954a69fe86dee02917"", ""side"": ""BUY"", ""asset"": ""4178531277101930988692310013213248114472964389143173804873458721353665392131"", ""conditionId"": ""0xc25ee227bc4c49a871b1e0a50f13bf10006a43506349e60e5cd4d4936c6f9f5c"", ""size"": 10, ""price"": 0.49, ""timestamp"": 1770991391, ""title"": ""Bitcoin Up or Down - February 13, 9:00AM-9:15AM ET"", ""slug"": ""btc-updown-15m-1770991200"", ""icon"": ""https://polymarket-upload.s3.us-east-2.amazonaws.com/BTC+fullsize.png"", ""eventSlug"": ""btc-updown-15m-1770991200"", ""outcome"": ""Down"", ""outcomeIndex"": 1, ""name"": ""Georgeguan"", ""pseudonym"": ""Delicious-Gambling"", ""bio"": """", ""profileImage"": """", ""profileImageOptimized"": """", ""transactionHash"": ""0xc777a00140446d1a634b81e2d8f93ac6b87c13cd5376b3878073c757b7244de1""}"
1770991391,2026-02-13T22:04:32.258051,0x69c9f53c4a16b65608f2b2af9e29bd9445c3f3fe5fee7499f8d595309dfd67d6:1770991391,572473,5031084282167950494806674428243037744881029417420880897305642929037077494331,SELL,0.953,6.0,5.718,0x69c9f53c4a16b65608f2b2af9e29bd9445c3f3fe5fee7499f8d595309dfd67d6,"{""proxyWallet"": ""0x6f4f5183f9e3ceafed78d1c8a75227e69ac05ee2"", ""side"": ""SELL"", ""asset"": ""51080463689161030375818291005097816690283354390568417705958874093502264623871"", ""conditionId"": ""0x4bd2d6744cfb40bd33520963069947643140e9facccec0b44d1e61944aa96997"", ""size"": 6, ""price"": 0.953, ""timestamp"": 1770991391, ""title"": ""Will China unban Bitcoin by 2027?"", ""slug"": ""will-china-unban-bitcoin-by-2027"", ""icon"": ""https://polymarket-upload.s3.us-east-2.amazonaws.com/will-china-unban-bitcoin-by-march-31-2025-GVssS0pD-aSa.jpg"", ""eventSlug"": ""will-china-unban-bitcoin-by-2027"", ""outcome"": ""No"", ""outcomeIndex"": 1, ""name"": ""ccf3e43"", ""pseudonym"": ""Zigzag-Well"", ""bio"": """", ""profileImage"": """", ""profileImageOptimized"": """", ""transactionHash"": ""0x69c9f53c4a16b65608f2b2af9e29bd9445c3f3fe5fee7499f8d595309dfd67d6""}"
1770991391,2026-02-13T22:04:32.258067,0xe224011de027146f6be9eef665bfea5ec8c596c489184d6403f81e6dd3ea14d8:1770991391,572473,5031084282167950494806674428243037744881029417420880897305642929037077494331,BUY,0.54,16.0,8.64,0xe224011de027146f6be9eef665bfea5ec8c596c489184d6403f81e6dd3ea14d8,"{""proxyWallet"": ""0x0f67dad8d22648a78d13279a4ff584721b27fd6f"", ""side"": ""BUY"", ""asset"": ""103113681792692991556970945389717615316252630965884298246636246147703360545670"", ""conditionId"": ""0xe6d7778a251fd3782c7cb85ce588419a10a80a7e0b2d8de85ff4653d8cc7fb65"", ""size"": 16, ""price"": 0.54, ""timestamp"": 1770991391, ""title"": ""Bitcoin Up or Down - February 13, 9:00AM-9:05AM ET"", ""slug"": ""btc-updown-5m-1770991200"", ""icon"": ""https://polymarket-upload.s3.us-east-2.amazonaws.com/BTC+fullsize.png"", ""eventSlug"": ""btc-updown-5m-1770991200"", ""outcome"": ""Up"", ""outcomeIndex"": 0, ""name"": ""0x0F67dAD8d22648a78D13279A4fF584721b27Fd6F-1723194887904"", ""pseudonym"": ""Profitable-Fennel"", ""bio"": """", ""profileImage"": """", ""profileImageOptimized"": """", ""transactionHash"": ""0xe224011de027146f6be9eef665bfea5ec8c596c489184d6403f81e6dd3ea14d8""}"
1770991391,2026-02-13T22:04:32.258086,0x0cf628c79ab1681381d7c98561ddaa451d4a4695fbd141fe577273b920ddbe84:1770991391,572473,5031084282167950494806674428243037744881029417420880897305642929037077494331,BUY,0.47,35.0,16.45,0x0cf628c79ab1681381d7c98561ddaa451d4a4695fbd141fe577273b920ddbe84,"{""proxyWallet"": ""0x70ec235a31eb35f243e2618d6ea3b5b8962bbb5d"", ""side"": ""BUY"", ""asset"": ""103807399772237456132074327176954242081040135132696257639590711661401730464890"", ""conditionId"": ""0xe6d7778a251fd3782c7cb85ce588419a10a80a7e0b2d8de85ff4653d8cc7fb65"", ""size"": 35, ""price"": 0.47, ""timestamp"": 1770991391, ""title"": ""Bitcoin Up or Down - February 13, 9:00AM-9:05AM ET"", ""slug"": ""btc-updown-5m-1770991200"", ""icon"": ""https://polymarket-upload.s3.us-east-2.amazonaws.com/BTC+fullsize.png"", ""eventSlug"": ""btc-updown-5m-1770991200"", ""outcome"": ""Down"", ""outcomeIndex"": 1, ""name"": ""vague-sourdough"", ""pseudonym"": ""Ornate-Sari"", ""bio"": ""boo"", ""profileImage"": """", ""profileImageOptimized"": """", ""transactionHash"": ""0x0cf628c79ab1681381d7c98561ddaa451d4a4695fbd141fe577273b920ddbe84""}"
1770991391,2026-02-13T22:04:32.258101,0xa6c5d9e738a13e22bc5f1266f078cf33af3fb6f309a4d874cabdf5f14ac91e36:1770991391,572473,5031084282167950494806674428243037744881029417420880897305642929037077494331,BUY,0.9892933616271338,141.5151,139.999949,0xa6c5d9e738a13e22bc5f1266f078cf33af3fb6f309a4d874cabdf5f14ac91e36,"{""proxyWallet"": ""0x7a944a185238c54c45b834b406cf187493c65e99"", ""side"": ""BUY"", ""asset"": ""20341495755348657736330624358468005785764758442329943656424829194694193035062"", ""conditionId"": ""0x3ccf12533f6ef38473591408e3661ebb9daf84cec2a517f119eee1b86e074a28"", ""size"": 141.5151, ""price"": 0.9892933616271338, ""timestamp"": 1770991391, ""title"": ""Honor of Kings: AG Super Play vs JD Gaming - Game 4 Winner"", ""slug"": ""hok-agsp-jdg-2026-02-13-game4"", ""icon"": ""https://polymarket-upload.s3.us-east-2.amazonaws.com/league_images/hok/kog-king-pro-league.png"", ""eventSlug"": ""hok-agsp-jdg-2026-02-13"", ""outcome"": ""AG Super Play"", ""outcomeIndex"": 0, ""name"": ""kaiming"", ""pseudonym"": ""Extra-Large-Range"", ""bio"": """", ""profileImage"": """", ""profileImageOptimized"": """", ""transactionHash"": ""0xa6c5d9e738a13e22bc5f1266f078cf33af3fb6f309a4d874cabdf5f14ac91e36""}"
1770991391,2026-02-13T22:04:32.258119,0x51d9605de3c5cfc97495770e0e9949767517f587a3646791b90966d03368c038:1770991391,572473,5031084282167950494806674428243037744881029417420880897305642929037077494331,BUY,0.54,100.0,54.0,0x51d9605de3c5cfc97495770e0e9949767517f587a3646791b90966d03368c038,"{""proxyWallet"": ""0xe594336603f4fb5d3ba4125a67021ab3b4347052"", ""side"": ""BUY"", ""asset"": ""103113681792692991556970945389717615316252630965884298246636246147703360545670"", ""conditionId"": ""0xe6d7778a251fd3782c7cb85ce588419a10a80a7e0b2d8de85ff4653d8cc7fb65"", ""size"": 100, ""price"": 0.54, ""timestamp"": 1770991391, ""title"": ""Bitcoin Up or Down - February 13, 9:00AM-9:05AM ET"", ""slug"": ""btc-updown-5m-1770991200"", ""icon"": ""https://polymarket-upload.s3.us-east-2.amazonaws.com/BTC+fullsize.png"", ""eventSlug"": ""btc-updown-5m-1770991200"", ""outcome"": ""Up"", ""outcomeIndex"": 0, ""name"": ""0xE594336603F4fB5d3ba4125a67021ab3B4347052-1769022918519"", ""pseudonym"": ""Weak-Finer"", ""bio"": """", ""profileImage"": """", ""profileImageOptimized"": """", ""transactionHash"": ""0x51d9605de3c5cfc97495770e0e9949767517f587a3646791b90966d03368c038""}"
1770991391,2026-02-13T22:04:32.258134,0xbb5fe18509759bda448521bf2caab1fcd4317932102d6d4b4196280707b3cda5:1770991391,572473,5031084282167950494806674428243037744881029417420880897305642929037077494331,BUY,0.48999982849988855,2.040815,0.999999,0xbb5fe18509759bda448521bf2caab1fcd4317932102d6d4b4196280707b3cda5,"{""proxyWallet"": ""0xbd4dc7a0fee79017f67f385f5449ce2967897a8e"", ""side"": ""BUY"", ""asset"": ""4178531277101930988692310013213248114472964389143173804873458721353665392131"", ""conditionId"": ""0xc25ee227bc4c49a871b1e0a50f13bf10006a43506349e60e5cd4d4936c6f9f5c"", ""size"": 2.040815, ""price"": 0.48999982849988855, ""timestamp"": 1770991391, ""title"": ""Bitcoin Up or Down - February 13, 9:00AM-9:15AM ET"", ""slug"": ""btc-updown-15m-1770991200"", ""icon"": ""https://polymarket-upload.s3.us-east-2.amazonaws.com/BTC+fullsize.png"", ""eventSlug"": ""btc-updown-15m-1770991200"", ""outcome"": ""Down"", ""outcomeIndex"": 1, ""name"": ""aj4321"", ""pseudonym"": ""All-Family"", ""bio"": """", ""profileImage"": """", ""profileImageOptimized"": """", ""transactionHash"": ""0xbb5fe18509759bda448521bf2caab1fcd4317932102d6d4b4196280707b3cda5""}"
1770991391,2026-02-13T22:04:32.258151,0x7e605a229cb30db6bf0e1187601fc422584045e628a63016b28d9bb60db28d84:1770991391,572473,5031084282167950494806674428243037744881029417420880897305642929037077494331,BUY,0.21,25.0,5.25,0x7e605a229cb30db6bf0e1187601fc422584045e628a63016b28d9bb60db28d84,"{""proxyWallet"": ""0x724db3c436dcc7b26fbe1ae0c0d6af538b588dea"", ""side"": ""BUY"", ""asset"": ""59592458272795269751135156838957871846215950681303118579370928325544984039115"", ""conditionId"": ""0x7d658ac249e3833231e2eb5375f0e6c57d7686a1208fa986bfb6aef99cdc9681"", ""size"": 25, ""price"": 0.21, ""timestamp"": 1770991391, ""title"": ""Will the United States win the most medals in the 2026 Winter Olympics?"", ""slug"": ""will-the-united-states-win-the-most-medals-in-the-2026-winter-olympics"", ""icon"": ""https://polymarket-upload.s3.us-east-2.amazonaws.com/will-the-united-states-win-the-most-gold-medals-in-the-2026-winter-olympics-I4We15kl5NI1.png"", ""eventSlug"": ""2026-winter-olympics-most-medals"", ""outcome"": ""Yes"", ""outcomeIndex"": 0, ""name"": ""RITB123"", ""pseudonym"": ""Shocking-Opening"", ""bio"": """", ""profileImage"": """", ""profileImageOptimized"": """", ""transactionHash"": ""0x7e605a229cb30db6bf0e1187601fc422584045e628a63016b28d9bb60db28d84""}"
1770991391,2026-02-13T22:04:32.258169,0x082bd344d47011cf8cd9fecb8c689e537c40d477dab434866fd3a90df42e203a:1770991391,572473,5031084282167950494806674428243037744881029417420880897305642929037077494331,SELL,0.53,31.26,16.567800000000002,0x082bd344d47011cf8cd9fecb8c689e537c40d477dab434866fd3a90df42e203a,"{""proxyWallet"": ""0xbed0d1ec25fa20b268f9ea66eb145d1262f73c7d"", ""side"": ""SELL"", ""asset"": ""103113681792692991556970945389717615316252630965884298246636246147703360545670"", ""conditionId"": ""0xe6d7778a251fd3782c7cb85ce588419a10a80a7e0b2d8de85ff4653d8cc7fb65"", ""size"": 31.26, ""price"": 0.53, ""timestamp"": 1770991391, ""title"": ""Bitcoin Up or Down - February 13, 9:00AM-9:05AM ET"", ""slug"": ""btc-updown-5m-1770991200"", ""icon"": ""https://polymarket-upload.s3.us-east-2.amazonaws.com/BTC+fullsize.png"", ""eventSlug"": ""btc-updown-5m-1770991200"", ""outcome"": ""Up"", ""outcomeIndex"": 0, ""name"": ""20-cm"", ""pseudonym"": ""Angelic-Witchhunt"", ""bio"": """", ""profileImage"": ""https://polymarket-upload.s3.us-east-2.amazonaws.com/profile-image-2751963-35039db3-f49a-42f3-a4cc-91b49dbc148d.gif"", ""profileImageOptimized"": """", ""transactionHash"": ""0x082bd344d47011cf8cd9fecb8c689e537c40d477dab434866fd3a90df42e203a""}"
1770991391,2026-02-13T22:04:32.258186,0x6c006828f77d56584d460c3376d6dd53b1d3918bce1d15d9d21718bdc195409e:1770991391,572473,5031084282167950494806674428243037744881029417420880897305642929037077494331,BUY,0.4599999829892122,14.108694,6.489999,0x6c006828f77d56584d460c3376d6dd53b1d3918bce1d15d9d21718bdc195409e,"{""proxyWallet"": ""0x37c94ea1b44e01b18a1ce3ab6f8002bd6b9d7e6d"", ""side"": ""BUY"", ""asset"": ""103807399772237456132074327176954242081040135132696257639590711661401730464890"", ""conditionId"": ""0xe6d7778a251fd3782c7cb85ce588419a10a80a7e0b2d8de85ff4653d8cc7fb65"", ""size"": 14.108694, ""price"": 0.4599999829892122, ""timestamp"": 1770991391, ""title"": ""Bitcoin Up or Down - February 13, 9:00AM-9:05AM ET"", ""slug"": ""btc-updown-5m-1770991200"", ""icon"": ""https://polymarket-upload.s3.us-east-2.amazonaws.com/BTC+fullsize.png"", ""eventSlug"": ""btc-updown-5m-1770991200"", ""outcome"": ""Down"", ""outcomeIndex"": 1, ""name"": ""abrak25"", ""pseudonym"": ""Poised-Twist"", ""bio"": """", ""profileImage"": """", ""profileImageOptimized"": """", ""transactionHash"": ""0x6c006828f77d56584d460c3376d6dd53b1d3918bce1d15d9d21718bdc195409e""}"
1770991391,2026-02-13T22:04:32.258202,0xdfe01a7b9fd88b66d4d26340d26fc6c85dd7b16cf41084d77cb1b5ee64efc662:1770991391,572473,5031084282167950494806674428243037744881029417420880897305642929037077494331,BUY,0.53,56.0,29.68,0xdfe01a7b9fd88b66d4d26340d26fc6c85dd7b16cf41084d77cb1b5ee64efc662,"{""proxyWallet"": ""0xe594336603f4fb5d3ba4125a67021ab3b4347052"", ""side"": ""BUY"", ""asset"": ""103113681792692991556970945389717615316252630965884298246636246147703360545670"", ""conditionId"": ""0xe6d7778a251fd3782c7cb85ce588419a10a80a7e0b2d8de85ff4653d8cc7fb65"", ""size"": 56, ""price"": 0.53, ""timestamp"": 1770991391, ""title"": ""Bitcoin Up or Down - February 13, 9:00AM-9:05AM ET"", ""slug"": ""btc-updown-5m-1770991200"", ""icon"": ""https://polymarket-upload.s3.us-east-2.amazonaws.com/BTC+fullsize.png"", ""eventSlug"": ""btc-updown-5m-1770991200"", ""outcome"": ""Up"", ""outcomeIndex"": 0, ""name"": ""0xE594336603F4fB5d3ba4125a67021ab3B4347052-1769022918519"", ""pseudonym"": ""Weak-Finer"", ""bio"": """", ""profileImage"": """", ""profileImageOptimized"": """", ""transactionHash"": ""0xdfe01a7b9fd88b66d4d26340d26fc6c85dd7b16cf41084d77cb1b5ee64efc662""}"
1770991391,2026-02-13T22:04:32.258218,0x9533c4f8d0cfb1d354833b8ad16a38d3b7145dd87fcf7d0ab88cd588dc319ba8:1770991391,572473,5031084282167950494806674428243037744881029417420880897305642929037077494331,BUY,0.44894736842105265,114.0,51.18,0x9533c4f8d0cfb1d354833b8ad16a38d3b7145dd87fcf7d0ab88cd588dc319ba8,"{""proxyWallet"": ""0x1d0034134e339a309700ff2d34e99fa2d48b0313"", ""side"": ""BUY"", ""asset"": ""103807399772237456132074327176954242081040135132696257639590711661401730464890"", ""conditionId"": ""0xe6d7778a251fd3782c7cb85ce588419a10a80a7e0b2d8de85ff4653d8cc7fb65"", ""size"": 114, ""price"": 0.44894736842105265, ""timestamp"": 1770991391, ""title"": ""Bitcoin Up or Down - February 13, 9:00AM-9:05AM ET"", ""slug"": ""btc-updown-5m-1770991200"", ""icon"": ""https://polymarket-upload.s3.us-east-2.amazonaws.com/BTC+fullsize.png"", ""eventSlug"": ""btc-updown-5m-1770991200"", ""outcome"": ""Down"", ""outcomeIndex"": 1, ""name"": ""0x1d0034134e339a309700ff2d34e99fa2d48b031"", ""pseudonym"": ""Canine-Commandment"", ""bio"": """", ""profileImage"": """", ""profileImageOptimized"": """", ""transactionHash"": ""0x9533c4f8d0cfb1d354833b8ad16a38d3b7145dd87fcf7d0ab88cd588dc319ba8""}"
1770991391,2026-02-13T22:04:32.258234,0xebe968f97f3103993730b58ca7441a0dcd339c680271824d6c86b2638c0004a7:1770991391,572473,5031084282167950494806674428243037744881029417420880897305642929037077494331,BUY,0.48,200.0,96.0,0xebe968f97f3103993730b58ca7441a0dcd339c680271824d6c86b2638c0004a7,"{""proxyWallet"": ""0x1979ae6b7e6534de9c4539d0c205e582ca637c9d"", ""side"": ""BUY"", ""asset"": ""103807399772237456132074327176954242081040135132696257639590711661401730464890"", ""conditionId"": ""0xe6d7778a251fd3782c7cb85ce588419a10a80a7e0b2d8de85ff4653d8cc7fb65"", ""size"": 200, ""price"": 0.48, ""timestamp"": 1770991391, ""title"": ""Bitcoin Up or Down - February 13, 9:00AM-9:05AM ET"", ""slug"": ""btc-updown-5m-1770991200"", ""icon"": ""https://polymarket-upload.s3.us-east-2.amazonaws.com/BTC+fullsize.png"", ""eventSlug"": ""btc-updown-5m-1770991200"", ""outcome"": ""Down"", ""outcomeIndex"": 1, ""name"": ""0x1979ae6B7E6534dE9c4539D0c205E582cA637C9D-1769439463256"", ""pseudonym"": ""Square-Guy"", ""bio"": """", ""profileImage"": """", ""profileImageOptimized"": """", ""transactionHash"": ""0xebe968f97f3103993730b58ca7441a0dcd339c680271824d6c86b2638c0004a7""}"
1770991391,2026-02-13T22:04:32.258250,0x96ec6feee353376362af40bdb1882bfa577dc4b78349cd9f12d600e5646e2f73:1770991391,572473,5031084282167950494806674428243037744881029417420880897305642929037077494331,BUY,0.47,66.0,31.02,0x96ec6feee353376362af40bdb1882bfa577dc4b78349cd9f12d600e5646e2f73,"{""proxyWallet"": ""0x1d0034134e339a309700ff2d34e99fa2d48b0313"", ""side"": ""BUY"", ""asset"": ""103807399772237456132074327176954242081040135132696257639590711661401730464890"", ""conditionId"": ""0xe6d7778a251fd3782c7cb85ce588419a10a80a7e0b2d8de85ff4653d8cc7fb65"", ""size"": 66, ""price"": 0.47, ""timestamp"": 1770991391, ""title"": ""Bitcoin Up or Down - February 13, 9:00AM-9:05AM ET"", ""slug"": ""btc-updown-5m-1770991200"", ""icon"": ""https://polymarket-upload.s3.us-east-2.amazonaws.com/BTC+fullsize.png"", ""eventSlug"": ""btc-updown-5m-1770991200"", ""outcome"": ""Down"", ""outcomeIndex"": 1, ""name"": ""0x1d0034134e339a309700ff2d34e99fa2d48b031"", ""pseudonym"": ""Canine-Commandment"", ""bio"": """", ""profileImage"": """", ""profileImageOptimized"": """", ""transactionHash"": ""0x96ec6feee353376362af40bdb1882bfa577dc4b78349cd9f12d600e5646e2f73""}"
1770991391,2026-02-13T22:04:32.258265,0x1e955a7d290a775f1acf1654d232f3d84f03d5b30acd8d53d3d7ae61ad0feeb9:1770991391,572473,5031084282167950494806674428243037744881029417420880897305642929037077494331,BUY,0.43,114.12,49.071600000000004,0x1e955a7d290a775f1acf1654d232f3d84f03d5b30acd8d53d3d7ae61ad0feeb9,"{""proxyWallet"": ""0x1979ae6b7e6534de9c4539d0c205e582ca637c9d"", ""side"": ""BUY"", ""asset"": ""103807399772237456132074327176954242081040135132696257639590711661401730464890"", ""conditionId"": ""0xe6d7778a251fd3782c7cb85ce588419a10a80a7e0b2d8de85ff4653d8cc7fb65"", ""size"": 114.12, ""price"": 0.43, ""timestamp"": 1770991391, ""title"": ""Bitcoin Up or Down - February 13, 9:00AM-9:05AM ET"", ""slug"": ""btc-updown-5m-1770991200"", ""icon"": ""https://polymarket-upload.s3.us-east-2.amazonaws.com/BTC+fullsize.png"", ""eventSlug"": ""btc-updown-5m-1770991200"", ""outcome"": ""Down"", ""outcomeIndex"": 1, ""name"": ""0x1979ae6B7E6534dE9c4539D0c205E582cA637C9D-1769439463256"", ""pseudonym"": ""Square-Guy"", ""bio"": """", ""profileImage"": """", ""profileImageOptimized"": """", ""transactionHash"": ""0x1e955a7d290a775f1acf1654d232f3d84f03d5b30acd8d53d3d7ae61ad0feeb9""}"
1770991391,2026-02-13T22:04:32.258286,0xc88de788718dc4460fb926438df4617b74f55cb4ae491dd9acf13e8eadf2d5d8:1770991391,572473,5031084282167950494806674428243037744881029417420880897305642929037077494331,SELL,0.39,1.33,0.5187,0xc88de788718dc4460fb926438df4617b74f55cb4ae491dd9acf13e8eadf2d5d8,"{""proxyWallet"": ""0xd0f2a8ff64c6db2508e6bfbdcf0088d549dc9b05"", ""side"": ""SELL"", ""asset"": ""103807399772237456132074327176954242081040135132696257639590711661401730464890"", ""conditionId"": ""0xe6d7778a251fd3782c7cb85ce588419a10a80a7e0b2d8de85ff4653d8cc7fb65"", ""size"": 1.33, ""price"": 0.39, ""timestamp"": 1770991391, ""title"": ""Bitcoin Up or Down - February 13, 9:00AM-9:05AM ET"", ""slug"": ""btc-updown-5m-1770991200"", ""icon"": ""https://polymarket-upload.s3.us-east-2.amazonaws.com/BTC+fullsize.png"", ""eventSlug"": ""btc-updown-5m-1770991200"", ""outcome"": ""Down"", ""outcomeIndex"": 1, ""name"": ""Tony-X"", ""pseudonym"": ""Scaly-Moustache"", ""bio"": """", ""profileImage"": ""https://polymarket-upload.s3.us-east-2.amazonaws.com/profile-image-4869923-c9ba7296-0098-45f2-a5c2-fd4abad391b9.jpg"", ""profileImageOptimized"": """", ""transactionHash"": ""0xc88de788718dc4460fb926438df4617b74f55cb4ae491dd9acf13e8eadf2d5d8""}"
1770991391,2026-02-13T22:04:32.258303,0xabd658dd679bb979f0feaa889b152da21a4486e8e8bec078810e4519f1b8db69:1770991391,572473,5031084282167950494806674428243037744881029417420880897305642929037077494331,SELL,0.54,15.0,8.100000000000001,0xabd658dd679bb979f0feaa889b152da21a4486e8e8bec078810e4519f1b8db69,"{""proxyWallet"": ""0x37c94ea1b44e01b18a1ce3ab6f8002bd6b9d7e6d"", ""side"": ""SELL"", ""asset"": ""103113681792692991556970945389717615316252630965884298246636246147703360545670"", ""conditionId"": ""0xe6d7778a251fd3782c7cb85ce588419a10a80a7e0b2d8de85ff4653d8cc7fb65"", ""size"": 15, ""price"": 0.54, ""timestamp"": 1770991391, ""title"": ""Bitcoin Up or Down - February 13, 9:00AM-9:05AM ET"", ""slug"": ""btc-updown-5m-1770991200"", ""icon"": ""https://polymarket-upload.s3.us-east-2.amazonaws.com/BTC+fullsize.png"", ""eventSlug"": ""btc-updown-5m-1770991200"", ""outcome"": ""Up"", ""outcomeIndex"": 0, ""name"": ""abrak25"", ""pseudonym"": ""Poised-Twist"", ""bio"": """", ""profileImage"": """", ""profileImageOptimized"": """", ""transactionHash"": ""0xabd658dd679bb979f0feaa889b152da21a4486e8e8bec078810e4519f1b8db69""}"
1770991391,2026-02-13T22:04:32.258322,0xbac22762a2321148686cf1a43d23c8d8cbe6a9378933c81e4acbbf6cab2e9b30:1770991391,572473,5031084282167950494806674428243037744881029417420880897305642929037077494331,BUY,0.54,5.0,2.7,0xbac22762a2321148686cf1a43d23c8d8cbe6a9378933c81e4acbbf6cab2e9b30,"{""proxyWallet"": ""0x05d17ab73f7403e99d3c448513d65a1942994bef"", ""side"": ""BUY"", ""asset"": ""69403035397932509667051031905442359043677740034943388398868889632217519882110"", ""conditionId"": ""0xc25ee227bc4c49a871b1e0a50f13bf10006a43506349e60e5cd4d4936c6f9f5c"", ""size"": 5, ""price"": 0.54, ""timestamp"": 1770991391, ""title"": ""Bitcoin Up or Down - February 13, 9:00AM-9:15AM ET"", ""slug"": ""btc-updown-15m-1770991200"", ""icon"": ""https://polymarket-upload.s3.us-east-2.amazonaws.com/BTC+fullsize.png"", ""eventSlug"": ""btc-updown-15m-1770991200"", ""outcome"": ""Up"", ""outcomeIndex"": 0, ""name"": ""goodbyekitty"", ""pseudonym"": ""Rectangular-Import"", ""bio"": """", ""profileImage"": """", ""profileImageOptimized"": """", ""transactionHash"": ""0xbac22762a2321148686cf1a43d23c8d8cbe6a9378933c81e4acbbf6cab2e9b30""}"
1770991391,2026-02-13T22:04:32.258338,0x98aa4c674e73248e9d0549b548acf88b9d189d4ba976ee1033d7b80604786f46:1770991391,572473,5031084282167950494806674428243037744881029417420880897305642929037077494331,SELL,0.043,45.01,1.9354299999999998,0x98aa4c674e73248e9d0549b548acf88b9d189d4ba976ee1033d7b80604786f46,"{""proxyWallet"": ""0xd922aebd7b9997a9a62398d2b5383e1b367d8453"", ""side"": ""SELL"", ""asset"": ""76158784025338420583901765224531190025719662766883390440253608804161057467141"", ""conditionId"": ""0xc32a544f65e3a8ffec6499e40290f10fa68a3f4a4819dfd366b6cb1fd7c4be1d"", ""size"": 45.01, ""price"": 0.043, ""timestamp"": 1770991391, ""title"": ""Will Bruno Retailleau win the 2027 French presidential election?"", ""slug"": ""will-bruno-retailleau-win-the-2027-french-presidential-election"", ""icon"": ""https://polymarket-upload.s3.us-east-2.amazonaws.com/will-bruno-retailleau-win-the-2027-french-presidential-election-4RHQ4aMwDVyD.jpg"", ""eventSlug"": ""next-french-presidential-election"", ""outcome"": ""Yes"", ""outcomeIndex"": 0, ""name"": """", ""pseudonym"": """", ""bio"": """", ""profileImage"": """", ""profileImageOptimized"": """", ""transactionHash"": ""0x98aa4c674e73248e9d0549b548acf88b9d189d4ba976ee1033d7b80604786f46""}"
1770991391,2026-02-13T22:04:32.258354,0x8090ac5380683361e1ec481969bbf984e69da2a9e8214cacf70881300957d234:1770991391,572473,5031084282167950494806674428243037744881029417420880897305642929037077494331,BUY,0.46,160.98,74.0508,0x8090ac5380683361e1ec481969bbf984e69da2a9e8214cacf70881300957d234,"{""proxyWallet"": ""0x5924ca480d8b08cd5f3e5811fa378c4082475af6"", ""side"": ""BUY"", ""asset"": ""103807399772237456132074327176954242081040135132696257639590711661401730464890"", ""conditionId"": ""0xe6d7778a251fd3782c7cb85ce588419a10a80a7e0b2d8de85ff4653d8cc7fb65"", ""size"": 160.98, ""price"": 0.46, ""timestamp"": 1770991391, ""title"": ""Bitcoin Up or Down - February 13, 9:00AM-9:05AM ET"", ""slug"": ""btc-updown-5m-1770991200"", ""icon"": ""https://polymarket-upload.s3.us-east-2.amazonaws.com/BTC+fullsize.png"", ""eventSlug"": ""btc-updown-5m-1770991200"", ""outcome"": ""Down"", ""outcomeIndex"": 1, ""name"": ""late-to-tomorrow"", ""pseudonym"": ""Overlooked-Wool"", ""bio"": """", ""profileImage"": """", ""profileImageOptimized"": """", ""transactionHash"": ""0x8090ac5380683361e1ec481969bbf984e69da2a9e8214cacf70881300957d234""}"
1770991391,2026-02-13T22:04:32.258370,0xdeb9c9bc8bffefe7bc7f71c133d48bc2613427a9f819b7915e5047ba74a93153:1770991391,572473,5031084282167950494806674428243037744881029417420880897305642929037077494331,BUY,0.46,10.0,4.6000000000000005,0xdeb9c9bc8bffefe7bc7f71c133d48bc2613427a9f819b7915e5047ba74a93153,"{""proxyWallet"": ""0x32e8489f6456ccadb8bcd5f3f0f600260d830cc0"", ""side"": ""BUY"", ""asset"": ""103807399772237456132074327176954242081040135132696257639590711661401730464890"", ""conditionId"": ""0xe6d7778a251fd3782c7cb85ce588419a10a80a7e0b2d8de85ff4653d8cc7fb65"", ""size"": 10, ""price"": 0.46, ""timestamp"": 1770991391, ""title"": ""Bitcoin Up or Down - February 13, 9:00AM-9:05AM ET"", ""slug"": ""btc-updown-5m-1770991200"", ""icon"": ""https://polymarket-upload.s3.us-east-2.amazonaws.com/BTC+fullsize.png"", ""eventSlug"": ""btc-updown-5m-1770991200"", ""outcome"": ""Down"", ""outcomeIndex"": 1, ""name"": ""electionfed"", ""pseudonym"": ""Lively-Asymmetry"", ""bio"": """", ""profileImage"": """", ""profileImageOptimized"": """", ""transactionHash"": ""0xdeb9c9bc8bffefe7bc7f71c133d48bc2613427a9f819b7915e5047ba74a93153""}"
1770991391,2026-02-13T22:04:32.258385,0x8cc5b3e1d51a70ed9ab5d2fd06d3f006b10edf142a4bff11a7d62fe25356a8a5:1770991391,572473,5031084282167950494806674428243037744881029417420880897305642929037077494331,BUY,0.53038,5.0,2.6519,0x8cc5b3e1d51a70ed9ab5d2fd06d3f006b10edf142a4bff11a7d62fe25356a8a5,"{""proxyWallet"": ""0x3eee293c5dee12a7aa692e21c4b50bb8fc3fe8b6"", ""side"": ""BUY"", ""asset"": ""95030745991428382807063871511348709365242472143154054608693392596043282875327"", ""conditionId"": ""0xd64ed87c85fed4ca5bfb4b58430a672bb3d3666f1b53de76e1964269f4cdcc53"", ""size"": 5, ""price"": 0.53038, ""timestamp"": 1770991391, ""title"": ""LoL: GIANTX PRIDE vs Barça eSports (BO1) - LES Kick-off Group B"", ""slug"": ""lol-gxp-bar-2026-02-13"", ""icon"": ""https://polymarket-upload.s3.us-east-2.amazonaws.com/league-of-legends-61a4f083a6.png"", ""eventSlug"": ""lol-gxp-bar-2026-02-13"", ""outcome"": ""GIANTX PRIDE"", ""outcomeIndex"": 0, ""name"": ""0xedb6ba1b3bad3xklm91"", ""pseudonym"": ""Damp-Trend"", ""bio"": """", ""profileImage"": """", ""profileImageOptimized"": """", ""transactionHash"": ""0x8cc5b3e1d51a70ed9ab5d2fd06d3f006b10edf142a4bff11a7d62fe25356a8a5""}"
1770991391,2026-02-13T22:04:32.258403,0xe5e75480ca3ceaa46c31694459529a27adf941cc55dfff06cb436d89e198f759:1770991391,572473,5031084282167950494806674428243037744881029417420880897305642929037077494331,BUY,0.81,31.0,25.110000000000003,0xe5e75480ca3ceaa46c31694459529a27adf941cc55dfff06cb436d89e198f759,"{""proxyWallet"": ""0xaea0d2d9c206f0a3f9cf05aae723942a61500dec"", ""side"": ""BUY"", ""asset"": ""40014113535860898744642465569555855040242331026926716373337917291197937488921"", ""conditionId"": ""0x651a807072f9b55b2dc120c57a6644bfc03c85ff8ce034e2c7ef09c25425815c"", ""size"": 31, ""price"": 0.81, ""timestamp"": 1770991391, ""title"": ""Will Al Ahli Saudi Club win on 2026-02-13?"", ""slug"": ""spl-sha-ahl-2026-02-13-ahl"", ""icon"": ""https://polymarket-upload.s3.us-east-2.amazonaws.com/saudi-league-0eb74ab5b8.png"", ""eventSlug"": ""spl-sha-ahl-2026-02-13"", ""outcome"": ""Yes"", ""outcomeIndex"": 0, ""name"": ""Arbga2026"", ""pseudonym"": ""Rotating-Barstool"", ""bio"": """", ""profileImage"": """", ""profileImageOptimized"": """", ""transactionHash"": ""0xe5e75480ca3ceaa46c31694459529a27adf941cc55dfff06cb436d89e198f759""}"
1770991391,2026-02-13T22:04:32.258418,0xb8f2b6d8a469b1e048292091733fbb646f213278ac5d16f5b02568873afa9fc5:1770991391,572473,5031084282167950494806674428243037744881029417420880897305642929037077494331,BUY,0.4699998777999096,2.127658,0.999999,0xb8f2b6d8a469b1e048292091733fbb646f213278ac5d16f5b02568873afa9fc5,"{""proxyWallet"": ""0xbd4dc7a0fee79017f67f385f5449ce2967897a8e"", ""side"": ""BUY"", ""asset"": ""4178531277101930988692310013213248114472964389143173804873458721353665392131"", ""conditionId"": ""0xc25ee227bc4c49a871b1e0a50f13bf10006a43506349e60e5cd4d4936c6f9f5c"", ""size"": 2.127658, ""price"": 0.4699998777999096, ""timestamp"": 1770991391, ""title"": ""Bitcoin Up or Down - February 13, 9:00AM-9:15AM ET"", ""slug"": ""btc-updown-15m-1770991200"", ""icon"": ""https://polymarket-upload.s3.us-east-2.amazonaws.com/BTC+fullsize.png"", ""eventSlug"": ""btc-updown-15m-1770991200"", ""outcome"": ""Down"", ""outcomeIndex"": 1, ""name"": ""aj4321"", ""pseudonym"": ""All-Family"", ""bio"": """", ""profileImage"": """", ""profileImageOptimized"": """", ""transactionHash"": ""0xb8f2b6d8a469b1e048292091733fbb646f213278ac5d16f5b02568873afa9fc5""}"
1770991391,2026-02-13T22:04:32.258435,0x1aaa9af58c621c96c59d8c6accd1a2d613d316b1194434737466e1fa5bf35dda:1770991391,572473,5031084282167950494806674428243037744881029417420880897305642929037077494331,BUY,0.0692818782282091,721.689427,49.999999,0x1aaa9af58c621c96c59d8c6accd1a2d613d316b1194434737466e1fa5bf35dda,"{""proxyWallet"": ""0x79c9aa24737f7d4283728619a2726ed66ff9b2f1"", ""side"": ""BUY"", ""asset"": ""25099567166111281846302244039860015689241816252363247441459396207876081288557"", ""conditionId"": ""0xe5734d988f2e429c8bf13f02434f23ab8c95a865b6e1e81a2e43c6317d68749c"", ""size"": 721.689427, ""price"": 0.0692818782282091, ""timestamp"": 1770991391, ""title"": ""Will Elon Musk post <40 tweets from February 12 to February 14, 2026?"", ""slug"": ""elon-musk-of-tweets-february-12-february-14-0-39"", ""icon"": ""https://polymarket-upload.s3.us-east-2.amazonaws.com/elon-musk-of-tweets-nov-22-29-apMPG21-pzx_.jpg"", ""eventSlug"": ""elon-musk-of-tweets-february-12-february-14"", ""outcome"": ""Yes"", ""outcomeIndex"": 0, ""name"": ""Beliveinmine"", ""pseudonym"": ""Uniform-Pudding"", ""bio"": """", ""profileImage"": """", ""profileImageOptimized"": """", ""transactionHash"": ""0x1aaa9af58c621c96c59d8c6accd1a2d613d316b1194434737466e1fa5bf35dda""}"
1770991391,2026-02-13T22:04:32.258453,0x2b65658fa19d9bb2ba4fe415500c0216640b74db1ddf92159766f41c7e2367e1:1770991391,572473,5031084282167950494806674428243037744881029417420880897305642929037077494331,SELL,0.043,7.27,0.31260999999999994,0x2b65658fa19d9bb2ba4fe415500c0216640b74db1ddf92159766f41c7e2367e1,"{""proxyWallet"": ""0x5660fa1f20e8779f7e3dd8db5f754e4b7f0727e6"", ""side"": ""SELL"", ""asset"": ""76158784025338420583901765224531190025719662766883390440253608804161057467141"", ""conditionId"": ""0xc32a544f65e3a8ffec6499e40290f10fa68a3f4a4819dfd366b6cb1fd7c4be1d"", ""size"": 7.27, ""price"": 0.043, ""timestamp"": 1770991391, ""title"": ""Will Bruno Retailleau win the 2027 French presidential election?"", ""slug"": ""will-bruno-retailleau-win-the-2027-french-presidential-election"", ""icon"": ""https://polymarket-upload.s3.us-east-2.amazonaws.com/will-bruno-retailleau-win-the-2027-french-presidential-election-4RHQ4aMwDVyD.jpg"", ""eventSlug"": ""next-french-presidential-election"", ""outcome"": ""Yes"", ""outcomeIndex"": 0, ""name"": ""light.diamond"", ""pseudonym"": ""Nocturnal-Defense"", ""bio"": """", ""profileImage"": """", ""profileImageOptimized"": """", ""transactionHash"": ""0x2b65658fa19d9bb2ba4fe415500c0216640b74db1ddf92159766f41c7e2367e1""}"
1770991391,2026-02-13T22:04:32.258470,0x1b9821041e9a7f0b3312100c5eb5a0816cbd9489e155a1a28190ac93cadb99a2:1770991391,572473,5031084282167950494806674428243037744881029417420880897305642929037077494331,BUY,0.609999859699892,1.639343,0.9999990000000001,0x1b9821041e9a7f0b3312100c5eb5a0816cbd9489e155a1a28190ac93cadb99a2,"{""proxyWallet"": ""0xea97af571650affff45efd47e64831ca71f718e3"", ""side"": ""BUY"", ""asset"": ""103113681792692991556970945389717615316252630965884298246636246147703360545670"", ""conditionId"": ""0xe6d7778a251fd3782c7cb85ce588419a10a80a7e0b2d8de85ff4653d8cc7fb65"", ""size"": 1.639343, ""price"": 0.609999859699892, ""timestamp"": 1770991391, ""title"": ""Bitcoin Up or Down - February 13, 9:00AM-9:05AM ET"", ""slug"": ""btc-updown-5m-1770991200"", ""icon"": ""https://polymarket-upload.s3.us-east-2.amazonaws.com/BTC+fullsize.png"", ""eventSlug"": ""btc-updown-5m-1770991200"", ""outcome"": ""Up"", ""outcomeIndex"": 0, ""name"": ""hfjess12"", ""pseudonym"": ""Clear-Raid"", ""bio"": """", ""profileImage"": """", ""profileImageOptimized"": """", ""transactionHash"": ""0x1b9821041e9a7f0b3312100c5eb5a0816cbd9489e155a1a28190ac93cadb99a2""}"
1770991391,2026-02-13T22:04:32.258486,0xa3254e68120a9f829b709db2d1249d553e306520f41740c2528c9250e1720020:1770991391,572473,5031084282167950494806674428243037744881029417420880897305642929037077494331,BUY,0.42,48.0,20.16,0xa3254e68120a9f829b709db2d1249d553e306520f41740c2528c9250e1720020,"{""proxyWallet"": ""0x1d0034134e339a309700ff2d34e99fa2d48b0313"", ""side"": ""BUY"", ""asset"": ""103807399772237456132074327176954242081040135132696257639590711661401730464890"", ""conditionId"": ""0xe6d7778a251fd3782c7cb85ce588419a10a80a7e0b2d8de85ff4653d8cc7fb65"", ""size"": 48, ""price"": 0.42, ""timestamp"": 1770991391, ""title"": ""Bitcoin Up or Down - February 13, 9:00AM-9:05AM ET"", ""slug"": ""btc-updown-5m-1770991200"", ""icon"": ""https://polymarket-upload.s3.us-east-2.amazonaws.com/BTC+fullsize.png"", ""eventSlug"": ""btc-updown-5m-1770991200"", ""outcome"": ""Down"", ""outcomeIndex"": 1, ""name"": ""0x1d0034134e339a309700ff2d34e99fa2d48b031"", ""pseudonym"": ""Canine-Commandment"", ""bio"": """", ""profileImage"": """", ""profileImageOptimized"": """", ""transactionHash"": ""0xa3254e68120a9f829b709db2d1249d553e306520f41740c2528c9250e1720020""}"
1770991391,2026-02-13T22:04:32.258501,0x825bf6b567628cd67b738573609f4bdbc00429e07172529220625d9082081622:1770991391,572473,5031084282167950494806674428243037744881029417420880897305642929037077494331,BUY,0.9989999343323955,15.015014,14.999998,0x825bf6b567628cd67b738573609f4bdbc00429e07172529220625d9082081622,"{""proxyWallet"": ""0xec0f73325459e0fb474cb20bab1fa306f53c5e98"", ""side"": ""BUY"", ""asset"": ""63634215983654847698713865342514257544563370220706970638639965841413631612103"", ""conditionId"": ""0x7c0898456885ab3d3f769027c32f3240625a7188adf88238e40bc21d53f830b6"", ""size"": 15.015014, ""price"": 0.9989999343323955, ""timestamp"": 1770991391, ""title"": ""Will Opendoor (OPEN) finish week of February 9 above $2.00?"", ""slug"": ""open-above-2-on-february-13-2026"", ""icon"": ""https://polymarket-upload.s3.us-east-2.amazonaws.com/opendoor-0bd9a25015.jpg"", ""eventSlug"": ""open-above-on-february-13-2026"", ""outcome"": ""Yes"", ""outcomeIndex"": 0, ""name"": ""Mickymice123"", ""pseudonym"": ""Prickly-Banyan"", ""bio"": """", ""profileImage"": """", ""profileImageOptimized"": """", ""transactionHash"": ""0x825bf6b567628cd67b738573609f4bdbc00429e07172529220625d9082081622""}"
1770991391,2026-02-13T22:04:32.258519,0x460df831cd9e30e3d68fe69d150176d6bb830ae38886482cf3125e92f6c3f014:1770991391,572473,5031084282167950494806674428243037744881029417420880897305642929037077494331,BUY,0.6,50.0,30.0,0x460df831cd9e30e3d68fe69d150176d6bb830ae38886482cf3125e92f6c3f014,"{""proxyWallet"": ""0x3d562280537ef8005ecb4975181009e1367baa5d"", ""side"": ""BUY"", ""asset"": ""35535351725651933979580848238223392562699809487460934434226324597418760944859"", ""conditionId"": ""0xc0479626c6ec12a82d2859ef3ef321f07d65945ba6cffa8ad6524cb76be9f9a4"", ""size"": 50, ""price"": 0.6, ""timestamp"": 1770991391, ""title"": ""S&P 500 (SPX) Up or Down on February 13?"", ""slug"": ""spx-up-or-down-on-february-13-2026"", ""icon"": ""https://polymarket-upload.s3.us-east-2.amazonaws.com/s-and-p-500-1e40af6979.png"", ""eventSlug"": ""spx-up-or-down-on-february-13-2026"", ""outcome"": ""Up"", ""outcomeIndex"": 0, ""name"": ""0x3d562280537EF8005EcB4975181009E1367baA5D-1770977817382"", ""pseudonym"": ""Ambitious-Equal"", ""bio"": """", ""profileImage"": """", ""profileImageOptimized"": """", ""transactionHash"": ""0x460df831cd9e30e3d68fe69d150176d6bb830ae38886482cf3125e92f6c3f014""}"
1770991391,2026-02-13T22:04:32.258535,0x99ad04ec5a48b3b38e607218c54b4ea2be4a2a283d621d76df3759b11b822a67:1770991391,572473,5031084282167950494806674428243037744881029417420880897305642929037077494331,BUY,0.48,2.6875,1.29,0x99ad04ec5a48b3b38e607218c54b4ea2be4a2a283d621d76df3759b11b822a67,"{""proxyWallet"": ""0xc05e8ed5969236c55e5f6175472bfa86d5170a24"", ""side"": ""BUY"", ""asset"": ""103924929148213339450168629019405689953188250690020471055161569308682684050404"", ""conditionId"": ""0xa5e0ef40d488545df56c9d30692efadb3e46cfe2c65ef6cdad5c82eff642bc7d"", ""size"": 2.6875, ""price"": 0.48, ""timestamp"": 1770991391, ""title"": ""Ethereum Up or Down - February 13, 9:00AM-9:15AM ET"", ""slug"": ""eth-updown-15m-1770991200"", ""icon"": ""https://polymarket-upload.s3.us-east-2.amazonaws.com/ETH+fullsize.jpg"", ""eventSlug"": ""eth-updown-15m-1770991200"", ""outcome"": ""Down"", ""outcomeIndex"": 1, ""name"": ""bot3000"", ""pseudonym"": ""Warped-Mycoplasma"", ""bio"": """", ""profileImage"": """", ""profileImageOptimized"": """", ""transactionHash"": ""0x99ad04ec5a48b3b38e607218c54b4ea2be4a2a283d621d76df3759b11b822a67""}"
1770991391,2026-02-13T22:04:32.258552,0xf49e5f6d8cf01f08248b674e517f9ff471966dd4f196589c59c2767bb31c1c6f:1770991391,572473,5031084282167950494806674428243037744881029417420880897305642929037077494331,BUY,0.6099999986275,65.573769,39.999999,0xf49e5f6d8cf01f08248b674e517f9ff471966dd4f196589c59c2767bb31c1c6f,"{""proxyWallet"": ""0xba3e1de9ad05395fad4a14b560a8f78d879cd2ca"", ""side"": ""BUY"", ""asset"": ""103113681792692991556970945389717615316252630965884298246636246147703360545670"", ""conditionId"": ""0xe6d7778a251fd3782c7cb85ce588419a10a80a7e0b2d8de85ff4653d8cc7fb65"", ""size"": 65.573769, ""price"": 0.6099999986275, ""timestamp"": 1770991391, ""title"": ""Bitcoin Up or Down - February 13, 9:00AM-9:05AM ET"", ""slug"": ""btc-updown-5m-1770991200"", ""icon"": ""https://polymarket-upload.s3.us-east-2.amazonaws.com/BTC+fullsize.png"", ""eventSlug"": ""btc-updown-5m-1770991200"", ""outcome"": ""Up"", ""outcomeIndex"": 0, ""name"": ""jxstMaurice"", ""pseudonym"": ""Aching-Vampire"", ""bio"": """", ""profileImage"": """", ""profileImageOptimized"": """", ""transactionHash"": ""0xf49e5f6d8cf01f08248b674e517f9ff471966dd4f196589c59c2767bb31c1c6f""}"
1770991391,2026-02-13T22:04:32.258568,0x9c4930ff32fc7db50123eefd59eeb8c05bd652a430bbcf6f30d6a0931a102d1b:1770991391,572473,5031084282167950494806674428243037744881029417420880897305642929037077494331,BUY,0.51,11.0,5.61,0x9c4930ff32fc7db50123eefd59eeb8c05bd652a430bbcf6f30d6a0931a102d1b,"{""proxyWallet"": ""0x9f3482ea4d570caac04d8f74f070a0fd28196cec"", ""side"": ""BUY"", ""asset"": ""55068224939970741635980013314175695445978622051305801520286628965117073954746"", ""conditionId"": ""0x15fe41f4dd60de43b19b2fecfccb7a95cfeaaed167b33339a7249324113da071"", ""size"": 11, ""price"": 0.51, ""timestamp"": 1770991391, ""title"": ""Solana Up or Down on February 14?"", ""slug"": ""solana-up-or-down-on-february-14"", ""icon"": ""https://polymarket-upload.s3.us-east-2.amazonaws.com/SOL-logo.png"", ""eventSlug"": ""solana-up-or-down-on-february-14"", ""outcome"": ""Down"", ""outcomeIndex"": 1, ""name"": """", ""pseudonym"": """", ""bio"": """", ""profileImage"": """", ""profileImageOptimized"": """", ""transactionHash"": ""0x9c4930ff32fc7db50123eefd59eeb8c05bd652a430bbcf6f30d6a0931a102d1b""}"
1770991391,2026-02-13T22:04:32.258583,0x64f8a1002e458c925c3195b070f4a7a73632e27bd65bcbfa3be88d9ba3f6c050:1770991391,572473,5031084282167950494806674428243037744881029417420880897305642929037077494331,BUY,0.53999978399989,2.037036,1.099999,0x64f8a1002e458c925c3195b070f4a7a73632e27bd65bcbfa3be88d9ba3f6c050,"{""proxyWallet"": ""0xfb59c4a792375c44c0a599f0851671a21cd1cd74"", ""side"": ""BUY"", ""asset"": ""69403035397932509667051031905442359043677740034943388398868889632217519882110"", ""conditionId"": ""0xc25ee227bc4c49a871b1e0a50f13bf10006a43506349e60e5cd4d4936c6f9f5c"", ""size"": 2.037036, ""price"": 0.53999978399989, ""timestamp"": 1770991391, ""title"": ""Bitcoin Up or Down - February 13, 9:00AM-9:15AM ET"", ""slug"": ""btc-updown-15m-1770991200"", ""icon"": ""https://polymarket-upload.s3.us-east-2.amazonaws.com/BTC+fullsize.png"", ""eventSlug"": ""btc-updown-15m-1770991200"", ""outcome"": ""Up"", ""outcomeIndex"": 0, ""name"": """", ""pseudonym"": """", ""bio"": """", ""profileImage"": """", ""profileImageOptimized"": """", ""transactionHash"": ""0x64f8a1002e458c925c3195b070f4a7a73632e27bd65bcbfa3be88d9ba3f6c050""}"
1770991391,2026-02-13T22:04:32.258600,0x0866742053522058b1280934ec9c6c5679187f5edf53ee058e26bc5a69330366:1770991391,572473,5031084282167950494806674428243037744881029417420880897305642929037077494331,SELL,0.041,21.11,0.86551,0x0866742053522058b1280934ec9c6c5679187f5edf53ee058e26bc5a69330366,"{""proxyWallet"": ""0x8e9eedf20dfa70956d49f608a205e402d9df38e4"", ""side"": ""SELL"", ""asset"": ""19244830563353029156820916829799158659728550740152956971626445435150732003803"", ""conditionId"": ""0x33f5b304cb95b030e0a2584b9056e5c0d05bc9fd95df3046c9043cd49ebad6a2"", ""size"": 21.11, ""price"": 0.041, ""timestamp"": 1770991391, ""title"": ""Will Italy win the most medals in the 2026 Winter Olympics?"", ""slug"": ""will-italy-win-the-most-medals-in-the-2026-winter-olympics"", ""icon"": ""https://polymarket-upload.s3.us-east-2.amazonaws.com/will-italy-win-the-most-gold-medals-in-the-2026-winter-olympics-PjSCKC4dk64q.png"", ""eventSlug"": ""2026-winter-olympics-most-medals"", ""outcome"": ""Yes"", ""outcomeIndex"": 0, ""name"": ""Karajan"", ""pseudonym"": ""Murky-Oversight"", ""bio"": """", ""profileImage"": """", ""profileImageOptimized"": """", ""transactionHash"": ""0x0866742053522058b1280934ec9c6c5679187f5edf53ee058e26bc5a69330366""}"
1770991391,2026-02-13T22:04:32.258621,0x37be48832690152cb4a27d249a74a8a63a75490b60af01e315f65afc3982cc82:1770991391,572473,5031084282167950494806674428243037744881029417420880897305642929037077494331,SELL,0.2,56.07,11.214,0x37be48832690152cb4a27d249a74a8a63a75490b60af01e315f65afc3982cc82,"{""proxyWallet"": ""0x8e9eedf20dfa70956d49f608a205e402d9df38e4"", ""side"": ""SELL"", ""asset"": ""59592458272795269751135156838957871846215950681303118579370928325544984039115"", ""conditionId"": ""0x7d658ac249e3833231e2eb5375f0e6c57d7686a1208fa986bfb6aef99cdc9681"", ""size"": 56.07, ""price"": 0.2, ""timestamp"": 1770991391, ""title"": ""Will the United States win the most medals in the 2026 Winter Olympics?"", ""slug"": ""will-the-united-states-win-the-most-medals-in-the-2026-winter-olympics"", ""icon"": ""https://polymarket-upload.s3.us-east-2.amazonaws.com/will-the-united-states-win-the-most-gold-medals-in-the-2026-winter-olympics-I4We15kl5NI1.png"", ""eventSlug"": ""2026-winter-olympics-most-medals"", ""outcome"": ""Yes"", ""outcomeIndex"": 0, ""name"": ""Karajan"", ""pseudonym"": ""Murky-Oversight"", ""bio"": """", ""profileImage"": """", ""profileImageOptimized"": """", ""transactionHash"": ""0x37be48832690152cb4a27d249a74a8a63a75490b60af01e315f65afc3982cc82""}"
1770991391,2026-02-13T22:04:32.258638,0x8252af85dab9ff72ee31159a0c58075e30366c277eebcbbb7a6845b0b5cf707c:1770991391,572473,5031084282167950494806674428243037744881029417420880897305642929037077494331,BUY,0.54,1.85185,0.9999990000000001,0x8252af85dab9ff72ee31159a0c58075e30366c277eebcbbb7a6845b0b5cf707c,"{""proxyWallet"": ""0xbd4dc7a0fee79017f67f385f5449ce2967897a8e"", ""side"": ""BUY"", ""asset"": ""69403035397932509667051031905442359043677740034943388398868889632217519882110"", ""conditionId"": ""0xc25ee227bc4c49a871b1e0a50f13bf10006a43506349e60e5cd4d4936c6f9f5c"", ""size"": 1.85185, ""price"": 0.54, ""timestamp"": 1770991391, ""title"": ""Bitcoin Up or Down - February 13, 9:00AM-9:15AM ET"", ""slug"": ""btc-updown-15m-1770991200"", ""icon"": ""https://polymarket-upload.s3.us-east-2.amazonaws.com/BTC+fullsize.png"", ""eventSlug"": ""btc-updown-15m-1770991200"", ""outcome"": ""Up"", ""outcomeIndex"": 0, ""name"": ""aj4321"", ""pseudonym"": ""All-Family"", ""bio"": """", ""profileImage"": """", ""profileImageOptimized"": """", ""transactionHash"": ""0x8252af85dab9ff72ee31159a0c58075e30366c277eebcbbb7a6845b0b5cf707c""}"
1770991389,2026-02-13T22:04:32.258657,0x304a0c999ddf886028dc438bb7f58c9e9110fcaf81c64cf3efea8a6e97a69628:1770991389,572473,5031084282167950494806674428243037744881029417420880897305642929037077494331,BUY,0.5299998780999061,1.886791,0.999999,0x304a0c999ddf886028dc438bb7f58c9e9110fcaf81c64cf3efea8a6e97a69628,"{""proxyWallet"": ""0xbd4dc7a0fee79017f67f385f5449ce2967897a8e"", ""side"": ""BUY"", ""asset"": ""69403035397932509667051031905442359043677740034943388398868889632217519882110"", ""conditionId"": ""0xc25ee227bc4c49a871b1e0a50f13bf10006a43506349e60e5cd4d4936c6f9f5c"", ""size"": 1.886791, ""price"": 0.5299998780999061, ""timestamp"": 1770991389, ""title"": ""Bitcoin Up or Down - February 13, 9:00AM-9:15AM ET"", ""slug"": ""btc-updown-15m-1770991200"", ""icon"": ""https://polymarket-upload.s3.us-east-2.amazonaws.com/BTC+fullsize.png"", ""eventSlug"": ""btc-updown-15m-1770991200"", ""outcome"": ""Up"", ""outcomeIndex"": 0, ""name"": ""aj4321"", ""pseudonym"": ""All-Family"", ""bio"": """", ""profileImage"": """", ""profileImageOptimized"": """", ""transactionHash"": ""0x304a0c999ddf886028dc438bb7f58c9e9110fcaf81c64cf3efea8a6e97a69628""}"
1770991389,2026-02-13T22:04:32.258674,0x4794f86f8f370de4a279c6b5251974cd8227c7bf44fb8e874f2e2d82d43b9cb3:1770991389,572473,5031084282167950494806674428243037744881029417420880897305642929037077494331,BUY,0.6,11.0,6.6,0x4794f86f8f370de4a279c6b5251974cd8227c7bf44fb8e874f2e2d82d43b9cb3,"{""proxyWallet"": ""0x03c3b0236c5a01051381482e77f2210349073a1d"", ""side"": ""BUY"", ""asset"": ""103113681792692991556970945389717615316252630965884298246636246147703360545670"", ""conditionId"": ""0xe6d7778a251fd3782c7cb85ce588419a10a80a7e0b2d8de85ff4653d8cc7fb65"", ""size"": 11, ""price"": 0.6, ""timestamp"": 1770991389, ""title"": ""Bitcoin Up or Down - February 13, 9:00AM-9:05AM ET"", ""slug"": ""btc-updown-5m-1770991200"", ""icon"": ""https://polymarket-upload.s3.us-east-2.amazonaws.com/BTC+fullsize.png"", ""eventSlug"": ""btc-updown-5m-1770991200"", ""outcome"": ""Up"", ""outcomeIndex"": 0, ""name"": ""likebot"", ""pseudonym"": ""Bleak-Sustainment"", ""bio"": """", ""profileImage"": """", ""profileImageOptimized"": """", ""transactionHash"": ""0x4794f86f8f370de4a279c6b5251974cd8227c7bf44fb8e874f2e2d82d43b9cb3""}"
1770991389,2026-02-13T22:04:32.258689,0xdf71eb5f392c0429f97f872d3b0507e3ff8f239afbc75bcbb7cd82d26e73a0bf:1770991389,572473,5031084282167950494806674428243037744881029417420880897305642929037077494331,BUY,0.540350873976608,20.727271,11.199999,0xdf71eb5f392c0429f97f872d3b0507e3ff8f239afbc75bcbb7cd82d26e73a0bf,"{""proxyWallet"": ""0x9f3482ea4d570caac04d8f74f070a0fd28196cec"", ""side"": ""BUY"", ""asset"": ""110748711374820569359883372222362488325750412392716791218364451379285809571583"", ""conditionId"": ""0xb8494772912dee947a076235a84d2ec410495a7da3c08c3d7100175b6a80559f"", ""size"": 20.727271, ""price"": 0.540350873976608, ""timestamp"": 1770991389, ""title"": ""Solana Up or Down - February 13, 9:00AM-9:15AM ET"", ""slug"": ""sol-updown-15m-1770991200"", ""icon"": ""https://polymarket-upload.s3.us-east-2.amazonaws.com/SOL+fullsize.png"", ""eventSlug"": ""sol-updown-15m-1770991200"", ""outcome"": ""Down"", ""outcomeIndex"": 1, ""name"": """", ""pseudonym"": """", ""bio"": """", ""profileImage"": """", ""profileImageOptimized"": """", ""transactionHash"": ""0xdf71eb5f392c0429f97f872d3b0507e3ff8f239afbc75bcbb7cd82d26e73a0bf""}"
1770991389,2026-02-13T22:04:32.258705,0xf27c35bd3be738fc44e721e3624b4fe769c956dfd555f16cb5de95c4ccdf077c:1770991389,572473,5031084282167950494806674428243037744881029417420880897305642929037077494331,BUY,0.9889999798581701,41.456015,40.999998,0xf27c35bd3be738fc44e721e3624b4fe769c956dfd555f16cb5de95c4ccdf077c,"{""proxyWallet"": ""0xda25452547d537e7196e2655b31773c5fc3babaf"", ""side"": ""BUY"", ""asset"": ""108853481568553649253715212514076495978343067195498290598399317284340774311096"", ""conditionId"": ""0x091a562f6b4b504a03c3ef40e578ae3b0ca52c9512a65e51885760d74c904e78"", ""size"": 41.456015, ""price"": 0.9889999798581701, ""timestamp"": 1770991389, ""title"": ""Will the price of Bitcoin be above $70,000 on February 13?"", ""slug"": ""bitcoin-above-70k-on-february-13"", ""icon"": ""https://polymarket-upload.s3.us-east-2.amazonaws.com/BTC+fullsize.png"", ""eventSlug"": ""bitcoin-above-on-february-13"", ""outcome"": ""No"", ""outcomeIndex"": 1, ""name"": ""thiagofelipe"", ""pseudonym"": ""Bronze-Corporation"", ""bio"": """", ""profileImage"": """", ""profileImageOptimized"": """", ""transactionHash"": ""0xf27c35bd3be738fc44e721e3624b4fe769c956dfd555f16cb5de95c4ccdf077c""}"
1770991389,2026-02-13T22:04:32.258722,0xca3bdd9849920be69368203cf3515960661aaf44e72bd9654b116799835b7805:1770991389,572473,5031084282167950494806674428243037744881029417420880897305642929037077494331,BUY,0.53,5.88,3.1164,0xca3bdd9849920be69368203cf3515960661aaf44e72bd9654b116799835b7805,"{""proxyWallet"": ""0x036b9d7baa206a61cb4a17b808b069623f761fab"", ""side"": ""BUY"", ""asset"": ""69403035397932509667051031905442359043677740034943388398868889632217519882110"", ""conditionId"": ""0xc25ee227bc4c49a871b1e0a50f13bf10006a43506349e60e5cd4d4936c6f9f5c"", ""size"": 5.88, ""price"": 0.53, ""timestamp"": 1770991389, ""title"": ""Bitcoin Up or Down - February 13, 9:00AM-9:15AM ET"", ""slug"": ""btc-updown-15m-1770991200"", ""icon"": ""https://polymarket-upload.s3.us-east-2.amazonaws.com/BTC+fullsize.png"", ""eventSlug"": ""btc-updown-15m-1770991200"", ""outcome"": ""Up"", ""outcomeIndex"": 0, ""name"": ""1GOuO0701"", ""pseudonym"": ""Relieved-Geek"", ""bio"": """", ""profileImage"": """", ""profileImageOptimized"": """", ""transactionHash"": ""0xca3bdd9849920be69368203cf3515960661aaf44e72bd9654b116799835b7805""}"
1770991389,2026-02-13T22:04:32.258737,0x41aa169be20134a1d22f6e64684907fbc62c48827a82dace3f96cc333f74edd6:1770991389,572473,5031084282167950494806674428243037744881029417420880897305642929037077494331,BUY,0.5797926123924145,1121.090516,649.999999,0x41aa169be20134a1d22f6e64684907fbc62c48827a82dace3f96cc333f74edd6,"{""proxyWallet"": ""0xb27f30ab0ba701c36ba64fed030ccf7787212c41"", ""side"": ""BUY"", ""asset"": ""103508920995816998464866953889568152758950214430372196270422489818919179575684"", ""conditionId"": ""0x3e737b14cdae4deb05e48ec4e955912d6d66e19aa678397825a3b2dfd7730866"", ""size"": 1121.090516, ""price"": 0.5797926123924145, ""timestamp"": 1770991389, ""title"": ""Dota 2: Team Falcons vs Team Liquid - Game 2 Winner"", ""slug"": ""dota2-flc-liquid-2026-02-13-game2"", ""icon"": ""https://polymarket-upload.s3.us-east-2.amazonaws.com/dota2-7ffacddb21.jpg"", ""eventSlug"": ""dota2-flc-liquid-2026-02-13"", ""outcome"": ""Team Falcons"", ""outcomeIndex"": 0, ""name"": ""jvsnova.eth"", ""pseudonym"": ""Tense-Learning"", ""bio"": """", ""profileImage"": ""https://polymarket-upload.s3.us-east-2.amazonaws.com/profile-image-5167511-0b51fb1a-1316-4c4c-a3db-1f163c51b0b9.jpg"", ""profileImageOptimized"": """", ""transactionHash"": ""0x41aa169be20134a1d22f6e64684907fbc62c48827a82dace3f96cc333f74edd6""}"
1770991389,2026-02-13T22:04:32.258755,0xfa8003af78e72eb93970a06241291d622a8b6c1c7c0f686fa9b1175c4ec828e5:1770991389,572473,5031084282167950494806674428243037744881029417420880897305642929037077494331,SELL,0.39,10.2,3.9779999999999998,0xfa8003af78e72eb93970a06241291d622a8b6c1c7c0f686fa9b1175c4ec828e5,"{""proxyWallet"": ""0xdc92b303dab1637e987bd7a5959bfab2a3b1741b"", ""side"": ""SELL"", ""asset"": ""103807399772237456132074327176954242081040135132696257639590711661401730464890"", ""conditionId"": ""0xe6d7778a251fd3782c7cb85ce588419a10a80a7e0b2d8de85ff4653d8cc7fb65"", ""size"": 10.2, ""price"": 0.39, ""timestamp"": 1770991389, ""title"": ""Bitcoin Up or Down - February 13, 9:00AM-9:05AM ET"", ""slug"": ""btc-updown-5m-1770991200"", ""icon"": ""https://polymarket-upload.s3.us-east-2.amazonaws.com/BTC+fullsize.png"", ""eventSlug"": ""btc-updown-5m-1770991200"", ""outcome"": ""Down"", ""outcomeIndex"": 1, ""name"": ""Rhydian555"", ""pseudonym"": ""Silent-Codepage"", ""bio"": """", ""profileImage"": ""https://polymarket-upload.s3.us-east-2.amazonaws.com/profile-image-5930900-b39759d1-07b4-47d7-abcf-704c600f84f3.jpg"", ""profileImageOptimized"": """", ""transactionHash"": ""0xfa8003af78e72eb93970a06241291d622a8b6c1c7c0f686fa9b1175c4ec828e5""}"
1770991389,2026-02-13T22:04:32.258772,0x8f66d11b211827df2630d8e724014ae81067c8d715bb77f9ed1f92253ce9f100:1770991389,572473,5031084282167950494806674428243037744881029417420880897305642929037077494331,BUY,0.07305785687297359,5475.1127,399.99999999999994,0x8f66d11b211827df2630d8e724014ae81067c8d715bb77f9ed1f92253ce9f100,"{""proxyWallet"": ""0x5ab676dbd8bb2dfcb7478ee13618b505babe6eec"", ""side"": ""BUY"", ""asset"": ""76158784025338420583901765224531190025719662766883390440253608804161057467141"", ""conditionId"": ""0xc32a544f65e3a8ffec6499e40290f10fa68a3f4a4819dfd366b6cb1fd7c4be1d"", ""size"": 5475.1127, ""price"": 0.07305785687297359, ""timestamp"": 1770991389, ""title"": ""Will Bruno Retailleau win the 2027 French presidential election?"", ""slug"": ""will-bruno-retailleau-win-the-2027-french-presidential-election"", ""icon"": ""https://polymarket-upload.s3.us-east-2.amazonaws.com/will-bruno-retailleau-win-the-2027-french-presidential-election-4RHQ4aMwDVyD.jpg"", ""eventSlug"": ""next-french-presidential-election"", ""outcome"": ""Yes"", ""outcomeIndex"": 0, ""name"": ""DonaldDump88"", ""pseudonym"": ""Spiteful-Insomnia"", ""bio"": """", ""profileImage"": """", ""profileImageOptimized"": """", ""transactionHash"": ""0x8f66d11b211827df2630d8e724014ae81067c8d715bb77f9ed1f92253ce9f100""}"
1770991389,2026-02-13T22:04:32.258789,0x6aa153a1445c3358e44025b33c23920ca0d956024efbd07b9ed182720bec2137:1770991389,572473,5031084282167950494806674428243037744881029417420880897305642929037077494331,BUY,0.6,5.0,3.0,0x6aa153a1445c3358e44025b33c23920ca0d956024efbd07b9ed182720bec2137,"{""proxyWallet"": ""0x036b9d7baa206a61cb4a17b808b069623f761fab"", ""side"": ""BUY"", ""asset"": ""103113681792692991556970945389717615316252630965884298246636246147703360545670"", ""conditionId"": ""0xe6d7778a251fd3782c7cb85ce588419a10a80a7e0b2d8de85ff4653d8cc7fb65"", ""size"": 5, ""price"": 0.6, ""timestamp"": 1770991389, ""title"": ""Bitcoin Up or Down - February 13, 9:00AM-9:05AM ET"", ""slug"": ""btc-updown-5m-1770991200"", ""icon"": ""https://polymarket-upload.s3.us-east-2.amazonaws.com/BTC+fullsize.png"", ""eventSlug"": ""btc-updown-5m-1770991200"", ""outcome"": ""Up"", ""outcomeIndex"": 0, ""name"": ""1GOuO0701"", ""pseudonym"": ""Relieved-Geek"", ""bio"": """", ""profileImage"": """", ""profileImageOptimized"": """", ""transactionHash"": ""0x6aa153a1445c3358e44025b33c23920ca0d956024efbd07b9ed182720bec2137""}"
1770991389,2026-02-13T22:04:32.258805,0x8cf7fbf267ab99b53a6d7ed994b6ec7ce7b304b370950fe64284047fe01654aa:1770991389,572473,5031084282167950494806674428243037744881029417420880897305642929037077494331,BUY,0.5,7.23,3.615,0x8cf7fbf267ab99b53a6d7ed994b6ec7ce7b304b370950fe64284047fe01654aa,"{""proxyWallet"": ""0x182822ec10cfd69d336726cd211e0e3afad9cee7"", ""side"": ""BUY"", ""asset"": ""36474504519665948978741801260654876668976739173594406904812576883021855994311"", ""conditionId"": ""0x63b78326a8de19a65606874e669c02704fea27203945d1ac767fe57efa7d209e"", ""size"": 7.23, ""price"": 0.5, ""timestamp"": 1770991389, ""title"": ""Bitcoin Up or Down - February 13, 9AM ET"", ""slug"": ""bitcoin-up-or-down-february-13-9am-et"", ""icon"": ""https://polymarket-upload.s3.us-east-2.amazonaws.com/BTC+fullsize.png"", ""eventSlug"": ""bitcoin-up-or-down-february-13-9am-et"", ""outcome"": ""Down"", ""outcomeIndex"": 1, ""name"": """", ""pseudonym"": """", ""bio"": """", ""profileImage"": """", ""profileImageOptimized"": """", ""transactionHash"": ""0x8cf7fbf267ab99b53a6d7ed994b6ec7ce7b304b370950fe64284047fe01654aa""}"
1770991389,2026-02-13T22:04:32.258821,0xb217be5a0affbb8f7a03300c0c8923dfce8d0d698fde8dacf704d4b5238e4cab:1770991389,572473,5031084282167950494806674428243037744881029417420880897305642929037077494331,SELL,0.4,1.64,0.656,0xb217be5a0affbb8f7a03300c0c8923dfce8d0d698fde8dacf704d4b5238e4cab,"{""proxyWallet"": ""0x58527adf1ebc23dc882a7b6c4041e39ff152e5b9"", ""side"": ""SELL"", ""asset"": ""103807399772237456132074327176954242081040135132696257639590711661401730464890"", ""conditionId"": ""0xe6d7778a251fd3782c7cb85ce588419a10a80a7e0b2d8de85ff4653d8cc7fb65"", ""size"": 1.64, ""price"": 0.4, ""timestamp"": 1770991389, ""title"": ""Bitcoin Up or Down - February 13, 9:00AM-9:05AM ET"", ""slug"": ""btc-updown-5m-1770991200"", ""icon"": ""https://polymarket-upload.s3.us-east-2.amazonaws.com/BTC+fullsize.png"", ""eventSlug"": ""btc-updown-5m-1770991200"", ""outcome"": ""Down"", ""outcomeIndex"": 1, ""name"": ""0x58527adF1eBC23dC882a7b6c4041E39FF152E5B9-1770891078503"", ""pseudonym"": ""Thorough-Swordfight"", ""bio"": """", ""profileImage"": """", ""profileImageOptimized"": """", ""transactionHash"": ""0xb217be5a0affbb8f7a03300c0c8923dfce8d0d698fde8dacf704d4b5238e4cab""}"
1770991389,2026-02-13T22:04:32.258837,0xef6e76d672bd7f80a06fcd91ac4088fbebf6678790998638a25641214f00ddf4:1770991389,572473,5031084282167950494806674428243037744881029417420880897305642929037077494331,SELL,0.06,7.81,0.46859999999999996,0xef6e76d672bd7f80a06fcd91ac4088fbebf6678790998638a25641214f00ddf4,"{""proxyWallet"": ""0x0044c20cde2f37e271d7e0816c21913053e8cb2c"", ""side"": ""SELL"", ""asset"": ""4112612336720360030799918141752515506803947719404167926026744168282644746254"", ""conditionId"": ""0xb3257390dcd36f4898f30045c3e1a7e7903684f7449c5a95ed07332f27017bd2"", ""size"": 7.81, ""price"": 0.06, ""timestamp"": 1770991389, ""title"": ""Will Al Shabab Saudi Club win on 2026-02-13?"", ""slug"": ""spl-sha-ahl-2026-02-13-sha"", ""icon"": ""https://polymarket-upload.s3.us-east-2.amazonaws.com/saudi-league-0eb74ab5b8.png"", ""eventSlug"": ""spl-sha-ahl-2026-02-13"", ""outcome"": ""Yes"", ""outcomeIndex"": 0, ""name"": ""kiddddddd"", ""pseudonym"": ""Black-University"", ""bio"": """", ""profileImage"": """", ""profileImageOptimized"": """", ""transactionHash"": ""0xef6e76d672bd7f80a06fcd91ac4088fbebf6678790998638a25641214f00ddf4""}"
1770991389,2026-02-13T22:04:32.258853,0x0a7022d527eebbedb83060c5fb98c4f5442489e13a600ecc46c53fb337885cb7:1770991389,572473,5031084282167950494806674428243037744881029417420880897305642929037077494331,BUY,0.53999978399989,2.037036,1.099999,0x0a7022d527eebbedb83060c5fb98c4f5442489e13a600ecc46c53fb337885cb7,"{""proxyWallet"": ""0xfb59c4a792375c44c0a599f0851671a21cd1cd74"", ""side"": ""BUY"", ""asset"": ""69403035397932509667051031905442359043677740034943388398868889632217519882110"", ""conditionId"": ""0xc25ee227bc4c49a871b1e0a50f13bf10006a43506349e60e5cd4d4936c6f9f5c"", ""size"": 2.037036, ""price"": 0.53999978399989, ""timestamp"": 1770991389, ""title"": ""Bitcoin Up or Down - February 13, 9:00AM-9:15AM ET"", ""slug"": ""btc-updown-15m-1770991200"", ""icon"": ""https://polymarket-upload.s3.us-east-2.amazonaws.com/BTC+fullsize.png"", ""eventSlug"": ""btc-updown-15m-1770991200"", ""outcome"": ""Up"", ""outcomeIndex"": 0, ""name"": """", ""pseudonym"": """", ""bio"": """", ""profileImage"": """", ""profileImageOptimized"": """", ""transactionHash"": ""0x0a7022d527eebbedb83060c5fb98c4f5442489e13a600ecc46c53fb337885cb7""}"
1770991389,2026-02-13T22:04:32.258869,0x8abb5e1b1c3c30515d1c87b7c140862502e8e9995847ddde81a632e8a0c652c6:1770991389,572473,5031084282167950494806674428243037744881029417420880897305642929037077494331,SELL,0.994,100.0,99.4,0x8abb5e1b1c3c30515d1c87b7c140862502e8e9995847ddde81a632e8a0c652c6,"{""proxyWallet"": ""0x926df8dd0519e7408636170f3a02989c4e75635e"", ""side"": ""SELL"", ""asset"": ""3956734953899404565733374998795834744363883228530551229955877424622857841471"", ""conditionId"": ""0x351b6c5225f3fe6d0d6ac191e6502605a319bc028943d2c50518de72be040622"", ""size"": 100, ""price"": 0.994, ""timestamp"": 1770991389, ""title"": ""Will MrBeast's next video get between 50.0 and 50.5 million views on day 6?"", ""slug"": ""will-mrbeasts-next-video-get-between-50pt0-and-50pt5-million-views-on-day-6"", ""icon"": """", ""eventSlug"": ""of-views-of-mrbeast-video-day-6"", ""outcome"": ""No"", ""outcomeIndex"": 1, ""name"": ""itsnotmeiswear"", ""pseudonym"": ""Showy-Plow"", ""bio"": ""GOOD MORNING FELLOW PREDICTORS"", ""profileImage"": """", ""profileImageOptimized"": """", ""transactionHash"": ""0x8abb5e1b1c3c30515d1c87b7c140862502e8e9995847ddde81a632e8a0c652c6""}"
1770991389,2026-02-13T22:04:32.258886,0xa4d1dd1583e8e10d03fd9b4ff062041ada506c0ca7e056e1c651ce466e4952af:1770991389,572473,5031084282167950494806674428243037744881029417420880897305642929037077494331,BUY,0.8,26.0,20.8,0xa4d1dd1583e8e10d03fd9b4ff062041ada506c0ca7e056e1c651ce466e4952af,"{""proxyWallet"": ""0xa3ad70cf48a2f2b44163e798223c01a2c2536866"", ""side"": ""BUY"", ""asset"": ""97158575536203859935833785194265603050341344229095603813614668582669950917161"", ""conditionId"": ""0x7d658ac249e3833231e2eb5375f0e6c57d7686a1208fa986bfb6aef99cdc9681"", ""size"": 26, ""price"": 0.8, ""timestamp"": 1770991389, ""title"": ""Will the United States win the most medals in the 2026 Winter Olympics?"", ""slug"": ""will-the-united-states-win-the-most-medals-in-the-2026-winter-olympics"", ""icon"": ""https://polymarket-upload.s3.us-east-2.amazonaws.com/will-the-united-states-win-the-most-gold-medals-in-the-2026-winter-olympics-I4We15kl5NI1.png"", ""eventSlug"": ""2026-winter-olympics-most-medals"", ""outcome"": ""No"", ""outcomeIndex"": 1, ""name"": ""rated"", ""pseudonym"": ""Impossible-Architecture"", ""bio"": """", ""profileImage"": """", ""profileImageOptimized"": """", ""transactionHash"": ""0xa4d1dd1583e8e10d03fd9b4ff062041ada506c0ca7e056e1c651ce466e4952af""}"
1770991389,2026-02-13T22:04:32.258909,0x45a5d419faaefc2801313f9adeff243b5f7649170457caa290b0a189f2e630db:1770991389,572473,5031084282167950494806674428243037744881029417420880897305642929037077494331,BUY,0.4,34.0,13.600000000000001,0x45a5d419faaefc2801313f9adeff243b5f7649170457caa290b0a189f2e630db,"{""proxyWallet"": ""0x5924ca480d8b08cd5f3e5811fa378c4082475af6"", ""side"": ""BUY"", ""asset"": ""103807399772237456132074327176954242081040135132696257639590711661401730464890"", ""conditionId"": ""0xe6d7778a251fd3782c7cb85ce588419a10a80a7e0b2d8de85ff4653d8cc7fb65"", ""size"": 34, ""price"": 0.4, ""timestamp"": 1770991389, ""title"": ""Bitcoin Up or Down - February 13, 9:00AM-9:05AM ET"", ""slug"": ""btc-updown-5m-1770991200"", ""icon"": ""https://polymarket-upload.s3.us-east-2.amazonaws.com/BTC+fullsize.png"", ""eventSlug"": ""btc-updown-5m-1770991200"", ""outcome"": ""Down"", ""outcomeIndex"": 1, ""name"": ""late-to-tomorrow"", ""pseudonym"": ""Overlooked-Wool"", ""bio"": """", ""profileImage"": """", ""profileImageOptimized"": """", ""transactionHash"": ""0x45a5d419faaefc2801313f9adeff243b5f7649170457caa290b0a189f2e630db""}"
1770991389,2026-02-13T22:04:32.258926,0xb299a260ebe4b1cac257f876dcb47597704b85b7ca6a11ca60a55f9fbcb5a0d4:1770991389,572473,5031084282167950494806674428243037744881029417420880897305642929037077494331,BUY,0.999,26.0,25.974,0xb299a260ebe4b1cac257f876dcb47597704b85b7ca6a11ca60a55f9fbcb5a0d4,"{""proxyWallet"": ""0xa3ad70cf48a2f2b44163e798223c01a2c2536866"", ""side"": ""BUY"", ""asset"": ""45138381103146830093572614537741618662316693380734664045197149754832765934803"", ""conditionId"": ""0x58fac4ccbef81bc1b071ab7172615a76418f8fe2ac9f52ae2510e8b8f8099b32"", ""size"": 26, ""price"": 0.999, ""timestamp"": 1770991389, ""title"": ""Will Germany win the most medals in the 2026 Winter Olympics?"", ""slug"": ""will-germany-win-the-most-medals-in-the-2026-winter-olympics"", ""icon"": ""https://polymarket-upload.s3.us-east-2.amazonaws.com/will-germany-win-the-most-gold-medals-in-the-2026-winter-olympics-3pDqL6dfzidH.png"", ""eventSlug"": ""2026-winter-olympics-most-medals"", ""outcome"": ""No"", ""outcomeIndex"": 1, ""name"": ""rated"", ""pseudonym"": ""Impossible-Architecture"", ""bio"": """", ""profileImage"": """", ""profileImageOptimized"": """", ""transactionHash"": ""0xb299a260ebe4b1cac257f876dcb47597704b85b7ca6a11ca60a55f9fbcb5a0d4""}"
1770991389,2026-02-13T22:04:32.258942,0x95742f5b02c8bb1ee5b7bf1a3bb82a38f05874d11ae9a755307a2feb423df828:1770991389,572473,5031084282167950494806674428243037744881029417420880897305642929037077494331,SELL,0.2,21.11,4.222,0x95742f5b02c8bb1ee5b7bf1a3bb82a38f05874d11ae9a755307a2feb423df828,"{""proxyWallet"": ""0x8e9eedf20dfa70956d49f608a205e402d9df38e4"", ""side"": ""SELL"", ""asset"": ""59592458272795269751135156838957871846215950681303118579370928325544984039115"", ""conditionId"": ""0x7d658ac249e3833231e2eb5375f0e6c57d7686a1208fa986bfb6aef99cdc9681"", ""size"": 21.11, ""price"": 0.2, ""timestamp"": 1770991389, ""title"": ""Will the United States win the most medals in the 2026 Winter Olympics?"", ""slug"": ""will-the-united-states-win-the-most-medals-in-the-2026-winter-olympics"", ""icon"": ""https://polymarket-upload.s3.us-east-2.amazonaws.com/will-the-united-states-win-the-most-gold-medals-in-the-2026-winter-olympics-I4We15kl5NI1.png"", ""eventSlug"": ""2026-winter-olympics-most-medals"", ""outcome"": ""Yes"", ""outcomeIndex"": 0, ""name"": ""Karajan"", ""pseudonym"": ""Murky-Oversight"", ""bio"": """", ""profileImage"": """", ""profileImageOptimized"": """", ""transactionHash"": ""0x95742f5b02c8bb1ee5b7bf1a3bb82a38f05874d11ae9a755307a2feb423df828""}"
1770991389,2026-02-13T22:04:32.258959,0xb30f0aa36d260c18317fc9e2cf4b31afcb514485804389d25ee745ef8c47f41a:1770991389,572473,5031084282167950494806674428243037744881029417420880897305642929037077494331,BUY,0.6,16.0,9.6,0xb30f0aa36d260c18317fc9e2cf4b31afcb514485804389d25ee745ef8c47f41a,"{""proxyWallet"": ""0x53738edacd0b04bc9706a1dad857c60d1339a7b6"", ""side"": ""BUY"", ""asset"": ""103113681792692991556970945389717615316252630965884298246636246147703360545670"", ""conditionId"": ""0xe6d7778a251fd3782c7cb85ce588419a10a80a7e0b2d8de85ff4653d8cc7fb65"", ""size"": 16, ""price"": 0.6, ""timestamp"": 1770991389, ""title"": ""Bitcoin Up or Down - February 13, 9:00AM-9:05AM ET"", ""slug"": ""btc-updown-5m-1770991200"", ""icon"": ""https://polymarket-upload.s3.us-east-2.amazonaws.com/BTC+fullsize.png"", ""eventSlug"": ""btc-updown-5m-1770991200"", ""outcome"": ""Up"", ""outcomeIndex"": 0, ""name"": ""tcliu720"", ""pseudonym"": ""Handmade-Flavor"", ""bio"": """", ""profileImage"": """", ""profileImageOptimized"": """", ""transactionHash"": ""0xb30f0aa36d260c18317fc9e2cf4b31afcb514485804389d25ee745ef8c47f41a""}"
1770991389,2026-02-13T22:04:32.258974,0x8697b8173caadd2c94057b9c44e5f0f111e75939f53b5a7ccda74be49b8e3c8f:1770991389,572473,5031084282167950494806674428243037744881029417420880897305642929037077494331,BUY,0.6,5.0,3.0,0x8697b8173caadd2c94057b9c44e5f0f111e75939f53b5a7ccda74be49b8e3c8f,"{""proxyWallet"": ""0x036b9d7baa206a61cb4a17b808b069623f761fab"", ""side"": ""BUY"", ""asset"": ""103113681792692991556970945389717615316252630965884298246636246147703360545670"", ""conditionId"": ""0xe6d7778a251fd3782c7cb85ce588419a10a80a7e0b2d8de85ff4653d8cc7fb65"", ""size"": 5, ""price"": 0.6, ""timestamp"": 1770991389, ""title"": ""Bitcoin Up or Down - February 13, 9:00AM-9:05AM ET"", ""slug"": ""btc-updown-5m-1770991200"", ""icon"": ""https://polymarket-upload.s3.us-east-2.amazonaws.com/BTC+fullsize.png"", ""eventSlug"": ""btc-updown-5m-1770991200"", ""outcome"": ""Up"", ""outcomeIndex"": 0, ""name"": ""1GOuO0701"", ""pseudonym"": ""Relieved-Geek"", ""bio"": """", ""profileImage"": """", ""profileImageOptimized"": """", ""transactionHash"": ""0x8697b8173caadd2c94057b9c44e5f0f111e75939f53b5a7ccda74be49b8e3c8f""}"
1770991389,2026-02-13T22:04:32.258989,0x49b25e57df7f37f3238584f7e8134befd7b43d07510d235c119153e96bcdd753:1770991389,572473,5031084282167950494806674428243037744881029417420880897305642929037077494331,SELL,0.043,1.0,0.043,0x49b25e57df7f37f3238584f7e8134befd7b43d07510d235c119153e96bcdd753,"{""proxyWallet"": ""0xe3726a1b9c6ba2f06585d1c9e01d00afaedaeb38"", ""side"": ""SELL"", ""asset"": ""19244830563353029156820916829799158659728550740152956971626445435150732003803"", ""conditionId"": ""0x33f5b304cb95b030e0a2584b9056e5c0d05bc9fd95df3046c9043cd49ebad6a2"", ""size"": 1, ""price"": 0.043, ""timestamp"": 1770991389, ""title"": ""Will Italy win the most medals in the 2026 Winter Olympics?"", ""slug"": ""will-italy-win-the-most-medals-in-the-2026-winter-olympics"", ""icon"": ""https://polymarket-upload.s3.us-east-2.amazonaws.com/will-italy-win-the-most-gold-medals-in-the-2026-winter-olympics-PjSCKC4dk64q.png"", ""eventSlug"": ""2026-winter-olympics-most-medals"", ""outcome"": ""Yes"", ""outcomeIndex"": 0, ""name"": ""cry.eth2"", ""pseudonym"": ""Awkward-Patriot"", ""bio"": ""amm"", ""profileImage"": """", ""profileImageOptimized"": """", ""transactionHash"": ""0x49b25e57df7f37f3238584f7e8134befd7b43d07510d235c119153e96bcdd753""}"
1770991389,2026-02-13T22:04:32.259005,0xeb5c25c084e0db09884543a511ad004be5feda72597010e2eb916eba84a18b10:1770991389,572473,5031084282167950494806674428243037744881029417420880897305642929037077494331,BUY,0.999,358.968,358.609032,0xeb5c25c084e0db09884543a511ad004be5feda72597010e2eb916eba84a18b10,"{""proxyWallet"": ""0xe8dd7741ccb12350957ec71e9ee332e0d1e6ec86"", ""side"": ""BUY"", ""asset"": ""45138381103146830093572614537741618662316693380734664045197149754832765934803"", ""conditionId"": ""0x58fac4ccbef81bc1b071ab7172615a76418f8fe2ac9f52ae2510e8b8f8099b32"", ""size"": 358.968, ""price"": 0.999, ""timestamp"": 1770991389, ""title"": ""Will Germany win the most medals in the 2026 Winter Olympics?"", ""slug"": ""will-germany-win-the-most-medals-in-the-2026-winter-olympics"", ""icon"": ""https://polymarket-upload.s3.us-east-2.amazonaws.com/will-germany-win-the-most-gold-medals-in-the-2026-winter-olympics-3pDqL6dfzidH.png"", ""eventSlug"": ""2026-winter-olympics-most-medals"", ""outcome"": ""No"", ""outcomeIndex"": 1, ""name"": ""influenz.eth"", ""pseudonym"": ""Real-Veteran"", ""bio"": ""3820"", ""profileImage"": """", ""profileImageOptimized"": """", ""transactionHash"": ""0xeb5c25c084e0db09884543a511ad004be5feda72597010e2eb916eba84a18b10""}"
1770991389,2026-02-13T22:04:32.259022,0x6b66364538bf46f3b398dac7508aba99cf089e12dc480b28d6b15cc08164d37d:1770991389,572473,5031084282167950494806674428243037744881029417420880897305642929037077494331,BUY,0.999,95.0,94.905,0x6b66364538bf46f3b398dac7508aba99cf089e12dc480b28d6b15cc08164d37d,"{""proxyWallet"": ""0xcd91a549956854fdc38efad7e80ff5da8f5432b8"", ""side"": ""BUY"", ""asset"": ""45138381103146830093572614537741618662316693380734664045197149754832765934803"", ""conditionId"": ""0x58fac4ccbef81bc1b071ab7172615a76418f8fe2ac9f52ae2510e8b8f8099b32"", ""size"": 95, ""price"": 0.999, ""timestamp"": 1770991389, ""title"": ""Will Germany win the most medals in the 2026 Winter Olympics?"", ""slug"": ""will-germany-win-the-most-medals-in-the-2026-winter-olympics"", ""icon"": ""https://polymarket-upload.s3.us-east-2.amazonaws.com/will-germany-win-the-most-gold-medals-in-the-2026-winter-olympics-3pDqL6dfzidH.png"", ""eventSlug"": ""2026-winter-olympics-most-medals"", ""outcome"": ""No"", ""outcomeIndex"": 1, ""name"": ""Novus0rdoSeclorum"", ""pseudonym"": ""Giddy-Chafe"", ""bio"": """", ""profileImage"": ""https://polymarket-upload.s3.us-east-2.amazonaws.com/profile-image-3006553-d3f0a094-9641-4093-8f50-fcf4f8ce8b6c.png"", ""profileImageOptimized"": """", ""transactionHash"": ""0x6b66364538bf46f3b398dac7508aba99cf089e12dc480b28d6b15cc08164d37d""}"
1770991389,2026-02-13T22:04:32.259038,0x1ed4ceceb47840cbe03a3a68f33bc46e0a9e4e8f56bcc8d42a0fc584e26e6901:1770991389,572473,5031084282167950494806674428243037744881029417420880897305642929037077494331,BUY,0.8,95.0,76.0,0x1ed4ceceb47840cbe03a3a68f33bc46e0a9e4e8f56bcc8d42a0fc584e26e6901,"{""proxyWallet"": ""0xcd91a549956854fdc38efad7e80ff5da8f5432b8"", ""side"": ""BUY"", ""asset"": ""97158575536203859935833785194265603050341344229095603813614668582669950917161"", ""conditionId"": ""0x7d658ac249e3833231e2eb5375f0e6c57d7686a1208fa986bfb6aef99cdc9681"", ""size"": 95, ""price"": 0.8, ""timestamp"": 1770991389, ""title"": ""Will the United States win the most medals in the 2026 Winter Olympics?"", ""slug"": ""will-the-united-states-win-the-most-medals-in-the-2026-winter-olympics"", ""icon"": ""https://polymarket-upload.s3.us-east-2.amazonaws.com/will-the-united-states-win-the-most-gold-medals-in-the-2026-winter-olympics-I4We15kl5NI1.png"", ""eventSlug"": ""2026-winter-olympics-most-medals"", ""outcome"": ""No"", ""outcomeIndex"": 1, ""name"": ""Novus0rdoSeclorum"", ""pseudonym"": ""Giddy-Chafe"", ""bio"": """", ""profileImage"": ""https://polymarket-upload.s3.us-east-2.amazonaws.com/profile-image-3006553-d3f0a094-9641-4093-8f50-fcf4f8ce8b6c.png"", ""profileImageOptimized"": """", ""transactionHash"": ""0x1ed4ceceb47840cbe03a3a68f33bc46e0a9e4e8f56bcc8d42a0fc584e26e6901""}"
1770991389,2026-02-13T22:04:32.259059,0x15ad2e53a7ed7c039cd63da364fc8c8e3aab9b46aa68e6a592994a96aa0ec1b1:1770991389,572473,5031084282167950494806674428243037744881029417420880897305642929037077494331,SELL,0.2,1.0,0.2,0x15ad2e53a7ed7c039cd63da364fc8c8e3aab9b46aa68e6a592994a96aa0ec1b1,"{""proxyWallet"": ""0xe3726a1b9c6ba2f06585d1c9e01d00afaedaeb38"", ""side"": ""SELL"", ""asset"": ""59592458272795269751135156838957871846215950681303118579370928325544984039115"", ""conditionId"": ""0x7d658ac249e3833231e2eb5375f0e6c57d7686a1208fa986bfb6aef99cdc9681"", ""size"": 1, ""price"": 0.2, ""timestamp"": 1770991389, ""title"": ""Will the United States win the most medals in the 2026 Winter Olympics?"", ""slug"": ""will-the-united-states-win-the-most-medals-in-the-2026-winter-olympics"", ""icon"": ""https://polymarket-upload.s3.us-east-2.amazonaws.com/will-the-united-states-win-the-most-gold-medals-in-the-2026-winter-olympics-I4We15kl5NI1.png"", ""eventSlug"": ""2026-winter-olympics-most-medals"", ""outcome"": ""Yes"", ""outcomeIndex"": 0, ""name"": ""cry.eth2"", ""pseudonym"": ""Awkward-Patriot"", ""bio"": ""amm"", ""profileImage"": """", ""profileImageOptimized"": """", ""transactionHash"": ""0x15ad2e53a7ed7c039cd63da364fc8c8e3aab9b46aa68e6a592994a96aa0ec1b1""}"
1770991389,2026-02-13T22:04:32.259075,0x2a8f8de4f36f6fe661acdb73946fea4bef6a3ed41d83fc176dd49199462b5435:1770991389,572473,5031084282167950494806674428243037744881029417420880897305642929037077494331,SELL,0.001,1.0,0.001,0x2a8f8de4f36f6fe661acdb73946fea4bef6a3ed41d83fc176dd49199462b5435,"{""proxyWallet"": ""0xe3726a1b9c6ba2f06585d1c9e01d00afaedaeb38"", ""side"": ""SELL"", ""asset"": ""101712910572402512590283498860352772596318173558564598801167849103398831367984"", ""conditionId"": ""0x58fac4ccbef81bc1b071ab7172615a76418f8fe2ac9f52ae2510e8b8f8099b32"", ""size"": 1, ""price"": 0.001, ""timestamp"": 1770991389, ""title"": ""Will Germany win the most medals in the 2026 Winter Olympics?"", ""slug"": ""will-germany-win-the-most-medals-in-the-2026-winter-olympics"", ""icon"": ""https://polymarket-upload.s3.us-east-2.amazonaws.com/will-germany-win-the-most-gold-medals-in-the-2026-winter-olympics-3pDqL6dfzidH.png"", ""eventSlug"": ""2026-winter-olympics-most-medals"", ""outcome"": ""Yes"", ""outcomeIndex"": 0, ""name"": ""cry.eth2"", ""pseudonym"": ""Awkward-Patriot"", ""bio"": ""amm"", ""profileImage"": """", ""profileImageOptimized"": """", ""transactionHash"": ""0x2a8f8de4f36f6fe661acdb73946fea4bef6a3ed41d83fc176dd49199462b5435""}"
1770991389,2026-02-13T22:04:32.259091,0xae9abdc7b860bc137a339f535e8035f151d03086413eb02017811e7e4eb05419:1770991389,572473,5031084282167950494806674428243037744881029417420880897305642929037077494331,BUY,0.4699998777999096,2.127658,0.999999,0xae9abdc7b860bc137a339f535e8035f151d03086413eb02017811e7e4eb05419,"{""proxyWallet"": ""0xbd4dc7a0fee79017f67f385f5449ce2967897a8e"", ""side"": ""BUY"", ""asset"": ""4178531277101930988692310013213248114472964389143173804873458721353665392131"", ""conditionId"": ""0xc25ee227bc4c49a871b1e0a50f13bf10006a43506349e60e5cd4d4936c6f9f5c"", ""size"": 2.127658, ""price"": 0.4699998777999096, ""timestamp"": 1770991389, ""title"": ""Bitcoin Up or Down - February 13, 9:00AM-9:15AM ET"", ""slug"": ""btc-updown-15m-1770991200"", ""icon"": ""https://polymarket-upload.s3.us-east-2.amazonaws.com/BTC+fullsize.png"", ""eventSlug"": ""btc-updown-15m-1770991200"", ""outcome"": ""Down"", ""outcomeIndex"": 1, ""name"": ""aj4321"", ""pseudonym"": ""All-Family"", ""bio"": """", ""profileImage"": """", ""profileImageOptimized"": """", ""transactionHash"": ""0xae9abdc7b860bc137a339f535e8035f151d03086413eb02017811e7e4eb05419""}"
1770991389,2026-02-13T22:04:32.259108,0x558d48125e21f09262f856b72064389cfdbf280608e5f6c15a308d479957c95b:1770991389,572473,5031084282167950494806674428243037744881029417420880897305642929037077494331,BUY,0.6,5.0,3.0,0x558d48125e21f09262f856b72064389cfdbf280608e5f6c15a308d479957c95b,"{""proxyWallet"": ""0x036b9d7baa206a61cb4a17b808b069623f761fab"", ""side"": ""BUY"", ""asset"": ""103113681792692991556970945389717615316252630965884298246636246147703360545670"", ""conditionId"": ""0xe6d7778a251fd3782c7cb85ce588419a10a80a7e0b2d8de85ff4653d8cc7fb65"", ""size"": 5, ""price"": 0.6, ""timestamp"": 1770991389, ""title"": ""Bitcoin Up or Down - February 13, 9:00AM-9:05AM ET"", ""slug"": ""btc-updown-5m-1770991200"", ""icon"": ""https://polymarket-upload.s3.us-east-2.amazonaws.com/BTC+fullsize.png"", ""eventSlug"": ""btc-updown-5m-1770991200"", ""outcome"": ""Up"", ""outcomeIndex"": 0, ""name"": ""1GOuO0701"", ""pseudonym"": ""Relieved-Geek"", ""bio"": """", ""profileImage"": """", ""profileImageOptimized"": """", ""transactionHash"": ""0x558d48125e21f09262f856b72064389cfdbf280608e5f6c15a308d479957c95b""}"
1770991389,2026-02-13T22:04:32.259123,0x5249e1ac35a44bc1ac3f5295abe37fa29ebbe279e614e0428a69df4c807ea22b:1770991389,572473,5031084282167950494806674428243037744881029417420880897305642929037077494331,BUY,0.6,1.666665,0.999999,0x5249e1ac35a44bc1ac3f5295abe37fa29ebbe279e614e0428a69df4c807ea22b,"{""proxyWallet"": ""0xf95b908b3eae56b76f55f95d16c2d964082d6073"", ""side"": ""BUY"", ""asset"": ""103113681792692991556970945389717615316252630965884298246636246147703360545670"", ""conditionId"": ""0xe6d7778a251fd3782c7cb85ce588419a10a80a7e0b2d8de85ff4653d8cc7fb65"", ""size"": 1.666665, ""price"": 0.6, ""timestamp"": 1770991389, ""title"": ""Bitcoin Up or Down - February 13, 9:00AM-9:05AM ET"", ""slug"": ""btc-updown-5m-1770991200"", ""icon"": ""https://polymarket-upload.s3.us-east-2.amazonaws.com/BTC+fullsize.png"", ""eventSlug"": ""btc-updown-5m-1770991200"", ""outcome"": ""Up"", ""outcomeIndex"": 0, ""name"": ""zhga"", ""pseudonym"": ""Great-Console"", ""bio"": """", ""profileImage"": """", ""profileImageOptimized"": """", ""transactionHash"": ""0x5249e1ac35a44bc1ac3f5295abe37fa29ebbe279e614e0428a69df4c807ea22b""}"
1770991389,2026-02-13T22:04:32.259142,0x78b49515ec13845cc886346175112a97acc7c3f0252aed7ef5b2154731a83e84:1770991389,572473,5031084282167950494806674428243037744881029417420880897305642929037077494331,BUY,0.55,1.81818,0.9999990000000001,0x78b49515ec13845cc886346175112a97acc7c3f0252aed7ef5b2154731a83e84,"{""proxyWallet"": ""0x2e7c4fa0976bff9bd27b2b4aa5656eb0101f6f95"", ""side"": ""BUY"", ""asset"": ""110748711374820569359883372222362488325750412392716791218364451379285809571583"", ""conditionId"": ""0xb8494772912dee947a076235a84d2ec410495a7da3c08c3d7100175b6a80559f"", ""size"": 1.81818, ""price"": 0.55, ""timestamp"": 1770991389, ""title"": ""Solana Up or Down - February 13, 9:00AM-9:15AM ET"", ""slug"": ""sol-updown-15m-1770991200"", ""icon"": ""https://polymarket-upload.s3.us-east-2.amazonaws.com/SOL+fullsize.png"", ""eventSlug"": ""sol-updown-15m-1770991200"", ""outcome"": ""Down"", ""outcomeIndex"": 1, ""name"": ""0x2E7c4fA0976BfF9BD27b2b4Aa5656eb0101F6f95-1769524073685"", ""pseudonym"": ""Healthy-Spoon"", ""bio"": """", ""profileImage"": """", ""profileImageOptimized"": """", ""transactionHash"": ""0x78b49515ec13845cc886346175112a97acc7c3f0252aed7ef5b2154731a83e84""}"
1770991389,2026-02-13T22:04:32.259162,0xc300ac0a9f894f9702104be1fcb8415ce000d6f35d05deb8ee4f89346e68b062:1770991389,572473,5031084282167950494806674428243037744881029417420880897305642929037077494331,BUY,0.54,5.0,2.7,0xc300ac0a9f894f9702104be1fcb8415ce000d6f35d05deb8ee4f89346e68b062,"{""proxyWallet"": ""0x036b9d7baa206a61cb4a17b808b069623f761fab"", ""side"": ""BUY"", ""asset"": ""69403035397932509667051031905442359043677740034943388398868889632217519882110"", ""conditionId"": ""0xc25ee227bc4c49a871b1e0a50f13bf10006a43506349e60e5cd4d4936c6f9f5c"", ""size"": 5, ""price"": 0.54, ""timestamp"": 1770991389, ""title"": ""Bitcoin Up or Down - February 13, 9:00AM-9:15AM ET"", ""slug"": ""btc-updown-15m-1770991200"", ""icon"": ""https://polymarket-upload.s3.us-east-2.amazonaws.com/BTC+fullsize.png"", ""eventSlug"": ""btc-updown-15m-1770991200"", ""outcome"": ""Up"", ""outcomeIndex"": 0, ""name"": ""1GOuO0701"", ""pseudonym"": ""Relieved-Geek"", ""bio"": """", ""profileImage"": """", ""profileImageOptimized"": """", ""transactionHash"": ""0xc300ac0a9f894f9702104be1fcb8415ce000d6f35d05deb8ee4f89346e68b062""}"
1770991389,2026-02-13T22:04:32.259184,0xea12a45b6107c6d593b6b9944066bb6c7fd0369851e93746a8f413a64f611a99:1770991389,572473,5031084282167950494806674428243037744881029417420880897305642929037077494331,BUY,0.54,1.85185,0.9999990000000001,0xea12a45b6107c6d593b6b9944066bb6c7fd0369851e93746a8f413a64f611a99,"{""proxyWallet"": ""0xbd4dc7a0fee79017f67f385f5449ce2967897a8e"", ""side"": ""BUY"", ""asset"": ""69403035397932509667051031905442359043677740034943388398868889632217519882110"", ""conditionId"": ""0xc25ee227bc4c49a871b1e0a50f13bf10006a43506349e60e5cd4d4936c6f9f5c"", ""size"": 1.85185, ""price"": 0.54, ""timestamp"": 1770991389, ""title"": ""Bitcoin Up or Down - February 13, 9:00AM-9:15AM ET"", ""slug"": ""btc-updown-15m-1770991200"", ""icon"": ""https://polymarket-upload.s3.us-east-2.amazonaws.com/BTC+fullsize.png"", ""eventSlug"": ""btc-updown-15m-1770991200"", ""outcome"": ""Up"", ""outcomeIndex"": 0, ""name"": ""aj4321"", ""pseudonym"": ""All-Family"", ""bio"": """", ""profileImage"": """", ""profileImageOptimized"": """", ""transactionHash"": ""0xea12a45b6107c6d593b6b9944066bb6c7fd0369851e93746a8f413a64f611a99""}"
1770991389,2026-02-13T22:04:32.259200,0xfb37777d1ab211cafc5936c0fef915a3c13268cdf399fce3eb6d79bdcbc47c6e:1770991389,572473,5031084282167950494806674428243037744881029417420880897305642929037077494331,BUY,0.6,16.666665,9.999998999999999,0xfb37777d1ab211cafc5936c0fef915a3c13268cdf399fce3eb6d79bdcbc47c6e,"{""proxyWallet"": ""0x72b899b10f72c4dc439259d2f28349ce3151b7ee"", ""side"": ""BUY"", ""asset"": ""103113681792692991556970945389717615316252630965884298246636246147703360545670"", ""conditionId"": ""0xe6d7778a251fd3782c7cb85ce588419a10a80a7e0b2d8de85ff4653d8cc7fb65"", ""size"": 16.666665, ""price"": 0.6, ""timestamp"": 1770991389, ""title"": ""Bitcoin Up or Down - February 13, 9:00AM-9:05AM ET"", ""slug"": ""btc-updown-5m-1770991200"", ""icon"": ""https://polymarket-upload.s3.us-east-2.amazonaws.com/BTC+fullsize.png"", ""eventSlug"": ""btc-updown-5m-1770991200"", ""outcome"": ""Up"", ""outcomeIndex"": 0, ""name"": ""dellal9"", ""pseudonym"": ""Portly-Setting"", ""bio"": """", ""profileImage"": """", ""profileImageOptimized"": """", ""transactionHash"": ""0xfb37777d1ab211cafc5936c0fef915a3c13268cdf399fce3eb6d79bdcbc47c6e""}"
1770991389,2026-02-13T22:04:32.259220,0x6a42067edb8317a615b9dd93ba9bcbb702d6d655b7e9d71b10d1f1cf000ddd37:1770991389,572473,5031084282167950494806674428243037744881029417420880897305642929037077494331,SELL,0.999,11.54,11.528459999999999,0x6a42067edb8317a615b9dd93ba9bcbb702d6d655b7e9d71b10d1f1cf000ddd37,"{""proxyWallet"": ""0x9a716fd00fe4ef65dc065f52425fbe975438aa33"", ""side"": ""SELL"", ""asset"": ""3313989820090902594602824648389131009923518873447635741323752686153047104080"", ""conditionId"": ""0xb567c2ec8c02875ac25f5712b331e9fbdf9308e39168cabe5a907fa45dab0a1a"", ""size"": 11.54, ""price"": 0.999, ""timestamp"": 1770991389, ""title"": ""Valorant: Nongshim RedForce vs Rex Regum Qeon (BO5) - VCT Pacific Kickoff Playoffs"", ""slug"": ""val-ns1-rrq1-2026-02-13"", ""icon"": ""https://polymarket-upload.s3.us-east-2.amazonaws.com/league_images/val/valorant-vct-2021-north-america-stage-1-challengers-1.png"", ""eventSlug"": ""val-ns1-rrq1-2026-02-13"", ""outcome"": ""Nongshim RedForce"", ""outcomeIndex"": 0, ""name"": ""carrickthegoat2424"", ""pseudonym"": ""Generous-Postage"", ""bio"": ""hello"", ""profileImage"": ""https://polymarket-upload.s3.us-east-2.amazonaws.com/profile-image-5803946-cf62be2f-da49-418e-a5e4-359ce4cba75d.png"", ""profileImageOptimized"": """", ""transactionHash"": ""0x6a42067edb8317a615b9dd93ba9bcbb702d6d655b7e9d71b10d1f1cf000ddd37""}"
1770991389,2026-02-13T22:04:32.259238,0x95f57fba1297a8f1b38a8b254fa4c2622e5d4c369101025e571398700a231822:1770991389,572473,5031084282167950494806674428243037744881029417420880897305642929037077494331,BUY,0.40999992670388274,4.365852,1.789999,0x95f57fba1297a8f1b38a8b254fa4c2622e5d4c369101025e571398700a231822,"{""proxyWallet"": ""0x99593b564906a1d1aaf6d593002133c307f9a80a"", ""side"": ""BUY"", ""asset"": ""103807399772237456132074327176954242081040135132696257639590711661401730464890"", ""conditionId"": ""0xe6d7778a251fd3782c7cb85ce588419a10a80a7e0b2d8de85ff4653d8cc7fb65"", ""size"": 4.365852, ""price"": 0.40999992670388274, ""timestamp"": 1770991389, ""title"": ""Bitcoin Up or Down - February 13, 9:00AM-9:05AM ET"", ""slug"": ""btc-updown-5m-1770991200"", ""icon"": ""https://polymarket-upload.s3.us-east-2.amazonaws.com/BTC+fullsize.png"", ""eventSlug"": ""btc-updown-5m-1770991200"", ""outcome"": ""Down"", ""outcomeIndex"": 1, ""name"": """", ""pseudonym"": """", ""bio"": """", ""profileImage"": """", ""profileImageOptimized"": """", ""transactionHash"": ""0x95f57fba1297a8f1b38a8b254fa4c2622e5d4c369101025e571398700a231822""}"
1770991389,2026-02-13T22:04:32.259255,0xde41bca4a508b28e7f12bbdb69e4e43ec3331ff960b8263b9d0987d4844628a2:1770991389,572473,5031084282167950494806674428243037744881029417420880897305642929037077494331,BUY,0.469999952635627,2.744679,1.2899990000000001,0xde41bca4a508b28e7f12bbdb69e4e43ec3331ff960b8263b9d0987d4844628a2,"{""proxyWallet"": ""0xc05e8ed5969236c55e5f6175472bfa86d5170a24"", ""side"": ""BUY"", ""asset"": ""4178531277101930988692310013213248114472964389143173804873458721353665392131"", ""conditionId"": ""0xc25ee227bc4c49a871b1e0a50f13bf10006a43506349e60e5cd4d4936c6f9f5c"", ""size"": 2.744679, ""price"": 0.469999952635627, ""timestamp"": 1770991389, ""title"": ""Bitcoin Up or Down - February 13, 9:00AM-9:15AM ET"", ""slug"": ""btc-updown-15m-1770991200"", ""icon"": ""https://polymarket-upload.s3.us-east-2.amazonaws.com/BTC+fullsize.png"", ""eventSlug"": ""btc-updown-15m-1770991200"", ""outcome"": ""Down"", ""outcomeIndex"": 1, ""name"": ""bot3000"", ""pseudonym"": ""Warped-Mycoplasma"", ""bio"": """", ""profileImage"": """", ""profileImageOptimized"": """", ""transactionHash"": ""0xde41bca4a508b28e7f12bbdb69e4e43ec3331ff960b8263b9d0987d4844628a2""}"
1770991389,2026-02-13T22:04:32.259271,0x3bac33b3ca3726b983351780d4a659056e037b7872d6681e132a6b5b485af751:1770991389,572473,5031084282167950494806674428243037744881029417420880897305642929037077494331,SELL,0.59,5.4,3.186,0x3bac33b3ca3726b983351780d4a659056e037b7872d6681e132a6b5b485af751,"{""proxyWallet"": ""0xee7b1d6867c805c58a269cb24f334f969cfbce00"", ""side"": ""SELL"", ""asset"": ""103113681792692991556970945389717615316252630965884298246636246147703360545670"", ""conditionId"": ""0xe6d7778a251fd3782c7cb85ce588419a10a80a7e0b2d8de85ff4653d8cc7fb65"", ""size"": 5.4, ""price"": 0.59, ""timestamp"": 1770991389, ""title"": ""Bitcoin Up or Down - February 13, 9:00AM-9:05AM ET"", ""slug"": ""btc-updown-5m-1770991200"", ""icon"": ""https://polymarket-upload.s3.us-east-2.amazonaws.com/BTC+fullsize.png"", ""eventSlug"": ""btc-updown-5m-1770991200"", ""outcome"": ""Up"", ""outcomeIndex"": 0, ""name"": ""0xeE7B1D6867c805C58A269CB24F334F969cfBcE00-1767833720145"", ""pseudonym"": ""Bogus-Staircase"", ""bio"": """", ""profileImage"": """", ""profileImageOptimized"": """", ""transactionHash"": ""0x3bac33b3ca3726b983351780d4a659056e037b7872d6681e132a6b5b485af751""}"
1770991389,2026-02-13T22:04:32.259288,0x74251a2a17d25a67760e2f60a3fe27c6121ca04a62deb7d546316babf41a9f2e:1770991389,572473,5031084282167950494806674428243037744881029417420880897305642929037077494331,BUY,0.4099998462499509,3.512194,1.439999,0x74251a2a17d25a67760e2f60a3fe27c6121ca04a62deb7d546316babf41a9f2e,"{""proxyWallet"": ""0xda736ffeafa09f61c10c65f01e21ccb9c4b60e08"", ""side"": ""BUY"", ""asset"": ""103807399772237456132074327176954242081040135132696257639590711661401730464890"", ""conditionId"": ""0xe6d7778a251fd3782c7cb85ce588419a10a80a7e0b2d8de85ff4653d8cc7fb65"", ""size"": 3.512194, ""price"": 0.4099998462499509, ""timestamp"": 1770991389, ""title"": ""Bitcoin Up or Down - February 13, 9:00AM-9:05AM ET"", ""slug"": ""btc-updown-5m-1770991200"", ""icon"": ""https://polymarket-upload.s3.us-east-2.amazonaws.com/BTC+fullsize.png"", ""eventSlug"": ""btc-updown-5m-1770991200"", ""outcome"": ""Down"", ""outcomeIndex"": 1, ""name"": ""0xdA736ffeafa09F61c10C65f01E21CCB9c4B60e08-1768445356961"", ""pseudonym"": ""Corrupt-Mantel"", ""bio"": """", ""profileImage"": """", ""profileImageOptimized"": """", ""transactionHash"": ""0x74251a2a17d25a67760e2f60a3fe27c6121ca04a62deb7d546316babf41a9f2e""}"
1770991389,2026-02-13T22:04:32.259304,0x6bc27150b8f1b0e00c941364dc462f2c4c92e84f7701a3090886a26fe517c548:1770991389,572473,5031084282167950494806674428243037744881029417420880897305642929037077494331,BUY,0.47,15.0,7.05,0x6bc27150b8f1b0e00c941364dc462f2c4c92e84f7701a3090886a26fe517c548,"{""proxyWallet"": ""0x818f214c7f3e479cce1d964d53fe3db7297558cb"", ""side"": ""BUY"", ""asset"": ""4178531277101930988692310013213248114472964389143173804873458721353665392131"", ""conditionId"": ""0xc25ee227bc4c49a871b1e0a50f13bf10006a43506349e60e5cd4d4936c6f9f5c"", ""size"": 15, ""price"": 0.47, ""timestamp"": 1770991389, ""title"": ""Bitcoin Up or Down - February 13, 9:00AM-9:15AM ET"", ""slug"": ""btc-updown-15m-1770991200"", ""icon"": ""https://polymarket-upload.s3.us-east-2.amazonaws.com/BTC+fullsize.png"", ""eventSlug"": ""btc-updown-15m-1770991200"", ""outcome"": ""Down"", ""outcomeIndex"": 1, ""name"": ""livebreathevolatility"", ""pseudonym"": ""Decent-Dune"", ""bio"": """", ""profileImage"": """", ""profileImageOptimized"": """", ""transactionHash"": ""0x6bc27150b8f1b0e00c941364dc462f2c4c92e84f7701a3090886a26fe517c548""}"
1770991389,2026-02-13T22:04:32.259319,0x6eaff8f850ca07082157cfbda186ed256b904f58148200c9e6a84b689a23c35a:1770991389,572473,5031084282167950494806674428243037744881029417420880897305642929037077494331,BUY,0.995,725.1456,721.519872,0x6eaff8f850ca07082157cfbda186ed256b904f58148200c9e6a84b689a23c35a,"{""proxyWallet"": ""0xb21e19dad9461b60d55316f26d22e73f772863f7"", ""side"": ""BUY"", ""asset"": ""82502710596437163348308378521149082521990735368840065096352406278737871407553"", ""conditionId"": ""0xb02e8bc0b915c7d6fc79363f84ca301edeb3c5cd7a7c30cf9517cb4a49a96e35"", ""size"": 725.1456, ""price"": 0.995, ""timestamp"": 1770991389, ""title"": ""US strikes Iran by February 13, 2026?"", ""slug"": ""us-strikes-iran-by-february-13-2026-721-759-497-124-197-797-992-641-418-789-676-262-791-574-169-647-275-931"", ""icon"": ""https://polymarket-upload.s3.us-east-2.amazonaws.com/us-strikes-iran-by-october-3-2sVnIHq3sjqF.jpg"", ""eventSlug"": ""us-strikes-iran-by"", ""outcome"": ""No"", ""outcomeIndex"": 1, ""name"": ""0xb21E19Dad9461b60d55316F26d22E73F772863F7-1769441291238"", ""pseudonym"": ""Unwieldy-Brief"", ""bio"": """", ""profileImage"": """", ""profileImageOptimized"": """", ""transactionHash"": ""0x6eaff8f850ca07082157cfbda186ed256b904f58148200c9e6a84b689a23c35a""}"
1770991389,2026-02-13T22:04:32.259336,0xe22ca69b29151bc0295d38dd786336e057da3961269b29cc718b6a614c6b7fb5:1770991389,572473,5031084282167950494806674428243037744881029417420880897305642929037077494331,BUY,0.47,5.0,2.3499999999999996,0xe22ca69b29151bc0295d38dd786336e057da3961269b29cc718b6a614c6b7fb5,"{""proxyWallet"": ""0x6610e2c03c8d7866731ac10508a4bf7f6045ff9b"", ""side"": ""BUY"", ""asset"": ""4178531277101930988692310013213248114472964389143173804873458721353665392131"", ""conditionId"": ""0xc25ee227bc4c49a871b1e0a50f13bf10006a43506349e60e5cd4d4936c6f9f5c"", ""size"": 5, ""price"": 0.47, ""timestamp"": 1770991389, ""title"": ""Bitcoin Up or Down - February 13, 9:00AM-9:15AM ET"", ""slug"": ""btc-updown-15m-1770991200"", ""icon"": ""https://polymarket-upload.s3.us-east-2.amazonaws.com/BTC+fullsize.png"", ""eventSlug"": ""btc-updown-15m-1770991200"", ""outcome"": ""Down"", ""outcomeIndex"": 1, ""name"": ""LifeChangingOpportunity"", ""pseudonym"": ""Plush-Refusal"", ""bio"": ""The answer is yes."", ""profileImage"": """", ""profileImageOptimized"": """", ""transactionHash"": ""0xe22ca69b29151bc0295d38dd786336e057da3961269b29cc718b6a614c6b7fb5""}"
1770991389,2026-02-13T22:04:32.259353,0xa6e58df150defb9596a218919461b870b9fc2ef8f004a1d840264ae21122d4b6:1770991389,572473,5031084282167950494806674428243037744881029417420880897305642929037077494331,BUY,0.975,6.83,6.65925,0xa6e58df150defb9596a218919461b870b9fc2ef8f004a1d840264ae21122d4b6,"{""proxyWallet"": ""0x6404017e76c8dc144c0105d942d9bb5590a2f196"", ""side"": ""BUY"", ""asset"": ""89583750619685919288529227940499376627709600906606441827990267207802403990511"", ""conditionId"": ""0xb755d7a41ab845801e7b03e69c763169880c9970d12aaf4a90a40aa97da4c65e"", ""size"": 6.83, ""price"": 0.975, ""timestamp"": 1770991389, ""title"": ""US strikes Iran by February 17, 2026?"", ""slug"": ""us-strikes-iran-by-february-17-2026-833"", ""icon"": ""https://polymarket-upload.s3.us-east-2.amazonaws.com/us-strikes-iran-by-october-3-2sVnIHq3sjqF.jpg"", ""eventSlug"": ""us-strikes-iran-by"", ""outcome"": ""No"", ""outcomeIndex"": 1, ""name"": ""n3q5zoyd"", ""pseudonym"": ""Spanish-Nanoparticle"", ""bio"": """", ""profileImage"": """", ""profileImageOptimized"": """", ""transactionHash"": ""0xa6e58df150defb9596a218919461b870b9fc2ef8f004a1d840264ae21122d4b6""}"
1770991389,2026-02-13T22:04:32.259369,0x7c3509e80cdc87af89ae6070710cd35edb3fcb353a4de924308a188ab097729b:1770991389,572473,5031084282167950494806674428243037744881029417420880897305642929037077494331,BUY,0.4699998777999096,2.127658,0.999999,0x7c3509e80cdc87af89ae6070710cd35edb3fcb353a4de924308a188ab097729b,"{""proxyWallet"": ""0xbd4dc7a0fee79017f67f385f5449ce2967897a8e"", ""side"": ""BUY"", ""asset"": ""4178531277101930988692310013213248114472964389143173804873458721353665392131"", ""conditionId"": ""0xc25ee227bc4c49a871b1e0a50f13bf10006a43506349e60e5cd4d4936c6f9f5c"", ""size"": 2.127658, ""price"": 0.4699998777999096, ""timestamp"": 1770991389, ""title"": ""Bitcoin Up or Down - February 13, 9:00AM-9:15AM ET"", ""slug"": ""btc-updown-15m-1770991200"", ""icon"": ""https://polymarket-upload.s3.us-east-2.amazonaws.com/BTC+fullsize.png"", ""eventSlug"": ""btc-updown-15m-1770991200"", ""outcome"": ""Down"", ""outcomeIndex"": 1, ""name"": ""aj4321"", ""pseudonym"": ""All-Family"", ""bio"": """", ""profileImage"": """", ""profileImageOptimized"": """", ""transactionHash"": ""0x7c3509e80cdc87af89ae6070710cd35edb3fcb353a4de924308a188ab097729b""}"
1770991389,2026-02-13T22:04:32.259385,0xc7cad010f1c1f60ff6c3e638da4c43574fda8a74be0cae8fd4b01ef7d1244751:1770991389,572473,5031084282167950494806674428243037744881029417420880897305642929037077494331,BUY,0.48,2.6875,1.29,0xc7cad010f1c1f60ff6c3e638da4c43574fda8a74be0cae8fd4b01ef7d1244751,"{""proxyWallet"": ""0xc05e8ed5969236c55e5f6175472bfa86d5170a24"", ""side"": ""BUY"", ""asset"": ""103924929148213339450168629019405689953188250690020471055161569308682684050404"", ""conditionId"": ""0xa5e0ef40d488545df56c9d30692efadb3e46cfe2c65ef6cdad5c82eff642bc7d"", ""size"": 2.6875, ""price"": 0.48, ""timestamp"": 1770991389, ""title"": ""Ethereum Up or Down - February 13, 9:00AM-9:15AM ET"", ""slug"": ""eth-updown-15m-1770991200"", ""icon"": ""https://polymarket-upload.s3.us-east-2.amazonaws.com/ETH+fullsize.jpg"", ""eventSlug"": ""eth-updown-15m-1770991200"", ""outcome"": ""Down"", ""outcomeIndex"": 1, ""name"": ""bot3000"", ""pseudonym"": ""Warped-Mycoplasma"", ""bio"": """", ""profileImage"": """", ""profileImageOptimized"": """", ""transactionHash"": ""0xc7cad010f1c1f60ff6c3e638da4c43574fda8a74be0cae8fd4b01ef7d1244751""}"
1770991389,2026-02-13T22:04:32.259402,0x824c2e6880820e1a9c804eeaa64f298cd5bf3f587f4ec031b9597fa45ff95f6f:1770991389,572473,5031084282167950494806674428243037744881029417420880897305642929037077494331,BUY,0.41,89.0,36.489999999999995,0x824c2e6880820e1a9c804eeaa64f298cd5bf3f587f4ec031b9597fa45ff95f6f,"{""proxyWallet"": ""0x1d0034134e339a309700ff2d34e99fa2d48b0313"", ""side"": ""BUY"", ""asset"": ""103807399772237456132074327176954242081040135132696257639590711661401730464890"", ""conditionId"": ""0xe6d7778a251fd3782c7cb85ce588419a10a80a7e0b2d8de85ff4653d8cc7fb65"", ""size"": 89, ""price"": 0.41, ""timestamp"": 1770991389, ""title"": ""Bitcoin Up or Down - February 13, 9:00AM-9:05AM ET"", ""slug"": ""btc-updown-5m-1770991200"", ""icon"": ""https://polymarket-upload.s3.us-east-2.amazonaws.com/BTC+fullsize.png"", ""eventSlug"": ""btc-updown-5m-1770991200"", ""outcome"": ""Down"", ""outcomeIndex"": 1, ""name"": ""0x1d0034134e339a309700ff2d34e99fa2d48b031"", ""pseudonym"": ""Canine-Commandment"", ""bio"": """", ""profileImage"": """", ""profileImageOptimized"": """", ""transactionHash"": ""0x824c2e6880820e1a9c804eeaa64f298cd5bf3f587f4ec031b9597fa45ff95f6f""}"
1770991389,2026-02-13T22:04:32.259417,0x8238c5ec5519184e5bf097472a78f90e40bc9229f5d08b7be9302649221cb850:1770991389,572473,5031084282167950494806674428243037744881029417420880897305642929037077494331,BUY,0.9789999996083989,15.321714,14.999958,0x8238c5ec5519184e5bf097472a78f90e40bc9229f5d08b7be9302649221cb850,"{""proxyWallet"": ""0xec0f73325459e0fb474cb20bab1fa306f53c5e98"", ""side"": ""BUY"", ""asset"": ""57767232140257755196044659689827484068336166427139819934997661278833925352929"", ""conditionId"": ""0x7916dd9b74e8e87343a35e0eae5d4a37bd5309bf7ee476f88521c78afb635786"", ""size"": 15.321714, ""price"": 0.9789999996083989, ""timestamp"": 1770991389, ""title"": ""Spread: FC Alverca (-2.5)"", ""slug"": ""por-ton-alv-2026-02-13-spread-away-2pt5"", ""icon"": """", ""eventSlug"": ""por-ton-alv-2026-02-13-more-markets"", ""outcome"": ""CD Tondela"", ""outcomeIndex"": 1, ""name"": ""Mickymice123"", ""pseudonym"": ""Prickly-Banyan"", ""bio"": """", ""profileImage"": """", ""profileImageOptimized"": """", ""transactionHash"": ""0x8238c5ec5519184e5bf097472a78f90e40bc9229f5d08b7be9302649221cb850""}"
1770991389,2026-02-13T22:04:32.259433,0xa3c6ccad75009ef7805394761693fc31ee498dfc589ec707f74cb39dad41eed7:1770991389,572473,5031084282167950494806674428243037744881029417420880897305642929037077494331,BUY,0.4099998462499509,3.512194,1.439999,0xa3c6ccad75009ef7805394761693fc31ee498dfc589ec707f74cb39dad41eed7,"{""proxyWallet"": ""0xda736ffeafa09f61c10c65f01e21ccb9c4b60e08"", ""side"": ""BUY"", ""asset"": ""103807399772237456132074327176954242081040135132696257639590711661401730464890"", ""conditionId"": ""0xe6d7778a251fd3782c7cb85ce588419a10a80a7e0b2d8de85ff4653d8cc7fb65"", ""size"": 3.512194, ""price"": 0.4099998462499509, ""timestamp"": 1770991389, ""title"": ""Bitcoin Up or Down - February 13, 9:00AM-9:05AM ET"", ""slug"": ""btc-updown-5m-1770991200"", ""icon"": ""https://polymarket-upload.s3.us-east-2.amazonaws.com/BTC+fullsize.png"", ""eventSlug"": ""btc-updown-5m-1770991200"", ""outcome"": ""Down"", ""outcomeIndex"": 1, ""name"": ""0xdA736ffeafa09F61c10C65f01E21CCB9c4B60e08-1768445356961"", ""pseudonym"": ""Corrupt-Mantel"", ""bio"": """", ""profileImage"": """", ""profileImageOptimized"": """", ""transactionHash"": ""0xa3c6ccad75009ef7805394761693fc31ee498dfc589ec707f74cb39dad41eed7""}"
1770991389,2026-02-13T22:04:32.259453,0x6f2efd6ff7aac37222845b6f28397deb17ba04fd28c2f74098cabfc58c386ac6:1770991389,572473,5031084282167950494806674428243037744881029417420880897305642929037077494331,BUY,0.759999995279503,42.36842,32.199999,0x6f2efd6ff7aac37222845b6f28397deb17ba04fd28c2f74098cabfc58c386ac6,"{""proxyWallet"": ""0x652acf06b575e45f45fb471d49ada4ab9be54f35"", ""side"": ""BUY"", ""asset"": ""94476829201604408463453426454480212459887267917122244941405244686637914508323"", ""conditionId"": ""0x7ad403c3508f8e3912940fd1a913f227591145ca0614074208e0b962d5fcc422"", ""size"": 42.36842, ""price"": 0.759999995279503, ""timestamp"": 1770991389, ""title"": ""Will JD Vance win the 2028 US Presidential Election?"", ""slug"": ""will-jd-vance-win-the-2028-us-presidential-election"", ""icon"": ""https://polymarket-upload.s3.us-east-2.amazonaws.com/will-jd-vance-win-the-2028-us-presidential-election-P-zEgXjCWbdY.png"", ""eventSlug"": ""presidential-election-winner-2028"", ""outcome"": ""No"", ""outcomeIndex"": 1, ""name"": ""abriwiwg"", ""pseudonym"": ""Half-Manatee"", ""bio"": """", ""profileImage"": """", ""profileImageOptimized"": """", ""transactionHash"": ""0x6f2efd6ff7aac37222845b6f28397deb17ba04fd28c2f74098cabfc58c386ac6""}"
1770991389,2026-02-13T22:04:32.259470,0xcf345e203bd29fd0b27f3af8514f1fdb073da90bb4cd30cd3bca1f2fc6c95996:1770991389,572473,5031084282167950494806674428243037744881029417420880897305642929037077494331,BUY,0.03,254.49,7.6347,0xcf345e203bd29fd0b27f3af8514f1fdb073da90bb4cd30cd3bca1f2fc6c95996,"{""proxyWallet"": ""0xf4ad6aedf5475f2023912cd191eff5ec90ead00b"", ""side"": ""BUY"", ""asset"": ""74478130479911162155746343485057176179917351102801955255514571803182842006787"", ""conditionId"": ""0x56a83aed3b55721f710d28e47e3b9712e77b068e9e14275396d27b57dbe57113"", ""size"": 254.49, ""price"": 0.03, ""timestamp"": 1770991389, ""title"": ""Will Elon Musk post 220-239 tweets from February 13 to February 20, 2026?"", ""slug"": ""elon-musk-of-tweets-february-13-february-20-220-239"", ""icon"": ""https://polymarket-upload.s3.us-east-2.amazonaws.com/elon-musk-of-tweets-nov-22-29-apMPG21-pzx_.jpg"", ""eventSlug"": ""elon-musk-of-tweets-february-13-february-20"", ""outcome"": ""Yes"", ""outcomeIndex"": 0, ""name"": ""Domerina"", ""pseudonym"": ""Similar-Activist"", ""bio"": """", ""profileImage"": ""https://polymarket-upload.s3.us-east-2.amazonaws.com/profile-image-143823-e491b7b5-1564-4717-a2ec-8ccf9c540483.jpg"", ""profileImageOptimized"": """", ""transactionHash"": ""0xcf345e203bd29fd0b27f3af8514f1fdb073da90bb4cd30cd3bca1f2fc6c95996""}"
1770991389,2026-02-13T22:04:32.259488,0xb053d6b4f71f2fb45ef4577fc0b16c6615a6db257a1f4df78694c6f56268fbf6:1770991389,572473,5031084282167950494806674428243037744881029417420880897305642929037077494331,BUY,0.409999869380457,2.756096,1.129999,0xb053d6b4f71f2fb45ef4577fc0b16c6615a6db257a1f4df78694c6f56268fbf6,"{""proxyWallet"": ""0x99593b564906a1d1aaf6d593002133c307f9a80a"", ""side"": ""BUY"", ""asset"": ""103807399772237456132074327176954242081040135132696257639590711661401730464890"", ""conditionId"": ""0xe6d7778a251fd3782c7cb85ce588419a10a80a7e0b2d8de85ff4653d8cc7fb65"", ""size"": 2.756096, ""price"": 0.409999869380457, ""timestamp"": 1770991389, ""title"": ""Bitcoin Up or Down - February 13, 9:00AM-9:05AM ET"", ""slug"": ""btc-updown-5m-1770991200"", ""icon"": ""https://polymarket-upload.s3.us-east-2.amazonaws.com/BTC+fullsize.png"", ""eventSlug"": ""btc-updown-5m-1770991200"", ""outcome"": ""Down"", ""outcomeIndex"": 1, ""name"": """", ""pseudonym"": """", ""bio"": """", ""profileImage"": """", ""profileImageOptimized"": """", ""transactionHash"": ""0xb053d6b4f71f2fb45ef4577fc0b16c6615a6db257a1f4df78694c6f56268fbf6""}"
1770991389,2026-02-13T22:04:32.259503,0xd1be3d2f5b6a68c17365dc6f4c3aae923b33f230826f80134b6e32d9145523aa:1770991389,572473,5031084282167950494806674428243037744881029417420880897305642929037077494331,BUY,0.48,2.6875,1.29,0xd1be3d2f5b6a68c17365dc6f4c3aae923b33f230826f80134b6e32d9145523aa,"{""proxyWallet"": ""0xc05e8ed5969236c55e5f6175472bfa86d5170a24"", ""side"": ""BUY"", ""asset"": ""103924929148213339450168629019405689953188250690020471055161569308682684050404"", ""conditionId"": ""0xa5e0ef40d488545df56c9d30692efadb3e46cfe2c65ef6cdad5c82eff642bc7d"", ""size"": 2.6875, ""price"": 0.48, ""timestamp"": 1770991389, ""title"": ""Ethereum Up or Down - February 13, 9:00AM-9:15AM ET"", ""slug"": ""eth-updown-15m-1770991200"", ""icon"": ""https://polymarket-upload.s3.us-east-2.amazonaws.com/ETH+fullsize.jpg"", ""eventSlug"": ""eth-updown-15m-1770991200"", ""outcome"": ""Down"", ""outcomeIndex"": 1, ""name"": ""bot3000"", ""pseudonym"": ""Warped-Mycoplasma"", ""bio"": """", ""profileImage"": """", ""profileImageOptimized"": """", ""transactionHash"": ""0xd1be3d2f5b6a68c17365dc6f4c3aae923b33f230826f80134b6e32d9145523aa""}"
1770991389,2026-02-13T22:04:32.259519,0x6979371716109cc58ab39a535ce65c2b1aaa10945acb30f36250e6ea356ba1d5:1770991389,572473,5031084282167950494806674428243037744881029417420880897305642929037077494331,BUY,0.6,36.0,21.599999999999998,0x6979371716109cc58ab39a535ce65c2b1aaa10945acb30f36250e6ea356ba1d5,"{""proxyWallet"": ""0x1d0034134e339a309700ff2d34e99fa2d48b0313"", ""side"": ""BUY"", ""asset"": ""103113681792692991556970945389717615316252630965884298246636246147703360545670"", ""conditionId"": ""0xe6d7778a251fd3782c7cb85ce588419a10a80a7e0b2d8de85ff4653d8cc7fb65"", ""size"": 36, ""price"": 0.6, ""timestamp"": 1770991389, ""title"": ""Bitcoin Up or Down - February 13, 9:00AM-9:05AM ET"", ""slug"": ""btc-updown-5m-1770991200"", ""icon"": ""https://polymarket-upload.s3.us-east-2.amazonaws.com/BTC+fullsize.png"", ""eventSlug"": ""btc-updown-5m-1770991200"", ""outcome"": ""Up"", ""outcomeIndex"": 0, ""name"": ""0x1d0034134e339a309700ff2d34e99fa2d48b031"", ""pseudonym"": ""Canine-Commandment"", ""bio"": """", ""profileImage"": """", ""profileImageOptimized"": """", ""transactionHash"": ""0x6979371716109cc58ab39a535ce65c2b1aaa10945acb30f36250e6ea356ba1d5""}"
1770991389,2026-02-13T22:04:32.259535,0x6e9ffe46433e8a978d75f3fa79615bef97dc980f087c5cb33d85aac8ec17e651:1770991389,572473,5031084282167950494806674428243037744881029417420880897305642929037077494331,BUY,0.46999983572805326,2.191488,1.029999,0x6e9ffe46433e8a978d75f3fa79615bef97dc980f087c5cb33d85aac8ec17e651,"{""proxyWallet"": ""0xc05e8ed5969236c55e5f6175472bfa86d5170a24"", ""side"": ""BUY"", ""asset"": ""4178531277101930988692310013213248114472964389143173804873458721353665392131"", ""conditionId"": ""0xc25ee227bc4c49a871b1e0a50f13bf10006a43506349e60e5cd4d4936c6f9f5c"", ""size"": 2.191488, ""price"": 0.46999983572805326, ""timestamp"": 1770991389, ""title"": ""Bitcoin Up or Down - February 13, 9:00AM-9:15AM ET"", ""slug"": ""btc-updown-15m-1770991200"", ""icon"": ""https://polymarket-upload.s3.us-east-2.amazonaws.com/BTC+fullsize.png"", ""eventSlug"": ""btc-updown-15m-1770991200"", ""outcome"": ""Down"", ""outcomeIndex"": 1, ""name"": ""bot3000"", ""pseudonym"": ""Warped-Mycoplasma"", ""bio"": """", ""profileImage"": """", ""profileImageOptimized"": """", ""transactionHash"": ""0x6e9ffe46433e8a978d75f3fa79615bef97dc980f087c5cb33d85aac8ec17e651""}"
1770991389,2026-02-13T22:04:32.259552,0x09c54fda07de71a437dc08ddbf44552dc65f3ed2f8dc288f77f5b5e0b1ac9802:1770991389,572473,5031084282167950494806674428243037744881029417420880897305642929037077494331,BUY,0.53999978399989,2.037036,1.099999,0x09c54fda07de71a437dc08ddbf44552dc65f3ed2f8dc288f77f5b5e0b1ac9802,"{""proxyWallet"": ""0xfb59c4a792375c44c0a599f0851671a21cd1cd74"", ""side"": ""BUY"", ""asset"": ""69403035397932509667051031905442359043677740034943388398868889632217519882110"", ""conditionId"": ""0xc25ee227bc4c49a871b1e0a50f13bf10006a43506349e60e5cd4d4936c6f9f5c"", ""size"": 2.037036, ""price"": 0.53999978399989, ""timestamp"": 1770991389, ""title"": ""Bitcoin Up or Down - February 13, 9:00AM-9:15AM ET"", ""slug"": ""btc-updown-15m-1770991200"", ""icon"": ""https://polymarket-upload.s3.us-east-2.amazonaws.com/BTC+fullsize.png"", ""eventSlug"": ""btc-updown-15m-1770991200"", ""outcome"": ""Up"", ""outcomeIndex"": 0, ""name"": """", ""pseudonym"": """", ""bio"": """", ""profileImage"": """", ""profileImageOptimized"": """", ""transactionHash"": ""0x09c54fda07de71a437dc08ddbf44552dc65f3ed2f8dc288f77f5b5e0b1ac9802""}"
1770991389,2026-02-13T22:04:32.259568,0xe6d3b73f651c1790ad36b70332cdb8ba35de227345c1e3b3408aeeeda88a3962:1770991389,572473,5031084282167950494806674428243037744881029417420880897305642929037077494331,BUY,0.998,141.9535,141.669593,0xe6d3b73f651c1790ad36b70332cdb8ba35de227345c1e3b3408aeeeda88a3962,"{""proxyWallet"": ""0xdd57786f5f36e79b4a91069ba904a5424e3ac169"", ""side"": ""BUY"", ""asset"": ""58694988523991992377735187795461916935881762294261614004311605582751768722087"", ""conditionId"": ""0x3a7f7aa5b6fa5fa628228e97ccf2f48ee7702d98fc63be19277e3db2810ac03c"", ""size"": 141.9535, ""price"": 0.998, ""timestamp"": 1770991389, ""title"": ""Will the price of Solana be above $50 on February 14?"", ""slug"": ""solana-above-50-on-february-14"", ""icon"": ""https://polymarket-upload.s3.us-east-2.amazonaws.com/SOL-logo.png"", ""eventSlug"": ""solana-above-on-february-14"", ""outcome"": ""Yes"", ""outcomeIndex"": 0, ""name"": ""lukasi7"", ""pseudonym"": ""Hard-To-Find-Mask"", ""bio"": ""betmoar-10489"", ""profileImage"": """", ""profileImageOptimized"": """", ""transactionHash"": ""0xe6d3b73f651c1790ad36b70332cdb8ba35de227345c1e3b3408aeeeda88a3962""}"
1770991389,2026-02-13T22:04:32.259584,0xa9899d3c62acf081010c43a6d42c8ac928a7ceae27ca4265c9c8d16c6aceace8:1770991389,572473,5031084282167950494806674428243037744881029417420880897305642929037077494331,BUY,0.4799998322329055,2.145832,1.029999,0xa9899d3c62acf081010c43a6d42c8ac928a7ceae27ca4265c9c8d16c6aceace8,"{""proxyWallet"": ""0xc05e8ed5969236c55e5f6175472bfa86d5170a24"", ""side"": ""BUY"", ""asset"": ""103924929148213339450168629019405689953188250690020471055161569308682684050404"", ""conditionId"": ""0xa5e0ef40d488545df56c9d30692efadb3e46cfe2c65ef6cdad5c82eff642bc7d"", ""size"": 2.145832, ""price"": 0.4799998322329055, ""timestamp"": 1770991389, ""title"": ""Ethereum Up or Down - February 13, 9:00AM-9:15AM ET"", ""slug"": ""eth-updown-15m-1770991200"", ""icon"": ""https://polymarket-upload.s3.us-east-2.amazonaws.com/ETH+fullsize.jpg"", ""eventSlug"": ""eth-updown-15m-1770991200"", ""outcome"": ""Down"", ""outcomeIndex"": 1, ""name"": ""bot3000"", ""pseudonym"": ""Warped-Mycoplasma"", ""bio"": """", ""profileImage"": """", ""profileImageOptimized"": """", ""transactionHash"": ""0xa9899d3c62acf081010c43a6d42c8ac928a7ceae27ca4265c9c8d16c6aceace8""}"
1770991389,2026-02-13T22:04:32.259600,0x1f2c856ee74c613c4d739478623a8c52aecdc0dd030fbdb26d4cbb8182b8013f:1770991389,572473,5031084282167950494806674428243037744881029417420880897305642929037077494331,BUY,0.668,25.0,16.7,0x1f2c856ee74c613c4d739478623a8c52aecdc0dd030fbdb26d4cbb8182b8013f,"{""proxyWallet"": ""0x73136987179ff23408fec2634801e135818fcbbc"", ""side"": ""BUY"", ""asset"": ""104141612197370950347763261968686275258103364307130662397840024749896468436567"", ""conditionId"": ""0x63a085243966d0ad4dab606c21764a660cc274f557ee0dd507e17e00b784a2f3"", ""size"": 25, ""price"": 0.668, ""timestamp"": 1770991389, ""title"": ""Will Marco Rubio be confirmed to have visited Epstein’s island?"", ""slug"": ""will-marco-rubio-be-confirmed-to-have-visited-epsteins-island"", ""icon"": ""https://polymarket-upload.s3.us-east-2.amazonaws.com/who-visited-epsteins-island-_33TFl81BRUV.jpg"", ""eventSlug"": ""who-visited-epsteins-island"", ""outcome"": ""No"", ""outcomeIndex"": 1, ""name"": ""Baumfreund"", ""pseudonym"": ""Half-Clay"", ""bio"": ""DEFEND EUROPE"", ""profileImage"": ""https://polymarket-upload.s3.us-east-2.amazonaws.com/1000026832_3d7044fd-5ed2-4fe0-a03f-a61867c4aad1_1741608964632.jpg"", ""profileImageOptimized"": """", ""transactionHash"": ""0x1f2c856ee74c613c4d739478623a8c52aecdc0dd030fbdb26d4cbb8182b8013f""}"
1770991389,2026-02-13T22:04:32.259620,0xf72f6f422fed5ac75d5cb5c10a7952aa60240ed0a2e5b6ddd73ea51b93c63ba2:1770991389,572473,5031084282167950494806674428243037744881029417420880897305642929037077494331,SELL,0.4,2.52,1.008,0xf72f6f422fed5ac75d5cb5c10a7952aa60240ed0a2e5b6ddd73ea51b93c63ba2,"{""proxyWallet"": ""0x70faf91134ea13d5ff7982b0b9adcfe08f2273ac"", ""side"": ""SELL"", ""asset"": ""103807399772237456132074327176954242081040135132696257639590711661401730464890"", ""conditionId"": ""0xe6d7778a251fd3782c7cb85ce588419a10a80a7e0b2d8de85ff4653d8cc7fb65"", ""size"": 2.52, ""price"": 0.4, ""timestamp"": 1770991389, ""title"": ""Bitcoin Up or Down - February 13, 9:00AM-9:05AM ET"", ""slug"": ""btc-updown-5m-1770991200"", ""icon"": ""https://polymarket-upload.s3.us-east-2.amazonaws.com/BTC+fullsize.png"", ""eventSlug"": ""btc-updown-5m-1770991200"", ""outcome"": ""Down"", ""outcomeIndex"": 1, ""name"": ""big-o"", ""pseudonym"": ""Known-Carpenter"", ""bio"": """", ""profileImage"": ""https://polymarket-upload.s3.us-east-2.amazonaws.com/EnCfpRVW4AAqvq__ece36997-64fd-4d12-bed9-2f5a69db3f37_1731003649494.jpg"", ""profileImageOptimized"": """", ""transactionHash"": ""0xf72f6f422fed5ac75d5cb5c10a7952aa60240ed0a2e5b6ddd73ea51b93c63ba2""}"
1770991389,2026-02-13T22:04:32.259636,0xf6021d782fcf02d64c1ea1fd7303866d653d1755e4562ff98ac27284e283f16e:1770991389,572473,5031084282167950494806674428243037744881029417420880897305642929037077494331,BUY,0.6,100.0,60.0,0xf6021d782fcf02d64c1ea1fd7303866d653d1755e4562ff98ac27284e283f16e,"{""proxyWallet"": ""0x2d8b401d2f0e6937afebf18e19e11ca568a5260a"", ""side"": ""BUY"", ""asset"": ""103113681792692991556970945389717615316252630965884298246636246147703360545670"", ""conditionId"": ""0xe6d7778a251fd3782c7cb85ce588419a10a80a7e0b2d8de85ff4653d8cc7fb65"", ""size"": 100, ""price"": 0.6, ""timestamp"": 1770991389, ""title"": ""Bitcoin Up or Down - February 13, 9:00AM-9:05AM ET"", ""slug"": ""btc-updown-5m-1770991200"", ""icon"": ""https://polymarket-upload.s3.us-east-2.amazonaws.com/BTC+fullsize.png"", ""eventSlug"": ""btc-updown-5m-1770991200"", ""outcome"": ""Up"", ""outcomeIndex"": 0, ""name"": ""vidarx"", ""pseudonym"": ""Humiliating-Rivulet"", ""bio"": """", ""profileImage"": """", ""profileImageOptimized"": """", ""transactionHash"": ""0xf6021d782fcf02d64c1ea1fd7303866d653d1755e4562ff98ac27284e283f16e""}"
1770991389,2026-02-13T22:04:32.259652,0x3d0c2ea778e813ebdf06b6b66d1e7b6644415da480735477c265f5857aca4684:1770991389,572473,5031084282167950494806674428243037744881029417420880897305642929037077494331,BUY,0.6327111673521038,15.805,10.0,0x3d0c2ea778e813ebdf06b6b66d1e7b6644415da480735477c265f5857aca4684,"{""proxyWallet"": ""0xef460652c993d011442553faaa81b13a924cf872"", ""side"": ""BUY"", ""asset"": ""93686894351236008380660924427547673360667124521375256521350179730379179496257"", ""conditionId"": ""0xa8e777ef1a66334ed9cc068a877c64693ad516a8318863406156a7284ff15cf7"", ""size"": 15.805, ""price"": 0.6327111673521038, ""timestamp"": 1770991389, ""title"": ""T20 World Cup: Netherlands vs USA (Game 1)"", ""slug"": ""crint-nld-usa-2026-02-13"", ""icon"": ""https://polymarket-upload.s3.us-east-2.amazonaws.com/cricket-ball-a0b0bf2dc9.png"", ""eventSlug"": ""crint-nld-usa-2026-02-13"", ""outcome"": ""USA"", ""outcomeIndex"": 1, ""name"": ""Endeverafter"", ""pseudonym"": ""Stupendous-Beancurd"", ""bio"": """", ""profileImage"": """", ""profileImageOptimized"": """", ""transactionHash"": ""0x3d0c2ea778e813ebdf06b6b66d1e7b6644415da480735477c265f5857aca4684""}"
1770991389,2026-02-13T22:04:32.259668,0x5b9672143de7280938020d78ff3bbb66cf55def93e899f6b6277b24a0b913adc:1770991389,572473,5031084282167950494806674428243037744881029417420880897305642929037077494331,BUY,0.469999952635627,2.744679,1.2899990000000001,0x5b9672143de7280938020d78ff3bbb66cf55def93e899f6b6277b24a0b913adc,"{""proxyWallet"": ""0xc05e8ed5969236c55e5f6175472bfa86d5170a24"", ""side"": ""BUY"", ""asset"": ""4178531277101930988692310013213248114472964389143173804873458721353665392131"", ""conditionId"": ""0xc25ee227bc4c49a871b1e0a50f13bf10006a43506349e60e5cd4d4936c6f9f5c"", ""size"": 2.744679, ""price"": 0.469999952635627, ""timestamp"": 1770991389, ""title"": ""Bitcoin Up or Down - February 13, 9:00AM-9:15AM ET"", ""slug"": ""btc-updown-15m-1770991200"", ""icon"": ""https://polymarket-upload.s3.us-east-2.amazonaws.com/BTC+fullsize.png"", ""eventSlug"": ""btc-updown-15m-1770991200"", ""outcome"": ""Down"", ""outcomeIndex"": 1, ""name"": ""bot3000"", ""pseudonym"": ""Warped-Mycoplasma"", ""bio"": """", ""profileImage"": """", ""profileImageOptimized"": """", ""transactionHash"": ""0x5b9672143de7280938020d78ff3bbb66cf55def93e899f6b6277b24a0b913adc""}"
1770991389,2026-02-13T22:04:32.259689,0x69f286686e05646335bbebbb34e3cf2031797a8ced98301fd57151b8814f16e3:1770991389,572473,5031084282167950494806674428243037744881029417420880897305642929037077494331,BUY,0.6,20.0,12.0,0x69f286686e05646335bbebbb34e3cf2031797a8ced98301fd57151b8814f16e3,"{""proxyWallet"": ""0x0ea574f3204c5c9c0cdead90392ea0990f4d17e4"", ""side"": ""BUY"", ""asset"": ""103113681792692991556970945389717615316252630965884298246636246147703360545670"", ""conditionId"": ""0xe6d7778a251fd3782c7cb85ce588419a10a80a7e0b2d8de85ff4653d8cc7fb65"", ""size"": 20, ""price"": 0.6, ""timestamp"": 1770991389, ""title"": ""Bitcoin Up or Down - February 13, 9:00AM-9:05AM ET"", ""slug"": ""btc-updown-5m-1770991200"", ""icon"": ""https://polymarket-upload.s3.us-east-2.amazonaws.com/BTC+fullsize.png"", ""eventSlug"": ""btc-updown-5m-1770991200"", ""outcome"": ""Up"", ""outcomeIndex"": 0, ""name"": ""0x0eA574F3204C5c9C0cdEad90392ea0990F4D17e4-1769515653156"", ""pseudonym"": ""Female-Bongo"", ""bio"": """", ""profileImage"": """", ""profileImageOptimized"": """", ""transactionHash"": ""0x69f286686e05646335bbebbb34e3cf2031797a8ced98301fd57151b8814f16e3""}"
1770991389,2026-02-13T22:04:32.259704,0x92cbbcec4b6dc216773e7afd65678b0e9555c8eae6781859e7a8dbeda26a3651:1770991389,572473,5031084282167950494806674428243037744881029417420880897305642929037077494331,SELL,0.59,10.68,6.3012,0x92cbbcec4b6dc216773e7afd65678b0e9555c8eae6781859e7a8dbeda26a3651,"{""proxyWallet"": ""0xdc92b303dab1637e987bd7a5959bfab2a3b1741b"", ""side"": ""SELL"", ""asset"": ""103113681792692991556970945389717615316252630965884298246636246147703360545670"", ""conditionId"": ""0xe6d7778a251fd3782c7cb85ce588419a10a80a7e0b2d8de85ff4653d8cc7fb65"", ""size"": 10.68, ""price"": 0.59, ""timestamp"": 1770991389, ""title"": ""Bitcoin Up or Down - February 13, 9:00AM-9:05AM ET"", ""slug"": ""btc-updown-5m-1770991200"", ""icon"": ""https://polymarket-upload.s3.us-east-2.amazonaws.com/BTC+fullsize.png"", ""eventSlug"": ""btc-updown-5m-1770991200"", ""outcome"": ""Up"", ""outcomeIndex"": 0, ""name"": ""Rhydian555"", ""pseudonym"": ""Silent-Codepage"", ""bio"": """", ""profileImage"": ""https://polymarket-upload.s3.us-east-2.amazonaws.com/profile-image-5930900-b39759d1-07b4-47d7-abcf-704c600f84f3.jpg"", ""profileImageOptimized"": """", ""transactionHash"": ""0x92cbbcec4b6dc216773e7afd65678b0e9555c8eae6781859e7a8dbeda26a3651""}"
1770991389,2026-02-13T22:04:32.259721,0x8174c6cf4b736f1843552ff35287a2c4a80c3f233c1e19a3300e5a8f22302b97:1770991389,572473,5031084282167950494806674428243037744881029417420880897305642929037077494331,BUY,0.6,6.1,3.6599999999999997,0x8174c6cf4b736f1843552ff35287a2c4a80c3f233c1e19a3300e5a8f22302b97,"{""proxyWallet"": ""0x03c3b0236c5a01051381482e77f2210349073a1d"", ""side"": ""BUY"", ""asset"": ""103113681792692991556970945389717615316252630965884298246636246147703360545670"", ""conditionId"": ""0xe6d7778a251fd3782c7cb85ce588419a10a80a7e0b2d8de85ff4653d8cc7fb65"", ""size"": 6.1, ""price"": 0.6, ""timestamp"": 1770991389, ""title"": ""Bitcoin Up or Down - February 13, 9:00AM-9:05AM ET"", ""slug"": ""btc-updown-5m-1770991200"", ""icon"": ""https://polymarket-upload.s3.us-east-2.amazonaws.com/BTC+fullsize.png"", ""eventSlug"": ""btc-updown-5m-1770991200"", ""outcome"": ""Up"", ""outcomeIndex"": 0, ""name"": ""likebot"", ""pseudonym"": ""Bleak-Sustainment"", ""bio"": """", ""profileImage"": """", ""profileImageOptimized"": """", ""transactionHash"": ""0x8174c6cf4b736f1843552ff35287a2c4a80c3f233c1e19a3300e5a8f22302b97""}"
1770991389,2026-02-13T22:04:32.259737,0x4d43a1112c1ad52e2517a6d9850a86f72130573c4693611e3a999dbe66dfeec1:1770991389,572473,5031084282167950494806674428243037744881029417420880897305642929037077494331,BUY,0.5299999666296256,10.188678,5.399999,0x4d43a1112c1ad52e2517a6d9850a86f72130573c4693611e3a999dbe66dfeec1,"{""proxyWallet"": ""0x03c3b0236c5a01051381482e77f2210349073a1d"", ""side"": ""BUY"", ""asset"": ""69403035397932509667051031905442359043677740034943388398868889632217519882110"", ""conditionId"": ""0xc25ee227bc4c49a871b1e0a50f13bf10006a43506349e60e5cd4d4936c6f9f5c"", ""size"": 10.188678, ""price"": 0.5299999666296256, ""timestamp"": 1770991389, ""title"": ""Bitcoin Up or Down - February 13, 9:00AM-9:15AM ET"", ""slug"": ""btc-updown-15m-1770991200"", ""icon"": ""https://polymarket-upload.s3.us-east-2.amazonaws.com/BTC+fullsize.png"", ""eventSlug"": ""btc-updown-15m-1770991200"", ""outcome"": ""Up"", ""outcomeIndex"": 0, ""name"": ""likebot"", ""pseudonym"": ""Bleak-Sustainment"", ""bio"": """", ""profileImage"": """", ""profileImageOptimized"": """", ""transactionHash"": ""0x4d43a1112c1ad52e2517a6d9850a86f72130573c4693611e3a999dbe66dfeec1""}"
1770991389,2026-02-13T22:04:32.259753,0x69f8a8fd413dbbea5b3624627c320c6303e5b051c759d565fb731c54cb53efa0:1770991389,572473,5031084282167950494806674428243037744881029417420880897305642929037077494331,SELL,0.0034462,50.0,0.17231,0x69f8a8fd413dbbea5b3624627c320c6303e5b051c759d565fb731c54cb53efa0,"{""proxyWallet"": ""0x8aa96214f7f442ba43bac4e827eab86aaf747a0e"", ""side"": ""SELL"", ""asset"": ""67934398733100577188294173393570709623552479980815620623277058781499564814668"", ""conditionId"": ""0x066b4547e7e233a4d691fc0d1f56e8a20dd4f291592d289922eab9b4bfa98a90"", ""size"": 50, ""price"": 0.0034462, ""timestamp"": 1770991389, ""title"": ""Will the highest temperature in London be 9°C or higher on February 13?"", ""slug"": ""highest-temperature-in-london-on-february-13-2026-9corhigher"", ""icon"": ""https://polymarket-upload.s3.us-east-2.amazonaws.com/highest-temperature-in-london-on-jan-22-eouu0bkjph8i.jpg"", ""eventSlug"": ""highest-temperature-in-london-on-february-13-2026"", ""outcome"": ""Yes"", ""outcomeIndex"": 0, ""name"": ""Qwerty.ytrevvq"", ""pseudonym"": ""Offbeat-Warrior"", ""bio"": """", ""profileImage"": ""https://polymarket-upload.s3.us-east-2.amazonaws.com/profile-image-3512258-951c1367-264f-4ffd-a5c2-dfad04b736e5.png"", ""profileImageOptimized"": """", ""transactionHash"": ""0x69f8a8fd413dbbea5b3624627c320c6303e5b051c759d565fb731c54cb53efa0""}"
1770991389,2026-02-13T22:04:32.259772,0x333a43f3baadaaedebe8ff52103986a4367eb39523bfa0114782ed5168a5ff52:1770991389,572473,5031084282167950494806674428243037744881029417420880897305642929037077494331,BUY,0.5299999505333215,5.660376,2.9999990000000003,0x333a43f3baadaaedebe8ff52103986a4367eb39523bfa0114782ed5168a5ff52,"{""proxyWallet"": ""0x59ef694fb8df3904edbac1136510709f5260f039"", ""side"": ""BUY"", ""asset"": ""46089572145907414054974873573914289906332395854357117261522473514142305386170"", ""conditionId"": ""0xa5e0ef40d488545df56c9d30692efadb3e46cfe2c65ef6cdad5c82eff642bc7d"", ""size"": 5.660376, ""price"": 0.5299999505333215, ""timestamp"": 1770991389, ""title"": ""Ethereum Up or Down - February 13, 9:00AM-9:15AM ET"", ""slug"": ""eth-updown-15m-1770991200"", ""icon"": ""https://polymarket-upload.s3.us-east-2.amazonaws.com/ETH+fullsize.jpg"", ""eventSlug"": ""eth-updown-15m-1770991200"", ""outcome"": ""Up"", ""outcomeIndex"": 0, ""name"": ""Tradeup."", ""pseudonym"": ""Miserable-Motor"", ""bio"": """", ""profileImage"": """", ""profileImageOptimized"": """", ""transactionHash"": ""0x333a43f3baadaaedebe8ff52103986a4367eb39523bfa0114782ed5168a5ff52""}"
1770991389,2026-02-13T22:04:32.259788,0x2f01712dba651f7c1a9b98e65584f5bf5b0e6aa9f01c6b56495d2bde8cda10a1:1770991389,572473,5031084282167950494806674428243037744881029417420880897305642929037077494331,BUY,0.47,5.0,2.3499999999999996,0x2f01712dba651f7c1a9b98e65584f5bf5b0e6aa9f01c6b56495d2bde8cda10a1,"{""proxyWallet"": ""0xb1f98d5c97bb37ac2e393e621b0e0a58605fe0f2"", ""side"": ""BUY"", ""asset"": ""63831009745660828050108006405862504371816166572207196652530982752903163361441"", ""conditionId"": ""0xb8494772912dee947a076235a84d2ec410495a7da3c08c3d7100175b6a80559f"", ""size"": 5, ""price"": 0.47, ""timestamp"": 1770991389, ""title"": ""Solana Up or Down - February 13, 9:00AM-9:15AM ET"", ""slug"": ""sol-updown-15m-1770991200"", ""icon"": ""https://polymarket-upload.s3.us-east-2.amazonaws.com/SOL+fullsize.png"", ""eventSlug"": ""sol-updown-15m-1770991200"", ""outcome"": ""Up"", ""outcomeIndex"": 0, ""name"": """", ""pseudonym"": """", ""bio"": """", ""profileImage"": """", ""profileImageOptimized"": """", ""transactionHash"": ""0x2f01712dba651f7c1a9b98e65584f5bf5b0e6aa9f01c6b56495d2bde8cda10a1""}"
1770991389,2026-02-13T22:04:32.259803,0xf534a9a1b37417fb20b535fe23caff1276d974e3486f6b35f5543e8f6e289acc:1770991389,572473,5031084282167950494806674428243037744881029417420880897305642929037077494331,BUY,0.5299999518181424,2.07547,1.0999990000000002,0xf534a9a1b37417fb20b535fe23caff1276d974e3486f6b35f5543e8f6e289acc,"{""proxyWallet"": ""0xfb59c4a792375c44c0a599f0851671a21cd1cd74"", ""side"": ""BUY"", ""asset"": ""69403035397932509667051031905442359043677740034943388398868889632217519882110"", ""conditionId"": ""0xc25ee227bc4c49a871b1e0a50f13bf10006a43506349e60e5cd4d4936c6f9f5c"", ""size"": 2.07547, ""price"": 0.5299999518181424, ""timestamp"": 1770991389, ""title"": ""Bitcoin Up or Down - February 13, 9:00AM-9:15AM ET"", ""slug"": ""btc-updown-15m-1770991200"", ""icon"": ""https://polymarket-upload.s3.us-east-2.amazonaws.com/BTC+fullsize.png"", ""eventSlug"": ""btc-updown-15m-1770991200"", ""outcome"": ""Up"", ""outcomeIndex"": 0, ""name"": """", ""pseudonym"": """", ""bio"": """", ""profileImage"": """", ""profileImageOptimized"": """", ""transactionHash"": ""0xf534a9a1b37417fb20b535fe23caff1276d974e3486f6b35f5543e8f6e289acc""}"
1770991753,2026-02-13T22:10:33.793931,0xdfe8fb4de746f228f222a3672cc278b0865a0416321431c404ec2c3417f6bccc:1770991753,572473,5031084282167950494806674428243037744881029417420880897305642929037077494331,BUY,0.003000000003,666.666666,2.0,0xdfe8fb4de746f228f222a3672cc278b0865a0416321431c404ec2c3417f6bccc,"{""proxyWallet"": ""0xa2b91ad0f7717c8616059c13e01809b66cf6b0d2"", ""side"": ""BUY"", ""asset"": ""114421380098084026753773605667430150755820287180340356465450569515479471185603"", ""conditionId"": ""0x705371444684d676041d1010a94cae3a657340fa4809b4307de3c173a35e0957"", ""size"": 666.666666, ""price"": 0.003000000003, ""timestamp"": 1770991753, ""title"": ""Will Trump nominate Christopher Waller as the next Fed chair?"", ""slug"": ""will-trump-nominate-christopher-waller-as-the-next-fed-chair"", ""icon"": ""https://polymarket-upload.s3.us-east-2.amazonaws.com/Christopher-Waller-0309d1899b.png"", ""eventSlug"": ""who-will-trump-nominate-as-fed-chair"", ""outcome"": ""Yes"", ""outcomeIndex"": 0, ""name"": ""whybing"", ""pseudonym"": ""Warped-Subject"", ""bio"": """", ""profileImage"": """", ""profileImageOptimized"": """", ""transactionHash"": ""0xdfe8fb4de746f228f222a3672cc278b0865a0416321431c404ec2c3417f6bccc""}"
1770991753,2026-02-13T22:10:33.793990,0x70c9cc4e4051334f29a68ebb0509e7ad93da902efc36eaf90185df14d83638af:1770991753,572473,5031084282167950494806674428243037744881029417420880897305642929037077494331,BUY,0.9851118847581662,1125.98,1109.21628,0x70c9cc4e4051334f29a68ebb0509e7ad93da902efc36eaf90185df14d83638af,"{""proxyWallet"": ""0xf705fa045201391d9632b7f3cde06a5e24453ca7"", ""side"": ""BUY"", ""asset"": ""47680289545801809322028600483794205587034769109260194448038539698736513824425"", ""conditionId"": ""0x8d1fce5655ae29eac34e619e3ccbcb72232617acdc320b3009b37a74b5ab2e58"", ""size"": 1125.98, ""price"": 0.9851118847581662, ""timestamp"": 1770991753, ""title"": ""Will the price of Bitcoin be above $64,000 on February 13?"", ""slug"": ""bitcoin-above-64k-on-february-13"", ""icon"": ""https://polymarket-upload.s3.us-east-2.amazonaws.com/BTC+fullsize.png"", ""eventSlug"": ""bitcoin-above-on-february-13"", ""outcome"": ""Yes"", ""outcomeIndex"": 0, ""name"": """", ""pseudonym"": """", ""bio"": """", ""profileImage"": """", ""profileImageOptimized"": """", ""transactionHash"": ""0x70c9cc4e4051334f29a68ebb0509e7ad93da902efc36eaf90185df14d83638af""}"
1770991753,2026-02-13T22:10:33.794010,0xf70176c204816924a77fca1aeb8d60500f0fd6e1cca836d606e692eabd799517:1770991753,572473,5031084282167950494806674428243037744881029417420880897305642929037077494331,BUY,0.45999984109081954,2.391303,1.0999990000000002,0xf70176c204816924a77fca1aeb8d60500f0fd6e1cca836d606e692eabd799517,"{""proxyWallet"": ""0xfb59c4a792375c44c0a599f0851671a21cd1cd74"", ""side"": ""BUY"", ""asset"": ""69403035397932509667051031905442359043677740034943388398868889632217519882110"", ""conditionId"": ""0xc25ee227bc4c49a871b1e0a50f13bf10006a43506349e60e5cd4d4936c6f9f5c"", ""size"": 2.391303, ""price"": 0.45999984109081954, ""timestamp"": 1770991753, ""title"": ""Bitcoin Up or Down - February 13, 9:00AM-9:15AM ET"", ""slug"": ""btc-updown-15m-1770991200"", ""icon"": ""https://polymarket-upload.s3.us-east-2.amazonaws.com/BTC+fullsize.png"", ""eventSlug"": ""btc-updown-15m-1770991200"", ""outcome"": ""Up"", ""outcomeIndex"": 0, ""name"": """", ""pseudonym"": """", ""bio"": """", ""profileImage"": """", ""profileImageOptimized"": """", ""transactionHash"": ""0xf70176c204816924a77fca1aeb8d60500f0fd6e1cca836d606e692eabd799517""}"
1770991753,2026-02-13T22:10:33.794029,0x931afb068a5ea66e6f3748f6704a7f4848982daf7abd44644031639d73270827:1770991753,572473,5031084282167950494806674428243037744881029417420880897305642929037077494331,SELL,0.12,28.57,3.4284,0x931afb068a5ea66e6f3748f6704a7f4848982daf7abd44644031639d73270827,"{""proxyWallet"": ""0x0507dfe08c440a20d2646c6f8de4661169183e1d"", ""side"": ""SELL"", ""asset"": ""46089572145907414054974873573914289906332395854357117261522473514142305386170"", ""conditionId"": ""0xa5e0ef40d488545df56c9d30692efadb3e46cfe2c65ef6cdad5c82eff642bc7d"", ""size"": 28.57, ""price"": 0.12, ""timestamp"": 1770991753, ""title"": ""Ethereum Up or Down - February 13, 9:00AM-9:15AM ET"", ""slug"": ""eth-updown-15m-1770991200"", ""icon"": ""https://polymarket-upload.s3.us-east-2.amazonaws.com/ETH+fullsize.jpg"", ""eventSlug"": ""eth-updown-15m-1770991200"", ""outcome"": ""Up"", ""outcomeIndex"": 0, ""name"": ""Kenshinn"", ""pseudonym"": ""Shy-Colonisation"", ""bio"": """", ""profileImage"": """", ""profileImageOptimized"": """", ""transactionHash"": ""0x931afb068a5ea66e6f3748f6704a7f4848982daf7abd44644031639d73270827""}"
1770991753,2026-02-13T22:10:33.794046,0xb304c486e8ab640288712d80bf128ad77a6991a04ebfd0183a32bc79ad1f5c17:1770991753,572473,5031084282167950494806674428243037744881029417420880897305642929037077494331,BUY,0.98,10.0,9.8,0xb304c486e8ab640288712d80bf128ad77a6991a04ebfd0183a32bc79ad1f5c17,"{""proxyWallet"": ""0xcf7e68ce8c4f30eb2abc6b33320e8f4e2b2b35b7"", ""side"": ""BUY"", ""asset"": ""20904196882427612331862508075536093006671708163736587288824174756496606384067"", ""conditionId"": ""0xa5630e14504bf15e076e4a7d9cb3186939524c4307fa8907d91a6ab50ac2e616"", ""size"": 10, ""price"": 0.98, ""timestamp"": 1770991753, ""title"": ""Bitcoin Up or Down - February 13, 9:05AM-9:10AM ET"", ""slug"": ""btc-updown-5m-1770991500"", ""icon"": ""https://polymarket-upload.s3.us-east-2.amazonaws.com/BTC+fullsize.png"", ""eventSlug"": ""btc-updown-5m-1770991500"", ""outcome"": ""Up"", ""outcomeIndex"": 0, ""name"": ""BitwiseCash"", ""pseudonym"": ""Ornate-Tote"", ""bio"": """", ""profileImage"": ""https://polymarket-upload.s3.us-east-2.amazonaws.com/profile-image-5044660-6ceeb2a6-69f4-4bac-96c1-8f89df7a8479.jpg"", ""profileImageOptimized"": """", ""transactionHash"": ""0xb304c486e8ab640288712d80bf128ad77a6991a04ebfd0183a32bc79ad1f5c17""}"
1770991753,2026-02-13T22:10:33.794062,0x0cf0a33cab0c3ae0f826df5fadcbd64f959272e204554e04832fa4babf3927f5:1770991753,572473,5031084282167950494806674428243037744881029417420880897305642929037077494331,BUY,0.03,550.0,16.5,0x0cf0a33cab0c3ae0f826df5fadcbd64f959272e204554e04832fa4babf3927f5,"{""proxyWallet"": ""0x1d0034134e339a309700ff2d34e99fa2d48b0313"", ""side"": ""BUY"", ""asset"": ""79841624193316436503830963481228096645205559351210988099820171971227633420616"", ""conditionId"": ""0xa5630e14504bf15e076e4a7d9cb3186939524c4307fa8907d91a6ab50ac2e616"", ""size"": 550, ""price"": 0.03, ""timestamp"": 1770991753, ""title"": ""Bitcoin Up or Down - February 13, 9:05AM-9:10AM ET"", ""slug"": ""btc-updown-5m-1770991500"", ""icon"": ""https://polymarket-upload.s3.us-east-2.amazonaws.com/BTC+fullsize.png"", ""eventSlug"": ""btc-updown-5m-1770991500"", ""outcome"": ""Down"", ""outcomeIndex"": 1, ""name"": ""0x1d0034134e339a309700ff2d34e99fa2d48b031"", ""pseudonym"": ""Canine-Commandment"", ""bio"": """", ""profileImage"": """", ""profileImageOptimized"": """", ""transactionHash"": ""0x0cf0a33cab0c3ae0f826df5fadcbd64f959272e204554e04832fa4babf3927f5""}"
1770991753,2026-02-13T22:10:33.794076,0x2a312809fa5af2180cee1ad22f384b074da858734a12058892fe49f383b685ed:1770991753,572473,5031084282167950494806674428243037744881029417420880897305642929037077494331,BUY,0.98,1.1224,1.099952,0x2a312809fa5af2180cee1ad22f384b074da858734a12058892fe49f383b685ed,"{""proxyWallet"": ""0x69cc4544e43ea1dba55a7213d69342c5e0090d7d"", ""side"": ""BUY"", ""asset"": ""20904196882427612331862508075536093006671708163736587288824174756496606384067"", ""conditionId"": ""0xa5630e14504bf15e076e4a7d9cb3186939524c4307fa8907d91a6ab50ac2e616"", ""size"": 1.1224, ""price"": 0.98, ""timestamp"": 1770991753, ""title"": ""Bitcoin Up or Down - February 13, 9:05AM-9:10AM ET"", ""slug"": ""btc-updown-5m-1770991500"", ""icon"": ""https://polymarket-upload.s3.us-east-2.amazonaws.com/BTC+fullsize.png"", ""eventSlug"": ""btc-updown-5m-1770991500"", ""outcome"": ""Up"", ""outcomeIndex"": 0, ""name"": ""wa003"", ""pseudonym"": ""Ragged-Lunge"", ""bio"": """", ""profileImage"": """", ""profileImageOptimized"": """", ""transactionHash"": ""0x2a312809fa5af2180cee1ad22f384b074da858734a12058892fe49f383b685ed""}"
1770991753,2026-02-13T22:10:33.794091,0x0c95b1d6add6eec76af585eb4293ca78907958ec8fb0bc0f786c36a0313086f0:1770991753,572473,5031084282167950494806674428243037744881029417420880897305642929037077494331,SELL,0.9,0.29,0.261,0x0c95b1d6add6eec76af585eb4293ca78907958ec8fb0bc0f786c36a0313086f0,"{""proxyWallet"": ""0x25268ea3694d6fa8799fd2489704a59956c8bbc8"", ""side"": ""SELL"", ""asset"": ""76612985923187088330281647489382001772757422712226533614590601457242761443271"", ""conditionId"": ""0xabe1fae562a66fa6bfcaccd180d17ef3f2cedd0437b1ca99aa206f7f637f2c45"", ""size"": 0.29, ""price"": 0.9, ""timestamp"": 1770991753, ""title"": ""XRP Up or Down - February 13, 9:00AM-9:15AM ET"", ""slug"": ""xrp-updown-15m-1770991200"", ""icon"": ""https://polymarket-upload.s3.us-east-2.amazonaws.com/XRP-logo.png"", ""eventSlug"": ""xrp-updown-15m-1770991200"", ""outcome"": ""Down"", ""outcomeIndex"": 1, ""name"": """", ""pseudonym"": """", ""bio"": """", ""profileImage"": """", ""profileImageOptimized"": """", ""transactionHash"": ""0x0c95b1d6add6eec76af585eb4293ca78907958ec8fb0bc0f786c36a0313086f0""}"
1770991753,2026-02-13T22:10:33.794104,0xad80ac9b69c4261481ebde8d87f1330794cd01815e5400c1818a9143b4cfd47c:1770991753,572473,5031084282167950494806674428243037744881029417420880897305642929037077494331,SELL,0.9,0.09,0.081,0xad80ac9b69c4261481ebde8d87f1330794cd01815e5400c1818a9143b4cfd47c,"{""proxyWallet"": ""0x2ee74289dee2ad254b523dea961884b3fdf84f17"", ""side"": ""SELL"", ""asset"": ""76612985923187088330281647489382001772757422712226533614590601457242761443271"", ""conditionId"": ""0xabe1fae562a66fa6bfcaccd180d17ef3f2cedd0437b1ca99aa206f7f637f2c45"", ""size"": 0.09, ""price"": 0.9, ""timestamp"": 1770991753, ""title"": ""XRP Up or Down - February 13, 9:00AM-9:15AM ET"", ""slug"": ""xrp-updown-15m-1770991200"", ""icon"": ""https://polymarket-upload.s3.us-east-2.amazonaws.com/XRP-logo.png"", ""eventSlug"": ""xrp-updown-15m-1770991200"", ""outcome"": ""Down"", ""outcomeIndex"": 1, ""name"": """", ""pseudonym"": """", ""bio"": """", ""profileImage"": """", ""profileImageOptimized"": """", ""transactionHash"": ""0xad80ac9b69c4261481ebde8d87f1330794cd01815e5400c1818a9143b4cfd47c""}"
1770991753,2026-02-13T22:10:33.794117,0x80db7d168a375269e60ba03ffafa4ade79581da2eb29239d971aba0cf92dad53:1770991753,572473,5031084282167950494806674428243037744881029417420880897305642929037077494331,BUY,0.98,20.40815,19.999986999999997,0x80db7d168a375269e60ba03ffafa4ade79581da2eb29239d971aba0cf92dad53,"{""proxyWallet"": ""0x70399ab2e4f73d6a43645fa89063c4784dab79b1"", ""side"": ""BUY"", ""asset"": ""20904196882427612331862508075536093006671708163736587288824174756496606384067"", ""conditionId"": ""0xa5630e14504bf15e076e4a7d9cb3186939524c4307fa8907d91a6ab50ac2e616"", ""size"": 20.40815, ""price"": 0.98, ""timestamp"": 1770991753, ""title"": ""Bitcoin Up or Down - February 13, 9:05AM-9:10AM ET"", ""slug"": ""btc-updown-5m-1770991500"", ""icon"": ""https://polymarket-upload.s3.us-east-2.amazonaws.com/BTC+fullsize.png"", ""eventSlug"": ""btc-updown-5m-1770991500"", ""outcome"": ""Up"", ""outcomeIndex"": 0, ""name"": ""choosey"", ""pseudonym"": ""Shrill-Share"", ""bio"": """", ""profileImage"": """", ""profileImageOptimized"": """", ""transactionHash"": ""0x80db7d168a375269e60ba03ffafa4ade79581da2eb29239d971aba0cf92dad53""}"
1770991753,2026-02-13T22:10:33.794131,0x49dd2eb125ed5b5d0db60159b103a2741682f7f69bedbe7d43bc3761a750e3d5:1770991753,572473,5031084282167950494806674428243037744881029417420880897305642929037077494331,BUY,0.45,651.96,293.382,0x49dd2eb125ed5b5d0db60159b103a2741682f7f69bedbe7d43bc3761a750e3d5,"{""proxyWallet"": ""0x1979ae6b7e6534de9c4539d0c205e582ca637c9d"", ""side"": ""BUY"", ""asset"": ""69403035397932509667051031905442359043677740034943388398868889632217519882110"", ""conditionId"": ""0xc25ee227bc4c49a871b1e0a50f13bf10006a43506349e60e5cd4d4936c6f9f5c"", ""size"": 651.96, ""price"": 0.45, ""timestamp"": 1770991753, ""title"": ""Bitcoin Up or Down - February 13, 9:00AM-9:15AM ET"", ""slug"": ""btc-updown-15m-1770991200"", ""icon"": ""https://polymarket-upload.s3.us-east-2.amazonaws.com/BTC+fullsize.png"", ""eventSlug"": ""btc-updown-15m-1770991200"", ""outcome"": ""Up"", ""outcomeIndex"": 0, ""name"": ""0x1979ae6B7E6534dE9c4539D0c205E582cA637C9D-1769439463256"", ""pseudonym"": ""Square-Guy"", ""bio"": """", ""profileImage"": """", ""profileImageOptimized"": """", ""transactionHash"": ""0x49dd2eb125ed5b5d0db60159b103a2741682f7f69bedbe7d43bc3761a750e3d5""}"
1770991753,2026-02-13T22:10:33.794145,0x9fd92c6726d60f304f1567b024f67e57cb2a680037bc549c7bcd308d3029c21f:1770991753,572473,5031084282167950494806674428243037744881029417420880897305642929037077494331,BUY,0.45999984109081954,2.391303,1.0999990000000002,0x9fd92c6726d60f304f1567b024f67e57cb2a680037bc549c7bcd308d3029c21f,"{""proxyWallet"": ""0x71d854219492ed5b7ca266dba99ed677d9cb3102"", ""side"": ""BUY"", ""asset"": ""69403035397932509667051031905442359043677740034943388398868889632217519882110"", ""conditionId"": ""0xc25ee227bc4c49a871b1e0a50f13bf10006a43506349e60e5cd4d4936c6f9f5c"", ""size"": 2.391303, ""price"": 0.45999984109081954, ""timestamp"": 1770991753, ""title"": ""Bitcoin Up or Down - February 13, 9:00AM-9:15AM ET"", ""slug"": ""btc-updown-15m-1770991200"", ""icon"": ""https://polymarket-upload.s3.us-east-2.amazonaws.com/BTC+fullsize.png"", ""eventSlug"": ""btc-updown-15m-1770991200"", ""outcome"": ""Up"", ""outcomeIndex"": 0, ""name"": """", ""pseudonym"": """", ""bio"": """", ""profileImage"": """", ""profileImageOptimized"": """", ""transactionHash"": ""0x9fd92c6726d60f304f1567b024f67e57cb2a680037bc549c7bcd308d3029c21f""}"
1770991753,2026-02-13T22:10:33.794159,0x427624d2a26397824bbfd842e3181151845638f1db5099d791fcb7263e0e1e2b:1770991753,572473,5031084282167950494806674428243037744881029417420880897305642929037077494331,SELL,0.999,10.0,9.99,0x427624d2a26397824bbfd842e3181151845638f1db5099d791fcb7263e0e1e2b,"{""proxyWallet"": ""0x13043edcb9c236a3f28510624eca74466468551e"", ""side"": ""SELL"", ""asset"": ""67825730587325385858901237125474522204522811713386876158990581312306997916390"", ""conditionId"": ""0xd921c1edfa423c4505f4dcb1ba57284bc59ab6af697688fb8686784222a0b043"", ""size"": 10, ""price"": 0.999, ""timestamp"": 1770991753, ""title"": ""Dota 2: Team Falcons vs Team Liquid - Game 1 Winner"", ""slug"": ""dota2-flc-liquid-2026-02-13-game1"", ""icon"": ""https://polymarket-upload.s3.us-east-2.amazonaws.com/dota2-7ffacddb21.jpg"", ""eventSlug"": ""dota2-flc-liquid-2026-02-13"", ""outcome"": ""Team Falcons"", ""outcomeIndex"": 0, ""name"": ""overthinker"", ""pseudonym"": ""Grotesque-Mansion"", ""bio"": """", ""profileImage"": """", ""profileImageOptimized"": """", ""transactionHash"": ""0x427624d2a26397824bbfd842e3181151845638f1db5099d791fcb7263e0e1e2b""}"
1770991753,2026-02-13T22:10:33.794173,0x95d67b238f662ade8f83e55a0a797e7c9cd92af47b89b4986dd7ef9233a25a41:1770991753,572473,5031084282167950494806674428243037744881029417420880897305642929037077494331,BUY,0.9099999920869549,10.109888,9.199998,0x95d67b238f662ade8f83e55a0a797e7c9cd92af47b89b4986dd7ef9233a25a41,"{""proxyWallet"": ""0x646cfedd656bdf7a5ed8d34c61e91c751c1e3210"", ""side"": ""BUY"", ""asset"": ""110748711374820569359883372222362488325750412392716791218364451379285809571583"", ""conditionId"": ""0xb8494772912dee947a076235a84d2ec410495a7da3c08c3d7100175b6a80559f"", ""size"": 10.109888, ""price"": 0.9099999920869549, ""timestamp"": 1770991753, ""title"": ""Solana Up or Down - February 13, 9:00AM-9:15AM ET"", ""slug"": ""sol-updown-15m-1770991200"", ""icon"": ""https://polymarket-upload.s3.us-east-2.amazonaws.com/SOL+fullsize.png"", ""eventSlug"": ""sol-updown-15m-1770991200"", ""outcome"": ""Down"", ""outcomeIndex"": 1, ""name"": ""woolloomooloo"", ""pseudonym"": ""Mundane-Synod"", ""bio"": """", ""profileImage"": """", ""profileImageOptimized"": """", ""transactionHash"": ""0x95d67b238f662ade8f83e55a0a797e7c9cd92af47b89b4986dd7ef9233a25a41""}"
1770991753,2026-02-13T22:10:33.794189,0x68e6db9c56586f87462422c82aedde62844d1da5e3362ed14f7aec0a63b62bb1:1770991753,572473,5031084282167950494806674428243037744881029417420880897305642929037077494331,SELL,0.54,9.98,5.389200000000001,0x68e6db9c56586f87462422c82aedde62844d1da5e3362ed14f7aec0a63b62bb1,"{""proxyWallet"": ""0x6b24307b9725e02ec24c2630aa8fe63b4f8a1af1"", ""side"": ""SELL"", ""asset"": ""4178531277101930988692310013213248114472964389143173804873458721353665392131"", ""conditionId"": ""0xc25ee227bc4c49a871b1e0a50f13bf10006a43506349e60e5cd4d4936c6f9f5c"", ""size"": 9.98, ""price"": 0.54, ""timestamp"": 1770991753, ""title"": ""Bitcoin Up or Down - February 13, 9:00AM-9:15AM ET"", ""slug"": ""btc-updown-15m-1770991200"", ""icon"": ""https://polymarket-upload.s3.us-east-2.amazonaws.com/BTC+fullsize.png"", ""eventSlug"": ""btc-updown-15m-1770991200"", ""outcome"": ""Down"", ""outcomeIndex"": 1, ""name"": """", ""pseudonym"": """", ""bio"": """", ""profileImage"": """", ""profileImageOptimized"": """", ""transactionHash"": ""0x68e6db9c56586f87462422c82aedde62844d1da5e3362ed14f7aec0a63b62bb1""}"
1770991753,2026-02-13T22:10:33.794203,0x6e6a44f8e4b6fa759d5ec33f0850440fd01a1fdceb3127d61fb2763410060f37:1770991753,572473,5031084282167950494806674428243037744881029417420880897305642929037077494331,BUY,0.15,10.0,1.5,0x6e6a44f8e4b6fa759d5ec33f0850440fd01a1fdceb3127d61fb2763410060f37,"{""proxyWallet"": ""0xd1ed12197b7dc22dede923727e9b714024dbd7cb"", ""side"": ""BUY"", ""asset"": ""59857306901779457018211827079723890219592881481208645354883286280169487017860"", ""conditionId"": ""0xde600b85d02a33a019b6703e2a346782bd6cc27fdfd8e420a02c1e787134e7d5"", ""size"": 10, ""price"": 0.15, ""timestamp"": 1770991753, ""title"": ""Valorant: Fnatic vs Team Vitality (BO3) - VCT EMEA Kickoff Playoffs"", ""slug"": ""val-fnc1-vit-2026-02-13"", ""icon"": ""https://polymarket-upload.s3.us-east-2.amazonaws.com/league_images/val/valorant-vct-2021-north-america-stage-1-challengers-1.png"", ""eventSlug"": ""val-fnc1-vit-2026-02-13"", ""outcome"": ""Team Vitality"", ""outcomeIndex"": 1, ""name"": ""curie"", ""pseudonym"": ""Illiterate-Counterforce"", ""bio"": """", ""profileImage"": """", ""profileImageOptimized"": """", ""transactionHash"": ""0x6e6a44f8e4b6fa759d5ec33f0850440fd01a1fdceb3127d61fb2763410060f37""}"
1770991753,2026-02-13T22:10:33.794217,0xcae49a3a43bd50c2e5a85563c9636b26cd1b49332eaf2435e39fcf5f113e7abb:1770991753,572473,5031084282167950494806674428243037744881029417420880897305642929037077494331,BUY,0.7,87.65,61.355,0xcae49a3a43bd50c2e5a85563c9636b26cd1b49332eaf2435e39fcf5f113e7abb,"{""proxyWallet"": ""0x9cd715ff99b1f7182fa555ae8c180c6499909c85"", ""side"": ""BUY"", ""asset"": ""18331875790552988478059784722938703116624618146031504902542136751224298396491"", ""conditionId"": ""0x815a50e2f7caef6613c02f487bf7132da24a00bfa85101158101d2fa6d03b1e3"", ""size"": 87.65, ""price"": 0.7, ""timestamp"": 1770991753, ""title"": ""DeepSeek V4 released by March 15?"", ""slug"": ""deepseek-v4-released-by-march-15-678"", ""icon"": ""https://polymarket-upload.s3.us-east-2.amazonaws.com/deepseek-v4-released-before-july-TAxmnjofSD2S.jpg"", ""eventSlug"": ""deepseek-v4-released-by-march-31"", ""outcome"": ""Yes"", ""outcomeIndex"": 0, ""name"": ""DonAntimatter"", ""pseudonym"": ""Torn-Skirt"", ""bio"": """", ""profileImage"": ""https://polymarket-upload.s3.us-east-2.amazonaws.com/profile-image-3312409-1aa4337b-765c-4327-9b65-9c911302c704.png"", ""profileImageOptimized"": """", ""transactionHash"": ""0xcae49a3a43bd50c2e5a85563c9636b26cd1b49332eaf2435e39fcf5f113e7abb""}"
1770991753,2026-02-13T22:10:33.794231,0x75c7cb0be3001341a1d92dfe15db551d2872f264a4aa4c53e5c04ad998c1061a:1770991753,572473,5031084282167950494806674428243037744881029417420880897305642929037077494331,SELL,0.1,10.0,1.0,0x75c7cb0be3001341a1d92dfe15db551d2872f264a4aa4c53e5c04ad998c1061a,"{""proxyWallet"": ""0xb6fa57039ea79185895500dbd0067c288594abcf"", ""side"": ""SELL"", ""asset"": ""58629279502815521489746199945040271258253157958792381530889373197070843112789"", ""conditionId"": ""0x79e8106a7ae364b35b4bb5081a69e9da22ac15ee8b0102811bc3f500e99c6b61"", ""size"": 10, ""price"": 0.1, ""timestamp"": 1770991753, ""title"": ""Will Democrats 66 (D66) win the most seats in The Hague’s 2026 municipal election?"", ""slug"": ""will-democrats-66-d66-win-the-most-seats-in-the-hagues-2026-municipal-election"", ""icon"": ""https://polymarket-upload.s3.us-east-2.amazonaws.com/d66-58ca30b33f.png"", ""eventSlug"": ""the-hague-municipal-election-winner"", ""outcome"": ""Yes"", ""outcomeIndex"": 0, ""name"": ""anciente"", ""pseudonym"": ""Different-Ecclesia"", ""bio"": """", ""profileImage"": """", ""profileImageOptimized"": """", ""transactionHash"": ""0x75c7cb0be3001341a1d92dfe15db551d2872f264a4aa4c53e5c04ad998c1061a""}"
1770991753,2026-02-13T22:10:33.794247,0x9660ccc8ad2024ab6ff63b27ed18bb24afae4607b34fe42e12a4e8793bfa1514:1770991753,572473,5031084282167950494806674428243037744881029417420880897305642929037077494331,BUY,0.999,36.786,36.749214,0x9660ccc8ad2024ab6ff63b27ed18bb24afae4607b34fe42e12a4e8793bfa1514,"{""proxyWallet"": ""0xe8dd7741ccb12350957ec71e9ee332e0d1e6ec86"", ""side"": ""BUY"", ""asset"": ""31390482353732948423156014713174956709029974894266397465545283196377558418180"", ""conditionId"": ""0x814bf672aa616cd0c702d242e0e894799649a7041fd9ed62756a7d8157912c31"", ""size"": 36.786, ""price"": 0.999, ""timestamp"": 1770991753, ""title"": ""Will Elon Musk post 440-459 tweets from February 6 to February 13, 2026?"", ""slug"": ""elon-musk-of-tweets-february-6-february-13-440-459"", ""icon"": ""https://polymarket-upload.s3.us-east-2.amazonaws.com/elon-musk-of-tweets-nov-22-29-apMPG21-pzx_.jpg"", ""eventSlug"": ""elon-musk-of-tweets-february-6-february-13"", ""outcome"": ""No"", ""outcomeIndex"": 1, ""name"": ""influenz.eth"", ""pseudonym"": ""Real-Veteran"", ""bio"": ""3820"", ""profileImage"": """", ""profileImageOptimized"": """", ""transactionHash"": ""0x9660ccc8ad2024ab6ff63b27ed18bb24afae4607b34fe42e12a4e8793bfa1514""}"
1770991753,2026-02-13T22:10:33.794261,0xa94c6d716554ee82886118a3cad70c1e0413cd0f957c11c7958ee1fe4b15b4d3:1770991753,572473,5031084282167950494806674428243037744881029417420880897305642929037077494331,BUY,0.98,20.40815,19.999986999999997,0xa94c6d716554ee82886118a3cad70c1e0413cd0f957c11c7958ee1fe4b15b4d3,"{""proxyWallet"": ""0xc26359cb70f2fea5af5529cacec1a283d8e99325"", ""side"": ""BUY"", ""asset"": ""20904196882427612331862508075536093006671708163736587288824174756496606384067"", ""conditionId"": ""0xa5630e14504bf15e076e4a7d9cb3186939524c4307fa8907d91a6ab50ac2e616"", ""size"": 20.40815, ""price"": 0.98, ""timestamp"": 1770991753, ""title"": ""Bitcoin Up or Down - February 13, 9:05AM-9:10AM ET"", ""slug"": ""btc-updown-5m-1770991500"", ""icon"": ""https://polymarket-upload.s3.us-east-2.amazonaws.com/BTC+fullsize.png"", ""eventSlug"": ""btc-updown-5m-1770991500"", ""outcome"": ""Up"", ""outcomeIndex"": 0, ""name"": ""0xc26359cB70F2fEa5aF5529cACec1A283D8E99325-1764998420728"", ""pseudonym"": ""Dead-Dinosaur"", ""bio"": """", ""profileImage"": """", ""profileImageOptimized"": """", ""transactionHash"": ""0xa94c6d716554ee82886118a3cad70c1e0413cd0f957c11c7958ee1fe4b15b4d3""}"
1770991753,2026-02-13T22:10:33.794274,0x7109b7bd2f6ae5b6bb5dca905eb44b80fbbce9c8813343f0cf1dac61dfa8226a:1770991753,572473,5031084282167950494806674428243037744881029417420880897305642929037077494331,BUY,0.03,14.92,0.4476,0x7109b7bd2f6ae5b6bb5dca905eb44b80fbbce9c8813343f0cf1dac61dfa8226a,"{""proxyWallet"": ""0x3e0e8ebc1466c875bf306878264624c5480a2d99"", ""side"": ""BUY"", ""asset"": ""79841624193316436503830963481228096645205559351210988099820171971227633420616"", ""conditionId"": ""0xa5630e14504bf15e076e4a7d9cb3186939524c4307fa8907d91a6ab50ac2e616"", ""size"": 14.92, ""price"": 0.03, ""timestamp"": 1770991753, ""title"": ""Bitcoin Up or Down - February 13, 9:05AM-9:10AM ET"", ""slug"": ""btc-updown-5m-1770991500"", ""icon"": ""https://polymarket-upload.s3.us-east-2.amazonaws.com/BTC+fullsize.png"", ""eventSlug"": ""btc-updown-5m-1770991500"", ""outcome"": ""Down"", ""outcomeIndex"": 1, ""name"": """", ""pseudonym"": """", ""bio"": """", ""profileImage"": """", ""profileImageOptimized"": """", ""transactionHash"": ""0x7109b7bd2f6ae5b6bb5dca905eb44b80fbbce9c8813343f0cf1dac61dfa8226a""}"
1770991753,2026-02-13T22:10:33.794288,0x226e93d533ee3e60a6ab2b2f830f6abb7502ef933c854ee48cc821cb43eef53c:1770991753,572473,5031084282167950494806674428243037744881029417420880897305642929037077494331,BUY,0.46,10.41,4.788600000000001,0x226e93d533ee3e60a6ab2b2f830f6abb7502ef933c854ee48cc821cb43eef53c,"{""proxyWallet"": ""0xe6cef1403b5a704d0ca8be6aeaed6916a11a8884"", ""side"": ""BUY"", ""asset"": ""69403035397932509667051031905442359043677740034943388398868889632217519882110"", ""conditionId"": ""0xc25ee227bc4c49a871b1e0a50f13bf10006a43506349e60e5cd4d4936c6f9f5c"", ""size"": 10.41, ""price"": 0.46, ""timestamp"": 1770991753, ""title"": ""Bitcoin Up or Down - February 13, 9:00AM-9:15AM ET"", ""slug"": ""btc-updown-15m-1770991200"", ""icon"": ""https://polymarket-upload.s3.us-east-2.amazonaws.com/BTC+fullsize.png"", ""eventSlug"": ""btc-updown-15m-1770991200"", ""outcome"": ""Up"", ""outcomeIndex"": 0, ""name"": ""nigegezhenshuai"", ""pseudonym"": ""Super-Macaroon"", ""bio"": """", ""profileImage"": """", ""profileImageOptimized"": """", ""transactionHash"": ""0x226e93d533ee3e60a6ab2b2f830f6abb7502ef933c854ee48cc821cb43eef53c""}"
1770991753,2026-02-13T22:10:33.794300,0x207e8faf8ce6ca5e7f5cdddb5b218444b4e148770f88fde1e036de8dce413712:1770991753,572473,5031084282167950494806674428243037744881029417420880897305642929037077494331,BUY,0.9289999965626969,10.764253,9.999991,0x207e8faf8ce6ca5e7f5cdddb5b218444b4e148770f88fde1e036de8dce413712,"{""proxyWallet"": ""0xb16c7e233b1e4a9887e4e5c3d0bd30ef423ed10f"", ""side"": ""BUY"", ""asset"": ""72016390527142733605634258793689317050977943121126467824084244384035177162376"", ""conditionId"": ""0xad4dfc9cad4f0dd42a4f200a79372071498eabec911a34d2248b633ef22f81e8"", ""size"": 10.764253, ""price"": 0.9289999965626969, ""timestamp"": 1770991753, ""title"": ""Will Hyperliquid dip to $20 in February?"", ""slug"": ""will-hyperliquid-dip-to-20-in-february-415"", ""icon"": ""https://polymarket-upload.s3.us-east-2.amazonaws.com/hyperliquid-up-or-down-on-may-22-Fyo58T8HF0AC.jpg"", ""eventSlug"": ""what-price-will-hyperliquid-hit-in-february"", ""outcome"": ""No"", ""outcomeIndex"": 1, ""name"": ""Bonker"", ""pseudonym"": ""Fussy-Cheer"", ""bio"": """", ""profileImage"": """", ""profileImageOptimized"": """", ""transactionHash"": ""0x207e8faf8ce6ca5e7f5cdddb5b218444b4e148770f88fde1e036de8dce413712""}"
1770991753,2026-02-13T22:10:33.794314,0x539dfb9e6e07b741c7537be3fadbf0035763dd1fb1c38046121b79a40114d23b:1770991753,572473,5031084282167950494806674428243037744881029417420880897305642929037077494331,BUY,0.46,7.92,3.6432,0x539dfb9e6e07b741c7537be3fadbf0035763dd1fb1c38046121b79a40114d23b,"{""proxyWallet"": ""0xdd772988a7338f18fca27716c272ab1efac05117"", ""side"": ""BUY"", ""asset"": ""69403035397932509667051031905442359043677740034943388398868889632217519882110"", ""conditionId"": ""0xc25ee227bc4c49a871b1e0a50f13bf10006a43506349e60e5cd4d4936c6f9f5c"", ""size"": 7.92, ""price"": 0.46, ""timestamp"": 1770991753, ""title"": ""Bitcoin Up or Down - February 13, 9:00AM-9:15AM ET"", ""slug"": ""btc-updown-15m-1770991200"", ""icon"": ""https://polymarket-upload.s3.us-east-2.amazonaws.com/BTC+fullsize.png"", ""eventSlug"": ""btc-updown-15m-1770991200"", ""outcome"": ""Up"", ""outcomeIndex"": 0, ""name"": """", ""pseudonym"": """", ""bio"": """", ""profileImage"": """", ""profileImageOptimized"": """", ""transactionHash"": ""0x539dfb9e6e07b741c7537be3fadbf0035763dd1fb1c38046121b79a40114d23b""}"
1770991753,2026-02-13T22:10:33.794326,0xe423251c0bb7f737864c918e9f10c213da9c63bb7a0552fb6140dfa18bf90a9d:1770991753,572473,5031084282167950494806674428243037744881029417420880897305642929037077494331,BUY,0.6899999585999611,1.449274,0.999999,0xe423251c0bb7f737864c918e9f10c213da9c63bb7a0552fb6140dfa18bf90a9d,"{""proxyWallet"": ""0xa6b9633b412b9ef5c00a122084145da6da870a8b"", ""side"": ""BUY"", ""asset"": ""77871425922805716305353783731865033346785838533089267719469708614526786146515"", ""conditionId"": ""0x607d9daba25155bcfa34ba84517811b105e7abb969c629633795ab3e7ca54fa1"", ""size"": 1.449274, ""price"": 0.6899999585999611, ""timestamp"": 1770991753, ""title"": ""Will Paris Saint-Germain FC win on 2026-02-13?"", ""slug"": ""fl1-ren-psg-2026-02-13-psg"", ""icon"": ""https://polymarket-upload.s3.us-east-2.amazonaws.com/league-fl1.png"", ""eventSlug"": ""fl1-ren-psg-2026-02-13"", ""outcome"": ""Yes"", ""outcomeIndex"": 0, ""name"": ""FlobzzHuman"", ""pseudonym"": ""Dizzy-Cabin"", ""bio"": """", ""profileImage"": """", ""profileImageOptimized"": """", ""transactionHash"": ""0xe423251c0bb7f737864c918e9f10c213da9c63bb7a0552fb6140dfa18bf90a9d""}"
1770991753,2026-02-13T22:10:33.794340,0x0394cffb6cf2d7e36305b3d6f3ec961d8bc6882663e74d23e17fea25866f8ddb:1770991753,572473,5031084282167950494806674428243037744881029417420880897305642929037077494331,SELL,0.97,3.34,3.2398,0x0394cffb6cf2d7e36305b3d6f3ec961d8bc6882663e74d23e17fea25866f8ddb,"{""proxyWallet"": ""0xbb0f6c3f681681a7d5c4545b2732a6fe79008897"", ""side"": ""SELL"", ""asset"": ""20904196882427612331862508075536093006671708163736587288824174756496606384067"", ""conditionId"": ""0xa5630e14504bf15e076e4a7d9cb3186939524c4307fa8907d91a6ab50ac2e616"", ""size"": 3.34, ""price"": 0.97, ""timestamp"": 1770991753, ""title"": ""Bitcoin Up or Down - February 13, 9:05AM-9:10AM ET"", ""slug"": ""btc-updown-5m-1770991500"", ""icon"": ""https://polymarket-upload.s3.us-east-2.amazonaws.com/BTC+fullsize.png"", ""eventSlug"": ""btc-updown-5m-1770991500"", ""outcome"": ""Up"", ""outcomeIndex"": 0, ""name"": ""LeeZx"", ""pseudonym"": ""Spiteful-Worship"", ""bio"": """", ""profileImage"": """", ""profileImageOptimized"": """", ""transactionHash"": ""0x0394cffb6cf2d7e36305b3d6f3ec961d8bc6882663e74d23e17fea25866f8ddb""}"
1770991753,2026-02-13T22:10:33.794352,0x8b579b5cfdd1d029e9910def71474a7cb7a4a430386cc82bfe60c9cca8cc10e8:1770991753,572473,5031084282167950494806674428243037744881029417420880897305642929037077494331,BUY,0.9,21.0,18.900000000000002,0x8b579b5cfdd1d029e9910def71474a7cb7a4a430386cc82bfe60c9cca8cc10e8,"{""proxyWallet"": ""0x05d17ab73f7403e99d3c448513d65a1942994bef"", ""side"": ""BUY"", ""asset"": ""76612985923187088330281647489382001772757422712226533614590601457242761443271"", ""conditionId"": ""0xabe1fae562a66fa6bfcaccd180d17ef3f2cedd0437b1ca99aa206f7f637f2c45"", ""size"": 21, ""price"": 0.9, ""timestamp"": 1770991753, ""title"": ""XRP Up or Down - February 13, 9:00AM-9:15AM ET"", ""slug"": ""xrp-updown-15m-1770991200"", ""icon"": ""https://polymarket-upload.s3.us-east-2.amazonaws.com/XRP-logo.png"", ""eventSlug"": ""xrp-updown-15m-1770991200"", ""outcome"": ""Down"", ""outcomeIndex"": 1, ""name"": ""goodbyekitty"", ""pseudonym"": ""Rectangular-Import"", ""bio"": """", ""profileImage"": """", ""profileImageOptimized"": """", ""transactionHash"": ""0x8b579b5cfdd1d029e9910def71474a7cb7a4a430386cc82bfe60c9cca8cc10e8""}"
1770991753,2026-02-13T22:10:33.794367,0x6919575c36c96c7d503d12d58c9cef6bc0fb3ca3ca37753c47d0beb1a15704d2:1770991753,572473,5031084282167950494806674428243037744881029417420880897305642929037077494331,SELL,0.97,62.49,60.6153,0x6919575c36c96c7d503d12d58c9cef6bc0fb3ca3ca37753c47d0beb1a15704d2,"{""proxyWallet"": ""0x25abb6a1df72e2b54e58ce224001bb087c2becdb"", ""side"": ""SELL"", ""asset"": ""20904196882427612331862508075536093006671708163736587288824174756496606384067"", ""conditionId"": ""0xa5630e14504bf15e076e4a7d9cb3186939524c4307fa8907d91a6ab50ac2e616"", ""size"": 62.49, ""price"": 0.97, ""timestamp"": 1770991753, ""title"": ""Bitcoin Up or Down - February 13, 9:05AM-9:10AM ET"", ""slug"": ""btc-updown-5m-1770991500"", ""icon"": ""https://polymarket-upload.s3.us-east-2.amazonaws.com/BTC+fullsize.png"", ""eventSlug"": ""btc-updown-5m-1770991500"", ""outcome"": ""Up"", ""outcomeIndex"": 0, ""name"": """", ""pseudonym"": """", ""bio"": """", ""profileImage"": """", ""profileImageOptimized"": """", ""transactionHash"": ""0x6919575c36c96c7d503d12d58c9cef6bc0fb3ca3ca37753c47d0beb1a15704d2""}"
1770991753,2026-02-13T22:10:33.794379,0xdf69f325771d0bfeedd165c3381c2a90f3a15587344bc4315349e919ce18a287:1770991753,572473,5031084282167950494806674428243037744881029417420880897305642929037077494331,BUY,0.46,5.0,2.3000000000000003,0xdf69f325771d0bfeedd165c3381c2a90f3a15587344bc4315349e919ce18a287,"{""proxyWallet"": ""0x3177b6fc028bef95c9c76ec8d0000129271b7b80"", ""side"": ""BUY"", ""asset"": ""69403035397932509667051031905442359043677740034943388398868889632217519882110"", ""conditionId"": ""0xc25ee227bc4c49a871b1e0a50f13bf10006a43506349e60e5cd4d4936c6f9f5c"", ""size"": 5, ""price"": 0.46, ""timestamp"": 1770991753, ""title"": ""Bitcoin Up or Down - February 13, 9:00AM-9:15AM ET"", ""slug"": ""btc-updown-15m-1770991200"", ""icon"": ""https://polymarket-upload.s3.us-east-2.amazonaws.com/BTC+fullsize.png"", ""eventSlug"": ""btc-updown-15m-1770991200"", ""outcome"": ""Up"", ""outcomeIndex"": 0, ""name"": ""trying-something"", ""pseudonym"": ""Wilted-Membership"", ""bio"": """", ""profileImage"": """", ""profileImageOptimized"": """", ""transactionHash"": ""0xdf69f325771d0bfeedd165c3381c2a90f3a15587344bc4315349e919ce18a287""}"
1770991753,2026-02-13T22:10:33.794392,0x7e49e0ce6e1e864f7b43cb341408f1e7d19a8fb17015544829632e995eab53c8:1770991753,572473,5031084282167950494806674428243037744881029417420880897305642929037077494331,BUY,0.47999982719988943,2.083332,0.999999,0x7e49e0ce6e1e864f7b43cb341408f1e7d19a8fb17015544829632e995eab53c8,"{""proxyWallet"": ""0x456639caaba5745c04dd6e377f60508b990088a7"", ""side"": ""BUY"", ""asset"": ""61668438597286735990078024210089420567986315056748791626313970012800710414539"", ""conditionId"": ""0x87f6d90c1efc6afdd156dbe0c239b80cfa50fd6a3cc4b79de09765d9f6e8753d"", ""size"": 2.083332, ""price"": 0.47999982719988943, ""timestamp"": 1770991753, ""title"": ""Stade Rennais FC 1901 vs. Paris Saint-Germain FC: O/U 3.5"", ""slug"": ""fl1-ren-psg-2026-02-13-total-3pt5"", ""icon"": ""https://polymarket-upload.s3.us-east-2.amazonaws.com/league-fl1.png"", ""eventSlug"": ""fl1-ren-psg-2026-02-13-more-markets"", ""outcome"": ""Over"", ""outcomeIndex"": 0, ""name"": ""0x456639caABa5745c04DD6e377f60508b990088a7-1768446953785"", ""pseudonym"": ""Sardonic-Underestimate"", ""bio"": """", ""profileImage"": """", ""profileImageOptimized"": """", ""transactionHash"": ""0x7e49e0ce6e1e864f7b43cb341408f1e7d19a8fb17015544829632e995eab53c8""}"
1770991753,2026-02-13T22:10:33.794405,0x02637f06b8c5b7806eb57a0d7fa72cd1ae2c8837676281b25df3efc1c1ba713b:1770991753,572473,5031084282167950494806674428243037744881029417420880897305642929037077494331,SELL,0.21,13.9,2.919,0x02637f06b8c5b7806eb57a0d7fa72cd1ae2c8837676281b25df3efc1c1ba713b,"{""proxyWallet"": ""0xeef47701049cb23eab6c5e59b8cb29e1079eec82"", ""side"": ""SELL"", ""asset"": ""1554912214644455762390560405339505451434801977490352970953713664706497496237"", ""conditionId"": ""0xbfe3cbce151bc2998ab7fc5c571bee622da5bca634ea911882adfd545b189eb6"", ""size"": 13.9, ""price"": 0.21, ""timestamp"": 1770991753, ""title"": ""Will Elon Musk post 380-399 tweets from February 6 to February 13, 2026?"", ""slug"": ""elon-musk-of-tweets-february-6-february-13-380-399"", ""icon"": ""https://polymarket-upload.s3.us-east-2.amazonaws.com/elon-musk-of-tweets-nov-22-29-apMPG21-pzx_.jpg"", ""eventSlug"": ""elon-musk-of-tweets-february-6-february-13"", ""outcome"": ""Yes"", ""outcomeIndex"": 0, ""name"": ""diannna"", ""pseudonym"": ""Early-Bowl"", ""bio"": """", ""profileImage"": """", ""profileImageOptimized"": """", ""transactionHash"": ""0x02637f06b8c5b7806eb57a0d7fa72cd1ae2c8837676281b25df3efc1c1ba713b""}"
1770991753,2026-02-13T22:10:33.794419,0x23d286497526675ee417f35e7e469b1fdcfcd3c4f383001139ae0fab4cdc5b70:1770991753,572473,5031084282167950494806674428243037744881029417420880897305642929037077494331,BUY,0.79,21.0,16.59,0x23d286497526675ee417f35e7e469b1fdcfcd3c4f383001139ae0fab4cdc5b70,"{""proxyWallet"": ""0xa3ad70cf48a2f2b44163e798223c01a2c2536866"", ""side"": ""BUY"", ""asset"": ""21279602838967598064494973463528526060914131711252304524120168667430148463456"", ""conditionId"": ""0xbfe3cbce151bc2998ab7fc5c571bee622da5bca634ea911882adfd545b189eb6"", ""size"": 21, ""price"": 0.79, ""timestamp"": 1770991753, ""title"": ""Will Elon Musk post 380-399 tweets from February 6 to February 13, 2026?"", ""slug"": ""elon-musk-of-tweets-february-6-february-13-380-399"", ""icon"": ""https://polymarket-upload.s3.us-east-2.amazonaws.com/elon-musk-of-tweets-nov-22-29-apMPG21-pzx_.jpg"", ""eventSlug"": ""elon-musk-of-tweets-february-6-february-13"", ""outcome"": ""No"", ""outcomeIndex"": 1, ""name"": ""rated"", ""pseudonym"": ""Impossible-Architecture"", ""bio"": """", ""profileImage"": """", ""profileImageOptimized"": """", ""transactionHash"": ""0x23d286497526675ee417f35e7e469b1fdcfcd3c4f383001139ae0fab4cdc5b70""}"
1770991753,2026-02-13T22:10:33.794432,0x83d81b4399110ad05f86f8350936f739ee7acb17d267c8306f299838264e44f1:1770991753,572473,5031084282167950494806674428243037744881029417420880897305642929037077494331,BUY,0.996,21.0,20.916,0x83d81b4399110ad05f86f8350936f739ee7acb17d267c8306f299838264e44f1,"{""proxyWallet"": ""0xa3ad70cf48a2f2b44163e798223c01a2c2536866"", ""side"": ""BUY"", ""asset"": ""26931935981849487432974092272149465194193124280855613375789384756197153004430"", ""conditionId"": ""0xf44be44443ce01401fd5f2f90fe8564d22ac66c513d059ad6e1d204cbcf1246b"", ""size"": 21, ""price"": 0.996, ""timestamp"": 1770991753, ""title"": ""Will Elon Musk post 420-439 tweets from February 6 to February 13, 2026?"", ""slug"": ""elon-musk-of-tweets-february-6-february-13-420-439"", ""icon"": ""https://polymarket-upload.s3.us-east-2.amazonaws.com/elon-musk-of-tweets-nov-22-29-apMPG21-pzx_.jpg"", ""eventSlug"": ""elon-musk-of-tweets-february-6-february-13"", ""outcome"": ""No"", ""outcomeIndex"": 1, ""name"": ""rated"", ""pseudonym"": ""Impossible-Architecture"", ""bio"": """", ""profileImage"": """", ""profileImageOptimized"": """", ""transactionHash"": ""0x83d81b4399110ad05f86f8350936f739ee7acb17d267c8306f299838264e44f1""}"
1770991753,2026-02-13T22:10:33.794445,0x91d0dea170a6c9076318b905ece987d15ae954351ba4366af7d8fab7f32dbf1b:1770991753,572473,5031084282167950494806674428243037744881029417420880897305642929037077494331,BUY,0.999,21.0,20.979,0x91d0dea170a6c9076318b905ece987d15ae954351ba4366af7d8fab7f32dbf1b,"{""proxyWallet"": ""0xa3ad70cf48a2f2b44163e798223c01a2c2536866"", ""side"": ""BUY"", ""asset"": ""31390482353732948423156014713174956709029974894266397465545283196377558418180"", ""conditionId"": ""0x814bf672aa616cd0c702d242e0e894799649a7041fd9ed62756a7d8157912c31"", ""size"": 21, ""price"": 0.999, ""timestamp"": 1770991753, ""title"": ""Will Elon Musk post 440-459 tweets from February 6 to February 13, 2026?"", ""slug"": ""elon-musk-of-tweets-february-6-february-13-440-459"", ""icon"": ""https://polymarket-upload.s3.us-east-2.amazonaws.com/elon-musk-of-tweets-nov-22-29-apMPG21-pzx_.jpg"", ""eventSlug"": ""elon-musk-of-tweets-february-6-february-13"", ""outcome"": ""No"", ""outcomeIndex"": 1, ""name"": ""rated"", ""pseudonym"": ""Impossible-Architecture"", ""bio"": """", ""profileImage"": """", ""profileImageOptimized"": """", ""transactionHash"": ""0x91d0dea170a6c9076318b905ece987d15ae954351ba4366af7d8fab7f32dbf1b""}"
1770991753,2026-02-13T22:10:33.794457,0x6f81960528688a20c6ab3da9020c15b8e98be64b58b378481bbd7ff5d8c5bdf4:1770991753,572473,5031084282167950494806674428243037744881029417420880897305642929037077494331,BUY,0.7899999981455398,37.746833,29.819998000000002,0x6f81960528688a20c6ab3da9020c15b8e98be64b58b378481bbd7ff5d8c5bdf4,"{""proxyWallet"": ""0xe8dd7741ccb12350957ec71e9ee332e0d1e6ec86"", ""side"": ""BUY"", ""asset"": ""21279602838967598064494973463528526060914131711252304524120168667430148463456"", ""conditionId"": ""0xbfe3cbce151bc2998ab7fc5c571bee622da5bca634ea911882adfd545b189eb6"", ""size"": 37.746833, ""price"": 0.7899999981455398, ""timestamp"": 1770991753, ""title"": ""Will Elon Musk post 380-399 tweets from February 6 to February 13, 2026?"", ""slug"": ""elon-musk-of-tweets-february-6-february-13-380-399"", ""icon"": ""https://polymarket-upload.s3.us-east-2.amazonaws.com/elon-musk-of-tweets-nov-22-29-apMPG21-pzx_.jpg"", ""eventSlug"": ""elon-musk-of-tweets-february-6-february-13"", ""outcome"": ""No"", ""outcomeIndex"": 1, ""name"": ""influenz.eth"", ""pseudonym"": ""Real-Veteran"", ""bio"": ""3820"", ""profileImage"": """", ""profileImageOptimized"": """", ""transactionHash"": ""0x6f81960528688a20c6ab3da9020c15b8e98be64b58b378481bbd7ff5d8c5bdf4""}"
1770991753,2026-02-13T22:10:33.794472,0xa3c30f962bfdf972800c7480b5dd4779a9f9cb2f832754cc7432c68893c92906:1770991753,572473,5031084282167950494806674428243037744881029417420880897305642929037077494331,BUY,0.14999988749997187,6.666665,0.999999,0xa3c30f962bfdf972800c7480b5dd4779a9f9cb2f832754cc7432c68893c92906,"{""proxyWallet"": ""0xf28095f54e8417b4bf6a122245c7d64360e4b65b"", ""side"": ""BUY"", ""asset"": ""94132141909521137323827233637795805616274092365378938047329832970362981402877"", ""conditionId"": ""0xbb1e6daf17bdeb0243b1301321303a049216738a969a1dfed181fa09a3ac62b3"", ""size"": 6.666665, ""price"": 0.14999988749997187, ""timestamp"": 1770991753, ""title"": ""Will Al Hilal Saudi Club win on 2026-02-13?"", ""slug"": ""spl-hil-ett-2026-02-13-hil"", ""icon"": ""https://polymarket-upload.s3.us-east-2.amazonaws.com/saudi-league-0eb74ab5b8.png"", ""eventSlug"": ""spl-hil-ett-2026-02-13"", ""outcome"": ""No"", ""outcomeIndex"": 1, ""name"": ""Peperelman"", ""pseudonym"": ""Thin-Aglet"", ""bio"": """", ""profileImage"": """", ""profileImageOptimized"": """", ""transactionHash"": ""0xa3c30f962bfdf972800c7480b5dd4779a9f9cb2f832754cc7432c68893c92906""}"
1770991753,2026-02-13T22:10:33.794486,0x77f0e7e594594a6ce54c6898ecff7c659e0697367c26a242e705fb7fd065eec3:1770991753,572473,5031084282167950494806674428243037744881029417420880897305642929037077494331,BUY,0.9199999815999912,2.173912,1.999999,0x77f0e7e594594a6ce54c6898ecff7c659e0697367c26a242e705fb7fd065eec3,"{""proxyWallet"": ""0xeba8e678155b9bfa29867bc88124ea398a0c90ab"", ""side"": ""BUY"", ""asset"": ""4294468471900237554540518128029283560669693092353319306901242041418687309724"", ""conditionId"": ""0x3ea0cdf0c6adca8ae5d487211312996f768f31119d142bee697960575e279cab"", ""size"": 2.173912, ""price"": 0.9199999815999912, ""timestamp"": 1770991753, ""title"": ""Bitcoin Up or Down on February 13?"", ""slug"": ""bitcoin-up-or-down-on-february-13"", ""icon"": ""https://polymarket-upload.s3.us-east-2.amazonaws.com/BTC+fullsize.png"", ""eventSlug"": ""bitcoin-up-or-down-on-february-13"", ""outcome"": ""Up"", ""outcomeIndex"": 0, ""name"": ""andcripto"", ""pseudonym"": ""Modest-Bulk"", ""bio"": """", ""profileImage"": """", ""profileImageOptimized"": """", ""transactionHash"": ""0x77f0e7e594594a6ce54c6898ecff7c659e0697367c26a242e705fb7fd065eec3""}"
1770991753,2026-02-13T22:10:33.794500,0x65f5fb4b2acb76441ab45212df63b31864678989247f3a4c82ee170d25f2cc4e:1770991753,572473,5031084282167950494806674428243037744881029417420880897305642929037077494331,BUY,0.997,1.43,1.42571,0x65f5fb4b2acb76441ab45212df63b31864678989247f3a4c82ee170d25f2cc4e,"{""proxyWallet"": ""0x99d81b6684009b95cdaf854c66bd9d0543d36d94"", ""side"": ""BUY"", ""asset"": ""19806392681995050152145415361381031341700934231041945330332499154596825718777"", ""conditionId"": ""0x2608346a6dc4bec293b31cf52e9f7fb8908b45f4c29b47bc6d800ec4d7d5f9be"", ""size"": 1.43, ""price"": 0.997, ""timestamp"": 1770991753, ""title"": ""Will the price of Ethereum be above $1,700 on February 13?"", ""slug"": ""ethereum-above-1700-on-february-13"", ""icon"": ""https://polymarket-upload.s3.us-east-2.amazonaws.com/ETH+fullsize.jpg"", ""eventSlug"": ""ethereum-above-on-february-13"", ""outcome"": ""Yes"", ""outcomeIndex"": 0, ""name"": ""yuckimpressive"", ""pseudonym"": ""Cooked-Goat"", ""bio"": """", ""profileImage"": """", ""profileImageOptimized"": """", ""transactionHash"": ""0x65f5fb4b2acb76441ab45212df63b31864678989247f3a4c82ee170d25f2cc4e""}"
1770991753,2026-02-13T22:10:33.794513,0xfa0045abef491c4976c81c098b446dc540c35a7cd67f42f99fca33424dad0013:1770991753,572473,5031084282167950494806674428243037744881029417420880897305642929037077494331,BUY,0.996,37.74075,37.589787,0xfa0045abef491c4976c81c098b446dc540c35a7cd67f42f99fca33424dad0013,"{""proxyWallet"": ""0xe8dd7741ccb12350957ec71e9ee332e0d1e6ec86"", ""side"": ""BUY"", ""asset"": ""26931935981849487432974092272149465194193124280855613375789384756197153004430"", ""conditionId"": ""0xf44be44443ce01401fd5f2f90fe8564d22ac66c513d059ad6e1d204cbcf1246b"", ""size"": 37.74075, ""price"": 0.996, ""timestamp"": 1770991753, ""title"": ""Will Elon Musk post 420-439 tweets from February 6 to February 13, 2026?"", ""slug"": ""elon-musk-of-tweets-february-6-february-13-420-439"", ""icon"": ""https://polymarket-upload.s3.us-east-2.amazonaws.com/elon-musk-of-tweets-nov-22-29-apMPG21-pzx_.jpg"", ""eventSlug"": ""elon-musk-of-tweets-february-6-february-13"", ""outcome"": ""No"", ""outcomeIndex"": 1, ""name"": ""influenz.eth"", ""pseudonym"": ""Real-Veteran"", ""bio"": ""3820"", ""profileImage"": """", ""profileImageOptimized"": """", ""transactionHash"": ""0xfa0045abef491c4976c81c098b446dc540c35a7cd67f42f99fca33424dad0013""}"
1770991753,2026-02-13T22:10:33.794527,0xea49b33e6b7a6ce04cb720d9f82f3f2b6fedfa74d028e05da764845c251be073:1770991753,572473,5031084282167950494806674428243037744881029417420880897305642929037077494331,BUY,0.98,1.0204,0.999992,0xea49b33e6b7a6ce04cb720d9f82f3f2b6fedfa74d028e05da764845c251be073,"{""proxyWallet"": ""0xd11dbe9442e7c2bee644295957054c51a053523d"", ""side"": ""BUY"", ""asset"": ""20904196882427612331862508075536093006671708163736587288824174756496606384067"", ""conditionId"": ""0xa5630e14504bf15e076e4a7d9cb3186939524c4307fa8907d91a6ab50ac2e616"", ""size"": 1.0204, ""price"": 0.98, ""timestamp"": 1770991753, ""title"": ""Bitcoin Up or Down - February 13, 9:05AM-9:10AM ET"", ""slug"": ""btc-updown-5m-1770991500"", ""icon"": ""https://polymarket-upload.s3.us-east-2.amazonaws.com/BTC+fullsize.png"", ""eventSlug"": ""btc-updown-5m-1770991500"", ""outcome"": ""Up"", ""outcomeIndex"": 0, ""name"": ""550A"", ""pseudonym"": ""Entire-Synergy"", ""bio"": """", ""profileImage"": ""https://polymarket-upload.s3.us-east-2.amazonaws.com/profile-image-5147385-83e81d58-84f4-4c3c-a20e-a1ef21a09d9b.jpg"", ""profileImageOptimized"": """", ""transactionHash"": ""0xea49b33e6b7a6ce04cb720d9f82f3f2b6fedfa74d028e05da764845c251be073""}"
1770991753,2026-02-13T22:10:33.794553,0xcbeedb569fda91bf4d3410489a7404d8a9dd9d24d1964fa4dcdd0319b734b6f7:1770991753,572473,5031084282167950494806674428243037744881029417420880897305642929037077494331,BUY,0.9789999997615425,37.742571,36.949977,0xcbeedb569fda91bf4d3410489a7404d8a9dd9d24d1964fa4dcdd0319b734b6f7,"{""proxyWallet"": ""0xe8dd7741ccb12350957ec71e9ee332e0d1e6ec86"", ""side"": ""BUY"", ""asset"": ""56673238648973397430462697823024195027743104859490382126718703282864552288079"", ""conditionId"": ""0x1f25449e1d10ac6139f395358479939300f7d355b15d4ec1e26ea5005b175bb3"", ""size"": 37.742571, ""price"": 0.9789999997615425, ""timestamp"": 1770991753, ""title"": ""Will Elon Musk post 400-419 tweets from February 6 to February 13, 2026?"", ""slug"": ""elon-musk-of-tweets-february-6-february-13-400-419"", ""icon"": ""https://polymarket-upload.s3.us-east-2.amazonaws.com/elon-musk-of-tweets-nov-22-29-apMPG21-pzx_.jpg"", ""eventSlug"": ""elon-musk-of-tweets-february-6-february-13"", ""outcome"": ""No"", ""outcomeIndex"": 1, ""name"": ""influenz.eth"", ""pseudonym"": ""Real-Veteran"", ""bio"": ""3820"", ""profileImage"": """", ""profileImageOptimized"": """", ""transactionHash"": ""0xcbeedb569fda91bf4d3410489a7404d8a9dd9d24d1964fa4dcdd0319b734b6f7""}"
1770991753,2026-02-13T22:10:33.794566,0x0ef179960ec3970d06ede05fbd578df6d414228b6fce48982b903ebff6bb539e:1770991753,572473,5031084282167950494806674428243037744881029417420880897305642929037077494331,BUY,0.55,5.0,2.75,0x0ef179960ec3970d06ede05fbd578df6d414228b6fce48982b903ebff6bb539e,"{""proxyWallet"": ""0xdd841d5195c0ee8b7fa85c3513071e29bd549f62"", ""side"": ""BUY"", ""asset"": ""4178531277101930988692310013213248114472964389143173804873458721353665392131"", ""conditionId"": ""0xc25ee227bc4c49a871b1e0a50f13bf10006a43506349e60e5cd4d4936c6f9f5c"", ""size"": 5, ""price"": 0.55, ""timestamp"": 1770991753, ""title"": ""Bitcoin Up or Down - February 13, 9:00AM-9:15AM ET"", ""slug"": ""btc-updown-15m-1770991200"", ""icon"": ""https://polymarket-upload.s3.us-east-2.amazonaws.com/BTC+fullsize.png"", ""eventSlug"": ""btc-updown-15m-1770991200"", ""outcome"": ""Down"", ""outcomeIndex"": 1, ""name"": ""w1331w"", ""pseudonym"": ""Close-Beat"", ""bio"": """", ""profileImage"": """", ""profileImageOptimized"": """", ""transactionHash"": ""0x0ef179960ec3970d06ede05fbd578df6d414228b6fce48982b903ebff6bb539e""}"
1770991753,2026-02-13T22:10:33.794578,0x4e8470ee4862235c19c74355b187e30689757d1f108ef7fbb6b215371df4dffd:1770991753,572473,5031084282167950494806674428243037744881029417420880897305642929037077494331,BUY,0.765999999644159,95.548299,73.18999699999999,0x4e8470ee4862235c19c74355b187e30689757d1f108ef7fbb6b215371df4dffd,"{""proxyWallet"": ""0xa9abb2bc64b3c260e64cb4aa238c364b7348da04"", ""side"": ""BUY"", ""asset"": ""95070461496835695425831403077419599356225247743376044933265154432196900019605"", ""conditionId"": ""0x2e56abf38080f33fb82ce3676c03989b7f93fddd6b3deea492e5a523609297a8"", ""size"": 95.548299, ""price"": 0.765999999644159, ""timestamp"": 1770991753, ""title"": ""Will Elon Musk post 360-379 tweets from February 6 to February 13, 2026?"", ""slug"": ""elon-musk-of-tweets-february-6-february-13-360-379"", ""icon"": ""https://polymarket-upload.s3.us-east-2.amazonaws.com/elon-musk-of-tweets-nov-22-29-apMPG21-pzx_.jpg"", ""eventSlug"": ""elon-musk-of-tweets-february-6-february-13"", ""outcome"": ""Yes"", ""outcomeIndex"": 0, ""name"": """", ""pseudonym"": """", ""bio"": """", ""profileImage"": """", ""profileImageOptimized"": """", ""transactionHash"": ""0x4e8470ee4862235c19c74355b187e30689757d1f108ef7fbb6b215371df4dffd""}"
1770991753,2026-02-13T22:10:33.794590,0x7bc5f185519ade8bfd77fc42bbce5a71f25353bc3bebe01c4e0df380a7041da5:1770991753,572473,5031084282167950494806674428243037744881029417420880897305642929037077494331,SELL,0.54,1.71,0.9234,0x7bc5f185519ade8bfd77fc42bbce5a71f25353bc3bebe01c4e0df380a7041da5,"{""proxyWallet"": ""0xb903c4b0b6f65c907643485f01ce44aba03cb77d"", ""side"": ""SELL"", ""asset"": ""4178531277101930988692310013213248114472964389143173804873458721353665392131"", ""conditionId"": ""0xc25ee227bc4c49a871b1e0a50f13bf10006a43506349e60e5cd4d4936c6f9f5c"", ""size"": 1.71, ""price"": 0.54, ""timestamp"": 1770991753, ""title"": ""Bitcoin Up or Down - February 13, 9:00AM-9:15AM ET"", ""slug"": ""btc-updown-15m-1770991200"", ""icon"": ""https://polymarket-upload.s3.us-east-2.amazonaws.com/BTC+fullsize.png"", ""eventSlug"": ""btc-updown-15m-1770991200"", ""outcome"": ""Down"", ""outcomeIndex"": 1, ""name"": """", ""pseudonym"": """", ""bio"": """", ""profileImage"": """", ""profileImageOptimized"": """", ""transactionHash"": ""0x7bc5f185519ade8bfd77fc42bbce5a71f25353bc3bebe01c4e0df380a7041da5""}"
1770991753,2026-02-13T22:10:33.794601,0xe97613c2712dddd568086fd04d843872baad3093e0ed8122e54def06f5dc4f50:1770991753,572473,5031084282167950494806674428243037744881029417420880897305642929037077494331,SELL,0.97,38.6,37.442,0xe97613c2712dddd568086fd04d843872baad3093e0ed8122e54def06f5dc4f50,"{""proxyWallet"": ""0x4654b12740e7fa2b6402ebba1d54678fefef60e1"", ""side"": ""SELL"", ""asset"": ""20904196882427612331862508075536093006671708163736587288824174756496606384067"", ""conditionId"": ""0xa5630e14504bf15e076e4a7d9cb3186939524c4307fa8907d91a6ab50ac2e616"", ""size"": 38.6, ""price"": 0.97, ""timestamp"": 1770991753, ""title"": ""Bitcoin Up or Down - February 13, 9:05AM-9:10AM ET"", ""slug"": ""btc-updown-5m-1770991500"", ""icon"": ""https://polymarket-upload.s3.us-east-2.amazonaws.com/BTC+fullsize.png"", ""eventSlug"": ""btc-updown-5m-1770991500"", ""outcome"": ""Up"", ""outcomeIndex"": 0, ""name"": ""Jomeim"", ""pseudonym"": ""Gray-Bus"", ""bio"": """", ""profileImage"": """", ""profileImageOptimized"": """", ""transactionHash"": ""0xe97613c2712dddd568086fd04d843872baad3093e0ed8122e54def06f5dc4f50""}"
1770991753,2026-02-13T22:10:33.794613,0x67f9f6db7efcc3b48811bdcbaefbe6eaf1c4d793ac3ab100e594ceeb84bf927a:1770991753,572473,5031084282167950494806674428243037744881029417420880897305642929037077494331,BUY,0.46,5.0,2.3000000000000003,0x67f9f6db7efcc3b48811bdcbaefbe6eaf1c4d793ac3ab100e594ceeb84bf927a,"{""proxyWallet"": ""0x951848b1702a727fdcbd247c690165372273f347"", ""side"": ""BUY"", ""asset"": ""69403035397932509667051031905442359043677740034943388398868889632217519882110"", ""conditionId"": ""0xc25ee227bc4c49a871b1e0a50f13bf10006a43506349e60e5cd4d4936c6f9f5c"", ""size"": 5, ""price"": 0.46, ""timestamp"": 1770991753, ""title"": ""Bitcoin Up or Down - February 13, 9:00AM-9:15AM ET"", ""slug"": ""btc-updown-15m-1770991200"", ""icon"": ""https://polymarket-upload.s3.us-east-2.amazonaws.com/BTC+fullsize.png"", ""eventSlug"": ""btc-updown-15m-1770991200"", ""outcome"": ""Up"", ""outcomeIndex"": 0, ""name"": ""Sergiisss"", ""pseudonym"": ""Glaring-Crib"", ""bio"": """", ""profileImage"": ""https://polymarket-upload.s3.us-east-2.amazonaws.com/profile-image-4942534-971f4d52-1d19-4052-ac6f-5a5f7fc23dfc.png"", ""profileImageOptimized"": """", ""transactionHash"": ""0x67f9f6db7efcc3b48811bdcbaefbe6eaf1c4d793ac3ab100e594ceeb84bf927a""}"
1770991753,2026-02-13T22:10:33.794625,0xfb63f105e7332c7a5f8d4e90023a3bd3b17021ac85bc46f892187456f38febbe:1770991753,572473,5031084282167950494806674428243037744881029417420880897305642929037077494331,BUY,0.6,11.33,6.798,0xfb63f105e7332c7a5f8d4e90023a3bd3b17021ac85bc46f892187456f38febbe,"{""proxyWallet"": ""0xc4943d3979d3fc5baaf2d8f0d77e57e3fffedb1d"", ""side"": ""BUY"", ""asset"": ""59216187068789587421927433430482761599200750107783392267763037058977276860993"", ""conditionId"": ""0x79925f6f98eab9d1b0380be5d755861c2450c80ee83abd82216c078028ad68dd"", ""size"": 11.33, ""price"": 0.6, ""timestamp"": 1770991753, ""title"": ""Antalyaspor vs. Samsunspor: O/U 2.5"", ""slug"": ""tur-ant-sam-2026-02-13-total-2pt5"", ""icon"": ""https://polymarket-upload.s3.us-east-2.amazonaws.com/tur.png"", ""eventSlug"": ""tur-ant-sam-2026-02-13-more-markets"", ""outcome"": ""Under"", ""outcomeIndex"": 1, ""name"": ""finegirl"", ""pseudonym"": ""Spanish-Suffocation"", ""bio"": """", ""profileImage"": """", ""profileImageOptimized"": """", ""transactionHash"": ""0xfb63f105e7332c7a5f8d4e90023a3bd3b17021ac85bc46f892187456f38febbe""}"
1770991753,2026-02-13T22:10:33.794637,0x100efe63814421b1568fadfa26afe6dbee1e026026bf908c19d98746ccb9ba61:1770991753,572473,5031084282167950494806674428243037744881029417420880897305642929037077494331,BUY,0.979,21.0,20.559,0x100efe63814421b1568fadfa26afe6dbee1e026026bf908c19d98746ccb9ba61,"{""proxyWallet"": ""0xa3ad70cf48a2f2b44163e798223c01a2c2536866"", ""side"": ""BUY"", ""asset"": ""56673238648973397430462697823024195027743104859490382126718703282864552288079"", ""conditionId"": ""0x1f25449e1d10ac6139f395358479939300f7d355b15d4ec1e26ea5005b175bb3"", ""size"": 21, ""price"": 0.979, ""timestamp"": 1770991753, ""title"": ""Will Elon Musk post 400-419 tweets from February 6 to February 13, 2026?"", ""slug"": ""elon-musk-of-tweets-february-6-february-13-400-419"", ""icon"": ""https://polymarket-upload.s3.us-east-2.amazonaws.com/elon-musk-of-tweets-nov-22-29-apMPG21-pzx_.jpg"", ""eventSlug"": ""elon-musk-of-tweets-february-6-february-13"", ""outcome"": ""No"", ""outcomeIndex"": 1, ""name"": ""rated"", ""pseudonym"": ""Impossible-Architecture"", ""bio"": """", ""profileImage"": """", ""profileImageOptimized"": """", ""transactionHash"": ""0x100efe63814421b1568fadfa26afe6dbee1e026026bf908c19d98746ccb9ba61""}"
1770991753,2026-02-13T22:10:33.794649,0xf8dd15ef90730312089149feb89e919412d9ff875a7c02a44a7acaf310d7f9a3:1770991753,572473,5031084282167950494806674428243037744881029417420880897305642929037077494331,BUY,0.9789999996737573,36.782428,36.009997000000006,0xf8dd15ef90730312089149feb89e919412d9ff875a7c02a44a7acaf310d7f9a3,"{""proxyWallet"": ""0xe8dd7741ccb12350957ec71e9ee332e0d1e6ec86"", ""side"": ""BUY"", ""asset"": ""56673238648973397430462697823024195027743104859490382126718703282864552288079"", ""conditionId"": ""0x1f25449e1d10ac6139f395358479939300f7d355b15d4ec1e26ea5005b175bb3"", ""size"": 36.782428, ""price"": 0.9789999996737573, ""timestamp"": 1770991753, ""title"": ""Will Elon Musk post 400-419 tweets from February 6 to February 13, 2026?"", ""slug"": ""elon-musk-of-tweets-february-6-february-13-400-419"", ""icon"": ""https://polymarket-upload.s3.us-east-2.amazonaws.com/elon-musk-of-tweets-nov-22-29-apMPG21-pzx_.jpg"", ""eventSlug"": ""elon-musk-of-tweets-february-6-february-13"", ""outcome"": ""No"", ""outcomeIndex"": 1, ""name"": ""influenz.eth"", ""pseudonym"": ""Real-Veteran"", ""bio"": ""3820"", ""profileImage"": """", ""profileImageOptimized"": """", ""transactionHash"": ""0xf8dd15ef90730312089149feb89e919412d9ff875a7c02a44a7acaf310d7f9a3""}"
1770991753,2026-02-13T22:10:33.794662,0x215901b3afba2d0e3785256292a54345b2562d54e7981435a95b856745f71ee0:1770991753,572473,5031084282167950494806674428243037744881029417420880897305642929037077494331,BUY,0.8799999868164451,3.034083,2.669993,0x215901b3afba2d0e3785256292a54345b2562d54e7981435a95b856745f71ee0,"{""proxyWallet"": ""0x27eb7b85c51a254a81fcdb3e43033bfce90ab0c4"", ""side"": ""BUY"", ""asset"": ""103924929148213339450168629019405689953188250690020471055161569308682684050404"", ""conditionId"": ""0xa5e0ef40d488545df56c9d30692efadb3e46cfe2c65ef6cdad5c82eff642bc7d"", ""size"": 3.034083, ""price"": 0.8799999868164451, ""timestamp"": 1770991753, ""title"": ""Ethereum Up or Down - February 13, 9:00AM-9:15AM ET"", ""slug"": ""eth-updown-15m-1770991200"", ""icon"": ""https://polymarket-upload.s3.us-east-2.amazonaws.com/ETH+fullsize.jpg"", ""eventSlug"": ""eth-updown-15m-1770991200"", ""outcome"": ""Down"", ""outcomeIndex"": 1, ""name"": ""TDCx"", ""pseudonym"": ""Fat-Sportsman"", ""bio"": """", ""profileImage"": """", ""profileImageOptimized"": """", ""transactionHash"": ""0x215901b3afba2d0e3785256292a54345b2562d54e7981435a95b856745f71ee0""}"
1770991753,2026-02-13T22:10:33.794674,0x6230b5bcdf5362b640d98aa6755145f1a9b495bf52543eee5e17452181aee9a8:1770991753,572473,5031084282167950494806674428243037744881029417420880897305642929037077494331,BUY,0.55,2.0,1.1,0x6230b5bcdf5362b640d98aa6755145f1a9b495bf52543eee5e17452181aee9a8,"{""proxyWallet"": ""0x71d854219492ed5b7ca266dba99ed677d9cb3102"", ""side"": ""BUY"", ""asset"": ""4178531277101930988692310013213248114472964389143173804873458721353665392131"", ""conditionId"": ""0xc25ee227bc4c49a871b1e0a50f13bf10006a43506349e60e5cd4d4936c6f9f5c"", ""size"": 2, ""price"": 0.55, ""timestamp"": 1770991753, ""title"": ""Bitcoin Up or Down - February 13, 9:00AM-9:15AM ET"", ""slug"": ""btc-updown-15m-1770991200"", ""icon"": ""https://polymarket-upload.s3.us-east-2.amazonaws.com/BTC+fullsize.png"", ""eventSlug"": ""btc-updown-15m-1770991200"", ""outcome"": ""Down"", ""outcomeIndex"": 1, ""name"": """", ""pseudonym"": """", ""bio"": """", ""profileImage"": """", ""profileImageOptimized"": """", ""transactionHash"": ""0x6230b5bcdf5362b640d98aa6755145f1a9b495bf52543eee5e17452181aee9a8""}"
1770991753,2026-02-13T22:10:33.794685,0x38d7c5f85448a241fe5c622fe7f75a22569ab1a31f5e449a991e12469c345315:1770991753,572473,5031084282167950494806674428243037744881029417420880897305642929037077494331,SELL,0.97,13.22,12.8234,0x38d7c5f85448a241fe5c622fe7f75a22569ab1a31f5e449a991e12469c345315,"{""proxyWallet"": ""0x91db46171937a69fe62446dc909ff364557cecef"", ""side"": ""SELL"", ""asset"": ""20904196882427612331862508075536093006671708163736587288824174756496606384067"", ""conditionId"": ""0xa5630e14504bf15e076e4a7d9cb3186939524c4307fa8907d91a6ab50ac2e616"", ""size"": 13.22, ""price"": 0.97, ""timestamp"": 1770991753, ""title"": ""Bitcoin Up or Down - February 13, 9:05AM-9:10AM ET"", ""slug"": ""btc-updown-5m-1770991500"", ""icon"": ""https://polymarket-upload.s3.us-east-2.amazonaws.com/BTC+fullsize.png"", ""eventSlug"": ""btc-updown-5m-1770991500"", ""outcome"": ""Up"", ""outcomeIndex"": 0, ""name"": ""Pranam"", ""pseudonym"": ""Cluttered-Pump"", ""bio"": """", ""profileImage"": ""https://polymarket-upload.s3.us-east-2.amazonaws.com/profile-image-715988-47e1f8f2-a9f4-41a8-9f5a-8da8358297bb.jpg"", ""profileImageOptimized"": """", ""transactionHash"": ""0x38d7c5f85448a241fe5c622fe7f75a22569ab1a31f5e449a991e12469c345315""}"
1770991753,2026-02-13T22:10:33.794697,0xf5a6018a3e7ad6b4ac5201cdc6af2fb050ae2091d32d32849533f588cd456b96:1770991753,572473,5031084282167950494806674428243037744881029417420880897305642929037077494331,BUY,0.26600985091945933,375.925924,99.999999,0xf5a6018a3e7ad6b4ac5201cdc6af2fb050ae2091d32d32849533f588cd456b96,"{""proxyWallet"": ""0xa7945a2e05839d8d0bc921d44d8049f6ab251361"", ""side"": ""BUY"", ""asset"": ""28411603192587907581475145079515533678303112623679356175470513462944158152948"", ""conditionId"": ""0x40f1140ee5e78a2f93ff774e2f39571e248c5a5f3ae0eb7c60702ed42f249035"", ""size"": 375.925924, ""price"": 0.26600985091945933, ""timestamp"": 1770991753, ""title"": ""Dota 2: Spirit Academy vs Valinor (BO3) - CCT Series 7 Group B"", ""slug"": ""dota2-spirit1-valino-2026-02-13"", ""icon"": ""https://polymarket-upload.s3.us-east-2.amazonaws.com/league_images/dota2/dota-2-cct.png"", ""eventSlug"": ""dota2-spirit1-valino-2026-02-13"", ""outcome"": ""Spirit Academy"", ""outcomeIndex"": 0, ""name"": ""BushInHide"", ""pseudonym"": ""Authentic-Karate"", ""bio"": """", ""profileImage"": """", ""profileImageOptimized"": """", ""transactionHash"": ""0xf5a6018a3e7ad6b4ac5201cdc6af2fb050ae2091d32d32849533f588cd456b96""}"
1770991753,2026-02-13T22:10:33.794711,0xb9278118d7d261f04ef668f3c583791287f55cb38e0317d258741ca7a3fa88a0:1770991753,572473,5031084282167950494806674428243037744881029417420880897305642929037077494331,BUY,0.1,16.79,1.679,0xb9278118d7d261f04ef668f3c583791287f55cb38e0317d258741ca7a3fa88a0,"{""proxyWallet"": ""0xd0d6053c3c37e727402d84c14069780d360993aa"", ""side"": ""BUY"", ""asset"": ""22379640197718694878364221357587581748218515929776023289212793810754775088536"", ""conditionId"": ""0xabe1fae562a66fa6bfcaccd180d17ef3f2cedd0437b1ca99aa206f7f637f2c45"", ""size"": 16.79, ""price"": 0.1, ""timestamp"": 1770991753, ""title"": ""XRP Up or Down - February 13, 9:00AM-9:15AM ET"", ""slug"": ""xrp-updown-15m-1770991200"", ""icon"": ""https://polymarket-upload.s3.us-east-2.amazonaws.com/XRP-logo.png"", ""eventSlug"": ""xrp-updown-15m-1770991200"", ""outcome"": ""Up"", ""outcomeIndex"": 0, ""name"": ""k9Q2mX4L8A7ZP3R"", ""pseudonym"": ""Uncommon-Oat"", ""bio"": """", ""profileImage"": """", ""profileImageOptimized"": """", ""transactionHash"": ""0xb9278118d7d261f04ef668f3c583791287f55cb38e0317d258741ca7a3fa88a0""}"
1770991753,2026-02-13T22:10:33.794723,0x6c035c38956d084ccb8e5384b34b5cd70c44ebfa561c45b59ba8150fc6249284:1770991753,572473,5031084282167950494806674428243037744881029417420880897305642929037077494331,BUY,0.88,15.0,13.2,0x6c035c38956d084ccb8e5384b34b5cd70c44ebfa561c45b59ba8150fc6249284,"{""proxyWallet"": ""0x05d17ab73f7403e99d3c448513d65a1942994bef"", ""side"": ""BUY"", ""asset"": ""103924929148213339450168629019405689953188250690020471055161569308682684050404"", ""conditionId"": ""0xa5e0ef40d488545df56c9d30692efadb3e46cfe2c65ef6cdad5c82eff642bc7d"", ""size"": 15, ""price"": 0.88, ""timestamp"": 1770991753, ""title"": ""Ethereum Up or Down - February 13, 9:00AM-9:15AM ET"", ""slug"": ""eth-updown-15m-1770991200"", ""icon"": ""https://polymarket-upload.s3.us-east-2.amazonaws.com/ETH+fullsize.jpg"", ""eventSlug"": ""eth-updown-15m-1770991200"", ""outcome"": ""Down"", ""outcomeIndex"": 1, ""name"": ""goodbyekitty"", ""pseudonym"": ""Rectangular-Import"", ""bio"": """", ""profileImage"": """", ""profileImageOptimized"": """", ""transactionHash"": ""0x6c035c38956d084ccb8e5384b34b5cd70c44ebfa561c45b59ba8150fc6249284""}"
1770991753,2026-02-13T22:10:33.794734,0xad4673d7adbcfd6c47f8104f32d10d4c18b7c7ba874d7241548ea31475352be5:1770991753,572473,5031084282167950494806674428243037744881029417420880897305642929037077494331,BUY,0.96,5.875,5.64,0xad4673d7adbcfd6c47f8104f32d10d4c18b7c7ba874d7241548ea31475352be5,"{""proxyWallet"": ""0xbcd7dcfa778570b0854d6f9dda5ce0c2ad6fcaa5"", ""side"": ""BUY"", ""asset"": ""84898076181559118425898345569189698388521872415216164213809188176510950948663"", ""conditionId"": ""0xb3257390dcd36f4898f30045c3e1a7e7903684f7449c5a95ed07332f27017bd2"", ""size"": 5.875, ""price"": 0.96, ""timestamp"": 1770991753, ""title"": ""Will Al Shabab Saudi Club win on 2026-02-13?"", ""slug"": ""spl-sha-ahl-2026-02-13-sha"", ""icon"": ""https://polymarket-upload.s3.us-east-2.amazonaws.com/saudi-league-0eb74ab5b8.png"", ""eventSlug"": ""spl-sha-ahl-2026-02-13"", ""outcome"": ""No"", ""outcomeIndex"": 1, ""name"": ""hehxiu1"", ""pseudonym"": ""Whole-Graph"", ""bio"": """", ""profileImage"": """", ""profileImageOptimized"": """", ""transactionHash"": ""0xad4673d7adbcfd6c47f8104f32d10d4c18b7c7ba874d7241548ea31475352be5""}"
1770991753,2026-02-13T22:10:33.794746,0x891138ce157887ac181f7328c968702ebc40ed5f3e769643a368de9bf63c26e4:1770991753,572473,5031084282167950494806674428243037744881029417420880897305642929037077494331,BUY,0.999,37.747,37.709253,0x891138ce157887ac181f7328c968702ebc40ed5f3e769643a368de9bf63c26e4,"{""proxyWallet"": ""0xe8dd7741ccb12350957ec71e9ee332e0d1e6ec86"", ""side"": ""BUY"", ""asset"": ""31390482353732948423156014713174956709029974894266397465545283196377558418180"", ""conditionId"": ""0x814bf672aa616cd0c702d242e0e894799649a7041fd9ed62756a7d8157912c31"", ""size"": 37.747, ""price"": 0.999, ""timestamp"": 1770991753, ""title"": ""Will Elon Musk post 440-459 tweets from February 6 to February 13, 2026?"", ""slug"": ""elon-musk-of-tweets-february-6-february-13-440-459"", ""icon"": ""https://polymarket-upload.s3.us-east-2.amazonaws.com/elon-musk-of-tweets-nov-22-29-apMPG21-pzx_.jpg"", ""eventSlug"": ""elon-musk-of-tweets-february-6-february-13"", ""outcome"": ""No"", ""outcomeIndex"": 1, ""name"": ""influenz.eth"", ""pseudonym"": ""Real-Veteran"", ""bio"": ""3820"", ""profileImage"": """", ""profileImageOptimized"": """", ""transactionHash"": ""0x891138ce157887ac181f7328c968702ebc40ed5f3e769643a368de9bf63c26e4""}"
1770991753,2026-02-13T22:10:33.794759,0x31e0e7093623298bcc296683fdfb70e277dc65998897bc53701414ec96fcdd0c:1770991753,572473,5031084282167950494806674428243037744881029417420880897305642929037077494331,BUY,0.996,36.787,36.639852,0x31e0e7093623298bcc296683fdfb70e277dc65998897bc53701414ec96fcdd0c,"{""proxyWallet"": ""0xe8dd7741ccb12350957ec71e9ee332e0d1e6ec86"", ""side"": ""BUY"", ""asset"": ""26931935981849487432974092272149465194193124280855613375789384756197153004430"", ""conditionId"": ""0xf44be44443ce01401fd5f2f90fe8564d22ac66c513d059ad6e1d204cbcf1246b"", ""size"": 36.787, ""price"": 0.996, ""timestamp"": 1770991753, ""title"": ""Will Elon Musk post 420-439 tweets from February 6 to February 13, 2026?"", ""slug"": ""elon-musk-of-tweets-february-6-february-13-420-439"", ""icon"": ""https://polymarket-upload.s3.us-east-2.amazonaws.com/elon-musk-of-tweets-nov-22-29-apMPG21-pzx_.jpg"", ""eventSlug"": ""elon-musk-of-tweets-february-6-february-13"", ""outcome"": ""No"", ""outcomeIndex"": 1, ""name"": ""influenz.eth"", ""pseudonym"": ""Real-Veteran"", ""bio"": ""3820"", ""profileImage"": """", ""profileImageOptimized"": """", ""transactionHash"": ""0x31e0e7093623298bcc296683fdfb70e277dc65998897bc53701414ec96fcdd0c""}"
1770991753,2026-02-13T22:10:33.794772,0x09688cce9e4196e74b53c7a771b9fe5134c5e9e67941dbaae18b5133a24530e5:1770991753,572473,5031084282167950494806674428243037744881029417420880897305642929037077494331,BUY,0.7899999970096352,36.784809,29.059999000000005,0x09688cce9e4196e74b53c7a771b9fe5134c5e9e67941dbaae18b5133a24530e5,"{""proxyWallet"": ""0xe8dd7741ccb12350957ec71e9ee332e0d1e6ec86"", ""side"": ""BUY"", ""asset"": ""21279602838967598064494973463528526060914131711252304524120168667430148463456"", ""conditionId"": ""0xbfe3cbce151bc2998ab7fc5c571bee622da5bca634ea911882adfd545b189eb6"", ""size"": 36.784809, ""price"": 0.7899999970096352, ""timestamp"": 1770991753, ""title"": ""Will Elon Musk post 380-399 tweets from February 6 to February 13, 2026?"", ""slug"": ""elon-musk-of-tweets-february-6-february-13-380-399"", ""icon"": ""https://polymarket-upload.s3.us-east-2.amazonaws.com/elon-musk-of-tweets-nov-22-29-apMPG21-pzx_.jpg"", ""eventSlug"": ""elon-musk-of-tweets-february-6-february-13"", ""outcome"": ""No"", ""outcomeIndex"": 1, ""name"": ""influenz.eth"", ""pseudonym"": ""Real-Veteran"", ""bio"": ""3820"", ""profileImage"": """", ""profileImageOptimized"": """", ""transactionHash"": ""0x09688cce9e4196e74b53c7a771b9fe5134c5e9e67941dbaae18b5133a24530e5""}"
1770991753,2026-02-13T22:10:33.794785,0xa479b3a040402b8928e828cad51d9f9085c09130d28ad17e020bace396374fb4:1770991753,572473,5031084282167950494806674428243037744881029417420880897305642929037077494331,SELL,0.54,0.26,0.14040000000000002,0xa479b3a040402b8928e828cad51d9f9085c09130d28ad17e020bace396374fb4,"{""proxyWallet"": ""0x7319ce70fb19a3ebc9d16ad7a8e0d54544bd72d5"", ""side"": ""SELL"", ""asset"": ""4178531277101930988692310013213248114472964389143173804873458721353665392131"", ""conditionId"": ""0xc25ee227bc4c49a871b1e0a50f13bf10006a43506349e60e5cd4d4936c6f9f5c"", ""size"": 0.26, ""price"": 0.54, ""timestamp"": 1770991753, ""title"": ""Bitcoin Up or Down - February 13, 9:00AM-9:15AM ET"", ""slug"": ""btc-updown-15m-1770991200"", ""icon"": ""https://polymarket-upload.s3.us-east-2.amazonaws.com/BTC+fullsize.png"", ""eventSlug"": ""btc-updown-15m-1770991200"", ""outcome"": ""Down"", ""outcomeIndex"": 1, ""name"": ""teen11"", ""pseudonym"": ""Every-Tributary"", ""bio"": """", ""profileImage"": """", ""profileImageOptimized"": """", ""transactionHash"": ""0xa479b3a040402b8928e828cad51d9f9085c09130d28ad17e020bace396374fb4""}"
1770991753,2026-02-13T22:10:33.794796,0x903dfcb55203ca4befa9e7d2f38f52bc412ee48fdbbcc81bb549f6b3192ab322:1770991753,572473,5031084282167950494806674428243037744881029417420880897305642929037077494331,SELL,0.001,333.33,0.33333,0x903dfcb55203ca4befa9e7d2f38f52bc412ee48fdbbcc81bb549f6b3192ab322,"{""proxyWallet"": ""0xff44071d095fb8b1c539dd5955254f5d02d0d694"", ""side"": ""SELL"", ""asset"": ""57745051474175280715827307490433711376781914565134185656043688787803746924931"", ""conditionId"": ""0x94123b93487bc2aa3b1b247dfd629364ff1c209bce78a5f64fbf8c1d87297c33"", ""size"": 333.33, ""price"": 0.001, ""timestamp"": 1770991753, ""title"": ""Will the Vancouver Canucks win the 2026 NHL Stanley Cup?"", ""slug"": ""will-the-vancouver-canucks-win-the-2026-nhl-stanley-cup"", ""icon"": ""https://polymarket-upload.s3.us-east-2.amazonaws.com/stanley-cup-champion-2026-05M0VRODAaEb.jpg"", ""eventSlug"": ""2026-nhl-stanley-cup-champion"", ""outcome"": ""Yes"", ""outcomeIndex"": 0, ""name"": """", ""pseudonym"": """", ""bio"": """", ""profileImage"": """", ""profileImageOptimized"": """", ""transactionHash"": ""0x903dfcb55203ca4befa9e7d2f38f52bc412ee48fdbbcc81bb549f6b3192ab322""}"
1770991753,2026-02-13T22:10:33.794815,0x8b0e568a2070135a996b66e6c24a348cfc2eec6a716886388cd06b908053f89d:1770991753,572473,5031084282167950494806674428243037744881029417420880897305642929037077494331,BUY,0.46,74.0,34.04,0x8b0e568a2070135a996b66e6c24a348cfc2eec6a716886388cd06b908053f89d,"{""proxyWallet"": ""0x1d0034134e339a309700ff2d34e99fa2d48b0313"", ""side"": ""BUY"", ""asset"": ""69403035397932509667051031905442359043677740034943388398868889632217519882110"", ""conditionId"": ""0xc25ee227bc4c49a871b1e0a50f13bf10006a43506349e60e5cd4d4936c6f9f5c"", ""size"": 74, ""price"": 0.46, ""timestamp"": 1770991753, ""title"": ""Bitcoin Up or Down - February 13, 9:00AM-9:15AM ET"", ""slug"": ""btc-updown-15m-1770991200"", ""icon"": ""https://polymarket-upload.s3.us-east-2.amazonaws.com/BTC+fullsize.png"", ""eventSlug"": ""btc-updown-15m-1770991200"", ""outcome"": ""Up"", ""outcomeIndex"": 0, ""name"": ""0x1d0034134e339a309700ff2d34e99fa2d48b031"", ""pseudonym"": ""Canine-Commandment"", ""bio"": """", ""profileImage"": """", ""profileImageOptimized"": """", ""transactionHash"": ""0x8b0e568a2070135a996b66e6c24a348cfc2eec6a716886388cd06b908053f89d""}"
1770991753,2026-02-13T22:10:33.794827,0x463429d23f99cb1689221ca0c8bf4ef90cbfb9c1e2432c25925e7dc000087049:1770991753,572473,5031084282167950494806674428243037744881029417420880897305642929037077494331,SELL,0.54,6.07,3.2778000000000005,0x463429d23f99cb1689221ca0c8bf4ef90cbfb9c1e2432c25925e7dc000087049,"{""proxyWallet"": ""0x5ad9e2cb7408044c45004aabe55b1d948d6a5562"", ""side"": ""SELL"", ""asset"": ""4178531277101930988692310013213248114472964389143173804873458721353665392131"", ""conditionId"": ""0xc25ee227bc4c49a871b1e0a50f13bf10006a43506349e60e5cd4d4936c6f9f5c"", ""size"": 6.07, ""price"": 0.54, ""timestamp"": 1770991753, ""title"": ""Bitcoin Up or Down - February 13, 9:00AM-9:15AM ET"", ""slug"": ""btc-updown-15m-1770991200"", ""icon"": ""https://polymarket-upload.s3.us-east-2.amazonaws.com/BTC+fullsize.png"", ""eventSlug"": ""btc-updown-15m-1770991200"", ""outcome"": ""Down"", ""outcomeIndex"": 1, ""name"": """", ""pseudonym"": """", ""bio"": """", ""profileImage"": """", ""profileImageOptimized"": """", ""transactionHash"": ""0x463429d23f99cb1689221ca0c8bf4ef90cbfb9c1e2432c25925e7dc000087049""}"
1770991753,2026-02-13T22:10:33.794838,0x276a9959de8a8ddd8e8a0dbcda42bec23d16fff84726b22352df5fc4c5670226:1770991753,572473,5031084282167950494806674428243037744881029417420880897305642929037077494331,BUY,0.46,10.63,4.8898,0x276a9959de8a8ddd8e8a0dbcda42bec23d16fff84726b22352df5fc4c5670226,"{""proxyWallet"": ""0xe6cef1403b5a704d0ca8be6aeaed6916a11a8884"", ""side"": ""BUY"", ""asset"": ""69403035397932509667051031905442359043677740034943388398868889632217519882110"", ""conditionId"": ""0xc25ee227bc4c49a871b1e0a50f13bf10006a43506349e60e5cd4d4936c6f9f5c"", ""size"": 10.63, ""price"": 0.46, ""timestamp"": 1770991753, ""title"": ""Bitcoin Up or Down - February 13, 9:00AM-9:15AM ET"", ""slug"": ""btc-updown-15m-1770991200"", ""icon"": ""https://polymarket-upload.s3.us-east-2.amazonaws.com/BTC+fullsize.png"", ""eventSlug"": ""btc-updown-15m-1770991200"", ""outcome"": ""Up"", ""outcomeIndex"": 0, ""name"": ""nigegezhenshuai"", ""pseudonym"": ""Super-Macaroon"", ""bio"": """", ""profileImage"": """", ""profileImageOptimized"": """", ""transactionHash"": ""0x276a9959de8a8ddd8e8a0dbcda42bec23d16fff84726b22352df5fc4c5670226""}"
1770991753,2026-02-13T22:10:33.794849,0x1eb8bf38296c04191e9c946d806c1be5e933336c8ae2c14328abc8ea269c04ee:1770991753,572473,5031084282167950494806674428243037744881029417420880897305642929037077494331,BUY,0.98,8.1122,7.949955999999999,0x1eb8bf38296c04191e9c946d806c1be5e933336c8ae2c14328abc8ea269c04ee,"{""proxyWallet"": ""0x170dbb8816d7478911674e52e9306b85660c95cf"", ""side"": ""BUY"", ""asset"": ""20904196882427612331862508075536093006671708163736587288824174756496606384067"", ""conditionId"": ""0xa5630e14504bf15e076e4a7d9cb3186939524c4307fa8907d91a6ab50ac2e616"", ""size"": 8.1122, ""price"": 0.98, ""timestamp"": 1770991753, ""title"": ""Bitcoin Up or Down - February 13, 9:05AM-9:10AM ET"", ""slug"": ""btc-updown-5m-1770991500"", ""icon"": ""https://polymarket-upload.s3.us-east-2.amazonaws.com/BTC+fullsize.png"", ""eventSlug"": ""btc-updown-5m-1770991500"", ""outcome"": ""Up"", ""outcomeIndex"": 0, ""name"": """", ""pseudonym"": """", ""bio"": """", ""profileImage"": """", ""profileImageOptimized"": """", ""transactionHash"": ""0x1eb8bf38296c04191e9c946d806c1be5e933336c8ae2c14328abc8ea269c04ee""}"
1770991753,2026-02-13T22:10:33.794861,0x2d98b89a3b313733e639a572aff368c7a0a4453b244be816d046af1f95908389:1770991753,572473,5031084282167950494806674428243037744881029417420880897305642929037077494331,BUY,0.03,100.0,3.0,0x2d98b89a3b313733e639a572aff368c7a0a4453b244be816d046af1f95908389,"{""proxyWallet"": ""0xe6cef1403b5a704d0ca8be6aeaed6916a11a8884"", ""side"": ""BUY"", ""asset"": ""79841624193316436503830963481228096645205559351210988099820171971227633420616"", ""conditionId"": ""0xa5630e14504bf15e076e4a7d9cb3186939524c4307fa8907d91a6ab50ac2e616"", ""size"": 100, ""price"": 0.03, ""timestamp"": 1770991753, ""title"": ""Bitcoin Up or Down - February 13, 9:05AM-9:10AM ET"", ""slug"": ""btc-updown-5m-1770991500"", ""icon"": ""https://polymarket-upload.s3.us-east-2.amazonaws.com/BTC+fullsize.png"", ""eventSlug"": ""btc-updown-5m-1770991500"", ""outcome"": ""Down"", ""outcomeIndex"": 1, ""name"": ""nigegezhenshuai"", ""pseudonym"": ""Super-Macaroon"", ""bio"": """", ""profileImage"": """", ""profileImageOptimized"": """", ""transactionHash"": ""0x2d98b89a3b313733e639a572aff368c7a0a4453b244be816d046af1f95908389""}"
1770991753,2026-02-13T22:10:33.794872,0x80cfbb90a425750d903c115be6bb72a807432b8a481509d69853c63d6c5242bb:1770991753,572473,5031084282167950494806674428243037744881029417420880897305642929037077494331,SELL,0.8568333333333333,30.0,25.705,0x80cfbb90a425750d903c115be6bb72a807432b8a481509d69853c63d6c5242bb,"{""proxyWallet"": ""0xe55ea1683f3b18fdc3b622aac96759cbdc4017a9"", ""side"": ""SELL"", ""asset"": ""13244681086321087932946246027856416106585284024824496763706748621681543444582"", ""conditionId"": ""0x49686d26fb712515cd5e12c23f0a1c7e10214c7faa3cb0a730aabe0c33694082"", ""size"": 30, ""price"": 0.8568333333333333, ""timestamp"": 1770991753, ""title"": ""Will Trump deport 250,000-500,000 people?"", ""slug"": ""will-trump-deport-250000-500000-people"", ""icon"": ""https://polymarket-upload.s3.us-east-2.amazonaws.com/how-many-people-will-trump-deport-in-2025-itZ0rMnIYuju.jpg"", ""eventSlug"": ""how-many-people-will-trump-deport-in-2025"", ""outcome"": ""Yes"", ""outcomeIndex"": 0, ""name"": """", ""pseudonym"": """", ""bio"": """", ""profileImage"": """", ""profileImageOptimized"": """", ""transactionHash"": ""0x80cfbb90a425750d903c115be6bb72a807432b8a481509d69853c63d6c5242bb""}"
1770991753,2026-02-13T22:10:33.794885,0x6b9d31bd35b46aae0535fa601b3e284ea79bec4a6135a7e6fa49a2697a039d51:1770991753,572473,5031084282167950494806674428243037744881029417420880897305642929037077494331,BUY,0.98,46.41835,45.489982999999995,0x6b9d31bd35b46aae0535fa601b3e284ea79bec4a6135a7e6fa49a2697a039d51,"{""proxyWallet"": ""0x845490917b9cd0c9328f1ab44e6fc073aa07d89e"", ""side"": ""BUY"", ""asset"": ""20904196882427612331862508075536093006671708163736587288824174756496606384067"", ""conditionId"": ""0xa5630e14504bf15e076e4a7d9cb3186939524c4307fa8907d91a6ab50ac2e616"", ""size"": 46.41835, ""price"": 0.98, ""timestamp"": 1770991753, ""title"": ""Bitcoin Up or Down - February 13, 9:05AM-9:10AM ET"", ""slug"": ""btc-updown-5m-1770991500"", ""icon"": ""https://polymarket-upload.s3.us-east-2.amazonaws.com/BTC+fullsize.png"", ""eventSlug"": ""btc-updown-5m-1770991500"", ""outcome"": ""Up"", ""outcomeIndex"": 0, ""name"": ""Makingtheway"", ""pseudonym"": ""Hungry-Founding"", ""bio"": """", ""profileImage"": """", ""profileImageOptimized"": """", ""transactionHash"": ""0x6b9d31bd35b46aae0535fa601b3e284ea79bec4a6135a7e6fa49a2697a039d51""}"
1770991753,2026-02-13T22:10:33.794896,0x5cd864a7f022b0e29824a6c52eb86406d34c18142952da8962962bbf9811a4e8:1770991753,572473,5031084282167950494806674428243037744881029417420880897305642929037077494331,BUY,0.055,9012.0,495.66,0x5cd864a7f022b0e29824a6c52eb86406d34c18142952da8962962bbf9811a4e8,"{""proxyWallet"": ""0x0769dec4c28f764543910e8f8122853842edfe6c"", ""side"": ""BUY"", ""asset"": ""106893482875330829332347425550558141013488263650384566003078374608472351519383"", ""conditionId"": ""0x5eb681cc36248c64a48aa01096f2287834ac836d814541cd96da9924752cae06"", ""size"": 9012, ""price"": 0.055, ""timestamp"": 1770991753, ""title"": ""Will Lens win the 2025–26 French Ligue 1?"", ""slug"": ""will-lens-win-the-202526-french-ligue-1"", ""icon"": ""https://polymarket-upload.s3.us-east-2.amazonaws.com/french-ligue-1-winner-jbZM_0UOhXlV.jpg"", ""eventSlug"": ""french-ligue-1-winner"", ""outcome"": ""Yes"", ""outcomeIndex"": 0, ""name"": ""brylee137nath"", ""pseudonym"": ""Gleeful-Seafood"", ""bio"": """", ""profileImage"": """", ""profileImageOptimized"": """", ""transactionHash"": ""0x5cd864a7f022b0e29824a6c52eb86406d34c18142952da8962962bbf9811a4e8""}"
1770991753,2026-02-13T22:10:33.794919,0xc3b9d779832ee760011d429887e2aff786da9072e72a5fa866e9a2d1e14bce71:1770991753,572473,5031084282167950494806674428243037744881029417420880897305642929037077494331,SELL,0.45,12.98,5.841,0xc3b9d779832ee760011d429887e2aff786da9072e72a5fa866e9a2d1e14bce71,"{""proxyWallet"": ""0x56fc63486c0442f073122a3f552ec8619c03f396"", ""side"": ""SELL"", ""asset"": ""69403035397932509667051031905442359043677740034943388398868889632217519882110"", ""conditionId"": ""0xc25ee227bc4c49a871b1e0a50f13bf10006a43506349e60e5cd4d4936c6f9f5c"", ""size"": 12.98, ""price"": 0.45, ""timestamp"": 1770991753, ""title"": ""Bitcoin Up or Down - February 13, 9:00AM-9:15AM ET"", ""slug"": ""btc-updown-15m-1770991200"", ""icon"": ""https://polymarket-upload.s3.us-east-2.amazonaws.com/BTC+fullsize.png"", ""eventSlug"": ""btc-updown-15m-1770991200"", ""outcome"": ""Up"", ""outcomeIndex"": 0, ""name"": ""pmmmm"", ""pseudonym"": ""Lopsided-Produce"", ""bio"": """", ""profileImage"": """", ""profileImageOptimized"": """", ""transactionHash"": ""0xc3b9d779832ee760011d429887e2aff786da9072e72a5fa866e9a2d1e14bce71""}"
1770991753,2026-02-13T22:10:33.794931,0xeb59ec718fb654110f4cda6dde6efc48e7c3c133969c1901aa6f4c19adca9675:1770991753,572473,5031084282167950494806674428243037744881029417420880897305642929037077494331,BUY,0.91,21.0,19.11,0xeb59ec718fb654110f4cda6dde6efc48e7c3c133969c1901aa6f4c19adca9675,"{""proxyWallet"": ""0x05d17ab73f7403e99d3c448513d65a1942994bef"", ""side"": ""BUY"", ""asset"": ""76612985923187088330281647489382001772757422712226533614590601457242761443271"", ""conditionId"": ""0xabe1fae562a66fa6bfcaccd180d17ef3f2cedd0437b1ca99aa206f7f637f2c45"", ""size"": 21, ""price"": 0.91, ""timestamp"": 1770991753, ""title"": ""XRP Up or Down - February 13, 9:00AM-9:15AM ET"", ""slug"": ""xrp-updown-15m-1770991200"", ""icon"": ""https://polymarket-upload.s3.us-east-2.amazonaws.com/XRP-logo.png"", ""eventSlug"": ""xrp-updown-15m-1770991200"", ""outcome"": ""Down"", ""outcomeIndex"": 1, ""name"": ""goodbyekitty"", ""pseudonym"": ""Rectangular-Import"", ""bio"": """", ""profileImage"": """", ""profileImageOptimized"": """", ""transactionHash"": ""0xeb59ec718fb654110f4cda6dde6efc48e7c3c133969c1901aa6f4c19adca9675""}"
1770991753,2026-02-13T22:10:33.794942,0xaeb0fa2fff384d503ecb59848a0eb0d90f6fa4756dd8534ebeb57cad9ac52c15:1770991753,572473,5031084282167950494806674428243037744881029417420880897305642929037077494331,SELL,0.45,12.41,5.5845,0xaeb0fa2fff384d503ecb59848a0eb0d90f6fa4756dd8534ebeb57cad9ac52c15,"{""proxyWallet"": ""0x7e870a2c277195323ff10c04a5e002b88df1221c"", ""side"": ""SELL"", ""asset"": ""69403035397932509667051031905442359043677740034943388398868889632217519882110"", ""conditionId"": ""0xc25ee227bc4c49a871b1e0a50f13bf10006a43506349e60e5cd4d4936c6f9f5c"", ""size"": 12.41, ""price"": 0.45, ""timestamp"": 1770991753, ""title"": ""Bitcoin Up or Down - February 13, 9:00AM-9:15AM ET"", ""slug"": ""btc-updown-15m-1770991200"", ""icon"": ""https://polymarket-upload.s3.us-east-2.amazonaws.com/BTC+fullsize.png"", ""eventSlug"": ""btc-updown-15m-1770991200"", ""outcome"": ""Up"", ""outcomeIndex"": 0, ""name"": """", ""pseudonym"": """", ""bio"": """", ""profileImage"": """", ""profileImageOptimized"": """", ""transactionHash"": ""0xaeb0fa2fff384d503ecb59848a0eb0d90f6fa4756dd8534ebeb57cad9ac52c15""}"
1770991753,2026-02-13T22:10:33.794953,0x6f496a9008d81f3a759910ac2fa8ba710c05f741bc34e9db5db2b38279e80ecc:1770991753,572473,5031084282167950494806674428243037744881029417420880897305642929037077494331,BUY,0.98,11.41835,11.189983,0x6f496a9008d81f3a759910ac2fa8ba710c05f741bc34e9db5db2b38279e80ecc,"{""proxyWallet"": ""0x88e8ac1972b46d4562d54a7a126651df51048349"", ""side"": ""BUY"", ""asset"": ""20904196882427612331862508075536093006671708163736587288824174756496606384067"", ""conditionId"": ""0xa5630e14504bf15e076e4a7d9cb3186939524c4307fa8907d91a6ab50ac2e616"", ""size"": 11.41835, ""price"": 0.98, ""timestamp"": 1770991753, ""title"": ""Bitcoin Up or Down - February 13, 9:05AM-9:10AM ET"", ""slug"": ""btc-updown-5m-1770991500"", ""icon"": ""https://polymarket-upload.s3.us-east-2.amazonaws.com/BTC+fullsize.png"", ""eventSlug"": ""btc-updown-5m-1770991500"", ""outcome"": ""Up"", ""outcomeIndex"": 0, ""name"": ""0x88E8ac1972b46D4562D54a7A126651DF51048349-1765698583533"", ""pseudonym"": ""Villainous-Testimony"", ""bio"": """", ""profileImage"": """", ""profileImageOptimized"": """", ""transactionHash"": ""0x6f496a9008d81f3a759910ac2fa8ba710c05f741bc34e9db5db2b38279e80ecc""}"
1770991753,2026-02-13T22:10:33.794968,0x7f3127a799c65fd2e669d52b44973e7d45d00b1e39b1a7a99298a6f5d915420a:1770991753,572473,5031084282167950494806674428243037744881029417420880897305642929037077494331,BUY,0.5499999452191071,4.563635,2.5099989999999996,0x7f3127a799c65fd2e669d52b44973e7d45d00b1e39b1a7a99298a6f5d915420a,"{""proxyWallet"": ""0x43d56535f5b0861736158a7e38fc338fd31c4898"", ""side"": ""BUY"", ""asset"": ""4178531277101930988692310013213248114472964389143173804873458721353665392131"", ""conditionId"": ""0xc25ee227bc4c49a871b1e0a50f13bf10006a43506349e60e5cd4d4936c6f9f5c"", ""size"": 4.563635, ""price"": 0.5499999452191071, ""timestamp"": 1770991753, ""title"": ""Bitcoin Up or Down - February 13, 9:00AM-9:15AM ET"", ""slug"": ""btc-updown-15m-1770991200"", ""icon"": ""https://polymarket-upload.s3.us-east-2.amazonaws.com/BTC+fullsize.png"", ""eventSlug"": ""btc-updown-15m-1770991200"", ""outcome"": ""Down"", ""outcomeIndex"": 1, ""name"": ""PongoPongo"", ""pseudonym"": ""Careless-Risk"", ""bio"": """", ""profileImage"": """", ""profileImageOptimized"": """", ""transactionHash"": ""0x7f3127a799c65fd2e669d52b44973e7d45d00b1e39b1a7a99298a6f5d915420a""}"
1770991753,2026-02-13T22:10:33.794983,0x87bbd14a34d4f9f36f9f625517f2250b61ce85d4501217c464173e12959eed64:1770991753,572473,5031084282167950494806674428243037744881029417420880897305642929037077494331,BUY,0.55,1.81818,0.9999990000000001,0x87bbd14a34d4f9f36f9f625517f2250b61ce85d4501217c464173e12959eed64,"{""proxyWallet"": ""0xb2a2d9524623a46f25fbe9e45250f4d1960f9f1e"", ""side"": ""BUY"", ""asset"": ""4178531277101930988692310013213248114472964389143173804873458721353665392131"", ""conditionId"": ""0xc25ee227bc4c49a871b1e0a50f13bf10006a43506349e60e5cd4d4936c6f9f5c"", ""size"": 1.81818, ""price"": 0.55, ""timestamp"": 1770991753, ""title"": ""Bitcoin Up or Down - February 13, 9:00AM-9:15AM ET"", ""slug"": ""btc-updown-15m-1770991200"", ""icon"": ""https://polymarket-upload.s3.us-east-2.amazonaws.com/BTC+fullsize.png"", ""eventSlug"": ""btc-updown-15m-1770991200"", ""outcome"": ""Down"", ""outcomeIndex"": 1, ""name"": ""0xB2A2d9524623A46F25FbE9e45250F4D1960f9F1e-1769241333875"", ""pseudonym"": ""Dry-Prince"", ""bio"": """", ""profileImage"": """", ""profileImageOptimized"": """", ""transactionHash"": ""0x87bbd14a34d4f9f36f9f625517f2250b61ce85d4501217c464173e12959eed64""}"
1770991753,2026-02-13T22:10:33.794998,0x388953445a19778af7d4a20da7d1f663367c105ad09f2e9177b976071fb4cc74:1770991753,572473,5031084282167950494806674428243037744881029417420880897305642929037077494331,BUY,0.55,5.0,2.75,0x388953445a19778af7d4a20da7d1f663367c105ad09f2e9177b976071fb4cc74,"{""proxyWallet"": ""0xdd841d5195c0ee8b7fa85c3513071e29bd549f62"", ""side"": ""BUY"", ""asset"": ""4178531277101930988692310013213248114472964389143173804873458721353665392131"", ""conditionId"": ""0xc25ee227bc4c49a871b1e0a50f13bf10006a43506349e60e5cd4d4936c6f9f5c"", ""size"": 5, ""price"": 0.55, ""timestamp"": 1770991753, ""title"": ""Bitcoin Up or Down - February 13, 9:00AM-9:15AM ET"", ""slug"": ""btc-updown-15m-1770991200"", ""icon"": ""https://polymarket-upload.s3.us-east-2.amazonaws.com/BTC+fullsize.png"", ""eventSlug"": ""btc-updown-15m-1770991200"", ""outcome"": ""Down"", ""outcomeIndex"": 1, ""name"": ""w1331w"", ""pseudonym"": ""Close-Beat"", ""bio"": """", ""profileImage"": """", ""profileImageOptimized"": """", ""transactionHash"": ""0x388953445a19778af7d4a20da7d1f663367c105ad09f2e9177b976071fb4cc74""}"
1770991753,2026-02-13T22:10:33.795015,0x7db37bdb68040fd35ec8645b300510d5d1760202df85d52bfca7668690552c4a:1770991753,572473,5031084282167950494806674428243037744881029417420880897305642929037077494331,SELL,0.018,0.01,0.00017999999999999998,0x7db37bdb68040fd35ec8645b300510d5d1760202df85d52bfca7668690552c4a,"{""proxyWallet"": ""0x5bcaba93482a31f6c7e7855401c6444282dca34e"", ""side"": ""SELL"", ""asset"": ""7935869750973568991063634796432742901043529564448603464914559127943627115874"", ""conditionId"": ""0x53700c2b2fa65e0a3775c757d0c705be4bee8c265c49d283ef50a0dfb3bf8894"", ""size"": 0.01, ""price"": 0.018, ""timestamp"": 1770991753, ""title"": ""Will tariffs generate >$250b in 2025?"", ""slug"": ""will-tariffs-generate-250b-in-2025"", ""icon"": ""https://polymarket-upload.s3.us-east-2.amazonaws.com/will-tariffs-generate-250b-in-2025-C4N7xChXvMV4.jpg"", ""eventSlug"": ""will-tariffs-generate-250b-in-2025"", ""outcome"": ""Yes"", ""outcomeIndex"": 0, ""name"": """", ""pseudonym"": """", ""bio"": """", ""profileImage"": """", ""profileImageOptimized"": """", ""transactionHash"": ""0x7db37bdb68040fd35ec8645b300510d5d1760202df85d52bfca7668690552c4a""}"
1770991753,2026-02-13T22:10:33.795036,0x83877e51285c9f57112241e80d9b7ed4e28b1d92bd4bd2578d7665ce100ea85f:1770991753,572473,5031084282167950494806674428243037744881029417420880897305642929037077494331,BUY,0.03,38.11,1.1433,0x83877e51285c9f57112241e80d9b7ed4e28b1d92bd4bd2578d7665ce100ea85f,"{""proxyWallet"": ""0x99593b564906a1d1aaf6d593002133c307f9a80a"", ""side"": ""BUY"", ""asset"": ""79841624193316436503830963481228096645205559351210988099820171971227633420616"", ""conditionId"": ""0xa5630e14504bf15e076e4a7d9cb3186939524c4307fa8907d91a6ab50ac2e616"", ""size"": 38.11, ""price"": 0.03, ""timestamp"": 1770991753, ""title"": ""Bitcoin Up or Down - February 13, 9:05AM-9:10AM ET"", ""slug"": ""btc-updown-5m-1770991500"", ""icon"": ""https://polymarket-upload.s3.us-east-2.amazonaws.com/BTC+fullsize.png"", ""eventSlug"": ""btc-updown-5m-1770991500"", ""outcome"": ""Down"", ""outcomeIndex"": 1, ""name"": """", ""pseudonym"": """", ""bio"": """", ""profileImage"": """", ""profileImageOptimized"": """", ""transactionHash"": ""0x83877e51285c9f57112241e80d9b7ed4e28b1d92bd4bd2578d7665ce100ea85f""}"
1770991753,2026-02-13T22:10:33.795055,0x329b59c9b521d9429bff257e4e762ddc8b555326105c269ce14ed78dc9b7b068:1770991753,572473,5031084282167950494806674428243037744881029417420880897305642929037077494331,BUY,0.98,9.43,9.241399999999999,0x329b59c9b521d9429bff257e4e762ddc8b555326105c269ce14ed78dc9b7b068,"{""proxyWallet"": ""0x7de873b84cd4ffc2bd5d0f8eb7dae4f259e459c7"", ""side"": ""BUY"", ""asset"": ""20904196882427612331862508075536093006671708163736587288824174756496606384067"", ""conditionId"": ""0xa5630e14504bf15e076e4a7d9cb3186939524c4307fa8907d91a6ab50ac2e616"", ""size"": 9.43, ""price"": 0.98, ""timestamp"": 1770991753, ""title"": ""Bitcoin Up or Down - February 13, 9:05AM-9:10AM ET"", ""slug"": ""btc-updown-5m-1770991500"", ""icon"": ""https://polymarket-upload.s3.us-east-2.amazonaws.com/BTC+fullsize.png"", ""eventSlug"": ""btc-updown-5m-1770991500"", ""outcome"": ""Up"", ""outcomeIndex"": 0, ""name"": """", ""pseudonym"": """", ""bio"": """", ""profileImage"": """", ""profileImageOptimized"": """", ""transactionHash"": ""0x329b59c9b521d9429bff257e4e762ddc8b555326105c269ce14ed78dc9b7b068""}"
1770991753,2026-02-13T22:10:33.795074,0x97922b324cbc4ab34d4e997d80e5a2924b123046e1bf3ffd142eadb89dadc9ba:1770991753,572473,5031084282167950494806674428243037744881029417420880897305642929037077494331,BUY,0.5499998713449089,3.109088,1.7099980000000001,0x97922b324cbc4ab34d4e997d80e5a2924b123046e1bf3ffd142eadb89dadc9ba,"{""proxyWallet"": ""0xdbaa4be9e6268710689a478092ef7a0b735610c3"", ""side"": ""BUY"", ""asset"": ""4178531277101930988692310013213248114472964389143173804873458721353665392131"", ""conditionId"": ""0xc25ee227bc4c49a871b1e0a50f13bf10006a43506349e60e5cd4d4936c6f9f5c"", ""size"": 3.109088, ""price"": 0.5499998713449089, ""timestamp"": 1770991753, ""title"": ""Bitcoin Up or Down - February 13, 9:00AM-9:15AM ET"", ""slug"": ""btc-updown-15m-1770991200"", ""icon"": ""https://polymarket-upload.s3.us-east-2.amazonaws.com/BTC+fullsize.png"", ""eventSlug"": ""btc-updown-15m-1770991200"", ""outcome"": ""Down"", ""outcomeIndex"": 1, ""name"": ""0xDBaA4BE9E6268710689a478092ef7A0b735610C3-1770726733026"", ""pseudonym"": ""Delirious-Infrastructure"", ""bio"": """", ""profileImage"": """", ""profileImageOptimized"": """", ""transactionHash"": ""0x97922b324cbc4ab34d4e997d80e5a2924b123046e1bf3ffd142eadb89dadc9ba""}"
1770991753,2026-02-13T22:10:33.795093,0x4a41325b16011e04d325061c65a522cab9efe6a7300fe46905326202ec89de02:1770991753,572473,5031084282167950494806674428243037744881029417420880897305642929037077494331,BUY,0.03,100.0,3.0,0x4a41325b16011e04d325061c65a522cab9efe6a7300fe46905326202ec89de02,"{""proxyWallet"": ""0xe6cef1403b5a704d0ca8be6aeaed6916a11a8884"", ""side"": ""BUY"", ""asset"": ""79841624193316436503830963481228096645205559351210988099820171971227633420616"", ""conditionId"": ""0xa5630e14504bf15e076e4a7d9cb3186939524c4307fa8907d91a6ab50ac2e616"", ""size"": 100, ""price"": 0.03, ""timestamp"": 1770991753, ""title"": ""Bitcoin Up or Down - February 13, 9:05AM-9:10AM ET"", ""slug"": ""btc-updown-5m-1770991500"", ""icon"": ""https://polymarket-upload.s3.us-east-2.amazonaws.com/BTC+fullsize.png"", ""eventSlug"": ""btc-updown-5m-1770991500"", ""outcome"": ""Down"", ""outcomeIndex"": 1, ""name"": ""nigegezhenshuai"", ""pseudonym"": ""Super-Macaroon"", ""bio"": """", ""profileImage"": """", ""profileImageOptimized"": """", ""transactionHash"": ""0x4a41325b16011e04d325061c65a522cab9efe6a7300fe46905326202ec89de02""}"
1770991751,2026-02-13T22:10:33.795111,0x8c24e761ec0137cbc65aebb395e635349400eb848a5cd450e741a13d4e8f1a4d:1770991751,572473,5031084282167950494806674428243037744881029417420880897305642929037077494331,BUY,0.9699999995149995,20.618533,19.999977,0x8c24e761ec0137cbc65aebb395e635349400eb848a5cd450e741a13d4e8f1a4d,"{""proxyWallet"": ""0x8aac1bf53a13efa2257f9d2efacd6c1b3f0b309a"", ""side"": ""BUY"", ""asset"": ""20904196882427612331862508075536093006671708163736587288824174756496606384067"", ""conditionId"": ""0xa5630e14504bf15e076e4a7d9cb3186939524c4307fa8907d91a6ab50ac2e616"", ""size"": 20.618533, ""price"": 0.9699999995149995, ""timestamp"": 1770991751, ""title"": ""Bitcoin Up or Down - February 13, 9:05AM-9:10AM ET"", ""slug"": ""btc-updown-5m-1770991500"", ""icon"": ""https://polymarket-upload.s3.us-east-2.amazonaws.com/BTC+fullsize.png"", ""eventSlug"": ""btc-updown-5m-1770991500"", ""outcome"": ""Up"", ""outcomeIndex"": 0, ""name"": ""toxicop"", ""pseudonym"": ""Snappy-Motel"", ""bio"": """", ""profileImage"": ""https://polymarket-upload.s3.us-east-2.amazonaws.com/profile-image-5789626-f93cfd2c-4587-4992-bef8-5a046d97340e.jpg"", ""profileImageOptimized"": """", ""transactionHash"": ""0x8c24e761ec0137cbc65aebb395e635349400eb848a5cd450e741a13d4e8f1a4d""}"
1770991751,2026-02-13T22:10:33.795128,0x2f3e6f7d6607efeb65969484d788700e656f21ff85f9dff8a685d5ef2efb01a2:1770991751,572473,5031084282167950494806674428243037744881029417420880897305642929037077494331,SELL,0.91,14.83,13.4953,0x2f3e6f7d6607efeb65969484d788700e656f21ff85f9dff8a685d5ef2efb01a2,"{""proxyWallet"": ""0xe00740bce98a594e26861838885ab310ec3b548c"", ""side"": ""SELL"", ""asset"": ""76612985923187088330281647489382001772757422712226533614590601457242761443271"", ""conditionId"": ""0xabe1fae562a66fa6bfcaccd180d17ef3f2cedd0437b1ca99aa206f7f637f2c45"", ""size"": 14.83, ""price"": 0.91, ""timestamp"": 1770991751, ""title"": ""XRP Up or Down - February 13, 9:00AM-9:15AM ET"", ""slug"": ""xrp-updown-15m-1770991200"", ""icon"": ""https://polymarket-upload.s3.us-east-2.amazonaws.com/XRP-logo.png"", ""eventSlug"": ""xrp-updown-15m-1770991200"", ""outcome"": ""Down"", ""outcomeIndex"": 1, ""name"": ""distinct-baguette"", ""pseudonym"": ""Frozen-Technician"", ""bio"": ""Hi Isola"", ""profileImage"": """", ""profileImageOptimized"": """", ""transactionHash"": ""0x2f3e6f7d6607efeb65969484d788700e656f21ff85f9dff8a685d5ef2efb01a2""}"
1770991751,2026-02-13T22:10:33.795145,0x0c9c68437759d0c0e66b22b8c7d5f87f1fb1bba76ee9abc14da3dc5f4ae820ef:1770991751,572473,5031084282167950494806674428243037744881029417420880897305642929037077494331,SELL,0.001,63869.05,63.86905,0x0c9c68437759d0c0e66b22b8c7d5f87f1fb1bba76ee9abc14da3dc5f4ae820ef,"{""proxyWallet"": ""0x689ae12e11aa489adb3605afd8f39040ff52779e"", ""side"": ""SELL"", ""asset"": ""46599696399675913585584218569488908542204095610291572593032526902813799611953"", ""conditionId"": ""0x814bf672aa616cd0c702d242e0e894799649a7041fd9ed62756a7d8157912c31"", ""size"": 63869.05, ""price"": 0.001, ""timestamp"": 1770991751, ""title"": ""Will Elon Musk post 440-459 tweets from February 6 to February 13, 2026?"", ""slug"": ""elon-musk-of-tweets-february-6-february-13-440-459"", ""icon"": ""https://polymarket-upload.s3.us-east-2.amazonaws.com/elon-musk-of-tweets-nov-22-29-apMPG21-pzx_.jpg"", ""eventSlug"": ""elon-musk-of-tweets-february-6-february-13"", ""outcome"": ""Yes"", ""outcomeIndex"": 0, ""name"": ""Annica"", ""pseudonym"": ""Standard-Verification"", ""bio"": """", ""profileImage"": ""https://polymarket-upload.s3.us-east-2.amazonaws.com/profile-image-3285726-6228364d-2bca-43fb-9add-a2fb14aa18e0.jpg"", ""profileImageOptimized"": """", ""transactionHash"": ""0x0c9c68437759d0c0e66b22b8c7d5f87f1fb1bba76ee9abc14da3dc5f4ae820ef""}"
1770991751,2026-02-13T22:10:33.795165,0x127726adaa47893d597bc32f5880252bab1b4cdb3ba3b6021be894f4b44aea76:1770991751,572473,5031084282167950494806674428243037744881029417420880897305642929037077494331,BUY,0.43,3.44,1.4791999999999998,0x127726adaa47893d597bc32f5880252bab1b4cdb3ba3b6021be894f4b44aea76,"{""proxyWallet"": ""0x03c3b0236c5a01051381482e77f2210349073a1d"", ""side"": ""BUY"", ""asset"": ""69403035397932509667051031905442359043677740034943388398868889632217519882110"", ""conditionId"": ""0xc25ee227bc4c49a871b1e0a50f13bf10006a43506349e60e5cd4d4936c6f9f5c"", ""size"": 3.44, ""price"": 0.43, ""timestamp"": 1770991751, ""title"": ""Bitcoin Up or Down - February 13, 9:00AM-9:15AM ET"", ""slug"": ""btc-updown-15m-1770991200"", ""icon"": ""https://polymarket-upload.s3.us-east-2.amazonaws.com/BTC+fullsize.png"", ""eventSlug"": ""btc-updown-15m-1770991200"", ""outcome"": ""Up"", ""outcomeIndex"": 0, ""name"": ""likebot"", ""pseudonym"": ""Bleak-Sustainment"", ""bio"": """", ""profileImage"": """", ""profileImageOptimized"": """", ""transactionHash"": ""0x127726adaa47893d597bc32f5880252bab1b4cdb3ba3b6021be894f4b44aea76""}"
1770991751,2026-02-13T22:10:33.795178,0x6046e8144be39368c56dbdb2633efba769a8aebccaa086a1e86a36c827f5f26b:1770991751,572473,5031084282167950494806674428243037744881029417420880897305642929037077494331,BUY,0.44,20.0,8.8,0x6046e8144be39368c56dbdb2633efba769a8aebccaa086a1e86a36c827f5f26b,"{""proxyWallet"": ""0x6465d9c2a5a95fbf148c2622ec835bc46a83e38f"", ""side"": ""BUY"", ""asset"": ""69403035397932509667051031905442359043677740034943388398868889632217519882110"", ""conditionId"": ""0xc25ee227bc4c49a871b1e0a50f13bf10006a43506349e60e5cd4d4936c6f9f5c"", ""size"": 20, ""price"": 0.44, ""timestamp"": 1770991751, ""title"": ""Bitcoin Up or Down - February 13, 9:00AM-9:15AM ET"", ""slug"": ""btc-updown-15m-1770991200"", ""icon"": ""https://polymarket-upload.s3.us-east-2.amazonaws.com/BTC+fullsize.png"", ""eventSlug"": ""btc-updown-15m-1770991200"", ""outcome"": ""Up"", ""outcomeIndex"": 0, ""name"": ""Max321"", ""pseudonym"": ""Squeaky-Peace"", ""bio"": """", ""profileImage"": """", ""profileImageOptimized"": """", ""transactionHash"": ""0x6046e8144be39368c56dbdb2633efba769a8aebccaa086a1e86a36c827f5f26b""}"
1770991751,2026-02-13T22:10:33.795190,0xeda80c5c8494414f95fe17d56b62a463a64c314eb919057b4f731f9182eda7e8:1770991751,572473,5031084282167950494806674428243037744881029417420880897305642929037077494331,SELL,0.57,4.0,2.28,0xeda80c5c8494414f95fe17d56b62a463a64c314eb919057b4f731f9182eda7e8,"{""proxyWallet"": ""0xd95f3f9ba98020cd988a8df79fae57a894764d4c"", ""side"": ""SELL"", ""asset"": ""4178531277101930988692310013213248114472964389143173804873458721353665392131"", ""conditionId"": ""0xc25ee227bc4c49a871b1e0a50f13bf10006a43506349e60e5cd4d4936c6f9f5c"", ""size"": 4, ""price"": 0.57, ""timestamp"": 1770991751, ""title"": ""Bitcoin Up or Down - February 13, 9:00AM-9:15AM ET"", ""slug"": ""btc-updown-15m-1770991200"", ""icon"": ""https://polymarket-upload.s3.us-east-2.amazonaws.com/BTC+fullsize.png"", ""eventSlug"": ""btc-updown-15m-1770991200"", ""outcome"": ""Down"", ""outcomeIndex"": 1, ""name"": """", ""pseudonym"": """", ""bio"": """", ""profileImage"": """", ""profileImageOptimized"": """", ""transactionHash"": ""0xeda80c5c8494414f95fe17d56b62a463a64c314eb919057b4f731f9182eda7e8""}"
1770991751,2026-02-13T22:10:33.795202,0xcebb124c462d1d90704293d5844d3c167a4ec55715b0cc7e291f409de0d36b23:1770991751,572473,5031084282167950494806674428243037744881029417420880897305642929037077494331,BUY,0.5599999915151485,4.714284,2.639999,0xcebb124c462d1d90704293d5844d3c167a4ec55715b0cc7e291f409de0d36b23,"{""proxyWallet"": ""0xdaff4e84c5c1b5e071b739ee7486d6fb097d2381"", ""side"": ""BUY"", ""asset"": ""4178531277101930988692310013213248114472964389143173804873458721353665392131"", ""conditionId"": ""0xc25ee227bc4c49a871b1e0a50f13bf10006a43506349e60e5cd4d4936c6f9f5c"", ""size"": 4.714284, ""price"": 0.5599999915151485, ""timestamp"": 1770991751, ""title"": ""Bitcoin Up or Down - February 13, 9:00AM-9:15AM ET"", ""slug"": ""btc-updown-15m-1770991200"", ""icon"": ""https://polymarket-upload.s3.us-east-2.amazonaws.com/BTC+fullsize.png"", ""eventSlug"": ""btc-updown-15m-1770991200"", ""outcome"": ""Down"", ""outcomeIndex"": 1, ""name"": ""nIZfMDYSEIstlB5y"", ""pseudonym"": ""Solid-Steak"", ""bio"": """", ""profileImage"": """", ""profileImageOptimized"": """", ""transactionHash"": ""0xcebb124c462d1d90704293d5844d3c167a4ec55715b0cc7e291f409de0d36b23""}"
1770991751,2026-02-13T22:10:33.795214,0xb8535f44c0e06610a7a5c2c48ed7eda7f516f927f58f2fd2b2250506aae3eb0f:1770991751,572473,5031084282167950494806674428243037744881029417420880897305642929037077494331,SELL,0.03,23.52,0.7056,0xb8535f44c0e06610a7a5c2c48ed7eda7f516f927f58f2fd2b2250506aae3eb0f,"{""proxyWallet"": ""0xdbed0330711fb67475034e2f7ba6dd2d200b133f"", ""side"": ""SELL"", ""asset"": ""79841624193316436503830963481228096645205559351210988099820171971227633420616"", ""conditionId"": ""0xa5630e14504bf15e076e4a7d9cb3186939524c4307fa8907d91a6ab50ac2e616"", ""size"": 23.52, ""price"": 0.03, ""timestamp"": 1770991751, ""title"": ""Bitcoin Up or Down - February 13, 9:05AM-9:10AM ET"", ""slug"": ""btc-updown-5m-1770991500"", ""icon"": ""https://polymarket-upload.s3.us-east-2.amazonaws.com/BTC+fullsize.png"", ""eventSlug"": ""btc-updown-5m-1770991500"", ""outcome"": ""Down"", ""outcomeIndex"": 1, ""name"": ""dna1234"", ""pseudonym"": ""Immaculate-Decimal"", ""bio"": """", ""profileImage"": """", ""profileImageOptimized"": """", ""transactionHash"": ""0xb8535f44c0e06610a7a5c2c48ed7eda7f516f927f58f2fd2b2250506aae3eb0f""}"
1770991751,2026-02-13T22:10:33.795226,0x72a930c3dcf1a956e6d4e0b69698200fceed225816040a2e8f97b98787313f7f:1770991751,572473,5031084282167950494806674428243037744881029417420880897305642929037077494331,BUY,0.97,50.0,48.5,0x72a930c3dcf1a956e6d4e0b69698200fceed225816040a2e8f97b98787313f7f,"{""proxyWallet"": ""0x72406aaa0a5272c167c842e285568169097242f7"", ""side"": ""BUY"", ""asset"": ""20904196882427612331862508075536093006671708163736587288824174756496606384067"", ""conditionId"": ""0xa5630e14504bf15e076e4a7d9cb3186939524c4307fa8907d91a6ab50ac2e616"", ""size"": 50, ""price"": 0.97, ""timestamp"": 1770991751, ""title"": ""Bitcoin Up or Down - February 13, 9:05AM-9:10AM ET"", ""slug"": ""btc-updown-5m-1770991500"", ""icon"": ""https://polymarket-upload.s3.us-east-2.amazonaws.com/BTC+fullsize.png"", ""eventSlug"": ""btc-updown-5m-1770991500"", ""outcome"": ""Up"", ""outcomeIndex"": 0, ""name"": ""xcap1"", ""pseudonym"": ""Gullible-Custom"", ""bio"": ""crypto  quant. degen since 2017"", ""profileImage"": ""https://polymarket-upload.s3.us-east-2.amazonaws.com/profile-image-3228990-dbb5cd1e-2201-41b6-ac4d-51df0b04b3ef.png"", ""profileImageOptimized"": """", ""transactionHash"": ""0x72a930c3dcf1a956e6d4e0b69698200fceed225816040a2e8f97b98787313f7f""}"
1770991751,2026-02-13T22:10:33.795239,0xe5a8b412380820fd744f6331a6ee7aed310682b65f56b2cb823d23f050a522f0:1770991751,572473,5031084282167950494806674428243037744881029417420880897305642929037077494331,BUY,0.97,169.6907,164.599979,0xe5a8b412380820fd744f6331a6ee7aed310682b65f56b2cb823d23f050a522f0,"{""proxyWallet"": ""0x21d28834bd7aa596fbf9f4143b7927d2915aa2ea"", ""side"": ""BUY"", ""asset"": ""20904196882427612331862508075536093006671708163736587288824174756496606384067"", ""conditionId"": ""0xa5630e14504bf15e076e4a7d9cb3186939524c4307fa8907d91a6ab50ac2e616"", ""size"": 169.6907, ""price"": 0.97, ""timestamp"": 1770991751, ""title"": ""Bitcoin Up or Down - February 13, 9:05AM-9:10AM ET"", ""slug"": ""btc-updown-5m-1770991500"", ""icon"": ""https://polymarket-upload.s3.us-east-2.amazonaws.com/BTC+fullsize.png"", ""eventSlug"": ""btc-updown-5m-1770991500"", ""outcome"": ""Up"", ""outcomeIndex"": 0, ""name"": ""TresKoronas"", ""pseudonym"": ""Threadbare-Opposition"", ""bio"": """", ""profileImage"": ""https://polymarket-upload.s3.us-east-2.amazonaws.com/profile-image-5871600-d9d6ca63-a7d9-422a-9d69-f083251b2d16.jpeg"", ""profileImageOptimized"": """", ""transactionHash"": ""0xe5a8b412380820fd744f6331a6ee7aed310682b65f56b2cb823d23f050a522f0""}"
1770991751,2026-02-13T22:10:33.795251,0x3c9aeb17fdbe7421a6821f05399dc9297379beaed420caa511f0274d3f5e174b:1770991751,572473,5031084282167950494806674428243037744881029417420880897305642929037077494331,BUY,0.5799998996756388,3.189654,1.849999,0x3c9aeb17fdbe7421a6821f05399dc9297379beaed420caa511f0274d3f5e174b,"{""proxyWallet"": ""0x144e8b2cb15c16b23ea5d348263eef3beab1a61c"", ""side"": ""BUY"", ""asset"": ""4178531277101930988692310013213248114472964389143173804873458721353665392131"", ""conditionId"": ""0xc25ee227bc4c49a871b1e0a50f13bf10006a43506349e60e5cd4d4936c6f9f5c"", ""size"": 3.189654, ""price"": 0.5799998996756388, ""timestamp"": 1770991751, ""title"": ""Bitcoin Up or Down - February 13, 9:00AM-9:15AM ET"", ""slug"": ""btc-updown-15m-1770991200"", ""icon"": ""https://polymarket-upload.s3.us-east-2.amazonaws.com/BTC+fullsize.png"", ""eventSlug"": ""btc-updown-15m-1770991200"", ""outcome"": ""Down"", ""outcomeIndex"": 1, ""name"": ""freelance4"", ""pseudonym"": ""Late-Maniac"", ""bio"": """", ""profileImage"": """", ""profileImageOptimized"": """", ""transactionHash"": ""0x3c9aeb17fdbe7421a6821f05399dc9297379beaed420caa511f0274d3f5e174b""}"
1770991751,2026-02-13T22:10:33.795263,0xff44280699da5906d4397d8ee82cee72657307d4d548ac4baa85fc7ec8e09e4f:1770991751,572473,5031084282167950494806674428243037744881029417420880897305642929037077494331,BUY,0.97,1.0309,0.9999729999999999,0xff44280699da5906d4397d8ee82cee72657307d4d548ac4baa85fc7ec8e09e4f,"{""proxyWallet"": ""0x535618d3d703c3be1fa5be3ff75aea8f505ebadc"", ""side"": ""BUY"", ""asset"": ""20904196882427612331862508075536093006671708163736587288824174756496606384067"", ""conditionId"": ""0xa5630e14504bf15e076e4a7d9cb3186939524c4307fa8907d91a6ab50ac2e616"", ""size"": 1.0309, ""price"": 0.97, ""timestamp"": 1770991751, ""title"": ""Bitcoin Up or Down - February 13, 9:05AM-9:10AM ET"", ""slug"": ""btc-updown-5m-1770991500"", ""icon"": ""https://polymarket-upload.s3.us-east-2.amazonaws.com/BTC+fullsize.png"", ""eventSlug"": ""btc-updown-5m-1770991500"", ""outcome"": ""Up"", ""outcomeIndex"": 0, ""name"": ""xd35151223"", ""pseudonym"": ""Odd-Characterization"", ""bio"": """", ""profileImage"": """", ""profileImageOptimized"": """", ""transactionHash"": ""0xff44280699da5906d4397d8ee82cee72657307d4d548ac4baa85fc7ec8e09e4f""}"
1770991751,2026-02-13T22:10:33.795275,0x00d79088e0c348c4a2ae79a02fa12529901ba5c1c071690422f8e79bffcb2f8d:1770991751,572473,5031084282167950494806674428243037744881029417420880897305642929037077494331,BUY,0.43,11.36,4.884799999999999,0x00d79088e0c348c4a2ae79a02fa12529901ba5c1c071690422f8e79bffcb2f8d,"{""proxyWallet"": ""0xe6cef1403b5a704d0ca8be6aeaed6916a11a8884"", ""side"": ""BUY"", ""asset"": ""69403035397932509667051031905442359043677740034943388398868889632217519882110"", ""conditionId"": ""0xc25ee227bc4c49a871b1e0a50f13bf10006a43506349e60e5cd4d4936c6f9f5c"", ""size"": 11.36, ""price"": 0.43, ""timestamp"": 1770991751, ""title"": ""Bitcoin Up or Down - February 13, 9:00AM-9:15AM ET"", ""slug"": ""btc-updown-15m-1770991200"", ""icon"": ""https://polymarket-upload.s3.us-east-2.amazonaws.com/BTC+fullsize.png"", ""eventSlug"": ""btc-updown-15m-1770991200"", ""outcome"": ""Up"", ""outcomeIndex"": 0, ""name"": ""nigegezhenshuai"", ""pseudonym"": ""Super-Macaroon"", ""bio"": """", ""profileImage"": """", ""profileImageOptimized"": """", ""transactionHash"": ""0x00d79088e0c348c4a2ae79a02fa12529901ba5c1c071690422f8e79bffcb2f8d""}"
1770991751,2026-02-13T22:10:33.795287,0xcb17994767b8b970262f852053f8aa8db7b3f1131bbd0efc85b82fc95323e23b:1770991751,572473,5031084282167950494806674428243037744881029417420880897305642929037077494331,BUY,0.4299999139999484,2.906975,1.249999,0xcb17994767b8b970262f852053f8aa8db7b3f1131bbd0efc85b82fc95323e23b,"{""proxyWallet"": ""0xe58810fc8d4730680f982fcfca1193c3ce080fbf"", ""side"": ""BUY"", ""asset"": ""69403035397932509667051031905442359043677740034943388398868889632217519882110"", ""conditionId"": ""0xc25ee227bc4c49a871b1e0a50f13bf10006a43506349e60e5cd4d4936c6f9f5c"", ""size"": 2.906975, ""price"": 0.4299999139999484, ""timestamp"": 1770991751, ""title"": ""Bitcoin Up or Down - February 13, 9:00AM-9:15AM ET"", ""slug"": ""btc-updown-15m-1770991200"", ""icon"": ""https://polymarket-upload.s3.us-east-2.amazonaws.com/BTC+fullsize.png"", ""eventSlug"": ""btc-updown-15m-1770991200"", ""outcome"": ""Up"", ""outcomeIndex"": 0, ""name"": """", ""pseudonym"": """", ""bio"": """", ""profileImage"": """", ""profileImageOptimized"": """", ""transactionHash"": ""0xcb17994767b8b970262f852053f8aa8db7b3f1131bbd0efc85b82fc95323e23b""}"
1770991751,2026-02-13T22:10:33.795298,0xf7ecc3c2be87f1c6ba1df38ec6268c368dfc16ec26c9190d104512b1d96d594c:1770991751,572473,5031084282167950494806674428243037744881029417420880897305642929037077494331,BUY,0.45999993298009784,3.282607,1.509999,0xf7ecc3c2be87f1c6ba1df38ec6268c368dfc16ec26c9190d104512b1d96d594c,"{""proxyWallet"": ""0x22fcf29bb8dfe6f62d0983f3f9d022b385ba55d2"", ""side"": ""BUY"", ""asset"": ""69403035397932509667051031905442359043677740034943388398868889632217519882110"", ""conditionId"": ""0xc25ee227bc4c49a871b1e0a50f13bf10006a43506349e60e5cd4d4936c6f9f5c"", ""size"": 3.282607, ""price"": 0.45999993298009784, ""timestamp"": 1770991751, ""title"": ""Bitcoin Up or Down - February 13, 9:00AM-9:15AM ET"", ""slug"": ""btc-updown-15m-1770991200"", ""icon"": ""https://polymarket-upload.s3.us-east-2.amazonaws.com/BTC+fullsize.png"", ""eventSlug"": ""btc-updown-15m-1770991200"", ""outcome"": ""Up"", ""outcomeIndex"": 0, ""name"": """", ""pseudonym"": """", ""bio"": """", ""profileImage"": """", ""profileImageOptimized"": """", ""transactionHash"": ""0xf7ecc3c2be87f1c6ba1df38ec6268c368dfc16ec26c9190d104512b1d96d594c""}"
1770991751,2026-02-13T22:10:33.795310,0x3a9cb502fb7fd84a52c9754dcec3b070291de6b638b40f7589e2fe5d9d3f9697:1770991751,572473,5031084282167950494806674428243037744881029417420880897305642929037077494331,SELL,0.9,0.71,0.639,0x3a9cb502fb7fd84a52c9754dcec3b070291de6b638b40f7589e2fe5d9d3f9697,"{""proxyWallet"": ""0x55fda5be182e61128d6a61d4ed529e381d0455d7"", ""side"": ""SELL"", ""asset"": ""76612985923187088330281647489382001772757422712226533614590601457242761443271"", ""conditionId"": ""0xabe1fae562a66fa6bfcaccd180d17ef3f2cedd0437b1ca99aa206f7f637f2c45"", ""size"": 0.71, ""price"": 0.9, ""timestamp"": 1770991751, ""title"": ""XRP Up or Down - February 13, 9:00AM-9:15AM ET"", ""slug"": ""xrp-updown-15m-1770991200"", ""icon"": ""https://polymarket-upload.s3.us-east-2.amazonaws.com/XRP-logo.png"", ""eventSlug"": ""xrp-updown-15m-1770991200"", ""outcome"": ""Down"", ""outcomeIndex"": 1, ""name"": """", ""pseudonym"": """", ""bio"": """", ""profileImage"": """", ""profileImageOptimized"": """", ""transactionHash"": ""0x3a9cb502fb7fd84a52c9754dcec3b070291de6b638b40f7589e2fe5d9d3f9697""}"
1770991751,2026-02-13T22:10:33.795322,0x869340dabd7a3c1a8359a3ef95f62347ce6212f578cb26a4f92ea2420cae7ea7:1770991751,572473,5031084282167950494806674428243037744881029417420880897305642929037077494331,BUY,0.45999984109081954,2.391303,1.0999990000000002,0x869340dabd7a3c1a8359a3ef95f62347ce6212f578cb26a4f92ea2420cae7ea7,"{""proxyWallet"": ""0x69cc4544e43ea1dba55a7213d69342c5e0090d7d"", ""side"": ""BUY"", ""asset"": ""69403035397932509667051031905442359043677740034943388398868889632217519882110"", ""conditionId"": ""0xc25ee227bc4c49a871b1e0a50f13bf10006a43506349e60e5cd4d4936c6f9f5c"", ""size"": 2.391303, ""price"": 0.45999984109081954, ""timestamp"": 1770991751, ""title"": ""Bitcoin Up or Down - February 13, 9:00AM-9:15AM ET"", ""slug"": ""btc-updown-15m-1770991200"", ""icon"": ""https://polymarket-upload.s3.us-east-2.amazonaws.com/BTC+fullsize.png"", ""eventSlug"": ""btc-updown-15m-1770991200"", ""outcome"": ""Up"", ""outcomeIndex"": 0, ""name"": ""wa003"", ""pseudonym"": ""Ragged-Lunge"", ""bio"": """", ""profileImage"": """", ""profileImageOptimized"": """", ""transactionHash"": ""0x869340dabd7a3c1a8359a3ef95f62347ce6212f578cb26a4f92ea2420cae7ea7""}"
1770991751,2026-02-13T22:10:33.795334,0x7747fdae83188c20b36079109cc24a825396c743fba094e30ee9e84f60001ae7:1770991751,572473,5031084282167950494806674428243037744881029417420880897305642929037077494331,SELL,0.9,0.04,0.036000000000000004,0x7747fdae83188c20b36079109cc24a825396c743fba094e30ee9e84f60001ae7,"{""proxyWallet"": ""0xff350b048212cb7a7b95f4a0d7c53763f5fd3444"", ""side"": ""SELL"", ""asset"": ""76612985923187088330281647489382001772757422712226533614590601457242761443271"", ""conditionId"": ""0xabe1fae562a66fa6bfcaccd180d17ef3f2cedd0437b1ca99aa206f7f637f2c45"", ""size"": 0.04, ""price"": 0.9, ""timestamp"": 1770991751, ""title"": ""XRP Up or Down - February 13, 9:00AM-9:15AM ET"", ""slug"": ""xrp-updown-15m-1770991200"", ""icon"": ""https://polymarket-upload.s3.us-east-2.amazonaws.com/XRP-logo.png"", ""eventSlug"": ""xrp-updown-15m-1770991200"", ""outcome"": ""Down"", ""outcomeIndex"": 1, ""name"": """", ""pseudonym"": """", ""bio"": """", ""profileImage"": """", ""profileImageOptimized"": """", ""transactionHash"": ""0x7747fdae83188c20b36079109cc24a825396c743fba094e30ee9e84f60001ae7""}"
1770991751,2026-02-13T22:10:33.795345,0xd3a8344d66675631522255937fe0f99a931d6121bfb528e327bfb18d9b07043b:1770991751,572473,5031084282167950494806674428243037744881029417420880897305642929037077494331,SELL,0.001,35.51,0.03551,0xd3a8344d66675631522255937fe0f99a931d6121bfb528e327bfb18d9b07043b,"{""proxyWallet"": ""0x0d9eb4babe4cb15b56718fc612a552b14de9f53a"", ""side"": ""SELL"", ""asset"": ""46599696399675913585584218569488908542204095610291572593032526902813799611953"", ""conditionId"": ""0x814bf672aa616cd0c702d242e0e894799649a7041fd9ed62756a7d8157912c31"", ""size"": 35.51, ""price"": 0.001, ""timestamp"": 1770991751, ""title"": ""Will Elon Musk post 440-459 tweets from February 6 to February 13, 2026?"", ""slug"": ""elon-musk-of-tweets-february-6-february-13-440-459"", ""icon"": ""https://polymarket-upload.s3.us-east-2.amazonaws.com/elon-musk-of-tweets-nov-22-29-apMPG21-pzx_.jpg"", ""eventSlug"": ""elon-musk-of-tweets-february-6-february-13"", ""outcome"": ""Yes"", ""outcomeIndex"": 0, ""name"": ""koodi"", ""pseudonym"": ""Dishonest-Vitro"", ""bio"": """", ""profileImage"": ""https://polymarket-upload.s3.us-east-2.amazonaws.com/profile-image-4727972-775a3245-dae8-47c2-b4ce-0a08fa87be99.jpg"", ""profileImageOptimized"": """", ""transactionHash"": ""0xd3a8344d66675631522255937fe0f99a931d6121bfb528e327bfb18d9b07043b""}"
1770991751,2026-02-13T22:10:33.795358,0x87c701ba657cc5312b750e9bab235a697ff5bb8688b223baeebc1e4c9283d85a:1770991751,572473,5031084282167950494806674428243037744881029417420880897305642929037077494331,BUY,0.98,2.0408,1.999984,0x87c701ba657cc5312b750e9bab235a697ff5bb8688b223baeebc1e4c9283d85a,"{""proxyWallet"": ""0xcdd7bc97fbdd43d0772d94f11f033d5a22ddfb78"", ""side"": ""BUY"", ""asset"": ""20904196882427612331862508075536093006671708163736587288824174756496606384067"", ""conditionId"": ""0xa5630e14504bf15e076e4a7d9cb3186939524c4307fa8907d91a6ab50ac2e616"", ""size"": 2.0408, ""price"": 0.98, ""timestamp"": 1770991751, ""title"": ""Bitcoin Up or Down - February 13, 9:05AM-9:10AM ET"", ""slug"": ""btc-updown-5m-1770991500"", ""icon"": ""https://polymarket-upload.s3.us-east-2.amazonaws.com/BTC+fullsize.png"", ""eventSlug"": ""btc-updown-5m-1770991500"", ""outcome"": ""Up"", ""outcomeIndex"": 0, ""name"": ""frahertel"", ""pseudonym"": ""Unequaled-Hackwork"", ""bio"": """", ""profileImage"": """", ""profileImageOptimized"": """", ""transactionHash"": ""0x87c701ba657cc5312b750e9bab235a697ff5bb8688b223baeebc1e4c9283d85a""}"
1770991751,2026-02-13T22:10:33.795370,0x0cef808e7e28fc6e2a4f5caf7602b83ef5656cae455e0f0e93b8b5dac2f0a5ac:1770991751,572473,5031084282167950494806674428243037744881029417420880897305642929037077494331,BUY,0.45,39.0,17.55,0x0cef808e7e28fc6e2a4f5caf7602b83ef5656cae455e0f0e93b8b5dac2f0a5ac,"{""proxyWallet"": ""0x1d0034134e339a309700ff2d34e99fa2d48b0313"", ""side"": ""BUY"", ""asset"": ""69403035397932509667051031905442359043677740034943388398868889632217519882110"", ""conditionId"": ""0xc25ee227bc4c49a871b1e0a50f13bf10006a43506349e60e5cd4d4936c6f9f5c"", ""size"": 39, ""price"": 0.45, ""timestamp"": 1770991751, ""title"": ""Bitcoin Up or Down - February 13, 9:00AM-9:15AM ET"", ""slug"": ""btc-updown-15m-1770991200"", ""icon"": ""https://polymarket-upload.s3.us-east-2.amazonaws.com/BTC+fullsize.png"", ""eventSlug"": ""btc-updown-15m-1770991200"", ""outcome"": ""Up"", ""outcomeIndex"": 0, ""name"": ""0x1d0034134e339a309700ff2d34e99fa2d48b031"", ""pseudonym"": ""Canine-Commandment"", ""bio"": """", ""profileImage"": """", ""profileImageOptimized"": """", ""transactionHash"": ""0x0cef808e7e28fc6e2a4f5caf7602b83ef5656cae455e0f0e93b8b5dac2f0a5ac""}"
1770991751,2026-02-13T22:10:33.795382,0xcb74adb66b5716fb1b22166f18b08d3417db59c71f4c7379ce0084bd1b3f98bc:1770991751,572473,5031084282167950494806674428243037744881029417420880897305642929037077494331,BUY,0.12,4.39,0.5267999999999999,0xcb74adb66b5716fb1b22166f18b08d3417db59c71f4c7379ce0084bd1b3f98bc,"{""proxyWallet"": ""0xe594336603f4fb5d3ba4125a67021ab3b4347052"", ""side"": ""BUY"", ""asset"": ""46089572145907414054974873573914289906332395854357117261522473514142305386170"", ""conditionId"": ""0xa5e0ef40d488545df56c9d30692efadb3e46cfe2c65ef6cdad5c82eff642bc7d"", ""size"": 4.39, ""price"": 0.12, ""timestamp"": 1770991751, ""title"": ""Ethereum Up or Down - February 13, 9:00AM-9:15AM ET"", ""slug"": ""eth-updown-15m-1770991200"", ""icon"": ""https://polymarket-upload.s3.us-east-2.amazonaws.com/ETH+fullsize.jpg"", ""eventSlug"": ""eth-updown-15m-1770991200"", ""outcome"": ""Up"", ""outcomeIndex"": 0, ""name"": ""0xE594336603F4fB5d3ba4125a67021ab3B4347052-1769022918519"", ""pseudonym"": ""Weak-Finer"", ""bio"": """", ""profileImage"": """", ""profileImageOptimized"": """", ""transactionHash"": ""0xcb74adb66b5716fb1b22166f18b08d3417db59c71f4c7379ce0084bd1b3f98bc""}"
1770991751,2026-02-13T22:10:33.795393,0xd3ceb7245948d316e56e58d11991dfd1c58b8b6a152ed67c73d066145456e0e2:1770991751,572473,5031084282167950494806674428243037744881029417420880897305642929037077494331,BUY,0.44999985681809723,2.444443,1.0999990000000002,0xd3ceb7245948d316e56e58d11991dfd1c58b8b6a152ed67c73d066145456e0e2,"{""proxyWallet"": ""0xfb59c4a792375c44c0a599f0851671a21cd1cd74"", ""side"": ""BUY"", ""asset"": ""69403035397932509667051031905442359043677740034943388398868889632217519882110"", ""conditionId"": ""0xc25ee227bc4c49a871b1e0a50f13bf10006a43506349e60e5cd4d4936c6f9f5c"", ""size"": 2.444443, ""price"": 0.44999985681809723, ""timestamp"": 1770991751, ""title"": ""Bitcoin Up or Down - February 13, 9:00AM-9:15AM ET"", ""slug"": ""btc-updown-15m-1770991200"", ""icon"": ""https://polymarket-upload.s3.us-east-2.amazonaws.com/BTC+fullsize.png"", ""eventSlug"": ""btc-updown-15m-1770991200"", ""outcome"": ""Up"", ""outcomeIndex"": 0, ""name"": """", ""pseudonym"": """", ""bio"": """", ""profileImage"": """", ""profileImageOptimized"": """", ""transactionHash"": ""0xd3ceb7245948d316e56e58d11991dfd1c58b8b6a152ed67c73d066145456e0e2""}"
1770991751,2026-02-13T22:10:33.795405,0x897824fb73587e406437e758a4a6b32b4c4792a4332922ed7c8b039cffaa0c81:1770991751,572473,5031084282167950494806674428243037744881029417420880897305642929037077494331,SELL,0.25,19.23,4.8075,0x897824fb73587e406437e758a4a6b32b4c4792a4332922ed7c8b039cffaa0c81,"{""proxyWallet"": ""0x735993e26567897eb93f763825b19868bff99526"", ""side"": ""SELL"", ""asset"": ""63243137146607892024884553042710564730730271830789351675083317601450390892258"", ""conditionId"": ""0xe79a73925c3a0b51f4d7e629b3c258bd8b21174b9f4b344273b5e80cc05436d2"", ""size"": 19.23, ""price"": 0.25, ""timestamp"": 1770991751, ""title"": ""Will Sport Lisboa e Benfica win on 2026-02-17?"", ""slug"": ""ucl-ben-rma-2026-02-17-ben"", ""icon"": ""https://polymarket-upload.s3.us-east-2.amazonaws.com/champions-league-pic-QIUFsL8vaDdq.png"", ""eventSlug"": ""ucl-ben-rma-2026-02-17"", ""outcome"": ""Yes"", ""outcomeIndex"": 0, ""name"": ""0x735993e26567897eB93f763825B19868BFF99526-1769429844435"", ""pseudonym"": ""Trustworthy-Cigarette"", ""bio"": """", ""profileImage"": """", ""profileImageOptimized"": """", ""transactionHash"": ""0x897824fb73587e406437e758a4a6b32b4c4792a4332922ed7c8b039cffaa0c81""}"
1770991751,2026-02-13T22:10:33.795418,0xb2c541c642eb08a41e09281fb9a4844e1f88f1275e32fb93017c33c54053f563:1770991751,572473,5031084282167950494806674428243037744881029417420880897305642929037077494331,BUY,0.98,118.0,115.64,0xb2c541c642eb08a41e09281fb9a4844e1f88f1275e32fb93017c33c54053f563,"{""proxyWallet"": ""0xfa8453461a7f173be1002c7f7af0ba699829e95c"", ""side"": ""BUY"", ""asset"": ""20904196882427612331862508075536093006671708163736587288824174756496606384067"", ""conditionId"": ""0xa5630e14504bf15e076e4a7d9cb3186939524c4307fa8907d91a6ab50ac2e616"", ""size"": 118, ""price"": 0.98, ""timestamp"": 1770991751, ""title"": ""Bitcoin Up or Down - February 13, 9:05AM-9:10AM ET"", ""slug"": ""btc-updown-5m-1770991500"", ""icon"": ""https://polymarket-upload.s3.us-east-2.amazonaws.com/BTC+fullsize.png"", ""eventSlug"": ""btc-updown-5m-1770991500"", ""outcome"": ""Up"", ""outcomeIndex"": 0, ""name"": ""buscett1"", ""pseudonym"": ""Buttery-Afternoon"", ""bio"": """", ""profileImage"": """", ""profileImageOptimized"": """", ""transactionHash"": ""0xb2c541c642eb08a41e09281fb9a4844e1f88f1275e32fb93017c33c54053f563""}"
1770991751,2026-02-13T22:10:33.795430,0xaf573c35a5b0983f66b9f71eab2b7d999b0736825e77b62da8a457d2c5c5cd99:1770991751,572473,5031084282167950494806674428243037744881029417420880897305642929037077494331,BUY,0.45,5.0,2.25,0xaf573c35a5b0983f66b9f71eab2b7d999b0736825e77b62da8a457d2c5c5cd99,"{""proxyWallet"": ""0x47a62e61ce82f2afaf02ce790df1cd3ce9ec65e8"", ""side"": ""BUY"", ""asset"": ""69403035397932509667051031905442359043677740034943388398868889632217519882110"", ""conditionId"": ""0xc25ee227bc4c49a871b1e0a50f13bf10006a43506349e60e5cd4d4936c6f9f5c"", ""size"": 5, ""price"": 0.45, ""timestamp"": 1770991751, ""title"": ""Bitcoin Up or Down - February 13, 9:00AM-9:15AM ET"", ""slug"": ""btc-updown-15m-1770991200"", ""icon"": ""https://polymarket-upload.s3.us-east-2.amazonaws.com/BTC+fullsize.png"", ""eventSlug"": ""btc-updown-15m-1770991200"", ""outcome"": ""Up"", ""outcomeIndex"": 0, ""name"": ""juyt"", ""pseudonym"": ""Aching-Max"", ""bio"": """", ""profileImage"": """", ""profileImageOptimized"": """", ""transactionHash"": ""0xaf573c35a5b0983f66b9f71eab2b7d999b0736825e77b62da8a457d2c5c5cd99""}"
1770991751,2026-02-13T22:10:33.795441,0x101e0378e300bd95edbdcf015d97cd923eddb52ff58c7d37e0cd27c59e08bafc:1770991751,572473,5031084282167950494806674428243037744881029417420880897305642929037077494331,BUY,0.5499999815848179,8.145453,4.479998999999999,0x101e0378e300bd95edbdcf015d97cd923eddb52ff58c7d37e0cd27c59e08bafc,"{""proxyWallet"": ""0x40878ab99d7c7505268b948ad4b587155eab8e44"", ""side"": ""BUY"", ""asset"": ""4178531277101930988692310013213248114472964389143173804873458721353665392131"", ""conditionId"": ""0xc25ee227bc4c49a871b1e0a50f13bf10006a43506349e60e5cd4d4936c6f9f5c"", ""size"": 8.145453, ""price"": 0.5499999815848179, ""timestamp"": 1770991751, ""title"": ""Bitcoin Up or Down - February 13, 9:00AM-9:15AM ET"", ""slug"": ""btc-updown-15m-1770991200"", ""icon"": ""https://polymarket-upload.s3.us-east-2.amazonaws.com/BTC+fullsize.png"", ""eventSlug"": ""btc-updown-15m-1770991200"", ""outcome"": ""Down"", ""outcomeIndex"": 1, ""name"": """", ""pseudonym"": """", ""bio"": """", ""profileImage"": """", ""profileImageOptimized"": """", ""transactionHash"": ""0x101e0378e300bd95edbdcf015d97cd923eddb52ff58c7d37e0cd27c59e08bafc""}"
1770991751,2026-02-13T22:10:33.795453,0xe104f71057678375e996226b2cd16de78d7e48a25d88d5873e3fab463dd6ee91:1770991751,572473,5031084282167950494806674428243037744881029417420880897305642929037077494331,BUY,0.002,4800.0,9.6,0xe104f71057678375e996226b2cd16de78d7e48a25d88d5873e3fab463dd6ee91,"{""proxyWallet"": ""0xe0084a5ec897ad98e9d611f12de2406d82fdf7d3"", ""side"": ""BUY"", ""asset"": ""46599696399675913585584218569488908542204095610291572593032526902813799611953"", ""conditionId"": ""0x814bf672aa616cd0c702d242e0e894799649a7041fd9ed62756a7d8157912c31"", ""size"": 4800, ""price"": 0.002, ""timestamp"": 1770991751, ""title"": ""Will Elon Musk post 440-459 tweets from February 6 to February 13, 2026?"", ""slug"": ""elon-musk-of-tweets-february-6-february-13-440-459"", ""icon"": ""https://polymarket-upload.s3.us-east-2.amazonaws.com/elon-musk-of-tweets-nov-22-29-apMPG21-pzx_.jpg"", ""eventSlug"": ""elon-musk-of-tweets-february-6-february-13"", ""outcome"": ""Yes"", ""outcomeIndex"": 0, ""name"": ""Sam-AI"", ""pseudonym"": ""Physical-Marketer"", ""bio"": """", ""profileImage"": """", ""profileImageOptimized"": """", ""transactionHash"": ""0xe104f71057678375e996226b2cd16de78d7e48a25d88d5873e3fab463dd6ee91""}"
1770991751,2026-02-13T22:10:33.795467,0xa464055e4d7cfde84a1e5d483f27a8370560a6d662b7fcca31ef09cd2c947594:1770991751,572473,5031084282167950494806674428243037744881029417420880897305642929037077494331,SELL,0.001,45.64,0.04564,0xa464055e4d7cfde84a1e5d483f27a8370560a6d662b7fcca31ef09cd2c947594,"{""proxyWallet"": ""0xca202a69259f515cf28357a8ddc0e20efceb998a"", ""side"": ""SELL"", ""asset"": ""46599696399675913585584218569488908542204095610291572593032526902813799611953"", ""conditionId"": ""0x814bf672aa616cd0c702d242e0e894799649a7041fd9ed62756a7d8157912c31"", ""size"": 45.64, ""price"": 0.001, ""timestamp"": 1770991751, ""title"": ""Will Elon Musk post 440-459 tweets from February 6 to February 13, 2026?"", ""slug"": ""elon-musk-of-tweets-february-6-february-13-440-459"", ""icon"": ""https://polymarket-upload.s3.us-east-2.amazonaws.com/elon-musk-of-tweets-nov-22-29-apMPG21-pzx_.jpg"", ""eventSlug"": ""elon-musk-of-tweets-february-6-february-13"", ""outcome"": ""Yes"", ""outcomeIndex"": 0, ""name"": """", ""pseudonym"": """", ""bio"": """", ""profileImage"": """", ""profileImageOptimized"": """", ""transactionHash"": ""0xa464055e4d7cfde84a1e5d483f27a8370560a6d662b7fcca31ef09cd2c947594""}"
1770991751,2026-02-13T22:10:33.795479,0x58913c069e00c1639c3db8156b4164ad0499efeea8fc935851fe257e206e1d62:1770991751,572473,5031084282167950494806674428243037744881029417420880897305642929037077494331,BUY,0.45,11.11,4.9995,0x58913c069e00c1639c3db8156b4164ad0499efeea8fc935851fe257e206e1d62,"{""proxyWallet"": ""0xe6cef1403b5a704d0ca8be6aeaed6916a11a8884"", ""side"": ""BUY"", ""asset"": ""69403035397932509667051031905442359043677740034943388398868889632217519882110"", ""conditionId"": ""0xc25ee227bc4c49a871b1e0a50f13bf10006a43506349e60e5cd4d4936c6f9f5c"", ""size"": 11.11, ""price"": 0.45, ""timestamp"": 1770991751, ""title"": ""Bitcoin Up or Down - February 13, 9:00AM-9:15AM ET"", ""slug"": ""btc-updown-15m-1770991200"", ""icon"": ""https://polymarket-upload.s3.us-east-2.amazonaws.com/BTC+fullsize.png"", ""eventSlug"": ""btc-updown-15m-1770991200"", ""outcome"": ""Up"", ""outcomeIndex"": 0, ""name"": ""nigegezhenshuai"", ""pseudonym"": ""Super-Macaroon"", ""bio"": """", ""profileImage"": """", ""profileImageOptimized"": """", ""transactionHash"": ""0x58913c069e00c1639c3db8156b4164ad0499efeea8fc935851fe257e206e1d62""}"
1770991751,2026-02-13T22:10:33.795490,0x019a524ac8b4f269719c95dbab3b13070f1126766c00f9db715c42c014fc2537:1770991751,572473,5031084282167950494806674428243037744881029417420880897305642929037077494331,BUY,0.56,5.0,2.8000000000000003,0x019a524ac8b4f269719c95dbab3b13070f1126766c00f9db715c42c014fc2537,"{""proxyWallet"": ""0x23b12f46d0f151bd1a4dcfc5ebed8a164f933127"", ""side"": ""BUY"", ""asset"": ""4178531277101930988692310013213248114472964389143173804873458721353665392131"", ""conditionId"": ""0xc25ee227bc4c49a871b1e0a50f13bf10006a43506349e60e5cd4d4936c6f9f5c"", ""size"": 5, ""price"": 0.56, ""timestamp"": 1770991751, ""title"": ""Bitcoin Up or Down - February 13, 9:00AM-9:15AM ET"", ""slug"": ""btc-updown-15m-1770991200"", ""icon"": ""https://polymarket-upload.s3.us-east-2.amazonaws.com/BTC+fullsize.png"", ""eventSlug"": ""btc-updown-15m-1770991200"", ""outcome"": ""Down"", ""outcomeIndex"": 1, ""name"": ""JayeJ"", ""pseudonym"": ""Winding-Comparison"", ""bio"": """", ""profileImage"": """", ""profileImageOptimized"": """", ""transactionHash"": ""0x019a524ac8b4f269719c95dbab3b13070f1126766c00f9db715c42c014fc2537""}"
1770991751,2026-02-13T22:10:33.795501,0x317b68194737acd888bfca40664e1cae1a6b6eca85064ed263f715dff8a2dda9:1770991751,572473,5031084282167950494806674428243037744881029417420880897305642929037077494331,SELL,0.974,48.0,46.751999999999995,0x317b68194737acd888bfca40664e1cae1a6b6eca85064ed263f715dff8a2dda9,"{""proxyWallet"": ""0x91c6dc700152d715325b0991e3597efd434fd3ff"", ""side"": ""SELL"", ""asset"": ""95344728193244020854716971584323868633691370479151373416918812532794690491367"", ""conditionId"": ""0x64d31a2af85518c6718a5757a35b840f08eca20c1e22c0eb1e96ec01cc55b8b6"", ""size"": 48, ""price"": 0.974, ""timestamp"": 1770991751, ""title"": ""Will Ron DeSantis win the 2028 Republican presidential nomination?"", ""slug"": ""will-ron-desantis-win-the-2028-republican-presidential-nomination"", ""icon"": ""https://polymarket-upload.s3.us-east-2.amazonaws.com/will-ron-desantis-win-the-2028-us-presidential-election-qQ7i72caXvAW.png"", ""eventSlug"": ""republican-presidential-nominee-2028"", ""outcome"": ""No"", ""outcomeIndex"": 1, ""name"": ""502du1w2"", ""pseudonym"": ""Joyous-Temp"", ""bio"": """", ""profileImage"": """", ""profileImageOptimized"": """", ""transactionHash"": ""0x317b68194737acd888bfca40664e1cae1a6b6eca85064ed263f715dff8a2dda9""}"
1770991751,2026-02-13T22:10:33.795514,0x56fe15aebd19bf1bea31d34f8489694e92901756ec9bdd9e7e91124976ccfba9:1770991751,572473,5031084282167950494806674428243037744881029417420880897305642929037077494331,BUY,0.8899999109995639,1.12359,0.9999950000000001,0x56fe15aebd19bf1bea31d34f8489694e92901756ec9bdd9e7e91124976ccfba9,"{""proxyWallet"": ""0x94aacbf94606567e2e6557301e2b129f1ceabbfe"", ""side"": ""BUY"", ""asset"": ""103924929148213339450168629019405689953188250690020471055161569308682684050404"", ""conditionId"": ""0xa5e0ef40d488545df56c9d30692efadb3e46cfe2c65ef6cdad5c82eff642bc7d"", ""size"": 1.12359, ""price"": 0.8899999109995639, ""timestamp"": 1770991751, ""title"": ""Ethereum Up or Down - February 13, 9:00AM-9:15AM ET"", ""slug"": ""eth-updown-15m-1770991200"", ""icon"": ""https://polymarket-upload.s3.us-east-2.amazonaws.com/ETH+fullsize.jpg"", ""eventSlug"": ""eth-updown-15m-1770991200"", ""outcome"": ""Down"", ""outcomeIndex"": 1, ""name"": ""0x94aAcBf94606567E2E6557301e2B129f1cEabbFe-1765836021817"", ""pseudonym"": ""Exciting-Flour"", ""bio"": """", ""profileImage"": """", ""profileImageOptimized"": """", ""transactionHash"": ""0x56fe15aebd19bf1bea31d34f8489694e92901756ec9bdd9e7e91124976ccfba9""}"
1770991751,2026-02-13T22:10:33.795527,0xf1c81f202ad7acfb5c91274b792937d44285df1d91dd1debc77ce3ef8098aaa1:1770991751,572473,5031084282167950494806674428243037744881029417420880897305642929037077494331,BUY,0.89,15.0,13.35,0xf1c81f202ad7acfb5c91274b792937d44285df1d91dd1debc77ce3ef8098aaa1,"{""proxyWallet"": ""0x05d17ab73f7403e99d3c448513d65a1942994bef"", ""side"": ""BUY"", ""asset"": ""103924929148213339450168629019405689953188250690020471055161569308682684050404"", ""conditionId"": ""0xa5e0ef40d488545df56c9d30692efadb3e46cfe2c65ef6cdad5c82eff642bc7d"", ""size"": 15, ""price"": 0.89, ""timestamp"": 1770991751, ""title"": ""Ethereum Up or Down - February 13, 9:00AM-9:15AM ET"", ""slug"": ""eth-updown-15m-1770991200"", ""icon"": ""https://polymarket-upload.s3.us-east-2.amazonaws.com/ETH+fullsize.jpg"", ""eventSlug"": ""eth-updown-15m-1770991200"", ""outcome"": ""Down"", ""outcomeIndex"": 1, ""name"": ""goodbyekitty"", ""pseudonym"": ""Rectangular-Import"", ""bio"": """", ""profileImage"": """", ""profileImageOptimized"": """", ""transactionHash"": ""0xf1c81f202ad7acfb5c91274b792937d44285df1d91dd1debc77ce3ef8098aaa1""}"
1770991751,2026-02-13T22:10:33.795538,0x82a0708b61dfa29bc10179800ab0c7c408eb95b8f9e78bd8c0d7272fb1ee7725:1770991751,572473,5031084282167950494806674428243037744881029417420880897305642929037077494331,SELL,0.9,0.43,0.387,0x82a0708b61dfa29bc10179800ab0c7c408eb95b8f9e78bd8c0d7272fb1ee7725,"{""proxyWallet"": ""0x1cdb6ca5a38821b43a072e41ff325de685ee75db"", ""side"": ""SELL"", ""asset"": ""76612985923187088330281647489382001772757422712226533614590601457242761443271"", ""conditionId"": ""0xabe1fae562a66fa6bfcaccd180d17ef3f2cedd0437b1ca99aa206f7f637f2c45"", ""size"": 0.43, ""price"": 0.9, ""timestamp"": 1770991751, ""title"": ""XRP Up or Down - February 13, 9:00AM-9:15AM ET"", ""slug"": ""xrp-updown-15m-1770991200"", ""icon"": ""https://polymarket-upload.s3.us-east-2.amazonaws.com/XRP-logo.png"", ""eventSlug"": ""xrp-updown-15m-1770991200"", ""outcome"": ""Down"", ""outcomeIndex"": 1, ""name"": """", ""pseudonym"": """", ""bio"": """", ""profileImage"": """", ""profileImageOptimized"": """", ""transactionHash"": ""0x82a0708b61dfa29bc10179800ab0c7c408eb95b8f9e78bd8c0d7272fb1ee7725""}"
1770991751,2026-02-13T22:10:33.795550,0x4ba3383d761ac26f77661070d16082f8be509e207d1b72cb6fee586232facfb2:1770991751,572473,5031084282167950494806674428243037744881029417420880897305642929037077494331,SELL,0.9,0.26,0.234,0x4ba3383d761ac26f77661070d16082f8be509e207d1b72cb6fee586232facfb2,"{""proxyWallet"": ""0x42b9234ef39ff55c8a42e13ccffc7d88ab77c72c"", ""side"": ""SELL"", ""asset"": ""76612985923187088330281647489382001772757422712226533614590601457242761443271"", ""conditionId"": ""0xabe1fae562a66fa6bfcaccd180d17ef3f2cedd0437b1ca99aa206f7f637f2c45"", ""size"": 0.26, ""price"": 0.9, ""timestamp"": 1770991751, ""title"": ""XRP Up or Down - February 13, 9:00AM-9:15AM ET"", ""slug"": ""xrp-updown-15m-1770991200"", ""icon"": ""https://polymarket-upload.s3.us-east-2.amazonaws.com/XRP-logo.png"", ""eventSlug"": ""xrp-updown-15m-1770991200"", ""outcome"": ""Down"", ""outcomeIndex"": 1, ""name"": """", ""pseudonym"": """", ""bio"": """", ""profileImage"": """", ""profileImageOptimized"": """", ""transactionHash"": ""0x4ba3383d761ac26f77661070d16082f8be509e207d1b72cb6fee586232facfb2""}"
1770991751,2026-02-13T22:10:33.795561,0xdb7da02fb210da98b49b54848eba6046ab9d3ba74fb178fb2c6eb8f8aa675fec:1770991751,572473,5031084282167950494806674428243037744881029417420880897305642929037077494331,SELL,0.55,5.0,2.75,0xdb7da02fb210da98b49b54848eba6046ab9d3ba74fb178fb2c6eb8f8aa675fec,"{""proxyWallet"": ""0x2d719db0028c104444b08d2006e7ee6daa862059"", ""side"": ""SELL"", ""asset"": ""4178531277101930988692310013213248114472964389143173804873458721353665392131"", ""conditionId"": ""0xc25ee227bc4c49a871b1e0a50f13bf10006a43506349e60e5cd4d4936c6f9f5c"", ""size"": 5, ""price"": 0.55, ""timestamp"": 1770991751, ""title"": ""Bitcoin Up or Down - February 13, 9:00AM-9:15AM ET"", ""slug"": ""btc-updown-15m-1770991200"", ""icon"": ""https://polymarket-upload.s3.us-east-2.amazonaws.com/BTC+fullsize.png"", ""eventSlug"": ""btc-updown-15m-1770991200"", ""outcome"": ""Down"", ""outcomeIndex"": 1, ""name"": ""cddr"", ""pseudonym"": ""Euphoric-Reach"", ""bio"": """", ""profileImage"": """", ""profileImageOptimized"": """", ""transactionHash"": ""0xdb7da02fb210da98b49b54848eba6046ab9d3ba74fb178fb2c6eb8f8aa675fec""}"
1770991751,2026-02-13T22:10:33.795572,0x9f933c19fead0092c66bd12734b68dfab07ad2132d42497124733a13fa416635:1770991751,572473,5031084282167950494806674428243037744881029417420880897305642929037077494331,BUY,0.9795836769019293,408.3367,399.99996600000003,0x9f933c19fead0092c66bd12734b68dfab07ad2132d42497124733a13fa416635,"{""proxyWallet"": ""0x4afc9e57bd843148018f229064e74f8ec080e11e"", ""side"": ""BUY"", ""asset"": ""20904196882427612331862508075536093006671708163736587288824174756496606384067"", ""conditionId"": ""0xa5630e14504bf15e076e4a7d9cb3186939524c4307fa8907d91a6ab50ac2e616"", ""size"": 408.3367, ""price"": 0.9795836769019293, ""timestamp"": 1770991751, ""title"": ""Bitcoin Up or Down - February 13, 9:05AM-9:10AM ET"", ""slug"": ""btc-updown-5m-1770991500"", ""icon"": ""https://polymarket-upload.s3.us-east-2.amazonaws.com/BTC+fullsize.png"", ""eventSlug"": ""btc-updown-5m-1770991500"", ""outcome"": ""Up"", ""outcomeIndex"": 0, ""name"": ""v1ncent"", ""pseudonym"": ""Tame-Rider"", ""bio"": """", ""profileImage"": """", ""profileImageOptimized"": """", ""transactionHash"": ""0x9f933c19fead0092c66bd12734b68dfab07ad2132d42497124733a13fa416635""}"
1770991751,2026-02-13T22:10:33.795585,0x4142b48b1ed09c2d624601e96e9bca6399831c40f67e36af5c1070ec48e345ae:1770991751,572473,5031084282167950494806674428243037744881029417420880897305642929037077494331,BUY,0.43,90.14,38.7602,0x4142b48b1ed09c2d624601e96e9bca6399831c40f67e36af5c1070ec48e345ae,"{""proxyWallet"": ""0x21f333307ac6d2e65ac82f014b3dd2b64cbc35e3"", ""side"": ""BUY"", ""asset"": ""51365510682048580359589839145399899506854289428492694245407810287281842738918"", ""conditionId"": ""0x28179fe8d76ebcdf9aa152656606727f786f1bcacc6083184a40242ba88e5899"", ""size"": 90.14, ""price"": 0.43, ""timestamp"": 1770991751, ""title"": ""Hampton Pirates vs. North Carolina A&T Aggies"", ""slug"": ""cbb-hamp-ncat-2026-02-13"", ""icon"": ""https://polymarket-upload.s3.us-east-2.amazonaws.com/ncaa-c14995df96.png"", ""eventSlug"": ""cbb-hamp-ncat-2026-02-13"", ""outcome"": ""North Carolina A&T Aggies"", ""outcomeIndex"": 1, ""name"": ""hi774c"", ""pseudonym"": ""Stylish-Jiffy"", ""bio"": """", ""profileImage"": """", ""profileImageOptimized"": """", ""transactionHash"": ""0x4142b48b1ed09c2d624601e96e9bca6399831c40f67e36af5c1070ec48e345ae""}"
1770991751,2026-02-13T22:10:33.795597,0x6b090285b8ae98d7e0882a98b8c44a80950a11f7de8c12ae7689258f1a764fa1:1770991751,572473,5031084282167950494806674428243037744881029417420880897305642929037077494331,BUY,0.56,5.0,2.8000000000000003,0x6b090285b8ae98d7e0882a98b8c44a80950a11f7de8c12ae7689258f1a764fa1,"{""proxyWallet"": ""0x05d17ab73f7403e99d3c448513d65a1942994bef"", ""side"": ""BUY"", ""asset"": ""4178531277101930988692310013213248114472964389143173804873458721353665392131"", ""conditionId"": ""0xc25ee227bc4c49a871b1e0a50f13bf10006a43506349e60e5cd4d4936c6f9f5c"", ""size"": 5, ""price"": 0.56, ""timestamp"": 1770991751, ""title"": ""Bitcoin Up or Down - February 13, 9:00AM-9:15AM ET"", ""slug"": ""btc-updown-15m-1770991200"", ""icon"": ""https://polymarket-upload.s3.us-east-2.amazonaws.com/BTC+fullsize.png"", ""eventSlug"": ""btc-updown-15m-1770991200"", ""outcome"": ""Down"", ""outcomeIndex"": 1, ""name"": ""goodbyekitty"", ""pseudonym"": ""Rectangular-Import"", ""bio"": """", ""profileImage"": """", ""profileImageOptimized"": """", ""transactionHash"": ""0x6b090285b8ae98d7e0882a98b8c44a80950a11f7de8c12ae7689258f1a764fa1""}"
1770991751,2026-02-13T22:10:33.795608,0x516a2f7bb5770ab0b7ec99d53a9ed53a2a114c58a9d0fcaef40d0c3a644c9404:1770991751,572473,5031084282167950494806674428243037744881029417420880897305642929037077494331,BUY,0.98,1.0204,0.999992,0x516a2f7bb5770ab0b7ec99d53a9ed53a2a114c58a9d0fcaef40d0c3a644c9404,"{""proxyWallet"": ""0xde7bb0f104865181a80ad2b78d3c0e6e8c9d3474"", ""side"": ""BUY"", ""asset"": ""20904196882427612331862508075536093006671708163736587288824174756496606384067"", ""conditionId"": ""0xa5630e14504bf15e076e4a7d9cb3186939524c4307fa8907d91a6ab50ac2e616"", ""size"": 1.0204, ""price"": 0.98, ""timestamp"": 1770991751, ""title"": ""Bitcoin Up or Down - February 13, 9:05AM-9:10AM ET"", ""slug"": ""btc-updown-5m-1770991500"", ""icon"": ""https://polymarket-upload.s3.us-east-2.amazonaws.com/BTC+fullsize.png"", ""eventSlug"": ""btc-updown-5m-1770991500"", ""outcome"": ""Up"", ""outcomeIndex"": 0, ""name"": """", ""pseudonym"": """", ""bio"": """", ""profileImage"": """", ""profileImageOptimized"": """", ""transactionHash"": ""0x516a2f7bb5770ab0b7ec99d53a9ed53a2a114c58a9d0fcaef40d0c3a644c9404""}"
1770991751,2026-02-13T22:10:33.795620,0x232b2b959236b113bb5375ca5b2cb6a331ab9130bb1b2980fc6293133640c26a:1770991751,572473,5031084282167950494806674428243037744881029417420880897305642929037077494331,BUY,0.03,49.0,1.47,0x232b2b959236b113bb5375ca5b2cb6a331ab9130bb1b2980fc6293133640c26a,"{""proxyWallet"": ""0x1d0034134e339a309700ff2d34e99fa2d48b0313"", ""side"": ""BUY"", ""asset"": ""79841624193316436503830963481228096645205559351210988099820171971227633420616"", ""conditionId"": ""0xa5630e14504bf15e076e4a7d9cb3186939524c4307fa8907d91a6ab50ac2e616"", ""size"": 49, ""price"": 0.03, ""timestamp"": 1770991751, ""title"": ""Bitcoin Up or Down - February 13, 9:05AM-9:10AM ET"", ""slug"": ""btc-updown-5m-1770991500"", ""icon"": ""https://polymarket-upload.s3.us-east-2.amazonaws.com/BTC+fullsize.png"", ""eventSlug"": ""btc-updown-5m-1770991500"", ""outcome"": ""Down"", ""outcomeIndex"": 1, ""name"": ""0x1d0034134e339a309700ff2d34e99fa2d48b031"", ""pseudonym"": ""Canine-Commandment"", ""bio"": """", ""profileImage"": """", ""profileImageOptimized"": """", ""transactionHash"": ""0x232b2b959236b113bb5375ca5b2cb6a331ab9130bb1b2980fc6293133640c26a""}"
1770991751,2026-02-13T22:10:33.795631,0x4bc18df754cbb49b48259839154d261e5372f579efda9322fb9bd9b13775b712:1770991751,572473,5031084282167950494806674428243037744881029417420880897305642929037077494331,BUY,0.8899999940666634,10.112354,8.999995,0x4bc18df754cbb49b48259839154d261e5372f579efda9322fb9bd9b13775b712,"{""proxyWallet"": ""0x646cfedd656bdf7a5ed8d34c61e91c751c1e3210"", ""side"": ""BUY"", ""asset"": ""103924929148213339450168629019405689953188250690020471055161569308682684050404"", ""conditionId"": ""0xa5e0ef40d488545df56c9d30692efadb3e46cfe2c65ef6cdad5c82eff642bc7d"", ""size"": 10.112354, ""price"": 0.8899999940666634, ""timestamp"": 1770991751, ""title"": ""Ethereum Up or Down - February 13, 9:00AM-9:15AM ET"", ""slug"": ""eth-updown-15m-1770991200"", ""icon"": ""https://polymarket-upload.s3.us-east-2.amazonaws.com/ETH+fullsize.jpg"", ""eventSlug"": ""eth-updown-15m-1770991200"", ""outcome"": ""Down"", ""outcomeIndex"": 1, ""name"": ""woolloomooloo"", ""pseudonym"": ""Mundane-Synod"", ""bio"": """", ""profileImage"": """", ""profileImageOptimized"": """", ""transactionHash"": ""0x4bc18df754cbb49b48259839154d261e5372f579efda9322fb9bd9b13775b712""}"
1770991751,2026-02-13T22:10:33.795644,0x8e366ccac07f3119e9a13e51f4f3ff5da11c7378067092b421ea2dd5b91f70d5:1770991751,572473,5031084282167950494806674428243037744881029417420880897305642929037077494331,BUY,0.98,40.8163,39.999973999999995,0x8e366ccac07f3119e9a13e51f4f3ff5da11c7378067092b421ea2dd5b91f70d5,"{""proxyWallet"": ""0x612cfdd7fd5bae4b26754f7bfcd347792925370f"", ""side"": ""BUY"", ""asset"": ""20904196882427612331862508075536093006671708163736587288824174756496606384067"", ""conditionId"": ""0xa5630e14504bf15e076e4a7d9cb3186939524c4307fa8907d91a6ab50ac2e616"", ""size"": 40.8163, ""price"": 0.98, ""timestamp"": 1770991751, ""title"": ""Bitcoin Up or Down - February 13, 9:05AM-9:10AM ET"", ""slug"": ""btc-updown-5m-1770991500"", ""icon"": ""https://polymarket-upload.s3.us-east-2.amazonaws.com/BTC+fullsize.png"", ""eventSlug"": ""btc-updown-5m-1770991500"", ""outcome"": ""Up"", ""outcomeIndex"": 0, ""name"": ""Clarkhuang"", ""pseudonym"": ""Heartfelt-Visit"", ""bio"": """", ""profileImage"": """", ""profileImageOptimized"": """", ""transactionHash"": ""0x8e366ccac07f3119e9a13e51f4f3ff5da11c7378067092b421ea2dd5b91f70d5""}"
1770991751,2026-02-13T22:10:33.795655,0x357cd667c90557fb0ccb7e29b3a165b2d2cefd50f17b2fe04668eaa3fc32c0ee:1770991751,572473,5031084282167950494806674428243037744881029417420880897305642929037077494331,SELL,0.001,201.04,0.20104,0x357cd667c90557fb0ccb7e29b3a165b2d2cefd50f17b2fe04668eaa3fc32c0ee,"{""proxyWallet"": ""0x76ca800fd5f7b6df5e83092499c98b8cb962f77b"", ""side"": ""SELL"", ""asset"": ""46599696399675913585584218569488908542204095610291572593032526902813799611953"", ""conditionId"": ""0x814bf672aa616cd0c702d242e0e894799649a7041fd9ed62756a7d8157912c31"", ""size"": 201.04, ""price"": 0.001, ""timestamp"": 1770991751, ""title"": ""Will Elon Musk post 440-459 tweets from February 6 to February 13, 2026?"", ""slug"": ""elon-musk-of-tweets-february-6-february-13-440-459"", ""icon"": ""https://polymarket-upload.s3.us-east-2.amazonaws.com/elon-musk-of-tweets-nov-22-29-apMPG21-pzx_.jpg"", ""eventSlug"": ""elon-musk-of-tweets-february-6-february-13"", ""outcome"": ""Yes"", ""outcomeIndex"": 0, ""name"": """", ""pseudonym"": """", ""bio"": """", ""profileImage"": """", ""profileImageOptimized"": """", ""transactionHash"": ""0x357cd667c90557fb0ccb7e29b3a165b2d2cefd50f17b2fe04668eaa3fc32c0ee""}"
1770991751,2026-02-13T22:10:33.795667,0x13403f98284cb1a5a4a0b2c54c51f82142a4fd845639c20f3781097e5882e0b9:1770991751,572473,5031084282167950494806674428243037744881029417420880897305642929037077494331,SELL,0.001,82.57,0.08256999999999999,0x13403f98284cb1a5a4a0b2c54c51f82142a4fd845639c20f3781097e5882e0b9,"{""proxyWallet"": ""0x83ab4dd0f9c6b59f1f74f783c19e18193a3a299b"", ""side"": ""SELL"", ""asset"": ""46599696399675913585584218569488908542204095610291572593032526902813799611953"", ""conditionId"": ""0x814bf672aa616cd0c702d242e0e894799649a7041fd9ed62756a7d8157912c31"", ""size"": 82.57, ""price"": 0.001, ""timestamp"": 1770991751, ""title"": ""Will Elon Musk post 440-459 tweets from February 6 to February 13, 2026?"", ""slug"": ""elon-musk-of-tweets-february-6-february-13-440-459"", ""icon"": ""https://polymarket-upload.s3.us-east-2.amazonaws.com/elon-musk-of-tweets-nov-22-29-apMPG21-pzx_.jpg"", ""eventSlug"": ""elon-musk-of-tweets-february-6-february-13"", ""outcome"": ""Yes"", ""outcomeIndex"": 0, ""name"": """", ""pseudonym"": """", ""bio"": """", ""profileImage"": """", ""profileImageOptimized"": """", ""transactionHash"": ""0x13403f98284cb1a5a4a0b2c54c51f82142a4fd845639c20f3781097e5882e0b9""}"
1770991751,2026-02-13T22:10:33.795679,0x68cf375987f1ae0b336f67bac43a474d96dfd66df9f2cef8805417599d4e518c:1770991751,572473,5031084282167950494806674428243037744881029417420880897305642929037077494331,BUY,0.9762769229943054,577.26445,563.569961,0x68cf375987f1ae0b336f67bac43a474d96dfd66df9f2cef8805417599d4e518c,"{""proxyWallet"": ""0x92705d3ebcecea2255353eda9b82d526b0e4058e"", ""side"": ""BUY"", ""asset"": ""20904196882427612331862508075536093006671708163736587288824174756496606384067"", ""conditionId"": ""0xa5630e14504bf15e076e4a7d9cb3186939524c4307fa8907d91a6ab50ac2e616"", ""size"": 577.26445, ""price"": 0.9762769229943054, ""timestamp"": 1770991751, ""title"": ""Bitcoin Up or Down - February 13, 9:05AM-9:10AM ET"", ""slug"": ""btc-updown-5m-1770991500"", ""icon"": ""https://polymarket-upload.s3.us-east-2.amazonaws.com/BTC+fullsize.png"", ""eventSlug"": ""btc-updown-5m-1770991500"", ""outcome"": ""Up"", ""outcomeIndex"": 0, ""name"": ""monemee"", ""pseudonym"": ""Best-Prosecution"", ""bio"": """", ""profileImage"": ""https://polymarket-upload.s3.us-east-2.amazonaws.com/profile-image-4711101-47d65d69-30c2-46b8-8b68-bcd00cd9572b.png"", ""profileImageOptimized"": """", ""transactionHash"": ""0x68cf375987f1ae0b336f67bac43a474d96dfd66df9f2cef8805417599d4e518c""}"
1770991751,2026-02-13T22:10:33.795692,0xae457419203f04e8b92037c09cb91faa5e4c54fa574f7bf4287b0f22ce5319a9:1770991751,572473,5031084282167950494806674428243037744881029417420880897305642929037077494331,BUY,0.5599999875555489,3.214284,1.7999990000000001,0xae457419203f04e8b92037c09cb91faa5e4c54fa574f7bf4287b0f22ce5319a9,"{""proxyWallet"": ""0xdbaa4be9e6268710689a478092ef7a0b735610c3"", ""side"": ""BUY"", ""asset"": ""4178531277101930988692310013213248114472964389143173804873458721353665392131"", ""conditionId"": ""0xc25ee227bc4c49a871b1e0a50f13bf10006a43506349e60e5cd4d4936c6f9f5c"", ""size"": 3.214284, ""price"": 0.5599999875555489, ""timestamp"": 1770991751, ""title"": ""Bitcoin Up or Down - February 13, 9:00AM-9:15AM ET"", ""slug"": ""btc-updown-15m-1770991200"", ""icon"": ""https://polymarket-upload.s3.us-east-2.amazonaws.com/BTC+fullsize.png"", ""eventSlug"": ""btc-updown-15m-1770991200"", ""outcome"": ""Down"", ""outcomeIndex"": 1, ""name"": ""0xDBaA4BE9E6268710689a478092ef7A0b735610C3-1770726733026"", ""pseudonym"": ""Delirious-Infrastructure"", ""bio"": """", ""profileImage"": """", ""profileImageOptimized"": """", ""transactionHash"": ""0xae457419203f04e8b92037c09cb91faa5e4c54fa574f7bf4287b0f22ce5319a9""}"
1770991751,2026-02-13T22:10:33.795704,0x2234d7024b3e252f44c3549f8b18d06f4ab02448a46865bea19efe3dfe70c945:1770991751,572473,5031084282167950494806674428243037744881029417420880897305642929037077494331,SELL,0.001,275.5,0.2755,0x2234d7024b3e252f44c3549f8b18d06f4ab02448a46865bea19efe3dfe70c945,"{""proxyWallet"": ""0xc20191b422587ee12192eed9a92d363cbdceeeb2"", ""side"": ""SELL"", ""asset"": ""46599696399675913585584218569488908542204095610291572593032526902813799611953"", ""conditionId"": ""0x814bf672aa616cd0c702d242e0e894799649a7041fd9ed62756a7d8157912c31"", ""size"": 275.5, ""price"": 0.001, ""timestamp"": 1770991751, ""title"": ""Will Elon Musk post 440-459 tweets from February 6 to February 13, 2026?"", ""slug"": ""elon-musk-of-tweets-february-6-february-13-440-459"", ""icon"": ""https://polymarket-upload.s3.us-east-2.amazonaws.com/elon-musk-of-tweets-nov-22-29-apMPG21-pzx_.jpg"", ""eventSlug"": ""elon-musk-of-tweets-february-6-february-13"", ""outcome"": ""Yes"", ""outcomeIndex"": 0, ""name"": ""0xc20191b422587ee12192eEd9A92D363cbDcEEeB2-1770888321249"", ""pseudonym"": ""Ajar-Floodplain"", ""bio"": """", ""profileImage"": """", ""profileImageOptimized"": """", ""transactionHash"": ""0x2234d7024b3e252f44c3549f8b18d06f4ab02448a46865bea19efe3dfe70c945""}"
1770991751,2026-02-13T22:10:33.795717,0x730e305d372eae5af08a3340bd1ba4792bcafb1a538aeeab8b5468a1dd6c6a84:1770991751,572473,5031084282167950494806674428243037744881029417420880897305642929037077494331,BUY,0.98,20.40815,19.999986999999997,0x730e305d372eae5af08a3340bd1ba4792bcafb1a538aeeab8b5468a1dd6c6a84,"{""proxyWallet"": ""0x425c5c42aed2558477d8557b73e97db8363c557d"", ""side"": ""BUY"", ""asset"": ""20904196882427612331862508075536093006671708163736587288824174756496606384067"", ""conditionId"": ""0xa5630e14504bf15e076e4a7d9cb3186939524c4307fa8907d91a6ab50ac2e616"", ""size"": 20.40815, ""price"": 0.98, ""timestamp"": 1770991751, ""title"": ""Bitcoin Up or Down - February 13, 9:05AM-9:10AM ET"", ""slug"": ""btc-updown-5m-1770991500"", ""icon"": ""https://polymarket-upload.s3.us-east-2.amazonaws.com/BTC+fullsize.png"", ""eventSlug"": ""btc-updown-5m-1770991500"", ""outcome"": ""Up"", ""outcomeIndex"": 0, ""name"": ""msthBuric"", ""pseudonym"": ""Dirty-Utensil"", ""bio"": """", ""profileImage"": """", ""profileImageOptimized"": """", ""transactionHash"": ""0x730e305d372eae5af08a3340bd1ba4792bcafb1a538aeeab8b5468a1dd6c6a84""}"
1770991751,2026-02-13T22:10:33.795728,0xd9fd124588e10795ad8f9dab2d498dafc7057bf2b3862fa568bbdcfd4230e0f7:1770991751,572473,5031084282167950494806674428243037744881029417420880897305642929037077494331,BUY,0.56,15.0,8.4,0xd9fd124588e10795ad8f9dab2d498dafc7057bf2b3862fa568bbdcfd4230e0f7,"{""proxyWallet"": ""0x818f214c7f3e479cce1d964d53fe3db7297558cb"", ""side"": ""BUY"", ""asset"": ""4178531277101930988692310013213248114472964389143173804873458721353665392131"", ""conditionId"": ""0xc25ee227bc4c49a871b1e0a50f13bf10006a43506349e60e5cd4d4936c6f9f5c"", ""size"": 15, ""price"": 0.56, ""timestamp"": 1770991751, ""title"": ""Bitcoin Up or Down - February 13, 9:00AM-9:15AM ET"", ""slug"": ""btc-updown-15m-1770991200"", ""icon"": ""https://polymarket-upload.s3.us-east-2.amazonaws.com/BTC+fullsize.png"", ""eventSlug"": ""btc-updown-15m-1770991200"", ""outcome"": ""Down"", ""outcomeIndex"": 1, ""name"": ""livebreathevolatility"", ""pseudonym"": ""Decent-Dune"", ""bio"": """", ""profileImage"": """", ""profileImageOptimized"": """", ""transactionHash"": ""0xd9fd124588e10795ad8f9dab2d498dafc7057bf2b3862fa568bbdcfd4230e0f7""}"
1770991751,2026-02-13T22:10:33.795740,0xad15f5ed401c2a4cd916df04dd51720dc01337e8c878bfc2c54e0b0cff34950f:1770991751,572473,5031084282167950494806674428243037744881029417420880897305642929037077494331,BUY,0.4499997974998886,2.222221,0.9999989999999999,0xad15f5ed401c2a4cd916df04dd51720dc01337e8c878bfc2c54e0b0cff34950f,"{""proxyWallet"": ""0x3c17102565678fba964e0f0815d3de561e5a5642"", ""side"": ""BUY"", ""asset"": ""69403035397932509667051031905442359043677740034943388398868889632217519882110"", ""conditionId"": ""0xc25ee227bc4c49a871b1e0a50f13bf10006a43506349e60e5cd4d4936c6f9f5c"", ""size"": 2.222221, ""price"": 0.4499997974998886, ""timestamp"": 1770991751, ""title"": ""Bitcoin Up or Down - February 13, 9:00AM-9:15AM ET"", ""slug"": ""btc-updown-15m-1770991200"", ""icon"": ""https://polymarket-upload.s3.us-east-2.amazonaws.com/BTC+fullsize.png"", ""eventSlug"": ""btc-updown-15m-1770991200"", ""outcome"": ""Up"", ""outcomeIndex"": 0, ""name"": ""0x3C17102565678fBa964E0f0815d3De561e5A5642-1767543411956"", ""pseudonym"": ""Young-Gravitas"", ""bio"": """", ""profileImage"": """", ""profileImageOptimized"": """", ""transactionHash"": ""0xad15f5ed401c2a4cd916df04dd51720dc01337e8c878bfc2c54e0b0cff34950f""}"
1770991751,2026-02-13T22:10:33.795752,0x9e20940cc940e22ed850efff0588c8c6d8e0490b8e1f4801e1e1c7b13c8b1210:1770991751,572473,5031084282167950494806674428243037744881029417420880897305642929037077494331,BUY,0.999,17.017,16.999983,0x9e20940cc940e22ed850efff0588c8c6d8e0490b8e1f4801e1e1c7b13c8b1210,"{""proxyWallet"": ""0xc3028d6047a76715d6c8355d246620d82976315a"", ""side"": ""BUY"", ""asset"": ""153401115097632822279490823536838463032128417280696556403937990612533553557"", ""conditionId"": ""0x113263410d37b2256691b62d76b09a97d4ecd75bdcb0df37ff14a7adf53039bb"", ""size"": 17.017, ""price"": 0.999, ""timestamp"": 1770991751, ""title"": ""Will Ethereum reach $5,000 in February?"", ""slug"": ""will-ethereum-reach-5000-in-february-2026"", ""icon"": ""https://polymarket-upload.s3.us-east-2.amazonaws.com/ETH+fullsize.jpg"", ""eventSlug"": ""what-price-will-ethereum-hit-in-february-2026"", ""outcome"": ""No"", ""outcomeIndex"": 1, ""name"": ""424d"", ""pseudonym"": ""Blank-Tablet"", ""bio"": """", ""profileImage"": """", ""profileImageOptimized"": """", ""transactionHash"": ""0x9e20940cc940e22ed850efff0588c8c6d8e0490b8e1f4801e1e1c7b13c8b1210""}"
1770991751,2026-02-13T22:10:33.795764,0x77b8fc3743ef41192596b3bf2d704015c815c887fc4696ae5f1845f5bc6ef879:1770991751,572473,5031084282167950494806674428243037744881029417420880897305642929037077494331,BUY,0.98,83.6224,81.949952,0x77b8fc3743ef41192596b3bf2d704015c815c887fc4696ae5f1845f5bc6ef879,"{""proxyWallet"": ""0x29a4b2697c854a36064961fabc574c44e812e2e0"", ""side"": ""BUY"", ""asset"": ""20904196882427612331862508075536093006671708163736587288824174756496606384067"", ""conditionId"": ""0xa5630e14504bf15e076e4a7d9cb3186939524c4307fa8907d91a6ab50ac2e616"", ""size"": 83.6224, ""price"": 0.98, ""timestamp"": 1770991751, ""title"": ""Bitcoin Up or Down - February 13, 9:05AM-9:10AM ET"", ""slug"": ""btc-updown-5m-1770991500"", ""icon"": ""https://polymarket-upload.s3.us-east-2.amazonaws.com/BTC+fullsize.png"", ""eventSlug"": ""btc-updown-5m-1770991500"", ""outcome"": ""Up"", ""outcomeIndex"": 0, ""name"": ""noztalga"", ""pseudonym"": ""Tall-Harpooner"", ""bio"": """", ""profileImage"": """", ""profileImageOptimized"": """", ""transactionHash"": ""0x77b8fc3743ef41192596b3bf2d704015c815c887fc4696ae5f1845f5bc6ef879""}"
1770991751,2026-02-13T22:10:33.795775,0x91418823bfd08e44a6f6574b69ec890c13845bbef2902e22ea495011ddd88026:1770991751,572473,5031084282167950494806674428243037744881029417420880897305642929037077494331,BUY,0.56,5.0,2.8000000000000003,0x91418823bfd08e44a6f6574b69ec890c13845bbef2902e22ea495011ddd88026,"{""proxyWallet"": ""0x1f7f0a9483ff952295f0cb46fc913a494c94a502"", ""side"": ""BUY"", ""asset"": ""4178531277101930988692310013213248114472964389143173804873458721353665392131"", ""conditionId"": ""0xc25ee227bc4c49a871b1e0a50f13bf10006a43506349e60e5cd4d4936c6f9f5c"", ""size"": 5, ""price"": 0.56, ""timestamp"": 1770991751, ""title"": ""Bitcoin Up or Down - February 13, 9:00AM-9:15AM ET"", ""slug"": ""btc-updown-15m-1770991200"", ""icon"": ""https://polymarket-upload.s3.us-east-2.amazonaws.com/BTC+fullsize.png"", ""eventSlug"": ""btc-updown-15m-1770991200"", ""outcome"": ""Down"", ""outcomeIndex"": 1, ""name"": ""ZnegrgAbznr"", ""pseudonym"": ""Inborn-Misunderstand"", ""bio"": """", ""profileImage"": """", ""profileImageOptimized"": """", ""transactionHash"": ""0x91418823bfd08e44a6f6574b69ec890c13845bbef2902e22ea495011ddd88026""}"
1770991751,2026-02-13T22:10:33.795786,0x7403622038a4b0c4b3fa997c2605c08c3b700426e15068e64102d75ebb59def4:1770991751,572473,5031084282167950494806674428243037744881029417420880897305642929037077494331,SELL,0.9,5.66,5.094,0x7403622038a4b0c4b3fa997c2605c08c3b700426e15068e64102d75ebb59def4,"{""proxyWallet"": ""0x39d3cf0f4c4b034b799f3dc835ec7576bd2ab23d"", ""side"": ""SELL"", ""asset"": ""76612985923187088330281647489382001772757422712226533614590601457242761443271"", ""conditionId"": ""0xabe1fae562a66fa6bfcaccd180d17ef3f2cedd0437b1ca99aa206f7f637f2c45"", ""size"": 5.66, ""price"": 0.9, ""timestamp"": 1770991751, ""title"": ""XRP Up or Down - February 13, 9:00AM-9:15AM ET"", ""slug"": ""xrp-updown-15m-1770991200"", ""icon"": ""https://polymarket-upload.s3.us-east-2.amazonaws.com/XRP-logo.png"", ""eventSlug"": ""xrp-updown-15m-1770991200"", ""outcome"": ""Down"", ""outcomeIndex"": 1, ""name"": ""haipi0"", ""pseudonym"": ""Solid-Folder"", ""bio"": """", ""profileImage"": """", ""profileImageOptimized"": """", ""transactionHash"": ""0x7403622038a4b0c4b3fa997c2605c08c3b700426e15068e64102d75ebb59def4""}"
1770991751,2026-02-13T22:10:33.795798,0x1b783fe9d021581b071f392db38f56bdf1c74503298ce57abda668d1c110d933:1770991751,572473,5031084282167950494806674428243037744881029417420880897305642929037077494331,BUY,0.44,854.3,375.892,0x1b783fe9d021581b071f392db38f56bdf1c74503298ce57abda668d1c110d933,"{""proxyWallet"": ""0x1979ae6b7e6534de9c4539d0c205e582ca637c9d"", ""side"": ""BUY"", ""asset"": ""69403035397932509667051031905442359043677740034943388398868889632217519882110"", ""conditionId"": ""0xc25ee227bc4c49a871b1e0a50f13bf10006a43506349e60e5cd4d4936c6f9f5c"", ""size"": 854.3, ""price"": 0.44, ""timestamp"": 1770991751, ""title"": ""Bitcoin Up or Down - February 13, 9:00AM-9:15AM ET"", ""slug"": ""btc-updown-15m-1770991200"", ""icon"": ""https://polymarket-upload.s3.us-east-2.amazonaws.com/BTC+fullsize.png"", ""eventSlug"": ""btc-updown-15m-1770991200"", ""outcome"": ""Up"", ""outcomeIndex"": 0, ""name"": ""0x1979ae6B7E6534dE9c4539D0c205E582cA637C9D-1769439463256"", ""pseudonym"": ""Square-Guy"", ""bio"": """", ""profileImage"": """", ""profileImageOptimized"": """", ""transactionHash"": ""0x1b783fe9d021581b071f392db38f56bdf1c74503298ce57abda668d1c110d933""}"
1770991751,2026-02-13T22:10:33.795816,0xb2c24cca5a26f56808c5f99d80ed6414e225dbc0255bee4737c18fa174dce6b7:1770991751,572473,5031084282167950494806674428243037744881029417420880897305642929037077494331,BUY,0.991,93.82,92.97561999999999,0xb2c24cca5a26f56808c5f99d80ed6414e225dbc0255bee4737c18fa174dce6b7,"{""proxyWallet"": ""0x9977760c6bd6f824cac834d1a36ee99478d63020"", ""side"": ""BUY"", ""asset"": ""10525831384317400693108431119924329629503433219842304622094151698908495946309"", ""conditionId"": ""0x0fe4f8628ab54f31d0623f28e856c6283a56045380d7c144826953f5037e48ad"", ""size"": 93.82, ""price"": 0.991, ""timestamp"": 1770991751, ""title"": ""Will the highest temperature in London be 10°C or higher on February 14?"", ""slug"": ""highest-temperature-in-london-on-february-14-2026-10corhigher"", ""icon"": ""https://polymarket-upload.s3.us-east-2.amazonaws.com/highest-temperature-in-london-on-jan-22-eouu0bkjph8i.jpg"", ""eventSlug"": ""highest-temperature-in-london-on-february-14-2026"", ""outcome"": ""No"", ""outcomeIndex"": 1, ""name"": ""meropi"", ""pseudonym"": ""Several-Memo"", ""bio"": """", ""profileImage"": """", ""profileImageOptimized"": """", ""transactionHash"": ""0xb2c24cca5a26f56808c5f99d80ed6414e225dbc0255bee4737c18fa174dce6b7""}"
1770991751,2026-02-13T22:10:33.795830,0x5856e7efdb78fd3b88f3d92bd0eadce4212263af75436054b771fc27057a0237:1770991751,572473,5031084282167950494806674428243037744881029417420880897305642929037077494331,BUY,0.98,1.1224,1.099952,0x5856e7efdb78fd3b88f3d92bd0eadce4212263af75436054b771fc27057a0237,"{""proxyWallet"": ""0x69cc4544e43ea1dba55a7213d69342c5e0090d7d"", ""side"": ""BUY"", ""asset"": ""20904196882427612331862508075536093006671708163736587288824174756496606384067"", ""conditionId"": ""0xa5630e14504bf15e076e4a7d9cb3186939524c4307fa8907d91a6ab50ac2e616"", ""size"": 1.1224, ""price"": 0.98, ""timestamp"": 1770991751, ""title"": ""Bitcoin Up or Down - February 13, 9:05AM-9:10AM ET"", ""slug"": ""btc-updown-5m-1770991500"", ""icon"": ""https://polymarket-upload.s3.us-east-2.amazonaws.com/BTC+fullsize.png"", ""eventSlug"": ""btc-updown-5m-1770991500"", ""outcome"": ""Up"", ""outcomeIndex"": 0, ""name"": ""wa003"", ""pseudonym"": ""Ragged-Lunge"", ""bio"": """", ""profileImage"": """", ""profileImageOptimized"": """", ""transactionHash"": ""0x5856e7efdb78fd3b88f3d92bd0eadce4212263af75436054b771fc27057a0237""}"
1770991751,2026-02-13T22:10:33.795842,0x30d4661bf57fbb4b70d417dea2e3564ff25be55d950e225783f684f61b44f896:1770991751,572473,5031084282167950494806674428243037744881029417420880897305642929037077494331,BUY,0.4499999888724027,22.466665,10.109998999999998,0x30d4661bf57fbb4b70d417dea2e3564ff25be55d950e225783f684f61b44f896,"{""proxyWallet"": ""0x3375550a4d4c4b68d5b2de7fe9d02a352455a69c"", ""side"": ""BUY"", ""asset"": ""69403035397932509667051031905442359043677740034943388398868889632217519882110"", ""conditionId"": ""0xc25ee227bc4c49a871b1e0a50f13bf10006a43506349e60e5cd4d4936c6f9f5c"", ""size"": 22.466665, ""price"": 0.4499999888724027, ""timestamp"": 1770991751, ""title"": ""Bitcoin Up or Down - February 13, 9:00AM-9:15AM ET"", ""slug"": ""btc-updown-15m-1770991200"", ""icon"": ""https://polymarket-upload.s3.us-east-2.amazonaws.com/BTC+fullsize.png"", ""eventSlug"": ""btc-updown-15m-1770991200"", ""outcome"": ""Up"", ""outcomeIndex"": 0, ""name"": ""bitcoinlight"", ""pseudonym"": ""Rare-Goodwill"", ""bio"": """", ""profileImage"": """", ""profileImageOptimized"": """", ""transactionHash"": ""0x30d4661bf57fbb4b70d417dea2e3564ff25be55d950e225783f684f61b44f896""}"
1770991751,2026-02-13T22:10:33.795853,0x431047a35d893bd7e19346139fa86eef8518018512c92df04ffe67282b6953ee:1770991751,572473,5031084282167950494806674428243037744881029417420880897305642929037077494331,BUY,0.73,28.88,21.0824,0x431047a35d893bd7e19346139fa86eef8518018512c92df04ffe67282b6953ee,"{""proxyWallet"": ""0xfdc0bd67fbd71aa8edd00121eb2a7fcbddc34b85"", ""side"": ""BUY"", ""asset"": ""31771343781772513023551290812472071431487960795429011668673857103307156429234"", ""conditionId"": ""0x7281ab976be72aff46e50ce9b675fce8d66fd2a32602398c88349e7c7dd1212d"", ""size"": 28.88, ""price"": 0.73, ""timestamp"": 1770991751, ""title"": ""Valorant: Fnatic vs Team Vitality - Map 2 Winner"", ""slug"": ""val-fnc1-vit-2026-02-13-game2"", ""icon"": ""https://polymarket-upload.s3.us-east-2.amazonaws.com/league_images/val/valorant-vct-2021-north-america-stage-1-challengers-1.png"", ""eventSlug"": ""val-fnc1-vit-2026-02-13"", ""outcome"": ""Fnatic"", ""outcomeIndex"": 0, ""name"": ""oneheadedtiger"", ""pseudonym"": ""Yawning-Chili"", ""bio"": """", ""profileImage"": """", ""profileImageOptimized"": """", ""transactionHash"": ""0x431047a35d893bd7e19346139fa86eef8518018512c92df04ffe67282b6953ee""}"
1770991751,2026-02-13T22:10:33.795865,0xc1d9680366932d2024402159d895b1621deb6be5ddbabd748f91c0ef64ca76f2:1770991751,572473,5031084282167950494806674428243037744881029417420880897305642929037077494331,SELL,0.001,266.11,0.26611,0xc1d9680366932d2024402159d895b1621deb6be5ddbabd748f91c0ef64ca76f2,"{""proxyWallet"": ""0x44b5be14e6e9491cc136481bc2009e38ee5f11a3"", ""side"": ""SELL"", ""asset"": ""46599696399675913585584218569488908542204095610291572593032526902813799611953"", ""conditionId"": ""0x814bf672aa616cd0c702d242e0e894799649a7041fd9ed62756a7d8157912c31"", ""size"": 266.11, ""price"": 0.001, ""timestamp"": 1770991751, ""title"": ""Will Elon Musk post 440-459 tweets from February 6 to February 13, 2026?"", ""slug"": ""elon-musk-of-tweets-february-6-february-13-440-459"", ""icon"": ""https://polymarket-upload.s3.us-east-2.amazonaws.com/elon-musk-of-tweets-nov-22-29-apMPG21-pzx_.jpg"", ""eventSlug"": ""elon-musk-of-tweets-february-6-february-13"", ""outcome"": ""Yes"", ""outcomeIndex"": 0, ""name"": ""beefun1108"", ""pseudonym"": ""Humiliating-Chime"", ""bio"": """", ""profileImage"": ""https://polymarket-upload.s3.us-east-2.amazonaws.com/profile-image-5744791-1509d918-bc75-4ffe-9f6b-188541501636.jpg"", ""profileImageOptimized"": """", ""transactionHash"": ""0xc1d9680366932d2024402159d895b1621deb6be5ddbabd748f91c0ef64ca76f2""}"
1770991751,2026-02-13T22:10:33.795878,0xc5d5dfae004a01966d1b0fe0f2bfe1bf24f84a30d98752c91b0a150f981a5474:1770991751,572473,5031084282167950494806674428243037744881029417420880897305642929037077494331,BUY,0.4499999874768081,23.955554,10.779999,0xc5d5dfae004a01966d1b0fe0f2bfe1bf24f84a30d98752c91b0a150f981a5474,"{""proxyWallet"": ""0x92e810423e30179bfcebacd10afb56ee70e86a0a"", ""side"": ""BUY"", ""asset"": ""69403035397932509667051031905442359043677740034943388398868889632217519882110"", ""conditionId"": ""0xc25ee227bc4c49a871b1e0a50f13bf10006a43506349e60e5cd4d4936c6f9f5c"", ""size"": 23.955554, ""price"": 0.4499999874768081, ""timestamp"": 1770991751, ""title"": ""Bitcoin Up or Down - February 13, 9:00AM-9:15AM ET"", ""slug"": ""btc-updown-15m-1770991200"", ""icon"": ""https://polymarket-upload.s3.us-east-2.amazonaws.com/BTC+fullsize.png"", ""eventSlug"": ""btc-updown-15m-1770991200"", ""outcome"": ""Up"", ""outcomeIndex"": 0, ""name"": ""Pashaown777"", ""pseudonym"": ""Puzzling-Exaggeration"", ""bio"": """", ""profileImage"": ""https://polymarket-upload.s3.us-east-2.amazonaws.com/profile-image-4561528-857e3eda-783a-458b-97e1-2379ed5c5f24.jpeg"", ""profileImageOptimized"": """", ""transactionHash"": ""0xc5d5dfae004a01966d1b0fe0f2bfe1bf24f84a30d98752c91b0a150f981a5474""}"
1770991751,2026-02-13T22:10:33.795892,0x595ddd35d200df2257208fb45582d5235b35d8d88b021b3933d7f67a3a5a918a:1770991751,572473,5031084282167950494806674428243037744881029417420880897305642929037077494331,BUY,0.43,9.0,3.87,0x595ddd35d200df2257208fb45582d5235b35d8d88b021b3933d7f67a3a5a918a,"{""proxyWallet"": ""0x2652dd1140c3b9e69c8852264cf8dbe727672a1d"", ""side"": ""BUY"", ""asset"": ""51365510682048580359589839145399899506854289428492694245407810287281842738918"", ""conditionId"": ""0x28179fe8d76ebcdf9aa152656606727f786f1bcacc6083184a40242ba88e5899"", ""size"": 9, ""price"": 0.43, ""timestamp"": 1770991751, ""title"": ""Hampton Pirates vs. North Carolina A&T Aggies"", ""slug"": ""cbb-hamp-ncat-2026-02-13"", ""icon"": ""https://polymarket-upload.s3.us-east-2.amazonaws.com/ncaa-c14995df96.png"", ""eventSlug"": ""cbb-hamp-ncat-2026-02-13"", ""outcome"": ""North Carolina A&T Aggies"", ""outcomeIndex"": 1, ""name"": ""Punisher2022"", ""pseudonym"": ""Lucky-Ceremony"", ""bio"": """", ""profileImage"": ""https://polymarket-upload.s3.us-east-2.amazonaws.com/profile-image-3156532-08ecb862-95bc-4f29-b604-6a68a38f0b33.jpeg"", ""profileImageOptimized"": """", ""transactionHash"": ""0x595ddd35d200df2257208fb45582d5235b35d8d88b021b3933d7f67a3a5a918a""}"
1770991751,2026-02-13T22:10:33.795914,0x1e141122ba407594890a905c5f735fa87f024914884aa95fe0dccb8dbdd78e46:1770991751,572473,5031084282167950494806674428243037744881029417420880897305642929037077494331,SELL,0.97,5.0,4.85,0x1e141122ba407594890a905c5f735fa87f024914884aa95fe0dccb8dbdd78e46,"{""proxyWallet"": ""0x70ec235a31eb35f243e2618d6ea3b5b8962bbb5d"", ""side"": ""SELL"", ""asset"": ""20904196882427612331862508075536093006671708163736587288824174756496606384067"", ""conditionId"": ""0xa5630e14504bf15e076e4a7d9cb3186939524c4307fa8907d91a6ab50ac2e616"", ""size"": 5, ""price"": 0.97, ""timestamp"": 1770991751, ""title"": ""Bitcoin Up or Down - February 13, 9:05AM-9:10AM ET"", ""slug"": ""btc-updown-5m-1770991500"", ""icon"": ""https://polymarket-upload.s3.us-east-2.amazonaws.com/BTC+fullsize.png"", ""eventSlug"": ""btc-updown-5m-1770991500"", ""outcome"": ""Up"", ""outcomeIndex"": 0, ""name"": ""vague-sourdough"", ""pseudonym"": ""Ornate-Sari"", ""bio"": ""boo"", ""profileImage"": """", ""profileImageOptimized"": """", ""transactionHash"": ""0x1e141122ba407594890a905c5f735fa87f024914884aa95fe0dccb8dbdd78e46""}"
1770991751,2026-02-13T22:10:33.795926,0xba74919f6c32efa4fbaefb43a61b9c30f3d9cbfa8b6459e2e2cf11e3fdc79fbe:1770991751,572473,5031084282167950494806674428243037744881029417420880897305642929037077494331,SELL,0.44,34.44,15.153599999999999,0xba74919f6c32efa4fbaefb43a61b9c30f3d9cbfa8b6459e2e2cf11e3fdc79fbe,"{""proxyWallet"": ""0xf25ce1a0e2936afa721a60c1f4de1066f907b7cf"", ""side"": ""SELL"", ""asset"": ""69403035397932509667051031905442359043677740034943388398868889632217519882110"", ""conditionId"": ""0xc25ee227bc4c49a871b1e0a50f13bf10006a43506349e60e5cd4d4936c6f9f5c"", ""size"": 34.44, ""price"": 0.44, ""timestamp"": 1770991751, ""title"": ""Bitcoin Up or Down - February 13, 9:00AM-9:15AM ET"", ""slug"": ""btc-updown-15m-1770991200"", ""icon"": ""https://polymarket-upload.s3.us-east-2.amazonaws.com/BTC+fullsize.png"", ""eventSlug"": ""btc-updown-15m-1770991200"", ""outcome"": ""Up"", ""outcomeIndex"": 0, ""name"": ""0xF25Ce1a0E2936AfA721A60C1f4De1066F907B7cf-1770752888317"", ""pseudonym"": ""Threadbare-Sound"", ""bio"": """", ""profileImage"": """", ""profileImageOptimized"": """", ""transactionHash"": ""0xba74919f6c32efa4fbaefb43a61b9c30f3d9cbfa8b6459e2e2cf11e3fdc79fbe""}"
1770991751,2026-02-13T22:10:33.795938,0x170de8e80ecb6d6c57d2be9bb298b45f769619a0b4336acd321d4cba7e90ea61:1770991751,572473,5031084282167950494806674428243037744881029417420880897305642929037077494331,BUY,0.07,5.55,0.3885,0x170de8e80ecb6d6c57d2be9bb298b45f769619a0b4336acd321d4cba7e90ea61,"{""proxyWallet"": ""0x0fe40e887acbd0022f89d996acce26ab428501b7"", ""side"": ""BUY"", ""asset"": ""23621636865033942198592026042323317889780766557690397537308214441505839265780"", ""conditionId"": ""0x70b128665de697ac696bdfcabca75becd7dc4948c9c23653b1a76b1645bed411"", ""size"": 5.55, ""price"": 0.07, ""timestamp"": 1770991751, ""title"": ""Will the price of Bitcoin be above $62,000 on February 17?"", ""slug"": ""bitcoin-above-62k-on-february-17"", ""icon"": ""https://polymarket-upload.s3.us-east-2.amazonaws.com/BTC+fullsize.png"", ""eventSlug"": ""bitcoin-above-on-february-17"", ""outcome"": ""No"", ""outcomeIndex"": 1, ""name"": ""gobblewobble"", ""pseudonym"": ""Oily-Container"", ""bio"": """", ""profileImage"": """", ""profileImageOptimized"": """", ""transactionHash"": ""0x170de8e80ecb6d6c57d2be9bb298b45f769619a0b4336acd321d4cba7e90ea61""}"
1770991751,2026-02-13T22:10:33.795949,0xc5b026dffa7b8fa8a32a4ec44f1cf7010b06f57324dfe7a6b33a42a4a51470b3:1770991751,572473,5031084282167950494806674428243037744881029417420880897305642929037077494331,BUY,0.44999985681809723,2.444443,1.0999990000000002,0xc5b026dffa7b8fa8a32a4ec44f1cf7010b06f57324dfe7a6b33a42a4a51470b3,"{""proxyWallet"": ""0x71d854219492ed5b7ca266dba99ed677d9cb3102"", ""side"": ""BUY"", ""asset"": ""69403035397932509667051031905442359043677740034943388398868889632217519882110"", ""conditionId"": ""0xc25ee227bc4c49a871b1e0a50f13bf10006a43506349e60e5cd4d4936c6f9f5c"", ""size"": 2.444443, ""price"": 0.44999985681809723, ""timestamp"": 1770991751, ""title"": ""Bitcoin Up or Down - February 13, 9:00AM-9:15AM ET"", ""slug"": ""btc-updown-15m-1770991200"", ""icon"": ""https://polymarket-upload.s3.us-east-2.amazonaws.com/BTC+fullsize.png"", ""eventSlug"": ""btc-updown-15m-1770991200"", ""outcome"": ""Up"", ""outcomeIndex"": 0, ""name"": """", ""pseudonym"": """", ""bio"": """", ""profileImage"": """", ""profileImageOptimized"": """", ""transactionHash"": ""0xc5b026dffa7b8fa8a32a4ec44f1cf7010b06f57324dfe7a6b33a42a4a51470b3""}"
1770991751,2026-02-13T22:10:33.795962,0xce900bc493f4e1420cef85c0ee1cee3ee66eb1d784587a17166c8e8f4872d839:1770991751,572473,5031084282167950494806674428243037744881029417420880897305642929037077494331,BUY,0.6,23.07,13.842,0xce900bc493f4e1420cef85c0ee1cee3ee66eb1d784587a17166c8e8f4872d839,"{""proxyWallet"": ""0xdb7afa47be6287692879d6119bab9fe805edda74"", ""side"": ""BUY"", ""asset"": ""73962596741879183032527586678742942757399499803837945552149946860505431373056"", ""conditionId"": ""0xda9382ea9a953e4f9ba94cdab2b1b50d923496784ad2945fea69b5f7f1adffd6"", ""size"": 23.07, ""price"": 0.6, ""timestamp"": 1770991751, ""title"": ""Ethereum Up or Down - February 13, 9AM ET"", ""slug"": ""ethereum-up-or-down-february-13-9am-et"", ""icon"": ""https://polymarket-upload.s3.us-east-2.amazonaws.com/ETH+fullsize.jpg"", ""eventSlug"": ""ethereum-up-or-down-february-13-9am-et"", ""outcome"": ""Down"", ""outcomeIndex"": 1, ""name"": ""Necronis"", ""pseudonym"": ""Sunny-Smell"", ""bio"": """", ""profileImage"": """", ""profileImageOptimized"": """", ""transactionHash"": ""0xce900bc493f4e1420cef85c0ee1cee3ee66eb1d784587a17166c8e8f4872d839""}"
1770991751,2026-02-13T22:10:33.795974,0xf4d0f0f32a2f6fca2bff43bc0b46030c4c94bf54d84f86fc0c4b327eb1b842da:1770991751,572473,5031084282167950494806674428243037744881029417420880897305642929037077494331,BUY,0.56,5.0,2.8000000000000003,0xf4d0f0f32a2f6fca2bff43bc0b46030c4c94bf54d84f86fc0c4b327eb1b842da,"{""proxyWallet"": ""0x446cbdafb232ff905abbff433757a533c0adce3e"", ""side"": ""BUY"", ""asset"": ""4178531277101930988692310013213248114472964389143173804873458721353665392131"", ""conditionId"": ""0xc25ee227bc4c49a871b1e0a50f13bf10006a43506349e60e5cd4d4936c6f9f5c"", ""size"": 5, ""price"": 0.56, ""timestamp"": 1770991751, ""title"": ""Bitcoin Up or Down - February 13, 9:00AM-9:15AM ET"", ""slug"": ""btc-updown-15m-1770991200"", ""icon"": ""https://polymarket-upload.s3.us-east-2.amazonaws.com/BTC+fullsize.png"", ""eventSlug"": ""btc-updown-15m-1770991200"", ""outcome"": ""Down"", ""outcomeIndex"": 1, ""name"": ""desimeT"", ""pseudonym"": ""Profuse-Wasabi"", ""bio"": """", ""profileImage"": """", ""profileImageOptimized"": """", ""transactionHash"": ""0xf4d0f0f32a2f6fca2bff43bc0b46030c4c94bf54d84f86fc0c4b327eb1b842da""}"
1770991751,2026-02-13T22:10:33.795986,0x2012dc3a2ebeabeaa9cfe78ab2c3f2cf45ae703c7054e642548df879d07ad7fb:1770991751,572473,5031084282167950494806674428243037744881029417420880897305642929037077494331,BUY,0.999,111.83,111.71817,0x2012dc3a2ebeabeaa9cfe78ab2c3f2cf45ae703c7054e642548df879d07ad7fb,"{""proxyWallet"": ""0x48e55eaf73cac8d3b1d2cb35394304e6678977f6"", ""side"": ""BUY"", ""asset"": ""21491720112499383932109885561735538186589035004456188666675596337436888181389"", ""conditionId"": ""0x1aa2d40576d63e74493d9bcaa17ae649df5ef4af6c965d163f29feb02d35f33d"", ""size"": 111.83, ""price"": 0.999, ""timestamp"": 1770991751, ""title"": ""Marist Red Foxes vs. Merrimack College Warriors"", ""slug"": ""cbb-marist-merri-2026-02-13"", ""icon"": ""https://polymarket-upload.s3.us-east-2.amazonaws.com/ncaa-c14995df96.png"", ""eventSlug"": ""cbb-marist-merri-2026-02-13"", ""outcome"": ""Merrimack College Warriors"", ""outcomeIndex"": 1, ""name"": ""0x48e55EAF73CAc8D3B1D2CB35394304e6678977F6-1769906742507"", ""pseudonym"": ""Prickly-Potty"", ""bio"": """", ""profileImage"": """", ""profileImageOptimized"": """", ""transactionHash"": ""0x2012dc3a2ebeabeaa9cfe78ab2c3f2cf45ae703c7054e642548df879d07ad7fb""}"
1770991751,2026-02-13T22:10:33.795998,0x61e27439f1b2ac3f355227f82fb49d9a12209c6174c15e0c7edf842981266289:1770991751,572473,5031084282167950494806674428243037744881029417420880897305642929037077494331,BUY,0.44999985681809723,2.444443,1.0999990000000002,0x61e27439f1b2ac3f355227f82fb49d9a12209c6174c15e0c7edf842981266289,"{""proxyWallet"": ""0xfb59c4a792375c44c0a599f0851671a21cd1cd74"", ""side"": ""BUY"", ""asset"": ""69403035397932509667051031905442359043677740034943388398868889632217519882110"", ""conditionId"": ""0xc25ee227bc4c49a871b1e0a50f13bf10006a43506349e60e5cd4d4936c6f9f5c"", ""size"": 2.444443, ""price"": 0.44999985681809723, ""timestamp"": 1770991751, ""title"": ""Bitcoin Up or Down - February 13, 9:00AM-9:15AM ET"", ""slug"": ""btc-updown-15m-1770991200"", ""icon"": ""https://polymarket-upload.s3.us-east-2.amazonaws.com/BTC+fullsize.png"", ""eventSlug"": ""btc-updown-15m-1770991200"", ""outcome"": ""Up"", ""outcomeIndex"": 0, ""name"": """", ""pseudonym"": """", ""bio"": """", ""profileImage"": """", ""profileImageOptimized"": """", ""transactionHash"": ""0x61e27439f1b2ac3f355227f82fb49d9a12209c6174c15e0c7edf842981266289""}"
1770991751,2026-02-13T22:10:33.796009,0xab0d87b03f23b132e5f5200f23551dff19ebdb8ca7c39cbc3a105aa4020d6dad:1770991751,572473,5031084282167950494806674428243037744881029417420880897305642929037077494331,BUY,0.49,10.0,4.9,0xab0d87b03f23b132e5f5200f23551dff19ebdb8ca7c39cbc3a105aa4020d6dad,"{""proxyWallet"": ""0x5161c02f4cc8e7ac41bfa7c92e3770091ca1177a"", ""side"": ""BUY"", ""asset"": ""93592335077885155149180749547902498833461659100587815942176991599393358900076"", ""conditionId"": ""0x63b78326a8de19a65606874e669c02704fea27203945d1ac767fe57efa7d209e"", ""size"": 10, ""price"": 0.49, ""timestamp"": 1770991751, ""title"": ""Bitcoin Up or Down - February 13, 9AM ET"", ""slug"": ""bitcoin-up-or-down-february-13-9am-et"", ""icon"": ""https://polymarket-upload.s3.us-east-2.amazonaws.com/BTC+fullsize.png"", ""eventSlug"": ""bitcoin-up-or-down-february-13-9am-et"", ""outcome"": ""Up"", ""outcomeIndex"": 0, ""name"": ""0x5161c"", ""pseudonym"": ""Ambitious-Armor"", ""bio"": """", ""profileImage"": """", ""profileImageOptimized"": """", ""transactionHash"": ""0xab0d87b03f23b132e5f5200f23551dff19ebdb8ca7c39cbc3a105aa4020d6dad""}"
1770991751,2026-02-13T22:10:33.796021,0x5df4d628be67d6cae3ef3732cd5842d7962449023e929bcb25b54fb2a5257131:1770991751,572473,5031084282167950494806674428243037744881029417420880897305642929037077494331,BUY,0.45,2.4,1.08,0x5df4d628be67d6cae3ef3732cd5842d7962449023e929bcb25b54fb2a5257131,"{""proxyWallet"": ""0xaeaf20d612b72e06750577bd69fbf08983349ce1"", ""side"": ""BUY"", ""asset"": ""69403035397932509667051031905442359043677740034943388398868889632217519882110"", ""conditionId"": ""0xc25ee227bc4c49a871b1e0a50f13bf10006a43506349e60e5cd4d4936c6f9f5c"", ""size"": 2.4, ""price"": 0.45, ""timestamp"": 1770991751, ""title"": ""Bitcoin Up or Down - February 13, 9:00AM-9:15AM ET"", ""slug"": ""btc-updown-15m-1770991200"", ""icon"": ""https://polymarket-upload.s3.us-east-2.amazonaws.com/BTC+fullsize.png"", ""eventSlug"": ""btc-updown-15m-1770991200"", ""outcome"": ""Up"", ""outcomeIndex"": 0, ""name"": ""Phoenix999"", ""pseudonym"": ""Colossal-Facet"", ""bio"": """", ""profileImage"": """", ""profileImageOptimized"": """", ""transactionHash"": ""0x5df4d628be67d6cae3ef3732cd5842d7962449023e929bcb25b54fb2a5257131""}"
1770991751,2026-02-13T22:10:33.796032,0xf50753909eb2648139a2a9014ef3e3e2a087f92d1db5c137a8fb75847715f59f:1770991751,572473,5031084282167950494806674428243037744881029417420880897305642929037077494331,BUY,0.5599999341175902,1.821427,1.0199989999999999,0xf50753909eb2648139a2a9014ef3e3e2a087f92d1db5c137a8fb75847715f59f,"{""proxyWallet"": ""0xc05e8ed5969236c55e5f6175472bfa86d5170a24"", ""side"": ""BUY"", ""asset"": ""4178531277101930988692310013213248114472964389143173804873458721353665392131"", ""conditionId"": ""0xc25ee227bc4c49a871b1e0a50f13bf10006a43506349e60e5cd4d4936c6f9f5c"", ""size"": 1.821427, ""price"": 0.5599999341175902, ""timestamp"": 1770991751, ""title"": ""Bitcoin Up or Down - February 13, 9:00AM-9:15AM ET"", ""slug"": ""btc-updown-15m-1770991200"", ""icon"": ""https://polymarket-upload.s3.us-east-2.amazonaws.com/BTC+fullsize.png"", ""eventSlug"": ""btc-updown-15m-1770991200"", ""outcome"": ""Down"", ""outcomeIndex"": 1, ""name"": ""bot3000"", ""pseudonym"": ""Warped-Mycoplasma"", ""bio"": """", ""profileImage"": """", ""profileImageOptimized"": """", ""transactionHash"": ""0xf50753909eb2648139a2a9014ef3e3e2a087f92d1db5c137a8fb75847715f59f""}"
1770991751,2026-02-13T22:10:33.796044,0xe7ecdccc71513bf5546dcdb1071745030560591a37d908e72fe6cca2e09bca33:1770991751,572473,5031084282167950494806674428243037744881029417420880897305642929037077494331,BUY,0.987,50.0,49.35,0xe7ecdccc71513bf5546dcdb1071745030560591a37d908e72fe6cca2e09bca33,"{""proxyWallet"": ""0x95074f700f93bdf6e62fc965e0832064c0877b04"", ""side"": ""BUY"", ""asset"": ""45954150993260866133459836480697844778994701424764645143210138799231478990423"", ""conditionId"": ""0xf62885bfcc6abccf9af5b47e63800c1fb57d630b73d5755fadf32c95f871edd4"", ""size"": 50, ""price"": 0.987, ""timestamp"": 1770991751, ""title"": ""Will \""How to Train Your Dragon\"" win in the Children's & Family Film category at the 2026 BAFTA Awards?"", ""slug"": ""will-how-to-train-your-dragon-win-in-the-childrens-family-film-category-at-the-2026-bafta-awards"", ""icon"": ""https://polymarket-upload.s3.us-east-2.amazonaws.com/bafta-film-awards-best-film-winner-Vg1arZM6-437.png"", ""eventSlug"": ""bafta-film-awards-childrens-family-film-winner"", ""outcome"": ""No"", ""outcomeIndex"": 1, ""name"": ""poorsnob"", ""pseudonym"": ""Compassionate-Kneejerk"", ""bio"": """", ""profileImage"": ""https://polymarket-upload.s3.us-east-2.amazonaws.com/profile-image-4784424-acbf0a11-1ddd-46b3-af37-3d29e873f061.png"", ""profileImageOptimized"": """", ""transactionHash"": ""0xe7ecdccc71513bf5546dcdb1071745030560591a37d908e72fe6cca2e09bca33""}"
1770991751,2026-02-13T22:10:33.796057,0x91c286100ebd09dde149bda5162476a372f76119f3836ea084e721ddb67c27ab:1770991751,572473,5031084282167950494806674428243037744881029417420880897305642929037077494331,BUY,0.98,1.0204,0.999992,0x91c286100ebd09dde149bda5162476a372f76119f3836ea084e721ddb67c27ab,"{""proxyWallet"": ""0xbd086581b2a7cdf5823512722581a2fd1aaacd93"", ""side"": ""BUY"", ""asset"": ""20904196882427612331862508075536093006671708163736587288824174756496606384067"", ""conditionId"": ""0xa5630e14504bf15e076e4a7d9cb3186939524c4307fa8907d91a6ab50ac2e616"", ""size"": 1.0204, ""price"": 0.98, ""timestamp"": 1770991751, ""title"": ""Bitcoin Up or Down - February 13, 9:05AM-9:10AM ET"", ""slug"": ""btc-updown-5m-1770991500"", ""icon"": ""https://polymarket-upload.s3.us-east-2.amazonaws.com/BTC+fullsize.png"", ""eventSlug"": ""btc-updown-5m-1770991500"", ""outcome"": ""Up"", ""outcomeIndex"": 0, ""name"": ""0xbD086581b2A7cDF5823512722581a2fd1AAacd93-1770904023160"", ""pseudonym"": ""Feminine-Volatility"", ""bio"": """", ""profileImage"": """", ""profileImageOptimized"": """", ""transactionHash"": ""0x91c286100ebd09dde149bda5162476a372f76119f3836ea084e721ddb67c27ab""}"
1770991751,2026-02-13T22:10:33.796068,0xa61d7bc45c36de7cd413ab836e96898f4b6d438e4876898a32f9b320d49f699e:1770991751,572473,5031084282167950494806674428243037744881029417420880897305642929037077494331,BUY,0.5599999796363458,1.964284,1.099999,0xa61d7bc45c36de7cd413ab836e96898f4b6d438e4876898a32f9b320d49f699e,"{""proxyWallet"": ""0x71d854219492ed5b7ca266dba99ed677d9cb3102"", ""side"": ""BUY"", ""asset"": ""4178531277101930988692310013213248114472964389143173804873458721353665392131"", ""conditionId"": ""0xc25ee227bc4c49a871b1e0a50f13bf10006a43506349e60e5cd4d4936c6f9f5c"", ""size"": 1.964284, ""price"": 0.5599999796363458, ""timestamp"": 1770991751, ""title"": ""Bitcoin Up or Down - February 13, 9:00AM-9:15AM ET"", ""slug"": ""btc-updown-15m-1770991200"", ""icon"": ""https://polymarket-upload.s3.us-east-2.amazonaws.com/BTC+fullsize.png"", ""eventSlug"": ""btc-updown-15m-1770991200"", ""outcome"": ""Down"", ""outcomeIndex"": 1, ""name"": """", ""pseudonym"": """", ""bio"": """", ""profileImage"": """", ""profileImageOptimized"": """", ""transactionHash"": ""0xa61d7bc45c36de7cd413ab836e96898f4b6d438e4876898a32f9b320d49f699e""}"
1770991751,2026-02-13T22:10:33.796079,0x26fca6719d5dbee3a51dc798b537c8fc8354acdc180ab6852c47d2e19f0c61d4:1770991751,572473,5031084282167950494806674428243037744881029417420880897305642929037077494331,SELL,0.94,6.0,5.64,0x26fca6719d5dbee3a51dc798b537c8fc8354acdc180ab6852c47d2e19f0c61d4,"{""proxyWallet"": ""0x3abffa6d0b8a22423a66064ca458499225feb143"", ""side"": ""SELL"", ""asset"": ""84898076181559118425898345569189698388521872415216164213809188176510950948663"", ""conditionId"": ""0xb3257390dcd36f4898f30045c3e1a7e7903684f7449c5a95ed07332f27017bd2"", ""size"": 6, ""price"": 0.94, ""timestamp"": 1770991751, ""title"": ""Will Al Shabab Saudi Club win on 2026-02-13?"", ""slug"": ""spl-sha-ahl-2026-02-13-sha"", ""icon"": ""https://polymarket-upload.s3.us-east-2.amazonaws.com/saudi-league-0eb74ab5b8.png"", ""eventSlug"": ""spl-sha-ahl-2026-02-13"", ""outcome"": ""No"", ""outcomeIndex"": 1, ""name"": ""20251021"", ""pseudonym"": ""Unwieldy-Counsel"", ""bio"": """", ""profileImage"": """", ""profileImageOptimized"": """", ""transactionHash"": ""0x26fca6719d5dbee3a51dc798b537c8fc8354acdc180ab6852c47d2e19f0c61d4""}"
1770991751,2026-02-13T22:10:33.796091,0xc80451f01b71597f4075f06184024ca3f24cde2e69da42d172dde5e867cd6613:1770991751,572473,5031084282167950494806674428243037744881029417420880897305642929037077494331,BUY,0.36,150.0,54.0,0xc80451f01b71597f4075f06184024ca3f24cde2e69da42d172dde5e867cd6613,"{""proxyWallet"": ""0xc37141e2aadfa26655bf039cacdc239c9da21e28"", ""side"": ""BUY"", ""asset"": ""103655849584199501440895695949169973136299339116609144383802149255196611904911"", ""conditionId"": ""0xa8e777ef1a66334ed9cc068a877c64693ad516a8318863406156a7284ff15cf7"", ""size"": 150, ""price"": 0.36, ""timestamp"": 1770991751, ""title"": ""T20 World Cup: Netherlands vs USA (Game 1)"", ""slug"": ""crint-nld-usa-2026-02-13"", ""icon"": ""https://polymarket-upload.s3.us-east-2.amazonaws.com/cricket-ball-a0b0bf2dc9.png"", ""eventSlug"": ""crint-nld-usa-2026-02-13"", ""outcome"": ""Netherlands"", ""outcomeIndex"": 0, ""name"": ""FML69"", ""pseudonym"": ""Prize-Firewall"", ""bio"": """", ""profileImage"": """", ""profileImageOptimized"": """", ""transactionHash"": ""0xc80451f01b71597f4075f06184024ca3f24cde2e69da42d172dde5e867cd6613""}"
1770991751,2026-02-13T22:10:33.796103,0x2abc6b4a85b747f267918fb147210c8ce52dec30db5ce5fd784195e24cd5294b:1770991751,572473,5031084282167950494806674428243037744881029417420880897305642929037077494331,BUY,0.97,1.134,1.09998,0x2abc6b4a85b747f267918fb147210c8ce52dec30db5ce5fd784195e24cd5294b,"{""proxyWallet"": ""0x69cc4544e43ea1dba55a7213d69342c5e0090d7d"", ""side"": ""BUY"", ""asset"": ""20904196882427612331862508075536093006671708163736587288824174756496606384067"", ""conditionId"": ""0xa5630e14504bf15e076e4a7d9cb3186939524c4307fa8907d91a6ab50ac2e616"", ""size"": 1.134, ""price"": 0.97, ""timestamp"": 1770991751, ""title"": ""Bitcoin Up or Down - February 13, 9:05AM-9:10AM ET"", ""slug"": ""btc-updown-5m-1770991500"", ""icon"": ""https://polymarket-upload.s3.us-east-2.amazonaws.com/BTC+fullsize.png"", ""eventSlug"": ""btc-updown-5m-1770991500"", ""outcome"": ""Up"", ""outcomeIndex"": 0, ""name"": ""wa003"", ""pseudonym"": ""Ragged-Lunge"", ""bio"": """", ""profileImage"": """", ""profileImageOptimized"": """", ""transactionHash"": ""0x2abc6b4a85b747f267918fb147210c8ce52dec30db5ce5fd784195e24cd5294b""}"
1770991751,2026-02-13T22:10:33.796114,0x8351443e55513b6dfdfbc1172fb899464c767b8afe2a00bbc7b2b96140d13a3b:1770991751,572473,5031084282167950494806674428243037744881029417420880897305642929037077494331,BUY,0.08,7.09,0.5672,0x8351443e55513b6dfdfbc1172fb899464c767b8afe2a00bbc7b2b96140d13a3b,"{""proxyWallet"": ""0x3e0e8ebc1466c875bf306878264624c5480a2d99"", ""side"": ""BUY"", ""asset"": ""79841624193316436503830963481228096645205559351210988099820171971227633420616"", ""conditionId"": ""0xa5630e14504bf15e076e4a7d9cb3186939524c4307fa8907d91a6ab50ac2e616"", ""size"": 7.09, ""price"": 0.08, ""timestamp"": 1770991751, ""title"": ""Bitcoin Up or Down - February 13, 9:05AM-9:10AM ET"", ""slug"": ""btc-updown-5m-1770991500"", ""icon"": ""https://polymarket-upload.s3.us-east-2.amazonaws.com/BTC+fullsize.png"", ""eventSlug"": ""btc-updown-5m-1770991500"", ""outcome"": ""Down"", ""outcomeIndex"": 1, ""name"": """", ""pseudonym"": """", ""bio"": """", ""profileImage"": """", ""profileImageOptimized"": """", ""transactionHash"": ""0x8351443e55513b6dfdfbc1172fb899464c767b8afe2a00bbc7b2b96140d13a3b""}"
1770991751,2026-02-13T22:10:33.796126,0x752ac2f42bfcb7dd234720824ca11c0507f88c42f216e88793f993a0a128c774:1770991751,572473,5031084282167950494806674428243037744881029417420880897305642929037077494331,BUY,0.43,66.97,28.7971,0x752ac2f42bfcb7dd234720824ca11c0507f88c42f216e88793f993a0a128c774,"{""proxyWallet"": ""0x1d0034134e339a309700ff2d34e99fa2d48b0313"", ""side"": ""BUY"", ""asset"": ""69403035397932509667051031905442359043677740034943388398868889632217519882110"", ""conditionId"": ""0xc25ee227bc4c49a871b1e0a50f13bf10006a43506349e60e5cd4d4936c6f9f5c"", ""size"": 66.97, ""price"": 0.43, ""timestamp"": 1770991751, ""title"": ""Bitcoin Up or Down - February 13, 9:00AM-9:15AM ET"", ""slug"": ""btc-updown-15m-1770991200"", ""icon"": ""https://polymarket-upload.s3.us-east-2.amazonaws.com/BTC+fullsize.png"", ""eventSlug"": ""btc-updown-15m-1770991200"", ""outcome"": ""Up"", ""outcomeIndex"": 0, ""name"": ""0x1d0034134e339a309700ff2d34e99fa2d48b031"", ""pseudonym"": ""Canine-Commandment"", ""bio"": """", ""profileImage"": """", ""profileImageOptimized"": """", ""transactionHash"": ""0x752ac2f42bfcb7dd234720824ca11c0507f88c42f216e88793f993a0a128c774""}"
1770991751,2026-02-13T22:10:33.796138,0xc083f458c77ae0f6c2967a35111ad70d7678fe6414d6ec053393c36d2641f69d:1770991751,572473,5031084282167950494806674428243037744881029417420880897305642929037077494331,BUY,0.9699999998059999,103.092766,99.999983,0xc083f458c77ae0f6c2967a35111ad70d7678fe6414d6ec053393c36d2641f69d,"{""proxyWallet"": ""0x45e6b2b645dffae3ee807c6004d3a5dd62b9d6ca"", ""side"": ""BUY"", ""asset"": ""20904196882427612331862508075536093006671708163736587288824174756496606384067"", ""conditionId"": ""0xa5630e14504bf15e076e4a7d9cb3186939524c4307fa8907d91a6ab50ac2e616"", ""size"": 103.092766, ""price"": 0.9699999998059999, ""timestamp"": 1770991751, ""title"": ""Bitcoin Up or Down - February 13, 9:05AM-9:10AM ET"", ""slug"": ""btc-updown-5m-1770991500"", ""icon"": ""https://polymarket-upload.s3.us-east-2.amazonaws.com/BTC+fullsize.png"", ""eventSlug"": ""btc-updown-5m-1770991500"", ""outcome"": ""Up"", ""outcomeIndex"": 0, ""name"": ""0x45e6b2b645dFFae3ee807c6004d3A5dd62b9d6CA-1761311235237"", ""pseudonym"": ""Outgoing-Heartbeat"", ""bio"": """", ""profileImage"": """", ""profileImageOptimized"": """", ""transactionHash"": ""0xc083f458c77ae0f6c2967a35111ad70d7678fe6414d6ec053393c36d2641f69d""}"
1770991751,2026-02-13T22:10:33.796150,0x908e83009a3a2ed2805db6f6531953bd965827813027f7b00596e6448b844bc9:1770991751,572473,5031084282167950494806674428243037744881029417420880897305642929037077494331,BUY,0.41999999309417,31.857141,13.379999,0x908e83009a3a2ed2805db6f6531953bd965827813027f7b00596e6448b844bc9,"{""proxyWallet"": ""0xd1608638434ad9016ac02fbcd5591d79657a6a4d"", ""side"": ""BUY"", ""asset"": ""25433790848916390709475485710548348768864839468248483388221068307272403996666"", ""conditionId"": ""0xff42ef6ea290b94e6c0bf498e862e819b424dc75097d2903034c4c7075211eb8"", ""size"": 31.857141, ""price"": 0.41999999309417, ""timestamp"": 1770991751, ""title"": ""Argentina Open: Alejandro Tabilo vs Tomas Etcheverry"", ""slug"": ""atp-tabilo-etcheve-2026-02-13"", ""icon"": ""https://polymarket-upload.s3.us-east-2.amazonaws.com/atp-tour-b4390c4fb8.jpg"", ""eventSlug"": ""atp-tabilo-etcheve-2026-02-13"", ""outcome"": ""Tabilo"", ""outcomeIndex"": 0, ""name"": ""meghan91"", ""pseudonym"": ""Glistening-Sandal"", ""bio"": """", ""profileImage"": """", ""profileImageOptimized"": """", ""transactionHash"": ""0x908e83009a3a2ed2805db6f6531953bd965827813027f7b00596e6448b844bc9""}"
1770991751,2026-02-13T22:10:33.796163,0xed7b7175c2ecb0632d9e6f6a279ec391332f5bc643f1825f9dee33c6ab806bf3:1770991751,572473,5031084282167950494806674428243037744881029417420880897305642929037077494331,BUY,0.006000000024,166.666666,0.9999999999999999,0xed7b7175c2ecb0632d9e6f6a279ec391332f5bc643f1825f9dee33c6ab806bf3,"{""proxyWallet"": ""0xe872ef9469d5b617a7a644f1f13c63952b2b47d3"", ""side"": ""BUY"", ""asset"": ""113967255285729983096369270222893793194300185054195401492031449617986822928022"", ""conditionId"": ""0xb02e8bc0b915c7d6fc79363f84ca301edeb3c5cd7a7c30cf9517cb4a49a96e35"", ""size"": 166.666666, ""price"": 0.006000000024, ""timestamp"": 1770991751, ""title"": ""US strikes Iran by February 13, 2026?"", ""slug"": ""us-strikes-iran-by-february-13-2026-721-759-497-124-197-797-992-641-418-789-676-262-791-574-169-647-275-931"", ""icon"": ""https://polymarket-upload.s3.us-east-2.amazonaws.com/us-strikes-iran-by-october-3-2sVnIHq3sjqF.jpg"", ""eventSlug"": ""us-strikes-iran-by"", ""outcome"": ""Yes"", ""outcomeIndex"": 0, ""name"": ""0xe872eF9469d5B617a7a644f1F13C63952b2B47D3-1770990516605"", ""pseudonym"": ""Meek-Profession"", ""bio"": """", ""profileImage"": """", ""profileImageOptimized"": """", ""transactionHash"": ""0xed7b7175c2ecb0632d9e6f6a279ec391332f5bc643f1825f9dee33c6ab806bf3""}"
1770991751,2026-02-13T22:10:33.796175,0x0a282efa42ee3e121da1c2861e9a52f3d572ce51952e8032fc1031afdf2cd3d2:1770991751,572473,5031084282167950494806674428243037744881029417420880897305642929037077494331,BUY,0.06555095277547639,150.875,9.89,0x0a282efa42ee3e121da1c2861e9a52f3d572ce51952e8032fc1031afdf2cd3d2,"{""proxyWallet"": ""0x170dbb8816d7478911674e52e9306b85660c95cf"", ""side"": ""BUY"", ""asset"": ""79841624193316436503830963481228096645205559351210988099820171971227633420616"", ""conditionId"": ""0xa5630e14504bf15e076e4a7d9cb3186939524c4307fa8907d91a6ab50ac2e616"", ""size"": 150.875, ""price"": 0.06555095277547639, ""timestamp"": 1770991751, ""title"": ""Bitcoin Up or Down - February 13, 9:05AM-9:10AM ET"", ""slug"": ""btc-updown-5m-1770991500"", ""icon"": ""https://polymarket-upload.s3.us-east-2.amazonaws.com/BTC+fullsize.png"", ""eventSlug"": ""btc-updown-5m-1770991500"", ""outcome"": ""Down"", ""outcomeIndex"": 1, ""name"": """", ""pseudonym"": """", ""bio"": """", ""profileImage"": """", ""profileImageOptimized"": """", ""transactionHash"": ""0x0a282efa42ee3e121da1c2861e9a52f3d572ce51952e8032fc1031afdf2cd3d2""}"
1770991749,2026-02-13T22:10:33.796187,0x2e41258276ebd3112511875d1bb33c55444608b299a703511e54f042d67b09ea:1770991749,572473,5031084282167950494806674428243037744881029417420880897305642929037077494331,BUY,0.04,52.0,2.08,0x2e41258276ebd3112511875d1bb33c55444608b299a703511e54f042d67b09ea,"{""proxyWallet"": ""0xe594336603f4fb5d3ba4125a67021ab3b4347052"", ""side"": ""BUY"", ""asset"": ""79841624193316436503830963481228096645205559351210988099820171971227633420616"", ""conditionId"": ""0xa5630e14504bf15e076e4a7d9cb3186939524c4307fa8907d91a6ab50ac2e616"", ""size"": 52, ""price"": 0.04, ""timestamp"": 1770991749, ""title"": ""Bitcoin Up or Down - February 13, 9:05AM-9:10AM ET"", ""slug"": ""btc-updown-5m-1770991500"", ""icon"": ""https://polymarket-upload.s3.us-east-2.amazonaws.com/BTC+fullsize.png"", ""eventSlug"": ""btc-updown-5m-1770991500"", ""outcome"": ""Down"", ""outcomeIndex"": 1, ""name"": ""0xE594336603F4fB5d3ba4125a67021ab3B4347052-1769022918519"", ""pseudonym"": ""Weak-Finer"", ""bio"": """", ""profileImage"": """", ""profileImageOptimized"": """", ""transactionHash"": ""0x2e41258276ebd3112511875d1bb33c55444608b299a703511e54f042d67b09ea""}"
1770991749,2026-02-13T22:10:33.796198,0x7e9898f546ff2a3d388e5aa1b01795683a32232ba462f6ae9ff952bde1dc26b1:1770991749,572473,5031084282167950494806674428243037744881029417420880897305642929037077494331,BUY,0.41999987781810627,2.619046,1.099999,0x7e9898f546ff2a3d388e5aa1b01795683a32232ba462f6ae9ff952bde1dc26b1,"{""proxyWallet"": ""0xfb59c4a792375c44c0a599f0851671a21cd1cd74"", ""side"": ""BUY"", ""asset"": ""69403035397932509667051031905442359043677740034943388398868889632217519882110"", ""conditionId"": ""0xc25ee227bc4c49a871b1e0a50f13bf10006a43506349e60e5cd4d4936c6f9f5c"", ""size"": 2.619046, ""price"": 0.41999987781810627, ""timestamp"": 1770991749, ""title"": ""Bitcoin Up or Down - February 13, 9:00AM-9:15AM ET"", ""slug"": ""btc-updown-15m-1770991200"", ""icon"": ""https://polymarket-upload.s3.us-east-2.amazonaws.com/BTC+fullsize.png"", ""eventSlug"": ""btc-updown-15m-1770991200"", ""outcome"": ""Up"", ""outcomeIndex"": 0, ""name"": """", ""pseudonym"": """", ""bio"": """", ""profileImage"": """", ""profileImageOptimized"": """", ""transactionHash"": ""0x7e9898f546ff2a3d388e5aa1b01795683a32232ba462f6ae9ff952bde1dc26b1""}"
1770991749,2026-02-13T22:10:33.796210,0x3bedc90b0286b0ea25e6b60926251bad8d1da7902421e8d0789124bdc027ea20:1770991749,572473,5031084282167950494806674428243037744881029417420880897305642929037077494331,BUY,0.59,16.0,9.44,0x3bedc90b0286b0ea25e6b60926251bad8d1da7902421e8d0789124bdc027ea20,"{""proxyWallet"": ""0xe653b5c51c735b49559d8004e44f76448ac92db3"", ""side"": ""BUY"", ""asset"": ""4178531277101930988692310013213248114472964389143173804873458721353665392131"", ""conditionId"": ""0xc25ee227bc4c49a871b1e0a50f13bf10006a43506349e60e5cd4d4936c6f9f5c"", ""size"": 16, ""price"": 0.59, ""timestamp"": 1770991749, ""title"": ""Bitcoin Up or Down - February 13, 9:00AM-9:15AM ET"", ""slug"": ""btc-updown-15m-1770991200"", ""icon"": ""https://polymarket-upload.s3.us-east-2.amazonaws.com/BTC+fullsize.png"", ""eventSlug"": ""btc-updown-15m-1770991200"", ""outcome"": ""Down"", ""outcomeIndex"": 1, ""name"": ""moneymakers8"", ""pseudonym"": ""Winged-Reservoir"", ""bio"": """", ""profileImage"": """", ""profileImageOptimized"": """", ""transactionHash"": ""0x3bedc90b0286b0ea25e6b60926251bad8d1da7902421e8d0789124bdc027ea20""}"
1770991749,2026-02-13T22:10:33.796222,0x247c45ad9f5ec2643f10a706e2e74d3844b7dfd0b66403c5ca271815d6796958:1770991749,572473,5031084282167950494806674428243037744881029417420880897305642929037077494331,BUY,0.9699999995149995,20.618533,19.999977,0x247c45ad9f5ec2643f10a706e2e74d3844b7dfd0b66403c5ca271815d6796958,"{""proxyWallet"": ""0xfa14a4d10a2a270d7f5bb06110b15c9015a03323"", ""side"": ""BUY"", ""asset"": ""20904196882427612331862508075536093006671708163736587288824174756496606384067"", ""conditionId"": ""0xa5630e14504bf15e076e4a7d9cb3186939524c4307fa8907d91a6ab50ac2e616"", ""size"": 20.618533, ""price"": 0.9699999995149995, ""timestamp"": 1770991749, ""title"": ""Bitcoin Up or Down - February 13, 9:05AM-9:10AM ET"", ""slug"": ""btc-updown-5m-1770991500"", ""icon"": ""https://polymarket-upload.s3.us-east-2.amazonaws.com/BTC+fullsize.png"", ""eventSlug"": ""btc-updown-5m-1770991500"", ""outcome"": ""Up"", ""outcomeIndex"": 0, ""name"": ""pryne1"", ""pseudonym"": ""Favorite-Jackal"", ""bio"": """", ""profileImage"": """", ""profileImageOptimized"": """", ""transactionHash"": ""0x247c45ad9f5ec2643f10a706e2e74d3844b7dfd0b66403c5ca271815d6796958""}"
1770991749,2026-02-13T22:10:33.796233,0x1ae23ae363f8c4f78da8e638081f3b48c45dc3ee02e0a50b3e0abea01677591e:1770991749,572473,5031084282167950494806674428243037744881029417420880897305642929037077494331,BUY,0.08105955163544919,16.777776,1.359999,0x1ae23ae363f8c4f78da8e638081f3b48c45dc3ee02e0a50b3e0abea01677591e,"{""proxyWallet"": ""0xc05e8ed5969236c55e5f6175472bfa86d5170a24"", ""side"": ""BUY"", ""asset"": ""79841624193316436503830963481228096645205559351210988099820171971227633420616"", ""conditionId"": ""0xa5630e14504bf15e076e4a7d9cb3186939524c4307fa8907d91a6ab50ac2e616"", ""size"": 16.777776, ""price"": 0.08105955163544919, ""timestamp"": 1770991749, ""title"": ""Bitcoin Up or Down - February 13, 9:05AM-9:10AM ET"", ""slug"": ""btc-updown-5m-1770991500"", ""icon"": ""https://polymarket-upload.s3.us-east-2.amazonaws.com/BTC+fullsize.png"", ""eventSlug"": ""btc-updown-5m-1770991500"", ""outcome"": ""Down"", ""outcomeIndex"": 1, ""name"": ""bot3000"", ""pseudonym"": ""Warped-Mycoplasma"", ""bio"": """", ""profileImage"": """", ""profileImageOptimized"": """", ""transactionHash"": ""0x1ae23ae363f8c4f78da8e638081f3b48c45dc3ee02e0a50b3e0abea01677591e""}"
1770991749,2026-02-13T22:10:33.796246,0x05dacea9c2b63d0b0598b32433efad1b29a325780374cf18d75e6c2ec971caf1:1770991749,572473,5031084282167950494806674428243037744881029417420880897305642929037077494331,BUY,0.36,7.0,2.52,0x05dacea9c2b63d0b0598b32433efad1b29a325780374cf18d75e6c2ec971caf1,"{""proxyWallet"": ""0xaea0d2d9c206f0a3f9cf05aae723942a61500dec"", ""side"": ""BUY"", ""asset"": ""103655849584199501440895695949169973136299339116609144383802149255196611904911"", ""conditionId"": ""0xa8e777ef1a66334ed9cc068a877c64693ad516a8318863406156a7284ff15cf7"", ""size"": 7, ""price"": 0.36, ""timestamp"": 1770991749, ""title"": ""T20 World Cup: Netherlands vs USA (Game 1)"", ""slug"": ""crint-nld-usa-2026-02-13"", ""icon"": ""https://polymarket-upload.s3.us-east-2.amazonaws.com/cricket-ball-a0b0bf2dc9.png"", ""eventSlug"": ""crint-nld-usa-2026-02-13"", ""outcome"": ""Netherlands"", ""outcomeIndex"": 0, ""name"": ""Arbga2026"", ""pseudonym"": ""Rotating-Barstool"", ""bio"": """", ""profileImage"": """", ""profileImageOptimized"": """", ""transactionHash"": ""0x05dacea9c2b63d0b0598b32433efad1b29a325780374cf18d75e6c2ec971caf1""}"
1770991749,2026-02-13T22:10:33.796258,0x460e0fefd9dbbc3909945ba05a533a32f2bb0d595a5d0de1a3ebe06ba6df1bba:1770991749,572473,5031084282167950494806674428243037744881029417420880897305642929037077494331,BUY,0.9699999995149995,20.618533,19.999977,0x460e0fefd9dbbc3909945ba05a533a32f2bb0d595a5d0de1a3ebe06ba6df1bba,"{""proxyWallet"": ""0x2e38ddbc7a23dd1953e0f3c16d65f7127c2ea018"", ""side"": ""BUY"", ""asset"": ""20904196882427612331862508075536093006671708163736587288824174756496606384067"", ""conditionId"": ""0xa5630e14504bf15e076e4a7d9cb3186939524c4307fa8907d91a6ab50ac2e616"", ""size"": 20.618533, ""price"": 0.9699999995149995, ""timestamp"": 1770991749, ""title"": ""Bitcoin Up or Down - February 13, 9:05AM-9:10AM ET"", ""slug"": ""btc-updown-5m-1770991500"", ""icon"": ""https://polymarket-upload.s3.us-east-2.amazonaws.com/BTC+fullsize.png"", ""eventSlug"": ""btc-updown-5m-1770991500"", ""outcome"": ""Up"", ""outcomeIndex"": 0, ""name"": ""0x2E38dDbc7a23Dd1953e0f3C16d65f7127c2Ea018-1768504770876"", ""pseudonym"": ""Compassionate-Retention"", ""bio"": """", ""profileImage"": """", ""profileImageOptimized"": """", ""transactionHash"": ""0x460e0fefd9dbbc3909945ba05a533a32f2bb0d595a5d0de1a3ebe06ba6df1bba""}"
1770991749,2026-02-13T22:10:33.796271,0xb714c0783cd45a0788492d77957fdad9dac1761f66b9f669099bea4ad46ead60:1770991749,572473,5031084282167950494806674428243037744881029417420880897305642929037077494331,BUY,0.9524726088244003,135.08,128.66,0xb714c0783cd45a0788492d77957fdad9dac1761f66b9f669099bea4ad46ead60,"{""proxyWallet"": ""0x511c195204f9f13c381082af9f23c9a5c7b59c7c"", ""side"": ""BUY"", ""asset"": ""20904196882427612331862508075536093006671708163736587288824174756496606384067"", ""conditionId"": ""0xa5630e14504bf15e076e4a7d9cb3186939524c4307fa8907d91a6ab50ac2e616"", ""size"": 135.08, ""price"": 0.9524726088244003, ""timestamp"": 1770991749, ""title"": ""Bitcoin Up or Down - February 13, 9:05AM-9:10AM ET"", ""slug"": ""btc-updown-5m-1770991500"", ""icon"": ""https://polymarket-upload.s3.us-east-2.amazonaws.com/BTC+fullsize.png"", ""eventSlug"": ""btc-updown-5m-1770991500"", ""outcome"": ""Up"", ""outcomeIndex"": 0, ""name"": ""Ryy233"", ""pseudonym"": ""Shocked-Bathhouse"", ""bio"": """", ""profileImage"": """", ""profileImageOptimized"": """", ""transactionHash"": ""0xb714c0783cd45a0788492d77957fdad9dac1761f66b9f669099bea4ad46ead60""}"
1770991749,2026-02-13T22:10:33.796283,0x760d92450f61039162bc5fd2208c5f090ea6581c783bd50cdabfce3443108b68:1770991749,572473,5031084282167950494806674428243037744881029417420880897305642929037077494331,BUY,0.1,11.0,1.1,0x760d92450f61039162bc5fd2208c5f090ea6581c783bd50cdabfce3443108b68,"{""proxyWallet"": ""0x1f35cbfdf080f7155df02d05c7e7211bb11dfcdb"", ""side"": ""BUY"", ""asset"": ""63831009745660828050108006405862504371816166572207196652530982752903163361441"", ""conditionId"": ""0xb8494772912dee947a076235a84d2ec410495a7da3c08c3d7100175b6a80559f"", ""size"": 11, ""price"": 0.1, ""timestamp"": 1770991749, ""title"": ""Solana Up or Down - February 13, 9:00AM-9:15AM ET"", ""slug"": ""sol-updown-15m-1770991200"", ""icon"": ""https://polymarket-upload.s3.us-east-2.amazonaws.com/SOL+fullsize.png"", ""eventSlug"": ""sol-updown-15m-1770991200"", ""outcome"": ""Up"", ""outcomeIndex"": 0, ""name"": ""0x1F35Cbfdf080f7155Df02D05C7e7211BB11DfCDb-1770198660550"", ""pseudonym"": ""Sinful-Going"", ""bio"": """", ""profileImage"": """", ""profileImageOptimized"": """", ""transactionHash"": ""0x760d92450f61039162bc5fd2208c5f090ea6581c783bd50cdabfce3443108b68""}"
1770991749,2026-02-13T22:10:33.796295,0xd0df700ef9ddf09ed8081c478616fbd4ec8a935d7d00f2ce72a754632b166746:1770991749,572473,5031084282167950494806674428243037744881029417420880897305642929037077494331,SELL,0.96,35.0,33.6,0xd0df700ef9ddf09ed8081c478616fbd4ec8a935d7d00f2ce72a754632b166746,"{""proxyWallet"": ""0x70ec235a31eb35f243e2618d6ea3b5b8962bbb5d"", ""side"": ""SELL"", ""asset"": ""20904196882427612331862508075536093006671708163736587288824174756496606384067"", ""conditionId"": ""0xa5630e14504bf15e076e4a7d9cb3186939524c4307fa8907d91a6ab50ac2e616"", ""size"": 35, ""price"": 0.96, ""timestamp"": 1770991749, ""title"": ""Bitcoin Up or Down - February 13, 9:05AM-9:10AM ET"", ""slug"": ""btc-updown-5m-1770991500"", ""icon"": ""https://polymarket-upload.s3.us-east-2.amazonaws.com/BTC+fullsize.png"", ""eventSlug"": ""btc-updown-5m-1770991500"", ""outcome"": ""Up"", ""outcomeIndex"": 0, ""name"": ""vague-sourdough"", ""pseudonym"": ""Ornate-Sari"", ""bio"": ""boo"", ""profileImage"": """", ""profileImageOptimized"": """", ""transactionHash"": ""0xd0df700ef9ddf09ed8081c478616fbd4ec8a935d7d00f2ce72a754632b166746""}"
1770991749,2026-02-13T22:10:33.796306,0x708ad35b6df56c7047773c60071af8ab9384002e23133975112301d61fe10787:1770991749,572473,5031084282167950494806674428243037744881029417420880897305642929037077494331,BUY,0.028,100.0,2.8000000000000003,0x708ad35b6df56c7047773c60071af8ab9384002e23133975112301d61fe10787,"{""proxyWallet"": ""0xca8f0374e3fc79b485499cc0b038d4f7e783d963"", ""side"": ""BUY"", ""asset"": ""8441400852834915183759801017793514978104486628517653995211751018945988243154"", ""conditionId"": ""0xcccb7e7613a087c132b69cbf3a02bece3fdcb824c1da54ae79acc8d4a562d902"", ""size"": 100, ""price"": 0.028, ""timestamp"": 1770991749, ""title"": ""GTA VI released before June 2026?"", ""slug"": ""gta-vi-released-before-june-2026"", ""icon"": ""https://polymarket-upload.s3.us-east-2.amazonaws.com/gta-vi-released-before-june-2026-igCgZsDMejF1.jpg"", ""eventSlug"": ""gta-vi-released-before-june-2026"", ""outcome"": ""Yes"", ""outcomeIndex"": 0, ""name"": ""ScottVan"", ""pseudonym"": ""Quirky-Jackfruit"", ""bio"": ""Xiao hong shu: Scott Van"", ""profileImage"": ""https://polymarket-upload.s3.us-east-2.amazonaws.com/pexels_mnannapaneni_28891953_0d0aab77-e6a2-4288-9554-65e8d94404dc_1734553189528.jpg"", ""profileImageOptimized"": """", ""transactionHash"": ""0x708ad35b6df56c7047773c60071af8ab9384002e23133975112301d61fe10787""}"
1770991749,2026-02-13T22:10:33.796318,0x69acd126579c62433f916726816308d882103b97aea45728996aaa41ca49aa4b:1770991749,572473,5031084282167950494806674428243037744881029417420880897305642929037077494331,BUY,0.56,5.0,2.8000000000000003,0x69acd126579c62433f916726816308d882103b97aea45728996aaa41ca49aa4b,"{""proxyWallet"": ""0x05c1882212a41aa8d7df5b70eebe03d9319345b7"", ""side"": ""BUY"", ""asset"": ""4178531277101930988692310013213248114472964389143173804873458721353665392131"", ""conditionId"": ""0xc25ee227bc4c49a871b1e0a50f13bf10006a43506349e60e5cd4d4936c6f9f5c"", ""size"": 5, ""price"": 0.56, ""timestamp"": 1770991749, ""title"": ""Bitcoin Up or Down - February 13, 9:00AM-9:15AM ET"", ""slug"": ""btc-updown-15m-1770991200"", ""icon"": ""https://polymarket-upload.s3.us-east-2.amazonaws.com/BTC+fullsize.png"", ""eventSlug"": ""btc-updown-15m-1770991200"", ""outcome"": ""Down"", ""outcomeIndex"": 1, ""name"": ""RedCaterpillar"", ""pseudonym"": ""Aged-Fax"", ""bio"": ""Slow and steady wins the race"", ""profileImage"": ""https://polymarket-upload.s3.us-east-2.amazonaws.com/profile-image-1497491-14517a8d-a18a-43e1-85e9-4df0d3c11194.jpg"", ""profileImageOptimized"": """", ""transactionHash"": ""0x69acd126579c62433f916726816308d882103b97aea45728996aaa41ca49aa4b""}"
1770991749,2026-02-13T22:10:33.796330,0xda99b84bfe20f5a9d1f30b82f13cf8f2b6455e3daac7907a1db49fe69c6ee80b:1770991749,572473,5031084282167950494806674428243037744881029417420880897305642929037077494331,BUY,0.97,1.0309,0.9999729999999999,0xda99b84bfe20f5a9d1f30b82f13cf8f2b6455e3daac7907a1db49fe69c6ee80b,"{""proxyWallet"": ""0x09bedfef4fd868bead9b42262910b2ea2231e7ed"", ""side"": ""BUY"", ""asset"": ""20904196882427612331862508075536093006671708163736587288824174756496606384067"", ""conditionId"": ""0xa5630e14504bf15e076e4a7d9cb3186939524c4307fa8907d91a6ab50ac2e616"", ""size"": 1.0309, ""price"": 0.97, ""timestamp"": 1770991749, ""title"": ""Bitcoin Up or Down - February 13, 9:05AM-9:10AM ET"", ""slug"": ""btc-updown-5m-1770991500"", ""icon"": ""https://polymarket-upload.s3.us-east-2.amazonaws.com/BTC+fullsize.png"", ""eventSlug"": ""btc-updown-5m-1770991500"", ""outcome"": ""Up"", ""outcomeIndex"": 0, ""name"": ""E972ysBzW"", ""pseudonym"": ""Wilted-Pharmacopoeia"", ""bio"": """", ""profileImage"": """", ""profileImageOptimized"": """", ""transactionHash"": ""0xda99b84bfe20f5a9d1f30b82f13cf8f2b6455e3daac7907a1db49fe69c6ee80b""}"
1770991749,2026-02-13T22:10:33.796342,0x720a78c9d6afad60dd1de6fe65fdfce20b9ac84056715119bdce4b473989001b:1770991749,572473,5031084282167950494806674428243037744881029417420880897305642929037077494331,BUY,0.56,8.0,4.48,0x720a78c9d6afad60dd1de6fe65fdfce20b9ac84056715119bdce4b473989001b,"{""proxyWallet"": ""0x8604bb54df5a5ea9168775057c25a999c49d222d"", ""side"": ""BUY"", ""asset"": ""4178531277101930988692310013213248114472964389143173804873458721353665392131"", ""conditionId"": ""0xc25ee227bc4c49a871b1e0a50f13bf10006a43506349e60e5cd4d4936c6f9f5c"", ""size"": 8, ""price"": 0.56, ""timestamp"": 1770991749, ""title"": ""Bitcoin Up or Down - February 13, 9:00AM-9:15AM ET"", ""slug"": ""btc-updown-15m-1770991200"", ""icon"": ""https://polymarket-upload.s3.us-east-2.amazonaws.com/BTC+fullsize.png"", ""eventSlug"": ""btc-updown-15m-1770991200"", ""outcome"": ""Down"", ""outcomeIndex"": 1, ""name"": ""anotherdream.ai"", ""pseudonym"": ""Major-Stimulation"", ""bio"": """", ""profileImage"": """", ""profileImageOptimized"": """", ""transactionHash"": ""0x720a78c9d6afad60dd1de6fe65fdfce20b9ac84056715119bdce4b473989001b""}"
1770991749,2026-02-13T22:10:33.796354,0xc38bc862eab57c4f53dacbb1652899cb2a8d8921dac4df6527d99cbc806b938d:1770991749,572473,5031084282167950494806674428243037744881029417420880897305642929037077494331,BUY,0.44,5.0,2.2,0xc38bc862eab57c4f53dacbb1652899cb2a8d8921dac4df6527d99cbc806b938d,"{""proxyWallet"": ""0x63ce342161250d705dc0b16df89036c8e5f9ba9a"", ""side"": ""BUY"", ""asset"": ""69403035397932509667051031905442359043677740034943388398868889632217519882110"", ""conditionId"": ""0xc25ee227bc4c49a871b1e0a50f13bf10006a43506349e60e5cd4d4936c6f9f5c"", ""size"": 5, ""price"": 0.44, ""timestamp"": 1770991749, ""title"": ""Bitcoin Up or Down - February 13, 9:00AM-9:15AM ET"", ""slug"": ""btc-updown-15m-1770991200"", ""icon"": ""https://polymarket-upload.s3.us-east-2.amazonaws.com/BTC+fullsize.png"", ""eventSlug"": ""btc-updown-15m-1770991200"", ""outcome"": ""Up"", ""outcomeIndex"": 0, ""name"": ""0x8dxd"", ""pseudonym"": ""Blushing-Fine"", ""bio"": """", ""profileImage"": """", ""profileImageOptimized"": """", ""transactionHash"": ""0xc38bc862eab57c4f53dacbb1652899cb2a8d8921dac4df6527d99cbc806b938d""}"
1770991749,2026-02-13T22:10:33.796365,0xacce8d3b56ba57263bd95b2bcd41dd90ab42c6688b2bc17c3c21614984dd6a02:1770991749,572473,5031084282167950494806674428243037744881029417420880897305642929037077494331,BUY,0.97,1.0309,0.9999729999999999,0xacce8d3b56ba57263bd95b2bcd41dd90ab42c6688b2bc17c3c21614984dd6a02,"{""proxyWallet"": ""0x0a6ab91a6a1205a57aca9c48ecc54ba9b2092e04"", ""side"": ""BUY"", ""asset"": ""20904196882427612331862508075536093006671708163736587288824174756496606384067"", ""conditionId"": ""0xa5630e14504bf15e076e4a7d9cb3186939524c4307fa8907d91a6ab50ac2e616"", ""size"": 1.0309, ""price"": 0.97, ""timestamp"": 1770991749, ""title"": ""Bitcoin Up or Down - February 13, 9:05AM-9:10AM ET"", ""slug"": ""btc-updown-5m-1770991500"", ""icon"": ""https://polymarket-upload.s3.us-east-2.amazonaws.com/BTC+fullsize.png"", ""eventSlug"": ""btc-updown-5m-1770991500"", ""outcome"": ""Up"", ""outcomeIndex"": 0, ""name"": ""0x0a6AB91A6A1205A57ACA9C48ecC54BA9B2092e04-1770850467216"", ""pseudonym"": ""Bowed-Experiment"", ""bio"": """", ""profileImage"": """", ""profileImageOptimized"": """", ""transactionHash"": ""0xacce8d3b56ba57263bd95b2bcd41dd90ab42c6688b2bc17c3c21614984dd6a02""}"
1770991749,2026-02-13T22:10:33.796377,0xdcfa9eed8ecce125925030a34c99f82e7bd74db35a46d4a4c80d0c63e9d11232:1770991749,572473,5031084282167950494806674428243037744881029417420880897305642929037077494331,BUY,0.36,26.0,9.36,0xdcfa9eed8ecce125925030a34c99f82e7bd74db35a46d4a4c80d0c63e9d11232,"{""proxyWallet"": ""0xecfce3118f6f085a96c7d1a8bee42af34cb9cd05"", ""side"": ""BUY"", ""asset"": ""103655849584199501440895695949169973136299339116609144383802149255196611904911"", ""conditionId"": ""0xa8e777ef1a66334ed9cc068a877c64693ad516a8318863406156a7284ff15cf7"", ""size"": 26, ""price"": 0.36, ""timestamp"": 1770991749, ""title"": ""T20 World Cup: Netherlands vs USA (Game 1)"", ""slug"": ""crint-nld-usa-2026-02-13"", ""icon"": ""https://polymarket-upload.s3.us-east-2.amazonaws.com/cricket-ball-a0b0bf2dc9.png"", ""eventSlug"": ""crint-nld-usa-2026-02-13"", ""outcome"": ""Netherlands"", ""outcomeIndex"": 0, ""name"": ""lionss"", ""pseudonym"": ""Dry-Wellbeing"", ""bio"": """", ""profileImage"": """", ""profileImageOptimized"": """", ""transactionHash"": ""0xdcfa9eed8ecce125925030a34c99f82e7bd74db35a46d4a4c80d0c63e9d11232""}"
1770991749,2026-02-13T22:10:33.796389,0x1387c17bfa89242ec948bd69f2ef0414124d7683ca53ff8af5a46292a42d6a5e:1770991749,572473,5031084282167950494806674428243037744881029417420880897305642929037077494331,BUY,0.58,5.0,2.9,0x1387c17bfa89242ec948bd69f2ef0414124d7683ca53ff8af5a46292a42d6a5e,"{""proxyWallet"": ""0x446cbdafb232ff905abbff433757a533c0adce3e"", ""side"": ""BUY"", ""asset"": ""4178531277101930988692310013213248114472964389143173804873458721353665392131"", ""conditionId"": ""0xc25ee227bc4c49a871b1e0a50f13bf10006a43506349e60e5cd4d4936c6f9f5c"", ""size"": 5, ""price"": 0.58, ""timestamp"": 1770991749, ""title"": ""Bitcoin Up or Down - February 13, 9:00AM-9:15AM ET"", ""slug"": ""btc-updown-15m-1770991200"", ""icon"": ""https://polymarket-upload.s3.us-east-2.amazonaws.com/BTC+fullsize.png"", ""eventSlug"": ""btc-updown-15m-1770991200"", ""outcome"": ""Down"", ""outcomeIndex"": 1, ""name"": ""desimeT"", ""pseudonym"": ""Profuse-Wasabi"", ""bio"": """", ""profileImage"": """", ""profileImageOptimized"": """", ""transactionHash"": ""0x1387c17bfa89242ec948bd69f2ef0414124d7683ca53ff8af5a46292a42d6a5e""}"
1770991749,2026-02-13T22:10:33.796402,0xd03e6c3996dfe4c2a76716b5ae4fc77b60a94e9d3b1dc417aea06114e3fe89b2:1770991749,572473,5031084282167950494806674428243037744881029417420880897305642929037077494331,BUY,0.36,50.0,18.0,0xd03e6c3996dfe4c2a76716b5ae4fc77b60a94e9d3b1dc417aea06114e3fe89b2,"{""proxyWallet"": ""0x21c24a79a0c2f07b2ed34e30d42dffa3d0b66749"", ""side"": ""BUY"", ""asset"": ""103655849584199501440895695949169973136299339116609144383802149255196611904911"", ""conditionId"": ""0xa8e777ef1a66334ed9cc068a877c64693ad516a8318863406156a7284ff15cf7"", ""size"": 50, ""price"": 0.36, ""timestamp"": 1770991749, ""title"": ""T20 World Cup: Netherlands vs USA (Game 1)"", ""slug"": ""crint-nld-usa-2026-02-13"", ""icon"": ""https://polymarket-upload.s3.us-east-2.amazonaws.com/cricket-ball-a0b0bf2dc9.png"", ""eventSlug"": ""crint-nld-usa-2026-02-13"", ""outcome"": ""Netherlands"", ""outcomeIndex"": 0, ""name"": ""ArbitrageFund"", ""pseudonym"": ""Utilized-Diving"", ""bio"": """", ""profileImage"": """", ""profileImageOptimized"": """", ""transactionHash"": ""0xd03e6c3996dfe4c2a76716b5ae4fc77b60a94e9d3b1dc417aea06114e3fe89b2""}"
1770991749,2026-02-13T22:10:33.796413,0xa1559d3378e9e051753c2ccb41f311c12b64f16abf673bdd4f3e71ff1964c7fb:1770991749,572473,5031084282167950494806674428243037744881029417420880897305642929037077494331,BUY,0.58,1.89655,1.099999,0xa1559d3378e9e051753c2ccb41f311c12b64f16abf673bdd4f3e71ff1964c7fb,"{""proxyWallet"": ""0x71d854219492ed5b7ca266dba99ed677d9cb3102"", ""side"": ""BUY"", ""asset"": ""4178531277101930988692310013213248114472964389143173804873458721353665392131"", ""conditionId"": ""0xc25ee227bc4c49a871b1e0a50f13bf10006a43506349e60e5cd4d4936c6f9f5c"", ""size"": 1.89655, ""price"": 0.58, ""timestamp"": 1770991749, ""title"": ""Bitcoin Up or Down - February 13, 9:00AM-9:15AM ET"", ""slug"": ""btc-updown-15m-1770991200"", ""icon"": ""https://polymarket-upload.s3.us-east-2.amazonaws.com/BTC+fullsize.png"", ""eventSlug"": ""btc-updown-15m-1770991200"", ""outcome"": ""Down"", ""outcomeIndex"": 1, ""name"": """", ""pseudonym"": """", ""bio"": """", ""profileImage"": """", ""profileImageOptimized"": """", ""transactionHash"": ""0xa1559d3378e9e051753c2ccb41f311c12b64f16abf673bdd4f3e71ff1964c7fb""}"
1770991749,2026-02-13T22:10:33.796425,0x6efb848d92fe26abb568650dead3ab0eb1a68342161226c22f73ef4dd146fe26:1770991749,572473,5031084282167950494806674428243037744881029417420880897305642929037077494331,BUY,0.51,11.0,5.61,0x6efb848d92fe26abb568650dead3ab0eb1a68342161226c22f73ef4dd146fe26,"{""proxyWallet"": ""0x23c88b8a147e9cda8a831be03b22c140e48d1497"", ""side"": ""BUY"", ""asset"": ""20727031830879331896600455964254764590981312476090584221991708992947149820838"", ""conditionId"": ""0x9ea143a51bd2eb64c70a108fb02539b688b494dee388efb5bc9907227bd4161a"", ""size"": 11, ""price"": 0.51, ""timestamp"": 1770991749, ""title"": ""Bitcoin Up or Down - February 13, 9:10AM-9:15AM ET"", ""slug"": ""btc-updown-5m-1770991800"", ""icon"": ""https://polymarket-upload.s3.us-east-2.amazonaws.com/BTC+fullsize.png"", ""eventSlug"": ""btc-updown-5m-1770991800"", ""outcome"": ""Up"", ""outcomeIndex"": 0, ""name"": ""imjustaclawdbot"", ""pseudonym"": ""Flawless-Coinsurance"", ""bio"": """", ""profileImage"": """", ""profileImageOptimized"": """", ""transactionHash"": ""0x6efb848d92fe26abb568650dead3ab0eb1a68342161226c22f73ef4dd146fe26""}"
1770991749,2026-02-13T22:10:33.796437,0xc80072a6b20d07c7b5bf374a87273661b7fa43df13e8d9c156c807d891d30d54:1770991749,572473,5031084282167950494806674428243037744881029417420880897305642929037077494331,BUY,0.89,7.02,6.2478,0xc80072a6b20d07c7b5bf374a87273661b7fa43df13e8d9c156c807d891d30d54,"{""proxyWallet"": ""0xce0720cd878dadecf9b6a7ef7a0e70e54f4e1e3a"", ""side"": ""BUY"", ""asset"": ""103924929148213339450168629019405689953188250690020471055161569308682684050404"", ""conditionId"": ""0xa5e0ef40d488545df56c9d30692efadb3e46cfe2c65ef6cdad5c82eff642bc7d"", ""size"": 7.02, ""price"": 0.89, ""timestamp"": 1770991749, ""title"": ""Ethereum Up or Down - February 13, 9:00AM-9:15AM ET"", ""slug"": ""eth-updown-15m-1770991200"", ""icon"": ""https://polymarket-upload.s3.us-east-2.amazonaws.com/ETH+fullsize.jpg"", ""eventSlug"": ""eth-updown-15m-1770991200"", ""outcome"": ""Down"", ""outcomeIndex"": 1, ""name"": ""1bot3stage"", ""pseudonym"": ""Ambitious-Bit"", ""bio"": """", ""profileImage"": """", ""profileImageOptimized"": """", ""transactionHash"": ""0xc80072a6b20d07c7b5bf374a87273661b7fa43df13e8d9c156c807d891d30d54""}"
1770991749,2026-02-13T22:10:33.796448,0xe5afb889d4da5d720ac7718a1f4097e41b15123cdfefa406141fbd2f53ecfe89:1770991749,572473,5031084282167950494806674428243037744881029417420880897305642929037077494331,BUY,0.97,5.701,5.52997,0xe5afb889d4da5d720ac7718a1f4097e41b15123cdfefa406141fbd2f53ecfe89,"{""proxyWallet"": ""0xebbb4af34071afc80e779a8a27f63a8abf874f15"", ""side"": ""BUY"", ""asset"": ""20904196882427612331862508075536093006671708163736587288824174756496606384067"", ""conditionId"": ""0xa5630e14504bf15e076e4a7d9cb3186939524c4307fa8907d91a6ab50ac2e616"", ""size"": 5.701, ""price"": 0.97, ""timestamp"": 1770991749, ""title"": ""Bitcoin Up or Down - February 13, 9:05AM-9:10AM ET"", ""slug"": ""btc-updown-5m-1770991500"", ""icon"": ""https://polymarket-upload.s3.us-east-2.amazonaws.com/BTC+fullsize.png"", ""eventSlug"": ""btc-updown-5m-1770991500"", ""outcome"": ""Up"", ""outcomeIndex"": 0, ""name"": ""0MdShoziba"", ""pseudonym"": ""Droopy-Length"", ""bio"": """", ""profileImage"": ""https://polymarket-upload.s3.us-east-2.amazonaws.com/profile-image-5764425-16abfa75-abe2-45f8-9ad4-a5d4eb86d727.jpg"", ""profileImageOptimized"": """", ""transactionHash"": ""0xe5afb889d4da5d720ac7718a1f4097e41b15123cdfefa406141fbd2f53ecfe89""}"
1770991749,2026-02-13T22:10:33.796460,0x6fe3b09cfd6bb46ce6db2321fecf56d29b0b1a1a8bc8018162cf484fc01887ec:1770991749,572473,5031084282167950494806674428243037744881029417420880897305642929037077494331,BUY,0.5799999933714283,54.310342,31.499998,0x6fe3b09cfd6bb46ce6db2321fecf56d29b0b1a1a8bc8018162cf484fc01887ec,"{""proxyWallet"": ""0xaf73d52a53993c5d8fa7fefdb2ed944540ae53ed"", ""side"": ""BUY"", ""asset"": ""4178531277101930988692310013213248114472964389143173804873458721353665392131"", ""conditionId"": ""0xc25ee227bc4c49a871b1e0a50f13bf10006a43506349e60e5cd4d4936c6f9f5c"", ""size"": 54.310342, ""price"": 0.5799999933714283, ""timestamp"": 1770991749, ""title"": ""Bitcoin Up or Down - February 13, 9:00AM-9:15AM ET"", ""slug"": ""btc-updown-15m-1770991200"", ""icon"": ""https://polymarket-upload.s3.us-east-2.amazonaws.com/BTC+fullsize.png"", ""eventSlug"": ""btc-updown-15m-1770991200"", ""outcome"": ""Down"", ""outcomeIndex"": 1, ""name"": ""0xAf73d52a53993C5d8Fa7FEFDB2Ed944540aE53eD-1770187274208"", ""pseudonym"": ""Buoyant-Veal"", ""bio"": """", ""profileImage"": """", ""profileImageOptimized"": """", ""transactionHash"": ""0x6fe3b09cfd6bb46ce6db2321fecf56d29b0b1a1a8bc8018162cf484fc01887ec""}"
1770991749,2026-02-13T22:10:33.796472,0x31607aa4c127bcfcbdeb1409a07e7e8974a8b0b26530c771d8499a82cde12040:1770991749,572473,5031084282167950494806674428243037744881029417420880897305642929037077494331,BUY,0.1,11.0,1.1,0x31607aa4c127bcfcbdeb1409a07e7e8974a8b0b26530c771d8499a82cde12040,"{""proxyWallet"": ""0x71d854219492ed5b7ca266dba99ed677d9cb3102"", ""side"": ""BUY"", ""asset"": ""63831009745660828050108006405862504371816166572207196652530982752903163361441"", ""conditionId"": ""0xb8494772912dee947a076235a84d2ec410495a7da3c08c3d7100175b6a80559f"", ""size"": 11, ""price"": 0.1, ""timestamp"": 1770991749, ""title"": ""Solana Up or Down - February 13, 9:00AM-9:15AM ET"", ""slug"": ""sol-updown-15m-1770991200"", ""icon"": ""https://polymarket-upload.s3.us-east-2.amazonaws.com/SOL+fullsize.png"", ""eventSlug"": ""sol-updown-15m-1770991200"", ""outcome"": ""Up"", ""outcomeIndex"": 0, ""name"": """", ""pseudonym"": """", ""bio"": """", ""profileImage"": """", ""profileImageOptimized"": """", ""transactionHash"": ""0x31607aa4c127bcfcbdeb1409a07e7e8974a8b0b26530c771d8499a82cde12040""}"
1770991749,2026-02-13T22:10:33.796483,0xd07186def196633a8ce0af1bab83abd33903a1275a02b3fbe55e666f77573f82:1770991749,572473,5031084282167950494806674428243037744881029417420880897305642929037077494331,SELL,0.57,5.03,2.8670999999999998,0xd07186def196633a8ce0af1bab83abd33903a1275a02b3fbe55e666f77573f82,"{""proxyWallet"": ""0x8fef85b4d7250fb098ed60ce8d9535cbd23513ce"", ""side"": ""SELL"", ""asset"": ""4178531277101930988692310013213248114472964389143173804873458721353665392131"", ""conditionId"": ""0xc25ee227bc4c49a871b1e0a50f13bf10006a43506349e60e5cd4d4936c6f9f5c"", ""size"": 5.03, ""price"": 0.57, ""timestamp"": 1770991749, ""title"": ""Bitcoin Up or Down - February 13, 9:00AM-9:15AM ET"", ""slug"": ""btc-updown-15m-1770991200"", ""icon"": ""https://polymarket-upload.s3.us-east-2.amazonaws.com/BTC+fullsize.png"", ""eventSlug"": ""btc-updown-15m-1770991200"", ""outcome"": ""Down"", ""outcomeIndex"": 1, ""name"": ""djnz"", ""pseudonym"": ""Prize-Balloon"", ""bio"": """", ""profileImage"": """", ""profileImageOptimized"": """", ""transactionHash"": ""0xd07186def196633a8ce0af1bab83abd33903a1275a02b3fbe55e666f77573f82""}"
1770991749,2026-02-13T22:10:33.796495,0xdb9ea180e9e69555d8b7bedac4694f0ad102a61f454ec3308e10acf1f4284283:1770991749,572473,5031084282167950494806674428243037744881029417420880897305642929037077494331,BUY,0.08,16.375,1.31,0xdb9ea180e9e69555d8b7bedac4694f0ad102a61f454ec3308e10acf1f4284283,"{""proxyWallet"": ""0xc05e8ed5969236c55e5f6175472bfa86d5170a24"", ""side"": ""BUY"", ""asset"": ""79841624193316436503830963481228096645205559351210988099820171971227633420616"", ""conditionId"": ""0xa5630e14504bf15e076e4a7d9cb3186939524c4307fa8907d91a6ab50ac2e616"", ""size"": 16.375, ""price"": 0.08, ""timestamp"": 1770991749, ""title"": ""Bitcoin Up or Down - February 13, 9:05AM-9:10AM ET"", ""slug"": ""btc-updown-5m-1770991500"", ""icon"": ""https://polymarket-upload.s3.us-east-2.amazonaws.com/BTC+fullsize.png"", ""eventSlug"": ""btc-updown-5m-1770991500"", ""outcome"": ""Down"", ""outcomeIndex"": 1, ""name"": ""bot3000"", ""pseudonym"": ""Warped-Mycoplasma"", ""bio"": """", ""profileImage"": """", ""profileImageOptimized"": """", ""transactionHash"": ""0xdb9ea180e9e69555d8b7bedac4694f0ad102a61f454ec3308e10acf1f4284283""}"
1770991749,2026-02-13T22:10:33.796506,0xc579ea52993bf121f400de3b27666e3c14fc3de6f44cb98accd27f7cb373ec15:1770991749,572473,5031084282167950494806674428243037744881029417420880897305642929037077494331,SELL,0.42,39.0,16.38,0xc579ea52993bf121f400de3b27666e3c14fc3de6f44cb98accd27f7cb373ec15,"{""proxyWallet"": ""0x16553755be0b1730ccdf90f09481f7f126a7c282"", ""side"": ""SELL"", ""asset"": ""69403035397932509667051031905442359043677740034943388398868889632217519882110"", ""conditionId"": ""0xc25ee227bc4c49a871b1e0a50f13bf10006a43506349e60e5cd4d4936c6f9f5c"", ""size"": 39, ""price"": 0.42, ""timestamp"": 1770991749, ""title"": ""Bitcoin Up or Down - February 13, 9:00AM-9:15AM ET"", ""slug"": ""btc-updown-15m-1770991200"", ""icon"": ""https://polymarket-upload.s3.us-east-2.amazonaws.com/BTC+fullsize.png"", ""eventSlug"": ""btc-updown-15m-1770991200"", ""outcome"": ""Up"", ""outcomeIndex"": 0, ""name"": ""vbsas"", ""pseudonym"": ""Defiant-Eyelids"", ""bio"": """", ""profileImage"": """", ""profileImageOptimized"": """", ""transactionHash"": ""0xc579ea52993bf121f400de3b27666e3c14fc3de6f44cb98accd27f7cb373ec15""}"
1770991749,2026-02-13T22:10:33.796517,0x326d768e9d683166759a50a83745b5b9e4413afa85d5bafa3a50426b2aaeb945:1770991749,572473,5031084282167950494806674428243037744881029417420880897305642929037077494331,BUY,0.97,1.0309,0.9999729999999999,0x326d768e9d683166759a50a83745b5b9e4413afa85d5bafa3a50426b2aaeb945,"{""proxyWallet"": ""0x2b421efebae04d9bf17dadd5788f6cf0ab420d8f"", ""side"": ""BUY"", ""asset"": ""20904196882427612331862508075536093006671708163736587288824174756496606384067"", ""conditionId"": ""0xa5630e14504bf15e076e4a7d9cb3186939524c4307fa8907d91a6ab50ac2e616"", ""size"": 1.0309, ""price"": 0.97, ""timestamp"": 1770991749, ""title"": ""Bitcoin Up or Down - February 13, 9:05AM-9:10AM ET"", ""slug"": ""btc-updown-5m-1770991500"", ""icon"": ""https://polymarket-upload.s3.us-east-2.amazonaws.com/BTC+fullsize.png"", ""eventSlug"": ""btc-updown-5m-1770991500"", ""outcome"": ""Up"", ""outcomeIndex"": 0, ""name"": ""SiJiaaHao"", ""pseudonym"": ""Next-Radiosonde"", ""bio"": """", ""profileImage"": """", ""profileImageOptimized"": """", ""transactionHash"": ""0x326d768e9d683166759a50a83745b5b9e4413afa85d5bafa3a50426b2aaeb945""}"
1770991749,2026-02-13T22:10:33.796528,0xf778623fb7f1300ef98e591d3f3212263711454fe9f71ba20735e31c608319ab:1770991749,572473,5031084282167950494806674428243037744881029417420880897305642929037077494331,BUY,0.97,1.134,1.09998,0xf778623fb7f1300ef98e591d3f3212263711454fe9f71ba20735e31c608319ab,"{""proxyWallet"": ""0x69cc4544e43ea1dba55a7213d69342c5e0090d7d"", ""side"": ""BUY"", ""asset"": ""20904196882427612331862508075536093006671708163736587288824174756496606384067"", ""conditionId"": ""0xa5630e14504bf15e076e4a7d9cb3186939524c4307fa8907d91a6ab50ac2e616"", ""size"": 1.134, ""price"": 0.97, ""timestamp"": 1770991749, ""title"": ""Bitcoin Up or Down - February 13, 9:05AM-9:10AM ET"", ""slug"": ""btc-updown-5m-1770991500"", ""icon"": ""https://polymarket-upload.s3.us-east-2.amazonaws.com/BTC+fullsize.png"", ""eventSlug"": ""btc-updown-5m-1770991500"", ""outcome"": ""Up"", ""outcomeIndex"": 0, ""name"": ""wa003"", ""pseudonym"": ""Ragged-Lunge"", ""bio"": """", ""profileImage"": """", ""profileImageOptimized"": """", ""transactionHash"": ""0xf778623fb7f1300ef98e591d3f3212263711454fe9f71ba20735e31c608319ab""}"
1770991749,2026-02-13T22:10:33.796539,0x7f2b1c855da79809a372e6d063baf8dee20a416bcfebf3805fa34320c68564ac:1770991749,572473,5031084282167950494806674428243037744881029417420880897305642929037077494331,BUY,0.43,5.0,2.15,0x7f2b1c855da79809a372e6d063baf8dee20a416bcfebf3805fa34320c68564ac,"{""proxyWallet"": ""0x3177b6fc028bef95c9c76ec8d0000129271b7b80"", ""side"": ""BUY"", ""asset"": ""69403035397932509667051031905442359043677740034943388398868889632217519882110"", ""conditionId"": ""0xc25ee227bc4c49a871b1e0a50f13bf10006a43506349e60e5cd4d4936c6f9f5c"", ""size"": 5, ""price"": 0.43, ""timestamp"": 1770991749, ""title"": ""Bitcoin Up or Down - February 13, 9:00AM-9:15AM ET"", ""slug"": ""btc-updown-15m-1770991200"", ""icon"": ""https://polymarket-upload.s3.us-east-2.amazonaws.com/BTC+fullsize.png"", ""eventSlug"": ""btc-updown-15m-1770991200"", ""outcome"": ""Up"", ""outcomeIndex"": 0, ""name"": ""trying-something"", ""pseudonym"": ""Wilted-Membership"", ""bio"": """", ""profileImage"": """", ""profileImageOptimized"": """", ""transactionHash"": ""0x7f2b1c855da79809a372e6d063baf8dee20a416bcfebf3805fa34320c68564ac""}"
1770991749,2026-02-13T22:10:33.796551,0x5c8d6a0af8bc829423574ac19b09aff104de182d18bbc76d965e54df4c43f563:1770991749,572473,5031084282167950494806674428243037744881029417420880897305642929037077494331,BUY,0.4299998279998968,2.32558,0.999999,0x5c8d6a0af8bc829423574ac19b09aff104de182d18bbc76d965e54df4c43f563,"{""proxyWallet"": ""0x3c17102565678fba964e0f0815d3de561e5a5642"", ""side"": ""BUY"", ""asset"": ""69403035397932509667051031905442359043677740034943388398868889632217519882110"", ""conditionId"": ""0xc25ee227bc4c49a871b1e0a50f13bf10006a43506349e60e5cd4d4936c6f9f5c"", ""size"": 2.32558, ""price"": 0.4299998279998968, ""timestamp"": 1770991749, ""title"": ""Bitcoin Up or Down - February 13, 9:00AM-9:15AM ET"", ""slug"": ""btc-updown-15m-1770991200"", ""icon"": ""https://polymarket-upload.s3.us-east-2.amazonaws.com/BTC+fullsize.png"", ""eventSlug"": ""btc-updown-15m-1770991200"", ""outcome"": ""Up"", ""outcomeIndex"": 0, ""name"": ""0x3C17102565678fBa964E0f0815d3De561e5A5642-1767543411956"", ""pseudonym"": ""Young-Gravitas"", ""bio"": """", ""profileImage"": """", ""profileImageOptimized"": """", ""transactionHash"": ""0x5c8d6a0af8bc829423574ac19b09aff104de182d18bbc76d965e54df4c43f563""}"
1770992115,2026-02-13T22:16:33.398164,0x5c24032eb5456feee3ccd0892c6d03fc4b57fa881ede8d310ccf919915da330f:1770992115,572473,5031084282167950494806674428243037744881029417420880897305642929037077494331,BUY,0.5499999559999947,9.090908,4.999999000000001,0x5c24032eb5456feee3ccd0892c6d03fc4b57fa881ede8d310ccf919915da330f,"{""proxyWallet"": ""0xa9e6a1ccb2a08630d1b0a0115f1261f2a121cede"", ""side"": ""BUY"", ""asset"": ""100245772516588573911551477182776376875898405428059299813479874518461736224912"", ""conditionId"": ""0x71c386d79e0f6163568c8045a4fa0f0ad6e7544441fcde73331ac50fc8bded0c"", ""size"": 9.090908, ""price"": 0.5499999559999947, ""timestamp"": 1770992115, ""title"": ""Solana Up or Down - February 13, 9:15AM-9:30AM ET"", ""slug"": ""sol-updown-15m-1770992100"", ""icon"": ""https://polymarket-upload.s3.us-east-2.amazonaws.com/SOL+fullsize.png"", ""eventSlug"": ""sol-updown-15m-1770992100"", ""outcome"": ""Up"", ""outcomeIndex"": 0, ""name"": """", ""pseudonym"": """", ""bio"": """", ""profileImage"": """", ""profileImageOptimized"": """", ""transactionHash"": ""0x5c24032eb5456feee3ccd0892c6d03fc4b57fa881ede8d310ccf919915da330f""}"
1770992115,2026-02-13T22:16:33.398227,0x712bb2229998561623ee03384dd0653af3325a77f99e6d78e33345495c0b86ce:1770992115,572473,5031084282167950494806674428243037744881029417420880897305642929037077494331,BUY,0.5399999654399953,9.259258,4.999999000000001,0x712bb2229998561623ee03384dd0653af3325a77f99e6d78e33345495c0b86ce,"{""proxyWallet"": ""0xdc92b303dab1637e987bd7a5959bfab2a3b1741b"", ""side"": ""BUY"", ""asset"": ""26994972425347435898442897109407523146459743206917823865905991587285356057190"", ""conditionId"": ""0x4489d71363e1894219fc1379130c93c763f4343e5851dfbee687e753ab823569"", ""size"": 9.259258, ""price"": 0.5399999654399953, ""timestamp"": 1770992115, ""title"": ""Bitcoin Up or Down - February 13, 9:15AM-9:30AM ET"", ""slug"": ""btc-updown-15m-1770992100"", ""icon"": ""https://polymarket-upload.s3.us-east-2.amazonaws.com/BTC+fullsize.png"", ""eventSlug"": ""btc-updown-15m-1770992100"", ""outcome"": ""Up"", ""outcomeIndex"": 0, ""name"": ""Rhydian555"", ""pseudonym"": ""Silent-Codepage"", ""bio"": """", ""profileImage"": ""https://polymarket-upload.s3.us-east-2.amazonaws.com/profile-image-5930900-b39759d1-07b4-47d7-abcf-704c600f84f3.jpg"", ""profileImageOptimized"": """", ""transactionHash"": ""0x712bb2229998561623ee03384dd0653af3325a77f99e6d78e33345495c0b86ce""}"
1770992115,2026-02-13T22:16:33.398254,0x832aed623e796528feff5ab89131b59cffd963113c064013b0d302e712b78554:1770992115,572473,5031084282167950494806674428243037744881029417420880897305642929037077494331,BUY,0.4540965740446419,2.42239,1.099999,0x832aed623e796528feff5ab89131b59cffd963113c064013b0d302e712b78554,"{""proxyWallet"": ""0xfb59c4a792375c44c0a599f0851671a21cd1cd74"", ""side"": ""BUY"", ""asset"": ""72387968654551110099588107508582841311469315396559355038205055214090021188414"", ""conditionId"": ""0x2218a943ba016f87b896bb777b2525eebdaab886523bc072cd9618f8d6d9b91e"", ""size"": 2.42239, ""price"": 0.4540965740446419, ""timestamp"": 1770992115, ""title"": ""Bitcoin Up or Down - February 13, 9:15AM-9:20AM ET"", ""slug"": ""btc-updown-5m-1770992100"", ""icon"": ""https://polymarket-upload.s3.us-east-2.amazonaws.com/BTC+fullsize.png"", ""eventSlug"": ""btc-updown-5m-1770992100"", ""outcome"": ""Down"", ""outcomeIndex"": 1, ""name"": """", ""pseudonym"": """", ""bio"": """", ""profileImage"": """", ""profileImageOptimized"": """", ""transactionHash"": ""0x832aed623e796528feff5ab89131b59cffd963113c064013b0d302e712b78554""}"
1770992115,2026-02-13T22:16:33.398276,0x6c0a1b01bac54810e1f32d2bfa8c6142a4710a25eb56e466f9de98da9fe75a2b:1770992115,572473,5031084282167950494806674428243037744881029417420880897305642929037077494331,BUY,0.5799999953599991,8.620688,4.999999,0x6c0a1b01bac54810e1f32d2bfa8c6142a4710a25eb56e466f9de98da9fe75a2b,"{""proxyWallet"": ""0xa9e6a1ccb2a08630d1b0a0115f1261f2a121cede"", ""side"": ""BUY"", ""asset"": ""90341658886988384498394393567391613571011061723370135932732073994821879670427"", ""conditionId"": ""0x2218a943ba016f87b896bb777b2525eebdaab886523bc072cd9618f8d6d9b91e"", ""size"": 8.620688, ""price"": 0.5799999953599991, ""timestamp"": 1770992115, ""title"": ""Bitcoin Up or Down - February 13, 9:15AM-9:20AM ET"", ""slug"": ""btc-updown-5m-1770992100"", ""icon"": ""https://polymarket-upload.s3.us-east-2.amazonaws.com/BTC+fullsize.png"", ""eventSlug"": ""btc-updown-5m-1770992100"", ""outcome"": ""Up"", ""outcomeIndex"": 0, ""name"": """", ""pseudonym"": """", ""bio"": """", ""profileImage"": """", ""profileImageOptimized"": """", ""transactionHash"": ""0x6c0a1b01bac54810e1f32d2bfa8c6142a4710a25eb56e466f9de98da9fe75a2b""}"
1770992115,2026-02-13T22:16:33.398296,0xeb27e2bbc7370e6230d4fe85128356179348a6bc2ee6cc016addf38be8ba4101:1770992115,572473,5031084282167950494806674428243037744881029417420880897305642929037077494331,BUY,0.5699999555399857,8.771927,4.999998000000001,0xeb27e2bbc7370e6230d4fe85128356179348a6bc2ee6cc016addf38be8ba4101,"{""proxyWallet"": ""0xc60ff2cab5190b0de68f078ca6da38bf71fe742d"", ""side"": ""BUY"", ""asset"": ""90341658886988384498394393567391613571011061723370135932732073994821879670427"", ""conditionId"": ""0x2218a943ba016f87b896bb777b2525eebdaab886523bc072cd9618f8d6d9b91e"", ""size"": 8.771927, ""price"": 0.5699999555399857, ""timestamp"": 1770992115, ""title"": ""Bitcoin Up or Down - February 13, 9:15AM-9:20AM ET"", ""slug"": ""btc-updown-5m-1770992100"", ""icon"": ""https://polymarket-upload.s3.us-east-2.amazonaws.com/BTC+fullsize.png"", ""eventSlug"": ""btc-updown-5m-1770992100"", ""outcome"": ""Up"", ""outcomeIndex"": 0, ""name"": """", ""pseudonym"": """", ""bio"": """", ""profileImage"": """", ""profileImageOptimized"": """", ""transactionHash"": ""0xeb27e2bbc7370e6230d4fe85128356179348a6bc2ee6cc016addf38be8ba4101""}"
1770992115,2026-02-13T22:16:33.398314,0x23acc241833b17bd793ec3add4e7251ff2bf392ee2e15043a0b83c01185e2470:1770992115,572473,5031084282167950494806674428243037744881029417420880897305642929037077494331,BUY,0.5759962488819913,173.61224,99.99999900000002,0x23acc241833b17bd793ec3add4e7251ff2bf392ee2e15043a0b83c01185e2470,"{""proxyWallet"": ""0xc49726104eb62159cdbe9ff067a4c59eb368f3f5"", ""side"": ""BUY"", ""asset"": ""90341658886988384498394393567391613571011061723370135932732073994821879670427"", ""conditionId"": ""0x2218a943ba016f87b896bb777b2525eebdaab886523bc072cd9618f8d6d9b91e"", ""size"": 173.61224, ""price"": 0.5759962488819913, ""timestamp"": 1770992115, ""title"": ""Bitcoin Up or Down - February 13, 9:15AM-9:20AM ET"", ""slug"": ""btc-updown-5m-1770992100"", ""icon"": ""https://polymarket-upload.s3.us-east-2.amazonaws.com/BTC+fullsize.png"", ""eventSlug"": ""btc-updown-5m-1770992100"", ""outcome"": ""Up"", ""outcomeIndex"": 0, ""name"": ""0xc49726104Eb62159cdbE9FF067a4C59eB368f3F5-1770627134151"", ""pseudonym"": ""Hungry-Exhaust"", ""bio"": """", ""profileImage"": """", ""profileImageOptimized"": """", ""transactionHash"": ""0x23acc241833b17bd793ec3add4e7251ff2bf392ee2e15043a0b83c01185e2470""}"
1770992115,2026-02-13T22:16:33.398336,0xf02b3c8ea9f8430a2a617b8f50095801374742ad32955a75944d6b039a1bf9b6:1770992115,572473,5031084282167950494806674428243037744881029417420880897305642929037077494331,BUY,0.57,10.0,5.699999999999999,0xf02b3c8ea9f8430a2a617b8f50095801374742ad32955a75944d6b039a1bf9b6,"{""proxyWallet"": ""0x049e10a637db0906631eb43e9b1b9c2b074e1151"", ""side"": ""BUY"", ""asset"": ""90341658886988384498394393567391613571011061723370135932732073994821879670427"", ""conditionId"": ""0x2218a943ba016f87b896bb777b2525eebdaab886523bc072cd9618f8d6d9b91e"", ""size"": 10, ""price"": 0.57, ""timestamp"": 1770992115, ""title"": ""Bitcoin Up or Down - February 13, 9:15AM-9:20AM ET"", ""slug"": ""btc-updown-5m-1770992100"", ""icon"": ""https://polymarket-upload.s3.us-east-2.amazonaws.com/BTC+fullsize.png"", ""eventSlug"": ""btc-updown-5m-1770992100"", ""outcome"": ""Up"", ""outcomeIndex"": 0, ""name"": """", ""pseudonym"": """", ""bio"": """", ""profileImage"": """", ""profileImageOptimized"": """", ""transactionHash"": ""0xf02b3c8ea9f8430a2a617b8f50095801374742ad32955a75944d6b039a1bf9b6""}"
1770992115,2026-02-13T22:16:33.398355,0x72b5ffaf46f757f91ffcdd60e66204c4bef1c47b11637e0636e62ba11ff9e639:1770992115,572473,5031084282167950494806674428243037744881029417420880897305642929037077494331,BUY,0.559999843199887,1.785713,0.999999,0x72b5ffaf46f757f91ffcdd60e66204c4bef1c47b11637e0636e62ba11ff9e639,"{""proxyWallet"": ""0x7cde319563f0a764cbe34e6646b90f819c17af85"", ""side"": ""BUY"", ""asset"": ""100245772516588573911551477182776376875898405428059299813479874518461736224912"", ""conditionId"": ""0x71c386d79e0f6163568c8045a4fa0f0ad6e7544441fcde73331ac50fc8bded0c"", ""size"": 1.785713, ""price"": 0.559999843199887, ""timestamp"": 1770992115, ""title"": ""Solana Up or Down - February 13, 9:15AM-9:30AM ET"", ""slug"": ""sol-updown-15m-1770992100"", ""icon"": ""https://polymarket-upload.s3.us-east-2.amazonaws.com/SOL+fullsize.png"", ""eventSlug"": ""sol-updown-15m-1770992100"", ""outcome"": ""Up"", ""outcomeIndex"": 0, ""name"": """", ""pseudonym"": """", ""bio"": """", ""profileImage"": """", ""profileImageOptimized"": """", ""transactionHash"": ""0x72b5ffaf46f757f91ffcdd60e66204c4bef1c47b11637e0636e62ba11ff9e639""}"
1770992115,2026-02-13T22:16:33.398372,0x5e5a362a29c6120492830896f187b9327a20e9fbc6e53e2fbce6275424d80daa:1770992115,572473,5031084282167950494806674428243037744881029417420880897305642929037077494331,BUY,0.5799998259997042,1.724135,0.999998,0x5e5a362a29c6120492830896f187b9327a20e9fbc6e53e2fbce6275424d80daa,"{""proxyWallet"": ""0x7cde319563f0a764cbe34e6646b90f819c17af85"", ""side"": ""BUY"", ""asset"": ""90341658886988384498394393567391613571011061723370135932732073994821879670427"", ""conditionId"": ""0x2218a943ba016f87b896bb777b2525eebdaab886523bc072cd9618f8d6d9b91e"", ""size"": 1.724135, ""price"": 0.5799998259997042, ""timestamp"": 1770992115, ""title"": ""Bitcoin Up or Down - February 13, 9:15AM-9:20AM ET"", ""slug"": ""btc-updown-5m-1770992100"", ""icon"": ""https://polymarket-upload.s3.us-east-2.amazonaws.com/BTC+fullsize.png"", ""eventSlug"": ""btc-updown-5m-1770992100"", ""outcome"": ""Up"", ""outcomeIndex"": 0, ""name"": """", ""pseudonym"": """", ""bio"": """", ""profileImage"": """", ""profileImageOptimized"": """", ""transactionHash"": ""0x5e5a362a29c6120492830896f187b9327a20e9fbc6e53e2fbce6275424d80daa""}"
1770992115,2026-02-13T22:16:33.398390,0x4ffc7ef60deba7e71fc1fa751e378fba60c19cfefb05576301e1e6d97e49d13a:1770992115,572473,5031084282167950494806674428243037744881029417420880897305642929037077494331,BUY,0.47,20.0,9.399999999999999,0x4ffc7ef60deba7e71fc1fa751e378fba60c19cfefb05576301e1e6d97e49d13a,"{""proxyWallet"": ""0x53738edacd0b04bc9706a1dad857c60d1339a7b6"", ""side"": ""BUY"", ""asset"": ""79977699093326922498273634549052678411362219648189898097966968380456514170585"", ""conditionId"": ""0x4489d71363e1894219fc1379130c93c763f4343e5851dfbee687e753ab823569"", ""size"": 20, ""price"": 0.47, ""timestamp"": 1770992115, ""title"": ""Bitcoin Up or Down - February 13, 9:15AM-9:30AM ET"", ""slug"": ""btc-updown-15m-1770992100"", ""icon"": ""https://polymarket-upload.s3.us-east-2.amazonaws.com/BTC+fullsize.png"", ""eventSlug"": ""btc-updown-15m-1770992100"", ""outcome"": ""Down"", ""outcomeIndex"": 1, ""name"": ""tcliu720"", ""pseudonym"": ""Handmade-Flavor"", ""bio"": """", ""profileImage"": """", ""profileImageOptimized"": """", ""transactionHash"": ""0x4ffc7ef60deba7e71fc1fa751e378fba60c19cfefb05576301e1e6d97e49d13a""}"
1770992115,2026-02-13T22:16:33.398408,0xb1093dc4f6427732aec74f461763d634276c0800ce4f7d3bf83f6e9a5929126b:1770992115,572473,5031084282167950494806674428243037744881029417420880897305642929037077494331,BUY,0.5699998783998638,2.631576,1.499998,0xb1093dc4f6427732aec74f461763d634276c0800ce4f7d3bf83f6e9a5929126b,"{""proxyWallet"": ""0x489f40e4d98efae7f660dc8212eff5bbe837e28b"", ""side"": ""BUY"", ""asset"": ""90341658886988384498394393567391613571011061723370135932732073994821879670427"", ""conditionId"": ""0x2218a943ba016f87b896bb777b2525eebdaab886523bc072cd9618f8d6d9b91e"", ""size"": 2.631576, ""price"": 0.5699998783998638, ""timestamp"": 1770992115, ""title"": ""Bitcoin Up or Down - February 13, 9:15AM-9:20AM ET"", ""slug"": ""btc-updown-5m-1770992100"", ""icon"": ""https://polymarket-upload.s3.us-east-2.amazonaws.com/BTC+fullsize.png"", ""eventSlug"": ""btc-updown-5m-1770992100"", ""outcome"": ""Up"", ""outcomeIndex"": 0, ""name"": """", ""pseudonym"": """", ""bio"": """", ""profileImage"": """", ""profileImageOptimized"": """", ""transactionHash"": ""0xb1093dc4f6427732aec74f461763d634276c0800ce4f7d3bf83f6e9a5929126b""}"
1770992115,2026-02-13T22:16:33.398426,0xa28266314d21a4c884d33e7fc44c3e9e0a38e5da716c7936adfa41453f8c72bc:1770992115,572473,5031084282167950494806674428243037744881029417420880897305642929037077494331,BUY,0.5699999901724054,2.035086,1.159999,0xa28266314d21a4c884d33e7fc44c3e9e0a38e5da716c7936adfa41453f8c72bc,"{""proxyWallet"": ""0x2db86ee61423ee2f7d95c02d7266ab05dc77eb45"", ""side"": ""BUY"", ""asset"": ""90341658886988384498394393567391613571011061723370135932732073994821879670427"", ""conditionId"": ""0x2218a943ba016f87b896bb777b2525eebdaab886523bc072cd9618f8d6d9b91e"", ""size"": 2.035086, ""price"": 0.5699999901724054, ""timestamp"": 1770992115, ""title"": ""Bitcoin Up or Down - February 13, 9:15AM-9:20AM ET"", ""slug"": ""btc-updown-5m-1770992100"", ""icon"": ""https://polymarket-upload.s3.us-east-2.amazonaws.com/BTC+fullsize.png"", ""eventSlug"": ""btc-updown-5m-1770992100"", ""outcome"": ""Up"", ""outcomeIndex"": 0, ""name"": """", ""pseudonym"": """", ""bio"": """", ""profileImage"": """", ""profileImageOptimized"": """", ""transactionHash"": ""0xa28266314d21a4c884d33e7fc44c3e9e0a38e5da716c7936adfa41453f8c72bc""}"
1770992115,2026-02-13T22:16:33.398443,0x148f7ca7c773a25fdf0bd8cbc94b2e51a91f305060743e8ff7143df50f70387f:1770992115,572473,5031084282167950494806674428243037744881029417420880897305642929037077494331,BUY,0.55,6.0,3.3000000000000003,0x148f7ca7c773a25fdf0bd8cbc94b2e51a91f305060743e8ff7143df50f70387f,"{""proxyWallet"": ""0xdf684e590fee33a0cd64e0be24c00971f9a64158"", ""side"": ""BUY"", ""asset"": ""2844181740250277267185676628544795343619398422178996052107086417055587681337"", ""conditionId"": ""0x62e16747c11d83e4979ac118cddda13c972f7e83b98400734ad9126a71fa09b1"", ""size"": 6, ""price"": 0.55, ""timestamp"": 1770992115, ""title"": ""XRP Up or Down - February 13, 9:15AM-9:30AM ET"", ""slug"": ""xrp-updown-15m-1770992100"", ""icon"": ""https://polymarket-upload.s3.us-east-2.amazonaws.com/XRP-logo.png"", ""eventSlug"": ""xrp-updown-15m-1770992100"", ""outcome"": ""Up"", ""outcomeIndex"": 0, ""name"": ""H0RNET"", ""pseudonym"": ""Grubby-Economy"", ""bio"": """", ""profileImage"": """", ""profileImageOptimized"": """", ""transactionHash"": ""0x148f7ca7c773a25fdf0bd8cbc94b2e51a91f305060743e8ff7143df50f70387f""}"
1770992115,2026-02-13T22:16:33.398470,0xa75c5dfa49028aa5d5c63b9ac3edef86b66468d0641d6601b2029216047be6f8:1770992115,572473,5031084282167950494806674428243037744881029417420880897305642929037077494331,BUY,0.4493528475233068,21.942665,9.859999000000002,0xa75c5dfa49028aa5d5c63b9ac3edef86b66468d0641d6601b2029216047be6f8,"{""proxyWallet"": ""0x37c94ea1b44e01b18a1ce3ab6f8002bd6b9d7e6d"", ""side"": ""BUY"", ""asset"": ""72387968654551110099588107508582841311469315396559355038205055214090021188414"", ""conditionId"": ""0x2218a943ba016f87b896bb777b2525eebdaab886523bc072cd9618f8d6d9b91e"", ""size"": 21.942665, ""price"": 0.4493528475233068, ""timestamp"": 1770992115, ""title"": ""Bitcoin Up or Down - February 13, 9:15AM-9:20AM ET"", ""slug"": ""btc-updown-5m-1770992100"", ""icon"": ""https://polymarket-upload.s3.us-east-2.amazonaws.com/BTC+fullsize.png"", ""eventSlug"": ""btc-updown-5m-1770992100"", ""outcome"": ""Down"", ""outcomeIndex"": 1, ""name"": ""abrak25"", ""pseudonym"": ""Poised-Twist"", ""bio"": """", ""profileImage"": """", ""profileImageOptimized"": """", ""transactionHash"": ""0xa75c5dfa49028aa5d5c63b9ac3edef86b66468d0641d6601b2029216047be6f8""}"
1770992115,2026-02-13T22:16:33.398489,0x75c0385ffa8b2072302f32eb177b340a24d858569ee5b391d836224d45c3fd08:1770992115,572473,5031084282167950494806674428243037744881029417420880897305642929037077494331,BUY,0.5499999816666551,2.727271,1.499999,0x75c0385ffa8b2072302f32eb177b340a24d858569ee5b391d836224d45c3fd08,"{""proxyWallet"": ""0x489f40e4d98efae7f660dc8212eff5bbe837e28b"", ""side"": ""BUY"", ""asset"": ""100245772516588573911551477182776376875898405428059299813479874518461736224912"", ""conditionId"": ""0x71c386d79e0f6163568c8045a4fa0f0ad6e7544441fcde73331ac50fc8bded0c"", ""size"": 2.727271, ""price"": 0.5499999816666551, ""timestamp"": 1770992115, ""title"": ""Solana Up or Down - February 13, 9:15AM-9:30AM ET"", ""slug"": ""sol-updown-15m-1770992100"", ""icon"": ""https://polymarket-upload.s3.us-east-2.amazonaws.com/SOL+fullsize.png"", ""eventSlug"": ""sol-updown-15m-1770992100"", ""outcome"": ""Up"", ""outcomeIndex"": 0, ""name"": """", ""pseudonym"": """", ""bio"": """", ""profileImage"": """", ""profileImageOptimized"": """", ""transactionHash"": ""0x75c0385ffa8b2072302f32eb177b340a24d858569ee5b391d836224d45c3fd08""}"
1770992115,2026-02-13T22:16:33.398507,0xa4a35ee1e8bc863813e5cd5d3083eeb405ce700f0f533a5310287271db712ebf:1770992115,572473,5031084282167950494806674428243037744881029417420880897305642929037077494331,BUY,0.5699999146938323,2.578946,1.469999,0xa4a35ee1e8bc863813e5cd5d3083eeb405ce700f0f533a5310287271db712ebf,"{""proxyWallet"": ""0x7bdca6beb310e48dd39b116c52ed10fc67756c16"", ""side"": ""BUY"", ""asset"": ""83150136706607856437592839018509517486662837687160757125224186815974350988674"", ""conditionId"": ""0xd8a9e4b88229579dcf1c9fda7a5fef2dfe45af732686fb5cbe5976f1c3a19ff6"", ""size"": 2.578946, ""price"": 0.5699999146938323, ""timestamp"": 1770992115, ""title"": ""Ethereum Up or Down - February 13, 9:15AM-9:30AM ET"", ""slug"": ""eth-updown-15m-1770992100"", ""icon"": ""https://polymarket-upload.s3.us-east-2.amazonaws.com/ETH+fullsize.jpg"", ""eventSlug"": ""eth-updown-15m-1770992100"", ""outcome"": ""Up"", ""outcomeIndex"": 0, ""name"": """", ""pseudonym"": """", ""bio"": """", ""profileImage"": """", ""profileImageOptimized"": """", ""transactionHash"": ""0xa4a35ee1e8bc863813e5cd5d3083eeb405ce700f0f533a5310287271db712ebf""}"
1770992115,2026-02-13T22:16:33.398524,0x423b2f13cf34e8233746b5c777a1e4b78b83938ceaf195132e994f741fcc78c1:1770992115,572473,5031084282167950494806674428243037744881029417420880897305642929037077494331,BUY,0.43,8.77,3.7710999999999997,0x423b2f13cf34e8233746b5c777a1e4b78b83938ceaf195132e994f741fcc78c1,"{""proxyWallet"": ""0x5924ca480d8b08cd5f3e5811fa378c4082475af6"", ""side"": ""BUY"", ""asset"": ""72387968654551110099588107508582841311469315396559355038205055214090021188414"", ""conditionId"": ""0x2218a943ba016f87b896bb777b2525eebdaab886523bc072cd9618f8d6d9b91e"", ""size"": 8.77, ""price"": 0.43, ""timestamp"": 1770992115, ""title"": ""Bitcoin Up or Down - February 13, 9:15AM-9:20AM ET"", ""slug"": ""btc-updown-5m-1770992100"", ""icon"": ""https://polymarket-upload.s3.us-east-2.amazonaws.com/BTC+fullsize.png"", ""eventSlug"": ""btc-updown-5m-1770992100"", ""outcome"": ""Down"", ""outcomeIndex"": 1, ""name"": ""late-to-tomorrow"", ""pseudonym"": ""Overlooked-Wool"", ""bio"": """", ""profileImage"": """", ""profileImageOptimized"": """", ""transactionHash"": ""0x423b2f13cf34e8233746b5c777a1e4b78b83938ceaf195132e994f741fcc78c1""}"
1770992115,2026-02-13T22:16:33.398542,0xaafc21fbdf6a421a4cea9a0133573eb32f860b2553f5f309a3d4453e27f92efd:1770992115,572473,5031084282167950494806674428243037744881029417420880897305642929037077494331,BUY,0.5699999334999635,5.263155,2.9999980000000006,0xaafc21fbdf6a421a4cea9a0133573eb32f860b2553f5f309a3d4453e27f92efd,"{""proxyWallet"": ""0x051d585a9de6e925374ca287c11a1ab4169c963e"", ""side"": ""BUY"", ""asset"": ""83150136706607856437592839018509517486662837687160757125224186815974350988674"", ""conditionId"": ""0xd8a9e4b88229579dcf1c9fda7a5fef2dfe45af732686fb5cbe5976f1c3a19ff6"", ""size"": 5.263155, ""price"": 0.5699999334999635, ""timestamp"": 1770992115, ""title"": ""Ethereum Up or Down - February 13, 9:15AM-9:30AM ET"", ""slug"": ""eth-updown-15m-1770992100"", ""icon"": ""https://polymarket-upload.s3.us-east-2.amazonaws.com/ETH+fullsize.jpg"", ""eventSlug"": ""eth-updown-15m-1770992100"", ""outcome"": ""Up"", ""outcomeIndex"": 0, ""name"": ""bestofcryptos1"", ""pseudonym"": ""Unsung-Resist"", ""bio"": """", ""profileImage"": """", ""profileImageOptimized"": """", ""transactionHash"": ""0xaafc21fbdf6a421a4cea9a0133573eb32f860b2553f5f309a3d4453e27f92efd""}"
1770992115,2026-02-13T22:16:33.398559,0xca9cc4b1bf2679c42646adf342e97779752d2a10310fa692f32d208d1a86ef45:1770992115,572473,5031084282167950494806674428243037744881029417420880897305642929037077494331,BUY,0.5699998166084357,2.017541,1.1499979999999999,0xca9cc4b1bf2679c42646adf342e97779752d2a10310fa692f32d208d1a86ef45,"{""proxyWallet"": ""0x0f3e225b423ac0a2b193d64bfb82c8829d65ab8b"", ""side"": ""BUY"", ""asset"": ""83150136706607856437592839018509517486662837687160757125224186815974350988674"", ""conditionId"": ""0xd8a9e4b88229579dcf1c9fda7a5fef2dfe45af732686fb5cbe5976f1c3a19ff6"", ""size"": 2.017541, ""price"": 0.5699998166084357, ""timestamp"": 1770992115, ""title"": ""Ethereum Up or Down - February 13, 9:15AM-9:30AM ET"", ""slug"": ""eth-updown-15m-1770992100"", ""icon"": ""https://polymarket-upload.s3.us-east-2.amazonaws.com/ETH+fullsize.jpg"", ""eventSlug"": ""eth-updown-15m-1770992100"", ""outcome"": ""Up"", ""outcomeIndex"": 0, ""name"": """", ""pseudonym"": """", ""bio"": """", ""profileImage"": """", ""profileImageOptimized"": """", ""transactionHash"": ""0xca9cc4b1bf2679c42646adf342e97779752d2a10310fa692f32d208d1a86ef45""}"
1770992115,2026-02-13T22:16:33.398575,0x13eed00bf180408711e198d83e32a7579a6f4794d80b209157553662ed07aa7d:1770992115,572473,5031084282167950494806674428243037744881029417420880897305642929037077494331,BUY,0.5399999654399953,9.259258,4.999999000000001,0x13eed00bf180408711e198d83e32a7579a6f4794d80b209157553662ed07aa7d,"{""proxyWallet"": ""0xc60ff2cab5190b0de68f078ca6da38bf71fe742d"", ""side"": ""BUY"", ""asset"": ""26994972425347435898442897109407523146459743206917823865905991587285356057190"", ""conditionId"": ""0x4489d71363e1894219fc1379130c93c763f4343e5851dfbee687e753ab823569"", ""size"": 9.259258, ""price"": 0.5399999654399953, ""timestamp"": 1770992115, ""title"": ""Bitcoin Up or Down - February 13, 9:15AM-9:30AM ET"", ""slug"": ""btc-updown-15m-1770992100"", ""icon"": ""https://polymarket-upload.s3.us-east-2.amazonaws.com/BTC+fullsize.png"", ""eventSlug"": ""btc-updown-15m-1770992100"", ""outcome"": ""Up"", ""outcomeIndex"": 0, ""name"": """", ""pseudonym"": """", ""bio"": """", ""profileImage"": """", ""profileImageOptimized"": """", ""transactionHash"": ""0x13eed00bf180408711e198d83e32a7579a6f4794d80b209157553662ed07aa7d""}"
1770992115,2026-02-13T22:16:33.398592,0xef80ae62d03045ede90968801ebae7fe3275ddd2a752750d6b7db9010fb167e5:1770992115,572473,5031084282167950494806674428243037744881029417420880897305642929037077494331,BUY,0.5699999555399857,8.771927,4.999998000000001,0xef80ae62d03045ede90968801ebae7fe3275ddd2a752750d6b7db9010fb167e5,"{""proxyWallet"": ""0xc60ff2cab5190b0de68f078ca6da38bf71fe742d"", ""side"": ""BUY"", ""asset"": ""83150136706607856437592839018509517486662837687160757125224186815974350988674"", ""conditionId"": ""0xd8a9e4b88229579dcf1c9fda7a5fef2dfe45af732686fb5cbe5976f1c3a19ff6"", ""size"": 8.771927, ""price"": 0.5699999555399857, ""timestamp"": 1770992115, ""title"": ""Ethereum Up or Down - February 13, 9:15AM-9:30AM ET"", ""slug"": ""eth-updown-15m-1770992100"", ""icon"": ""https://polymarket-upload.s3.us-east-2.amazonaws.com/ETH+fullsize.jpg"", ""eventSlug"": ""eth-updown-15m-1770992100"", ""outcome"": ""Up"", ""outcomeIndex"": 0, ""name"": """", ""pseudonym"": """", ""bio"": """", ""profileImage"": """", ""profileImageOptimized"": """", ""transactionHash"": ""0xef80ae62d03045ede90968801ebae7fe3275ddd2a752750d6b7db9010fb167e5""}"
1770992115,2026-02-13T22:16:33.398608,0x701c6507a28512780cd25a3f40b7bb2bb5e55400e83f1ab9b74553572d1b466f:1770992115,572473,5031084282167950494806674428243037744881029417420880897305642929037077494331,BUY,0.46923809230838975,20.999998,9.853999000000002,0x701c6507a28512780cd25a3f40b7bb2bb5e55400e83f1ab9b74553572d1b466f,"{""proxyWallet"": ""0x8e2499cbca443047fb238643acec46aac0f57ca1"", ""side"": ""BUY"", ""asset"": ""79977699093326922498273634549052678411362219648189898097966968380456514170585"", ""conditionId"": ""0x4489d71363e1894219fc1379130c93c763f4343e5851dfbee687e753ab823569"", ""size"": 20.999998, ""price"": 0.46923809230838975, ""timestamp"": 1770992115, ""title"": ""Bitcoin Up or Down - February 13, 9:15AM-9:30AM ET"", ""slug"": ""btc-updown-15m-1770992100"", ""icon"": ""https://polymarket-upload.s3.us-east-2.amazonaws.com/BTC+fullsize.png"", ""eventSlug"": ""btc-updown-15m-1770992100"", ""outcome"": ""Down"", ""outcomeIndex"": 1, ""name"": ""0x8e2499cbca443047fB238643ACec46AaC0F57ca1-1770976277842"", ""pseudonym"": ""Chubby-Selling"", ""bio"": """", ""profileImage"": """", ""profileImageOptimized"": """", ""transactionHash"": ""0x701c6507a28512780cd25a3f40b7bb2bb5e55400e83f1ab9b74553572d1b466f""}"
1770992115,2026-02-13T22:16:33.398626,0x094a156fc5853887a0b5f5ffdb301ecc8996483cf37974892779ab4434413f7c:1770992115,572473,5031084282167950494806674428243037744881029417420880897305642929037077494331,BUY,0.5399999654399953,9.259258,4.999999000000001,0x094a156fc5853887a0b5f5ffdb301ecc8996483cf37974892779ab4434413f7c,"{""proxyWallet"": ""0xdc92b303dab1637e987bd7a5959bfab2a3b1741b"", ""side"": ""BUY"", ""asset"": ""26994972425347435898442897109407523146459743206917823865905991587285356057190"", ""conditionId"": ""0x4489d71363e1894219fc1379130c93c763f4343e5851dfbee687e753ab823569"", ""size"": 9.259258, ""price"": 0.5399999654399953, ""timestamp"": 1770992115, ""title"": ""Bitcoin Up or Down - February 13, 9:15AM-9:30AM ET"", ""slug"": ""btc-updown-15m-1770992100"", ""icon"": ""https://polymarket-upload.s3.us-east-2.amazonaws.com/BTC+fullsize.png"", ""eventSlug"": ""btc-updown-15m-1770992100"", ""outcome"": ""Up"", ""outcomeIndex"": 0, ""name"": ""Rhydian555"", ""pseudonym"": ""Silent-Codepage"", ""bio"": """", ""profileImage"": ""https://polymarket-upload.s3.us-east-2.amazonaws.com/profile-image-5930900-b39759d1-07b4-47d7-abcf-704c600f84f3.jpg"", ""profileImageOptimized"": """", ""transactionHash"": ""0x094a156fc5853887a0b5f5ffdb301ecc8996483cf37974892779ab4434413f7c""}"
1770992115,2026-02-13T22:16:33.398645,0x8588ebcdfad800d1102aa92cf1a4c8e9b051360a607649d57cd6dbb3d24d1f13:1770992115,572473,5031084282167950494806674428243037744881029417420880897305642929037077494331,BUY,0.5399998990653451,1.98148,1.069999,0x8588ebcdfad800d1102aa92cf1a4c8e9b051360a607649d57cd6dbb3d24d1f13,"{""proxyWallet"": ""0xee7a748f6b2e64117cce939cf1f069ac2be99086"", ""side"": ""BUY"", ""asset"": ""26994972425347435898442897109407523146459743206917823865905991587285356057190"", ""conditionId"": ""0x4489d71363e1894219fc1379130c93c763f4343e5851dfbee687e753ab823569"", ""size"": 1.98148, ""price"": 0.5399998990653451, ""timestamp"": 1770992115, ""title"": ""Bitcoin Up or Down - February 13, 9:15AM-9:30AM ET"", ""slug"": ""btc-updown-15m-1770992100"", ""icon"": ""https://polymarket-upload.s3.us-east-2.amazonaws.com/BTC+fullsize.png"", ""eventSlug"": ""btc-updown-15m-1770992100"", ""outcome"": ""Up"", ""outcomeIndex"": 0, ""name"": """", ""pseudonym"": """", ""bio"": """", ""profileImage"": """", ""profileImageOptimized"": """", ""transactionHash"": ""0x8588ebcdfad800d1102aa92cf1a4c8e9b051360a607649d57cd6dbb3d24d1f13""}"
1770992115,2026-02-13T22:16:33.398661,0xe61a6f6f9c3d505c89687758181974bd65bc244b63f714330e2392442e795513:1770992115,572473,5031084282167950494806674428243037744881029417420880897305642929037077494331,BUY,0.569999971086937,2.421051,1.3799989999999998,0xe61a6f6f9c3d505c89687758181974bd65bc244b63f714330e2392442e795513,"{""proxyWallet"": ""0x55fda5be182e61128d6a61d4ed529e381d0455d7"", ""side"": ""BUY"", ""asset"": ""83150136706607856437592839018509517486662837687160757125224186815974350988674"", ""conditionId"": ""0xd8a9e4b88229579dcf1c9fda7a5fef2dfe45af732686fb5cbe5976f1c3a19ff6"", ""size"": 2.421051, ""price"": 0.569999971086937, ""timestamp"": 1770992115, ""title"": ""Ethereum Up or Down - February 13, 9:15AM-9:30AM ET"", ""slug"": ""eth-updown-15m-1770992100"", ""icon"": ""https://polymarket-upload.s3.us-east-2.amazonaws.com/ETH+fullsize.jpg"", ""eventSlug"": ""eth-updown-15m-1770992100"", ""outcome"": ""Up"", ""outcomeIndex"": 0, ""name"": """", ""pseudonym"": """", ""bio"": """", ""profileImage"": """", ""profileImageOptimized"": """", ""transactionHash"": ""0xe61a6f6f9c3d505c89687758181974bd65bc244b63f714330e2392442e795513""}"
1770992115,2026-02-13T22:16:33.398678,0x089175a9ffc5c399aef3e44b7c337a288ded828d4f170754972393e1355b94db:1770992115,572473,5031084282167950494806674428243037744881029417420880897305642929037077494331,BUY,0.5699999555399857,8.771927,4.999998000000001,0x089175a9ffc5c399aef3e44b7c337a288ded828d4f170754972393e1355b94db,"{""proxyWallet"": ""0xdaf3b56ccd31efab3820800104e6589720a1774e"", ""side"": ""BUY"", ""asset"": ""83150136706607856437592839018509517486662837687160757125224186815974350988674"", ""conditionId"": ""0xd8a9e4b88229579dcf1c9fda7a5fef2dfe45af732686fb5cbe5976f1c3a19ff6"", ""size"": 8.771927, ""price"": 0.5699999555399857, ""timestamp"": 1770992115, ""title"": ""Ethereum Up or Down - February 13, 9:15AM-9:30AM ET"", ""slug"": ""eth-updown-15m-1770992100"", ""icon"": ""https://polymarket-upload.s3.us-east-2.amazonaws.com/ETH+fullsize.jpg"", ""eventSlug"": ""eth-updown-15m-1770992100"", ""outcome"": ""Up"", ""outcomeIndex"": 0, ""name"": """", ""pseudonym"": """", ""bio"": """", ""profileImage"": """", ""profileImageOptimized"": """", ""transactionHash"": ""0x089175a9ffc5c399aef3e44b7c337a288ded828d4f170754972393e1355b94db""}"
1770992115,2026-02-13T22:16:33.398694,0x10f2fdc924d1c68caaf14eed3e5c9b1918f0b224578973fc7ec188fec1963f6d:1770992115,572473,5031084282167950494806674428243037744881029417420880897305642929037077494331,BUY,0.56,5.0,2.8000000000000003,0x10f2fdc924d1c68caaf14eed3e5c9b1918f0b224578973fc7ec188fec1963f6d,"{""proxyWallet"": ""0x3177b6fc028bef95c9c76ec8d0000129271b7b80"", ""side"": ""BUY"", ""asset"": ""90341658886988384498394393567391613571011061723370135932732073994821879670427"", ""conditionId"": ""0x2218a943ba016f87b896bb777b2525eebdaab886523bc072cd9618f8d6d9b91e"", ""size"": 5, ""price"": 0.56, ""timestamp"": 1770992115, ""title"": ""Bitcoin Up or Down - February 13, 9:15AM-9:20AM ET"", ""slug"": ""btc-updown-5m-1770992100"", ""icon"": ""https://polymarket-upload.s3.us-east-2.amazonaws.com/BTC+fullsize.png"", ""eventSlug"": ""btc-updown-5m-1770992100"", ""outcome"": ""Up"", ""outcomeIndex"": 0, ""name"": ""trying-something"", ""pseudonym"": ""Wilted-Membership"", ""bio"": """", ""profileImage"": """", ""profileImageOptimized"": """", ""transactionHash"": ""0x10f2fdc924d1c68caaf14eed3e5c9b1918f0b224578973fc7ec188fec1963f6d""}"
1770992115,2026-02-13T22:16:33.398711,0xa8a7742ed130f3cfc5e4f533b13300efceec27b27f8233e865f431a54aa505b4:1770992115,572473,5031084282167950494806674428243037744881029417420880897305642929037077494331,BUY,0.39,10.0,3.9000000000000004,0xa8a7742ed130f3cfc5e4f533b13300efceec27b27f8233e865f431a54aa505b4,"{""proxyWallet"": ""0x972bf37cae72a169e17ae0e6179821d5778b78ba"", ""side"": ""BUY"", ""asset"": ""98173191500620236951859354246914938538044908363276450575372758382333457622764"", ""conditionId"": ""0x40a3f1ff00c0b7e68b7efee0041711e766db231f5b8d9834742c4fc13e4948f7"", ""size"": 10, ""price"": 0.39, ""timestamp"": 1770992115, ""title"": ""Dubai Duty Free Tennis Championships, Qualification: Elisabetta Cocciaretto vs Donna Vekic"", ""slug"": ""wta-cocciar-vekic-2026-02-13"", ""icon"": ""https://polymarket-upload.s3.us-east-2.amazonaws.com/wta-logo-41f331bdf1.png"", ""eventSlug"": ""wta-cocciar-vekic-2026-02-13"", ""outcome"": ""Cocciaretto"", ""outcomeIndex"": 0, ""name"": ""Kahnemaniac"", ""pseudonym"": ""Classic-Potato"", ""bio"": """", ""profileImage"": """", ""profileImageOptimized"": """", ""transactionHash"": ""0xa8a7742ed130f3cfc5e4f533b13300efceec27b27f8233e865f431a54aa505b4""}"
1770992115,2026-02-13T22:16:33.398728,0x29441d00a7ef02f111d6261a5ef41e69ba9845d3541f2783424d062fd62cee7a:1770992115,572473,5031084282167950494806674428243037744881029417420880897305642929037077494331,BUY,0.5799999953599991,8.620688,4.999999,0x29441d00a7ef02f111d6261a5ef41e69ba9845d3541f2783424d062fd62cee7a,"{""proxyWallet"": ""0xa9e6a1ccb2a08630d1b0a0115f1261f2a121cede"", ""side"": ""BUY"", ""asset"": ""90341658886988384498394393567391613571011061723370135932732073994821879670427"", ""conditionId"": ""0x2218a943ba016f87b896bb777b2525eebdaab886523bc072cd9618f8d6d9b91e"", ""size"": 8.620688, ""price"": 0.5799999953599991, ""timestamp"": 1770992115, ""title"": ""Bitcoin Up or Down - February 13, 9:15AM-9:20AM ET"", ""slug"": ""btc-updown-5m-1770992100"", ""icon"": ""https://polymarket-upload.s3.us-east-2.amazonaws.com/BTC+fullsize.png"", ""eventSlug"": ""btc-updown-5m-1770992100"", ""outcome"": ""Up"", ""outcomeIndex"": 0, ""name"": """", ""pseudonym"": """", ""bio"": """", ""profileImage"": """", ""profileImageOptimized"": """", ""transactionHash"": ""0x29441d00a7ef02f111d6261a5ef41e69ba9845d3541f2783424d062fd62cee7a""}"
1770992115,2026-02-13T22:16:33.398745,0x708c3b7fc675f3a9437646eee5ed4295d1b5b62b1c19a16125541c9e094fd26a:1770992115,572473,5031084282167950494806674428243037744881029417420880897305642929037077494331,BUY,0.6490886781612314,77.031074,49.999998000000005,0x708c3b7fc675f3a9437646eee5ed4295d1b5b62b1c19a16125541c9e094fd26a,"{""proxyWallet"": ""0x392cad3624a19af281fedc1d5eae5d0ca98d0bb4"", ""side"": ""BUY"", ""asset"": ""53890656047941774590561417335466150911129729756235906413951257163820402158748"", ""conditionId"": ""0x60b9659aac751c3ac89ebe84fdf83a4dac1a1ee99561824e475f5f0bb2f558b5"", ""size"": 77.031074, ""price"": 0.6490886781612314, ""timestamp"": 1770992115, ""title"": ""Al Shabab Saudi Club vs. Al Ahli Saudi Club: O/U 4.5"", ""slug"": ""spl-sha-ahl-2026-02-13-total-4pt5"", ""icon"": ""https://polymarket-upload.s3.us-east-2.amazonaws.com/saudi-league-0eb74ab5b8.png"", ""eventSlug"": ""spl-sha-ahl-2026-02-13-more-markets"", ""outcome"": ""Under"", ""outcomeIndex"": 1, ""name"": ""HowardManfranjensenden"", ""pseudonym"": ""Utter-Kilt"", ""bio"": """", ""profileImage"": ""https://polymarket-upload.s3.us-east-2.amazonaws.com/profile-image-5103020-6db69473-1004-4034-bb0b-a18dc3ca5468.jpg"", ""profileImageOptimized"": """", ""transactionHash"": ""0x708c3b7fc675f3a9437646eee5ed4295d1b5b62b1c19a16125541c9e094fd26a""}"
1770992115,2026-02-13T22:16:33.398765,0x861c445b590f850e57212ca83f3030357f42f91d0236fe2f5ec7ad0dc79617b0:1770992115,572473,5031084282167950494806674428243037744881029417420880897305642929037077494331,BUY,0.5699998232997013,1.754383,0.9999979999999999,0x861c445b590f850e57212ca83f3030357f42f91d0236fe2f5ec7ad0dc79617b0,"{""proxyWallet"": ""0x7cde319563f0a764cbe34e6646b90f819c17af85"", ""side"": ""BUY"", ""asset"": ""83150136706607856437592839018509517486662837687160757125224186815974350988674"", ""conditionId"": ""0xd8a9e4b88229579dcf1c9fda7a5fef2dfe45af732686fb5cbe5976f1c3a19ff6"", ""size"": 1.754383, ""price"": 0.5699998232997013, ""timestamp"": 1770992115, ""title"": ""Ethereum Up or Down - February 13, 9:15AM-9:30AM ET"", ""slug"": ""eth-updown-15m-1770992100"", ""icon"": ""https://polymarket-upload.s3.us-east-2.amazonaws.com/ETH+fullsize.jpg"", ""eventSlug"": ""eth-updown-15m-1770992100"", ""outcome"": ""Up"", ""outcomeIndex"": 0, ""name"": """", ""pseudonym"": """", ""bio"": """", ""profileImage"": """", ""profileImageOptimized"": """", ""transactionHash"": ""0x861c445b590f850e57212ca83f3030357f42f91d0236fe2f5ec7ad0dc79617b0""}"
1770992115,2026-02-13T22:16:33.398781,0xb8968f5e74b77afb8e4e8ce3be132cf01ea5fc4b0728cb3738b96d9ba49ac578:1770992115,572473,5031084282167950494806674428243037744881029417420880897305642929037077494331,BUY,0.5699999429999539,1.929823,1.0999990000000002,0xb8968f5e74b77afb8e4e8ce3be132cf01ea5fc4b0728cb3738b96d9ba49ac578,"{""proxyWallet"": ""0xecca733d255d60b54e0542d5d341bae783230903"", ""side"": ""BUY"", ""asset"": ""83150136706607856437592839018509517486662837687160757125224186815974350988674"", ""conditionId"": ""0xd8a9e4b88229579dcf1c9fda7a5fef2dfe45af732686fb5cbe5976f1c3a19ff6"", ""size"": 1.929823, ""price"": 0.5699999429999539, ""timestamp"": 1770992115, ""title"": ""Ethereum Up or Down - February 13, 9:15AM-9:30AM ET"", ""slug"": ""eth-updown-15m-1770992100"", ""icon"": ""https://polymarket-upload.s3.us-east-2.amazonaws.com/ETH+fullsize.jpg"", ""eventSlug"": ""eth-updown-15m-1770992100"", ""outcome"": ""Up"", ""outcomeIndex"": 0, ""name"": """", ""pseudonym"": """", ""bio"": """", ""profileImage"": """", ""profileImageOptimized"": """", ""transactionHash"": ""0xb8968f5e74b77afb8e4e8ce3be132cf01ea5fc4b0728cb3738b96d9ba49ac578""}"
1770992115,2026-02-13T22:16:33.398798,0x9e0bf622710d618a268db121b82fb4e00fe496b01d59df3ab54a2169a3d3d37d:1770992115,572473,5031084282167950494806674428243037744881029417420880897305642929037077494331,BUY,0.3399999421999809,5.882351,1.9999989999999999,0x9e0bf622710d618a268db121b82fb4e00fe496b01d59df3ab54a2169a3d3d37d,"{""proxyWallet"": ""0xc8d16f147d28b46a6ec23f5386790af1ac20f94c"", ""side"": ""BUY"", ""asset"": ""103655849584199501440895695949169973136299339116609144383802149255196611904911"", ""conditionId"": ""0xa8e777ef1a66334ed9cc068a877c64693ad516a8318863406156a7284ff15cf7"", ""size"": 5.882351, ""price"": 0.3399999421999809, ""timestamp"": 1770992115, ""title"": ""T20 World Cup: Netherlands vs USA (Game 1)"", ""slug"": ""crint-nld-usa-2026-02-13"", ""icon"": ""https://polymarket-upload.s3.us-east-2.amazonaws.com/cricket-ball-a0b0bf2dc9.png"", ""eventSlug"": ""crint-nld-usa-2026-02-13"", ""outcome"": ""Netherlands"", ""outcomeIndex"": 0, ""name"": ""lightmark"", ""pseudonym"": ""Itchy-Academy"", ""bio"": """", ""profileImage"": """", ""profileImageOptimized"": """", ""transactionHash"": ""0x9e0bf622710d618a268db121b82fb4e00fe496b01d59df3ab54a2169a3d3d37d""}"
1770992115,2026-02-13T22:16:33.398815,0x1deeace8260d42aadd4bf4149e5e8d7f32b4c20070499ab97ee119d22c2a9108:1770992115,572473,5031084282167950494806674428243037744881029417420880897305642929037077494331,BUY,0.5699999429999539,1.929823,1.0999990000000002,0x1deeace8260d42aadd4bf4149e5e8d7f32b4c20070499ab97ee119d22c2a9108,"{""proxyWallet"": ""0x5835f5a34218c9e879f574c1d25199bd2d1b8745"", ""side"": ""BUY"", ""asset"": ""83150136706607856437592839018509517486662837687160757125224186815974350988674"", ""conditionId"": ""0xd8a9e4b88229579dcf1c9fda7a5fef2dfe45af732686fb5cbe5976f1c3a19ff6"", ""size"": 1.929823, ""price"": 0.5699999429999539, ""timestamp"": 1770992115, ""title"": ""Ethereum Up or Down - February 13, 9:15AM-9:30AM ET"", ""slug"": ""eth-updown-15m-1770992100"", ""icon"": ""https://polymarket-upload.s3.us-east-2.amazonaws.com/ETH+fullsize.jpg"", ""eventSlug"": ""eth-updown-15m-1770992100"", ""outcome"": ""Up"", ""outcomeIndex"": 0, ""name"": ""....ajaakakkaoqka"", ""pseudonym"": ""Exhausted-Doorbell"", ""bio"": """", ""profileImage"": """", ""profileImageOptimized"": """", ""transactionHash"": ""0x1deeace8260d42aadd4bf4149e5e8d7f32b4c20070499ab97ee119d22c2a9108""}"
1770992115,2026-02-13T22:16:33.398832,0x91450b1bb613f20cce2fde6a2ef590650fcf76bcbe4d540abad864b1c8d3ae86:1770992115,572473,5031084282167950494806674428243037744881029417420880897305642929037077494331,BUY,0.46999988036355805,2.340424,1.099999,0x91450b1bb613f20cce2fde6a2ef590650fcf76bcbe4d540abad864b1c8d3ae86,"{""proxyWallet"": ""0xeb0bc2b3b67b3b8e8326cd920328c0a8515f9948"", ""side"": ""BUY"", ""asset"": ""79977699093326922498273634549052678411362219648189898097966968380456514170585"", ""conditionId"": ""0x4489d71363e1894219fc1379130c93c763f4343e5851dfbee687e753ab823569"", ""size"": 2.340424, ""price"": 0.46999988036355805, ""timestamp"": 1770992115, ""title"": ""Bitcoin Up or Down - February 13, 9:15AM-9:30AM ET"", ""slug"": ""btc-updown-15m-1770992100"", ""icon"": ""https://polymarket-upload.s3.us-east-2.amazonaws.com/BTC+fullsize.png"", ""eventSlug"": ""btc-updown-15m-1770992100"", ""outcome"": ""Down"", ""outcomeIndex"": 1, ""name"": """", ""pseudonym"": """", ""bio"": """", ""profileImage"": """", ""profileImageOptimized"": """", ""transactionHash"": ""0x91450b1bb613f20cce2fde6a2ef590650fcf76bcbe4d540abad864b1c8d3ae86""}"
1770992115,2026-02-13T22:16:33.398850,0xbd3c2e0b97328448047a8ae7c3d7561ae3cdacfa36c709926d28669ba72d76c2:1770992115,572473,5031084282167950494806674428243037744881029417420880897305642929037077494331,BUY,0.53999978399989,2.037036,1.099999,0xbd3c2e0b97328448047a8ae7c3d7561ae3cdacfa36c709926d28669ba72d76c2,"{""proxyWallet"": ""0xecca733d255d60b54e0542d5d341bae783230903"", ""side"": ""BUY"", ""asset"": ""26994972425347435898442897109407523146459743206917823865905991587285356057190"", ""conditionId"": ""0x4489d71363e1894219fc1379130c93c763f4343e5851dfbee687e753ab823569"", ""size"": 2.037036, ""price"": 0.53999978399989, ""timestamp"": 1770992115, ""title"": ""Bitcoin Up or Down - February 13, 9:15AM-9:30AM ET"", ""slug"": ""btc-updown-15m-1770992100"", ""icon"": ""https://polymarket-upload.s3.us-east-2.amazonaws.com/BTC+fullsize.png"", ""eventSlug"": ""btc-updown-15m-1770992100"", ""outcome"": ""Up"", ""outcomeIndex"": 0, ""name"": """", ""pseudonym"": """", ""bio"": """", ""profileImage"": """", ""profileImageOptimized"": """", ""transactionHash"": ""0xbd3c2e0b97328448047a8ae7c3d7561ae3cdacfa36c709926d28669ba72d76c2""}"
1770992115,2026-02-13T22:16:33.398867,0x83d1aa8d569a50291d98db4b8d9097e7046048c835f8a6e6d0b7f7db19515fb8:1770992115,572473,5031084282167950494806674428243037744881029417420880897305642929037077494331,BUY,0.54,8.92,4.816800000000001,0x83d1aa8d569a50291d98db4b8d9097e7046048c835f8a6e6d0b7f7db19515fb8,"{""proxyWallet"": ""0xe6cef1403b5a704d0ca8be6aeaed6916a11a8884"", ""side"": ""BUY"", ""asset"": ""26994972425347435898442897109407523146459743206917823865905991587285356057190"", ""conditionId"": ""0x4489d71363e1894219fc1379130c93c763f4343e5851dfbee687e753ab823569"", ""size"": 8.92, ""price"": 0.54, ""timestamp"": 1770992115, ""title"": ""Bitcoin Up or Down - February 13, 9:15AM-9:30AM ET"", ""slug"": ""btc-updown-15m-1770992100"", ""icon"": ""https://polymarket-upload.s3.us-east-2.amazonaws.com/BTC+fullsize.png"", ""eventSlug"": ""btc-updown-15m-1770992100"", ""outcome"": ""Up"", ""outcomeIndex"": 0, ""name"": ""nigegezhenshuai"", ""pseudonym"": ""Super-Macaroon"", ""bio"": """", ""profileImage"": """", ""profileImageOptimized"": """", ""transactionHash"": ""0x83d1aa8d569a50291d98db4b8d9097e7046048c835f8a6e6d0b7f7db19515fb8""}"
1770992115,2026-02-13T22:16:33.398883,0xc2beaf429b65a3c4905aee6cefab1ebe1716d07355aacc3cae4e29484e2942f3:1770992115,572473,5031084282167950494806674428243037744881029417420880897305642929037077494331,BUY,0.45999984109081954,2.391303,1.0999990000000002,0xc2beaf429b65a3c4905aee6cefab1ebe1716d07355aacc3cae4e29484e2942f3,"{""proxyWallet"": ""0xeb0bc2b3b67b3b8e8326cd920328c0a8515f9948"", ""side"": ""BUY"", ""asset"": ""7350830411196400605992300522805833595762437347084742066463854211766509271641"", ""conditionId"": ""0x71c386d79e0f6163568c8045a4fa0f0ad6e7544441fcde73331ac50fc8bded0c"", ""size"": 2.391303, ""price"": 0.45999984109081954, ""timestamp"": 1770992115, ""title"": ""Solana Up or Down - February 13, 9:15AM-9:30AM ET"", ""slug"": ""sol-updown-15m-1770992100"", ""icon"": ""https://polymarket-upload.s3.us-east-2.amazonaws.com/SOL+fullsize.png"", ""eventSlug"": ""sol-updown-15m-1770992100"", ""outcome"": ""Down"", ""outcomeIndex"": 1, ""name"": """", ""pseudonym"": """", ""bio"": """", ""profileImage"": """", ""profileImageOptimized"": """", ""transactionHash"": ""0xc2beaf429b65a3c4905aee6cefab1ebe1716d07355aacc3cae4e29484e2942f3""}"
1770992115,2026-02-13T22:16:33.398901,0x681da3428254d5a36c9539a6436f3bb9265f262172da8700126105176d42ea53:1770992115,572473,5031084282167950494806674428243037744881029417420880897305642929037077494331,BUY,0.46,5.0,2.3000000000000003,0x681da3428254d5a36c9539a6436f3bb9265f262172da8700126105176d42ea53,"{""proxyWallet"": ""0xcfb39a1fe4d5efb87ccbb4b7989ac1d61be57796"", ""side"": ""BUY"", ""asset"": ""72387968654551110099588107508582841311469315396559355038205055214090021188414"", ""conditionId"": ""0x2218a943ba016f87b896bb777b2525eebdaab886523bc072cd9618f8d6d9b91e"", ""size"": 5, ""price"": 0.46, ""timestamp"": 1770992115, ""title"": ""Bitcoin Up or Down - February 13, 9:15AM-9:20AM ET"", ""slug"": ""btc-updown-5m-1770992100"", ""icon"": ""https://polymarket-upload.s3.us-east-2.amazonaws.com/BTC+fullsize.png"", ""eventSlug"": ""btc-updown-5m-1770992100"", ""outcome"": ""Down"", ""outcomeIndex"": 1, ""name"": ""0xCfB39A1Fe4d5EFB87ccBb4B7989Ac1d61BE57796-1770576974291"", ""pseudonym"": ""Insidious-Frontier"", ""bio"": """", ""profileImage"": """", ""profileImageOptimized"": """", ""transactionHash"": ""0x681da3428254d5a36c9539a6436f3bb9265f262172da8700126105176d42ea53""}"
1770992115,2026-02-13T22:16:33.398929,0xfe0187aa32fd2b55cd90744b26b1ec78d4071ca5fb79dcc96e8837f5310ea8f8:1770992115,572473,5031084282167950494806674428243037744881029417420880897305642929037077494331,BUY,0.5699998401866619,1.87719,1.0699979999999998,0xfe0187aa32fd2b55cd90744b26b1ec78d4071ca5fb79dcc96e8837f5310ea8f8,"{""proxyWallet"": ""0xe9aab315f07285b16359e0742b03506d994c089d"", ""side"": ""BUY"", ""asset"": ""83150136706607856437592839018509517486662837687160757125224186815974350988674"", ""conditionId"": ""0xd8a9e4b88229579dcf1c9fda7a5fef2dfe45af732686fb5cbe5976f1c3a19ff6"", ""size"": 1.87719, ""price"": 0.5699998401866619, ""timestamp"": 1770992115, ""title"": ""Ethereum Up or Down - February 13, 9:15AM-9:30AM ET"", ""slug"": ""eth-updown-15m-1770992100"", ""icon"": ""https://polymarket-upload.s3.us-east-2.amazonaws.com/ETH+fullsize.jpg"", ""eventSlug"": ""eth-updown-15m-1770992100"", ""outcome"": ""Up"", ""outcomeIndex"": 0, ""name"": """", ""pseudonym"": """", ""bio"": """", ""profileImage"": """", ""profileImageOptimized"": """", ""transactionHash"": ""0xfe0187aa32fd2b55cd90744b26b1ec78d4071ca5fb79dcc96e8837f5310ea8f8""}"
1770992115,2026-02-13T22:16:33.398946,0x39de9cd72ea8baeea6d7df847cda6ee00ae5426fcb41d00b438de1548a329ae6:1770992115,572473,5031084282167950494806674428243037744881029417420880897305642929037077494331,BUY,0.44,2.5,1.1,0x39de9cd72ea8baeea6d7df847cda6ee00ae5426fcb41d00b438de1548a329ae6,"{""proxyWallet"": ""0xeb0bc2b3b67b3b8e8326cd920328c0a8515f9948"", ""side"": ""BUY"", ""asset"": ""115049876316220679848172528892493817248770136396084659981371980815574034695630"", ""conditionId"": ""0xd8a9e4b88229579dcf1c9fda7a5fef2dfe45af732686fb5cbe5976f1c3a19ff6"", ""size"": 2.5, ""price"": 0.44, ""timestamp"": 1770992115, ""title"": ""Ethereum Up or Down - February 13, 9:15AM-9:30AM ET"", ""slug"": ""eth-updown-15m-1770992100"", ""icon"": ""https://polymarket-upload.s3.us-east-2.amazonaws.com/ETH+fullsize.jpg"", ""eventSlug"": ""eth-updown-15m-1770992100"", ""outcome"": ""Down"", ""outcomeIndex"": 1, ""name"": """", ""pseudonym"": """", ""bio"": """", ""profileImage"": """", ""profileImageOptimized"": """", ""transactionHash"": ""0x39de9cd72ea8baeea6d7df847cda6ee00ae5426fcb41d00b438de1548a329ae6""}"
1770992115,2026-02-13T22:16:33.398963,0xaac52705fba096e990ddd07f770387a1d08ce244a8f4f693bcb2c35ac51a8e96:1770992115,572473,5031084282167950494806674428243037744881029417420880897305642929037077494331,BUY,0.5399999654399953,9.259258,4.999999000000001,0xaac52705fba096e990ddd07f770387a1d08ce244a8f4f693bcb2c35ac51a8e96,"{""proxyWallet"": ""0xa9e6a1ccb2a08630d1b0a0115f1261f2a121cede"", ""side"": ""BUY"", ""asset"": ""26994972425347435898442897109407523146459743206917823865905991587285356057190"", ""conditionId"": ""0x4489d71363e1894219fc1379130c93c763f4343e5851dfbee687e753ab823569"", ""size"": 9.259258, ""price"": 0.5399999654399953, ""timestamp"": 1770992115, ""title"": ""Bitcoin Up or Down - February 13, 9:15AM-9:30AM ET"", ""slug"": ""btc-updown-15m-1770992100"", ""icon"": ""https://polymarket-upload.s3.us-east-2.amazonaws.com/BTC+fullsize.png"", ""eventSlug"": ""btc-updown-15m-1770992100"", ""outcome"": ""Up"", ""outcomeIndex"": 0, ""name"": """", ""pseudonym"": """", ""bio"": """", ""profileImage"": """", ""profileImageOptimized"": """", ""transactionHash"": ""0xaac52705fba096e990ddd07f770387a1d08ce244a8f4f693bcb2c35ac51a8e96""}"
1770992115,2026-02-13T22:16:33.398980,0x03f05dcd7ac254e699175d41bf41afa3fd7bf43616f1e7db214d36c62b433be1:1770992115,572473,5031084282167950494806674428243037744881029417420880897305642929037077494331,BUY,0.45999984109081954,2.391303,1.0999990000000002,0x03f05dcd7ac254e699175d41bf41afa3fd7bf43616f1e7db214d36c62b433be1,"{""proxyWallet"": ""0x69cc4544e43ea1dba55a7213d69342c5e0090d7d"", ""side"": ""BUY"", ""asset"": ""72387968654551110099588107508582841311469315396559355038205055214090021188414"", ""conditionId"": ""0x2218a943ba016f87b896bb777b2525eebdaab886523bc072cd9618f8d6d9b91e"", ""size"": 2.391303, ""price"": 0.45999984109081954, ""timestamp"": 1770992115, ""title"": ""Bitcoin Up or Down - February 13, 9:15AM-9:20AM ET"", ""slug"": ""btc-updown-5m-1770992100"", ""icon"": ""https://polymarket-upload.s3.us-east-2.amazonaws.com/BTC+fullsize.png"", ""eventSlug"": ""btc-updown-5m-1770992100"", ""outcome"": ""Down"", ""outcomeIndex"": 1, ""name"": ""wa003"", ""pseudonym"": ""Ragged-Lunge"", ""bio"": """", ""profileImage"": """", ""profileImageOptimized"": """", ""transactionHash"": ""0x03f05dcd7ac254e699175d41bf41afa3fd7bf43616f1e7db214d36c62b433be1""}"
1770992115,2026-02-13T22:16:33.398997,0xce8fccfbbd9e04e123710e66466a480fe93307ab5d73cd8257ee6800578ef2c4:1770992115,572473,5031084282167950494806674428243037744881029417420880897305642929037077494331,BUY,0.45999984109081954,2.391303,1.0999990000000002,0xce8fccfbbd9e04e123710e66466a480fe93307ab5d73cd8257ee6800578ef2c4,"{""proxyWallet"": ""0x69cc4544e43ea1dba55a7213d69342c5e0090d7d"", ""side"": ""BUY"", ""asset"": ""72387968654551110099588107508582841311469315396559355038205055214090021188414"", ""conditionId"": ""0x2218a943ba016f87b896bb777b2525eebdaab886523bc072cd9618f8d6d9b91e"", ""size"": 2.391303, ""price"": 0.45999984109081954, ""timestamp"": 1770992115, ""title"": ""Bitcoin Up or Down - February 13, 9:15AM-9:20AM ET"", ""slug"": ""btc-updown-5m-1770992100"", ""icon"": ""https://polymarket-upload.s3.us-east-2.amazonaws.com/BTC+fullsize.png"", ""eventSlug"": ""btc-updown-5m-1770992100"", ""outcome"": ""Down"", ""outcomeIndex"": 1, ""name"": ""wa003"", ""pseudonym"": ""Ragged-Lunge"", ""bio"": """", ""profileImage"": """", ""profileImageOptimized"": """", ""transactionHash"": ""0xce8fccfbbd9e04e123710e66466a480fe93307ab5d73cd8257ee6800578ef2c4""}"
1770992115,2026-02-13T22:16:33.399015,0xec1fa2363a4826c99e9b68510ae8b210b394b504ada9ee603aa9b45578adcfc0:1770992115,572473,5031084282167950494806674428243037744881029417420880897305642929037077494331,BUY,0.5699998401866619,1.87719,1.0699979999999998,0xec1fa2363a4826c99e9b68510ae8b210b394b504ada9ee603aa9b45578adcfc0,"{""proxyWallet"": ""0xe9aab315f07285b16359e0742b03506d994c089d"", ""side"": ""BUY"", ""asset"": ""83150136706607856437592839018509517486662837687160757125224186815974350988674"", ""conditionId"": ""0xd8a9e4b88229579dcf1c9fda7a5fef2dfe45af732686fb5cbe5976f1c3a19ff6"", ""size"": 1.87719, ""price"": 0.5699998401866619, ""timestamp"": 1770992115, ""title"": ""Ethereum Up or Down - February 13, 9:15AM-9:30AM ET"", ""slug"": ""eth-updown-15m-1770992100"", ""icon"": ""https://polymarket-upload.s3.us-east-2.amazonaws.com/ETH+fullsize.jpg"", ""eventSlug"": ""eth-updown-15m-1770992100"", ""outcome"": ""Up"", ""outcomeIndex"": 0, ""name"": """", ""pseudonym"": """", ""bio"": """", ""profileImage"": """", ""profileImageOptimized"": """", ""transactionHash"": ""0xec1fa2363a4826c99e9b68510ae8b210b394b504ada9ee603aa9b45578adcfc0""}"
1770992115,2026-02-13T22:16:33.399032,0x1af2dcce33f74d86ea40f91d77b575e9b5fe182878a1a955f3f20f7abf1b6147:1770992115,572473,5031084282167950494806674428243037744881029417420880897305642929037077494331,BUY,0.46,26.0,11.96,0x1af2dcce33f74d86ea40f91d77b575e9b5fe182878a1a955f3f20f7abf1b6147,"{""proxyWallet"": ""0xd461de13afca233d137e5e82ae301c7902731d6c"", ""side"": ""BUY"", ""asset"": ""89948138996035258524273689931169064625709379635690318467664731846705509845557"", ""conditionId"": ""0x62e16747c11d83e4979ac118cddda13c972f7e83b98400734ad9126a71fa09b1"", ""size"": 26, ""price"": 0.46, ""timestamp"": 1770992115, ""title"": ""XRP Up or Down - February 13, 9:15AM-9:30AM ET"", ""slug"": ""xrp-updown-15m-1770992100"", ""icon"": ""https://polymarket-upload.s3.us-east-2.amazonaws.com/XRP-logo.png"", ""eventSlug"": ""xrp-updown-15m-1770992100"", ""outcome"": ""Down"", ""outcomeIndex"": 1, ""name"": ""chickndinnr"", ""pseudonym"": ""Noisy-Pate"", ""bio"": """", ""profileImage"": """", ""profileImageOptimized"": """", ""transactionHash"": ""0x1af2dcce33f74d86ea40f91d77b575e9b5fe182878a1a955f3f20f7abf1b6147""}"
1770992115,2026-02-13T22:16:33.399049,0x6217a89b9e6cb12989e0950cae40fa44be30013af52ee5122df5ec8d618e6035:1770992115,572473,5031084282167950494806674428243037744881029417420880897305642929037077494331,BUY,0.54,1.85185,0.9999990000000001,0x6217a89b9e6cb12989e0950cae40fa44be30013af52ee5122df5ec8d618e6035,"{""proxyWallet"": ""0x7cde319563f0a764cbe34e6646b90f819c17af85"", ""side"": ""BUY"", ""asset"": ""26994972425347435898442897109407523146459743206917823865905991587285356057190"", ""conditionId"": ""0x4489d71363e1894219fc1379130c93c763f4343e5851dfbee687e753ab823569"", ""size"": 1.85185, ""price"": 0.54, ""timestamp"": 1770992115, ""title"": ""Bitcoin Up or Down - February 13, 9:15AM-9:30AM ET"", ""slug"": ""btc-updown-15m-1770992100"", ""icon"": ""https://polymarket-upload.s3.us-east-2.amazonaws.com/BTC+fullsize.png"", ""eventSlug"": ""btc-updown-15m-1770992100"", ""outcome"": ""Up"", ""outcomeIndex"": 0, ""name"": """", ""pseudonym"": """", ""bio"": """", ""profileImage"": """", ""profileImageOptimized"": """", ""transactionHash"": ""0x6217a89b9e6cb12989e0950cae40fa44be30013af52ee5122df5ec8d618e6035""}"
1770992115,2026-02-13T22:16:33.399064,0x057ae1aaafa77b22fb8848d2923c79c8b37a30ef650b2a1db19c486c8eb379a5:1770992115,572473,5031084282167950494806674428243037744881029417420880897305642929037077494331,BUY,0.5399999436521308,2.129628,1.1499989999999998,0x057ae1aaafa77b22fb8848d2923c79c8b37a30ef650b2a1db19c486c8eb379a5,"{""proxyWallet"": ""0x0f3e225b423ac0a2b193d64bfb82c8829d65ab8b"", ""side"": ""BUY"", ""asset"": ""26994972425347435898442897109407523146459743206917823865905991587285356057190"", ""conditionId"": ""0x4489d71363e1894219fc1379130c93c763f4343e5851dfbee687e753ab823569"", ""size"": 2.129628, ""price"": 0.5399999436521308, ""timestamp"": 1770992115, ""title"": ""Bitcoin Up or Down - February 13, 9:15AM-9:30AM ET"", ""slug"": ""btc-updown-15m-1770992100"", ""icon"": ""https://polymarket-upload.s3.us-east-2.amazonaws.com/BTC+fullsize.png"", ""eventSlug"": ""btc-updown-15m-1770992100"", ""outcome"": ""Up"", ""outcomeIndex"": 0, ""name"": """", ""pseudonym"": """", ""bio"": """", ""profileImage"": """", ""profileImageOptimized"": """", ""transactionHash"": ""0x057ae1aaafa77b22fb8848d2923c79c8b37a30ef650b2a1db19c486c8eb379a5""}"
1770992115,2026-02-13T22:16:33.399081,0x2b0d8733da1301f9fb0579ba168aa2a115d06768596483d5ceb11225a34983e4:1770992115,572473,5031084282167950494806674428243037744881029417420880897305642929037077494331,BUY,0.5699999965799997,17.543858,9.999999,0x2b0d8733da1301f9fb0579ba168aa2a115d06768596483d5ceb11225a34983e4,"{""proxyWallet"": ""0x095dc7ebc308347f50a1b4db0031ab9efe3d110b"", ""side"": ""BUY"", ""asset"": ""83150136706607856437592839018509517486662837687160757125224186815974350988674"", ""conditionId"": ""0xd8a9e4b88229579dcf1c9fda7a5fef2dfe45af732686fb5cbe5976f1c3a19ff6"", ""size"": 17.543858, ""price"": 0.5699999965799997, ""timestamp"": 1770992115, ""title"": ""Ethereum Up or Down - February 13, 9:15AM-9:30AM ET"", ""slug"": ""eth-updown-15m-1770992100"", ""icon"": ""https://polymarket-upload.s3.us-east-2.amazonaws.com/ETH+fullsize.jpg"", ""eventSlug"": ""eth-updown-15m-1770992100"", ""outcome"": ""Up"", ""outcomeIndex"": 0, ""name"": """", ""pseudonym"": """", ""bio"": """", ""profileImage"": """", ""profileImageOptimized"": """", ""transactionHash"": ""0x2b0d8733da1301f9fb0579ba168aa2a115d06768596483d5ceb11225a34983e4""}"
1770992115,2026-02-13T22:16:33.399098,0x47d8e992745a0627ba6f538cf1f0806f49911813b5bfcd9d6110dbe5875fc79f:1770992115,572473,5031084282167950494806674428243037744881029417420880897305642929037077494331,BUY,0.5399999654399953,9.259258,4.999999000000001,0x47d8e992745a0627ba6f538cf1f0806f49911813b5bfcd9d6110dbe5875fc79f,"{""proxyWallet"": ""0x44d836806906df8b127514e2c28b6a3effdc111e"", ""side"": ""BUY"", ""asset"": ""26994972425347435898442897109407523146459743206917823865905991587285356057190"", ""conditionId"": ""0x4489d71363e1894219fc1379130c93c763f4343e5851dfbee687e753ab823569"", ""size"": 9.259258, ""price"": 0.5399999654399953, ""timestamp"": 1770992115, ""title"": ""Bitcoin Up or Down - February 13, 9:15AM-9:30AM ET"", ""slug"": ""btc-updown-15m-1770992100"", ""icon"": ""https://polymarket-upload.s3.us-east-2.amazonaws.com/BTC+fullsize.png"", ""eventSlug"": ""btc-updown-15m-1770992100"", ""outcome"": ""Up"", ""outcomeIndex"": 0, ""name"": """", ""pseudonym"": """", ""bio"": """", ""profileImage"": """", ""profileImageOptimized"": """", ""transactionHash"": ""0x47d8e992745a0627ba6f538cf1f0806f49911813b5bfcd9d6110dbe5875fc79f""}"
1770992115,2026-02-13T22:16:33.399114,0x19fdfa387fc8a148686e7e6f77f01cb9a58c607de2079e86be8d9e8f93abffba:1770992115,572473,5031084282167950494806674428243037744881029417420880897305642929037077494331,BUY,0.57,5.0,2.8499999999999996,0x19fdfa387fc8a148686e7e6f77f01cb9a58c607de2079e86be8d9e8f93abffba,"{""proxyWallet"": ""0x8851355e4b0a92c2d1124aecdf2fbf71b7533f95"", ""side"": ""BUY"", ""asset"": ""90341658886988384498394393567391613571011061723370135932732073994821879670427"", ""conditionId"": ""0x2218a943ba016f87b896bb777b2525eebdaab886523bc072cd9618f8d6d9b91e"", ""size"": 5, ""price"": 0.57, ""timestamp"": 1770992115, ""title"": ""Bitcoin Up or Down - February 13, 9:15AM-9:20AM ET"", ""slug"": ""btc-updown-5m-1770992100"", ""icon"": ""https://polymarket-upload.s3.us-east-2.amazonaws.com/BTC+fullsize.png"", ""eventSlug"": ""btc-updown-5m-1770992100"", ""outcome"": ""Up"", ""outcomeIndex"": 0, ""name"": ""bamaboy6717"", ""pseudonym"": ""Notable-Dynasty"", ""bio"": """", ""profileImage"": """", ""profileImageOptimized"": """", ""transactionHash"": ""0x19fdfa387fc8a148686e7e6f77f01cb9a58c607de2079e86be8d9e8f93abffba""}"
1770992115,2026-02-13T22:16:33.399130,0x94d400b8712d46a5b8e4e5710f46b9d245d6ce90114f58c40ffe640393bbbfb2:1770992115,572473,5031084282167950494806674428243037744881029417420880897305642929037077494331,BUY,0.5499998624998625,2.909088,1.5999980000000003,0x94d400b8712d46a5b8e4e5710f46b9d245d6ce90114f58c40ffe640393bbbfb2,"{""proxyWallet"": ""0xaba2f47648f8bd2b62235d19857604fd2e502dd0"", ""side"": ""BUY"", ""asset"": ""2844181740250277267185676628544795343619398422178996052107086417055587681337"", ""conditionId"": ""0x62e16747c11d83e4979ac118cddda13c972f7e83b98400734ad9126a71fa09b1"", ""size"": 2.909088, ""price"": 0.5499998624998625, ""timestamp"": 1770992115, ""title"": ""XRP Up or Down - February 13, 9:15AM-9:30AM ET"", ""slug"": ""xrp-updown-15m-1770992100"", ""icon"": ""https://polymarket-upload.s3.us-east-2.amazonaws.com/XRP-logo.png"", ""eventSlug"": ""xrp-updown-15m-1770992100"", ""outcome"": ""Up"", ""outcomeIndex"": 0, ""name"": ""0xABa2f47648F8bd2B62235D19857604fd2E502Dd0-1765731322491"", ""pseudonym"": ""Able-Trumpet"", ""bio"": """", ""profileImage"": """", ""profileImageOptimized"": """", ""transactionHash"": ""0x94d400b8712d46a5b8e4e5710f46b9d245d6ce90114f58c40ffe640393bbbfb2""}"
1770992115,2026-02-13T22:16:33.399148,0x997b8028447038082cef68b7c727eec6532129b3a168bfd5f7574d65b32ac2f2:1770992115,572473,5031084282167950494806674428243037744881029417420880897305642929037077494331,BUY,0.55,6.0,3.3000000000000003,0x997b8028447038082cef68b7c727eec6532129b3a168bfd5f7574d65b32ac2f2,"{""proxyWallet"": ""0xdf684e590fee33a0cd64e0be24c00971f9a64158"", ""side"": ""BUY"", ""asset"": ""2844181740250277267185676628544795343619398422178996052107086417055587681337"", ""conditionId"": ""0x62e16747c11d83e4979ac118cddda13c972f7e83b98400734ad9126a71fa09b1"", ""size"": 6, ""price"": 0.55, ""timestamp"": 1770992115, ""title"": ""XRP Up or Down - February 13, 9:15AM-9:30AM ET"", ""slug"": ""xrp-updown-15m-1770992100"", ""icon"": ""https://polymarket-upload.s3.us-east-2.amazonaws.com/XRP-logo.png"", ""eventSlug"": ""xrp-updown-15m-1770992100"", ""outcome"": ""Up"", ""outcomeIndex"": 0, ""name"": ""H0RNET"", ""pseudonym"": ""Grubby-Economy"", ""bio"": """", ""profileImage"": """", ""profileImageOptimized"": """", ""transactionHash"": ""0x997b8028447038082cef68b7c727eec6532129b3a168bfd5f7574d65b32ac2f2""}"
1770992115,2026-02-13T22:16:33.399164,0x1408d04fe0cffd8c29b6d3bbc6031aeff8dd697cdb538381131fdf4b7a3510b9:1770992115,572473,5031084282167950494806674428243037744881029417420880897305642929037077494331,BUY,0.46999988036355805,2.340424,1.099999,0x1408d04fe0cffd8c29b6d3bbc6031aeff8dd697cdb538381131fdf4b7a3510b9,"{""proxyWallet"": ""0xeb0bc2b3b67b3b8e8326cd920328c0a8515f9948"", ""side"": ""BUY"", ""asset"": ""79977699093326922498273634549052678411362219648189898097966968380456514170585"", ""conditionId"": ""0x4489d71363e1894219fc1379130c93c763f4343e5851dfbee687e753ab823569"", ""size"": 2.340424, ""price"": 0.46999988036355805, ""timestamp"": 1770992115, ""title"": ""Bitcoin Up or Down - February 13, 9:15AM-9:30AM ET"", ""slug"": ""btc-updown-15m-1770992100"", ""icon"": ""https://polymarket-upload.s3.us-east-2.amazonaws.com/BTC+fullsize.png"", ""eventSlug"": ""btc-updown-15m-1770992100"", ""outcome"": ""Down"", ""outcomeIndex"": 1, ""name"": """", ""pseudonym"": """", ""bio"": """", ""profileImage"": """", ""profileImageOptimized"": """", ""transactionHash"": ""0x1408d04fe0cffd8c29b6d3bbc6031aeff8dd697cdb538381131fdf4b7a3510b9""}"
1770992115,2026-02-13T22:16:33.399182,0x7861ab06b8c78b9b5263c6e34281aa6b9f1cf6173f43514bd43227a97e9ab6fe:1770992115,572473,5031084282167950494806674428243037744881029417420880897305642929037077494331,BUY,0.5399999902799992,18.518517,9.999999,0x7861ab06b8c78b9b5263c6e34281aa6b9f1cf6173f43514bd43227a97e9ab6fe,"{""proxyWallet"": ""0x095dc7ebc308347f50a1b4db0031ab9efe3d110b"", ""side"": ""BUY"", ""asset"": ""26994972425347435898442897109407523146459743206917823865905991587285356057190"", ""conditionId"": ""0x4489d71363e1894219fc1379130c93c763f4343e5851dfbee687e753ab823569"", ""size"": 18.518517, ""price"": 0.5399999902799992, ""timestamp"": 1770992115, ""title"": ""Bitcoin Up or Down - February 13, 9:15AM-9:30AM ET"", ""slug"": ""btc-updown-15m-1770992100"", ""icon"": ""https://polymarket-upload.s3.us-east-2.amazonaws.com/BTC+fullsize.png"", ""eventSlug"": ""btc-updown-15m-1770992100"", ""outcome"": ""Up"", ""outcomeIndex"": 0, ""name"": """", ""pseudonym"": """", ""bio"": """", ""profileImage"": """", ""profileImageOptimized"": """", ""transactionHash"": ""0x7861ab06b8c78b9b5263c6e34281aa6b9f1cf6173f43514bd43227a97e9ab6fe""}"
1770992115,2026-02-13T22:16:33.399199,0xca6d88e2d5d44887c04dd593ed5b2a95fe4f4f35bc228293ac7f2da0648bcd74:1770992115,572473,5031084282167950494806674428243037744881029417420880897305642929037077494331,BUY,0.3399999929733332,88.235293,29.999999,0xca6d88e2d5d44887c04dd593ed5b2a95fe4f4f35bc228293ac7f2da0648bcd74,"{""proxyWallet"": ""0x8d7abd57791081ea0cdea21cd0a5a7a5cfef5c3d"", ""side"": ""BUY"", ""asset"": ""103655849584199501440895695949169973136299339116609144383802149255196611904911"", ""conditionId"": ""0xa8e777ef1a66334ed9cc068a877c64693ad516a8318863406156a7284ff15cf7"", ""size"": 88.235293, ""price"": 0.3399999929733332, ""timestamp"": 1770992115, ""title"": ""T20 World Cup: Netherlands vs USA (Game 1)"", ""slug"": ""crint-nld-usa-2026-02-13"", ""icon"": ""https://polymarket-upload.s3.us-east-2.amazonaws.com/cricket-ball-a0b0bf2dc9.png"", ""eventSlug"": ""crint-nld-usa-2026-02-13"", ""outcome"": ""Netherlands"", ""outcomeIndex"": 0, ""name"": ""jeff.eps"", ""pseudonym"": ""Gorgeous-Eleventh"", ""bio"": ""8891"", ""profileImage"": """", ""profileImageOptimized"": """", ""transactionHash"": ""0xca6d88e2d5d44887c04dd593ed5b2a95fe4f4f35bc228293ac7f2da0648bcd74""}"
1770992115,2026-02-13T22:16:33.399216,0xced5308157fa86aa230d7da4f57b8219a5d01cf1beec9ede454fcb6799d020c5:1770992115,572473,5031084282167950494806674428243037744881029417420880897305642929037077494331,BUY,0.5699998401866619,1.87719,1.0699979999999998,0xced5308157fa86aa230d7da4f57b8219a5d01cf1beec9ede454fcb6799d020c5,"{""proxyWallet"": ""0xe9aab315f07285b16359e0742b03506d994c089d"", ""side"": ""BUY"", ""asset"": ""83150136706607856437592839018509517486662837687160757125224186815974350988674"", ""conditionId"": ""0xd8a9e4b88229579dcf1c9fda7a5fef2dfe45af732686fb5cbe5976f1c3a19ff6"", ""size"": 1.87719, ""price"": 0.5699998401866619, ""timestamp"": 1770992115, ""title"": ""Ethereum Up or Down - February 13, 9:15AM-9:30AM ET"", ""slug"": ""eth-updown-15m-1770992100"", ""icon"": ""https://polymarket-upload.s3.us-east-2.amazonaws.com/ETH+fullsize.jpg"", ""eventSlug"": ""eth-updown-15m-1770992100"", ""outcome"": ""Up"", ""outcomeIndex"": 0, ""name"": """", ""pseudonym"": """", ""bio"": """", ""profileImage"": """", ""profileImageOptimized"": """", ""transactionHash"": ""0xced5308157fa86aa230d7da4f57b8219a5d01cf1beec9ede454fcb6799d020c5""}"
1770992115,2026-02-13T22:16:33.399233,0xc37ac7f5a0287e50307fb10ec65a92bae06d09f7b99dc6d8f18e2370c1441ffd:1770992115,572473,5031084282167950494806674428243037744881029417420880897305642929037077494331,BUY,0.57,8.33,4.7481,0xc37ac7f5a0287e50307fb10ec65a92bae06d09f7b99dc6d8f18e2370c1441ffd,"{""proxyWallet"": ""0xe6cef1403b5a704d0ca8be6aeaed6916a11a8884"", ""side"": ""BUY"", ""asset"": ""90341658886988384498394393567391613571011061723370135932732073994821879670427"", ""conditionId"": ""0x2218a943ba016f87b896bb777b2525eebdaab886523bc072cd9618f8d6d9b91e"", ""size"": 8.33, ""price"": 0.57, ""timestamp"": 1770992115, ""title"": ""Bitcoin Up or Down - February 13, 9:15AM-9:20AM ET"", ""slug"": ""btc-updown-5m-1770992100"", ""icon"": ""https://polymarket-upload.s3.us-east-2.amazonaws.com/BTC+fullsize.png"", ""eventSlug"": ""btc-updown-5m-1770992100"", ""outcome"": ""Up"", ""outcomeIndex"": 0, ""name"": ""nigegezhenshuai"", ""pseudonym"": ""Super-Macaroon"", ""bio"": """", ""profileImage"": """", ""profileImageOptimized"": """", ""transactionHash"": ""0xc37ac7f5a0287e50307fb10ec65a92bae06d09f7b99dc6d8f18e2370c1441ffd""}"
1770992115,2026-02-13T22:16:33.399248,0xe6e4010bf4c8f8cc0c6ac4f4f3c4f5ee1452b0f6bc6ebf5f160d883e6dbd3761:1770992115,572473,5031084282167950494806674428243037744881029417420880897305642929037077494331,BUY,0.46,6.0,2.7600000000000002,0xe6e4010bf4c8f8cc0c6ac4f4f3c4f5ee1452b0f6bc6ebf5f160d883e6dbd3761,"{""proxyWallet"": ""0x3b686af16f98c83cb6178d3f6092d21134122d5e"", ""side"": ""BUY"", ""asset"": ""72387968654551110099588107508582841311469315396559355038205055214090021188414"", ""conditionId"": ""0x2218a943ba016f87b896bb777b2525eebdaab886523bc072cd9618f8d6d9b91e"", ""size"": 6, ""price"": 0.46, ""timestamp"": 1770992115, ""title"": ""Bitcoin Up or Down - February 13, 9:15AM-9:20AM ET"", ""slug"": ""btc-updown-5m-1770992100"", ""icon"": ""https://polymarket-upload.s3.us-east-2.amazonaws.com/BTC+fullsize.png"", ""eventSlug"": ""btc-updown-5m-1770992100"", ""outcome"": ""Down"", ""outcomeIndex"": 1, ""name"": ""0x3b686aF16F98c83Cb6178d3F6092d21134122d5E-1769568538554"", ""pseudonym"": ""Dizzy-Creativity"", ""bio"": """", ""profileImage"": """", ""profileImageOptimized"": """", ""transactionHash"": ""0xe6e4010bf4c8f8cc0c6ac4f4f3c4f5ee1452b0f6bc6ebf5f160d883e6dbd3761""}"
1770992115,2026-02-13T22:16:33.399265,0xb70179e4b9a552581722ed00e1b952f49090f7ee52d252540b8e78f98fb9d22d:1770992115,572473,5031084282167950494806674428243037744881029417420880897305642929037077494331,BUY,0.5699999059499214,3.508769,1.999998,0xb70179e4b9a552581722ed00e1b952f49090f7ee52d252540b8e78f98fb9d22d,"{""proxyWallet"": ""0xfa6c39226b24ca5e6646f68d37abb1ec21a6a67d"", ""side"": ""BUY"", ""asset"": ""83150136706607856437592839018509517486662837687160757125224186815974350988674"", ""conditionId"": ""0xd8a9e4b88229579dcf1c9fda7a5fef2dfe45af732686fb5cbe5976f1c3a19ff6"", ""size"": 3.508769, ""price"": 0.5699999059499214, ""timestamp"": 1770992115, ""title"": ""Ethereum Up or Down - February 13, 9:15AM-9:30AM ET"", ""slug"": ""eth-updown-15m-1770992100"", ""icon"": ""https://polymarket-upload.s3.us-east-2.amazonaws.com/ETH+fullsize.jpg"", ""eventSlug"": ""eth-updown-15m-1770992100"", ""outcome"": ""Up"", ""outcomeIndex"": 0, ""name"": """", ""pseudonym"": """", ""bio"": """", ""profileImage"": """", ""profileImageOptimized"": """", ""transactionHash"": ""0xb70179e4b9a552581722ed00e1b952f49090f7ee52d252540b8e78f98fb9d22d""}"
1770992115,2026-02-13T22:16:33.399281,0xa817adf49db89f82b4f44ea74f8feea3cfb116b8138a218f1d31954bef84a437:1770992115,572473,5031084282167950494806674428243037744881029417420880897305642929037077494331,BUY,0.54,2.0,1.08,0xa817adf49db89f82b4f44ea74f8feea3cfb116b8138a218f1d31954bef84a437,"{""proxyWallet"": ""0xe9aab315f07285b16359e0742b03506d994c089d"", ""side"": ""BUY"", ""asset"": ""26994972425347435898442897109407523146459743206917823865905991587285356057190"", ""conditionId"": ""0x4489d71363e1894219fc1379130c93c763f4343e5851dfbee687e753ab823569"", ""size"": 2, ""price"": 0.54, ""timestamp"": 1770992115, ""title"": ""Bitcoin Up or Down - February 13, 9:15AM-9:30AM ET"", ""slug"": ""btc-updown-15m-1770992100"", ""icon"": ""https://polymarket-upload.s3.us-east-2.amazonaws.com/BTC+fullsize.png"", ""eventSlug"": ""btc-updown-15m-1770992100"", ""outcome"": ""Up"", ""outcomeIndex"": 0, ""name"": """", ""pseudonym"": """", ""bio"": """", ""profileImage"": """", ""profileImageOptimized"": """", ""transactionHash"": ""0xa817adf49db89f82b4f44ea74f8feea3cfb116b8138a218f1d31954bef84a437""}"
1770992115,2026-02-13T22:16:33.399296,0x763f881acd039457efcccfdcba4e4d51f81fdb632a24fb46eb6f5fa03d8a4c5b:1770992115,572473,5031084282167950494806674428243037744881029417420880897305642929037077494331,BUY,0.5899998819998663,2.54237,1.4999980000000002,0x763f881acd039457efcccfdcba4e4d51f81fdb632a24fb46eb6f5fa03d8a4c5b,"{""proxyWallet"": ""0x15fa68925bde8017f1c6143145872ade81c19cee"", ""side"": ""BUY"", ""asset"": ""90341658886988384498394393567391613571011061723370135932732073994821879670427"", ""conditionId"": ""0x2218a943ba016f87b896bb777b2525eebdaab886523bc072cd9618f8d6d9b91e"", ""size"": 2.54237, ""price"": 0.5899998819998663, ""timestamp"": 1770992115, ""title"": ""Bitcoin Up or Down - February 13, 9:15AM-9:20AM ET"", ""slug"": ""btc-updown-5m-1770992100"", ""icon"": ""https://polymarket-upload.s3.us-east-2.amazonaws.com/BTC+fullsize.png"", ""eventSlug"": ""btc-updown-5m-1770992100"", ""outcome"": ""Up"", ""outcomeIndex"": 0, ""name"": """", ""pseudonym"": """", ""bio"": """", ""profileImage"": """", ""profileImageOptimized"": """", ""transactionHash"": ""0x763f881acd039457efcccfdcba4e4d51f81fdb632a24fb46eb6f5fa03d8a4c5b""}"
1770992115,2026-02-13T22:16:33.399312,0x0d78cfa114d2ab26572a42e1fc192e02ccc5fa2f86ddf833151583b23f3a2f4a:1770992115,572473,5031084282167950494806674428243037744881029417420880897305642929037077494331,BUY,0.45,61.15,27.5175,0x0d78cfa114d2ab26572a42e1fc192e02ccc5fa2f86ddf833151583b23f3a2f4a,"{""proxyWallet"": ""0x24ca37de07bc887c782129b7447cce4794ea5829"", ""side"": ""BUY"", ""asset"": ""72387968654551110099588107508582841311469315396559355038205055214090021188414"", ""conditionId"": ""0x2218a943ba016f87b896bb777b2525eebdaab886523bc072cd9618f8d6d9b91e"", ""size"": 61.15, ""price"": 0.45, ""timestamp"": 1770992115, ""title"": ""Bitcoin Up or Down - February 13, 9:15AM-9:20AM ET"", ""slug"": ""btc-updown-5m-1770992100"", ""icon"": ""https://polymarket-upload.s3.us-east-2.amazonaws.com/BTC+fullsize.png"", ""eventSlug"": ""btc-updown-5m-1770992100"", ""outcome"": ""Down"", ""outcomeIndex"": 1, ""name"": ""3j2ei23098ui"", ""pseudonym"": ""Attached-Bedroom"", ""bio"": """", ""profileImage"": """", ""profileImageOptimized"": """", ""transactionHash"": ""0x0d78cfa114d2ab26572a42e1fc192e02ccc5fa2f86ddf833151583b23f3a2f4a""}"
1770992115,2026-02-13T22:16:33.399328,0x25a45cf92a6d6c9ff5ec66b9545573053b709c52eebce3585c16797c43328cf3:1770992115,572473,5031084282167950494806674428243037744881029417420880897305642929037077494331,BUY,0.5505445398134956,38.253034,21.059999,0x25a45cf92a6d6c9ff5ec66b9545573053b709c52eebce3585c16797c43328cf3,"{""proxyWallet"": ""0x55fda5be182e61128d6a61d4ed529e381d0455d7"", ""side"": ""BUY"", ""asset"": ""100245772516588573911551477182776376875898405428059299813479874518461736224912"", ""conditionId"": ""0x71c386d79e0f6163568c8045a4fa0f0ad6e7544441fcde73331ac50fc8bded0c"", ""size"": 38.253034, ""price"": 0.5505445398134956, ""timestamp"": 1770992115, ""title"": ""Solana Up or Down - February 13, 9:15AM-9:30AM ET"", ""slug"": ""sol-updown-15m-1770992100"", ""icon"": ""https://polymarket-upload.s3.us-east-2.amazonaws.com/SOL+fullsize.png"", ""eventSlug"": ""sol-updown-15m-1770992100"", ""outcome"": ""Up"", ""outcomeIndex"": 0, ""name"": """", ""pseudonym"": """", ""bio"": """", ""profileImage"": """", ""profileImageOptimized"": """", ""transactionHash"": ""0x25a45cf92a6d6c9ff5ec66b9545573053b709c52eebce3585c16797c43328cf3""}"
1770992115,2026-02-13T22:16:33.399345,0xa7f6e9b33ff41dc409d3a3f7b1a9f64eb8c8dd8fc2dc8f368d25c4934f509402:1770992115,572473,5031084282167950494806674428243037744881029417420880897305642929037077494331,BUY,0.5699999826101642,5.175437,2.949999,0xa7f6e9b33ff41dc409d3a3f7b1a9f64eb8c8dd8fc2dc8f368d25c4934f509402,"{""proxyWallet"": ""0x2ecd6ca43c725bfe4c094d6283b4a8acdccc5d94"", ""side"": ""BUY"", ""asset"": ""83150136706607856437592839018509517486662837687160757125224186815974350988674"", ""conditionId"": ""0xd8a9e4b88229579dcf1c9fda7a5fef2dfe45af732686fb5cbe5976f1c3a19ff6"", ""size"": 5.175437, ""price"": 0.5699999826101642, ""timestamp"": 1770992115, ""title"": ""Ethereum Up or Down - February 13, 9:15AM-9:30AM ET"", ""slug"": ""eth-updown-15m-1770992100"", ""icon"": ""https://polymarket-upload.s3.us-east-2.amazonaws.com/ETH+fullsize.jpg"", ""eventSlug"": ""eth-updown-15m-1770992100"", ""outcome"": ""Up"", ""outcomeIndex"": 0, ""name"": """", ""pseudonym"": """", ""bio"": """", ""profileImage"": """", ""profileImageOptimized"": """", ""transactionHash"": ""0xa7f6e9b33ff41dc409d3a3f7b1a9f64eb8c8dd8fc2dc8f368d25c4934f509402""}"
1770992115,2026-02-13T22:16:33.399361,0xee1e66459d8269a97c14e7c97535bdabf47dc6a95f9f80c789b4e0325e2f3ca9:1770992115,572473,5031084282167950494806674428243037744881029417420880897305642929037077494331,BUY,0.5599999798561122,9.92857,5.5599989999999995,0xee1e66459d8269a97c14e7c97535bdabf47dc6a95f9f80c789b4e0325e2f3ca9,"{""proxyWallet"": ""0x382cb052ccc4dc4ba033082b783830466641c325"", ""side"": ""BUY"", ""asset"": ""90341658886988384498394393567391613571011061723370135932732073994821879670427"", ""conditionId"": ""0x2218a943ba016f87b896bb777b2525eebdaab886523bc072cd9618f8d6d9b91e"", ""size"": 9.92857, ""price"": 0.5599999798561122, ""timestamp"": 1770992115, ""title"": ""Bitcoin Up or Down - February 13, 9:15AM-9:20AM ET"", ""slug"": ""btc-updown-5m-1770992100"", ""icon"": ""https://polymarket-upload.s3.us-east-2.amazonaws.com/BTC+fullsize.png"", ""eventSlug"": ""btc-updown-5m-1770992100"", ""outcome"": ""Up"", ""outcomeIndex"": 0, ""name"": """", ""pseudonym"": """", ""bio"": """", ""profileImage"": """", ""profileImageOptimized"": """", ""transactionHash"": ""0xee1e66459d8269a97c14e7c97535bdabf47dc6a95f9f80c789b4e0325e2f3ca9""}"
1770992115,2026-02-13T22:16:33.399377,0xcbdcbb60b8f2cee7b7e282ed6d174ff210d8019be4c1607024652ad25a57eddc:1770992115,572473,5031084282167950494806674428243037744881029417420880897305642929037077494331,BUY,0.5699998401866619,1.87719,1.0699979999999998,0xcbdcbb60b8f2cee7b7e282ed6d174ff210d8019be4c1607024652ad25a57eddc,"{""proxyWallet"": ""0xe9aab315f07285b16359e0742b03506d994c089d"", ""side"": ""BUY"", ""asset"": ""83150136706607856437592839018509517486662837687160757125224186815974350988674"", ""conditionId"": ""0xd8a9e4b88229579dcf1c9fda7a5fef2dfe45af732686fb5cbe5976f1c3a19ff6"", ""size"": 1.87719, ""price"": 0.5699998401866619, ""timestamp"": 1770992115, ""title"": ""Ethereum Up or Down - February 13, 9:15AM-9:30AM ET"", ""slug"": ""eth-updown-15m-1770992100"", ""icon"": ""https://polymarket-upload.s3.us-east-2.amazonaws.com/ETH+fullsize.jpg"", ""eventSlug"": ""eth-updown-15m-1770992100"", ""outcome"": ""Up"", ""outcomeIndex"": 0, ""name"": """", ""pseudonym"": """", ""bio"": """", ""profileImage"": """", ""profileImageOptimized"": """", ""transactionHash"": ""0xcbdcbb60b8f2cee7b7e282ed6d174ff210d8019be4c1607024652ad25a57eddc""}"
1770992115,2026-02-13T22:16:33.399393,0x5c35f4e09365c6d6c1fe444dcc729cca41daae0ce9f89010f73059f9a9752366:1770992115,572473,5031084282167950494806674428243037744881029417420880897305642929037077494331,BUY,0.4399999345724761,6.113635,2.6899990000000003,0x5c35f4e09365c6d6c1fe444dcc729cca41daae0ce9f89010f73059f9a9752366,"{""proxyWallet"": ""0xa84edaf1a562eabb463dc6cf4c3e9c407a5edbeb"", ""side"": ""BUY"", ""asset"": ""115049876316220679848172528892493817248770136396084659981371980815574034695630"", ""conditionId"": ""0xd8a9e4b88229579dcf1c9fda7a5fef2dfe45af732686fb5cbe5976f1c3a19ff6"", ""size"": 6.113635, ""price"": 0.4399999345724761, ""timestamp"": 1770992115, ""title"": ""Ethereum Up or Down - February 13, 9:15AM-9:30AM ET"", ""slug"": ""eth-updown-15m-1770992100"", ""icon"": ""https://polymarket-upload.s3.us-east-2.amazonaws.com/ETH+fullsize.jpg"", ""eventSlug"": ""eth-updown-15m-1770992100"", ""outcome"": ""Down"", ""outcomeIndex"": 1, ""name"": ""VOID-PEPPER"", ""pseudonym"": ""Irritating-Fatigue"", ""bio"": """", ""profileImage"": """", ""profileImageOptimized"": """", ""transactionHash"": ""0x5c35f4e09365c6d6c1fe444dcc729cca41daae0ce9f89010f73059f9a9752366""}"
1770992115,2026-02-13T22:16:33.399410,0x197b1aa7020a7b3746a56e0d760d618a24e794762707a7049fbb458df1133902:1770992115,572473,5031084282167950494806674428243037744881029417420880897305642929037077494331,BUY,0.62,5.0,3.1,0x197b1aa7020a7b3746a56e0d760d618a24e794762707a7049fbb458df1133902,"{""proxyWallet"": ""0x8c95bdc397fd1dfb065492983e33180d37dd6844"", ""side"": ""BUY"", ""asset"": ""99701090279569804177487551653666799609376293686404281564983217251637452050047"", ""conditionId"": ""0x40a3f1ff00c0b7e68b7efee0041711e766db231f5b8d9834742c4fc13e4948f7"", ""size"": 5, ""price"": 0.62, ""timestamp"": 1770992115, ""title"": ""Dubai Duty Free Tennis Championships, Qualification: Elisabetta Cocciaretto vs Donna Vekic"", ""slug"": ""wta-cocciar-vekic-2026-02-13"", ""icon"": ""https://polymarket-upload.s3.us-east-2.amazonaws.com/wta-logo-41f331bdf1.png"", ""eventSlug"": ""wta-cocciar-vekic-2026-02-13"", ""outcome"": ""Vekic"", ""outcomeIndex"": 1, ""name"": ""yoyo12332"", ""pseudonym"": ""Worried-Contingency"", ""bio"": """", ""profileImage"": """", ""profileImageOptimized"": """", ""transactionHash"": ""0x197b1aa7020a7b3746a56e0d760d618a24e794762707a7049fbb458df1133902""}"
1770992115,2026-02-13T22:16:33.399427,0xedfb18c9b07ea3e3efa735afd943c8b4f8e3225fabf8fa5db136c76305e9cf50:1770992115,572473,5031084282167950494806674428243037744881029417420880897305642929037077494331,BUY,0.5699999555399857,8.771927,4.999998000000001,0xedfb18c9b07ea3e3efa735afd943c8b4f8e3225fabf8fa5db136c76305e9cf50,"{""proxyWallet"": ""0xdaf3b56ccd31efab3820800104e6589720a1774e"", ""side"": ""BUY"", ""asset"": ""83150136706607856437592839018509517486662837687160757125224186815974350988674"", ""conditionId"": ""0xd8a9e4b88229579dcf1c9fda7a5fef2dfe45af732686fb5cbe5976f1c3a19ff6"", ""size"": 8.771927, ""price"": 0.5699999555399857, ""timestamp"": 1770992115, ""title"": ""Ethereum Up or Down - February 13, 9:15AM-9:30AM ET"", ""slug"": ""eth-updown-15m-1770992100"", ""icon"": ""https://polymarket-upload.s3.us-east-2.amazonaws.com/ETH+fullsize.jpg"", ""eventSlug"": ""eth-updown-15m-1770992100"", ""outcome"": ""Up"", ""outcomeIndex"": 0, ""name"": """", ""pseudonym"": """", ""bio"": """", ""profileImage"": """", ""profileImageOptimized"": """", ""transactionHash"": ""0xedfb18c9b07ea3e3efa735afd943c8b4f8e3225fabf8fa5db136c76305e9cf50""}"
1770992115,2026-02-13T22:16:33.399443,0x1ddbb4e00825f6471e24422c2c3e3304392f356828f64095ddc5f949d2da54d3:1770992115,572473,5031084282167950494806674428243037744881029417420880897305642929037077494331,BUY,0.5399999914285702,11.666665,6.299999000000001,0x1ddbb4e00825f6471e24422c2c3e3304392f356828f64095ddc5f949d2da54d3,"{""proxyWallet"": ""0x382cb052ccc4dc4ba033082b783830466641c325"", ""side"": ""BUY"", ""asset"": ""26994972425347435898442897109407523146459743206917823865905991587285356057190"", ""conditionId"": ""0x4489d71363e1894219fc1379130c93c763f4343e5851dfbee687e753ab823569"", ""size"": 11.666665, ""price"": 0.5399999914285702, ""timestamp"": 1770992115, ""title"": ""Bitcoin Up or Down - February 13, 9:15AM-9:30AM ET"", ""slug"": ""btc-updown-15m-1770992100"", ""icon"": ""https://polymarket-upload.s3.us-east-2.amazonaws.com/BTC+fullsize.png"", ""eventSlug"": ""btc-updown-15m-1770992100"", ""outcome"": ""Up"", ""outcomeIndex"": 0, ""name"": """", ""pseudonym"": """", ""bio"": """", ""profileImage"": """", ""profileImageOptimized"": """", ""transactionHash"": ""0x1ddbb4e00825f6471e24422c2c3e3304392f356828f64095ddc5f949d2da54d3""}"
1770992115,2026-02-13T22:16:33.399459,0xf2626eeac5ef3338c8034df578e2f5905d34f205b77f23899c29a53f1d8e6a7f:1770992115,572473,5031084282167950494806674428243037744881029417420880897305642929037077494331,BUY,0.57,8.62,4.913399999999999,0xf2626eeac5ef3338c8034df578e2f5905d34f205b77f23899c29a53f1d8e6a7f,"{""proxyWallet"": ""0xe6cef1403b5a704d0ca8be6aeaed6916a11a8884"", ""side"": ""BUY"", ""asset"": ""83150136706607856437592839018509517486662837687160757125224186815974350988674"", ""conditionId"": ""0xd8a9e4b88229579dcf1c9fda7a5fef2dfe45af732686fb5cbe5976f1c3a19ff6"", ""size"": 8.62, ""price"": 0.57, ""timestamp"": 1770992115, ""title"": ""Ethereum Up or Down - February 13, 9:15AM-9:30AM ET"", ""slug"": ""eth-updown-15m-1770992100"", ""icon"": ""https://polymarket-upload.s3.us-east-2.amazonaws.com/ETH+fullsize.jpg"", ""eventSlug"": ""eth-updown-15m-1770992100"", ""outcome"": ""Up"", ""outcomeIndex"": 0, ""name"": ""nigegezhenshuai"", ""pseudonym"": ""Super-Macaroon"", ""bio"": """", ""profileImage"": """", ""profileImageOptimized"": """", ""transactionHash"": ""0xf2626eeac5ef3338c8034df578e2f5905d34f205b77f23899c29a53f1d8e6a7f""}"
1770992115,2026-02-13T22:16:33.399476,0x8be7a5799678b96d53f3acc07d18e8cf71b3a5de6c57ed3320e860fd01ea76a4:1770992115,572473,5031084282167950494806674428243037744881029417420880897305642929037077494331,BUY,0.5699999826101642,5.175437,2.949999,0x8be7a5799678b96d53f3acc07d18e8cf71b3a5de6c57ed3320e860fd01ea76a4,"{""proxyWallet"": ""0x44d836806906df8b127514e2c28b6a3effdc111e"", ""side"": ""BUY"", ""asset"": ""83150136706607856437592839018509517486662837687160757125224186815974350988674"", ""conditionId"": ""0xd8a9e4b88229579dcf1c9fda7a5fef2dfe45af732686fb5cbe5976f1c3a19ff6"", ""size"": 5.175437, ""price"": 0.5699999826101642, ""timestamp"": 1770992115, ""title"": ""Ethereum Up or Down - February 13, 9:15AM-9:30AM ET"", ""slug"": ""eth-updown-15m-1770992100"", ""icon"": ""https://polymarket-upload.s3.us-east-2.amazonaws.com/ETH+fullsize.jpg"", ""eventSlug"": ""eth-updown-15m-1770992100"", ""outcome"": ""Up"", ""outcomeIndex"": 0, ""name"": """", ""pseudonym"": """", ""bio"": """", ""profileImage"": """", ""profileImageOptimized"": """", ""transactionHash"": ""0x8be7a5799678b96d53f3acc07d18e8cf71b3a5de6c57ed3320e860fd01ea76a4""}"
1770992115,2026-02-13T22:16:33.399492,0x328b7c0128b1c9168fc9ec40c6db5ce6660df820280665c944e3b258c13f0c64:1770992115,572473,5031084282167950494806674428243037744881029417420880897305642929037077494331,BUY,0.5899999704999955,8.474575,4.999999,0x328b7c0128b1c9168fc9ec40c6db5ce6660df820280665c944e3b258c13f0c64,"{""proxyWallet"": ""0xc60ff2cab5190b0de68f078ca6da38bf71fe742d"", ""side"": ""BUY"", ""asset"": ""90341658886988384498394393567391613571011061723370135932732073994821879670427"", ""conditionId"": ""0x2218a943ba016f87b896bb777b2525eebdaab886523bc072cd9618f8d6d9b91e"", ""size"": 8.474575, ""price"": 0.5899999704999955, ""timestamp"": 1770992115, ""title"": ""Bitcoin Up or Down - February 13, 9:15AM-9:20AM ET"", ""slug"": ""btc-updown-5m-1770992100"", ""icon"": ""https://polymarket-upload.s3.us-east-2.amazonaws.com/BTC+fullsize.png"", ""eventSlug"": ""btc-updown-5m-1770992100"", ""outcome"": ""Up"", ""outcomeIndex"": 0, ""name"": """", ""pseudonym"": """", ""bio"": """", ""profileImage"": """", ""profileImageOptimized"": """", ""transactionHash"": ""0x328b7c0128b1c9168fc9ec40c6db5ce6660df820280665c944e3b258c13f0c64""}"
1770992115,2026-02-13T22:16:33.399508,0xe770df3db9fa3e13bd92b24ac3a19b909d2ae829a55859b5e04f58ff35d28660:1770992115,572473,5031084282167950494806674428243037744881029417420880897305642929037077494331,BUY,0.44,2.5,1.1,0xe770df3db9fa3e13bd92b24ac3a19b909d2ae829a55859b5e04f58ff35d28660,"{""proxyWallet"": ""0x69cc4544e43ea1dba55a7213d69342c5e0090d7d"", ""side"": ""BUY"", ""asset"": ""115049876316220679848172528892493817248770136396084659981371980815574034695630"", ""conditionId"": ""0xd8a9e4b88229579dcf1c9fda7a5fef2dfe45af732686fb5cbe5976f1c3a19ff6"", ""size"": 2.5, ""price"": 0.44, ""timestamp"": 1770992115, ""title"": ""Ethereum Up or Down - February 13, 9:15AM-9:30AM ET"", ""slug"": ""eth-updown-15m-1770992100"", ""icon"": ""https://polymarket-upload.s3.us-east-2.amazonaws.com/ETH+fullsize.jpg"", ""eventSlug"": ""eth-updown-15m-1770992100"", ""outcome"": ""Down"", ""outcomeIndex"": 1, ""name"": ""wa003"", ""pseudonym"": ""Ragged-Lunge"", ""bio"": """", ""profileImage"": """", ""profileImageOptimized"": """", ""transactionHash"": ""0xe770df3db9fa3e13bd92b24ac3a19b909d2ae829a55859b5e04f58ff35d28660""}"
1770992115,2026-02-13T22:16:33.399524,0x75a8f068ae3d7fb128e1c7d498514b45a05dc76668ec4ff0e3e4752cf9d05823:1770992115,572473,5031084282167950494806674428243037744881029417420880897305642929037077494331,BUY,0.44999985681809723,2.444443,1.0999990000000002,0x75a8f068ae3d7fb128e1c7d498514b45a05dc76668ec4ff0e3e4752cf9d05823,"{""proxyWallet"": ""0xeb0bc2b3b67b3b8e8326cd920328c0a8515f9948"", ""side"": ""BUY"", ""asset"": ""72387968654551110099588107508582841311469315396559355038205055214090021188414"", ""conditionId"": ""0x2218a943ba016f87b896bb777b2525eebdaab886523bc072cd9618f8d6d9b91e"", ""size"": 2.444443, ""price"": 0.44999985681809723, ""timestamp"": 1770992115, ""title"": ""Bitcoin Up or Down - February 13, 9:15AM-9:20AM ET"", ""slug"": ""btc-updown-5m-1770992100"", ""icon"": ""https://polymarket-upload.s3.us-east-2.amazonaws.com/BTC+fullsize.png"", ""eventSlug"": ""btc-updown-5m-1770992100"", ""outcome"": ""Down"", ""outcomeIndex"": 1, ""name"": """", ""pseudonym"": """", ""bio"": """", ""profileImage"": """", ""profileImageOptimized"": """", ""transactionHash"": ""0x75a8f068ae3d7fb128e1c7d498514b45a05dc76668ec4ff0e3e4752cf9d05823""}"
1770992115,2026-02-13T22:16:33.399540,0xb60f4347da68c35a13023e5925e5f259aad15c9e38b084345bdcd87dea403d9a:1770992115,572473,5031084282167950494806674428243037744881029417420880897305642929037077494331,BUY,0.54,5.26,2.8404000000000003,0xb60f4347da68c35a13023e5925e5f259aad15c9e38b084345bdcd87dea403d9a,"{""proxyWallet"": ""0x1c32044f8ef67cde7e4ebadc9195189b854564ae"", ""side"": ""BUY"", ""asset"": ""26994972425347435898442897109407523146459743206917823865905991587285356057190"", ""conditionId"": ""0x4489d71363e1894219fc1379130c93c763f4343e5851dfbee687e753ab823569"", ""size"": 5.26, ""price"": 0.54, ""timestamp"": 1770992115, ""title"": ""Bitcoin Up or Down - February 13, 9:15AM-9:30AM ET"", ""slug"": ""btc-updown-15m-1770992100"", ""icon"": ""https://polymarket-upload.s3.us-east-2.amazonaws.com/BTC+fullsize.png"", ""eventSlug"": ""btc-updown-15m-1770992100"", ""outcome"": ""Up"", ""outcomeIndex"": 0, ""name"": ""Lengjingkaidanw3"", ""pseudonym"": ""Necessary-Population"", ""bio"": """", ""profileImage"": """", ""profileImageOptimized"": """", ""transactionHash"": ""0xb60f4347da68c35a13023e5925e5f259aad15c9e38b084345bdcd87dea403d9a""}"
1770992115,2026-02-13T22:16:33.399557,0x70f27a9a513f9f7949b56aadd9a1acccbe7dd5a883d9f87add84ae9daa2d3dce:1770992115,572473,5031084282167950494806674428243037744881029417420880897305642929037077494331,BUY,0.54,7.79,4.2066,0x70f27a9a513f9f7949b56aadd9a1acccbe7dd5a883d9f87add84ae9daa2d3dce,"{""proxyWallet"": ""0xb7245838d161c9bef8f834f8e95c4fda47ba12c5"", ""side"": ""BUY"", ""asset"": ""26994972425347435898442897109407523146459743206917823865905991587285356057190"", ""conditionId"": ""0x4489d71363e1894219fc1379130c93c763f4343e5851dfbee687e753ab823569"", ""size"": 7.79, ""price"": 0.54, ""timestamp"": 1770992115, ""title"": ""Bitcoin Up or Down - February 13, 9:15AM-9:30AM ET"", ""slug"": ""btc-updown-15m-1770992100"", ""icon"": ""https://polymarket-upload.s3.us-east-2.amazonaws.com/BTC+fullsize.png"", ""eventSlug"": ""btc-updown-15m-1770992100"", ""outcome"": ""Up"", ""outcomeIndex"": 0, ""name"": """", ""pseudonym"": """", ""bio"": """", ""profileImage"": """", ""profileImageOptimized"": """", ""transactionHash"": ""0x70f27a9a513f9f7949b56aadd9a1acccbe7dd5a883d9f87add84ae9daa2d3dce""}"
1770992115,2026-02-13T22:16:33.399573,0xe4bdba94db8aa9efd1a5006e5de9a51ad7d28b3487d8e21f5e630c00cbbc835c:1770992115,572473,5031084282167950494806674428243037744881029417420880897305642929037077494331,BUY,0.5699999472749785,7.017541,3.9999979999999997,0xe4bdba94db8aa9efd1a5006e5de9a51ad7d28b3487d8e21f5e630c00cbbc835c,"{""proxyWallet"": ""0x3dfcb8c65b791e3f457e4133710b12d44844bd35"", ""side"": ""BUY"", ""asset"": ""83150136706607856437592839018509517486662837687160757125224186815974350988674"", ""conditionId"": ""0xd8a9e4b88229579dcf1c9fda7a5fef2dfe45af732686fb5cbe5976f1c3a19ff6"", ""size"": 7.017541, ""price"": 0.5699999472749785, ""timestamp"": 1770992115, ""title"": ""Ethereum Up or Down - February 13, 9:15AM-9:30AM ET"", ""slug"": ""eth-updown-15m-1770992100"", ""icon"": ""https://polymarket-upload.s3.us-east-2.amazonaws.com/ETH+fullsize.jpg"", ""eventSlug"": ""eth-updown-15m-1770992100"", ""outcome"": ""Up"", ""outcomeIndex"": 0, ""name"": """", ""pseudonym"": """", ""bio"": """", ""profileImage"": """", ""profileImageOptimized"": """", ""transactionHash"": ""0xe4bdba94db8aa9efd1a5006e5de9a51ad7d28b3487d8e21f5e630c00cbbc835c""}"
1770992115,2026-02-13T22:16:33.399589,0x3bb12c5ba7bea43f94c4114c530538bba8ed01ac371b28d4370311a3af7eeee8:1770992115,572473,5031084282167950494806674428243037744881029417420880897305642929037077494331,BUY,0.5699999555399857,8.771927,4.999998000000001,0x3bb12c5ba7bea43f94c4114c530538bba8ed01ac371b28d4370311a3af7eeee8,"{""proxyWallet"": ""0xc60ff2cab5190b0de68f078ca6da38bf71fe742d"", ""side"": ""BUY"", ""asset"": ""83150136706607856437592839018509517486662837687160757125224186815974350988674"", ""conditionId"": ""0xd8a9e4b88229579dcf1c9fda7a5fef2dfe45af732686fb5cbe5976f1c3a19ff6"", ""size"": 8.771927, ""price"": 0.5699999555399857, ""timestamp"": 1770992115, ""title"": ""Ethereum Up or Down - February 13, 9:15AM-9:30AM ET"", ""slug"": ""eth-updown-15m-1770992100"", ""icon"": ""https://polymarket-upload.s3.us-east-2.amazonaws.com/ETH+fullsize.jpg"", ""eventSlug"": ""eth-updown-15m-1770992100"", ""outcome"": ""Up"", ""outcomeIndex"": 0, ""name"": """", ""pseudonym"": """", ""bio"": """", ""profileImage"": """", ""profileImageOptimized"": """", ""transactionHash"": ""0x3bb12c5ba7bea43f94c4114c530538bba8ed01ac371b28d4370311a3af7eeee8""}"
1770992115,2026-02-13T22:16:33.399606,0x7c2b8590b67d8a7a9eb2b885929626ad900b6a2816ab9c6f2e96b73eb2b6f99f:1770992115,572473,5031084282167950494806674428243037744881029417420880897305642929037077494331,BUY,0.5399998990653451,1.98148,1.069999,0x7c2b8590b67d8a7a9eb2b885929626ad900b6a2816ab9c6f2e96b73eb2b6f99f,"{""proxyWallet"": ""0xe9aab315f07285b16359e0742b03506d994c089d"", ""side"": ""BUY"", ""asset"": ""26994972425347435898442897109407523146459743206917823865905991587285356057190"", ""conditionId"": ""0x4489d71363e1894219fc1379130c93c763f4343e5851dfbee687e753ab823569"", ""size"": 1.98148, ""price"": 0.5399998990653451, ""timestamp"": 1770992115, ""title"": ""Bitcoin Up or Down - February 13, 9:15AM-9:30AM ET"", ""slug"": ""btc-updown-15m-1770992100"", ""icon"": ""https://polymarket-upload.s3.us-east-2.amazonaws.com/BTC+fullsize.png"", ""eventSlug"": ""btc-updown-15m-1770992100"", ""outcome"": ""Up"", ""outcomeIndex"": 0, ""name"": """", ""pseudonym"": """", ""bio"": """", ""profileImage"": """", ""profileImageOptimized"": """", ""transactionHash"": ""0x7c2b8590b67d8a7a9eb2b885929626ad900b6a2816ab9c6f2e96b73eb2b6f99f""}"
1770992115,2026-02-13T22:16:33.399622,0x267e28344a5bcda9af8182b344160a93813cec4651643a79a0386c058a8d591b:1770992115,572473,5031084282167950494806674428243037744881029417420880897305642929037077494331,BUY,0.5899999639208525,4.711863,2.779999,0x267e28344a5bcda9af8182b344160a93813cec4651643a79a0386c058a8d591b,"{""proxyWallet"": ""0x7bdca6beb310e48dd39b116c52ed10fc67756c16"", ""side"": ""BUY"", ""asset"": ""90341658886988384498394393567391613571011061723370135932732073994821879670427"", ""conditionId"": ""0x2218a943ba016f87b896bb777b2525eebdaab886523bc072cd9618f8d6d9b91e"", ""size"": 4.711863, ""price"": 0.5899999639208525, ""timestamp"": 1770992115, ""title"": ""Bitcoin Up or Down - February 13, 9:15AM-9:20AM ET"", ""slug"": ""btc-updown-5m-1770992100"", ""icon"": ""https://polymarket-upload.s3.us-east-2.amazonaws.com/BTC+fullsize.png"", ""eventSlug"": ""btc-updown-5m-1770992100"", ""outcome"": ""Up"", ""outcomeIndex"": 0, ""name"": """", ""pseudonym"": """", ""bio"": """", ""profileImage"": """", ""profileImageOptimized"": """", ""transactionHash"": ""0x267e28344a5bcda9af8182b344160a93813cec4651643a79a0386c058a8d591b""}"
1770992115,2026-02-13T22:16:33.399638,0x967cf8f44cbddac48d42771939b9b7d681dee218259298730cc898fcf6c68363:1770992115,572473,5031084282167950494806674428243037744881029417420880897305642929037077494331,BUY,0.5499999421052387,3.454544,1.8999989999999998,0x967cf8f44cbddac48d42771939b9b7d681dee218259298730cc898fcf6c68363,"{""proxyWallet"": ""0xe40dc31552e93e79367bfcd38482f6130b6ca1fc"", ""side"": ""BUY"", ""asset"": ""2844181740250277267185676628544795343619398422178996052107086417055587681337"", ""conditionId"": ""0x62e16747c11d83e4979ac118cddda13c972f7e83b98400734ad9126a71fa09b1"", ""size"": 3.454544, ""price"": 0.5499999421052387, ""timestamp"": 1770992115, ""title"": ""XRP Up or Down - February 13, 9:15AM-9:30AM ET"", ""slug"": ""xrp-updown-15m-1770992100"", ""icon"": ""https://polymarket-upload.s3.us-east-2.amazonaws.com/XRP-logo.png"", ""eventSlug"": ""xrp-updown-15m-1770992100"", ""outcome"": ""Up"", ""outcomeIndex"": 0, ""name"": ""bornforairdrop"", ""pseudonym"": ""Lonely-Ox"", ""bio"": """", ""profileImage"": """", ""profileImageOptimized"": """", ""transactionHash"": ""0x967cf8f44cbddac48d42771939b9b7d681dee218259298730cc898fcf6c68363""}"
1770992115,2026-02-13T22:16:33.399655,0x1406e3e83d09683c587a26c33921f7e5734d121595c517d2fb8ea59216a145df:1770992115,572473,5031084282167950494806674428243037744881029417420880897305642929037077494331,BUY,0.01363635697314042,146.666665,1.9999989999999999,0x1406e3e83d09683c587a26c33921f7e5734d121595c517d2fb8ea59216a145df,"{""proxyWallet"": ""0x0f352d435ba1c1d678d4337c2f8aaf029b944ce2"", ""side"": ""BUY"", ""asset"": ""45898979561776724675674269540705289853904297480687405423030789870584323984150"", ""conditionId"": ""0x2749c8d903eb43d4be7ec2c3dc9608613089175450dab63022bf2dab042544f6"", ""size"": 146.666665, ""price"": 0.01363635697314042, ""timestamp"": 1770992115, ""title"": ""Will the 2026 Bad Bunny Super Bowl halftime show video get between 125M and 150M views in its first 7 days?"", ""slug"": ""will-the-2026-bad-bunny-super-bowl-halftime-show-video-get-between-125m-and-150m-views-in-its-first-7-days"", ""icon"": ""https://polymarket-upload.s3.us-east-2.amazonaws.com/of-views-on-bad-bunny-halftime-show-youtube-in-week-1-v0gAisK43jsJ.jpg"", ""eventSlug"": ""of-views-on-bad-bunny-halftime-show-youtube-in-week-1"", ""outcome"": ""Yes"", ""outcomeIndex"": 0, ""name"": ""skewty"", ""pseudonym"": ""Thin-Redesign"", ""bio"": """", ""profileImage"": """", ""profileImageOptimized"": """", ""transactionHash"": ""0x1406e3e83d09683c587a26c33921f7e5734d121595c517d2fb8ea59216a145df""}"
1770992115,2026-02-13T22:16:33.399675,0xa27f1db259294f3c5cb579ab8348eb93a8a3bda63ec44ab27e52ed96cb09d987:1770992115,572473,5031084282167950494806674428243037744881029417420880897305642929037077494331,BUY,0.43999998307692045,11.81818,5.199999,0xa27f1db259294f3c5cb579ab8348eb93a8a3bda63ec44ab27e52ed96cb09d987,"{""proxyWallet"": ""0x22fcf29bb8dfe6f62d0983f3f9d022b385ba55d2"", ""side"": ""BUY"", ""asset"": ""72387968654551110099588107508582841311469315396559355038205055214090021188414"", ""conditionId"": ""0x2218a943ba016f87b896bb777b2525eebdaab886523bc072cd9618f8d6d9b91e"", ""size"": 11.81818, ""price"": 0.43999998307692045, ""timestamp"": 1770992115, ""title"": ""Bitcoin Up or Down - February 13, 9:15AM-9:20AM ET"", ""slug"": ""btc-updown-5m-1770992100"", ""icon"": ""https://polymarket-upload.s3.us-east-2.amazonaws.com/BTC+fullsize.png"", ""eventSlug"": ""btc-updown-5m-1770992100"", ""outcome"": ""Down"", ""outcomeIndex"": 1, ""name"": """", ""pseudonym"": """", ""bio"": """", ""profileImage"": """", ""profileImageOptimized"": """", ""transactionHash"": ""0xa27f1db259294f3c5cb579ab8348eb93a8a3bda63ec44ab27e52ed96cb09d987""}"
1770992115,2026-02-13T22:16:33.399692,0x238503fa535610f978be40eb0ff00f3536b4c752ec44dc056d03cc73a5aba16d:1770992115,572473,5031084282167950494806674428243037744881029417420880897305642929037077494331,BUY,0.5599999026086279,2.05357,1.149999,0x238503fa535610f978be40eb0ff00f3536b4c752ec44dc056d03cc73a5aba16d,"{""proxyWallet"": ""0x0f3e225b423ac0a2b193d64bfb82c8829d65ab8b"", ""side"": ""BUY"", ""asset"": ""100245772516588573911551477182776376875898405428059299813479874518461736224912"", ""conditionId"": ""0x71c386d79e0f6163568c8045a4fa0f0ad6e7544441fcde73331ac50fc8bded0c"", ""size"": 2.05357, ""price"": 0.5599999026086279, ""timestamp"": 1770992115, ""title"": ""Solana Up or Down - February 13, 9:15AM-9:30AM ET"", ""slug"": ""sol-updown-15m-1770992100"", ""icon"": ""https://polymarket-upload.s3.us-east-2.amazonaws.com/SOL+fullsize.png"", ""eventSlug"": ""sol-updown-15m-1770992100"", ""outcome"": ""Up"", ""outcomeIndex"": 0, ""name"": """", ""pseudonym"": """", ""bio"": """", ""profileImage"": """", ""profileImageOptimized"": """", ""transactionHash"": ""0x238503fa535610f978be40eb0ff00f3536b4c752ec44dc056d03cc73a5aba16d""}"
1770992115,2026-02-13T22:16:33.399708,0x3019e83401f733e6a3821e1398cf7ec812f40bd2061730d8b1f3cb93178e20a1:1770992115,572473,5031084282167950494806674428243037744881029417420880897305642929037077494331,BUY,0.88,10.0,8.8,0x3019e83401f733e6a3821e1398cf7ec812f40bd2061730d8b1f3cb93178e20a1,"{""proxyWallet"": ""0x742ff6df87485287bb4db5b0d7fa7af13047d673"", ""side"": ""BUY"", ""asset"": ""102853625404709447393011743925648186778620134713672557485423359553984472647856"", ""conditionId"": ""0x7cd52563072c8b26e9e1eb4d749a685bf17854bc2aa68c26dcb0a2ceb3bd81e3"", ""size"": 10, ""price"": 0.88, ""timestamp"": 1770992115, ""title"": ""Al Shabab Saudi Club vs. Al Ahli Saudi Club: O/U 2.5"", ""slug"": ""spl-sha-ahl-2026-02-13-total-2pt5"", ""icon"": ""https://polymarket-upload.s3.us-east-2.amazonaws.com/saudi-league-0eb74ab5b8.png"", ""eventSlug"": ""spl-sha-ahl-2026-02-13-more-markets"", ""outcome"": ""Over"", ""outcomeIndex"": 0, ""name"": ""khanoftruth"", ""pseudonym"": ""Phony-Viability"", ""bio"": """", ""profileImage"": """", ""profileImageOptimized"": """", ""transactionHash"": ""0x3019e83401f733e6a3821e1398cf7ec812f40bd2061730d8b1f3cb93178e20a1""}"
1770992115,2026-02-13T22:16:33.399724,0xa2978f1630823bea50b7fb5d92f171ceaddca6cd90c3932b14b63acbd38255e6:1770992115,572473,5031084282167950494806674428243037744881029417420880897305642929037077494331,BUY,0.47,5.0,2.3499999999999996,0xa2978f1630823bea50b7fb5d92f171ceaddca6cd90c3932b14b63acbd38255e6,"{""proxyWallet"": ""0x04401ffdbbd7d51fadc35c7106943b9bfb147d17"", ""side"": ""BUY"", ""asset"": ""79977699093326922498273634549052678411362219648189898097966968380456514170585"", ""conditionId"": ""0x4489d71363e1894219fc1379130c93c763f4343e5851dfbee687e753ab823569"", ""size"": 5, ""price"": 0.47, ""timestamp"": 1770992115, ""title"": ""Bitcoin Up or Down - February 13, 9:15AM-9:30AM ET"", ""slug"": ""btc-updown-15m-1770992100"", ""icon"": ""https://polymarket-upload.s3.us-east-2.amazonaws.com/BTC+fullsize.png"", ""eventSlug"": ""btc-updown-15m-1770992100"", ""outcome"": ""Down"", ""outcomeIndex"": 1, ""name"": ""donald122"", ""pseudonym"": ""Hospitable-Anguish"", ""bio"": """", ""profileImage"": """", ""profileImageOptimized"": """", ""transactionHash"": ""0xa2978f1630823bea50b7fb5d92f171ceaddca6cd90c3932b14b63acbd38255e6""}"
1770992115,2026-02-13T22:16:33.399740,0x549ae6ea1f0badf1112e21a0089052ceebb1723afacc1bffadf17294168e7550:1770992115,572473,5031084282167950494806674428243037744881029417420880897305642929037077494331,BUY,0.44,10.0,4.4,0x549ae6ea1f0badf1112e21a0089052ceebb1723afacc1bffadf17294168e7550,"{""proxyWallet"": ""0x7aa5f1f5afbac21be97b70c16a5ce27d4e4593cd"", ""side"": ""BUY"", ""asset"": ""115049876316220679848172528892493817248770136396084659981371980815574034695630"", ""conditionId"": ""0xd8a9e4b88229579dcf1c9fda7a5fef2dfe45af732686fb5cbe5976f1c3a19ff6"", ""size"": 10, ""price"": 0.44, ""timestamp"": 1770992115, ""title"": ""Ethereum Up or Down - February 13, 9:15AM-9:30AM ET"", ""slug"": ""eth-updown-15m-1770992100"", ""icon"": ""https://polymarket-upload.s3.us-east-2.amazonaws.com/ETH+fullsize.jpg"", ""eventSlug"": ""eth-updown-15m-1770992100"", ""outcome"": ""Down"", ""outcomeIndex"": 1, ""name"": ""azop"", ""pseudonym"": ""Grumpy-Tin"", ""bio"": """", ""profileImage"": """", ""profileImageOptimized"": """", ""transactionHash"": ""0x549ae6ea1f0badf1112e21a0089052ceebb1723afacc1bffadf17294168e7550""}"
1770992115,2026-02-13T22:16:33.399756,0x27c10dc9a5700b95c924ea7c648c0e7acec0c220e1bf4070d78f8ece040541c5:1770992115,572473,5031084282167950494806674428243037744881029417420880897305642929037077494331,BUY,0.5699999555399857,8.771927,4.999998000000001,0x27c10dc9a5700b95c924ea7c648c0e7acec0c220e1bf4070d78f8ece040541c5,"{""proxyWallet"": ""0xdc92b303dab1637e987bd7a5959bfab2a3b1741b"", ""side"": ""BUY"", ""asset"": ""83150136706607856437592839018509517486662837687160757125224186815974350988674"", ""conditionId"": ""0xd8a9e4b88229579dcf1c9fda7a5fef2dfe45af732686fb5cbe5976f1c3a19ff6"", ""size"": 8.771927, ""price"": 0.5699999555399857, ""timestamp"": 1770992115, ""title"": ""Ethereum Up or Down - February 13, 9:15AM-9:30AM ET"", ""slug"": ""eth-updown-15m-1770992100"", ""icon"": ""https://polymarket-upload.s3.us-east-2.amazonaws.com/ETH+fullsize.jpg"", ""eventSlug"": ""eth-updown-15m-1770992100"", ""outcome"": ""Up"", ""outcomeIndex"": 0, ""name"": ""Rhydian555"", ""pseudonym"": ""Silent-Codepage"", ""bio"": """", ""profileImage"": ""https://polymarket-upload.s3.us-east-2.amazonaws.com/profile-image-5930900-b39759d1-07b4-47d7-abcf-704c600f84f3.jpg"", ""profileImageOptimized"": """", ""transactionHash"": ""0x27c10dc9a5700b95c924ea7c648c0e7acec0c220e1bf4070d78f8ece040541c5""}"
1770992115,2026-02-13T22:16:33.399776,0x09ca714d9f8cc4f9d82c37a231059ff22401cb27ad56f83952ae8b58fe20e821:1770992115,572473,5031084282167950494806674428243037744881029417420880897305642929037077494331,BUY,0.58,21.0,12.18,0x09ca714d9f8cc4f9d82c37a231059ff22401cb27ad56f83952ae8b58fe20e821,"{""proxyWallet"": ""0x113d4c0b5a6702ab045ea2cba7c3f71d51fc3ce8"", ""side"": ""BUY"", ""asset"": ""36474504519665948978741801260654876668976739173594406904812576883021855994311"", ""conditionId"": ""0x63b78326a8de19a65606874e669c02704fea27203945d1ac767fe57efa7d209e"", ""size"": 21, ""price"": 0.58, ""timestamp"": 1770992115, ""title"": ""Bitcoin Up or Down - February 13, 9AM ET"", ""slug"": ""bitcoin-up-or-down-february-13-9am-et"", ""icon"": ""https://polymarket-upload.s3.us-east-2.amazonaws.com/BTC+fullsize.png"", ""eventSlug"": ""bitcoin-up-or-down-february-13-9am-et"", ""outcome"": ""Down"", ""outcomeIndex"": 1, ""name"": ""charles-de-g"", ""pseudonym"": ""Black-Popcorn"", ""bio"": ""bienvenue dans la resistance"", ""profileImage"": ""https://polymarket-upload.s3.us-east-2.amazonaws.com/profile-image-4760483-2266181c-efa3-46e7-8f17-4046b9b7547b.jpeg"", ""profileImageOptimized"": """", ""transactionHash"": ""0x09ca714d9f8cc4f9d82c37a231059ff22401cb27ad56f83952ae8b58fe20e821""}"
1770992115,2026-02-13T22:16:33.399794,0xb783e5b4bfb9a7262163913509b9bc49cc67011574633c148eb2bbe9e50b6485:1770992115,572473,5031084282167950494806674428243037744881029417420880897305642929037077494331,BUY,0.5699999555399857,8.771927,4.999998000000001,0xb783e5b4bfb9a7262163913509b9bc49cc67011574633c148eb2bbe9e50b6485,"{""proxyWallet"": ""0x341b09435a757992700eb27e63844bacabcb4a23"", ""side"": ""BUY"", ""asset"": ""83150136706607856437592839018509517486662837687160757125224186815974350988674"", ""conditionId"": ""0xd8a9e4b88229579dcf1c9fda7a5fef2dfe45af732686fb5cbe5976f1c3a19ff6"", ""size"": 8.771927, ""price"": 0.5699999555399857, ""timestamp"": 1770992115, ""title"": ""Ethereum Up or Down - February 13, 9:15AM-9:30AM ET"", ""slug"": ""eth-updown-15m-1770992100"", ""icon"": ""https://polymarket-upload.s3.us-east-2.amazonaws.com/ETH+fullsize.jpg"", ""eventSlug"": ""eth-updown-15m-1770992100"", ""outcome"": ""Up"", ""outcomeIndex"": 0, ""name"": ""playingmoney"", ""pseudonym"": ""Odd-Sniffle"", ""bio"": """", ""profileImage"": """", ""profileImageOptimized"": """", ""transactionHash"": ""0xb783e5b4bfb9a7262163913509b9bc49cc67011574633c148eb2bbe9e50b6485""}"
1770992115,2026-02-13T22:16:33.399810,0x4df29214c78d753c4b291875fddecaead33d31eef652d5768123daf1f96a69c0:1770992115,572473,5031084282167950494806674428243037744881029417420880897305642929037077494331,BUY,0.5899998819998663,2.54237,1.4999980000000002,0x4df29214c78d753c4b291875fddecaead33d31eef652d5768123daf1f96a69c0,"{""proxyWallet"": ""0x15fa68925bde8017f1c6143145872ade81c19cee"", ""side"": ""BUY"", ""asset"": ""90341658886988384498394393567391613571011061723370135932732073994821879670427"", ""conditionId"": ""0x2218a943ba016f87b896bb777b2525eebdaab886523bc072cd9618f8d6d9b91e"", ""size"": 2.54237, ""price"": 0.5899998819998663, ""timestamp"": 1770992115, ""title"": ""Bitcoin Up or Down - February 13, 9:15AM-9:20AM ET"", ""slug"": ""btc-updown-5m-1770992100"", ""icon"": ""https://polymarket-upload.s3.us-east-2.amazonaws.com/BTC+fullsize.png"", ""eventSlug"": ""btc-updown-5m-1770992100"", ""outcome"": ""Up"", ""outcomeIndex"": 0, ""name"": """", ""pseudonym"": """", ""bio"": """", ""profileImage"": """", ""profileImageOptimized"": """", ""transactionHash"": ""0x4df29214c78d753c4b291875fddecaead33d31eef652d5768123daf1f96a69c0""}"
1770992115,2026-02-13T22:16:33.399827,0xe3636e98f0b7054dafe267cd83768f1f891ca5bc76be9b35e8f04f904f3f2ac3:1770992115,572473,5031084282167950494806674428243037744881029417420880897305642929037077494331,BUY,0.44,14.25,6.2700000000000005,0xe3636e98f0b7054dafe267cd83768f1f891ca5bc76be9b35e8f04f904f3f2ac3,"{""proxyWallet"": ""0xf6963d4cdbb6f26d753bda303e9513132afb1b7d"", ""side"": ""BUY"", ""asset"": ""115049876316220679848172528892493817248770136396084659981371980815574034695630"", ""conditionId"": ""0xd8a9e4b88229579dcf1c9fda7a5fef2dfe45af732686fb5cbe5976f1c3a19ff6"", ""size"": 14.25, ""price"": 0.44, ""timestamp"": 1770992115, ""title"": ""Ethereum Up or Down - February 13, 9:15AM-9:30AM ET"", ""slug"": ""eth-updown-15m-1770992100"", ""icon"": ""https://polymarket-upload.s3.us-east-2.amazonaws.com/ETH+fullsize.jpg"", ""eventSlug"": ""eth-updown-15m-1770992100"", ""outcome"": ""Down"", ""outcomeIndex"": 1, ""name"": ""rename"", ""pseudonym"": ""Junior-Octavo"", ""bio"": """", ""profileImage"": """", ""profileImageOptimized"": """", ""transactionHash"": ""0xe3636e98f0b7054dafe267cd83768f1f891ca5bc76be9b35e8f04f904f3f2ac3""}"
1770992115,2026-02-13T22:16:33.399843,0x5c704d3f69af287ea356df2eb315d632671cee55138df9512fde214896a50e5f:1770992115,572473,5031084282167950494806674428243037744881029417420880897305642929037077494331,BUY,0.5899999272332938,5.084743,2.9999979999999997,0x5c704d3f69af287ea356df2eb315d632671cee55138df9512fde214896a50e5f,"{""proxyWallet"": ""0x942f40ae200d492ad122987c8ac244e23c07620d"", ""side"": ""BUY"", ""asset"": ""90341658886988384498394393567391613571011061723370135932732073994821879670427"", ""conditionId"": ""0x2218a943ba016f87b896bb777b2525eebdaab886523bc072cd9618f8d6d9b91e"", ""size"": 5.084743, ""price"": 0.5899999272332938, ""timestamp"": 1770992115, ""title"": ""Bitcoin Up or Down - February 13, 9:15AM-9:20AM ET"", ""slug"": ""btc-updown-5m-1770992100"", ""icon"": ""https://polymarket-upload.s3.us-east-2.amazonaws.com/BTC+fullsize.png"", ""eventSlug"": ""btc-updown-5m-1770992100"", ""outcome"": ""Up"", ""outcomeIndex"": 0, ""name"": ""fntxut"", ""pseudonym"": ""Welcome-Juice"", ""bio"": """", ""profileImage"": """", ""profileImageOptimized"": """", ""transactionHash"": ""0x5c704d3f69af287ea356df2eb315d632671cee55138df9512fde214896a50e5f""}"
1770992115,2026-02-13T22:16:33.399859,0xb93025bd844b38082dafb50e2f965379581803646792c8d2207d9671a4eb244f:1770992115,572473,5031084282167950494806674428243037744881029417420880897305642929037077494331,BUY,0.45999993594935573,6.869564,3.1599989999999996,0xb93025bd844b38082dafb50e2f965379581803646792c8d2207d9671a4eb244f,"{""proxyWallet"": ""0xa84edaf1a562eabb463dc6cf4c3e9c407a5edbeb"", ""side"": ""BUY"", ""asset"": ""7350830411196400605992300522805833595762437347084742066463854211766509271641"", ""conditionId"": ""0x71c386d79e0f6163568c8045a4fa0f0ad6e7544441fcde73331ac50fc8bded0c"", ""size"": 6.869564, ""price"": 0.45999993594935573, ""timestamp"": 1770992115, ""title"": ""Solana Up or Down - February 13, 9:15AM-9:30AM ET"", ""slug"": ""sol-updown-15m-1770992100"", ""icon"": ""https://polymarket-upload.s3.us-east-2.amazonaws.com/SOL+fullsize.png"", ""eventSlug"": ""sol-updown-15m-1770992100"", ""outcome"": ""Down"", ""outcomeIndex"": 1, ""name"": ""VOID-PEPPER"", ""pseudonym"": ""Irritating-Fatigue"", ""bio"": """", ""profileImage"": """", ""profileImageOptimized"": """", ""transactionHash"": ""0xb93025bd844b38082dafb50e2f965379581803646792c8d2207d9671a4eb244f""}"
1770992115,2026-02-13T22:16:33.399876,0xa52dfa5e31d504794aadc18a7a61ce93bb74afa32655b327ec2c4ecd8199694b:1770992115,572473,5031084282167950494806674428243037744881029417420880897305642929037077494331,BUY,0.43,5.0,2.15,0xa52dfa5e31d504794aadc18a7a61ce93bb74afa32655b327ec2c4ecd8199694b,"{""proxyWallet"": ""0x5924ca480d8b08cd5f3e5811fa378c4082475af6"", ""side"": ""BUY"", ""asset"": ""72387968654551110099588107508582841311469315396559355038205055214090021188414"", ""conditionId"": ""0x2218a943ba016f87b896bb777b2525eebdaab886523bc072cd9618f8d6d9b91e"", ""size"": 5, ""price"": 0.43, ""timestamp"": 1770992115, ""title"": ""Bitcoin Up or Down - February 13, 9:15AM-9:20AM ET"", ""slug"": ""btc-updown-5m-1770992100"", ""icon"": ""https://polymarket-upload.s3.us-east-2.amazonaws.com/BTC+fullsize.png"", ""eventSlug"": ""btc-updown-5m-1770992100"", ""outcome"": ""Down"", ""outcomeIndex"": 1, ""name"": ""late-to-tomorrow"", ""pseudonym"": ""Overlooked-Wool"", ""bio"": """", ""profileImage"": """", ""profileImageOptimized"": """", ""transactionHash"": ""0xa52dfa5e31d504794aadc18a7a61ce93bb74afa32655b327ec2c4ecd8199694b""}"
1770992115,2026-02-13T22:16:33.399892,0xcf33172d29756fd9ef4de56af64070f49695e2a0924cc9db776227a2762ecb5c:1770992115,572473,5031084282167950494806674428243037744881029417420880897305642929037077494331,BUY,0.2869999883477997,52.264807,14.999999,0xcf33172d29756fd9ef4de56af64070f49695e2a0924cc9db776227a2762ecb5c,"{""proxyWallet"": ""0xee98feb04e2961258a11ee4bf318c80e22e4c4e2"", ""side"": ""BUY"", ""asset"": ""16680383807036024154663222348300164487828801908390056508639441371141589139909"", ""conditionId"": ""0xe210052575420133d6b2fd2a160803e58fbf0b861bd7a22d0951ef25d0c2eac4"", ""size"": 52.264807, ""price"": 0.2869999883477997, ""timestamp"": 1770992115, ""title"": ""Will the 2026 Bad Bunny Super Bowl halftime show video get between 75M and 100M views in its first 7 days?"", ""slug"": ""will-the-2026-bad-bunny-super-bowl-halftime-show-video-get-between-75m-and-100m-views-in-its-first-7-days"", ""icon"": ""https://polymarket-upload.s3.us-east-2.amazonaws.com/of-views-on-bad-bunny-halftime-show-youtube-in-week-1-v0gAisK43jsJ.jpg"", ""eventSlug"": ""of-views-on-bad-bunny-halftime-show-youtube-in-week-1"", ""outcome"": ""Yes"", ""outcomeIndex"": 0, ""name"": ""0xEe98fEb04e2961258a11EE4bF318c80E22E4C4E2-1770882486425"", ""pseudonym"": ""Mammoth-Hunting"", ""bio"": """", ""profileImage"": """", ""profileImageOptimized"": """", ""transactionHash"": ""0xcf33172d29756fd9ef4de56af64070f49695e2a0924cc9db776227a2762ecb5c""}"
1770992115,2026-02-13T22:16:33.399920,0xff6eab43e1fcc2e44e8f349ca5f20e920565237c90a3cb992b8a9ec88426b09f:1770992115,572473,5031084282167950494806674428243037744881029417420880897305642929037077494331,BUY,0.5599999775999964,17.85714,9.999998000000001,0xff6eab43e1fcc2e44e8f349ca5f20e920565237c90a3cb992b8a9ec88426b09f,"{""proxyWallet"": ""0x095dc7ebc308347f50a1b4db0031ab9efe3d110b"", ""side"": ""BUY"", ""asset"": ""100245772516588573911551477182776376875898405428059299813479874518461736224912"", ""conditionId"": ""0x71c386d79e0f6163568c8045a4fa0f0ad6e7544441fcde73331ac50fc8bded0c"", ""size"": 17.85714, ""price"": 0.5599999775999964, ""timestamp"": 1770992115, ""title"": ""Solana Up or Down - February 13, 9:15AM-9:30AM ET"", ""slug"": ""sol-updown-15m-1770992100"", ""icon"": ""https://polymarket-upload.s3.us-east-2.amazonaws.com/SOL+fullsize.png"", ""eventSlug"": ""sol-updown-15m-1770992100"", ""outcome"": ""Up"", ""outcomeIndex"": 0, ""name"": """", ""pseudonym"": """", ""bio"": """", ""profileImage"": """", ""profileImageOptimized"": """", ""transactionHash"": ""0xff6eab43e1fcc2e44e8f349ca5f20e920565237c90a3cb992b8a9ec88426b09f""}"
1770992115,2026-02-13T22:16:33.399936,0x102773ed537912bbd469095cec7d226fc7b990b69c97ad9b0f0040701c0109b3:1770992115,572473,5031084282167950494806674428243037744881029417420880897305642929037077494331,BUY,0.59,5.0,2.9499999999999997,0x102773ed537912bbd469095cec7d226fc7b990b69c97ad9b0f0040701c0109b3,"{""proxyWallet"": ""0x3177b6fc028bef95c9c76ec8d0000129271b7b80"", ""side"": ""BUY"", ""asset"": ""90341658886988384498394393567391613571011061723370135932732073994821879670427"", ""conditionId"": ""0x2218a943ba016f87b896bb777b2525eebdaab886523bc072cd9618f8d6d9b91e"", ""size"": 5, ""price"": 0.59, ""timestamp"": 1770992115, ""title"": ""Bitcoin Up or Down - February 13, 9:15AM-9:20AM ET"", ""slug"": ""btc-updown-5m-1770992100"", ""icon"": ""https://polymarket-upload.s3.us-east-2.amazonaws.com/BTC+fullsize.png"", ""eventSlug"": ""btc-updown-5m-1770992100"", ""outcome"": ""Up"", ""outcomeIndex"": 0, ""name"": ""trying-something"", ""pseudonym"": ""Wilted-Membership"", ""bio"": """", ""profileImage"": """", ""profileImageOptimized"": """", ""transactionHash"": ""0x102773ed537912bbd469095cec7d226fc7b990b69c97ad9b0f0040701c0109b3""}"
1770992115,2026-02-13T22:16:33.399952,0x99a7657ee4368fa995f3fb83e51700af8e2e49e0740dedd4ffc5f0a3468e8ed4:1770992115,572473,5031084282167950494806674428243037744881029417420880897305642929037077494331,BUY,0.45,59.0,26.55,0x99a7657ee4368fa995f3fb83e51700af8e2e49e0740dedd4ffc5f0a3468e8ed4,"{""proxyWallet"": ""0x1d0034134e339a309700ff2d34e99fa2d48b0313"", ""side"": ""BUY"", ""asset"": ""72387968654551110099588107508582841311469315396559355038205055214090021188414"", ""conditionId"": ""0x2218a943ba016f87b896bb777b2525eebdaab886523bc072cd9618f8d6d9b91e"", ""size"": 59, ""price"": 0.45, ""timestamp"": 1770992115, ""title"": ""Bitcoin Up or Down - February 13, 9:15AM-9:20AM ET"", ""slug"": ""btc-updown-5m-1770992100"", ""icon"": ""https://polymarket-upload.s3.us-east-2.amazonaws.com/BTC+fullsize.png"", ""eventSlug"": ""btc-updown-5m-1770992100"", ""outcome"": ""Down"", ""outcomeIndex"": 1, ""name"": ""0x1d0034134e339a309700ff2d34e99fa2d48b031"", ""pseudonym"": ""Canine-Commandment"", ""bio"": """", ""profileImage"": """", ""profileImageOptimized"": """", ""transactionHash"": ""0x99a7657ee4368fa995f3fb83e51700af8e2e49e0740dedd4ffc5f0a3468e8ed4""}"
1770992115,2026-02-13T22:16:33.399969,0x5d7c9afba9bbb171ca35ff85fde7ef2dd50e73a00a12926b795ac8ac68e08e06:1770992115,572473,5031084282167950494806674428243037744881029417420880897305642929037077494331,BUY,0.44,2.5,1.1,0x5d7c9afba9bbb171ca35ff85fde7ef2dd50e73a00a12926b795ac8ac68e08e06,"{""proxyWallet"": ""0xeb0bc2b3b67b3b8e8326cd920328c0a8515f9948"", ""side"": ""BUY"", ""asset"": ""115049876316220679848172528892493817248770136396084659981371980815574034695630"", ""conditionId"": ""0xd8a9e4b88229579dcf1c9fda7a5fef2dfe45af732686fb5cbe5976f1c3a19ff6"", ""size"": 2.5, ""price"": 0.44, ""timestamp"": 1770992115, ""title"": ""Ethereum Up or Down - February 13, 9:15AM-9:30AM ET"", ""slug"": ""eth-updown-15m-1770992100"", ""icon"": ""https://polymarket-upload.s3.us-east-2.amazonaws.com/ETH+fullsize.jpg"", ""eventSlug"": ""eth-updown-15m-1770992100"", ""outcome"": ""Down"", ""outcomeIndex"": 1, ""name"": """", ""pseudonym"": """", ""bio"": """", ""profileImage"": """", ""profileImageOptimized"": """", ""transactionHash"": ""0x5d7c9afba9bbb171ca35ff85fde7ef2dd50e73a00a12926b795ac8ac68e08e06""}"
1770992115,2026-02-13T22:16:33.399986,0xcefcc37daf55c312f30308294f0cf976eea2b2a77e65364186e9be4a51399f99:1770992115,572473,5031084282167950494806674428243037744881029417420880897305642929037077494331,BUY,0.54,5.0,2.7,0xcefcc37daf55c312f30308294f0cf976eea2b2a77e65364186e9be4a51399f99,"{""proxyWallet"": ""0xa01714f0f91638fcf00c5700c55d4f3fa875b7e6"", ""side"": ""BUY"", ""asset"": ""26994972425347435898442897109407523146459743206917823865905991587285356057190"", ""conditionId"": ""0x4489d71363e1894219fc1379130c93c763f4343e5851dfbee687e753ab823569"", ""size"": 5, ""price"": 0.54, ""timestamp"": 1770992115, ""title"": ""Bitcoin Up or Down - February 13, 9:15AM-9:30AM ET"", ""slug"": ""btc-updown-15m-1770992100"", ""icon"": ""https://polymarket-upload.s3.us-east-2.amazonaws.com/BTC+fullsize.png"", ""eventSlug"": ""btc-updown-15m-1770992100"", ""outcome"": ""Up"", ""outcomeIndex"": 0, ""name"": """", ""pseudonym"": """", ""bio"": """", ""profileImage"": """", ""profileImageOptimized"": """", ""transactionHash"": ""0xcefcc37daf55c312f30308294f0cf976eea2b2a77e65364186e9be4a51399f99""}"
1770992115,2026-02-13T22:16:33.400001,0x852613c23dddd80c2617fa627bcc2fa9f1384900f232c173c8a5ccd9ed6367dd:1770992115,572473,5031084282167950494806674428243037744881029417420880897305642929037077494331,BUY,0.5599999495999919,7.142856,3.999999,0x852613c23dddd80c2617fa627bcc2fa9f1384900f232c173c8a5ccd9ed6367dd,"{""proxyWallet"": ""0x3dfcb8c65b791e3f457e4133710b12d44844bd35"", ""side"": ""BUY"", ""asset"": ""100245772516588573911551477182776376875898405428059299813479874518461736224912"", ""conditionId"": ""0x71c386d79e0f6163568c8045a4fa0f0ad6e7544441fcde73331ac50fc8bded0c"", ""size"": 7.142856, ""price"": 0.5599999495999919, ""timestamp"": 1770992115, ""title"": ""Solana Up or Down - February 13, 9:15AM-9:30AM ET"", ""slug"": ""sol-updown-15m-1770992100"", ""icon"": ""https://polymarket-upload.s3.us-east-2.amazonaws.com/SOL+fullsize.png"", ""eventSlug"": ""sol-updown-15m-1770992100"", ""outcome"": ""Up"", ""outcomeIndex"": 0, ""name"": """", ""pseudonym"": """", ""bio"": """", ""profileImage"": """", ""profileImageOptimized"": """", ""transactionHash"": ""0x852613c23dddd80c2617fa627bcc2fa9f1384900f232c173c8a5ccd9ed6367dd""}"
1770992115,2026-02-13T22:16:33.400018,0x10c8f72fcb57905b4b9d50ea54f4d4de6eb6ab548685598e3a31bb1f6cacc006:1770992115,572473,5031084282167950494806674428243037744881029417420880897305642929037077494331,BUY,0.5778810558583868,5.191378,2.9999990000000003,0x10c8f72fcb57905b4b9d50ea54f4d4de6eb6ab548685598e3a31bb1f6cacc006,"{""proxyWallet"": ""0x051d585a9de6e925374ca287c11a1ab4169c963e"", ""side"": ""BUY"", ""asset"": ""90341658886988384498394393567391613571011061723370135932732073994821879670427"", ""conditionId"": ""0x2218a943ba016f87b896bb777b2525eebdaab886523bc072cd9618f8d6d9b91e"", ""size"": 5.191378, ""price"": 0.5778810558583868, ""timestamp"": 1770992115, ""title"": ""Bitcoin Up or Down - February 13, 9:15AM-9:20AM ET"", ""slug"": ""btc-updown-5m-1770992100"", ""icon"": ""https://polymarket-upload.s3.us-east-2.amazonaws.com/BTC+fullsize.png"", ""eventSlug"": ""btc-updown-5m-1770992100"", ""outcome"": ""Up"", ""outcomeIndex"": 0, ""name"": ""bestofcryptos1"", ""pseudonym"": ""Unsung-Resist"", ""bio"": """", ""profileImage"": """", ""profileImageOptimized"": """", ""transactionHash"": ""0x10c8f72fcb57905b4b9d50ea54f4d4de6eb6ab548685598e3a31bb1f6cacc006""}"
1770992115,2026-02-13T22:16:33.400034,0xc767db710bcae6c7c5d1fd2d7e598b7fb8deddbe0ea75163506601ae107e8031:1770992115,572473,5031084282167950494806674428243037744881029417420880897305642929037077494331,BUY,0.5899999704999955,8.474575,4.999999,0xc767db710bcae6c7c5d1fd2d7e598b7fb8deddbe0ea75163506601ae107e8031,"{""proxyWallet"": ""0xa9e6a1ccb2a08630d1b0a0115f1261f2a121cede"", ""side"": ""BUY"", ""asset"": ""90341658886988384498394393567391613571011061723370135932732073994821879670427"", ""conditionId"": ""0x2218a943ba016f87b896bb777b2525eebdaab886523bc072cd9618f8d6d9b91e"", ""size"": 8.474575, ""price"": 0.5899999704999955, ""timestamp"": 1770992115, ""title"": ""Bitcoin Up or Down - February 13, 9:15AM-9:20AM ET"", ""slug"": ""btc-updown-5m-1770992100"", ""icon"": ""https://polymarket-upload.s3.us-east-2.amazonaws.com/BTC+fullsize.png"", ""eventSlug"": ""btc-updown-5m-1770992100"", ""outcome"": ""Up"", ""outcomeIndex"": 0, ""name"": """", ""pseudonym"": """", ""bio"": """", ""profileImage"": """", ""profileImageOptimized"": """", ""transactionHash"": ""0xc767db710bcae6c7c5d1fd2d7e598b7fb8deddbe0ea75163506601ae107e8031""}"
1770992115,2026-02-13T22:16:33.400050,0xb68d651b23f51f30453efbade99d04caebdb44f4d828407be988172e15cc7319:1770992115,572473,5031084282167950494806674428243037744881029417420880897305642929037077494331,BUY,0.5999999497907782,3.983332,2.389999,0xb68d651b23f51f30453efbade99d04caebdb44f4d828407be988172e15cc7319,"{""proxyWallet"": ""0x957cbf666656bbf25389b6100ad9fff36c662965"", ""side"": ""BUY"", ""asset"": ""103508920995816998464866953889568152758950214430372196270422489818919179575684"", ""conditionId"": ""0x3e737b14cdae4deb05e48ec4e955912d6d66e19aa678397825a3b2dfd7730866"", ""size"": 3.983332, ""price"": 0.5999999497907782, ""timestamp"": 1770992115, ""title"": ""Dota 2: Team Falcons vs Team Liquid - Game 2 Winner"", ""slug"": ""dota2-flc-liquid-2026-02-13-game2"", ""icon"": ""https://polymarket-upload.s3.us-east-2.amazonaws.com/dota2-7ffacddb21.jpg"", ""eventSlug"": ""dota2-flc-liquid-2026-02-13"", ""outcome"": ""Team Falcons"", ""outcomeIndex"": 0, ""name"": """", ""pseudonym"": """", ""bio"": """", ""profileImage"": """", ""profileImageOptimized"": """", ""transactionHash"": ""0xb68d651b23f51f30453efbade99d04caebdb44f4d828407be988172e15cc7319""}"
1770992115,2026-02-13T22:16:33.400068,0x5c5570d906251733e2dd224e508323aabff3857703e0d2644e620ff41f40cd2e:1770992115,572473,5031084282167950494806674428243037744881029417420880897305642929037077494331,BUY,0.44,45.45,19.998,0x5c5570d906251733e2dd224e508323aabff3857703e0d2644e620ff41f40cd2e,"{""proxyWallet"": ""0xa7b2e6d63e3e4f3d482cbc38e674d3e29902caaa"", ""side"": ""BUY"", ""asset"": ""115049876316220679848172528892493817248770136396084659981371980815574034695630"", ""conditionId"": ""0xd8a9e4b88229579dcf1c9fda7a5fef2dfe45af732686fb5cbe5976f1c3a19ff6"", ""size"": 45.45, ""price"": 0.44, ""timestamp"": 1770992115, ""title"": ""Ethereum Up or Down - February 13, 9:15AM-9:30AM ET"", ""slug"": ""eth-updown-15m-1770992100"", ""icon"": ""https://polymarket-upload.s3.us-east-2.amazonaws.com/ETH+fullsize.jpg"", ""eventSlug"": ""eth-updown-15m-1770992100"", ""outcome"": ""Down"", ""outcomeIndex"": 1, ""name"": ""Arby88"", ""pseudonym"": ""Husky-Blush"", ""bio"": """", ""profileImage"": """", ""profileImageOptimized"": """", ""transactionHash"": ""0x5c5570d906251733e2dd224e508323aabff3857703e0d2644e620ff41f40cd2e""}"
1770992115,2026-02-13T22:16:33.400084,0xf7fa722a9e0259ae33857ad1e26b415617027f899536d8a239c67e753b72a983:1770992115,572473,5031084282167950494806674428243037744881029417420880897305642929037077494331,BUY,0.47,12.55,5.8985,0xf7fa722a9e0259ae33857ad1e26b415617027f899536d8a239c67e753b72a983,"{""proxyWallet"": ""0xe0348ac655cfdd365e6d8e19043dd9a92feae8da"", ""side"": ""BUY"", ""asset"": ""79977699093326922498273634549052678411362219648189898097966968380456514170585"", ""conditionId"": ""0x4489d71363e1894219fc1379130c93c763f4343e5851dfbee687e753ab823569"", ""size"": 12.55, ""price"": 0.47, ""timestamp"": 1770992115, ""title"": ""Bitcoin Up or Down - February 13, 9:15AM-9:30AM ET"", ""slug"": ""btc-updown-15m-1770992100"", ""icon"": ""https://polymarket-upload.s3.us-east-2.amazonaws.com/BTC+fullsize.png"", ""eventSlug"": ""btc-updown-15m-1770992100"", ""outcome"": ""Down"", ""outcomeIndex"": 1, ""name"": ""moli365"", ""pseudonym"": ""Imperturbable-Member"", ""bio"": """", ""profileImage"": """", ""profileImageOptimized"": """", ""transactionHash"": ""0xf7fa722a9e0259ae33857ad1e26b415617027f899536d8a239c67e753b72a983""}"
1770992115,2026-02-13T22:16:33.400101,0xcb44637dc56bcec1db09908f566be64da19b71305ae4163690bd7ba758b8fa42:1770992115,572473,5031084282167950494806674428243037744881029417420880897305642929037077494331,BUY,0.4499997974998886,2.222221,0.9999989999999999,0xcb44637dc56bcec1db09908f566be64da19b71305ae4163690bd7ba758b8fa42,"{""proxyWallet"": ""0x17774ee04f7ab8804ac0481ed76a8b61667cd59c"", ""side"": ""BUY"", ""asset"": ""72387968654551110099588107508582841311469315396559355038205055214090021188414"", ""conditionId"": ""0x2218a943ba016f87b896bb777b2525eebdaab886523bc072cd9618f8d6d9b91e"", ""size"": 2.222221, ""price"": 0.4499997974998886, ""timestamp"": 1770992115, ""title"": ""Bitcoin Up or Down - February 13, 9:15AM-9:20AM ET"", ""slug"": ""btc-updown-5m-1770992100"", ""icon"": ""https://polymarket-upload.s3.us-east-2.amazonaws.com/BTC+fullsize.png"", ""eventSlug"": ""btc-updown-5m-1770992100"", ""outcome"": ""Down"", ""outcomeIndex"": 1, ""name"": ""Reckless-Lake"", ""pseudonym"": ""Zany-Consensus"", ""bio"": """", ""profileImage"": """", ""profileImageOptimized"": """", ""transactionHash"": ""0xcb44637dc56bcec1db09908f566be64da19b71305ae4163690bd7ba758b8fa42""}"
1770992115,2026-02-13T22:16:33.400118,0xd188ca8dec645c11036653c675e8aea221b29baae8f35d8862b4b0e8e425b929:1770992115,572473,5031084282167950494806674428243037744881029417420880897305642929037077494331,BUY,0.5899999704999955,8.474575,4.999999,0xd188ca8dec645c11036653c675e8aea221b29baae8f35d8862b4b0e8e425b929,"{""proxyWallet"": ""0xc60ff2cab5190b0de68f078ca6da38bf71fe742d"", ""side"": ""BUY"", ""asset"": ""90341658886988384498394393567391613571011061723370135932732073994821879670427"", ""conditionId"": ""0x2218a943ba016f87b896bb777b2525eebdaab886523bc072cd9618f8d6d9b91e"", ""size"": 8.474575, ""price"": 0.5899999704999955, ""timestamp"": 1770992115, ""title"": ""Bitcoin Up or Down - February 13, 9:15AM-9:20AM ET"", ""slug"": ""btc-updown-5m-1770992100"", ""icon"": ""https://polymarket-upload.s3.us-east-2.amazonaws.com/BTC+fullsize.png"", ""eventSlug"": ""btc-updown-5m-1770992100"", ""outcome"": ""Up"", ""outcomeIndex"": 0, ""name"": """", ""pseudonym"": """", ""bio"": """", ""profileImage"": """", ""profileImageOptimized"": """", ""transactionHash"": ""0xd188ca8dec645c11036653c675e8aea221b29baae8f35d8862b4b0e8e425b929""}"
1770992115,2026-02-13T22:16:33.400135,0x685aa2c9c502fbcb0ed3b33bc95062939bc21af9d0ce57eb26f0c9d44edf0fc1:1770992115,572473,5031084282167950494806674428243037744881029417420880897305642929037077494331,SELL,0.19,94.99,18.048099999999998,0x685aa2c9c502fbcb0ed3b33bc95062939bc21af9d0ce57eb26f0c9d44edf0fc1,"{""proxyWallet"": ""0xcd91a549956854fdc38efad7e80ff5da8f5432b8"", ""side"": ""SELL"", ""asset"": ""1554912214644455762390560405339505451434801977490352970953713664706497496237"", ""conditionId"": ""0xbfe3cbce151bc2998ab7fc5c571bee622da5bca634ea911882adfd545b189eb6"", ""size"": 94.99, ""price"": 0.19, ""timestamp"": 1770992115, ""title"": ""Will Elon Musk post 380-399 tweets from February 6 to February 13, 2026?"", ""slug"": ""elon-musk-of-tweets-february-6-february-13-380-399"", ""icon"": ""https://polymarket-upload.s3.us-east-2.amazonaws.com/elon-musk-of-tweets-nov-22-29-apMPG21-pzx_.jpg"", ""eventSlug"": ""elon-musk-of-tweets-february-6-february-13"", ""outcome"": ""Yes"", ""outcomeIndex"": 0, ""name"": ""Novus0rdoSeclorum"", ""pseudonym"": ""Giddy-Chafe"", ""bio"": """", ""profileImage"": ""https://polymarket-upload.s3.us-east-2.amazonaws.com/profile-image-3006553-d3f0a094-9641-4093-8f50-fcf4f8ce8b6c.png"", ""profileImageOptimized"": """", ""transactionHash"": ""0x685aa2c9c502fbcb0ed3b33bc95062939bc21af9d0ce57eb26f0c9d44edf0fc1""}"
1770992115,2026-02-13T22:16:33.400154,0x060e1db3decdb7ed01b3139cda8ff0de4ad1d1549a670667e60e9c2d788f30fe:1770992115,572473,5031084282167950494806674428243037744881029417420880897305642929037077494331,BUY,0.47,20.0,9.399999999999999,0x060e1db3decdb7ed01b3139cda8ff0de4ad1d1549a670667e60e9c2d788f30fe,"{""proxyWallet"": ""0x8e2499cbca443047fb238643acec46aac0f57ca1"", ""side"": ""BUY"", ""asset"": ""79977699093326922498273634549052678411362219648189898097966968380456514170585"", ""conditionId"": ""0x4489d71363e1894219fc1379130c93c763f4343e5851dfbee687e753ab823569"", ""size"": 20, ""price"": 0.47, ""timestamp"": 1770992115, ""title"": ""Bitcoin Up or Down - February 13, 9:15AM-9:30AM ET"", ""slug"": ""btc-updown-15m-1770992100"", ""icon"": ""https://polymarket-upload.s3.us-east-2.amazonaws.com/BTC+fullsize.png"", ""eventSlug"": ""btc-updown-15m-1770992100"", ""outcome"": ""Down"", ""outcomeIndex"": 1, ""name"": ""0x8e2499cbca443047fB238643ACec46AaC0F57ca1-1770976277842"", ""pseudonym"": ""Chubby-Selling"", ""bio"": """", ""profileImage"": """", ""profileImageOptimized"": """", ""transactionHash"": ""0x060e1db3decdb7ed01b3139cda8ff0de4ad1d1549a670667e60e9c2d788f30fe""}"
1770992115,2026-02-13T22:16:33.400170,0x1bd14c104ee53b8af7e0b1db30562281054a9bc1d981ec0560fa32827f62ee2a:1770992115,572473,5031084282167950494806674428243037744881029417420880897305642929037077494331,BUY,0.55,2.0,1.1,0x1bd14c104ee53b8af7e0b1db30562281054a9bc1d981ec0560fa32827f62ee2a,"{""proxyWallet"": ""0xecca733d255d60b54e0542d5d341bae783230903"", ""side"": ""BUY"", ""asset"": ""100245772516588573911551477182776376875898405428059299813479874518461736224912"", ""conditionId"": ""0x71c386d79e0f6163568c8045a4fa0f0ad6e7544441fcde73331ac50fc8bded0c"", ""size"": 2, ""price"": 0.55, ""timestamp"": 1770992115, ""title"": ""Solana Up or Down - February 13, 9:15AM-9:30AM ET"", ""slug"": ""sol-updown-15m-1770992100"", ""icon"": ""https://polymarket-upload.s3.us-east-2.amazonaws.com/SOL+fullsize.png"", ""eventSlug"": ""sol-updown-15m-1770992100"", ""outcome"": ""Up"", ""outcomeIndex"": 0, ""name"": """", ""pseudonym"": """", ""bio"": """", ""profileImage"": """", ""profileImageOptimized"": """", ""transactionHash"": ""0x1bd14c104ee53b8af7e0b1db30562281054a9bc1d981ec0560fa32827f62ee2a""}"
1770992115,2026-02-13T22:16:33.400185,0xec28b42f30df1429e47a18a2f2e2394e9e381cbfe9f4233d5b63bda21bd156a6:1770992115,572473,5031084282167950494806674428243037744881029417420880897305642929037077494331,BUY,0.5599999893637219,37.60714,21.059998,0xec28b42f30df1429e47a18a2f2e2394e9e381cbfe9f4233d5b63bda21bd156a6,"{""proxyWallet"": ""0x49e5ca8fc43e7541e18550d8929a4ba8c754edba"", ""side"": ""BUY"", ""asset"": ""100245772516588573911551477182776376875898405428059299813479874518461736224912"", ""conditionId"": ""0x71c386d79e0f6163568c8045a4fa0f0ad6e7544441fcde73331ac50fc8bded0c"", ""size"": 37.60714, ""price"": 0.5599999893637219, ""timestamp"": 1770992115, ""title"": ""Solana Up or Down - February 13, 9:15AM-9:30AM ET"", ""slug"": ""sol-updown-15m-1770992100"", ""icon"": ""https://polymarket-upload.s3.us-east-2.amazonaws.com/SOL+fullsize.png"", ""eventSlug"": ""sol-updown-15m-1770992100"", ""outcome"": ""Up"", ""outcomeIndex"": 0, ""name"": """", ""pseudonym"": """", ""bio"": """", ""profileImage"": """", ""profileImageOptimized"": """", ""transactionHash"": ""0xec28b42f30df1429e47a18a2f2e2394e9e381cbfe9f4233d5b63bda21bd156a6""}"
1770992115,2026-02-13T22:16:33.400201,0x29f18e8ba027575e122de5b9ed470d23a77cf35f71afecf24a45ad35da0e8d68:1770992115,572473,5031084282167950494806674428243037744881029417420880897305642929037077494331,BUY,0.5,35.0,17.5,0x29f18e8ba027575e122de5b9ed470d23a77cf35f71afecf24a45ad35da0e8d68,"{""proxyWallet"": ""0x425c08510a4380af6017e7e6160655855dcaa16e"", ""side"": ""BUY"", ""asset"": ""13327623601829281401838479557912197386272572477234165612062485560399873978822"", ""conditionId"": ""0x89dd96b12bf1ff3370f46a9e0f74c532c518fecc8f6f374c4bbc16b98d5d139d"", ""size"": 35, ""price"": 0.5, ""timestamp"": 1770992115, ""title"": ""Bitcoin Up or Down - February 13, 9:30AM-9:45AM ET"", ""slug"": ""btc-updown-15m-1770993000"", ""icon"": ""https://polymarket-upload.s3.us-east-2.amazonaws.com/BTC+fullsize.png"", ""eventSlug"": ""btc-updown-15m-1770993000"", ""outcome"": ""Up"", ""outcomeIndex"": 0, ""name"": ""besx"", ""pseudonym"": ""Suburban-Classic"", ""bio"": """", ""profileImage"": """", ""profileImageOptimized"": """", ""transactionHash"": ""0x29f18e8ba027575e122de5b9ed470d23a77cf35f71afecf24a45ad35da0e8d68""}"
1770992115,2026-02-13T22:16:33.400217,0x3a6724de09c1ad1e84bfa21abf9df8dbbd714f522341550d20a436936b97a5dd:1770992115,572473,5031084282167950494806674428243037744881029417420880897305642929037077494331,BUY,0.67,2.0,1.34,0x3a6724de09c1ad1e84bfa21abf9df8dbbd714f522341550d20a436936b97a5dd,"{""proxyWallet"": ""0xf2fd22084c260a01adeefb1e23921333b00a4ec0"", ""side"": ""BUY"", ""asset"": ""7099453526591602060077557700331084788255242934552374943718763896323111377957"", ""conditionId"": ""0x37628600d746b8b695f0d397dc99a660cb1c363040e5dad41b5a4f8018b6c3c3"", ""size"": 2, ""price"": 0.67, ""timestamp"": 1770992115, ""title"": ""Solana Up or Down - February 13, 9AM ET"", ""slug"": ""solana-up-or-down-february-13-9am-et"", ""icon"": ""https://polymarket-upload.s3.us-east-2.amazonaws.com/SOL-logo.png"", ""eventSlug"": ""solana-up-or-down-february-13-9am-et"", ""outcome"": ""Down"", ""outcomeIndex"": 1, ""name"": ""eriascuos"", ""pseudonym"": ""Optimistic-Accordance"", ""bio"": """", ""profileImage"": """", ""profileImageOptimized"": """", ""transactionHash"": ""0x3a6724de09c1ad1e84bfa21abf9df8dbbd714f522341550d20a436936b97a5dd""}"
1770992115,2026-02-13T22:16:33.400233,0x6b581b5eb7e3336558433d0cf267dd8723690706df50d9142de3264a88a61cff:1770992115,572473,5031084282167950494806674428243037744881029417420880897305642929037077494331,BUY,0.44,5.0,2.2,0x6b581b5eb7e3336558433d0cf267dd8723690706df50d9142de3264a88a61cff,"{""proxyWallet"": ""0x049e10a637db0906631eb43e9b1b9c2b074e1151"", ""side"": ""BUY"", ""asset"": ""72387968654551110099588107508582841311469315396559355038205055214090021188414"", ""conditionId"": ""0x2218a943ba016f87b896bb777b2525eebdaab886523bc072cd9618f8d6d9b91e"", ""size"": 5, ""price"": 0.44, ""timestamp"": 1770992115, ""title"": ""Bitcoin Up or Down - February 13, 9:15AM-9:20AM ET"", ""slug"": ""btc-updown-5m-1770992100"", ""icon"": ""https://polymarket-upload.s3.us-east-2.amazonaws.com/BTC+fullsize.png"", ""eventSlug"": ""btc-updown-5m-1770992100"", ""outcome"": ""Down"", ""outcomeIndex"": 1, ""name"": """", ""pseudonym"": """", ""bio"": """", ""profileImage"": """", ""profileImageOptimized"": """", ""transactionHash"": ""0x6b581b5eb7e3336558433d0cf267dd8723690706df50d9142de3264a88a61cff""}"
1770992115,2026-02-13T22:16:33.400248,0x49f54609210658673b70a9892087b83fbb0e6f6052151319991abd564c92f4d5:1770992115,572473,5031084282167950494806674428243037744881029417420880897305642929037077494331,BUY,0.57,5.0,2.8499999999999996,0x49f54609210658673b70a9892087b83fbb0e6f6052151319991abd564c92f4d5,"{""proxyWallet"": ""0x3177b6fc028bef95c9c76ec8d0000129271b7b80"", ""side"": ""BUY"", ""asset"": ""83150136706607856437592839018509517486662837687160757125224186815974350988674"", ""conditionId"": ""0xd8a9e4b88229579dcf1c9fda7a5fef2dfe45af732686fb5cbe5976f1c3a19ff6"", ""size"": 5, ""price"": 0.57, ""timestamp"": 1770992115, ""title"": ""Ethereum Up or Down - February 13, 9:15AM-9:30AM ET"", ""slug"": ""eth-updown-15m-1770992100"", ""icon"": ""https://polymarket-upload.s3.us-east-2.amazonaws.com/ETH+fullsize.jpg"", ""eventSlug"": ""eth-updown-15m-1770992100"", ""outcome"": ""Up"", ""outcomeIndex"": 0, ""name"": ""trying-something"", ""pseudonym"": ""Wilted-Membership"", ""bio"": """", ""profileImage"": """", ""profileImageOptimized"": """", ""transactionHash"": ""0x49f54609210658673b70a9892087b83fbb0e6f6052151319991abd564c92f4d5""}"
1770992115,2026-02-13T22:16:33.400264,0x2b38d6c0928c218f29b4559b836f0d69ffb30d514520d9068241f6e7aa7217c9:1770992115,572473,5031084282167950494806674428243037744881029417420880897305642929037077494331,BUY,0.59,8.33,4.9147,0x2b38d6c0928c218f29b4559b836f0d69ffb30d514520d9068241f6e7aa7217c9,"{""proxyWallet"": ""0xe6cef1403b5a704d0ca8be6aeaed6916a11a8884"", ""side"": ""BUY"", ""asset"": ""90341658886988384498394393567391613571011061723370135932732073994821879670427"", ""conditionId"": ""0x2218a943ba016f87b896bb777b2525eebdaab886523bc072cd9618f8d6d9b91e"", ""size"": 8.33, ""price"": 0.59, ""timestamp"": 1770992115, ""title"": ""Bitcoin Up or Down - February 13, 9:15AM-9:20AM ET"", ""slug"": ""btc-updown-5m-1770992100"", ""icon"": ""https://polymarket-upload.s3.us-east-2.amazonaws.com/BTC+fullsize.png"", ""eventSlug"": ""btc-updown-5m-1770992100"", ""outcome"": ""Up"", ""outcomeIndex"": 0, ""name"": ""nigegezhenshuai"", ""pseudonym"": ""Super-Macaroon"", ""bio"": """", ""profileImage"": """", ""profileImageOptimized"": """", ""transactionHash"": ""0x2b38d6c0928c218f29b4559b836f0d69ffb30d514520d9068241f6e7aa7217c9""}"
1770992115,2026-02-13T22:16:33.400280,0x2cd74a9f3c92f3a7ab878034fa004a4a47a459893d1e586df6776504d85be0ef:1770992115,572473,5031084282167950494806674428243037744881029417420880897305642929037077494331,BUY,0.44999985681809723,2.444443,1.0999990000000002,0x2cd74a9f3c92f3a7ab878034fa004a4a47a459893d1e586df6776504d85be0ef,"{""proxyWallet"": ""0xeb0bc2b3b67b3b8e8326cd920328c0a8515f9948"", ""side"": ""BUY"", ""asset"": ""72387968654551110099588107508582841311469315396559355038205055214090021188414"", ""conditionId"": ""0x2218a943ba016f87b896bb777b2525eebdaab886523bc072cd9618f8d6d9b91e"", ""size"": 2.444443, ""price"": 0.44999985681809723, ""timestamp"": 1770992115, ""title"": ""Bitcoin Up or Down - February 13, 9:15AM-9:20AM ET"", ""slug"": ""btc-updown-5m-1770992100"", ""icon"": ""https://polymarket-upload.s3.us-east-2.amazonaws.com/BTC+fullsize.png"", ""eventSlug"": ""btc-updown-5m-1770992100"", ""outcome"": ""Down"", ""outcomeIndex"": 1, ""name"": """", ""pseudonym"": """", ""bio"": """", ""profileImage"": """", ""profileImageOptimized"": """", ""transactionHash"": ""0x2cd74a9f3c92f3a7ab878034fa004a4a47a459893d1e586df6776504d85be0ef""}"
1770992115,2026-02-13T22:16:33.400297,0xeeb802ef24c2c4ac189087a137ad49d0caa2a97d97c25eb86f3704124672ea4e:1770992115,572473,5031084282167950494806674428243037744881029417420880897305642929037077494331,BUY,0.995,765.8592,762.029904,0xeeb802ef24c2c4ac189087a137ad49d0caa2a97d97c25eb86f3704124672ea4e,"{""proxyWallet"": ""0x12cd3765c97a1777361df0c4aca9b437465f76df"", ""side"": ""BUY"", ""asset"": ""82502710596437163348308378521149082521990735368840065096352406278737871407553"", ""conditionId"": ""0xb02e8bc0b915c7d6fc79363f84ca301edeb3c5cd7a7c30cf9517cb4a49a96e35"", ""size"": 765.8592, ""price"": 0.995, ""timestamp"": 1770992115, ""title"": ""US strikes Iran by February 13, 2026?"", ""slug"": ""us-strikes-iran-by-february-13-2026-721-759-497-124-197-797-992-641-418-789-676-262-791-574-169-647-275-931"", ""icon"": ""https://polymarket-upload.s3.us-east-2.amazonaws.com/us-strikes-iran-by-october-3-2sVnIHq3sjqF.jpg"", ""eventSlug"": ""us-strikes-iran-by"", ""outcome"": ""No"", ""outcomeIndex"": 1, ""name"": ""0x12cD3765C97A1777361DF0C4aCA9b437465F76df-1769441899938"", ""pseudonym"": ""Merry-Graffiti"", ""bio"": """", ""profileImage"": """", ""profileImageOptimized"": """", ""transactionHash"": ""0xeeb802ef24c2c4ac189087a137ad49d0caa2a97d97c25eb86f3704124672ea4e""}"
1770992115,2026-02-13T22:16:33.400314,0x78fa3a9fbcf3861bd57f9462b5292f98ef7fd5a319549c8252b6158fef51b8a0:1770992115,572473,5031084282167950494806674428243037744881029417420880897305642929037077494331,BUY,0.5,5.0,2.5,0x78fa3a9fbcf3861bd57f9462b5292f98ef7fd5a319549c8252b6158fef51b8a0,"{""proxyWallet"": ""0x6b50248b72c6b32a3e42c45cdcf33b5b8ea62ab1"", ""side"": ""BUY"", ""asset"": ""96620380204926016586021755786701652622820071151174791194250845552697688547405"", ""conditionId"": ""0x87d1af015d26fb136d5ee98837323ee4cf62a4067199da9114adb8080ff3f9bc"", ""size"": 5, ""price"": 0.5, ""timestamp"": 1770992115, ""title"": ""Bitcoin Up or Down - February 13, 1:25PM-1:30PM ET"", ""slug"": ""btc-updown-5m-1771007100"", ""icon"": ""https://polymarket-upload.s3.us-east-2.amazonaws.com/BTC+fullsize.png"", ""eventSlug"": ""btc-updown-5m-1771007100"", ""outcome"": ""Down"", ""outcomeIndex"": 1, ""name"": ""vabui"", ""pseudonym"": ""Heavy-Farmer"", ""bio"": """", ""profileImage"": """", ""profileImageOptimized"": """", ""transactionHash"": ""0x78fa3a9fbcf3861bd57f9462b5292f98ef7fd5a319549c8252b6158fef51b8a0""}"
1770992115,2026-02-13T22:16:33.400330,0x4e7aa6371b24653fd037da5b4a9e8cbadf3ce26c6c6d8f1591527abc0e84cd18:1770992115,572473,5031084282167950494806674428243037744881029417420880897305642929037077494331,BUY,0.45,2.51,1.1295,0x4e7aa6371b24653fd037da5b4a9e8cbadf3ce26c6c6d8f1591527abc0e84cd18,"{""proxyWallet"": ""0xe00740bce98a594e26861838885ab310ec3b548c"", ""side"": ""BUY"", ""asset"": ""7350830411196400605992300522805833595762437347084742066463854211766509271641"", ""conditionId"": ""0x71c386d79e0f6163568c8045a4fa0f0ad6e7544441fcde73331ac50fc8bded0c"", ""size"": 2.51, ""price"": 0.45, ""timestamp"": 1770992115, ""title"": ""Solana Up or Down - February 13, 9:15AM-9:30AM ET"", ""slug"": ""sol-updown-15m-1770992100"", ""icon"": ""https://polymarket-upload.s3.us-east-2.amazonaws.com/SOL+fullsize.png"", ""eventSlug"": ""sol-updown-15m-1770992100"", ""outcome"": ""Down"", ""outcomeIndex"": 1, ""name"": ""distinct-baguette"", ""pseudonym"": ""Frozen-Technician"", ""bio"": ""Hi Isola"", ""profileImage"": """", ""profileImageOptimized"": """", ""transactionHash"": ""0x4e7aa6371b24653fd037da5b4a9e8cbadf3ce26c6c6d8f1591527abc0e84cd18""}"
1770992115,2026-02-13T22:16:33.400347,0xc2417b538a225820713fd5a0333b184e4cfff51d8fa7ccc909d9cb1e56fc6833:1770992115,572473,5031084282167950494806674428243037744881029417420880897305642929037077494331,BUY,0.5599999663999852,3.571427,1.9999989999999999,0xc2417b538a225820713fd5a0333b184e4cfff51d8fa7ccc909d9cb1e56fc6833,"{""proxyWallet"": ""0xfa6c39226b24ca5e6646f68d37abb1ec21a6a67d"", ""side"": ""BUY"", ""asset"": ""100245772516588573911551477182776376875898405428059299813479874518461736224912"", ""conditionId"": ""0x71c386d79e0f6163568c8045a4fa0f0ad6e7544441fcde73331ac50fc8bded0c"", ""size"": 3.571427, ""price"": 0.5599999663999852, ""timestamp"": 1770992115, ""title"": ""Solana Up or Down - February 13, 9:15AM-9:30AM ET"", ""slug"": ""sol-updown-15m-1770992100"", ""icon"": ""https://polymarket-upload.s3.us-east-2.amazonaws.com/SOL+fullsize.png"", ""eventSlug"": ""sol-updown-15m-1770992100"", ""outcome"": ""Up"", ""outcomeIndex"": 0, ""name"": """", ""pseudonym"": """", ""bio"": """", ""profileImage"": """", ""profileImageOptimized"": """", ""transactionHash"": ""0xc2417b538a225820713fd5a0333b184e4cfff51d8fa7ccc909d9cb1e56fc6833""}"
1770992115,2026-02-13T22:16:33.400363,0xa8d2f4df8f5d619959fc88ab6a42d6de69562a70bf818feae4cf8a94c68b5379:1770992115,572473,5031084282167950494806674428243037744881029417420880897305642929037077494331,BUY,0.4499999549999955,11.11111,4.999999,0xa8d2f4df8f5d619959fc88ab6a42d6de69562a70bf818feae4cf8a94c68b5379,"{""proxyWallet"": ""0x8e14fca11806c3b0d0d8f717ce64a4df55f134be"", ""side"": ""BUY"", ""asset"": ""72387968654551110099588107508582841311469315396559355038205055214090021188414"", ""conditionId"": ""0x2218a943ba016f87b896bb777b2525eebdaab886523bc072cd9618f8d6d9b91e"", ""size"": 11.11111, ""price"": 0.4499999549999955, ""timestamp"": 1770992115, ""title"": ""Bitcoin Up or Down - February 13, 9:15AM-9:20AM ET"", ""slug"": ""btc-updown-5m-1770992100"", ""icon"": ""https://polymarket-upload.s3.us-east-2.amazonaws.com/BTC+fullsize.png"", ""eventSlug"": ""btc-updown-5m-1770992100"", ""outcome"": ""Down"", ""outcomeIndex"": 1, ""name"": ""4WOYA"", ""pseudonym"": ""Solid-Communicant"", ""bio"": """", ""profileImage"": """", ""profileImageOptimized"": """", ""transactionHash"": ""0xa8d2f4df8f5d619959fc88ab6a42d6de69562a70bf818feae4cf8a94c68b5379""}"
1770992115,2026-02-13T22:16:33.400380,0x70b52fbe03220c2f0a1a945ce27169983741273b69272660d4e9a132e611a883:1770992115,572473,5031084282167950494806674428243037744881029417420880897305642929037077494331,BUY,0.5599999796363458,1.964284,1.099999,0x70b52fbe03220c2f0a1a945ce27169983741273b69272660d4e9a132e611a883,"{""proxyWallet"": ""0x5835f5a34218c9e879f574c1d25199bd2d1b8745"", ""side"": ""BUY"", ""asset"": ""100245772516588573911551477182776376875898405428059299813479874518461736224912"", ""conditionId"": ""0x71c386d79e0f6163568c8045a4fa0f0ad6e7544441fcde73331ac50fc8bded0c"", ""size"": 1.964284, ""price"": 0.5599999796363458, ""timestamp"": 1770992115, ""title"": ""Solana Up or Down - February 13, 9:15AM-9:30AM ET"", ""slug"": ""sol-updown-15m-1770992100"", ""icon"": ""https://polymarket-upload.s3.us-east-2.amazonaws.com/SOL+fullsize.png"", ""eventSlug"": ""sol-updown-15m-1770992100"", ""outcome"": ""Up"", ""outcomeIndex"": 0, ""name"": ""....ajaakakkaoqka"", ""pseudonym"": ""Exhausted-Doorbell"", ""bio"": """", ""profileImage"": """", ""profileImageOptimized"": """", ""transactionHash"": ""0x70b52fbe03220c2f0a1a945ce27169983741273b69272660d4e9a132e611a883""}"
1770992115,2026-02-13T22:16:33.400396,0x12468caf62ae7c36b8544513f58d75de4e147dce31c76354b62003e361dcfeee:1770992115,572473,5031084282167950494806674428243037744881029417420880897305642929037077494331,BUY,0.5399999654399953,9.259258,4.999999000000001,0x12468caf62ae7c36b8544513f58d75de4e147dce31c76354b62003e361dcfeee,"{""proxyWallet"": ""0x341b09435a757992700eb27e63844bacabcb4a23"", ""side"": ""BUY"", ""asset"": ""26994972425347435898442897109407523146459743206917823865905991587285356057190"", ""conditionId"": ""0x4489d71363e1894219fc1379130c93c763f4343e5851dfbee687e753ab823569"", ""size"": 9.259258, ""price"": 0.5399999654399953, ""timestamp"": 1770992115, ""title"": ""Bitcoin Up or Down - February 13, 9:15AM-9:30AM ET"", ""slug"": ""btc-updown-15m-1770992100"", ""icon"": ""https://polymarket-upload.s3.us-east-2.amazonaws.com/BTC+fullsize.png"", ""eventSlug"": ""btc-updown-15m-1770992100"", ""outcome"": ""Up"", ""outcomeIndex"": 0, ""name"": ""playingmoney"", ""pseudonym"": ""Odd-Sniffle"", ""bio"": """", ""profileImage"": """", ""profileImageOptimized"": """", ""transactionHash"": ""0x12468caf62ae7c36b8544513f58d75de4e147dce31c76354b62003e361dcfeee""}"
1770992115,2026-02-13T22:16:33.400412,0x305fca8b5d18efb3d20e80121b08e007cabe29ea63e8eb26481db680b2ceee34:1770992115,572473,5031084282167950494806674428243037744881029417420880897305642929037077494331,BUY,0.5599999775999964,8.92857,4.999999000000001,0x305fca8b5d18efb3d20e80121b08e007cabe29ea63e8eb26481db680b2ceee34,"{""proxyWallet"": ""0xc60ff2cab5190b0de68f078ca6da38bf71fe742d"", ""side"": ""BUY"", ""asset"": ""100245772516588573911551477182776376875898405428059299813479874518461736224912"", ""conditionId"": ""0x71c386d79e0f6163568c8045a4fa0f0ad6e7544441fcde73331ac50fc8bded0c"", ""size"": 8.92857, ""price"": 0.5599999775999964, ""timestamp"": 1770992115, ""title"": ""Solana Up or Down - February 13, 9:15AM-9:30AM ET"", ""slug"": ""sol-updown-15m-1770992100"", ""icon"": ""https://polymarket-upload.s3.us-east-2.amazonaws.com/SOL+fullsize.png"", ""eventSlug"": ""sol-updown-15m-1770992100"", ""outcome"": ""Up"", ""outcomeIndex"": 0, ""name"": """", ""pseudonym"": """", ""bio"": """", ""profileImage"": """", ""profileImageOptimized"": """", ""transactionHash"": ""0x305fca8b5d18efb3d20e80121b08e007cabe29ea63e8eb26481db680b2ceee34""}"
1770992115,2026-02-13T22:16:33.400430,0x9fb0643bd38ca375f88d6cfe1810ded2ffc17a9eb63e9c4d0781730c5422afff:1770992115,572473,5031084282167950494806674428243037744881029417420880897305642929037077494331,BUY,0.58,6.65,3.8569999999999998,0x9fb0643bd38ca375f88d6cfe1810ded2ffc17a9eb63e9c4d0781730c5422afff,"{""proxyWallet"": ""0x99593b564906a1d1aaf6d593002133c307f9a80a"", ""side"": ""BUY"", ""asset"": ""90341658886988384498394393567391613571011061723370135932732073994821879670427"", ""conditionId"": ""0x2218a943ba016f87b896bb777b2525eebdaab886523bc072cd9618f8d6d9b91e"", ""size"": 6.65, ""price"": 0.58, ""timestamp"": 1770992115, ""title"": ""Bitcoin Up or Down - February 13, 9:15AM-9:20AM ET"", ""slug"": ""btc-updown-5m-1770992100"", ""icon"": ""https://polymarket-upload.s3.us-east-2.amazonaws.com/BTC+fullsize.png"", ""eventSlug"": ""btc-updown-5m-1770992100"", ""outcome"": ""Up"", ""outcomeIndex"": 0, ""name"": """", ""pseudonym"": """", ""bio"": """", ""profileImage"": """", ""profileImageOptimized"": """", ""transactionHash"": ""0x9fb0643bd38ca375f88d6cfe1810ded2ffc17a9eb63e9c4d0781730c5422afff""}"
1770992115,2026-02-13T22:16:33.400446,0xd4b4b09d83b3b2e2a16c0323db3a69d1ae2acb4dbbb0f2a1b3e740c7f587a302:1770992115,572473,5031084282167950494806674428243037744881029417420880897305642929037077494331,BUY,0.01,100.0,1.0,0xd4b4b09d83b3b2e2a16c0323db3a69d1ae2acb4dbbb0f2a1b3e740c7f587a302,"{""proxyWallet"": ""0xa80d7c521384c509897c20103ce9e451a22e480b"", ""side"": ""BUY"", ""asset"": ""22379640197718694878364221357587581748218515929776023289212793810754775088536"", ""conditionId"": ""0xabe1fae562a66fa6bfcaccd180d17ef3f2cedd0437b1ca99aa206f7f637f2c45"", ""size"": 100, ""price"": 0.01, ""timestamp"": 1770992115, ""title"": ""XRP Up or Down - February 13, 9:00AM-9:15AM ET"", ""slug"": ""xrp-updown-15m-1770991200"", ""icon"": ""https://polymarket-upload.s3.us-east-2.amazonaws.com/XRP-logo.png"", ""eventSlug"": ""xrp-updown-15m-1770991200"", ""outcome"": ""Up"", ""outcomeIndex"": 0, ""name"": """", ""pseudonym"": """", ""bio"": """", ""profileImage"": """", ""profileImageOptimized"": """", ""transactionHash"": ""0xd4b4b09d83b3b2e2a16c0323db3a69d1ae2acb4dbbb0f2a1b3e740c7f587a302""}"
1770992115,2026-02-13T22:16:33.400461,0x7fcda7c4f5e5f2173ae2626946dde95248b59325f9751340338e65aced81b4c6:1770992115,572473,5031084282167950494806674428243037744881029417420880897305642929037077494331,BUY,0.44999985681809723,2.444443,1.0999990000000002,0x7fcda7c4f5e5f2173ae2626946dde95248b59325f9751340338e65aced81b4c6,"{""proxyWallet"": ""0xeb0bc2b3b67b3b8e8326cd920328c0a8515f9948"", ""side"": ""BUY"", ""asset"": ""72387968654551110099588107508582841311469315396559355038205055214090021188414"", ""conditionId"": ""0x2218a943ba016f87b896bb777b2525eebdaab886523bc072cd9618f8d6d9b91e"", ""size"": 2.444443, ""price"": 0.44999985681809723, ""timestamp"": 1770992115, ""title"": ""Bitcoin Up or Down - February 13, 9:15AM-9:20AM ET"", ""slug"": ""btc-updown-5m-1770992100"", ""icon"": ""https://polymarket-upload.s3.us-east-2.amazonaws.com/BTC+fullsize.png"", ""eventSlug"": ""btc-updown-5m-1770992100"", ""outcome"": ""Down"", ""outcomeIndex"": 1, ""name"": """", ""pseudonym"": """", ""bio"": """", ""profileImage"": """", ""profileImageOptimized"": """", ""transactionHash"": ""0x7fcda7c4f5e5f2173ae2626946dde95248b59325f9751340338e65aced81b4c6""}"
1770992115,2026-02-13T22:16:33.400478,0x92dd7367e415f89a41c34ff160f1144fce13cd7d4a5b7c3d385d536b576a23a8:1770992115,572473,5031084282167950494806674428243037744881029417420880897305642929037077494331,BUY,0.4299998670908293,2.558138,1.099999,0x92dd7367e415f89a41c34ff160f1144fce13cd7d4a5b7c3d385d536b576a23a8,"{""proxyWallet"": ""0xeb0bc2b3b67b3b8e8326cd920328c0a8515f9948"", ""side"": ""BUY"", ""asset"": ""115049876316220679848172528892493817248770136396084659981371980815574034695630"", ""conditionId"": ""0xd8a9e4b88229579dcf1c9fda7a5fef2dfe45af732686fb5cbe5976f1c3a19ff6"", ""size"": 2.558138, ""price"": 0.4299998670908293, ""timestamp"": 1770992115, ""title"": ""Ethereum Up or Down - February 13, 9:15AM-9:30AM ET"", ""slug"": ""eth-updown-15m-1770992100"", ""icon"": ""https://polymarket-upload.s3.us-east-2.amazonaws.com/ETH+fullsize.jpg"", ""eventSlug"": ""eth-updown-15m-1770992100"", ""outcome"": ""Down"", ""outcomeIndex"": 1, ""name"": """", ""pseudonym"": """", ""bio"": """", ""profileImage"": """", ""profileImageOptimized"": """", ""transactionHash"": ""0x92dd7367e415f89a41c34ff160f1144fce13cd7d4a5b7c3d385d536b576a23a8""}"
1770992115,2026-02-13T22:16:33.400494,0xc5f4f6a81a71e85a95401a7db6e3614e9538054df90df2120147f0702d019e09:1770992115,572473,5031084282167950494806674428243037744881029417420880897305642929037077494331,SELL,0.999,0.01,0.00999,0xc5f4f6a81a71e85a95401a7db6e3614e9538054df90df2120147f0702d019e09,"{""proxyWallet"": ""0xa99d82d6671848c53b52b957711f7c4b6ef7aeb7"", ""side"": ""SELL"", ""asset"": ""4178531277101930988692310013213248114472964389143173804873458721353665392131"", ""conditionId"": ""0xc25ee227bc4c49a871b1e0a50f13bf10006a43506349e60e5cd4d4936c6f9f5c"", ""size"": 0.01, ""price"": 0.999, ""timestamp"": 1770992115, ""title"": ""Bitcoin Up or Down - February 13, 9:00AM-9:15AM ET"", ""slug"": ""btc-updown-15m-1770991200"", ""icon"": ""https://polymarket-upload.s3.us-east-2.amazonaws.com/BTC+fullsize.png"", ""eventSlug"": ""btc-updown-15m-1770991200"", ""outcome"": ""Down"", ""outcomeIndex"": 1, ""name"": ""migberto"", ""pseudonym"": ""Determined-Potential"", ""bio"": """", ""profileImage"": """", ""profileImageOptimized"": """", ""transactionHash"": ""0xc5f4f6a81a71e85a95401a7db6e3614e9538054df90df2120147f0702d019e09""}"
1770992115,2026-02-13T22:16:33.400510,0x7c33e2cd27b2d9d5303d9f0bc179511308c2fc49074a60555693d5dd79d4ce0b:1770992115,572473,5031084282167950494806674428243037744881029417420880897305642929037077494331,BUY,0.58,25.19,14.610199999999999,0x7c33e2cd27b2d9d5303d9f0bc179511308c2fc49074a60555693d5dd79d4ce0b,"{""proxyWallet"": ""0x55fda5be182e61128d6a61d4ed529e381d0455d7"", ""side"": ""BUY"", ""asset"": ""90341658886988384498394393567391613571011061723370135932732073994821879670427"", ""conditionId"": ""0x2218a943ba016f87b896bb777b2525eebdaab886523bc072cd9618f8d6d9b91e"", ""size"": 25.19, ""price"": 0.58, ""timestamp"": 1770992115, ""title"": ""Bitcoin Up or Down - February 13, 9:15AM-9:20AM ET"", ""slug"": ""btc-updown-5m-1770992100"", ""icon"": ""https://polymarket-upload.s3.us-east-2.amazonaws.com/BTC+fullsize.png"", ""eventSlug"": ""btc-updown-5m-1770992100"", ""outcome"": ""Up"", ""outcomeIndex"": 0, ""name"": """", ""pseudonym"": """", ""bio"": """", ""profileImage"": """", ""profileImageOptimized"": """", ""transactionHash"": ""0x7c33e2cd27b2d9d5303d9f0bc179511308c2fc49074a60555693d5dd79d4ce0b""}"
1770992115,2026-02-13T22:16:33.400526,0xf14c2719cfce3b2506e095b23b50b9b84387e05b05621bde636e0a65bff42238:1770992115,572473,5031084282167950494806674428243037744881029417420880897305642929037077494331,BUY,0.5699998783998638,2.631576,1.499998,0xf14c2719cfce3b2506e095b23b50b9b84387e05b05621bde636e0a65bff42238,"{""proxyWallet"": ""0x489f40e4d98efae7f660dc8212eff5bbe837e28b"", ""side"": ""BUY"", ""asset"": ""90341658886988384498394393567391613571011061723370135932732073994821879670427"", ""conditionId"": ""0x2218a943ba016f87b896bb777b2525eebdaab886523bc072cd9618f8d6d9b91e"", ""size"": 2.631576, ""price"": 0.5699998783998638, ""timestamp"": 1770992115, ""title"": ""Bitcoin Up or Down - February 13, 9:15AM-9:20AM ET"", ""slug"": ""btc-updown-5m-1770992100"", ""icon"": ""https://polymarket-upload.s3.us-east-2.amazonaws.com/BTC+fullsize.png"", ""eventSlug"": ""btc-updown-5m-1770992100"", ""outcome"": ""Up"", ""outcomeIndex"": 0, ""name"": """", ""pseudonym"": """", ""bio"": """", ""profileImage"": """", ""profileImageOptimized"": """", ""transactionHash"": ""0xf14c2719cfce3b2506e095b23b50b9b84387e05b05621bde636e0a65bff42238""}"
1770992115,2026-02-13T22:16:33.400542,0xb8e2ecbb40a82f6e414ac945c52e874576b690c274d6f25f921bca28fd2a66b7:1770992115,572473,5031084282167950494806674428243037744881029417420880897305642929037077494331,BUY,0.43,18.87,8.1141,0xb8e2ecbb40a82f6e414ac945c52e874576b690c274d6f25f921bca28fd2a66b7,"{""proxyWallet"": ""0xa84edaf1a562eabb463dc6cf4c3e9c407a5edbeb"", ""side"": ""BUY"", ""asset"": ""115049876316220679848172528892493817248770136396084659981371980815574034695630"", ""conditionId"": ""0xd8a9e4b88229579dcf1c9fda7a5fef2dfe45af732686fb5cbe5976f1c3a19ff6"", ""size"": 18.87, ""price"": 0.43, ""timestamp"": 1770992115, ""title"": ""Ethereum Up or Down - February 13, 9:15AM-9:30AM ET"", ""slug"": ""eth-updown-15m-1770992100"", ""icon"": ""https://polymarket-upload.s3.us-east-2.amazonaws.com/ETH+fullsize.jpg"", ""eventSlug"": ""eth-updown-15m-1770992100"", ""outcome"": ""Down"", ""outcomeIndex"": 1, ""name"": ""VOID-PEPPER"", ""pseudonym"": ""Irritating-Fatigue"", ""bio"": """", ""profileImage"": """", ""profileImageOptimized"": """", ""transactionHash"": ""0xb8e2ecbb40a82f6e414ac945c52e874576b690c274d6f25f921bca28fd2a66b7""}"
1770992115,2026-02-13T22:16:33.400558,0x7c9094cdc90c0d339ba08aaeaabc84ef56e7f0c904dc8914f9c3dea7729ba287:1770992115,572473,5031084282167950494806674428243037744881029417420880897305642929037077494331,BUY,0.54,8.0,4.32,0x7c9094cdc90c0d339ba08aaeaabc84ef56e7f0c904dc8914f9c3dea7729ba287,"{""proxyWallet"": ""0x62717626ca554841d6302264a2b9caf8e7fc99b5"", ""side"": ""BUY"", ""asset"": ""26994972425347435898442897109407523146459743206917823865905991587285356057190"", ""conditionId"": ""0x4489d71363e1894219fc1379130c93c763f4343e5851dfbee687e753ab823569"", ""size"": 8, ""price"": 0.54, ""timestamp"": 1770992115, ""title"": ""Bitcoin Up or Down - February 13, 9:15AM-9:30AM ET"", ""slug"": ""btc-updown-15m-1770992100"", ""icon"": ""https://polymarket-upload.s3.us-east-2.amazonaws.com/BTC+fullsize.png"", ""eventSlug"": ""btc-updown-15m-1770992100"", ""outcome"": ""Up"", ""outcomeIndex"": 0, ""name"": ""GerqaGpvgvpvna"", ""pseudonym"": ""Defensive-Swath"", ""bio"": """", ""profileImage"": """", ""profileImageOptimized"": """", ""transactionHash"": ""0x7c9094cdc90c0d339ba08aaeaabc84ef56e7f0c904dc8914f9c3dea7729ba287""}"
1770992115,2026-02-13T22:16:33.400573,0x6be6c9d0e57ab186b31d839d94a4f9db5be924c5a6ade83a4e2e7edae7f96e95:1770992115,572473,5031084282167950494806674428243037744881029417420880897305642929037077494331,BUY,0.58,1.72,0.9975999999999999,0x6be6c9d0e57ab186b31d839d94a4f9db5be924c5a6ade83a4e2e7edae7f96e95,"{""proxyWallet"": ""0x382cb052ccc4dc4ba033082b783830466641c325"", ""side"": ""BUY"", ""asset"": ""90341658886988384498394393567391613571011061723370135932732073994821879670427"", ""conditionId"": ""0x2218a943ba016f87b896bb777b2525eebdaab886523bc072cd9618f8d6d9b91e"", ""size"": 1.72, ""price"": 0.58, ""timestamp"": 1770992115, ""title"": ""Bitcoin Up or Down - February 13, 9:15AM-9:20AM ET"", ""slug"": ""btc-updown-5m-1770992100"", ""icon"": ""https://polymarket-upload.s3.us-east-2.amazonaws.com/BTC+fullsize.png"", ""eventSlug"": ""btc-updown-5m-1770992100"", ""outcome"": ""Up"", ""outcomeIndex"": 0, ""name"": """", ""pseudonym"": """", ""bio"": """", ""profileImage"": """", ""profileImageOptimized"": """", ""transactionHash"": ""0x6be6c9d0e57ab186b31d839d94a4f9db5be924c5a6ade83a4e2e7edae7f96e95""}"
1770992115,2026-02-13T22:16:33.400588,0x8e0aed59e3a5132f7fb11ae8e9063369368cf1c3bcf1ccc386c0f6741db6094c:1770992115,572473,5031084282167950494806674428243037744881029417420880897305642929037077494331,BUY,0.5899999704999955,8.474575,4.999999,0x8e0aed59e3a5132f7fb11ae8e9063369368cf1c3bcf1ccc386c0f6741db6094c,"{""proxyWallet"": ""0xc60ff2cab5190b0de68f078ca6da38bf71fe742d"", ""side"": ""BUY"", ""asset"": ""90341658886988384498394393567391613571011061723370135932732073994821879670427"", ""conditionId"": ""0x2218a943ba016f87b896bb777b2525eebdaab886523bc072cd9618f8d6d9b91e"", ""size"": 8.474575, ""price"": 0.5899999704999955, ""timestamp"": 1770992115, ""title"": ""Bitcoin Up or Down - February 13, 9:15AM-9:20AM ET"", ""slug"": ""btc-updown-5m-1770992100"", ""icon"": ""https://polymarket-upload.s3.us-east-2.amazonaws.com/BTC+fullsize.png"", ""eventSlug"": ""btc-updown-5m-1770992100"", ""outcome"": ""Up"", ""outcomeIndex"": 0, ""name"": """", ""pseudonym"": """", ""bio"": """", ""profileImage"": """", ""profileImageOptimized"": """", ""transactionHash"": ""0x8e0aed59e3a5132f7fb11ae8e9063369368cf1c3bcf1ccc386c0f6741db6094c""}"
1770992115,2026-02-13T22:16:33.400605,0x3f03903a0856636899f5f278c6663368d296fd4ab5173c79fba52359f7e01f6a:1770992115,572473,5031084282167950494806674428243037744881029417420880897305642929037077494331,BUY,0.5768846696783922,1.733447,0.999999,0x3f03903a0856636899f5f278c6663368d296fd4ab5173c79fba52359f7e01f6a,"{""proxyWallet"": ""0x2723b37b5d659e0845805918117c2ebc1f67d961"", ""side"": ""BUY"", ""asset"": ""90341658886988384498394393567391613571011061723370135932732073994821879670427"", ""conditionId"": ""0x2218a943ba016f87b896bb777b2525eebdaab886523bc072cd9618f8d6d9b91e"", ""size"": 1.733447, ""price"": 0.5768846696783922, ""timestamp"": 1770992115, ""title"": ""Bitcoin Up or Down - February 13, 9:15AM-9:20AM ET"", ""slug"": ""btc-updown-5m-1770992100"", ""icon"": ""https://polymarket-upload.s3.us-east-2.amazonaws.com/BTC+fullsize.png"", ""eventSlug"": ""btc-updown-5m-1770992100"", ""outcome"": ""Up"", ""outcomeIndex"": 0, ""name"": ""0x2723b37B5d659e0845805918117c2eBc1F67D961-1770980615765"", ""pseudonym"": ""Cautious-Sector"", ""bio"": """", ""profileImage"": """", ""profileImageOptimized"": """", ""transactionHash"": ""0x3f03903a0856636899f5f278c6663368d296fd4ab5173c79fba52359f7e01f6a""}"
1770992115,2026-02-13T22:16:33.400622,0x9eacbf75d76559af365b5374965f72ba498e322b93b655b973905cf772e2f27e:1770992115,572473,5031084282167950494806674428243037744881029417420880897305642929037077494331,BUY,0.55,6.0,3.3000000000000003,0x9eacbf75d76559af365b5374965f72ba498e322b93b655b973905cf772e2f27e,"{""proxyWallet"": ""0xdf684e590fee33a0cd64e0be24c00971f9a64158"", ""side"": ""BUY"", ""asset"": ""2844181740250277267185676628544795343619398422178996052107086417055587681337"", ""conditionId"": ""0x62e16747c11d83e4979ac118cddda13c972f7e83b98400734ad9126a71fa09b1"", ""size"": 6, ""price"": 0.55, ""timestamp"": 1770992115, ""title"": ""XRP Up or Down - February 13, 9:15AM-9:30AM ET"", ""slug"": ""xrp-updown-15m-1770992100"", ""icon"": ""https://polymarket-upload.s3.us-east-2.amazonaws.com/XRP-logo.png"", ""eventSlug"": ""xrp-updown-15m-1770992100"", ""outcome"": ""Up"", ""outcomeIndex"": 0, ""name"": ""H0RNET"", ""pseudonym"": ""Grubby-Economy"", ""bio"": """", ""profileImage"": """", ""profileImageOptimized"": """", ""transactionHash"": ""0x9eacbf75d76559af365b5374965f72ba498e322b93b655b973905cf772e2f27e""}"
1770992115,2026-02-13T22:16:33.400638,0xa33b321ec0b3e037f1b7a0a9a86a3d08d532c53759833ec2896a7c9e7e887eb7:1770992115,572473,5031084282167950494806674428243037744881029417420880897305642929037077494331,BUY,0.72,2.5,1.7999999999999998,0xa33b321ec0b3e037f1b7a0a9a86a3d08d532c53759833ec2896a7c9e7e887eb7,"{""proxyWallet"": ""0x320691173909ec013a2e88b081e6188d7a2a11f9"", ""side"": ""BUY"", ""asset"": ""38930219654246034182961507734527500280605797817883882195046856545949122647869"", ""conditionId"": ""0xdaa54fed48ebbf4da985fc00d715ab93bca3a4a988c222bf8acbb709fc2174ed"", ""size"": 2.5, ""price"": 0.72, ""timestamp"": 1770992115, ""title"": ""XRP Up or Down - February 13, 9AM ET"", ""slug"": ""xrp-up-or-down-february-13-9am-et"", ""icon"": ""https://polymarket-upload.s3.us-east-2.amazonaws.com/XRP-logo.png"", ""eventSlug"": ""xrp-up-or-down-february-13-9am-et"", ""outcome"": ""Down"", ""outcomeIndex"": 1, ""name"": ""kenaylawss"", ""pseudonym"": ""Mushy-Military"", ""bio"": """", ""profileImage"": """", ""profileImageOptimized"": """", ""transactionHash"": ""0xa33b321ec0b3e037f1b7a0a9a86a3d08d532c53759833ec2896a7c9e7e887eb7""}"
1770992115,2026-02-13T22:16:33.400654,0xa0f117d02e7a0257c0d4216d93fe7597b2a5005e7ec03605a178ed2f8242693f:1770992115,572473,5031084282167950494806674428243037744881029417420880897305642929037077494331,BUY,0.72,2.25,1.6199999999999999,0xa0f117d02e7a0257c0d4216d93fe7597b2a5005e7ec03605a178ed2f8242693f,"{""proxyWallet"": ""0xe1a532a9991cc9ce27174b0296d077f824149dad"", ""side"": ""BUY"", ""asset"": ""38930219654246034182961507734527500280605797817883882195046856545949122647869"", ""conditionId"": ""0xdaa54fed48ebbf4da985fc00d715ab93bca3a4a988c222bf8acbb709fc2174ed"", ""size"": 2.25, ""price"": 0.72, ""timestamp"": 1770992115, ""title"": ""XRP Up or Down - February 13, 9AM ET"", ""slug"": ""xrp-up-or-down-february-13-9am-et"", ""icon"": ""https://polymarket-upload.s3.us-east-2.amazonaws.com/XRP-logo.png"", ""eventSlug"": ""xrp-up-or-down-february-13-9am-et"", ""outcome"": ""Down"", ""outcomeIndex"": 1, ""name"": ""crystalview"", ""pseudonym"": ""Half-Hydrocarb"", ""bio"": """", ""profileImage"": """", ""profileImageOptimized"": """", ""transactionHash"": ""0xa0f117d02e7a0257c0d4216d93fe7597b2a5005e7ec03605a178ed2f8242693f""}"
1770992115,2026-02-13T22:16:33.400670,0xf68850e64e54ddf4594d50dd446c43faab60e64a562f5c632d718b7487505c93:1770992115,572473,5031084282167950494806674428243037744881029417420880897305642929037077494331,BUY,0.41999999466158233,74.92857,31.469998999999994,0xf68850e64e54ddf4594d50dd446c43faab60e64a562f5c632d718b7487505c93,"{""proxyWallet"": ""0x61276aba49117fd9299707d5d573652949d5c977"", ""side"": ""BUY"", ""asset"": ""72387968654551110099588107508582841311469315396559355038205055214090021188414"", ""conditionId"": ""0x2218a943ba016f87b896bb777b2525eebdaab886523bc072cd9618f8d6d9b91e"", ""size"": 74.92857, ""price"": 0.41999999466158233, ""timestamp"": 1770992115, ""title"": ""Bitcoin Up or Down - February 13, 9:15AM-9:20AM ET"", ""slug"": ""btc-updown-5m-1770992100"", ""icon"": ""https://polymarket-upload.s3.us-east-2.amazonaws.com/BTC+fullsize.png"", ""eventSlug"": ""btc-updown-5m-1770992100"", ""outcome"": ""Down"", ""outcomeIndex"": 1, ""name"": ""MuseumOfBees"", ""pseudonym"": ""Outlandish-Shop"", ""bio"": """", ""profileImage"": """", ""profileImageOptimized"": """", ""transactionHash"": ""0xf68850e64e54ddf4594d50dd446c43faab60e64a562f5c632d718b7487505c93""}"
1770992115,2026-02-13T22:16:33.400686,0x4c914dcb0a9833caeea1dc190db794050d838a5ce29d4f556a3c40a0d07def0c:1770992115,572473,5031084282167950494806674428243037744881029417420880897305642929037077494331,BUY,0.5799999566354768,1.844826,1.0699990000000001,0x4c914dcb0a9833caeea1dc190db794050d838a5ce29d4f556a3c40a0d07def0c,"{""proxyWallet"": ""0xe9aab315f07285b16359e0742b03506d994c089d"", ""side"": ""BUY"", ""asset"": ""90341658886988384498394393567391613571011061723370135932732073994821879670427"", ""conditionId"": ""0x2218a943ba016f87b896bb777b2525eebdaab886523bc072cd9618f8d6d9b91e"", ""size"": 1.844826, ""price"": 0.5799999566354768, ""timestamp"": 1770992115, ""title"": ""Bitcoin Up or Down - February 13, 9:15AM-9:20AM ET"", ""slug"": ""btc-updown-5m-1770992100"", ""icon"": ""https://polymarket-upload.s3.us-east-2.amazonaws.com/BTC+fullsize.png"", ""eventSlug"": ""btc-updown-5m-1770992100"", ""outcome"": ""Up"", ""outcomeIndex"": 0, ""name"": """", ""pseudonym"": """", ""bio"": """", ""profileImage"": """", ""profileImageOptimized"": """", ""transactionHash"": ""0x4c914dcb0a9833caeea1dc190db794050d838a5ce29d4f556a3c40a0d07def0c""}"
1770992115,2026-02-13T22:16:33.400702,0xe4e3262286e623f59829356aeab3d23782924c89bea6041e54b47529939622ad:1770992115,572473,5031084282167950494806674428243037744881029417420880897305642929037077494331,BUY,0.5699999059499214,3.508769,1.999998,0xe4e3262286e623f59829356aeab3d23782924c89bea6041e54b47529939622ad,"{""proxyWallet"": ""0xfa6c39226b24ca5e6646f68d37abb1ec21a6a67d"", ""side"": ""BUY"", ""asset"": ""90341658886988384498394393567391613571011061723370135932732073994821879670427"", ""conditionId"": ""0x2218a943ba016f87b896bb777b2525eebdaab886523bc072cd9618f8d6d9b91e"", ""size"": 3.508769, ""price"": 0.5699999059499214, ""timestamp"": 1770992115, ""title"": ""Bitcoin Up or Down - February 13, 9:15AM-9:20AM ET"", ""slug"": ""btc-updown-5m-1770992100"", ""icon"": ""https://polymarket-upload.s3.us-east-2.amazonaws.com/BTC+fullsize.png"", ""eventSlug"": ""btc-updown-5m-1770992100"", ""outcome"": ""Up"", ""outcomeIndex"": 0, ""name"": """", ""pseudonym"": """", ""bio"": """", ""profileImage"": """", ""profileImageOptimized"": """", ""transactionHash"": ""0xe4e3262286e623f59829356aeab3d23782924c89bea6041e54b47529939622ad""}"
1770992115,2026-02-13T22:16:33.400719,0x48ba3f68ad7ff9860db8b843b17ce1bce91fd594bb84054a05a0478431cd1034:1770992115,572473,5031084282167950494806674428243037744881029417420880897305642929037077494331,BUY,0.42999993948144516,3.139533,1.349999,0x48ba3f68ad7ff9860db8b843b17ce1bce91fd594bb84054a05a0478431cd1034,"{""proxyWallet"": ""0xce6500d9dc794b8b4a9a908d0494802ea32a53d7"", ""side"": ""BUY"", ""asset"": ""115049876316220679848172528892493817248770136396084659981371980815574034695630"", ""conditionId"": ""0xd8a9e4b88229579dcf1c9fda7a5fef2dfe45af732686fb5cbe5976f1c3a19ff6"", ""size"": 3.139533, ""price"": 0.42999993948144516, ""timestamp"": 1770992115, ""title"": ""Ethereum Up or Down - February 13, 9:15AM-9:30AM ET"", ""slug"": ""eth-updown-15m-1770992100"", ""icon"": ""https://polymarket-upload.s3.us-east-2.amazonaws.com/ETH+fullsize.jpg"", ""eventSlug"": ""eth-updown-15m-1770992100"", ""outcome"": ""Down"", ""outcomeIndex"": 1, ""name"": ""simonap"", ""pseudonym"": ""Gregarious-Garage"", ""bio"": """", ""profileImage"": """", ""profileImageOptimized"": """", ""transactionHash"": ""0x48ba3f68ad7ff9860db8b843b17ce1bce91fd594bb84054a05a0478431cd1034""}"
1770992115,2026-02-13T22:16:33.400736,0x6b8cc8cc999b45ad19dbfe86b268741d377f9807b35fe3ff5313572313ff6843:1770992115,572473,5031084282167950494806674428243037744881029417420880897305642929037077494331,BUY,0.43,25.0,10.75,0x6b8cc8cc999b45ad19dbfe86b268741d377f9807b35fe3ff5313572313ff6843,"{""proxyWallet"": ""0xf6963d4cdbb6f26d753bda303e9513132afb1b7d"", ""side"": ""BUY"", ""asset"": ""115049876316220679848172528892493817248770136396084659981371980815574034695630"", ""conditionId"": ""0xd8a9e4b88229579dcf1c9fda7a5fef2dfe45af732686fb5cbe5976f1c3a19ff6"", ""size"": 25, ""price"": 0.43, ""timestamp"": 1770992115, ""title"": ""Ethereum Up or Down - February 13, 9:15AM-9:30AM ET"", ""slug"": ""eth-updown-15m-1770992100"", ""icon"": ""https://polymarket-upload.s3.us-east-2.amazonaws.com/ETH+fullsize.jpg"", ""eventSlug"": ""eth-updown-15m-1770992100"", ""outcome"": ""Down"", ""outcomeIndex"": 1, ""name"": ""rename"", ""pseudonym"": ""Junior-Octavo"", ""bio"": """", ""profileImage"": """", ""profileImageOptimized"": """", ""transactionHash"": ""0x6b8cc8cc999b45ad19dbfe86b268741d377f9807b35fe3ff5313572313ff6843""}"
1770992115,2026-02-13T22:16:33.400753,0x42c5c0863e350b8e7a00844e9c59d53147861b2830e8fc34d43c998122b63219:1770992115,572473,5031084282167950494806674428243037744881029417420880897305642929037077494331,BUY,0.46999988036355805,2.340424,1.099999,0x42c5c0863e350b8e7a00844e9c59d53147861b2830e8fc34d43c998122b63219,"{""proxyWallet"": ""0xeb0bc2b3b67b3b8e8326cd920328c0a8515f9948"", ""side"": ""BUY"", ""asset"": ""79977699093326922498273634549052678411362219648189898097966968380456514170585"", ""conditionId"": ""0x4489d71363e1894219fc1379130c93c763f4343e5851dfbee687e753ab823569"", ""size"": 2.340424, ""price"": 0.46999988036355805, ""timestamp"": 1770992115, ""title"": ""Bitcoin Up or Down - February 13, 9:15AM-9:30AM ET"", ""slug"": ""btc-updown-15m-1770992100"", ""icon"": ""https://polymarket-upload.s3.us-east-2.amazonaws.com/BTC+fullsize.png"", ""eventSlug"": ""btc-updown-15m-1770992100"", ""outcome"": ""Down"", ""outcomeIndex"": 1, ""name"": """", ""pseudonym"": """", ""bio"": """", ""profileImage"": """", ""profileImageOptimized"": """", ""transactionHash"": ""0x42c5c0863e350b8e7a00844e9c59d53147861b2830e8fc34d43c998122b63219""}"
1770992115,2026-02-13T22:16:33.400770,0x2cc93468bdd88e9cee9382951f0b9bed229a892d06c21cc8445e41188fe6c57a:1770992115,572473,5031084282167950494806674428243037744881029417420880897305642929037077494331,BUY,0.5599999253332935,5.35714,2.9999979999999997,0x2cc93468bdd88e9cee9382951f0b9bed229a892d06c21cc8445e41188fe6c57a,"{""proxyWallet"": ""0x051d585a9de6e925374ca287c11a1ab4169c963e"", ""side"": ""BUY"", ""asset"": ""90341658886988384498394393567391613571011061723370135932732073994821879670427"", ""conditionId"": ""0x2218a943ba016f87b896bb777b2525eebdaab886523bc072cd9618f8d6d9b91e"", ""size"": 5.35714, ""price"": 0.5599999253332935, ""timestamp"": 1770992115, ""title"": ""Bitcoin Up or Down - February 13, 9:15AM-9:20AM ET"", ""slug"": ""btc-updown-5m-1770992100"", ""icon"": ""https://polymarket-upload.s3.us-east-2.amazonaws.com/BTC+fullsize.png"", ""eventSlug"": ""btc-updown-5m-1770992100"", ""outcome"": ""Up"", ""outcomeIndex"": 0, ""name"": ""bestofcryptos1"", ""pseudonym"": ""Unsung-Resist"", ""bio"": """", ""profileImage"": """", ""profileImageOptimized"": """", ""transactionHash"": ""0x2cc93468bdd88e9cee9382951f0b9bed229a892d06c21cc8445e41188fe6c57a""}"
1770992115,2026-02-13T22:16:33.400786,0x5fda1f3b25c45a7ad59418e2e13ef035bd6577864bcd290673f0d0abe965e6ce:1770992115,572473,5031084282167950494806674428243037744881029417420880897305642929037077494331,BUY,0.54,5.0,2.7,0x5fda1f3b25c45a7ad59418e2e13ef035bd6577864bcd290673f0d0abe965e6ce,"{""proxyWallet"": ""0x03de51d4975e8f8da4e80d42f7bbe84bf419f987"", ""side"": ""BUY"", ""asset"": ""26994972425347435898442897109407523146459743206917823865905991587285356057190"", ""conditionId"": ""0x4489d71363e1894219fc1379130c93c763f4343e5851dfbee687e753ab823569"", ""size"": 5, ""price"": 0.54, ""timestamp"": 1770992115, ""title"": ""Bitcoin Up or Down - February 13, 9:15AM-9:30AM ET"", ""slug"": ""btc-updown-15m-1770992100"", ""icon"": ""https://polymarket-upload.s3.us-east-2.amazonaws.com/BTC+fullsize.png"", ""eventSlug"": ""btc-updown-15m-1770992100"", ""outcome"": ""Up"", ""outcomeIndex"": 0, ""name"": ""0x03DE51d4975E8F8Da4E80d42f7BBe84bF419f987-1767867194785"", ""pseudonym"": ""Tinted-Peak"", ""bio"": """", ""profileImage"": """", ""profileImageOptimized"": """", ""transactionHash"": ""0x5fda1f3b25c45a7ad59418e2e13ef035bd6577864bcd290673f0d0abe965e6ce""}"
1770992115,2026-02-13T22:16:33.400802,0x86c7b751c1c1d4c6dcf332cd9fad58de840e6b9477847df1d92042025aaf22a8:1770992115,572473,5031084282167950494806674428243037744881029417420880897305642929037077494331,BUY,0.55,38.0,20.900000000000002,0x86c7b751c1c1d4c6dcf332cd9fad58de840e6b9477847df1d92042025aaf22a8,"{""proxyWallet"": ""0x1979ae6b7e6534de9c4539d0c205e582ca637c9d"", ""side"": ""BUY"", ""asset"": ""100245772516588573911551477182776376875898405428059299813479874518461736224912"", ""conditionId"": ""0x71c386d79e0f6163568c8045a4fa0f0ad6e7544441fcde73331ac50fc8bded0c"", ""size"": 38, ""price"": 0.55, ""timestamp"": 1770992115, ""title"": ""Solana Up or Down - February 13, 9:15AM-9:30AM ET"", ""slug"": ""sol-updown-15m-1770992100"", ""icon"": ""https://polymarket-upload.s3.us-east-2.amazonaws.com/SOL+fullsize.png"", ""eventSlug"": ""sol-updown-15m-1770992100"", ""outcome"": ""Up"", ""outcomeIndex"": 0, ""name"": ""0x1979ae6B7E6534dE9c4539D0c205E582cA637C9D-1769439463256"", ""pseudonym"": ""Square-Guy"", ""bio"": """", ""profileImage"": """", ""profileImageOptimized"": """", ""transactionHash"": ""0x86c7b751c1c1d4c6dcf332cd9fad58de840e6b9477847df1d92042025aaf22a8""}"
1770992115,2026-02-13T22:16:33.400818,0x4df7d7fc9bbd0ce49fc7691ebe53822a3d38c1e018e56507070ffef47a1f4482:1770992115,572473,5031084282167950494806674428243037744881029417420880897305642929037077494331,BUY,0.57,15.0,8.549999999999999,0x4df7d7fc9bbd0ce49fc7691ebe53822a3d38c1e018e56507070ffef47a1f4482,"{""proxyWallet"": ""0x49e5ca8fc43e7541e18550d8929a4ba8c754edba"", ""side"": ""BUY"", ""asset"": ""90341658886988384498394393567391613571011061723370135932732073994821879670427"", ""conditionId"": ""0x2218a943ba016f87b896bb777b2525eebdaab886523bc072cd9618f8d6d9b91e"", ""size"": 15, ""price"": 0.57, ""timestamp"": 1770992115, ""title"": ""Bitcoin Up or Down - February 13, 9:15AM-9:20AM ET"", ""slug"": ""btc-updown-5m-1770992100"", ""icon"": ""https://polymarket-upload.s3.us-east-2.amazonaws.com/BTC+fullsize.png"", ""eventSlug"": ""btc-updown-5m-1770992100"", ""outcome"": ""Up"", ""outcomeIndex"": 0, ""name"": """", ""pseudonym"": """", ""bio"": """", ""profileImage"": """", ""profileImageOptimized"": """", ""transactionHash"": ""0x4df7d7fc9bbd0ce49fc7691ebe53822a3d38c1e018e56507070ffef47a1f4482""}"
1770992115,2026-02-13T22:16:33.400833,0x8d9b710770543d133d7dd5ef8ccaf9e7f26cb9ee5bde21a786d7726dd6579904:1770992115,572473,5031084282167950494806674428243037744881029417420880897305642929037077494331,BUY,0.5799999697391057,1.982757,1.1499990000000002,0x8d9b710770543d133d7dd5ef8ccaf9e7f26cb9ee5bde21a786d7726dd6579904,"{""proxyWallet"": ""0x0f3e225b423ac0a2b193d64bfb82c8829d65ab8b"", ""side"": ""BUY"", ""asset"": ""90341658886988384498394393567391613571011061723370135932732073994821879670427"", ""conditionId"": ""0x2218a943ba016f87b896bb777b2525eebdaab886523bc072cd9618f8d6d9b91e"", ""size"": 1.982757, ""price"": 0.5799999697391057, ""timestamp"": 1770992115, ""title"": ""Bitcoin Up or Down - February 13, 9:15AM-9:20AM ET"", ""slug"": ""btc-updown-5m-1770992100"", ""icon"": ""https://polymarket-upload.s3.us-east-2.amazonaws.com/BTC+fullsize.png"", ""eventSlug"": ""btc-updown-5m-1770992100"", ""outcome"": ""Up"", ""outcomeIndex"": 0, ""name"": """", ""pseudonym"": """", ""bio"": """", ""profileImage"": """", ""profileImageOptimized"": """", ""transactionHash"": ""0x8d9b710770543d133d7dd5ef8ccaf9e7f26cb9ee5bde21a786d7726dd6579904""}"
1770992115,2026-02-13T22:16:33.400849,0xa6a2bd28e398cffe9401f1796af35485b3bf01e96030302c5b7152bf991bb9ab:1770992115,572473,5031084282167950494806674428243037744881029417420880897305642929037077494331,BUY,0.54,9.09,4.9086,0xa6a2bd28e398cffe9401f1796af35485b3bf01e96030302c5b7152bf991bb9ab,"{""proxyWallet"": ""0xe6cef1403b5a704d0ca8be6aeaed6916a11a8884"", ""side"": ""BUY"", ""asset"": ""26994972425347435898442897109407523146459743206917823865905991587285356057190"", ""conditionId"": ""0x4489d71363e1894219fc1379130c93c763f4343e5851dfbee687e753ab823569"", ""size"": 9.09, ""price"": 0.54, ""timestamp"": 1770992115, ""title"": ""Bitcoin Up or Down - February 13, 9:15AM-9:30AM ET"", ""slug"": ""btc-updown-15m-1770992100"", ""icon"": ""https://polymarket-upload.s3.us-east-2.amazonaws.com/BTC+fullsize.png"", ""eventSlug"": ""btc-updown-15m-1770992100"", ""outcome"": ""Up"", ""outcomeIndex"": 0, ""name"": ""nigegezhenshuai"", ""pseudonym"": ""Super-Macaroon"", ""bio"": """", ""profileImage"": """", ""profileImageOptimized"": """", ""transactionHash"": ""0xa6a2bd28e398cffe9401f1796af35485b3bf01e96030302c5b7152bf991bb9ab""}"
1770992115,2026-02-13T22:16:33.400865,0x559d4421897b33cf87a921a860436ec3ed045d9a67e84ffb39521795f0c8f869:1770992115,572473,5031084282167950494806674428243037744881029417420880897305642929037077494331,BUY,0.5740755738282888,16.879309,9.689998999999998,0x559d4421897b33cf87a921a860436ec3ed045d9a67e84ffb39521795f0c8f869,"{""proxyWallet"": ""0x55fda5be182e61128d6a61d4ed529e381d0455d7"", ""side"": ""BUY"", ""asset"": ""90341658886988384498394393567391613571011061723370135932732073994821879670427"", ""conditionId"": ""0x2218a943ba016f87b896bb777b2525eebdaab886523bc072cd9618f8d6d9b91e"", ""size"": 16.879309, ""price"": 0.5740755738282888, ""timestamp"": 1770992115, ""title"": ""Bitcoin Up or Down - February 13, 9:15AM-9:20AM ET"", ""slug"": ""btc-updown-5m-1770992100"", ""icon"": ""https://polymarket-upload.s3.us-east-2.amazonaws.com/BTC+fullsize.png"", ""eventSlug"": ""btc-updown-5m-1770992100"", ""outcome"": ""Up"", ""outcomeIndex"": 0, ""name"": """", ""pseudonym"": """", ""bio"": """", ""profileImage"": """", ""profileImageOptimized"": """", ""transactionHash"": ""0x559d4421897b33cf87a921a860436ec3ed045d9a67e84ffb39521795f0c8f869""}"
1770992113,2026-02-13T22:16:33.400882,0xe325b1a8700ff9f9cbb341f4ca88669d4b9e427c4ddee8c828879b2df9f4ed26:1770992113,572473,5031084282167950494806674428243037744881029417420880897305642929037077494331,BUY,0.54,5.0,2.7,0xe325b1a8700ff9f9cbb341f4ca88669d4b9e427c4ddee8c828879b2df9f4ed26,"{""proxyWallet"": ""0x3177b6fc028bef95c9c76ec8d0000129271b7b80"", ""side"": ""BUY"", ""asset"": ""26994972425347435898442897109407523146459743206917823865905991587285356057190"", ""conditionId"": ""0x4489d71363e1894219fc1379130c93c763f4343e5851dfbee687e753ab823569"", ""size"": 5, ""price"": 0.54, ""timestamp"": 1770992113, ""title"": ""Bitcoin Up or Down - February 13, 9:15AM-9:30AM ET"", ""slug"": ""btc-updown-15m-1770992100"", ""icon"": ""https://polymarket-upload.s3.us-east-2.amazonaws.com/BTC+fullsize.png"", ""eventSlug"": ""btc-updown-15m-1770992100"", ""outcome"": ""Up"", ""outcomeIndex"": 0, ""name"": ""trying-something"", ""pseudonym"": ""Wilted-Membership"", ""bio"": """", ""profileImage"": """", ""profileImageOptimized"": """", ""transactionHash"": ""0xe325b1a8700ff9f9cbb341f4ca88669d4b9e427c4ddee8c828879b2df9f4ed26""}"
1770992113,2026-02-13T22:16:33.400897,0x2d4032d37c7e14500cc740cd24adf53fb5901153574eb5e7bb8d2eea2bbb3829:1770992113,572473,5031084282167950494806674428243037744881029417420880897305642929037077494331,BUY,0.4299998670908293,2.558138,1.099999,0x2d4032d37c7e14500cc740cd24adf53fb5901153574eb5e7bb8d2eea2bbb3829,"{""proxyWallet"": ""0xff350b048212cb7a7b95f4a0d7c53763f5fd3444"", ""side"": ""BUY"", ""asset"": ""115049876316220679848172528892493817248770136396084659981371980815574034695630"", ""conditionId"": ""0xd8a9e4b88229579dcf1c9fda7a5fef2dfe45af732686fb5cbe5976f1c3a19ff6"", ""size"": 2.558138, ""price"": 0.4299998670908293, ""timestamp"": 1770992113, ""title"": ""Ethereum Up or Down - February 13, 9:15AM-9:30AM ET"", ""slug"": ""eth-updown-15m-1770992100"", ""icon"": ""https://polymarket-upload.s3.us-east-2.amazonaws.com/ETH+fullsize.jpg"", ""eventSlug"": ""eth-updown-15m-1770992100"", ""outcome"": ""Down"", ""outcomeIndex"": 1, ""name"": """", ""pseudonym"": """", ""bio"": """", ""profileImage"": """", ""profileImageOptimized"": """", ""transactionHash"": ""0x2d4032d37c7e14500cc740cd24adf53fb5901153574eb5e7bb8d2eea2bbb3829""}"
1770992113,2026-02-13T22:16:33.400921,0x8f6e801972b0b6833e18c5f2ae9fba0e38489e8e5d7985f3310616e37459d40e:1770992113,572473,5031084282167950494806674428243037744881029417420880897305642929037077494331,BUY,0.5699999429999539,1.929823,1.0999990000000002,0x8f6e801972b0b6833e18c5f2ae9fba0e38489e8e5d7985f3310616e37459d40e,"{""proxyWallet"": ""0xecca733d255d60b54e0542d5d341bae783230903"", ""side"": ""BUY"", ""asset"": ""90341658886988384498394393567391613571011061723370135932732073994821879670427"", ""conditionId"": ""0x2218a943ba016f87b896bb777b2525eebdaab886523bc072cd9618f8d6d9b91e"", ""size"": 1.929823, ""price"": 0.5699999429999539, ""timestamp"": 1770992113, ""title"": ""Bitcoin Up or Down - February 13, 9:15AM-9:20AM ET"", ""slug"": ""btc-updown-5m-1770992100"", ""icon"": ""https://polymarket-upload.s3.us-east-2.amazonaws.com/BTC+fullsize.png"", ""eventSlug"": ""btc-updown-5m-1770992100"", ""outcome"": ""Up"", ""outcomeIndex"": 0, ""name"": """", ""pseudonym"": """", ""bio"": """", ""profileImage"": """", ""profileImageOptimized"": """", ""transactionHash"": ""0x8f6e801972b0b6833e18c5f2ae9fba0e38489e8e5d7985f3310616e37459d40e""}"
1770992113,2026-02-13T22:16:33.400937,0x9499bc87cdb02609ef9f6bbf259e74c89c674733d098f1480ac2af8d94740bf3:1770992113,572473,5031084282167950494806674428243037744881029417420880897305642929037077494331,BUY,0.55,4.5,2.475,0x9499bc87cdb02609ef9f6bbf259e74c89c674733d098f1480ac2af8d94740bf3,"{""proxyWallet"": ""0xdc92b303dab1637e987bd7a5959bfab2a3b1741b"", ""side"": ""BUY"", ""asset"": ""100245772516588573911551477182776376875898405428059299813479874518461736224912"", ""conditionId"": ""0x71c386d79e0f6163568c8045a4fa0f0ad6e7544441fcde73331ac50fc8bded0c"", ""size"": 4.5, ""price"": 0.55, ""timestamp"": 1770992113, ""title"": ""Solana Up or Down - February 13, 9:15AM-9:30AM ET"", ""slug"": ""sol-updown-15m-1770992100"", ""icon"": ""https://polymarket-upload.s3.us-east-2.amazonaws.com/SOL+fullsize.png"", ""eventSlug"": ""sol-updown-15m-1770992100"", ""outcome"": ""Up"", ""outcomeIndex"": 0, ""name"": ""Rhydian555"", ""pseudonym"": ""Silent-Codepage"", ""bio"": """", ""profileImage"": ""https://polymarket-upload.s3.us-east-2.amazonaws.com/profile-image-5930900-b39759d1-07b4-47d7-abcf-704c600f84f3.jpg"", ""profileImageOptimized"": """", ""transactionHash"": ""0x9499bc87cdb02609ef9f6bbf259e74c89c674733d098f1480ac2af8d94740bf3""}"
1770992113,2026-02-13T22:16:33.400954,0x5063b1091ffa2be326a5b2a02e8b4786863c2d49535dbdf7ad6518ecf954a292:1770992113,572473,5031084282167950494806674428243037744881029417420880897305642929037077494331,SELL,0.85,56.17,47.7445,0x5063b1091ffa2be326a5b2a02e8b4786863c2d49535dbdf7ad6518ecf954a292,"{""proxyWallet"": ""0x9c956322f6267915b3113f6eebf68eb2f8847d09"", ""side"": ""SELL"", ""asset"": ""44710683060821808973828969475344253394908293983699043008622502342926902589053"", ""conditionId"": ""0xbb4d8ad76915a24581ff702643cd2bc7c6d29f452d4598d4b4c2b76832f298bc"", ""size"": 56.17, ""price"": 0.85, ""timestamp"": 1770992113, ""title"": ""Solana Up or Down on February 13?"", ""slug"": ""solana-up-or-down-on-february-13"", ""icon"": ""https://polymarket-upload.s3.us-east-2.amazonaws.com/SOL-logo.png"", ""eventSlug"": ""solana-up-or-down-on-february-13"", ""outcome"": ""Up"", ""outcomeIndex"": 0, ""name"": ""ken630"", ""pseudonym"": ""Bitter-Green"", ""bio"": """", ""profileImage"": """", ""profileImageOptimized"": """", ""transactionHash"": ""0x5063b1091ffa2be326a5b2a02e8b4786863c2d49535dbdf7ad6518ecf954a292""}"
1770992113,2026-02-13T22:16:33.400970,0x44f14c0f6bd3500c2b4a4f982ca1955d4ffecb79015a473a9b84b1c4f3e61149:1770992113,572473,5031084282167950494806674428243037744881029417420880897305642929037077494331,BUY,0.9893830845771144,502.5,497.165,0x44f14c0f6bd3500c2b4a4f982ca1955d4ffecb79015a473a9b84b1c4f3e61149,"{""proxyWallet"": ""0x95074f700f93bdf6e62fc965e0832064c0877b04"", ""side"": ""BUY"", ""asset"": ""22618649903490127200482427977987510507242968613649369568425889170598910761445"", ""conditionId"": ""0xd724a45737c9893e8e932f10aa1685f3d345b3d896d5bf7ecc25175f034a4675"", ""size"": 502.5, ""price"": 0.9893830845771144, ""timestamp"": 1770992113, ""title"": ""Will \""Neil Armstrong and the Langholmites\"" win Best British Short Film at the 2026 BAFTA Awards?"", ""slug"": ""will-neil-armstrong-and-the-langholmites-win-best-british-short-film-at-the-2026-bafta-awards"", ""icon"": ""https://polymarket-upload.s3.us-east-2.amazonaws.com/bafta-film-awards-best-film-winner-Vg1arZM6-437.png"", ""eventSlug"": ""bafta-film-awards-best-british-short-film-winner"", ""outcome"": ""No"", ""outcomeIndex"": 1, ""name"": ""poorsnob"", ""pseudonym"": ""Compassionate-Kneejerk"", ""bio"": """", ""profileImage"": ""https://polymarket-upload.s3.us-east-2.amazonaws.com/profile-image-4784424-acbf0a11-1ddd-46b3-af37-3d29e873f061.png"", ""profileImageOptimized"": """", ""transactionHash"": ""0x44f14c0f6bd3500c2b4a4f982ca1955d4ffecb79015a473a9b84b1c4f3e61149""}"
1770992113,2026-02-13T22:16:33.400989,0xf4869b678d3f6ae95d0b4786af8ffe4d648805d4c2ba75850fc32d98d84efac9:1770992113,572473,5031084282167950494806674428243037744881029417420880897305642929037077494331,BUY,0.57,285.16,162.5412,0xf4869b678d3f6ae95d0b4786af8ffe4d648805d4c2ba75850fc32d98d84efac9,"{""proxyWallet"": ""0x1979ae6b7e6534de9c4539d0c205e582ca637c9d"", ""side"": ""BUY"", ""asset"": ""90341658886988384498394393567391613571011061723370135932732073994821879670427"", ""conditionId"": ""0x2218a943ba016f87b896bb777b2525eebdaab886523bc072cd9618f8d6d9b91e"", ""size"": 285.16, ""price"": 0.57, ""timestamp"": 1770992113, ""title"": ""Bitcoin Up or Down - February 13, 9:15AM-9:20AM ET"", ""slug"": ""btc-updown-5m-1770992100"", ""icon"": ""https://polymarket-upload.s3.us-east-2.amazonaws.com/BTC+fullsize.png"", ""eventSlug"": ""btc-updown-5m-1770992100"", ""outcome"": ""Up"", ""outcomeIndex"": 0, ""name"": ""0x1979ae6B7E6534dE9c4539D0c205E582cA637C9D-1769439463256"", ""pseudonym"": ""Square-Guy"", ""bio"": """", ""profileImage"": """", ""profileImageOptimized"": """", ""transactionHash"": ""0xf4869b678d3f6ae95d0b4786af8ffe4d648805d4c2ba75850fc32d98d84efac9""}"
1770992113,2026-02-13T22:16:33.401005,0xd510918d81116cbb2de5f9c90c8eea57e3314022fc599bd03a12d04f73918271:1770992113,572473,5031084282167950494806674428243037744881029417420880897305642929037077494331,BUY,0.46999988036355805,2.340424,1.099999,0xd510918d81116cbb2de5f9c90c8eea57e3314022fc599bd03a12d04f73918271,"{""proxyWallet"": ""0xff350b048212cb7a7b95f4a0d7c53763f5fd3444"", ""side"": ""BUY"", ""asset"": ""7350830411196400605992300522805833595762437347084742066463854211766509271641"", ""conditionId"": ""0x71c386d79e0f6163568c8045a4fa0f0ad6e7544441fcde73331ac50fc8bded0c"", ""size"": 2.340424, ""price"": 0.46999988036355805, ""timestamp"": 1770992113, ""title"": ""Solana Up or Down - February 13, 9:15AM-9:30AM ET"", ""slug"": ""sol-updown-15m-1770992100"", ""icon"": ""https://polymarket-upload.s3.us-east-2.amazonaws.com/SOL+fullsize.png"", ""eventSlug"": ""sol-updown-15m-1770992100"", ""outcome"": ""Down"", ""outcomeIndex"": 1, ""name"": """", ""pseudonym"": """", ""bio"": """", ""profileImage"": """", ""profileImageOptimized"": """", ""transactionHash"": ""0xd510918d81116cbb2de5f9c90c8eea57e3314022fc599bd03a12d04f73918271""}"
1770992113,2026-02-13T22:16:33.401022,0xae16ccf4f9ab231188a8bc8e882406ea004b0b7db879117ca34ee91812c0334b:1770992113,572473,5031084282167950494806674428243037744881029417420880897305642929037077494331,BUY,0.44,2.5,1.1,0xae16ccf4f9ab231188a8bc8e882406ea004b0b7db879117ca34ee91812c0334b,"{""proxyWallet"": ""0x69cc4544e43ea1dba55a7213d69342c5e0090d7d"", ""side"": ""BUY"", ""asset"": ""115049876316220679848172528892493817248770136396084659981371980815574034695630"", ""conditionId"": ""0xd8a9e4b88229579dcf1c9fda7a5fef2dfe45af732686fb5cbe5976f1c3a19ff6"", ""size"": 2.5, ""price"": 0.44, ""timestamp"": 1770992113, ""title"": ""Ethereum Up or Down - February 13, 9:15AM-9:30AM ET"", ""slug"": ""eth-updown-15m-1770992100"", ""icon"": ""https://polymarket-upload.s3.us-east-2.amazonaws.com/ETH+fullsize.jpg"", ""eventSlug"": ""eth-updown-15m-1770992100"", ""outcome"": ""Down"", ""outcomeIndex"": 1, ""name"": ""wa003"", ""pseudonym"": ""Ragged-Lunge"", ""bio"": """", ""profileImage"": """", ""profileImageOptimized"": """", ""transactionHash"": ""0xae16ccf4f9ab231188a8bc8e882406ea004b0b7db879117ca34ee91812c0334b""}"
1770992113,2026-02-13T22:16:33.401038,0xc89b4bc4c70fda0e19726a7760111470314b576f14b1676fcfa38870ce7435ba:1770992113,572473,5031084282167950494806674428243037744881029417420880897305642929037077494331,SELL,0.40526262626262627,19.8,8.0242,0xc89b4bc4c70fda0e19726a7760111470314b576f14b1676fcfa38870ce7435ba,"{""proxyWallet"": ""0x37c94ea1b44e01b18a1ce3ab6f8002bd6b9d7e6d"", ""side"": ""SELL"", ""asset"": ""72387968654551110099588107508582841311469315396559355038205055214090021188414"", ""conditionId"": ""0x2218a943ba016f87b896bb777b2525eebdaab886523bc072cd9618f8d6d9b91e"", ""size"": 19.8, ""price"": 0.40526262626262627, ""timestamp"": 1770992113, ""title"": ""Bitcoin Up or Down - February 13, 9:15AM-9:20AM ET"", ""slug"": ""btc-updown-5m-1770992100"", ""icon"": ""https://polymarket-upload.s3.us-east-2.amazonaws.com/BTC+fullsize.png"", ""eventSlug"": ""btc-updown-5m-1770992100"", ""outcome"": ""Down"", ""outcomeIndex"": 1, ""name"": ""abrak25"", ""pseudonym"": ""Poised-Twist"", ""bio"": """", ""profileImage"": """", ""profileImageOptimized"": """", ""transactionHash"": ""0xc89b4bc4c70fda0e19726a7760111470314b576f14b1676fcfa38870ce7435ba""}"
1770992113,2026-02-13T22:16:33.401055,0x3c6ccc275843b13bccc6bbf3c9125274914eb4cc566039698374cb7c768777c9:1770992113,572473,5031084282167950494806674428243037744881029417420880897305642929037077494331,BUY,0.4699998918999708,4.255318,1.999999,0x3c6ccc275843b13bccc6bbf3c9125274914eb4cc566039698374cb7c768777c9,"{""proxyWallet"": ""0x2ee74289dee2ad254b523dea961884b3fdf84f17"", ""side"": ""BUY"", ""asset"": ""79977699093326922498273634549052678411362219648189898097966968380456514170585"", ""conditionId"": ""0x4489d71363e1894219fc1379130c93c763f4343e5851dfbee687e753ab823569"", ""size"": 4.255318, ""price"": 0.4699998918999708, ""timestamp"": 1770992113, ""title"": ""Bitcoin Up or Down - February 13, 9:15AM-9:30AM ET"", ""slug"": ""btc-updown-15m-1770992100"", ""icon"": ""https://polymarket-upload.s3.us-east-2.amazonaws.com/BTC+fullsize.png"", ""eventSlug"": ""btc-updown-15m-1770992100"", ""outcome"": ""Down"", ""outcomeIndex"": 1, ""name"": """", ""pseudonym"": """", ""bio"": """", ""profileImage"": """", ""profileImageOptimized"": """", ""transactionHash"": ""0x3c6ccc275843b13bccc6bbf3c9125274914eb4cc566039698374cb7c768777c9""}"
1770992113,2026-02-13T22:16:33.401072,0xd5b409eaa611efb84ed9d963781e553854c436567aa160c6f74307c19f5e248e:1770992113,572473,5031084282167950494806674428243037744881029417420880897305642929037077494331,BUY,0.55,62.0,34.1,0xd5b409eaa611efb84ed9d963781e553854c436567aa160c6f74307c19f5e248e,"{""proxyWallet"": ""0x1d0034134e339a309700ff2d34e99fa2d48b0313"", ""side"": ""BUY"", ""asset"": ""90341658886988384498394393567391613571011061723370135932732073994821879670427"", ""conditionId"": ""0x2218a943ba016f87b896bb777b2525eebdaab886523bc072cd9618f8d6d9b91e"", ""size"": 62, ""price"": 0.55, ""timestamp"": 1770992113, ""title"": ""Bitcoin Up or Down - February 13, 9:15AM-9:20AM ET"", ""slug"": ""btc-updown-5m-1770992100"", ""icon"": ""https://polymarket-upload.s3.us-east-2.amazonaws.com/BTC+fullsize.png"", ""eventSlug"": ""btc-updown-5m-1770992100"", ""outcome"": ""Up"", ""outcomeIndex"": 0, ""name"": ""0x1d0034134e339a309700ff2d34e99fa2d48b031"", ""pseudonym"": ""Canine-Commandment"", ""bio"": """", ""profileImage"": """", ""profileImageOptimized"": """", ""transactionHash"": ""0xd5b409eaa611efb84ed9d963781e553854c436567aa160c6f74307c19f5e248e""}"
1770992113,2026-02-13T22:16:33.401088,0x96e5e4d94ed77c181e86e7dbed3df4b8a0ea6a1e22f8a602f1367c02949be3e6:1770992113,572473,5031084282167950494806674428243037744881029417420880897305642929037077494331,BUY,0.4399999031191985,2.477271,1.089999,0x96e5e4d94ed77c181e86e7dbed3df4b8a0ea6a1e22f8a602f1367c02949be3e6,"{""proxyWallet"": ""0x58f6dbb59bf04619aa0a5edb0d429c74b48913bf"", ""side"": ""BUY"", ""asset"": ""115049876316220679848172528892493817248770136396084659981371980815574034695630"", ""conditionId"": ""0xd8a9e4b88229579dcf1c9fda7a5fef2dfe45af732686fb5cbe5976f1c3a19ff6"", ""size"": 2.477271, ""price"": 0.4399999031191985, ""timestamp"": 1770992113, ""title"": ""Ethereum Up or Down - February 13, 9:15AM-9:30AM ET"", ""slug"": ""eth-updown-15m-1770992100"", ""icon"": ""https://polymarket-upload.s3.us-east-2.amazonaws.com/ETH+fullsize.jpg"", ""eventSlug"": ""eth-updown-15m-1770992100"", ""outcome"": ""Down"", ""outcomeIndex"": 1, ""name"": """", ""pseudonym"": """", ""bio"": """", ""profileImage"": """", ""profileImageOptimized"": """", ""transactionHash"": ""0x96e5e4d94ed77c181e86e7dbed3df4b8a0ea6a1e22f8a602f1367c02949be3e6""}"
1770992113,2026-02-13T22:16:33.401105,0x39c823d23b9895ca6a47c3557d3b8c4537fec3605129c81f5bce724f59b56ca6:1770992113,572473,5031084282167950494806674428243037744881029417420880897305642929037077494331,BUY,0.54,6.0,3.24,0x39c823d23b9895ca6a47c3557d3b8c4537fec3605129c81f5bce724f59b56ca6,"{""proxyWallet"": ""0xdf684e590fee33a0cd64e0be24c00971f9a64158"", ""side"": ""BUY"", ""asset"": ""2844181740250277267185676628544795343619398422178996052107086417055587681337"", ""conditionId"": ""0x62e16747c11d83e4979ac118cddda13c972f7e83b98400734ad9126a71fa09b1"", ""size"": 6, ""price"": 0.54, ""timestamp"": 1770992113, ""title"": ""XRP Up or Down - February 13, 9:15AM-9:30AM ET"", ""slug"": ""xrp-updown-15m-1770992100"", ""icon"": ""https://polymarket-upload.s3.us-east-2.amazonaws.com/XRP-logo.png"", ""eventSlug"": ""xrp-updown-15m-1770992100"", ""outcome"": ""Up"", ""outcomeIndex"": 0, ""name"": ""H0RNET"", ""pseudonym"": ""Grubby-Economy"", ""bio"": """", ""profileImage"": """", ""profileImageOptimized"": """", ""transactionHash"": ""0x39c823d23b9895ca6a47c3557d3b8c4537fec3605129c81f5bce724f59b56ca6""}"
1770992113,2026-02-13T22:16:33.401121,0xe12b8b5fb8d7458432d3bed4ea12803f19c0b49429f661d3b537061ab62ec2c1:1770992113,572473,5031084282167950494806674428243037744881029417420880897305642929037077494331,BUY,0.53,119.0,63.07,0xe12b8b5fb8d7458432d3bed4ea12803f19c0b49429f661d3b537061ab62ec2c1,"{""proxyWallet"": ""0x1d0034134e339a309700ff2d34e99fa2d48b0313"", ""side"": ""BUY"", ""asset"": ""26994972425347435898442897109407523146459743206917823865905991587285356057190"", ""conditionId"": ""0x4489d71363e1894219fc1379130c93c763f4343e5851dfbee687e753ab823569"", ""size"": 119, ""price"": 0.53, ""timestamp"": 1770992113, ""title"": ""Bitcoin Up or Down - February 13, 9:15AM-9:30AM ET"", ""slug"": ""btc-updown-15m-1770992100"", ""icon"": ""https://polymarket-upload.s3.us-east-2.amazonaws.com/BTC+fullsize.png"", ""eventSlug"": ""btc-updown-15m-1770992100"", ""outcome"": ""Up"", ""outcomeIndex"": 0, ""name"": ""0x1d0034134e339a309700ff2d34e99fa2d48b031"", ""pseudonym"": ""Canine-Commandment"", ""bio"": """", ""profileImage"": """", ""profileImageOptimized"": """", ""transactionHash"": ""0xe12b8b5fb8d7458432d3bed4ea12803f19c0b49429f661d3b537061ab62ec2c1""}"
1770992113,2026-02-13T22:16:33.401137,0x466dd57bd99173cde2b1d0186d85ead36dd03427b3a602618363f83239335b1e:1770992113,572473,5031084282167950494806674428243037744881029417420880897305642929037077494331,SELL,0.99,98.81,97.8219,0x466dd57bd99173cde2b1d0186d85ead36dd03427b3a602618363f83239335b1e,"{""proxyWallet"": ""0xee9d1396212fd1196ad3c9ce9861898e353a85f1"", ""side"": ""SELL"", ""asset"": ""1563061042094235387126619445851461453165036913535491318410134682545036106122"", ""conditionId"": ""0x9ea143a51bd2eb64c70a108fb02539b688b494dee388efb5bc9907227bd4161a"", ""size"": 98.81, ""price"": 0.99, ""timestamp"": 1770992113, ""title"": ""Bitcoin Up or Down - February 13, 9:10AM-9:15AM ET"", ""slug"": ""btc-updown-5m-1770991800"", ""icon"": ""https://polymarket-upload.s3.us-east-2.amazonaws.com/BTC+fullsize.png"", ""eventSlug"": ""btc-updown-5m-1770991800"", ""outcome"": ""Down"", ""outcomeIndex"": 1, ""name"": ""0x45BBBBBBBBBBBB"", ""pseudonym"": ""Shabby-Migrant"", ""bio"": """", ""profileImage"": """", ""profileImageOptimized"": """", ""transactionHash"": ""0x466dd57bd99173cde2b1d0186d85ead36dd03427b3a602618363f83239335b1e""}"
1770992113,2026-02-13T22:16:33.401155,0x62cefaa11533f62c5646224b821e4d71d482eb7f70af6164adb4f372c9a54b3d:1770992113,572473,5031084282167950494806674428243037744881029417420880897305642929037077494331,BUY,0.57,8.77,4.998899999999999,0x62cefaa11533f62c5646224b821e4d71d482eb7f70af6164adb4f372c9a54b3d,"{""proxyWallet"": ""0xe6cef1403b5a704d0ca8be6aeaed6916a11a8884"", ""side"": ""BUY"", ""asset"": ""90341658886988384498394393567391613571011061723370135932732073994821879670427"", ""conditionId"": ""0x2218a943ba016f87b896bb777b2525eebdaab886523bc072cd9618f8d6d9b91e"", ""size"": 8.77, ""price"": 0.57, ""timestamp"": 1770992113, ""title"": ""Bitcoin Up or Down - February 13, 9:15AM-9:20AM ET"", ""slug"": ""btc-updown-5m-1770992100"", ""icon"": ""https://polymarket-upload.s3.us-east-2.amazonaws.com/BTC+fullsize.png"", ""eventSlug"": ""btc-updown-5m-1770992100"", ""outcome"": ""Up"", ""outcomeIndex"": 0, ""name"": ""nigegezhenshuai"", ""pseudonym"": ""Super-Macaroon"", ""bio"": """", ""profileImage"": """", ""profileImageOptimized"": """", ""transactionHash"": ""0x62cefaa11533f62c5646224b821e4d71d482eb7f70af6164adb4f372c9a54b3d""}"
1770992113,2026-02-13T22:16:33.401170,0x48cc2f4b53565202681243d5d461b12253c94a95fb712c63683344ee8e426929:1770992113,572473,5031084282167950494806674428243037744881029417420880897305642929037077494331,BUY,0.54,8.77,4.7358,0x48cc2f4b53565202681243d5d461b12253c94a95fb712c63683344ee8e426929,"{""proxyWallet"": ""0xe6cef1403b5a704d0ca8be6aeaed6916a11a8884"", ""side"": ""BUY"", ""asset"": ""90341658886988384498394393567391613571011061723370135932732073994821879670427"", ""conditionId"": ""0x2218a943ba016f87b896bb777b2525eebdaab886523bc072cd9618f8d6d9b91e"", ""size"": 8.77, ""price"": 0.54, ""timestamp"": 1770992113, ""title"": ""Bitcoin Up or Down - February 13, 9:15AM-9:20AM ET"", ""slug"": ""btc-updown-5m-1770992100"", ""icon"": ""https://polymarket-upload.s3.us-east-2.amazonaws.com/BTC+fullsize.png"", ""eventSlug"": ""btc-updown-5m-1770992100"", ""outcome"": ""Up"", ""outcomeIndex"": 0, ""name"": ""nigegezhenshuai"", ""pseudonym"": ""Super-Macaroon"", ""bio"": """", ""profileImage"": """", ""profileImageOptimized"": """", ""transactionHash"": ""0x48cc2f4b53565202681243d5d461b12253c94a95fb712c63683344ee8e426929""}"
1770992113,2026-02-13T22:16:33.401186,0x0bff3f67f96750964349440ac0cb2eb47576fcb2f0fb92f45ef625c3b203e374:1770992113,572473,5031084282167950494806674428243037744881029417420880897305642929037077494331,BUY,0.46999988036355805,2.340424,1.099999,0x0bff3f67f96750964349440ac0cb2eb47576fcb2f0fb92f45ef625c3b203e374,"{""proxyWallet"": ""0x69cc4544e43ea1dba55a7213d69342c5e0090d7d"", ""side"": ""BUY"", ""asset"": ""72387968654551110099588107508582841311469315396559355038205055214090021188414"", ""conditionId"": ""0x2218a943ba016f87b896bb777b2525eebdaab886523bc072cd9618f8d6d9b91e"", ""size"": 2.340424, ""price"": 0.46999988036355805, ""timestamp"": 1770992113, ""title"": ""Bitcoin Up or Down - February 13, 9:15AM-9:20AM ET"", ""slug"": ""btc-updown-5m-1770992100"", ""icon"": ""https://polymarket-upload.s3.us-east-2.amazonaws.com/BTC+fullsize.png"", ""eventSlug"": ""btc-updown-5m-1770992100"", ""outcome"": ""Down"", ""outcomeIndex"": 1, ""name"": ""wa003"", ""pseudonym"": ""Ragged-Lunge"", ""bio"": """", ""profileImage"": """", ""profileImageOptimized"": """", ""transactionHash"": ""0x0bff3f67f96750964349440ac0cb2eb47576fcb2f0fb92f45ef625c3b203e374""}"
1770992113,2026-02-13T22:16:33.401203,0xd8138ade7c8cea4acb788da1e8bc0c26f2ddf12ca55a7de5240257893a703898:1770992113,572473,5031084282167950494806674428243037744881029417420880897305642929037077494331,BUY,0.5799999566354768,1.844826,1.0699990000000001,0xd8138ade7c8cea4acb788da1e8bc0c26f2ddf12ca55a7de5240257893a703898,"{""proxyWallet"": ""0xe9aab315f07285b16359e0742b03506d994c089d"", ""side"": ""BUY"", ""asset"": ""90341658886988384498394393567391613571011061723370135932732073994821879670427"", ""conditionId"": ""0x2218a943ba016f87b896bb777b2525eebdaab886523bc072cd9618f8d6d9b91e"", ""size"": 1.844826, ""price"": 0.5799999566354768, ""timestamp"": 1770992113, ""title"": ""Bitcoin Up or Down - February 13, 9:15AM-9:20AM ET"", ""slug"": ""btc-updown-5m-1770992100"", ""icon"": ""https://polymarket-upload.s3.us-east-2.amazonaws.com/BTC+fullsize.png"", ""eventSlug"": ""btc-updown-5m-1770992100"", ""outcome"": ""Up"", ""outcomeIndex"": 0, ""name"": """", ""pseudonym"": """", ""bio"": """", ""profileImage"": """", ""profileImageOptimized"": """", ""transactionHash"": ""0xd8138ade7c8cea4acb788da1e8bc0c26f2ddf12ca55a7de5240257893a703898""}"
1770992113,2026-02-13T22:16:33.401219,0x1a83dc70eb6050b2a174bbabb6356418cd9e2333c3c15ca3022ca17e41c81f37:1770992113,572473,5031084282167950494806674428243037744881029417420880897305642929037077494331,BUY,0.38,40.0,15.2,0x1a83dc70eb6050b2a174bbabb6356418cd9e2333c3c15ca3022ca17e41c81f37,"{""proxyWallet"": ""0x333a7a179edbaaedeefefe7a41d81a9832c543ed"", ""side"": ""BUY"", ""asset"": ""90975387654228332229959433451207567814992785976122259360502402643071811616781"", ""conditionId"": ""0xda9382ea9a953e4f9ba94cdab2b1b50d923496784ad2945fea69b5f7f1adffd6"", ""size"": 40, ""price"": 0.38, ""timestamp"": 1770992113, ""title"": ""Ethereum Up or Down - February 13, 9AM ET"", ""slug"": ""ethereum-up-or-down-february-13-9am-et"", ""icon"": ""https://polymarket-upload.s3.us-east-2.amazonaws.com/ETH+fullsize.jpg"", ""eventSlug"": ""ethereum-up-or-down-february-13-9am-et"", ""outcome"": ""Up"", ""outcomeIndex"": 0, ""name"": ""0x333a7a179EdBAAEDeEFEfE7a41D81a9832C543ed-1766536390969"", ""pseudonym"": ""Unknown-Hovel"", ""bio"": """", ""profileImage"": """", ""profileImageOptimized"": """", ""transactionHash"": ""0x1a83dc70eb6050b2a174bbabb6356418cd9e2333c3c15ca3022ca17e41c81f37""}"
1770992113,2026-02-13T22:16:33.401236,0x625a4b560061720d1d42b027e1db95990c1e4561c873ce7e9e6ecaa72b585143:1770992113,572473,5031084282167950494806674428243037744881029417420880897305642929037077494331,BUY,0.56,1.875,1.05,0x625a4b560061720d1d42b027e1db95990c1e4561c873ce7e9e6ecaa72b585143,"{""proxyWallet"": ""0x7bdca6beb310e48dd39b116c52ed10fc67756c16"", ""side"": ""BUY"", ""asset"": ""100245772516588573911551477182776376875898405428059299813479874518461736224912"", ""conditionId"": ""0x71c386d79e0f6163568c8045a4fa0f0ad6e7544441fcde73331ac50fc8bded0c"", ""size"": 1.875, ""price"": 0.56, ""timestamp"": 1770992113, ""title"": ""Solana Up or Down - February 13, 9:15AM-9:30AM ET"", ""slug"": ""sol-updown-15m-1770992100"", ""icon"": ""https://polymarket-upload.s3.us-east-2.amazonaws.com/SOL+fullsize.png"", ""eventSlug"": ""sol-updown-15m-1770992100"", ""outcome"": ""Up"", ""outcomeIndex"": 0, ""name"": """", ""pseudonym"": """", ""bio"": """", ""profileImage"": """", ""profileImageOptimized"": """", ""transactionHash"": ""0x625a4b560061720d1d42b027e1db95990c1e4561c873ce7e9e6ecaa72b585143""}"
1770992113,2026-02-13T22:16:33.401251,0x9f157dbb18981bed5bc4e5bdca6e894b40b8761c39f9cfb055e5cca108fb59ec:1770992113,572473,5031084282167950494806674428243037744881029417420880897305642929037077494331,BUY,0.45,10.0,4.5,0x9f157dbb18981bed5bc4e5bdca6e894b40b8761c39f9cfb055e5cca108fb59ec,"{""proxyWallet"": ""0x941e9756c3588cdc806d9e1005528a5cdcfa1fbf"", ""side"": ""BUY"", ""asset"": ""7350830411196400605992300522805833595762437347084742066463854211766509271641"", ""conditionId"": ""0x71c386d79e0f6163568c8045a4fa0f0ad6e7544441fcde73331ac50fc8bded0c"", ""size"": 10, ""price"": 0.45, ""timestamp"": 1770992113, ""title"": ""Solana Up or Down - February 13, 9:15AM-9:30AM ET"", ""slug"": ""sol-updown-15m-1770992100"", ""icon"": ""https://polymarket-upload.s3.us-east-2.amazonaws.com/SOL+fullsize.png"", ""eventSlug"": ""sol-updown-15m-1770992100"", ""outcome"": ""Down"", ""outcomeIndex"": 1, ""name"": ""luoquint"", ""pseudonym"": ""Worldly-Shackle"", ""bio"": """", ""profileImage"": """", ""profileImageOptimized"": """", ""transactionHash"": ""0x9f157dbb18981bed5bc4e5bdca6e894b40b8761c39f9cfb055e5cca108fb59ec""}"
1770992113,2026-02-13T22:16:33.401267,0x709f57b46099b0c81cd4dbd35870807795983dcba710ab343fd35b81a40352fc:1770992113,572473,5031084282167950494806674428243037744881029417420880897305642929037077494331,BUY,0.5599999775999964,8.92857,4.999999000000001,0x709f57b46099b0c81cd4dbd35870807795983dcba710ab343fd35b81a40352fc,"{""proxyWallet"": ""0xdaf3b56ccd31efab3820800104e6589720a1774e"", ""side"": ""BUY"", ""asset"": ""100245772516588573911551477182776376875898405428059299813479874518461736224912"", ""conditionId"": ""0x71c386d79e0f6163568c8045a4fa0f0ad6e7544441fcde73331ac50fc8bded0c"", ""size"": 8.92857, ""price"": 0.5599999775999964, ""timestamp"": 1770992113, ""title"": ""Solana Up or Down - February 13, 9:15AM-9:30AM ET"", ""slug"": ""sol-updown-15m-1770992100"", ""icon"": ""https://polymarket-upload.s3.us-east-2.amazonaws.com/SOL+fullsize.png"", ""eventSlug"": ""sol-updown-15m-1770992100"", ""outcome"": ""Up"", ""outcomeIndex"": 0, ""name"": """", ""pseudonym"": """", ""bio"": """", ""profileImage"": """", ""profileImageOptimized"": """", ""transactionHash"": ""0x709f57b46099b0c81cd4dbd35870807795983dcba710ab343fd35b81a40352fc""}"
1770992113,2026-02-13T22:16:33.401283,0xd6a56239c54bb0ddb89309ad0a3ba6bd94d63af2569ac7711a0c5a0c090547b3:1770992113,572473,5031084282167950494806674428243037744881029417420880897305642929037077494331,BUY,0.449999987989322,12.488887,5.619999,0xd6a56239c54bb0ddb89309ad0a3ba6bd94d63af2569ac7711a0c5a0c090547b3,"{""proxyWallet"": ""0xa84edaf1a562eabb463dc6cf4c3e9c407a5edbeb"", ""side"": ""BUY"", ""asset"": ""7350830411196400605992300522805833595762437347084742066463854211766509271641"", ""conditionId"": ""0x71c386d79e0f6163568c8045a4fa0f0ad6e7544441fcde73331ac50fc8bded0c"", ""size"": 12.488887, ""price"": 0.449999987989322, ""timestamp"": 1770992113, ""title"": ""Solana Up or Down - February 13, 9:15AM-9:30AM ET"", ""slug"": ""sol-updown-15m-1770992100"", ""icon"": ""https://polymarket-upload.s3.us-east-2.amazonaws.com/SOL+fullsize.png"", ""eventSlug"": ""sol-updown-15m-1770992100"", ""outcome"": ""Down"", ""outcomeIndex"": 1, ""name"": ""VOID-PEPPER"", ""pseudonym"": ""Irritating-Fatigue"", ""bio"": """", ""profileImage"": """", ""profileImageOptimized"": """", ""transactionHash"": ""0xd6a56239c54bb0ddb89309ad0a3ba6bd94d63af2569ac7711a0c5a0c090547b3""}"
1770992113,2026-02-13T22:16:33.401300,0xe68bd3ee0ccdce910eee7dd6423b1775e497e19e4b48418803d1d5c2a9b0e622:1770992113,572473,5031084282167950494806674428243037744881029417420880897305642929037077494331,BUY,0.4499999212499744,4.444443,1.9999989999999999,0xe68bd3ee0ccdce910eee7dd6423b1775e497e19e4b48418803d1d5c2a9b0e622,"{""proxyWallet"": ""0x25f2b182274d2512f24d0ab612b3faa671eb64ad"", ""side"": ""BUY"", ""asset"": ""72387968654551110099588107508582841311469315396559355038205055214090021188414"", ""conditionId"": ""0x2218a943ba016f87b896bb777b2525eebdaab886523bc072cd9618f8d6d9b91e"", ""size"": 4.444443, ""price"": 0.4499999212499744, ""timestamp"": 1770992113, ""title"": ""Bitcoin Up or Down - February 13, 9:15AM-9:20AM ET"", ""slug"": ""btc-updown-5m-1770992100"", ""icon"": ""https://polymarket-upload.s3.us-east-2.amazonaws.com/BTC+fullsize.png"", ""eventSlug"": ""btc-updown-5m-1770992100"", ""outcome"": ""Down"", ""outcomeIndex"": 1, ""name"": ""myjobsucks"", ""pseudonym"": ""Weary-Bangle"", ""bio"": """", ""profileImage"": ""https://polymarket-upload.s3.us-east-2.amazonaws.com/profile-image-5733300-fdbd4e1a-a9a1-4299-bbf0-ae9b20e52757.jpeg"", ""profileImageOptimized"": """", ""transactionHash"": ""0xe68bd3ee0ccdce910eee7dd6423b1775e497e19e4b48418803d1d5c2a9b0e622""}"
1770992113,2026-02-13T22:16:33.401317,0x7089535d1534be132b35c9b5f50fbb8190bedb0a6773c91fe2172c1f062ae87e:1770992113,572473,5031084282167950494806674428243037744881029417420880897305642929037077494331,BUY,0.56,3.75,2.1,0x7089535d1534be132b35c9b5f50fbb8190bedb0a6773c91fe2172c1f062ae87e,"{""proxyWallet"": ""0x382cb052ccc4dc4ba033082b783830466641c325"", ""side"": ""BUY"", ""asset"": ""100245772516588573911551477182776376875898405428059299813479874518461736224912"", ""conditionId"": ""0x71c386d79e0f6163568c8045a4fa0f0ad6e7544441fcde73331ac50fc8bded0c"", ""size"": 3.75, ""price"": 0.56, ""timestamp"": 1770992113, ""title"": ""Solana Up or Down - February 13, 9:15AM-9:30AM ET"", ""slug"": ""sol-updown-15m-1770992100"", ""icon"": ""https://polymarket-upload.s3.us-east-2.amazonaws.com/SOL+fullsize.png"", ""eventSlug"": ""sol-updown-15m-1770992100"", ""outcome"": ""Up"", ""outcomeIndex"": 0, ""name"": """", ""pseudonym"": """", ""bio"": """", ""profileImage"": """", ""profileImageOptimized"": """", ""transactionHash"": ""0x7089535d1534be132b35c9b5f50fbb8190bedb0a6773c91fe2172c1f062ae87e""}"
1770992113,2026-02-13T22:16:33.401333,0xac362f4c34124c68f3e2382cd5777f91f5323e74fd0e59ab4c30352c347707d6:1770992113,572473,5031084282167950494806674428243037744881029417420880897305642929037077494331,BUY,0.54,16.0,8.64,0xac362f4c34124c68f3e2382cd5777f91f5323e74fd0e59ab4c30352c347707d6,"{""proxyWallet"": ""0x8ac1eaed0399f8332f47041436312d6cd4b19595"", ""side"": ""BUY"", ""asset"": ""26994972425347435898442897109407523146459743206917823865905991587285356057190"", ""conditionId"": ""0x4489d71363e1894219fc1379130c93c763f4343e5851dfbee687e753ab823569"", ""size"": 16, ""price"": 0.54, ""timestamp"": 1770992113, ""title"": ""Bitcoin Up or Down - February 13, 9:15AM-9:30AM ET"", ""slug"": ""btc-updown-15m-1770992100"", ""icon"": ""https://polymarket-upload.s3.us-east-2.amazonaws.com/BTC+fullsize.png"", ""eventSlug"": ""btc-updown-15m-1770992100"", ""outcome"": ""Up"", ""outcomeIndex"": 0, ""name"": ""b1gGambler"", ""pseudonym"": ""Punctual-Surroundings"", ""bio"": """", ""profileImage"": """", ""profileImageOptimized"": """", ""transactionHash"": ""0xac362f4c34124c68f3e2382cd5777f91f5323e74fd0e59ab4c30352c347707d6""}"
1770992113,2026-02-13T22:16:33.401348,0x8c0f6cdd66abdd397e608a5a4b0bef8c53f6364a6a2629e1db99e3ed1513e1a6:1770992113,572473,5031084282167950494806674428243037744881029417420880897305642929037077494331,BUY,0.56,8.92,4.9952000000000005,0x8c0f6cdd66abdd397e608a5a4b0bef8c53f6364a6a2629e1db99e3ed1513e1a6,"{""proxyWallet"": ""0xe6cef1403b5a704d0ca8be6aeaed6916a11a8884"", ""side"": ""BUY"", ""asset"": ""100245772516588573911551477182776376875898405428059299813479874518461736224912"", ""conditionId"": ""0x71c386d79e0f6163568c8045a4fa0f0ad6e7544441fcde73331ac50fc8bded0c"", ""size"": 8.92, ""price"": 0.56, ""timestamp"": 1770992113, ""title"": ""Solana Up or Down - February 13, 9:15AM-9:30AM ET"", ""slug"": ""sol-updown-15m-1770992100"", ""icon"": ""https://polymarket-upload.s3.us-east-2.amazonaws.com/SOL+fullsize.png"", ""eventSlug"": ""sol-updown-15m-1770992100"", ""outcome"": ""Up"", ""outcomeIndex"": 0, ""name"": ""nigegezhenshuai"", ""pseudonym"": ""Super-Macaroon"", ""bio"": """", ""profileImage"": """", ""profileImageOptimized"": """", ""transactionHash"": ""0x8c0f6cdd66abdd397e608a5a4b0bef8c53f6364a6a2629e1db99e3ed1513e1a6""}"
1770992113,2026-02-13T22:16:33.401364,0xf354aadd3539cab1f927bd9d95261386d92e552225c6173b5721a8efb0b65e80:1770992113,572473,5031084282167950494806674428243037744881029417420880897305642929037077494331,BUY,0.9659572093023255,53.75,51.920199999999994,0xf354aadd3539cab1f927bd9d95261386d92e552225c6173b5721a8efb0b65e80,"{""proxyWallet"": ""0xb40ea3fc2557d89eb8e094842bedda9e91827787"", ""side"": ""BUY"", ""asset"": ""52796611120169223323822435039624715399275163711429420027100759862269776627478"", ""conditionId"": ""0x781f5f684eb9aa0017c7978f7e270c31ff8f4da49daa863b005c0bcdb73935bb"", ""size"": 53.75, ""price"": 0.9659572093023255, ""timestamp"": 1770992113, ""title"": ""Al Shabab Saudi Club vs. Al Ahli Saudi Club: O/U 1.5"", ""slug"": ""spl-sha-ahl-2026-02-13-total-1pt5"", ""icon"": ""https://polymarket-upload.s3.us-east-2.amazonaws.com/saudi-league-0eb74ab5b8.png"", ""eventSlug"": ""spl-sha-ahl-2026-02-13-more-markets"", ""outcome"": ""Over"", ""outcomeIndex"": 0, ""name"": ""honggege"", ""pseudonym"": ""Huge-Laparoscope"", ""bio"": """", ""profileImage"": """", ""profileImageOptimized"": """", ""transactionHash"": ""0xf354aadd3539cab1f927bd9d95261386d92e552225c6173b5721a8efb0b65e80""}"
1770992113,2026-02-13T22:16:33.401382,0x57fb93d03dcb1eae3128a07e26b29a6b2f21248514329dcc79452ee9d32e58d0:1770992113,572473,5031084282167950494806674428243037744881029417420880897305642929037077494331,BUY,0.54,88.78,47.9412,0x57fb93d03dcb1eae3128a07e26b29a6b2f21248514329dcc79452ee9d32e58d0,"{""proxyWallet"": ""0x1d0034134e339a309700ff2d34e99fa2d48b0313"", ""side"": ""BUY"", ""asset"": ""26994972425347435898442897109407523146459743206917823865905991587285356057190"", ""conditionId"": ""0x4489d71363e1894219fc1379130c93c763f4343e5851dfbee687e753ab823569"", ""size"": 88.78, ""price"": 0.54, ""timestamp"": 1770992113, ""title"": ""Bitcoin Up or Down - February 13, 9:15AM-9:30AM ET"", ""slug"": ""btc-updown-15m-1770992100"", ""icon"": ""https://polymarket-upload.s3.us-east-2.amazonaws.com/BTC+fullsize.png"", ""eventSlug"": ""btc-updown-15m-1770992100"", ""outcome"": ""Up"", ""outcomeIndex"": 0, ""name"": ""0x1d0034134e339a309700ff2d34e99fa2d48b031"", ""pseudonym"": ""Canine-Commandment"", ""bio"": """", ""profileImage"": """", ""profileImageOptimized"": """", ""transactionHash"": ""0x57fb93d03dcb1eae3128a07e26b29a6b2f21248514329dcc79452ee9d32e58d0""}"
1770992113,2026-02-13T22:16:33.401398,0xcf38b01fe7c93d7d3ae511eb64ea051247e453a6232e4f1c2fe6b56cd12e9957:1770992113,572473,5031084282167950494806674428243037744881029417420880897305642929037077494331,BUY,0.54,3.0,1.62,0xcf38b01fe7c93d7d3ae511eb64ea051247e453a6232e4f1c2fe6b56cd12e9957,"{""proxyWallet"": ""0xce6500d9dc794b8b4a9a908d0494802ea32a53d7"", ""side"": ""BUY"", ""asset"": ""26994972425347435898442897109407523146459743206917823865905991587285356057190"", ""conditionId"": ""0x4489d71363e1894219fc1379130c93c763f4343e5851dfbee687e753ab823569"", ""size"": 3, ""price"": 0.54, ""timestamp"": 1770992113, ""title"": ""Bitcoin Up or Down - February 13, 9:15AM-9:30AM ET"", ""slug"": ""btc-updown-15m-1770992100"", ""icon"": ""https://polymarket-upload.s3.us-east-2.amazonaws.com/BTC+fullsize.png"", ""eventSlug"": ""btc-updown-15m-1770992100"", ""outcome"": ""Up"", ""outcomeIndex"": 0, ""name"": ""simonap"", ""pseudonym"": ""Gregarious-Garage"", ""bio"": """", ""profileImage"": """", ""profileImageOptimized"": """", ""transactionHash"": ""0xcf38b01fe7c93d7d3ae511eb64ea051247e453a6232e4f1c2fe6b56cd12e9957""}"
1770992113,2026-02-13T22:16:33.401414,0x8bd690f3ad6dcf69162bbfa0c4660124ece5abc713915d92eb4860c62f4ab8bf:1770992113,572473,5031084282167950494806674428243037744881029417420880897305642929037077494331,BUY,0.5599999253332935,5.35714,2.9999979999999997,0x8bd690f3ad6dcf69162bbfa0c4660124ece5abc713915d92eb4860c62f4ab8bf,"{""proxyWallet"": ""0x051d585a9de6e925374ca287c11a1ab4169c963e"", ""side"": ""BUY"", ""asset"": ""100245772516588573911551477182776376875898405428059299813479874518461736224912"", ""conditionId"": ""0x71c386d79e0f6163568c8045a4fa0f0ad6e7544441fcde73331ac50fc8bded0c"", ""size"": 5.35714, ""price"": 0.5599999253332935, ""timestamp"": 1770992113, ""title"": ""Solana Up or Down - February 13, 9:15AM-9:30AM ET"", ""slug"": ""sol-updown-15m-1770992100"", ""icon"": ""https://polymarket-upload.s3.us-east-2.amazonaws.com/SOL+fullsize.png"", ""eventSlug"": ""sol-updown-15m-1770992100"", ""outcome"": ""Up"", ""outcomeIndex"": 0, ""name"": ""bestofcryptos1"", ""pseudonym"": ""Unsung-Resist"", ""bio"": """", ""profileImage"": """", ""profileImageOptimized"": """", ""transactionHash"": ""0x8bd690f3ad6dcf69162bbfa0c4660124ece5abc713915d92eb4860c62f4ab8bf""}"
1770992113,2026-02-13T22:16:33.401430,0x814eccce192c56786fd42b2fbcd503b2f41dc591f965b3e288b4d1fb72aefedd:1770992113,572473,5031084282167950494806674428243037744881029417420880897305642929037077494331,BUY,0.54,20.0,10.8,0x814eccce192c56786fd42b2fbcd503b2f41dc591f965b3e288b4d1fb72aefedd,"{""proxyWallet"": ""0x10040fe248682c406c4777958d243d62846e9b8f"", ""side"": ""BUY"", ""asset"": ""26994972425347435898442897109407523146459743206917823865905991587285356057190"", ""conditionId"": ""0x4489d71363e1894219fc1379130c93c763f4343e5851dfbee687e753ab823569"", ""size"": 20, ""price"": 0.54, ""timestamp"": 1770992113, ""title"": ""Bitcoin Up or Down - February 13, 9:15AM-9:30AM ET"", ""slug"": ""btc-updown-15m-1770992100"", ""icon"": ""https://polymarket-upload.s3.us-east-2.amazonaws.com/BTC+fullsize.png"", ""eventSlug"": ""btc-updown-15m-1770992100"", ""outcome"": ""Up"", ""outcomeIndex"": 0, ""name"": ""janosik"", ""pseudonym"": ""Elated-Grabbag"", ""bio"": """", ""profileImage"": """", ""profileImageOptimized"": """", ""transactionHash"": ""0x814eccce192c56786fd42b2fbcd503b2f41dc591f965b3e288b4d1fb72aefedd""}"
1770992113,2026-02-13T22:16:33.401446,0x0bf1f0cc9c781827cb7826956928ceaa4e6f238fb5b74b91ea3bd5524cfd2220:1770992113,572473,5031084282167950494806674428243037744881029417420880897305642929037077494331,BUY,0.5699999555399857,8.771927,4.999998000000001,0x0bf1f0cc9c781827cb7826956928ceaa4e6f238fb5b74b91ea3bd5524cfd2220,"{""proxyWallet"": ""0xa9e6a1ccb2a08630d1b0a0115f1261f2a121cede"", ""side"": ""BUY"", ""asset"": ""90341658886988384498394393567391613571011061723370135932732073994821879670427"", ""conditionId"": ""0x2218a943ba016f87b896bb777b2525eebdaab886523bc072cd9618f8d6d9b91e"", ""size"": 8.771927, ""price"": 0.5699999555399857, ""timestamp"": 1770992113, ""title"": ""Bitcoin Up or Down - February 13, 9:15AM-9:20AM ET"", ""slug"": ""btc-updown-5m-1770992100"", ""icon"": ""https://polymarket-upload.s3.us-east-2.amazonaws.com/BTC+fullsize.png"", ""eventSlug"": ""btc-updown-5m-1770992100"", ""outcome"": ""Up"", ""outcomeIndex"": 0, ""name"": """", ""pseudonym"": """", ""bio"": """", ""profileImage"": """", ""profileImageOptimized"": """", ""transactionHash"": ""0x0bf1f0cc9c781827cb7826956928ceaa4e6f238fb5b74b91ea3bd5524cfd2220""}"
1770992113,2026-02-13T22:16:33.401468,0xf9af0ba65a0a20af60f86423087075fcf51a47c4009e0a0ce2c0f67761b8e028:1770992113,572473,5031084282167950494806674428243037744881029417420880897305642929037077494331,BUY,0.56,3.75,2.1,0xf9af0ba65a0a20af60f86423087075fcf51a47c4009e0a0ce2c0f67761b8e028,"{""proxyWallet"": ""0x44d836806906df8b127514e2c28b6a3effdc111e"", ""side"": ""BUY"", ""asset"": ""100245772516588573911551477182776376875898405428059299813479874518461736224912"", ""conditionId"": ""0x71c386d79e0f6163568c8045a4fa0f0ad6e7544441fcde73331ac50fc8bded0c"", ""size"": 3.75, ""price"": 0.56, ""timestamp"": 1770992113, ""title"": ""Solana Up or Down - February 13, 9:15AM-9:30AM ET"", ""slug"": ""sol-updown-15m-1770992100"", ""icon"": ""https://polymarket-upload.s3.us-east-2.amazonaws.com/SOL+fullsize.png"", ""eventSlug"": ""sol-updown-15m-1770992100"", ""outcome"": ""Up"", ""outcomeIndex"": 0, ""name"": """", ""pseudonym"": """", ""bio"": """", ""profileImage"": """", ""profileImageOptimized"": """", ""transactionHash"": ""0xf9af0ba65a0a20af60f86423087075fcf51a47c4009e0a0ce2c0f67761b8e028""}"
1770992113,2026-02-13T22:16:33.401485,0xc386ef4cf963eda936f246bf0184e5992ced502fbe234f85b875ff90601a0ac1:1770992113,572473,5031084282167950494806674428243037744881029417420880897305642929037077494331,BUY,0.539999985882352,19.833332,10.709999,0xc386ef4cf963eda936f246bf0184e5992ced502fbe234f85b875ff90601a0ac1,"{""proxyWallet"": ""0xd07a22ef9a4789c7410f7cbd2aebe8fd24aafa94"", ""side"": ""BUY"", ""asset"": ""26994972425347435898442897109407523146459743206917823865905991587285356057190"", ""conditionId"": ""0x4489d71363e1894219fc1379130c93c763f4343e5851dfbee687e753ab823569"", ""size"": 19.833332, ""price"": 0.539999985882352, ""timestamp"": 1770992113, ""title"": ""Bitcoin Up or Down - February 13, 9:15AM-9:30AM ET"", ""slug"": ""btc-updown-15m-1770992100"", ""icon"": ""https://polymarket-upload.s3.us-east-2.amazonaws.com/BTC+fullsize.png"", ""eventSlug"": ""btc-updown-15m-1770992100"", ""outcome"": ""Up"", ""outcomeIndex"": 0, ""name"": ""0xd07a22Ef9a4789C7410f7cBd2AEBe8fd24aafA94-1761579032317"", ""pseudonym"": ""Lumbering-Stepdaughter"", ""bio"": """", ""profileImage"": """", ""profileImageOptimized"": """", ""transactionHash"": ""0xc386ef4cf963eda936f246bf0184e5992ced502fbe234f85b875ff90601a0ac1""}"
1770992113,2026-02-13T22:16:33.401502,0x79f104a9297e003724fc59ba0cb93a153fced756118e9ee50725de4c25237b88:1770992113,572473,5031084282167950494806674428243037744881029417420880897305642929037077494331,BUY,0.54,16.0,8.64,0x79f104a9297e003724fc59ba0cb93a153fced756118e9ee50725de4c25237b88,"{""proxyWallet"": ""0x8ac1eaed0399f8332f47041436312d6cd4b19595"", ""side"": ""BUY"", ""asset"": ""26994972425347435898442897109407523146459743206917823865905991587285356057190"", ""conditionId"": ""0x4489d71363e1894219fc1379130c93c763f4343e5851dfbee687e753ab823569"", ""size"": 16, ""price"": 0.54, ""timestamp"": 1770992113, ""title"": ""Bitcoin Up or Down - February 13, 9:15AM-9:30AM ET"", ""slug"": ""btc-updown-15m-1770992100"", ""icon"": ""https://polymarket-upload.s3.us-east-2.amazonaws.com/BTC+fullsize.png"", ""eventSlug"": ""btc-updown-15m-1770992100"", ""outcome"": ""Up"", ""outcomeIndex"": 0, ""name"": ""b1gGambler"", ""pseudonym"": ""Punctual-Surroundings"", ""bio"": """", ""profileImage"": """", ""profileImageOptimized"": """", ""transactionHash"": ""0x79f104a9297e003724fc59ba0cb93a153fced756118e9ee50725de4c25237b88""}"
1770992113,2026-02-13T22:16:33.401517,0xfb9f530294285ce97e25925ed68db0650c344599d938773ae8d93d4a9d72afa3:1770992113,572473,5031084282167950494806674428243037744881029417420880897305642929037077494331,SELL,0.37,7.13,2.6381,0xfb9f530294285ce97e25925ed68db0650c344599d938773ae8d93d4a9d72afa3,"{""proxyWallet"": ""0xf2fd22084c260a01adeefb1e23921333b00a4ec0"", ""side"": ""SELL"", ""asset"": ""90975387654228332229959433451207567814992785976122259360502402643071811616781"", ""conditionId"": ""0xda9382ea9a953e4f9ba94cdab2b1b50d923496784ad2945fea69b5f7f1adffd6"", ""size"": 7.13, ""price"": 0.37, ""timestamp"": 1770992113, ""title"": ""Ethereum Up or Down - February 13, 9AM ET"", ""slug"": ""ethereum-up-or-down-february-13-9am-et"", ""icon"": ""https://polymarket-upload.s3.us-east-2.amazonaws.com/ETH+fullsize.jpg"", ""eventSlug"": ""ethereum-up-or-down-february-13-9am-et"", ""outcome"": ""Up"", ""outcomeIndex"": 0, ""name"": ""eriascuos"", ""pseudonym"": ""Optimistic-Accordance"", ""bio"": """", ""profileImage"": """", ""profileImageOptimized"": """", ""transactionHash"": ""0xfb9f530294285ce97e25925ed68db0650c344599d938773ae8d93d4a9d72afa3""}"
1770992113,2026-02-13T22:16:33.401533,0x5bbb68a0472efcc7a68e88ae0c033420cc3ed13caa95fb3aa6eb3d67e76ad1ed:1770992113,572473,5031084282167950494806674428243037744881029417420880897305642929037077494331,BUY,0.42,26.07,10.949399999999999,0x5bbb68a0472efcc7a68e88ae0c033420cc3ed13caa95fb3aa6eb3d67e76ad1ed,"{""proxyWallet"": ""0x5924ca480d8b08cd5f3e5811fa378c4082475af6"", ""side"": ""BUY"", ""asset"": ""72387968654551110099588107508582841311469315396559355038205055214090021188414"", ""conditionId"": ""0x2218a943ba016f87b896bb777b2525eebdaab886523bc072cd9618f8d6d9b91e"", ""size"": 26.07, ""price"": 0.42, ""timestamp"": 1770992113, ""title"": ""Bitcoin Up or Down - February 13, 9:15AM-9:20AM ET"", ""slug"": ""btc-updown-5m-1770992100"", ""icon"": ""https://polymarket-upload.s3.us-east-2.amazonaws.com/BTC+fullsize.png"", ""eventSlug"": ""btc-updown-5m-1770992100"", ""outcome"": ""Down"", ""outcomeIndex"": 1, ""name"": ""late-to-tomorrow"", ""pseudonym"": ""Overlooked-Wool"", ""bio"": """", ""profileImage"": """", ""profileImageOptimized"": """", ""transactionHash"": ""0x5bbb68a0472efcc7a68e88ae0c033420cc3ed13caa95fb3aa6eb3d67e76ad1ed""}"
1770992113,2026-02-13T22:16:33.401549,0x2ac99773895588eac243895a5d1a4cf8789e0aa82b123aa976014a2519d76a76:1770992113,572473,5031084282167950494806674428243037744881029417420880897305642929037077494331,BUY,0.5899998786915004,1.813558,1.0699990000000001,0x2ac99773895588eac243895a5d1a4cf8789e0aa82b123aa976014a2519d76a76,"{""proxyWallet"": ""0xb4ccf80b1cb7079302d5c5e958b697ba30092f73"", ""side"": ""BUY"", ""asset"": ""90341658886988384498394393567391613571011061723370135932732073994821879670427"", ""conditionId"": ""0x2218a943ba016f87b896bb777b2525eebdaab886523bc072cd9618f8d6d9b91e"", ""size"": 1.813558, ""price"": 0.5899998786915004, ""timestamp"": 1770992113, ""title"": ""Bitcoin Up or Down - February 13, 9:15AM-9:20AM ET"", ""slug"": ""btc-updown-5m-1770992100"", ""icon"": ""https://polymarket-upload.s3.us-east-2.amazonaws.com/BTC+fullsize.png"", ""eventSlug"": ""btc-updown-5m-1770992100"", ""outcome"": ""Up"", ""outcomeIndex"": 0, ""name"": """", ""pseudonym"": """", ""bio"": """", ""profileImage"": """", ""profileImageOptimized"": """", ""transactionHash"": ""0x2ac99773895588eac243895a5d1a4cf8789e0aa82b123aa976014a2519d76a76""}"
1770992113,2026-02-13T22:16:33.401565,0xf436eed953413ecd4af85e8e65abea489de67ea97f76bd1552c4d6a6b708ef43:1770992113,572473,5031084282167950494806674428243037744881029417420880897305642929037077494331,BUY,0.58,5.0,2.9,0xf436eed953413ecd4af85e8e65abea489de67ea97f76bd1552c4d6a6b708ef43,"{""proxyWallet"": ""0x47c4e4e6304e9b5a524aa850df252f06bde32696"", ""side"": ""BUY"", ""asset"": ""36474504519665948978741801260654876668976739173594406904812576883021855994311"", ""conditionId"": ""0x63b78326a8de19a65606874e669c02704fea27203945d1ac767fe57efa7d209e"", ""size"": 5, ""price"": 0.58, ""timestamp"": 1770992113, ""title"": ""Bitcoin Up or Down - February 13, 9AM ET"", ""slug"": ""bitcoin-up-or-down-february-13-9am-et"", ""icon"": ""https://polymarket-upload.s3.us-east-2.amazonaws.com/BTC+fullsize.png"", ""eventSlug"": ""bitcoin-up-or-down-february-13-9am-et"", ""outcome"": ""Down"", ""outcomeIndex"": 1, ""name"": ""jcakli"", ""pseudonym"": ""Fragrant-Turn"", ""bio"": """", ""profileImage"": """", ""profileImageOptimized"": """", ""transactionHash"": ""0xf436eed953413ecd4af85e8e65abea489de67ea97f76bd1552c4d6a6b708ef43""}"
1770992113,2026-02-13T22:16:33.401582,0x827b5a061df518376b845ebc2b015993ac1db1c2e7d6a3d856337892ec35a243:1770992113,572473,5031084282167950494806674428243037744881029417420880897305642929037077494331,BUY,0.5799999265332937,5.172411,2.999998,0x827b5a061df518376b845ebc2b015993ac1db1c2e7d6a3d856337892ec35a243,"{""proxyWallet"": ""0x051d585a9de6e925374ca287c11a1ab4169c963e"", ""side"": ""BUY"", ""asset"": ""90341658886988384498394393567391613571011061723370135932732073994821879670427"", ""conditionId"": ""0x2218a943ba016f87b896bb777b2525eebdaab886523bc072cd9618f8d6d9b91e"", ""size"": 5.172411, ""price"": 0.5799999265332937, ""timestamp"": 1770992113, ""title"": ""Bitcoin Up or Down - February 13, 9:15AM-9:20AM ET"", ""slug"": ""btc-updown-5m-1770992100"", ""icon"": ""https://polymarket-upload.s3.us-east-2.amazonaws.com/BTC+fullsize.png"", ""eventSlug"": ""btc-updown-5m-1770992100"", ""outcome"": ""Up"", ""outcomeIndex"": 0, ""name"": ""bestofcryptos1"", ""pseudonym"": ""Unsung-Resist"", ""bio"": """", ""profileImage"": """", ""profileImageOptimized"": """", ""transactionHash"": ""0x827b5a061df518376b845ebc2b015993ac1db1c2e7d6a3d856337892ec35a243""}"
1770992477,2026-02-13T22:22:33.041554,0x86e306e9110218baaf319a866babce9d995e19ee7663097a7017cca2e0da0199:1770992477,572473,5031084282167950494806674428243037744881029417420880897305642929037077494331,SELL,0.977,44.0,42.988,0x86e306e9110218baaf319a866babce9d995e19ee7663097a7017cca2e0da0199,"{""proxyWallet"": ""0xbc56a7d56b153551bdf9c8a4d87a15125b9a5dc2"", ""side"": ""SELL"", ""asset"": ""41909517390337506269578561946393939690952797212331290191404935145632561531096"", ""conditionId"": ""0x101c26a9ff336abf4dffeb109dc40b92d9f55882dd471e57ee875794a6561bf3"", ""size"": 44, ""price"": 0.977, ""timestamp"": 1770992477, ""title"": ""Will Marty Supreme win Best Picture at the 98th Academy Awards?"", ""slug"": ""will-marty-supreme-win-best-picture-at-the-98th-academy-awards"", ""icon"": ""https://polymarket-upload.s3.us-east-2.amazonaws.com/oscars-2026-best-picture-winner-GK5jjpLcUheC.jpg"", ""eventSlug"": ""oscars-2026-best-picture-winner"", ""outcome"": ""No"", ""outcomeIndex"": 1, ""name"": ""d6h744wz"", ""pseudonym"": ""Angry-Beast"", ""bio"": """", ""profileImage"": """", ""profileImageOptimized"": """", ""transactionHash"": ""0x86e306e9110218baaf319a866babce9d995e19ee7663097a7017cca2e0da0199""}"
1770992477,2026-02-13T22:22:33.041607,0xe711b09908d58bec2e254c2dae1155e8281c9521c4b23972ab64b1edc17d9921:1770992477,572473,5031084282167950494806674428243037744881029417420880897305642929037077494331,BUY,0.5064313725490196,51.0,25.828,0xe711b09908d58bec2e254c2dae1155e8281c9521c4b23972ab64b1edc17d9921,"{""proxyWallet"": ""0xd0d6053c3c37e727402d84c14069780d360993aa"", ""side"": ""BUY"", ""asset"": ""102012655051920632231883756277271987058318402710611322809661225961610319597737"", ""conditionId"": ""0xb2697b95ce2310083217affbe9280171afc2c36b6410b3c7fb30de940cc40d6c"", ""size"": 51, ""price"": 0.5064313725490196, ""timestamp"": 1770992477, ""title"": ""Bitcoin Up or Down - February 13, 9:20AM-9:25AM ET"", ""slug"": ""btc-updown-5m-1770992400"", ""icon"": ""https://polymarket-upload.s3.us-east-2.amazonaws.com/BTC+fullsize.png"", ""eventSlug"": ""btc-updown-5m-1770992400"", ""outcome"": ""Down"", ""outcomeIndex"": 1, ""name"": ""k9Q2mX4L8A7ZP3R"", ""pseudonym"": ""Uncommon-Oat"", ""bio"": """", ""profileImage"": """", ""profileImageOptimized"": """", ""transactionHash"": ""0xe711b09908d58bec2e254c2dae1155e8281c9521c4b23972ab64b1edc17d9921""}"
1770992477,2026-02-13T22:22:33.041627,0x66d74de839bfbedea480d8fd8709e134857fe26f42a30836e329b3c237d4b41e:1770992477,572473,5031084282167950494806674428243037744881029417420880897305642929037077494331,BUY,0.46,1100.0,506.0,0x66d74de839bfbedea480d8fd8709e134857fe26f42a30836e329b3c237d4b41e,"{""proxyWallet"": ""0x04bd900b9ef8a809e39b10a6207950a3f65a39a0"", ""side"": ""BUY"", ""asset"": ""47685962479241998136147902952831740485663275372923028319004901012690545122020"", ""conditionId"": ""0xa19fda06a03b0be808f051042652d597b5bf18d6045e62313d1aaa8a1c2b09d2"", ""size"": 1100, ""price"": 0.46, ""timestamp"": 1770992477, ""title"": ""LoL: Sentinels vs Disguised (BO5) - LCS Lock In Playoffs"", ""slug"": ""lol-sen-dsg-2026-02-14"", ""icon"": ""https://polymarket-upload.s3.us-east-2.amazonaws.com/league_images/lol/league-of-legends-lcs.png"", ""eventSlug"": ""lol-sen-dsg-2026-02-14"", ""outcome"": ""Disguised"", ""outcomeIndex"": 1, ""name"": ""Pain-"", ""pseudonym"": ""Unripe-Duster"", ""bio"": ""people who not understand true pain can never understand true peace."", ""profileImage"": ""https://polymarket-upload.s3.us-east-2.amazonaws.com/profile-image-3376051-df4e208d-ee82-430c-ad00-fd035c5b8dc5.gif"", ""profileImageOptimized"": """", ""transactionHash"": ""0x66d74de839bfbedea480d8fd8709e134857fe26f42a30836e329b3c237d4b41e""}"
1770992477,2026-02-13T22:22:33.041646,0x0cb97624a304292c541a67b9c33a10bf4ab9e702a8c14343b3b901a3a4c581cb:1770992477,572473,5031084282167950494806674428243037744881029417420880897305642929037077494331,BUY,0.9399999962399888,5.319133,4.999985,0x0cb97624a304292c541a67b9c33a10bf4ab9e702a8c14343b3b901a3a4c581cb,"{""proxyWallet"": ""0x3c814eaa07cc8a6ebb0f01b495b5cbb3cba58a5f"", ""side"": ""BUY"", ""asset"": ""83150136706607856437592839018509517486662837687160757125224186815974350988674"", ""conditionId"": ""0xd8a9e4b88229579dcf1c9fda7a5fef2dfe45af732686fb5cbe5976f1c3a19ff6"", ""size"": 5.319133, ""price"": 0.9399999962399888, ""timestamp"": 1770992477, ""title"": ""Ethereum Up or Down - February 13, 9:15AM-9:30AM ET"", ""slug"": ""eth-updown-15m-1770992100"", ""icon"": ""https://polymarket-upload.s3.us-east-2.amazonaws.com/ETH+fullsize.jpg"", ""eventSlug"": ""eth-updown-15m-1770992100"", ""outcome"": ""Up"", ""outcomeIndex"": 0, ""name"": """", ""pseudonym"": """", ""bio"": """", ""profileImage"": """", ""profileImageOptimized"": """", ""transactionHash"": ""0x0cb97624a304292c541a67b9c33a10bf4ab9e702a8c14343b3b901a3a4c581cb""}"
1770992477,2026-02-13T22:22:33.041662,0x6e1f9466dd9775502811020ab77148c3e565af663627bb1abb70b117f6cb495a:1770992477,572473,5031084282167950494806674428243037744881029417420880897305642929037077494331,BUY,0.6,60.0,36.0,0x6e1f9466dd9775502811020ab77148c3e565af663627bb1abb70b117f6cb495a,"{""proxyWallet"": ""0x972bf37cae72a169e17ae0e6179821d5778b78ba"", ""side"": ""BUY"", ""asset"": ""35242310284415264297052484178054932564364570227588103063344599929474894545456"", ""conditionId"": ""0xff42ef6ea290b94e6c0bf498e862e819b424dc75097d2903034c4c7075211eb8"", ""size"": 60, ""price"": 0.6, ""timestamp"": 1770992477, ""title"": ""Argentina Open: Alejandro Tabilo vs Tomas Etcheverry"", ""slug"": ""atp-tabilo-etcheve-2026-02-13"", ""icon"": ""https://polymarket-upload.s3.us-east-2.amazonaws.com/atp-tour-b4390c4fb8.jpg"", ""eventSlug"": ""atp-tabilo-etcheve-2026-02-13"", ""outcome"": ""Etcheverry"", ""outcomeIndex"": 1, ""name"": ""Kahnemaniac"", ""pseudonym"": ""Classic-Potato"", ""bio"": """", ""profileImage"": """", ""profileImageOptimized"": """", ""transactionHash"": ""0x6e1f9466dd9775502811020ab77148c3e565af663627bb1abb70b117f6cb495a""}"
1770992477,2026-02-13T22:22:33.041676,0x3b0c4796e06908e40e1fe8036f5758828e4cdbaa78022f4d3fad733ab7a3d188:1770992477,572473,5031084282167950494806674428243037744881029417420880897305642929037077494331,SELL,0.91,1.16,1.0555999999999999,0x3b0c4796e06908e40e1fe8036f5758828e4cdbaa78022f4d3fad733ab7a3d188,"{""proxyWallet"": ""0xa1e5318d76e95d52d1cfaa56a0687c005f6cef8f"", ""side"": ""SELL"", ""asset"": ""2844181740250277267185676628544795343619398422178996052107086417055587681337"", ""conditionId"": ""0x62e16747c11d83e4979ac118cddda13c972f7e83b98400734ad9126a71fa09b1"", ""size"": 1.16, ""price"": 0.91, ""timestamp"": 1770992477, ""title"": ""XRP Up or Down - February 13, 9:15AM-9:30AM ET"", ""slug"": ""xrp-updown-15m-1770992100"", ""icon"": ""https://polymarket-upload.s3.us-east-2.amazonaws.com/XRP-logo.png"", ""eventSlug"": ""xrp-updown-15m-1770992100"", ""outcome"": ""Up"", ""outcomeIndex"": 0, ""name"": """", ""pseudonym"": """", ""bio"": """", ""profileImage"": """", ""profileImageOptimized"": """", ""transactionHash"": ""0x3b0c4796e06908e40e1fe8036f5758828e4cdbaa78022f4d3fad733ab7a3d188""}"
1770992477,2026-02-13T22:22:33.041695,0x74026c9eca74bcb2c71f45f4796dd7f5c58e7d46ba64e51aa4cd80f7149bf184:1770992477,572473,5031084282167950494806674428243037744881029417420880897305642929037077494331,SELL,0.995,1.11,1.1044500000000002,0x74026c9eca74bcb2c71f45f4796dd7f5c58e7d46ba64e51aa4cd80f7149bf184,"{""proxyWallet"": ""0xdd93a89f3b2bd312668d1b7bfb42a56ccb7121dd"", ""side"": ""SELL"", ""asset"": ""53709379205816500178674948784569847443286502308145598269836355340324285442185"", ""conditionId"": ""0x43033d03a098507152bd2d8f907330e4c9c42dea22229d618b0e951c0e15772d"", ""size"": 1.11, ""price"": 0.995, ""timestamp"": 1770992477, ""title"": ""Rainbow Six Siege: FURIA Esports vs Fluxo W7M (BO3) - Six Invitational Playoffs"", ""slug"": ""r6siege-furia-fluxow-2026-02-13"", ""icon"": ""https://polymarket-upload.s3.us-east-2.amazonaws.com/rainbow-6-siege-049a0d8344.jpg"", ""eventSlug"": ""r6siege-furia-fluxow-2026-02-13"", ""outcome"": ""Fluxo W7M"", ""outcomeIndex"": 1, ""name"": ""S0nYaMedVed"", ""pseudonym"": ""Usable-Reception"", ""bio"": """", ""profileImage"": """", ""profileImageOptimized"": """", ""transactionHash"": ""0x74026c9eca74bcb2c71f45f4796dd7f5c58e7d46ba64e51aa4cd80f7149bf184""}"
1770992477,2026-02-13T22:22:33.041709,0x8044b775773829c05137781323577fbced8bfee6e5714176c33573bf1300ecc1:1770992477,572473,5031084282167950494806674428243037744881029417420880897305642929037077494331,BUY,0.4699998871999519,3.191488,1.499999,0x8044b775773829c05137781323577fbced8bfee6e5714176c33573bf1300ecc1,"{""proxyWallet"": ""0x9bc243432fe97442be8f29d44f1824d9bec36604"", ""side"": ""BUY"", ""asset"": ""102012655051920632231883756277271987058318402710611322809661225961610319597737"", ""conditionId"": ""0xb2697b95ce2310083217affbe9280171afc2c36b6410b3c7fb30de940cc40d6c"", ""size"": 3.191488, ""price"": 0.4699998871999519, ""timestamp"": 1770992477, ""title"": ""Bitcoin Up or Down - February 13, 9:20AM-9:25AM ET"", ""slug"": ""btc-updown-5m-1770992400"", ""icon"": ""https://polymarket-upload.s3.us-east-2.amazonaws.com/BTC+fullsize.png"", ""eventSlug"": ""btc-updown-5m-1770992400"", ""outcome"": ""Down"", ""outcomeIndex"": 1, ""name"": """", ""pseudonym"": """", ""bio"": """", ""profileImage"": """", ""profileImageOptimized"": """", ""transactionHash"": ""0x8044b775773829c05137781323577fbced8bfee6e5714176c33573bf1300ecc1""}"
1770992477,2026-02-13T22:22:33.041722,0xb26800de52302184ae39d939b36f25b4081439cc670c05d344d54fd83517877a:1770992477,572473,5031084282167950494806674428243037744881029417420880897305642929037077494331,BUY,0.998,7.3545,7.339791,0xb26800de52302184ae39d939b36f25b4081439cc670c05d344d54fd83517877a,"{""proxyWallet"": ""0xe8dd7741ccb12350957ec71e9ee332e0d1e6ec86"", ""side"": ""BUY"", ""asset"": ""98019691446282827283674116828841315574891853949493251990346236030685612262858"", ""conditionId"": ""0x65a2dd0af5f4155915a701e8fdbcdb2f547fb5925d0bcef0b373a8c39a16613e"", ""size"": 7.3545, ""price"": 0.998, ""timestamp"": 1770992477, ""title"": ""Will Liverpool win the 2025–26 English Premier League?"", ""slug"": ""will-liverpool-win-the-202526-english-premier-league"", ""icon"": ""https://polymarket-upload.s3.us-east-2.amazonaws.com/will-liverpool-win-the-202526-english-premier-league-3YErziIJn_VR.jpg"", ""eventSlug"": ""english-premier-league-winner"", ""outcome"": ""No"", ""outcomeIndex"": 1, ""name"": ""influenz.eth"", ""pseudonym"": ""Real-Veteran"", ""bio"": ""3820"", ""profileImage"": """", ""profileImageOptimized"": """", ""transactionHash"": ""0xb26800de52302184ae39d939b36f25b4081439cc670c05d344d54fd83517877a""}"
1770992477,2026-02-13T22:22:33.041742,0x6dd39445f19fae539a92895b35ed5f08d67d94fffff30179efa4fbd09a8aaa8c:1770992477,572473,5031084282167950494806674428243037744881029417420880897305642929037077494331,BUY,0.77,200.0,154.0,0x6dd39445f19fae539a92895b35ed5f08d67d94fffff30179efa4fbd09a8aaa8c,"{""proxyWallet"": ""0x95c8499569dac8faea4f9a21c553184b4202f511"", ""side"": ""BUY"", ""asset"": ""64813622005572880826921415601193114344795141045778644315653050770662962654578"", ""conditionId"": ""0xca6231242f145ca0bd0a7909c571fe727df85aff7d977b97387f04bacfbcc847"", ""size"": 200, ""price"": 0.77, ""timestamp"": 1770992477, ""title"": ""Will the government shutdown last 6 days or more?"", ""slug"": ""will-the-government-shutdown-last-6-days-or-more-524-337"", ""icon"": ""https://polymarket-upload.s3.us-east-2.amazonaws.com/what-day-will-the-government-shutdown-end-zMesYVn8zpvK.jpg"", ""eventSlug"": ""how-long-will-the-government-shutdown-last"", ""outcome"": ""No"", ""outcomeIndex"": 1, ""name"": ""INTERNETYAMERO"", ""pseudonym"": ""Whole-Bog"", ""bio"": ""pepoyo song is good"", ""profileImage"": ""https://polymarket-upload.s3.us-east-2.amazonaws.com/profile-image-2775220-74bde9e0-5c74-414e-8f56-1d7444931326.jpeg"", ""profileImageOptimized"": """", ""transactionHash"": ""0x6dd39445f19fae539a92895b35ed5f08d67d94fffff30179efa4fbd09a8aaa8c""}"
1770992477,2026-02-13T22:22:33.041756,0x7886d5ab746bf8b52a0e5be5699b29985c4e7ecc01f74af12e9b372bca87968d:1770992477,572473,5031084282167950494806674428243037744881029417420880897305642929037077494331,BUY,0.99,7.3535,7.279965000000001,0x7886d5ab746bf8b52a0e5be5699b29985c4e7ecc01f74af12e9b372bca87968d,"{""proxyWallet"": ""0xe8dd7741ccb12350957ec71e9ee332e0d1e6ec86"", ""side"": ""BUY"", ""asset"": ""42411362942871625791264806970415546212059967717285110439043637146881463498986"", ""conditionId"": ""0x2ca58175aa8080357d9706c535bb0be218ce7bb156dc48753e0d8b8ee6b56635"", ""size"": 7.3535, ""price"": 0.99, ""timestamp"": 1770992477, ""title"": ""Will Aston Villa win the 2025–26 English Premier League?"", ""slug"": ""will-aston-villa-win-the-202526-english-premier-league"", ""icon"": ""https://polymarket-upload.s3.us-east-2.amazonaws.com/will-aston-villa-win-the-202526-english-premier-league-MMCK6ta3GaI1.jpg"", ""eventSlug"": ""english-premier-league-winner"", ""outcome"": ""No"", ""outcomeIndex"": 1, ""name"": ""influenz.eth"", ""pseudonym"": ""Real-Veteran"", ""bio"": ""3820"", ""profileImage"": """", ""profileImageOptimized"": """", ""transactionHash"": ""0x7886d5ab746bf8b52a0e5be5699b29985c4e7ecc01f74af12e9b372bca87968d""}"
1770992477,2026-02-13T22:22:33.041769,0xb6bd78c3f2661b4c2f78ebcf08742a3eebea2990b0d22f0f04366fc7299907dc:1770992477,572473,5031084282167950494806674428243037744881029417420880897305642929037077494331,BUY,0.48999987177561466,2.183672,1.0699990000000001,0xb6bd78c3f2661b4c2f78ebcf08742a3eebea2990b0d22f0f04366fc7299907dc,"{""proxyWallet"": ""0xee7a748f6b2e64117cce939cf1f069ac2be99086"", ""side"": ""BUY"", ""asset"": ""102012655051920632231883756277271987058318402710611322809661225961610319597737"", ""conditionId"": ""0xb2697b95ce2310083217affbe9280171afc2c36b6410b3c7fb30de940cc40d6c"", ""size"": 2.183672, ""price"": 0.48999987177561466, ""timestamp"": 1770992477, ""title"": ""Bitcoin Up or Down - February 13, 9:20AM-9:25AM ET"", ""slug"": ""btc-updown-5m-1770992400"", ""icon"": ""https://polymarket-upload.s3.us-east-2.amazonaws.com/BTC+fullsize.png"", ""eventSlug"": ""btc-updown-5m-1770992400"", ""outcome"": ""Down"", ""outcomeIndex"": 1, ""name"": """", ""pseudonym"": """", ""bio"": """", ""profileImage"": """", ""profileImageOptimized"": """", ""transactionHash"": ""0xb6bd78c3f2661b4c2f78ebcf08742a3eebea2990b0d22f0f04366fc7299907dc""}"
1770992477,2026-02-13T22:22:33.041783,0x1f8007fc6552258643945ca1f8f351b9677cc0b9be52521985c9b0464e9f2d10:1770992477,572473,5031084282167950494806674428243037744881029417420880897305642929037077494331,BUY,0.999,7.357,7.349643,0x1f8007fc6552258643945ca1f8f351b9677cc0b9be52521985c9b0464e9f2d10,"{""proxyWallet"": ""0xe8dd7741ccb12350957ec71e9ee332e0d1e6ec86"", ""side"": ""BUY"", ""asset"": ""93889421969336142745558340143509705147769228903969346254516362084783696296524"", ""conditionId"": ""0xede5bd35327ea3d3c4ec164df7dd85de41a6c7de5419457281b6ad2d98d15086"", ""size"": 7.357, ""price"": 0.999, ""timestamp"": 1770992477, ""title"": ""Will Newcastle win the 2025–26 English Premier League?"", ""slug"": ""will-newcastle-win-the-202526-english-premier-league"", ""icon"": ""https://polymarket-upload.s3.us-east-2.amazonaws.com/will-newcastle-win-the-202526-english-premier-league-JeCs3gqdP-Lu.jpg"", ""eventSlug"": ""english-premier-league-winner"", ""outcome"": ""No"", ""outcomeIndex"": 1, ""name"": ""influenz.eth"", ""pseudonym"": ""Real-Veteran"", ""bio"": ""3820"", ""profileImage"": """", ""profileImageOptimized"": """", ""transactionHash"": ""0x1f8007fc6552258643945ca1f8f351b9677cc0b9be52521985c9b0464e9f2d10""}"
1770992477,2026-02-13T22:22:33.041796,0xe36d7ad479f29dec9fc8ba26ba4f93ef997603db1d3c0ccfb276f3f8099f61fd:1770992477,572473,5031084282167950494806674428243037744881029417420880897305642929037077494331,BUY,0.999,7.357,7.349643,0xe36d7ad479f29dec9fc8ba26ba4f93ef997603db1d3c0ccfb276f3f8099f61fd,"{""proxyWallet"": ""0xe8dd7741ccb12350957ec71e9ee332e0d1e6ec86"", ""side"": ""BUY"", ""asset"": ""88334804941947174667395249323919609246886788307207141350406453478086692021167"", ""conditionId"": ""0x3d7df1bd2cb3e1dbdfa20f368fbdbe3ed55d091174a633fd0bc21b5e3d3732b9"", ""size"": 7.357, ""price"": 0.999, ""timestamp"": 1770992477, ""title"": ""Will Brighton win the 2025–26 English Premier League?"", ""slug"": ""will-brighton-win-the-202526-english-premier-league"", ""icon"": ""https://polymarket-upload.s3.us-east-2.amazonaws.com/will-brighton-win-the-202526-english-premier-league-xS2LRwSQd45X.jpg"", ""eventSlug"": ""english-premier-league-winner"", ""outcome"": ""No"", ""outcomeIndex"": 1, ""name"": ""influenz.eth"", ""pseudonym"": ""Real-Veteran"", ""bio"": ""3820"", ""profileImage"": """", ""profileImageOptimized"": """", ""transactionHash"": ""0xe36d7ad479f29dec9fc8ba26ba4f93ef997603db1d3c0ccfb276f3f8099f61fd""}"
1770992477,2026-02-13T22:22:33.041808,0x069a9fa1a4ad26ab1d4f45365532b9c3dacdd02b3e70bb8f597514a480625041:1770992477,572473,5031084282167950494806674428243037744881029417420880897305642929037077494331,BUY,0.53,47.0,24.91,0x069a9fa1a4ad26ab1d4f45365532b9c3dacdd02b3e70bb8f597514a480625041,"{""proxyWallet"": ""0x1d0034134e339a309700ff2d34e99fa2d48b0313"", ""side"": ""BUY"", ""asset"": ""93496684515931670886846477414544893096894498769921495646606644940460801887649"", ""conditionId"": ""0xb2697b95ce2310083217affbe9280171afc2c36b6410b3c7fb30de940cc40d6c"", ""size"": 47, ""price"": 0.53, ""timestamp"": 1770992477, ""title"": ""Bitcoin Up or Down - February 13, 9:20AM-9:25AM ET"", ""slug"": ""btc-updown-5m-1770992400"", ""icon"": ""https://polymarket-upload.s3.us-east-2.amazonaws.com/BTC+fullsize.png"", ""eventSlug"": ""btc-updown-5m-1770992400"", ""outcome"": ""Up"", ""outcomeIndex"": 0, ""name"": ""0x1d0034134e339a309700ff2d34e99fa2d48b031"", ""pseudonym"": ""Canine-Commandment"", ""bio"": """", ""profileImage"": """", ""profileImageOptimized"": """", ""transactionHash"": ""0x069a9fa1a4ad26ab1d4f45365532b9c3dacdd02b3e70bb8f597514a480625041""}"
1770992477,2026-02-13T22:22:33.041821,0x2f1d17bc589620c9e0cdbf0fb10c5182087ed1ff398ba26be1ee5ea770787f53:1770992477,572473,5031084282167950494806674428243037744881029417420880897305642929037077494331,BUY,0.7099999863984625,7.35211,5.219998,0x2f1d17bc589620c9e0cdbf0fb10c5182087ed1ff398ba26be1ee5ea770787f53,"{""proxyWallet"": ""0xe8dd7741ccb12350957ec71e9ee332e0d1e6ec86"", ""side"": ""BUY"", ""asset"": ""35557505468942422215419202181286909041351037263532118361009530538680475882313"", ""conditionId"": ""0xfb1835b887c33862f5749c619e612d1244ab6e66115f0ef43d373485dc3a1573"", ""size"": 7.35211, ""price"": 0.7099999863984625, ""timestamp"": 1770992477, ""title"": ""Will Manchester City win the 2025–26 English Premier League?"", ""slug"": ""will-manchester-city-win-the-202526-english-premier-league"", ""icon"": ""https://polymarket-upload.s3.us-east-2.amazonaws.com/will-man-city-win-the-202526-english-premier-league-7Upcy7IUKBdh.jpg"", ""eventSlug"": ""english-premier-league-winner"", ""outcome"": ""No"", ""outcomeIndex"": 1, ""name"": ""influenz.eth"", ""pseudonym"": ""Real-Veteran"", ""bio"": ""3820"", ""profileImage"": """", ""profileImageOptimized"": """", ""transactionHash"": ""0x2f1d17bc589620c9e0cdbf0fb10c5182087ed1ff398ba26be1ee5ea770787f53""}"
1770992477,2026-02-13T22:22:33.041835,0xcbb6e193b0809c26d03fd508e8f371df9a9192a30b072df77c5d2324941397e5:1770992477,572473,5031084282167950494806674428243037744881029417420880897305642929037077494331,BUY,0.992,7.35875,7.29988,0xcbb6e193b0809c26d03fd508e8f371df9a9192a30b072df77c5d2324941397e5,"{""proxyWallet"": ""0xe8dd7741ccb12350957ec71e9ee332e0d1e6ec86"", ""side"": ""BUY"", ""asset"": ""69429452008596084475331004303150653813137901578427372535854805107059343376988"", ""conditionId"": ""0x7cab9da787443beec1eb5e399afd46fffdc27b5f00e0293a1d6a9996c948ac52"", ""size"": 7.35875, ""price"": 0.992, ""timestamp"": 1770992477, ""title"": ""Will Manchester United win the 2025–26 English Premier League?"", ""slug"": ""will-manchester-united-win-the-202526-english-premier-league"", ""icon"": ""https://polymarket-upload.s3.us-east-2.amazonaws.com/will-man-united-win-the-202526-english-premier-league--l9zruvtPXRY.jpg"", ""eventSlug"": ""english-premier-league-winner"", ""outcome"": ""No"", ""outcomeIndex"": 1, ""name"": ""influenz.eth"", ""pseudonym"": ""Real-Veteran"", ""bio"": ""3820"", ""profileImage"": """", ""profileImageOptimized"": """", ""transactionHash"": ""0xcbb6e193b0809c26d03fd508e8f371df9a9192a30b072df77c5d2324941397e5""}"
1770992477,2026-02-13T22:22:33.041849,0x5bffbfc0fde35762a83ba63496818923f815dd80b3140a0b1eecf1768fb7617e:1770992477,572473,5031084282167950494806674428243037744881029417420880897305642929037077494331,BUY,0.999,7.357,7.349643,0x5bffbfc0fde35762a83ba63496818923f815dd80b3140a0b1eecf1768fb7617e,"{""proxyWallet"": ""0xe8dd7741ccb12350957ec71e9ee332e0d1e6ec86"", ""side"": ""BUY"", ""asset"": ""114444125124122303566399993657146184596008541183155111894675512718735990103370"", ""conditionId"": ""0x29eafc104d7824c838e194766074f50b352f866abd9bc2fe536b1cdf93e3663f"", ""size"": 7.357, ""price"": 0.999, ""timestamp"": 1770992477, ""title"": ""Will Brentford win the 2025–26 English Premier League?"", ""slug"": ""will-brentford-win-the-202526-english-premier-league"", ""icon"": ""https://polymarket-upload.s3.us-east-2.amazonaws.com/will-brentford-win-the-202526-english-premier-league-olE_AFmH1ZjA.jpg"", ""eventSlug"": ""english-premier-league-winner"", ""outcome"": ""No"", ""outcomeIndex"": 1, ""name"": ""influenz.eth"", ""pseudonym"": ""Real-Veteran"", ""bio"": ""3820"", ""profileImage"": """", ""profileImageOptimized"": """", ""transactionHash"": ""0x5bffbfc0fde35762a83ba63496818923f815dd80b3140a0b1eecf1768fb7617e""}"
1770992477,2026-02-13T22:22:33.041861,0xb5efb9559afd4bda981a69efce205e3d12d15714944e13ed0a907c2076605912:1770992477,572473,5031084282167950494806674428243037744881029417420880897305642929037077494331,SELL,0.963,18.72,18.027359999999998,0xb5efb9559afd4bda981a69efce205e3d12d15714944e13ed0a907c2076605912,"{""proxyWallet"": ""0x909f22499f2e963c9088d4e51add3cf6b574f5aa"", ""side"": ""SELL"", ""asset"": ""51797157743046504218541616681751597845468055908324407922581755135522797852101"", ""conditionId"": ""0x0b4cc3b739e1dfe5d73274740e7308b6fb389c5af040c3a174923d928d134bee"", ""size"": 18.72, ""price"": 0.963, ""timestamp"": 1770992477, ""title"": ""Will Jesus Christ return before 2027?"", ""slug"": ""will-jesus-christ-return-before-2027"", ""icon"": ""https://polymarket-upload.s3.us-east-2.amazonaws.com/will-jesus-christ-return-in-2025-qulWN7QCehv8.jpg"", ""eventSlug"": ""will-jesus-christ-return-before-2027"", ""outcome"": ""No"", ""outcomeIndex"": 1, ""name"": ""08j7dc3b"", ""pseudonym"": ""Threadbare-Virus"", ""bio"": """", ""profileImage"": """", ""profileImageOptimized"": """", ""transactionHash"": ""0xb5efb9559afd4bda981a69efce205e3d12d15714944e13ed0a907c2076605912""}"
1770992477,2026-02-13T22:22:33.041874,0x610a27a010b2d067d60b565d8469ebe18ef78a42b56e6be5b9f4db20a81614da:1770992477,572473,5031084282167950494806674428243037744881029417420880897305642929037077494331,BUY,0.5499999752252152,4.036362,2.2199989999999996,0x610a27a010b2d067d60b565d8469ebe18ef78a42b56e6be5b9f4db20a81614da,"{""proxyWallet"": ""0x1ce221c29f0f9ea67fdfa309f536eb1a146cb305"", ""side"": ""BUY"", ""asset"": ""93496684515931670886846477414544893096894498769921495646606644940460801887649"", ""conditionId"": ""0xb2697b95ce2310083217affbe9280171afc2c36b6410b3c7fb30de940cc40d6c"", ""size"": 4.036362, ""price"": 0.5499999752252152, ""timestamp"": 1770992477, ""title"": ""Bitcoin Up or Down - February 13, 9:20AM-9:25AM ET"", ""slug"": ""btc-updown-5m-1770992400"", ""icon"": ""https://polymarket-upload.s3.us-east-2.amazonaws.com/BTC+fullsize.png"", ""eventSlug"": ""btc-updown-5m-1770992400"", ""outcome"": ""Up"", ""outcomeIndex"": 0, ""name"": """", ""pseudonym"": """", ""bio"": """", ""profileImage"": """", ""profileImageOptimized"": """", ""transactionHash"": ""0x610a27a010b2d067d60b565d8469ebe18ef78a42b56e6be5b9f4db20a81614da""}"
1770992477,2026-02-13T22:22:33.041887,0x318142bc680e677983abe37030224bdb23d88a6aa73af42b675cc091940dc668:1770992477,572473,5031084282167950494806674428243037744881029417420880897305642929037077494331,BUY,0.4811405021974594,8.646121,4.159999,0x318142bc680e677983abe37030224bdb23d88a6aa73af42b675cc091940dc668,"{""proxyWallet"": ""0x2d89b461806cb0f00ff47ed87db71c5c605b6776"", ""side"": ""BUY"", ""asset"": ""102012655051920632231883756277271987058318402710611322809661225961610319597737"", ""conditionId"": ""0xb2697b95ce2310083217affbe9280171afc2c36b6410b3c7fb30de940cc40d6c"", ""size"": 8.646121, ""price"": 0.4811405021974594, ""timestamp"": 1770992477, ""title"": ""Bitcoin Up or Down - February 13, 9:20AM-9:25AM ET"", ""slug"": ""btc-updown-5m-1770992400"", ""icon"": ""https://polymarket-upload.s3.us-east-2.amazonaws.com/BTC+fullsize.png"", ""eventSlug"": ""btc-updown-5m-1770992400"", ""outcome"": ""Down"", ""outcomeIndex"": 1, ""name"": ""umega123123131231231231231231231"", ""pseudonym"": ""Internal-Goose"", ""bio"": """", ""profileImage"": """", ""profileImageOptimized"": """", ""transactionHash"": ""0x318142bc680e677983abe37030224bdb23d88a6aa73af42b675cc091940dc668""}"
1770992477,2026-02-13T22:22:33.041901,0x7f2dc4faf1f80d2ee770394f1c18997771a316859e0bfb7d9b83f8ee736091bd:1770992477,572473,5031084282167950494806674428243037744881029417420880897305642929037077494331,BUY,0.5499999587499927,7.272726,3.9999989999999994,0x7f2dc4faf1f80d2ee770394f1c18997771a316859e0bfb7d9b83f8ee736091bd,"{""proxyWallet"": ""0x626a0928002697b6d490703e96ba2602cbf7c284"", ""side"": ""BUY"", ""asset"": ""93496684515931670886846477414544893096894498769921495646606644940460801887649"", ""conditionId"": ""0xb2697b95ce2310083217affbe9280171afc2c36b6410b3c7fb30de940cc40d6c"", ""size"": 7.272726, ""price"": 0.5499999587499927, ""timestamp"": 1770992477, ""title"": ""Bitcoin Up or Down - February 13, 9:20AM-9:25AM ET"", ""slug"": ""btc-updown-5m-1770992400"", ""icon"": ""https://polymarket-upload.s3.us-east-2.amazonaws.com/BTC+fullsize.png"", ""eventSlug"": ""btc-updown-5m-1770992400"", ""outcome"": ""Up"", ""outcomeIndex"": 0, ""name"": ""0x626A0928002697B6d490703E96bA2602cBF7C284-1770472842527"", ""pseudonym"": ""Elaborate-Scooter"", ""bio"": """", ""profileImage"": """", ""profileImageOptimized"": """", ""transactionHash"": ""0x7f2dc4faf1f80d2ee770394f1c18997771a316859e0bfb7d9b83f8ee736091bd""}"
1770992477,2026-02-13T22:22:33.041926,0xd4a6d4c1ffb36dbad7a68235745c9b57d647aa041e85ac770ca952d5eeb3ac05:1770992477,572473,5031084282167950494806674428243037744881029417420880897305642929037077494331,BUY,0.46999988343993565,2.659573,1.2499989999999999,0xd4a6d4c1ffb36dbad7a68235745c9b57d647aa041e85ac770ca952d5eeb3ac05,"{""proxyWallet"": ""0xe58810fc8d4730680f982fcfca1193c3ce080fbf"", ""side"": ""BUY"", ""asset"": ""102012655051920632231883756277271987058318402710611322809661225961610319597737"", ""conditionId"": ""0xb2697b95ce2310083217affbe9280171afc2c36b6410b3c7fb30de940cc40d6c"", ""size"": 2.659573, ""price"": 0.46999988343993565, ""timestamp"": 1770992477, ""title"": ""Bitcoin Up or Down - February 13, 9:20AM-9:25AM ET"", ""slug"": ""btc-updown-5m-1770992400"", ""icon"": ""https://polymarket-upload.s3.us-east-2.amazonaws.com/BTC+fullsize.png"", ""eventSlug"": ""btc-updown-5m-1770992400"", ""outcome"": ""Down"", ""outcomeIndex"": 1, ""name"": """", ""pseudonym"": """", ""bio"": """", ""profileImage"": """", ""profileImageOptimized"": """", ""transactionHash"": ""0xd4a6d4c1ffb36dbad7a68235745c9b57d647aa041e85ac770ca952d5eeb3ac05""}"
1770992477,2026-02-13T22:22:33.041939,0x64f3b79978d7154141e857ccf82377de18c433f1c179d032381861991123f864:1770992477,572473,5031084282167950494806674428243037744881029417420880897305642929037077494331,BUY,0.46999999153999933,21.276594,9.999999,0x64f3b79978d7154141e857ccf82377de18c433f1c179d032381861991123f864,"{""proxyWallet"": ""0x42351ad013564c0cca2660a0c72ada4534beecae"", ""side"": ""BUY"", ""asset"": ""102012655051920632231883756277271987058318402710611322809661225961610319597737"", ""conditionId"": ""0xb2697b95ce2310083217affbe9280171afc2c36b6410b3c7fb30de940cc40d6c"", ""size"": 21.276594, ""price"": 0.46999999153999933, ""timestamp"": 1770992477, ""title"": ""Bitcoin Up or Down - February 13, 9:20AM-9:25AM ET"", ""slug"": ""btc-updown-5m-1770992400"", ""icon"": ""https://polymarket-upload.s3.us-east-2.amazonaws.com/BTC+fullsize.png"", ""eventSlug"": ""btc-updown-5m-1770992400"", ""outcome"": ""Down"", ""outcomeIndex"": 1, ""name"": ""MoonL1ght0"", ""pseudonym"": ""Feisty-Adaptation"", ""bio"": """", ""profileImage"": """", ""profileImageOptimized"": """", ""transactionHash"": ""0x64f3b79978d7154141e857ccf82377de18c433f1c179d032381861991123f864""}"
1770992477,2026-02-13T22:22:33.041952,0xc848e553a87e9e5b219e41f769052497618a69435d5f54b939c9bbaa63e600e3:1770992477,572473,5031084282167950494806674428243037744881029417420880897305642929037077494331,BUY,0.4899999806214587,3.612243,1.7699989999999999,0xc848e553a87e9e5b219e41f769052497618a69435d5f54b939c9bbaa63e600e3,"{""proxyWallet"": ""0xd2659e911c0d9b476158faa450df09832c65a7ec"", ""side"": ""BUY"", ""asset"": ""102012655051920632231883756277271987058318402710611322809661225961610319597737"", ""conditionId"": ""0xb2697b95ce2310083217affbe9280171afc2c36b6410b3c7fb30de940cc40d6c"", ""size"": 3.612243, ""price"": 0.4899999806214587, ""timestamp"": 1770992477, ""title"": ""Bitcoin Up or Down - February 13, 9:20AM-9:25AM ET"", ""slug"": ""btc-updown-5m-1770992400"", ""icon"": ""https://polymarket-upload.s3.us-east-2.amazonaws.com/BTC+fullsize.png"", ""eventSlug"": ""btc-updown-5m-1770992400"", ""outcome"": ""Down"", ""outcomeIndex"": 1, ""name"": """", ""pseudonym"": """", ""bio"": """", ""profileImage"": """", ""profileImageOptimized"": """", ""transactionHash"": ""0xc848e553a87e9e5b219e41f769052497618a69435d5f54b939c9bbaa63e600e3""}"
1770992477,2026-02-13T22:22:33.041965,0xf670a35a95ee0758eccdb56f21f9070224afdd8ba1fea5cb1074a6cb5e1eccb8:1770992477,572473,5031084282167950494806674428243037744881029417420880897305642929037077494331,BUY,0.55,9.0,4.95,0xf670a35a95ee0758eccdb56f21f9070224afdd8ba1fea5cb1074a6cb5e1eccb8,"{""proxyWallet"": ""0x08fa533dec6b248cac94452e2b5710cfb8d22a7a"", ""side"": ""BUY"", ""asset"": ""93496684515931670886846477414544893096894498769921495646606644940460801887649"", ""conditionId"": ""0xb2697b95ce2310083217affbe9280171afc2c36b6410b3c7fb30de940cc40d6c"", ""size"": 9, ""price"": 0.55, ""timestamp"": 1770992477, ""title"": ""Bitcoin Up or Down - February 13, 9:20AM-9:25AM ET"", ""slug"": ""btc-updown-5m-1770992400"", ""icon"": ""https://polymarket-upload.s3.us-east-2.amazonaws.com/BTC+fullsize.png"", ""eventSlug"": ""btc-updown-5m-1770992400"", ""outcome"": ""Up"", ""outcomeIndex"": 0, ""name"": ""stage-"", ""pseudonym"": ""Hot-Leprosy"", ""bio"": """", ""profileImage"": """", ""profileImageOptimized"": """", ""transactionHash"": ""0xf670a35a95ee0758eccdb56f21f9070224afdd8ba1fea5cb1074a6cb5e1eccb8""}"
1770992477,2026-02-13T22:22:33.041977,0xa78b58fe61ad2d6b394cbc7444dfe2e8296d02b6512c32b2e0cceeeb6c56d94d:1770992477,572473,5031084282167950494806674428243037744881029417420880897305642929037077494331,SELL,0.45504377104377103,14.85,6.7574,0xa78b58fe61ad2d6b394cbc7444dfe2e8296d02b6512c32b2e0cceeeb6c56d94d,"{""proxyWallet"": ""0x37c94ea1b44e01b18a1ce3ab6f8002bd6b9d7e6d"", ""side"": ""SELL"", ""asset"": ""102012655051920632231883756277271987058318402710611322809661225961610319597737"", ""conditionId"": ""0xb2697b95ce2310083217affbe9280171afc2c36b6410b3c7fb30de940cc40d6c"", ""size"": 14.85, ""price"": 0.45504377104377103, ""timestamp"": 1770992477, ""title"": ""Bitcoin Up or Down - February 13, 9:20AM-9:25AM ET"", ""slug"": ""btc-updown-5m-1770992400"", ""icon"": ""https://polymarket-upload.s3.us-east-2.amazonaws.com/BTC+fullsize.png"", ""eventSlug"": ""btc-updown-5m-1770992400"", ""outcome"": ""Down"", ""outcomeIndex"": 1, ""name"": ""abrak25"", ""pseudonym"": ""Poised-Twist"", ""bio"": """", ""profileImage"": """", ""profileImageOptimized"": """", ""transactionHash"": ""0xa78b58fe61ad2d6b394cbc7444dfe2e8296d02b6512c32b2e0cceeeb6c56d94d""}"
1770992477,2026-02-13T22:22:33.041990,0xab4eb5ac1bb1eb4445d0301b3a2134b6be228afa16309f9cf1131fa9bdb0770e:1770992477,572473,5031084282167950494806674428243037744881029417420880897305642929037077494331,BUY,0.5499999559999947,9.090908,4.999999000000001,0xab4eb5ac1bb1eb4445d0301b3a2134b6be228afa16309f9cf1131fa9bdb0770e,"{""proxyWallet"": ""0x50f6addda8170e7c0b2377a5a0faaa01df8db8c6"", ""side"": ""BUY"", ""asset"": ""30329240326051524423585664466745548199417394034109293645422439884170838712818"", ""conditionId"": ""0xa19fda06a03b0be808f051042652d597b5bf18d6045e62313d1aaa8a1c2b09d2"", ""size"": 9.090908, ""price"": 0.5499999559999947, ""timestamp"": 1770992477, ""title"": ""LoL: Sentinels vs Disguised (BO5) - LCS Lock In Playoffs"", ""slug"": ""lol-sen-dsg-2026-02-14"", ""icon"": ""https://polymarket-upload.s3.us-east-2.amazonaws.com/league_images/lol/league-of-legends-lcs.png"", ""eventSlug"": ""lol-sen-dsg-2026-02-14"", ""outcome"": ""Sentinels"", ""outcomeIndex"": 0, ""name"": """", ""pseudonym"": """", ""bio"": """", ""profileImage"": """", ""profileImageOptimized"": """", ""transactionHash"": ""0xab4eb5ac1bb1eb4445d0301b3a2134b6be228afa16309f9cf1131fa9bdb0770e""}"
1770992477,2026-02-13T22:22:33.042003,0xc0a987d37e244410f89bf4dd3b2b09f78a634cb57fe96a84f2440dceaaf49eab:1770992477,572473,5031084282167950494806674428243037744881029417420880897305642929037077494331,BUY,0.94,10.0,9.399999999999999,0xc0a987d37e244410f89bf4dd3b2b09f78a634cb57fe96a84f2440dceaaf49eab,"{""proxyWallet"": ""0x6031b6eed1c97e853c6e0f03ad3ce3529351f96d"", ""side"": ""BUY"", ""asset"": ""83150136706607856437592839018509517486662837687160757125224186815974350988674"", ""conditionId"": ""0xd8a9e4b88229579dcf1c9fda7a5fef2dfe45af732686fb5cbe5976f1c3a19ff6"", ""size"": 10, ""price"": 0.94, ""timestamp"": 1770992477, ""title"": ""Ethereum Up or Down - February 13, 9:15AM-9:30AM ET"", ""slug"": ""eth-updown-15m-1770992100"", ""icon"": ""https://polymarket-upload.s3.us-east-2.amazonaws.com/ETH+fullsize.jpg"", ""eventSlug"": ""eth-updown-15m-1770992100"", ""outcome"": ""Up"", ""outcomeIndex"": 0, ""name"": ""gabagool22"", ""pseudonym"": ""Grown-Cantaloupe"", ""bio"": ""d67aeff736bfa5e32b269803f0809e84c07b61060e6eb520be9bc8aae30ed129"", ""profileImage"": """", ""profileImageOptimized"": """", ""transactionHash"": ""0xc0a987d37e244410f89bf4dd3b2b09f78a634cb57fe96a84f2440dceaaf49eab""}"
1770992477,2026-02-13T22:22:33.042015,0x3b116a57e60a5c1589ccabe2fe83e9d0abeed161f785418ed5e2eecb1dac2b4e:1770992477,572473,5031084282167950494806674428243037744881029417420880897305642929037077494331,BUY,0.9299999991743323,872.021504,810.979998,0x3b116a57e60a5c1589ccabe2fe83e9d0abeed161f785418ed5e2eecb1dac2b4e,"{""proxyWallet"": ""0xc56bb8a556aa229598081f261032eb42a71d0e6d"", ""side"": ""BUY"", ""asset"": ""102559817034631022221500208641784929295731053857601013029449249654006364919935"", ""conditionId"": ""0x257b18205f908aef01ef2d1d50e6fea7d29cf5486fe04031d8b101394476faed"", ""size"": 872.021504, ""price"": 0.9299999991743323, ""timestamp"": 1770992477, ""title"": ""Will there be no change in Fed interest rates after the March 2026 meeting?"", ""slug"": ""will-there-be-no-change-in-fed-interest-rates-after-the-march-2026-meeting"", ""icon"": ""https://polymarket-upload.s3.us-east-2.amazonaws.com/jerome+powell+glasses1.png"", ""eventSlug"": ""fed-decision-in-march-885"", ""outcome"": ""Yes"", ""outcomeIndex"": 0, ""name"": ""Bouplai"", ""pseudonym"": ""Hurtful-Cuisine"", ""bio"": """", ""profileImage"": ""https://polymarket-upload.s3.us-east-2.amazonaws.com/file_XvSVSgsFar8ytKlslXn3F03C_b0247ebd-a3ea-48f8-af7e-588555abf2b2_1729107946367.png"", ""profileImageOptimized"": """", ""transactionHash"": ""0x3b116a57e60a5c1589ccabe2fe83e9d0abeed161f785418ed5e2eecb1dac2b4e""}"
1770992477,2026-02-13T22:22:33.042030,0x4a991765c89423563661729f618417325501d7ac983239f484c128bdef267f20:1770992477,572473,5031084282167950494806674428243037744881029417420880897305642929037077494331,BUY,0.53999978399989,2.037036,1.099999,0x4a991765c89423563661729f618417325501d7ac983239f484c128bdef267f20,"{""proxyWallet"": ""0xc1d799177ea4ca55ef64202f11954d24ee0273a1"", ""side"": ""BUY"", ""asset"": ""93496684515931670886846477414544893096894498769921495646606644940460801887649"", ""conditionId"": ""0xb2697b95ce2310083217affbe9280171afc2c36b6410b3c7fb30de940cc40d6c"", ""size"": 2.037036, ""price"": 0.53999978399989, ""timestamp"": 1770992477, ""title"": ""Bitcoin Up or Down - February 13, 9:20AM-9:25AM ET"", ""slug"": ""btc-updown-5m-1770992400"", ""icon"": ""https://polymarket-upload.s3.us-east-2.amazonaws.com/BTC+fullsize.png"", ""eventSlug"": ""btc-updown-5m-1770992400"", ""outcome"": ""Up"", ""outcomeIndex"": 0, ""name"": ""asdasdasdsad3213"", ""pseudonym"": ""Melodic-Experience"", ""bio"": """", ""profileImage"": """", ""profileImageOptimized"": """", ""transactionHash"": ""0x4a991765c89423563661729f618417325501d7ac983239f484c128bdef267f20""}"
1770992477,2026-02-13T22:22:33.042043,0x913719aad31b6317e81b8130a8b6449cd5dd8205b81fcc5675551d2ddd256e06:1770992477,572473,5031084282167950494806674428243037744881029417420880897305642929037077494331,BUY,0.47999984571419757,2.333332,1.119999,0x913719aad31b6317e81b8130a8b6449cd5dd8205b81fcc5675551d2ddd256e06,"{""proxyWallet"": ""0xd2659e911c0d9b476158faa450df09832c65a7ec"", ""side"": ""BUY"", ""asset"": ""102012655051920632231883756277271987058318402710611322809661225961610319597737"", ""conditionId"": ""0xb2697b95ce2310083217affbe9280171afc2c36b6410b3c7fb30de940cc40d6c"", ""size"": 2.333332, ""price"": 0.47999984571419757, ""timestamp"": 1770992477, ""title"": ""Bitcoin Up or Down - February 13, 9:20AM-9:25AM ET"", ""slug"": ""btc-updown-5m-1770992400"", ""icon"": ""https://polymarket-upload.s3.us-east-2.amazonaws.com/BTC+fullsize.png"", ""eventSlug"": ""btc-updown-5m-1770992400"", ""outcome"": ""Down"", ""outcomeIndex"": 1, ""name"": """", ""pseudonym"": """", ""bio"": """", ""profileImage"": """", ""profileImageOptimized"": """", ""transactionHash"": ""0x913719aad31b6317e81b8130a8b6449cd5dd8205b81fcc5675551d2ddd256e06""}"
1770992477,2026-02-13T22:22:33.042055,0x5f263407f1399ec70c25f5e222154f6ddf2100ee3532854246544bdde3081ad1:1770992477,572473,5031084282167950494806674428243037744881029417420880897305642929037077494331,BUY,0.9939999983376206,583.501005,579.9999979999999,0x5f263407f1399ec70c25f5e222154f6ddf2100ee3532854246544bdde3081ad1,"{""proxyWallet"": ""0x7e3149ce0481eb65e2261ecf3d70c987d4d51c97"", ""side"": ""BUY"", ""asset"": ""111080671036126109659854287535401661966194360665829017654832975124868412594547"", ""conditionId"": ""0x25aa90b3cd98305e849189b4e8b770fc77fe89bccb7cf9656468414e01145d38"", ""size"": 583.501005, ""price"": 0.9939999983376206, ""timestamp"": 1770992477, ""title"": ""Will the Fed increase interest rates by 25+ bps after the March 2026 meeting?"", ""slug"": ""will-the-fed-increase-interest-rates-by-25-bps-after-the-march-2026-meeting"", ""icon"": ""https://polymarket-upload.s3.us-east-2.amazonaws.com/jerome+powell+glasses1.png"", ""eventSlug"": ""fed-decision-in-march-885"", ""outcome"": ""No"", ""outcomeIndex"": 1, ""name"": ""0xYANGZAI"", ""pseudonym"": ""Rusty-Repeat"", ""bio"": """", ""profileImage"": ""https://polymarket-upload.s3.us-east-2.amazonaws.com/profile-image-513264-2af27f73-3da3-43a9-ad3e-e962c6071d02.webp"", ""profileImageOptimized"": """", ""transactionHash"": ""0x5f263407f1399ec70c25f5e222154f6ddf2100ee3532854246544bdde3081ad1""}"
1770992477,2026-02-13T22:22:33.042070,0xb80ebaa653b0ffdf2e4b7524e98c1703705d00dffcecfaf5b31a574b11949107:1770992477,572473,5031084282167950494806674428243037744881029417420880897305642929037077494331,BUY,0.37,0.26,0.09620000000000001,0xb80ebaa653b0ffdf2e4b7524e98c1703705d00dffcecfaf5b31a574b11949107,"{""proxyWallet"": ""0xa9f5e5c9c761a0c7d692ba479028f778a5dd937f"", ""side"": ""BUY"", ""asset"": ""9294740536834836944830244787564714404089139804362465586360751378285232301151"", ""conditionId"": ""0x089610f8734cdf71517d31928a34f154fd0405f53084f082e3cc95faac7cbf5d"", ""size"": 0.26, ""price"": 0.37, ""timestamp"": 1770992477, ""title"": ""Tenerife 2: Pablo Llamas Ruiz vs Luka Mikrut"", ""slug"": ""atp-ruiz-mikrut-2026-02-13"", ""icon"": ""https://polymarket-upload.s3.us-east-2.amazonaws.com/atp-tour-b4390c4fb8.jpg"", ""eventSlug"": ""atp-ruiz-mikrut-2026-02-13"", ""outcome"": ""Ruiz"", ""outcomeIndex"": 0, ""name"": ""lirrrrr"", ""pseudonym"": ""Sorrowful-Bellows"", ""bio"": """", ""profileImage"": """", ""profileImageOptimized"": """", ""transactionHash"": ""0xb80ebaa653b0ffdf2e4b7524e98c1703705d00dffcecfaf5b31a574b11949107""}"
1770992477,2026-02-13T22:22:33.042083,0x023173b4ac86368ed2171a40d1047de7cd7a7d7ae77970a57cbbd515b9cf2737:1770992477,572473,5031084282167950494806674428243037744881029417420880897305642929037077494331,BUY,0.56,18.5,10.360000000000001,0x023173b4ac86368ed2171a40d1047de7cd7a7d7ae77970a57cbbd515b9cf2737,"{""proxyWallet"": ""0x09ecb294a988ded80d5643131da003afceffdf58"", ""side"": ""BUY"", ""asset"": ""93592335077885155149180749547902498833461659100587815942176991599393358900076"", ""conditionId"": ""0x63b78326a8de19a65606874e669c02704fea27203945d1ac767fe57efa7d209e"", ""size"": 18.5, ""price"": 0.56, ""timestamp"": 1770992477, ""title"": ""Bitcoin Up or Down - February 13, 9AM ET"", ""slug"": ""bitcoin-up-or-down-february-13-9am-et"", ""icon"": ""https://polymarket-upload.s3.us-east-2.amazonaws.com/BTC+fullsize.png"", ""eventSlug"": ""bitcoin-up-or-down-february-13-9am-et"", ""outcome"": ""Up"", ""outcomeIndex"": 0, ""name"": ""plmrkt00"", ""pseudonym"": ""Tired-Cookbook"", ""bio"": """", ""profileImage"": """", ""profileImageOptimized"": """", ""transactionHash"": ""0x023173b4ac86368ed2171a40d1047de7cd7a7d7ae77970a57cbbd515b9cf2737""}"
1770992477,2026-02-13T22:22:33.042096,0x51e814bfa06c5df1a6fa1b832247a74568e1655750ae74e0142ab87d1ca09d0c:1770992477,572473,5031084282167950494806674428243037744881029417420880897305642929037077494331,BUY,0.51,109.0,55.59,0x51e814bfa06c5df1a6fa1b832247a74568e1655750ae74e0142ab87d1ca09d0c,"{""proxyWallet"": ""0x1d0034134e339a309700ff2d34e99fa2d48b0313"", ""side"": ""BUY"", ""asset"": ""93496684515931670886846477414544893096894498769921495646606644940460801887649"", ""conditionId"": ""0xb2697b95ce2310083217affbe9280171afc2c36b6410b3c7fb30de940cc40d6c"", ""size"": 109, ""price"": 0.51, ""timestamp"": 1770992477, ""title"": ""Bitcoin Up or Down - February 13, 9:20AM-9:25AM ET"", ""slug"": ""btc-updown-5m-1770992400"", ""icon"": ""https://polymarket-upload.s3.us-east-2.amazonaws.com/BTC+fullsize.png"", ""eventSlug"": ""btc-updown-5m-1770992400"", ""outcome"": ""Up"", ""outcomeIndex"": 0, ""name"": ""0x1d0034134e339a309700ff2d34e99fa2d48b031"", ""pseudonym"": ""Canine-Commandment"", ""bio"": """", ""profileImage"": """", ""profileImageOptimized"": """", ""transactionHash"": ""0x51e814bfa06c5df1a6fa1b832247a74568e1655750ae74e0142ab87d1ca09d0c""}"
1770992477,2026-02-13T22:22:33.042108,0xf8264fb2d0eb464e0a0ada66a45ff43cb171e66a1d2f5e418d1a5479719d289e:1770992477,572473,5031084282167950494806674428243037744881029417420880897305642929037077494331,BUY,0.55,11.0,6.050000000000001,0xf8264fb2d0eb464e0a0ada66a45ff43cb171e66a1d2f5e418d1a5479719d289e,"{""proxyWallet"": ""0x4b188496d1b3da1716165380999afb9b314c725f"", ""side"": ""BUY"", ""asset"": ""90975387654228332229959433451207567814992785976122259360502402643071811616781"", ""conditionId"": ""0xda9382ea9a953e4f9ba94cdab2b1b50d923496784ad2945fea69b5f7f1adffd6"", ""size"": 11, ""price"": 0.55, ""timestamp"": 1770992477, ""title"": ""Ethereum Up or Down - February 13, 9AM ET"", ""slug"": ""ethereum-up-or-down-february-13-9am-et"", ""icon"": ""https://polymarket-upload.s3.us-east-2.amazonaws.com/ETH+fullsize.jpg"", ""eventSlug"": ""ethereum-up-or-down-february-13-9am-et"", ""outcome"": ""Up"", ""outcomeIndex"": 0, ""name"": ""blue-walnut"", ""pseudonym"": ""Gigantic-Comic"", ""bio"": """", ""profileImage"": """", ""profileImageOptimized"": """", ""transactionHash"": ""0xf8264fb2d0eb464e0a0ada66a45ff43cb171e66a1d2f5e418d1a5479719d289e""}"
1770992477,2026-02-13T22:22:33.042120,0x6457da7abbecc5603fdbdf100b8c9f24fa4d23e0f7fe8e4984a4720379ebff6c:1770992477,572473,5031084282167950494806674428243037744881029417420880897305642929037077494331,BUY,0.15,10.0,1.5,0x6457da7abbecc5603fdbdf100b8c9f24fa4d23e0f7fe8e4984a4720379ebff6c,"{""proxyWallet"": ""0x2c743b52e9d518af9a1340a1660ccdd987606173"", ""side"": ""BUY"", ""asset"": ""79977699093326922498273634549052678411362219648189898097966968380456514170585"", ""conditionId"": ""0x4489d71363e1894219fc1379130c93c763f4343e5851dfbee687e753ab823569"", ""size"": 10, ""price"": 0.15, ""timestamp"": 1770992477, ""title"": ""Bitcoin Up or Down - February 13, 9:15AM-9:30AM ET"", ""slug"": ""btc-updown-15m-1770992100"", ""icon"": ""https://polymarket-upload.s3.us-east-2.amazonaws.com/BTC+fullsize.png"", ""eventSlug"": ""btc-updown-15m-1770992100"", ""outcome"": ""Down"", ""outcomeIndex"": 1, ""name"": ""hel0"", ""pseudonym"": ""Weighty-Resale"", ""bio"": """", ""profileImage"": """", ""profileImageOptimized"": """", ""transactionHash"": ""0x6457da7abbecc5603fdbdf100b8c9f24fa4d23e0f7fe8e4984a4720379ebff6c""}"
1770992477,2026-02-13T22:22:33.042132,0x9e25d04c00272850bb4747bf22ce7c442f7ff45cf3500d90c379dfaf7c8376be:1770992477,572473,5031084282167950494806674428243037744881029417420880897305642929037077494331,BUY,0.97,17.0,16.49,0x9e25d04c00272850bb4747bf22ce7c442f7ff45cf3500d90c379dfaf7c8376be,"{""proxyWallet"": ""0xa509ae942ac8d8bc3f8c5df30cb6ae2c9b13ae46"", ""side"": ""BUY"", ""asset"": ""94618554150754498128203687494586713306999020808013223501521237860630343827264"", ""conditionId"": ""0xb302eea2640b3cd74bff3e244246586c146955bfb958dcaf2da4848e4986bf3e"", ""size"": 17, ""price"": 0.97, ""timestamp"": 1770992477, ""title"": ""Will Al Shabab Saudi Club vs. Al Ahli Saudi Club end in a draw?"", ""slug"": ""spl-sha-ahl-2026-02-13-draw"", ""icon"": ""https://polymarket-upload.s3.us-east-2.amazonaws.com/saudi-league-0eb74ab5b8.png"", ""eventSlug"": ""spl-sha-ahl-2026-02-13"", ""outcome"": ""No"", ""outcomeIndex"": 1, ""name"": ""UlamTriX"", ""pseudonym"": ""Inferior-Ownership"", ""bio"": """", ""profileImage"": """", ""profileImageOptimized"": """", ""transactionHash"": ""0x9e25d04c00272850bb4747bf22ce7c442f7ff45cf3500d90c379dfaf7c8376be""}"
1770992477,2026-02-13T22:22:33.042144,0x8c96d3d171f2a102aa4760ee90a93b3ffd97b772e474b510e54a1a3b3c890115:1770992477,572473,5031084282167950494806674428243037744881029417420880897305642929037077494331,BUY,0.48999998039999687,10.20408,4.999999,0x8c96d3d171f2a102aa4760ee90a93b3ffd97b772e474b510e54a1a3b3c890115,"{""proxyWallet"": ""0xdc92b303dab1637e987bd7a5959bfab2a3b1741b"", ""side"": ""BUY"", ""asset"": ""102012655051920632231883756277271987058318402710611322809661225961610319597737"", ""conditionId"": ""0xb2697b95ce2310083217affbe9280171afc2c36b6410b3c7fb30de940cc40d6c"", ""size"": 10.20408, ""price"": 0.48999998039999687, ""timestamp"": 1770992477, ""title"": ""Bitcoin Up or Down - February 13, 9:20AM-9:25AM ET"", ""slug"": ""btc-updown-5m-1770992400"", ""icon"": ""https://polymarket-upload.s3.us-east-2.amazonaws.com/BTC+fullsize.png"", ""eventSlug"": ""btc-updown-5m-1770992400"", ""outcome"": ""Down"", ""outcomeIndex"": 1, ""name"": ""Rhydian555"", ""pseudonym"": ""Silent-Codepage"", ""bio"": """", ""profileImage"": ""https://polymarket-upload.s3.us-east-2.amazonaws.com/profile-image-5930900-b39759d1-07b4-47d7-abcf-704c600f84f3.jpg"", ""profileImageOptimized"": """", ""transactionHash"": ""0x8c96d3d171f2a102aa4760ee90a93b3ffd97b772e474b510e54a1a3b3c890115""}"
1770992477,2026-02-13T22:22:33.042161,0x7885bab1079722269e2bbbf4a13eb68f63c1c1e33e44d44105628d97b96dbfea:1770992477,572473,5031084282167950494806674428243037744881029417420880897305642929037077494331,BUY,0.48999998218180263,2.244896,1.099999,0x7885bab1079722269e2bbbf4a13eb68f63c1c1e33e44d44105628d97b96dbfea,"{""proxyWallet"": ""0x4716ff10e355ecbfacb6854d82a547d4c955d1e1"", ""side"": ""BUY"", ""asset"": ""102012655051920632231883756277271987058318402710611322809661225961610319597737"", ""conditionId"": ""0xb2697b95ce2310083217affbe9280171afc2c36b6410b3c7fb30de940cc40d6c"", ""size"": 2.244896, ""price"": 0.48999998218180263, ""timestamp"": 1770992477, ""title"": ""Bitcoin Up or Down - February 13, 9:20AM-9:25AM ET"", ""slug"": ""btc-updown-5m-1770992400"", ""icon"": ""https://polymarket-upload.s3.us-east-2.amazonaws.com/BTC+fullsize.png"", ""eventSlug"": ""btc-updown-5m-1770992400"", ""outcome"": ""Down"", ""outcomeIndex"": 1, ""name"": """", ""pseudonym"": """", ""bio"": """", ""profileImage"": """", ""profileImageOptimized"": """", ""transactionHash"": ""0x7885bab1079722269e2bbbf4a13eb68f63c1c1e33e44d44105628d97b96dbfea""}"
1770992477,2026-02-13T22:22:33.042173,0x32dfd707d460f569220877a7e9c6d279ba49e2a6c50af300a5deee5608680625:1770992477,572473,5031084282167950494806674428243037744881029417420880897305642929037077494331,BUY,0.48999991179995706,3.061223,1.4999989999999999,0x32dfd707d460f569220877a7e9c6d279ba49e2a6c50af300a5deee5608680625,"{""proxyWallet"": ""0x15fa68925bde8017f1c6143145872ade81c19cee"", ""side"": ""BUY"", ""asset"": ""102012655051920632231883756277271987058318402710611322809661225961610319597737"", ""conditionId"": ""0xb2697b95ce2310083217affbe9280171afc2c36b6410b3c7fb30de940cc40d6c"", ""size"": 3.061223, ""price"": 0.48999991179995706, ""timestamp"": 1770992477, ""title"": ""Bitcoin Up or Down - February 13, 9:20AM-9:25AM ET"", ""slug"": ""btc-updown-5m-1770992400"", ""icon"": ""https://polymarket-upload.s3.us-east-2.amazonaws.com/BTC+fullsize.png"", ""eventSlug"": ""btc-updown-5m-1770992400"", ""outcome"": ""Down"", ""outcomeIndex"": 1, ""name"": """", ""pseudonym"": """", ""bio"": """", ""profileImage"": """", ""profileImageOptimized"": """", ""transactionHash"": ""0x32dfd707d460f569220877a7e9c6d279ba49e2a6c50af300a5deee5608680625""}"
1770992477,2026-02-13T22:22:33.042185,0xa7dc96aa31c1b3ebf5c23722735240d3fddc971d2d878aee68199abedd37c0fe:1770992477,572473,5031084282167950494806674428243037744881029417420880897305642929037077494331,BUY,0.48999998039999687,10.20408,4.999999,0xa7dc96aa31c1b3ebf5c23722735240d3fddc971d2d878aee68199abedd37c0fe,"{""proxyWallet"": ""0x3c814eaa07cc8a6ebb0f01b495b5cbb3cba58a5f"", ""side"": ""BUY"", ""asset"": ""102012655051920632231883756277271987058318402710611322809661225961610319597737"", ""conditionId"": ""0xb2697b95ce2310083217affbe9280171afc2c36b6410b3c7fb30de940cc40d6c"", ""size"": 10.20408, ""price"": 0.48999998039999687, ""timestamp"": 1770992477, ""title"": ""Bitcoin Up or Down - February 13, 9:20AM-9:25AM ET"", ""slug"": ""btc-updown-5m-1770992400"", ""icon"": ""https://polymarket-upload.s3.us-east-2.amazonaws.com/BTC+fullsize.png"", ""eventSlug"": ""btc-updown-5m-1770992400"", ""outcome"": ""Down"", ""outcomeIndex"": 1, ""name"": """", ""pseudonym"": """", ""bio"": """", ""profileImage"": """", ""profileImageOptimized"": """", ""transactionHash"": ""0xa7dc96aa31c1b3ebf5c23722735240d3fddc971d2d878aee68199abedd37c0fe""}"
1770992477,2026-02-13T22:22:33.042197,0x201a3ac0be6e2c05e7bb8fbc5ef5ed84200cc4417375ff7aa4aac71c0898a44d:1770992477,572473,5031084282167950494806674428243037744881029417420880897305642929037077494331,BUY,0.999,1.081,1.0799189999999999,0x201a3ac0be6e2c05e7bb8fbc5ef5ed84200cc4417375ff7aa4aac71c0898a44d,"{""proxyWallet"": ""0x9bdcaa6b176342f83bd4bc08c7d32686f6cc223b"", ""side"": ""BUY"", ""asset"": ""94727621121736586567353534117718908878106742038118708768236577139822070848665"", ""conditionId"": ""0x704e3d566e962c2d832304748559ec95fa8afbece1e142cd8d0d80ca569282c5"", ""size"": 1.081, ""price"": 0.999, ""timestamp"": 1770992477, ""title"": ""Will the price of XRP be between $1.00 and $1.10 on February 13?"", ""slug"": ""will-the-price-of-xrp-be-between-1pt00-1pt10-on-february-13"", ""icon"": ""https://polymarket-upload.s3.us-east-2.amazonaws.com/XRP-logo.png"", ""eventSlug"": ""xrp-price-on-february-13"", ""outcome"": ""No"", ""outcomeIndex"": 1, ""name"": ""bvyrta"", ""pseudonym"": ""Early-Disguise"", ""bio"": """", ""profileImage"": """", ""profileImageOptimized"": """", ""transactionHash"": ""0x201a3ac0be6e2c05e7bb8fbc5ef5ed84200cc4417375ff7aa4aac71c0898a44d""}"
1770992477,2026-02-13T22:22:33.042209,0x27d3293485df115cb8264fe4be63bc5f82f9f2a1384200c564e0193155bd31a4:1770992477,572473,5031084282167950494806674428243037744881029417420880897305642929037077494331,BUY,0.5299999518181424,2.07547,1.0999990000000002,0x27d3293485df115cb8264fe4be63bc5f82f9f2a1384200c564e0193155bd31a4,"{""proxyWallet"": ""0xc1d799177ea4ca55ef64202f11954d24ee0273a1"", ""side"": ""BUY"", ""asset"": ""93496684515931670886846477414544893096894498769921495646606644940460801887649"", ""conditionId"": ""0xb2697b95ce2310083217affbe9280171afc2c36b6410b3c7fb30de940cc40d6c"", ""size"": 2.07547, ""price"": 0.5299999518181424, ""timestamp"": 1770992477, ""title"": ""Bitcoin Up or Down - February 13, 9:20AM-9:25AM ET"", ""slug"": ""btc-updown-5m-1770992400"", ""icon"": ""https://polymarket-upload.s3.us-east-2.amazonaws.com/BTC+fullsize.png"", ""eventSlug"": ""btc-updown-5m-1770992400"", ""outcome"": ""Up"", ""outcomeIndex"": 0, ""name"": ""asdasdasdsad3213"", ""pseudonym"": ""Melodic-Experience"", ""bio"": """", ""profileImage"": """", ""profileImageOptimized"": """", ""transactionHash"": ""0x27d3293485df115cb8264fe4be63bc5f82f9f2a1384200c564e0193155bd31a4""}"
1770992477,2026-02-13T22:22:33.042221,0xfcf557e24cdf9dfda942fb5121479201ec622879585fb90aa8e2205f1330ffda:1770992477,572473,5031084282167950494806674428243037744881029417420880897305642929037077494331,BUY,0.49,9.8,4.8020000000000005,0xfcf557e24cdf9dfda942fb5121479201ec622879585fb90aa8e2205f1330ffda,"{""proxyWallet"": ""0xe6cef1403b5a704d0ca8be6aeaed6916a11a8884"", ""side"": ""BUY"", ""asset"": ""102012655051920632231883756277271987058318402710611322809661225961610319597737"", ""conditionId"": ""0xb2697b95ce2310083217affbe9280171afc2c36b6410b3c7fb30de940cc40d6c"", ""size"": 9.8, ""price"": 0.49, ""timestamp"": 1770992477, ""title"": ""Bitcoin Up or Down - February 13, 9:20AM-9:25AM ET"", ""slug"": ""btc-updown-5m-1770992400"", ""icon"": ""https://polymarket-upload.s3.us-east-2.amazonaws.com/BTC+fullsize.png"", ""eventSlug"": ""btc-updown-5m-1770992400"", ""outcome"": ""Down"", ""outcomeIndex"": 1, ""name"": ""nigegezhenshuai"", ""pseudonym"": ""Super-Macaroon"", ""bio"": """", ""profileImage"": """", ""profileImageOptimized"": """", ""transactionHash"": ""0xfcf557e24cdf9dfda942fb5121479201ec622879585fb90aa8e2205f1330ffda""}"
1770992477,2026-02-13T22:22:33.042237,0xcade34551a160b3a099d173bc29ecc4ad89db5cfb57eabe43f4569d923278373:1770992477,572473,5031084282167950494806674428243037744881029417420880897305642929037077494331,BUY,0.951,156.18,148.52718,0xcade34551a160b3a099d173bc29ecc4ad89db5cfb57eabe43f4569d923278373,"{""proxyWallet"": ""0x9b76c59c167cd95eab40b6830637b01808cb89fc"", ""side"": ""BUY"", ""asset"": ""68320692409850091190490975441025843632582876963922128660910974326175304515755"", ""conditionId"": ""0x6fefc0438c7598b23531457c8c60541990d0786bd4bd9dfc3eabc8d95c291092"", ""size"": 156.18, ""price"": 0.951, ""timestamp"": 1770992477, ""title"": ""Will Bitcoin reach $250,000 by December 31, 2026?"", ""slug"": ""will-bitcoin-reach-250000-by-december-31-2026"", ""icon"": ""https://polymarket-upload.s3.us-east-2.amazonaws.com/BTC+fullsize.png"", ""eventSlug"": ""what-price-will-bitcoin-hit-before-2027"", ""outcome"": ""No"", ""outcomeIndex"": 1, ""name"": ""56fo1okj"", ""pseudonym"": ""Defensive-Bonus"", ""bio"": """", ""profileImage"": """", ""profileImageOptimized"": """", ""transactionHash"": ""0xcade34551a160b3a099d173bc29ecc4ad89db5cfb57eabe43f4569d923278373""}"
1770992477,2026-02-13T22:22:33.042249,0xf8d5e0599f90021868ed03099a03514493a444d5117febdcce4414046478c0b4:1770992477,572473,5031084282167950494806674428243037744881029417420880897305642929037077494331,BUY,0.8299999975099996,24.096382,19.999997,0xf8d5e0599f90021868ed03099a03514493a444d5117febdcce4414046478c0b4,"{""proxyWallet"": ""0x4fec6b3350043deb660399c9769cbd7492723572"", ""side"": ""BUY"", ""asset"": ""78619692450443199438983916309057805727028334669703531670231138313382112209789"", ""conditionId"": ""0x2232160c7b9a9607a506b46872f1f3501a3dccdf8384c7572a1617956a86797a"", ""size"": 24.096382, ""price"": 0.8299999975099996, ""timestamp"": 1770992477, ""title"": ""French forces seize another oil tanker by Feb 28?"", ""slug"": ""french-forces-seize-another-oil-tanker-by-feb-28"", ""icon"": ""https://polymarket-upload.s3.us-east-2.amazonaws.com/french-forces-seize-another-oil-tanker-by-feb-28-I_3IHQd6eNHr.jpg"", ""eventSlug"": ""french-forces-seize-another-oil-tanker-by-feb-28"", ""outcome"": ""No"", ""outcomeIndex"": 1, ""name"": ""Midship"", ""pseudonym"": ""Decent-Wiseguy"", ""bio"": """", ""profileImage"": """", ""profileImageOptimized"": """", ""transactionHash"": ""0xf8d5e0599f90021868ed03099a03514493a444d5117febdcce4414046478c0b4""}"
1770992477,2026-02-13T22:22:33.042262,0xcfa283c3b47b517cee3294459412cbc6fca0024380dc685400f737f9d1d4a724:1770992477,572473,5031084282167950494806674428243037744881029417420880897305642929037077494331,BUY,0.94,5.0,4.699999999999999,0xcfa283c3b47b517cee3294459412cbc6fca0024380dc685400f737f9d1d4a724,"{""proxyWallet"": ""0x3177b6fc028bef95c9c76ec8d0000129271b7b80"", ""side"": ""BUY"", ""asset"": ""83150136706607856437592839018509517486662837687160757125224186815974350988674"", ""conditionId"": ""0xd8a9e4b88229579dcf1c9fda7a5fef2dfe45af732686fb5cbe5976f1c3a19ff6"", ""size"": 5, ""price"": 0.94, ""timestamp"": 1770992477, ""title"": ""Ethereum Up or Down - February 13, 9:15AM-9:30AM ET"", ""slug"": ""eth-updown-15m-1770992100"", ""icon"": ""https://polymarket-upload.s3.us-east-2.amazonaws.com/ETH+fullsize.jpg"", ""eventSlug"": ""eth-updown-15m-1770992100"", ""outcome"": ""Up"", ""outcomeIndex"": 0, ""name"": ""trying-something"", ""pseudonym"": ""Wilted-Membership"", ""bio"": """", ""profileImage"": """", ""profileImageOptimized"": """", ""transactionHash"": ""0xcfa283c3b47b517cee3294459412cbc6fca0024380dc685400f737f9d1d4a724""}"
1770992477,2026-02-13T22:22:33.042274,0x7bbfdcd872412ac20be97bdf3046848a96fd9c3bdc7f3e6595b8a37ebc43ec5e:1770992477,572473,5031084282167950494806674428243037744881029417420880897305642929037077494331,BUY,0.92,1.19565,1.099998,0x7bbfdcd872412ac20be97bdf3046848a96fd9c3bdc7f3e6595b8a37ebc43ec5e,"{""proxyWallet"": ""0xa1e5318d76e95d52d1cfaa56a0687c005f6cef8f"", ""side"": ""BUY"", ""asset"": ""2844181740250277267185676628544795343619398422178996052107086417055587681337"", ""conditionId"": ""0x62e16747c11d83e4979ac118cddda13c972f7e83b98400734ad9126a71fa09b1"", ""size"": 1.19565, ""price"": 0.92, ""timestamp"": 1770992477, ""title"": ""XRP Up or Down - February 13, 9:15AM-9:30AM ET"", ""slug"": ""xrp-updown-15m-1770992100"", ""icon"": ""https://polymarket-upload.s3.us-east-2.amazonaws.com/XRP-logo.png"", ""eventSlug"": ""xrp-updown-15m-1770992100"", ""outcome"": ""Up"", ""outcomeIndex"": 0, ""name"": """", ""pseudonym"": """", ""bio"": """", ""profileImage"": """", ""profileImageOptimized"": """", ""transactionHash"": ""0x7bbfdcd872412ac20be97bdf3046848a96fd9c3bdc7f3e6595b8a37ebc43ec5e""}"
1770992477,2026-02-13T22:22:33.042285,0x6a825559584a36bc05cac6d9ef9ae8b9b86f643294a1bc0f5f59046e94648d9e:1770992477,572473,5031084282167950494806674428243037744881029417420880897305642929037077494331,BUY,0.5581395348837209,26.875,15.0,0x6a825559584a36bc05cac6d9ef9ae8b9b86f643294a1bc0f5f59046e94648d9e,"{""proxyWallet"": ""0xb47892ec53ff003cad44cf193e01a00957acac0a"", ""side"": ""BUY"", ""asset"": ""93592335077885155149180749547902498833461659100587815942176991599393358900076"", ""conditionId"": ""0x63b78326a8de19a65606874e669c02704fea27203945d1ac767fe57efa7d209e"", ""size"": 26.875, ""price"": 0.5581395348837209, ""timestamp"": 1770992477, ""title"": ""Bitcoin Up or Down - February 13, 9AM ET"", ""slug"": ""bitcoin-up-or-down-february-13-9am-et"", ""icon"": ""https://polymarket-upload.s3.us-east-2.amazonaws.com/BTC+fullsize.png"", ""eventSlug"": ""bitcoin-up-or-down-february-13-9am-et"", ""outcome"": ""Up"", ""outcomeIndex"": 0, ""name"": ""sendmedavi"", ""pseudonym"": ""Slow-Judgment"", ""bio"": """", ""profileImage"": """", ""profileImageOptimized"": """", ""transactionHash"": ""0x6a825559584a36bc05cac6d9ef9ae8b9b86f643294a1bc0f5f59046e94648d9e""}"
1770992477,2026-02-13T22:22:33.042298,0xc2add5112d6427e6b52efdf6eb4ef70cdfe98db23809143eef346abc33ee1569:1770992477,572473,5031084282167950494806674428243037744881029417420880897305642929037077494331,BUY,0.4899999582386162,3.591835,1.759999,0xc2add5112d6427e6b52efdf6eb4ef70cdfe98db23809143eef346abc33ee1569,"{""proxyWallet"": ""0x44d836806906df8b127514e2c28b6a3effdc111e"", ""side"": ""BUY"", ""asset"": ""102012655051920632231883756277271987058318402710611322809661225961610319597737"", ""conditionId"": ""0xb2697b95ce2310083217affbe9280171afc2c36b6410b3c7fb30de940cc40d6c"", ""size"": 3.591835, ""price"": 0.4899999582386162, ""timestamp"": 1770992477, ""title"": ""Bitcoin Up or Down - February 13, 9:20AM-9:25AM ET"", ""slug"": ""btc-updown-5m-1770992400"", ""icon"": ""https://polymarket-upload.s3.us-east-2.amazonaws.com/BTC+fullsize.png"", ""eventSlug"": ""btc-updown-5m-1770992400"", ""outcome"": ""Down"", ""outcomeIndex"": 1, ""name"": """", ""pseudonym"": """", ""bio"": """", ""profileImage"": """", ""profileImageOptimized"": """", ""transactionHash"": ""0xc2add5112d6427e6b52efdf6eb4ef70cdfe98db23809143eef346abc33ee1569""}"
1770992477,2026-02-13T22:22:33.042310,0x3d62d375564b2119ccb94bb35740d5a9b0e4a3129e2cd406e61cac0166e8ca21:1770992477,572473,5031084282167950494806674428243037744881029417420880897305642929037077494331,BUY,0.49,5.0,2.45,0x3d62d375564b2119ccb94bb35740d5a9b0e4a3129e2cd406e61cac0166e8ca21,"{""proxyWallet"": ""0x3177b6fc028bef95c9c76ec8d0000129271b7b80"", ""side"": ""BUY"", ""asset"": ""102012655051920632231883756277271987058318402710611322809661225961610319597737"", ""conditionId"": ""0xb2697b95ce2310083217affbe9280171afc2c36b6410b3c7fb30de940cc40d6c"", ""size"": 5, ""price"": 0.49, ""timestamp"": 1770992477, ""title"": ""Bitcoin Up or Down - February 13, 9:20AM-9:25AM ET"", ""slug"": ""btc-updown-5m-1770992400"", ""icon"": ""https://polymarket-upload.s3.us-east-2.amazonaws.com/BTC+fullsize.png"", ""eventSlug"": ""btc-updown-5m-1770992400"", ""outcome"": ""Down"", ""outcomeIndex"": 1, ""name"": ""trying-something"", ""pseudonym"": ""Wilted-Membership"", ""bio"": """", ""profileImage"": """", ""profileImageOptimized"": """", ""transactionHash"": ""0x3d62d375564b2119ccb94bb35740d5a9b0e4a3129e2cd406e61cac0166e8ca21""}"
1770992477,2026-02-13T22:22:33.042321,0x2868b42ee8b52df6e10164cbb790dcde0995228198d6db19c7d9251f4a8f7c9b:1770992477,572473,5031084282167950494806674428243037744881029417420880897305642929037077494331,BUY,0.52,5.0,2.6,0x2868b42ee8b52df6e10164cbb790dcde0995228198d6db19c7d9251f4a8f7c9b,"{""proxyWallet"": ""0x1d0034134e339a309700ff2d34e99fa2d48b0313"", ""side"": ""BUY"", ""asset"": ""93496684515931670886846477414544893096894498769921495646606644940460801887649"", ""conditionId"": ""0xb2697b95ce2310083217affbe9280171afc2c36b6410b3c7fb30de940cc40d6c"", ""size"": 5, ""price"": 0.52, ""timestamp"": 1770992477, ""title"": ""Bitcoin Up or Down - February 13, 9:20AM-9:25AM ET"", ""slug"": ""btc-updown-5m-1770992400"", ""icon"": ""https://polymarket-upload.s3.us-east-2.amazonaws.com/BTC+fullsize.png"", ""eventSlug"": ""btc-updown-5m-1770992400"", ""outcome"": ""Up"", ""outcomeIndex"": 0, ""name"": ""0x1d0034134e339a309700ff2d34e99fa2d48b031"", ""pseudonym"": ""Canine-Commandment"", ""bio"": """", ""profileImage"": """", ""profileImageOptimized"": """", ""transactionHash"": ""0x2868b42ee8b52df6e10164cbb790dcde0995228198d6db19c7d9251f4a8f7c9b""}"
1770992477,2026-02-13T22:22:33.042333,0x91153d2171b05dbd48f36211d2e12b6ee450ff2e62bcca7cadbf46e2844f9e05:1770992477,572473,5031084282167950494806674428243037744881029417420880897305642929037077494331,BUY,0.49,10.0,4.9,0x91153d2171b05dbd48f36211d2e12b6ee450ff2e62bcca7cadbf46e2844f9e05,"{""proxyWallet"": ""0xce54f6a720a650bf83bf91418f220ad468ffcd80"", ""side"": ""BUY"", ""asset"": ""102012655051920632231883756277271987058318402710611322809661225961610319597737"", ""conditionId"": ""0xb2697b95ce2310083217affbe9280171afc2c36b6410b3c7fb30de940cc40d6c"", ""size"": 10, ""price"": 0.49, ""timestamp"": 1770992477, ""title"": ""Bitcoin Up or Down - February 13, 9:20AM-9:25AM ET"", ""slug"": ""btc-updown-5m-1770992400"", ""icon"": ""https://polymarket-upload.s3.us-east-2.amazonaws.com/BTC+fullsize.png"", ""eventSlug"": ""btc-updown-5m-1770992400"", ""outcome"": ""Down"", ""outcomeIndex"": 1, ""name"": ""0xCe54F6A720a650Bf83Bf91418f220Ad468fFcd80-1768003928382"", ""pseudonym"": ""Cultured-Fen"", ""bio"": """", ""profileImage"": """", ""profileImageOptimized"": """", ""transactionHash"": ""0x91153d2171b05dbd48f36211d2e12b6ee450ff2e62bcca7cadbf46e2844f9e05""}"
1770992477,2026-02-13T22:22:33.042345,0xcf2abfbf31e85c4a27ec26f2402c7d3e24782704752c09da1c48db4bcb30f9bb:1770992477,572473,5031084282167950494806674428243037744881029417420880897305642929037077494331,BUY,0.42,100.0,42.0,0xcf2abfbf31e85c4a27ec26f2402c7d3e24782704752c09da1c48db4bcb30f9bb,"{""proxyWallet"": ""0x4a8ce4ecf461085672286fd7ba38614c5e95ed07"", ""side"": ""BUY"", ""asset"": ""93877297775355450557722918836976495691981325321431464466494536488190841178049"", ""conditionId"": ""0xfa383b3460a16e0bf50d5da41eae2ad2f6d51ccb05bdd1c55dc48f3c5c4f64e3"", ""size"": 100, ""price"": 0.42, ""timestamp"": 1770992477, ""title"": ""Will Trump say \""Hell\"" 4+ times at Fort Bragg on Friday?"", ""slug"": ""will-trump-say-hell-4-times-at-fort-bragg-on-friday"", ""icon"": ""https://polymarket-upload.s3.us-east-2.amazonaws.com/what-will-trump-say-during-the-epa-announcement-877-2yLYvU_80msd.jpg"", ""eventSlug"": ""what-will-trump-say-during-remarks-at-fort-bragg"", ""outcome"": ""No"", ""outcomeIndex"": 1, ""name"": ""tilt.proof"", ""pseudonym"": ""Regal-Coincidence"", ""bio"": """", ""profileImage"": """", ""profileImageOptimized"": """", ""transactionHash"": ""0xcf2abfbf31e85c4a27ec26f2402c7d3e24782704752c09da1c48db4bcb30f9bb""}"
1770992477,2026-02-13T22:22:33.042359,0xe04b89e44d94c85d1bb564b1200e953aa7ca3cf01527191935f685254b6ec0d7:1770992477,572473,5031084282167950494806674428243037744881029417420880897305642929037077494331,BUY,0.40091,10.0,4.0091,0xe04b89e44d94c85d1bb564b1200e953aa7ca3cf01527191935f685254b6ec0d7,"{""proxyWallet"": ""0xc1304df9835182fe7dd65d28b75e253aa38346f8"", ""side"": ""BUY"", ""asset"": ""46784478127971683292667264998972492749875790693861584273948027910943456340873"", ""conditionId"": ""0xa0f7cc67dd27226c60b837a4a9ca4bf8a7d2b6536d4c91879897520eb675569c"", ""size"": 10, ""price"": 0.40091, ""timestamp"": 1770992477, ""title"": ""Counter-Strike: Lazer Cats vs WW Team (BO3) - ESL Challenger League Europe Cup 1 Playoffs"", ""slug"": ""cs2-lc-ww-2026-02-13"", ""icon"": ""https://polymarket-upload.s3.us-east-2.amazonaws.com/counter-strike-image-16c415c538.png"", ""eventSlug"": ""cs2-lc-ww-2026-02-13"", ""outcome"": ""Lazer Cats"", ""outcomeIndex"": 0, ""name"": ""FEWEWFE"", ""pseudonym"": ""Lighthearted-Grub"", ""bio"": """", ""profileImage"": """", ""profileImageOptimized"": """", ""transactionHash"": ""0xe04b89e44d94c85d1bb564b1200e953aa7ca3cf01527191935f685254b6ec0d7""}"
1770992477,2026-02-13T22:22:33.042373,0x12a290286d4c3445e60dd39b50900a2a5ea2dd6a56d6f9451da31516710c40b4:1770992477,572473,5031084282167950494806674428243037744881029417420880897305642929037077494331,BUY,0.9399999962399888,5.319133,4.999985,0x12a290286d4c3445e60dd39b50900a2a5ea2dd6a56d6f9451da31516710c40b4,"{""proxyWallet"": ""0xdc92b303dab1637e987bd7a5959bfab2a3b1741b"", ""side"": ""BUY"", ""asset"": ""83150136706607856437592839018509517486662837687160757125224186815974350988674"", ""conditionId"": ""0xd8a9e4b88229579dcf1c9fda7a5fef2dfe45af732686fb5cbe5976f1c3a19ff6"", ""size"": 5.319133, ""price"": 0.9399999962399888, ""timestamp"": 1770992477, ""title"": ""Ethereum Up or Down - February 13, 9:15AM-9:30AM ET"", ""slug"": ""eth-updown-15m-1770992100"", ""icon"": ""https://polymarket-upload.s3.us-east-2.amazonaws.com/ETH+fullsize.jpg"", ""eventSlug"": ""eth-updown-15m-1770992100"", ""outcome"": ""Up"", ""outcomeIndex"": 0, ""name"": ""Rhydian555"", ""pseudonym"": ""Silent-Codepage"", ""bio"": """", ""profileImage"": ""https://polymarket-upload.s3.us-east-2.amazonaws.com/profile-image-5930900-b39759d1-07b4-47d7-abcf-704c600f84f3.jpg"", ""profileImageOptimized"": """", ""transactionHash"": ""0x12a290286d4c3445e60dd39b50900a2a5ea2dd6a56d6f9451da31516710c40b4""}"
1770992477,2026-02-13T22:22:33.042386,0x41d1152a270c0023c964c448cd9ebd30af69aba591edc2330223e827487a6e32:1770992477,572473,5031084282167950494806674428243037744881029417420880897305642929037077494331,BUY,0.85,10.0,8.5,0x41d1152a270c0023c964c448cd9ebd30af69aba591edc2330223e827487a6e32,"{""proxyWallet"": ""0x05d17ab73f7403e99d3c448513d65a1942994bef"", ""side"": ""BUY"", ""asset"": ""26994972425347435898442897109407523146459743206917823865905991587285356057190"", ""conditionId"": ""0x4489d71363e1894219fc1379130c93c763f4343e5851dfbee687e753ab823569"", ""size"": 10, ""price"": 0.85, ""timestamp"": 1770992477, ""title"": ""Bitcoin Up or Down - February 13, 9:15AM-9:30AM ET"", ""slug"": ""btc-updown-15m-1770992100"", ""icon"": ""https://polymarket-upload.s3.us-east-2.amazonaws.com/BTC+fullsize.png"", ""eventSlug"": ""btc-updown-15m-1770992100"", ""outcome"": ""Up"", ""outcomeIndex"": 0, ""name"": ""goodbyekitty"", ""pseudonym"": ""Rectangular-Import"", ""bio"": """", ""profileImage"": """", ""profileImageOptimized"": """", ""transactionHash"": ""0x41d1152a270c0023c964c448cd9ebd30af69aba591edc2330223e827487a6e32""}"
1770992477,2026-02-13T22:22:33.042398,0x8b52eb5568e70acd86978932c328063581b44844b19bcc49232663048b48b3b0:1770992477,572473,5031084282167950494806674428243037744881029417420880897305642929037077494331,BUY,0.94,5.26,4.9444,0x8b52eb5568e70acd86978932c328063581b44844b19bcc49232663048b48b3b0,"{""proxyWallet"": ""0xe6cef1403b5a704d0ca8be6aeaed6916a11a8884"", ""side"": ""BUY"", ""asset"": ""83150136706607856437592839018509517486662837687160757125224186815974350988674"", ""conditionId"": ""0xd8a9e4b88229579dcf1c9fda7a5fef2dfe45af732686fb5cbe5976f1c3a19ff6"", ""size"": 5.26, ""price"": 0.94, ""timestamp"": 1770992477, ""title"": ""Ethereum Up or Down - February 13, 9:15AM-9:30AM ET"", ""slug"": ""eth-updown-15m-1770992100"", ""icon"": ""https://polymarket-upload.s3.us-east-2.amazonaws.com/ETH+fullsize.jpg"", ""eventSlug"": ""eth-updown-15m-1770992100"", ""outcome"": ""Up"", ""outcomeIndex"": 0, ""name"": ""nigegezhenshuai"", ""pseudonym"": ""Super-Macaroon"", ""bio"": """", ""profileImage"": """", ""profileImageOptimized"": """", ""transactionHash"": ""0x8b52eb5568e70acd86978932c328063581b44844b19bcc49232663048b48b3b0""}"
1770992477,2026-02-13T22:22:33.042410,0x55abf6ffe83951bab172d13c032af60d3cacb57d423fdfab706c821afe4e4ba4:1770992477,572473,5031084282167950494806674428243037744881029417420880897305642929037077494331,BUY,0.4899999145348655,5.265305,2.579999,0x55abf6ffe83951bab172d13c032af60d3cacb57d423fdfab706c821afe4e4ba4,"{""proxyWallet"": ""0xc1d799177ea4ca55ef64202f11954d24ee0273a1"", ""side"": ""BUY"", ""asset"": ""102012655051920632231883756277271987058318402710611322809661225961610319597737"", ""conditionId"": ""0xb2697b95ce2310083217affbe9280171afc2c36b6410b3c7fb30de940cc40d6c"", ""size"": 5.265305, ""price"": 0.4899999145348655, ""timestamp"": 1770992477, ""title"": ""Bitcoin Up or Down - February 13, 9:20AM-9:25AM ET"", ""slug"": ""btc-updown-5m-1770992400"", ""icon"": ""https://polymarket-upload.s3.us-east-2.amazonaws.com/BTC+fullsize.png"", ""eventSlug"": ""btc-updown-5m-1770992400"", ""outcome"": ""Down"", ""outcomeIndex"": 1, ""name"": ""asdasdasdsad3213"", ""pseudonym"": ""Melodic-Experience"", ""bio"": """", ""profileImage"": """", ""profileImageOptimized"": """", ""transactionHash"": ""0x55abf6ffe83951bab172d13c032af60d3cacb57d423fdfab706c821afe4e4ba4""}"
1770992477,2026-02-13T22:22:33.042422,0x10aa5e9604752517a8459521b063cd0bba50bae58d813dae500fd03a4fbd9782:1770992477,572473,5031084282167950494806674428243037744881029417420880897305642929037077494331,BUY,0.01,272.0,2.72,0x10aa5e9604752517a8459521b063cd0bba50bae58d813dae500fd03a4fbd9782,"{""proxyWallet"": ""0xfe37315964b9a43b48b4ece3882a08f226619d5c"", ""side"": ""BUY"", ""asset"": ""72387968654551110099588107508582841311469315396559355038205055214090021188414"", ""conditionId"": ""0x2218a943ba016f87b896bb777b2525eebdaab886523bc072cd9618f8d6d9b91e"", ""size"": 272, ""price"": 0.01, ""timestamp"": 1770992477, ""title"": ""Bitcoin Up or Down - February 13, 9:15AM-9:20AM ET"", ""slug"": ""btc-updown-5m-1770992100"", ""icon"": ""https://polymarket-upload.s3.us-east-2.amazonaws.com/BTC+fullsize.png"", ""eventSlug"": ""btc-updown-5m-1770992100"", ""outcome"": ""Down"", ""outcomeIndex"": 1, ""name"": ""kitsune222"", ""pseudonym"": ""Gruesome-Obstacle"", ""bio"": """", ""profileImage"": """", ""profileImageOptimized"": """", ""transactionHash"": ""0x10aa5e9604752517a8459521b063cd0bba50bae58d813dae500fd03a4fbd9782""}"
1770992477,2026-02-13T22:22:33.042434,0x6fbf34a0615b66f8eeb8217e8fc00c6d50940088d7700c96c93279df5cb1958b:1770992477,572473,5031084282167950494806674428243037744881029417420880897305642929037077494331,BUY,0.9199999744443564,1.565212,1.4399950000000001,0x6fbf34a0615b66f8eeb8217e8fc00c6d50940088d7700c96c93279df5cb1958b,"{""proxyWallet"": ""0x58f6dbb59bf04619aa0a5edb0d429c74b48913bf"", ""side"": ""BUY"", ""asset"": ""2844181740250277267185676628544795343619398422178996052107086417055587681337"", ""conditionId"": ""0x62e16747c11d83e4979ac118cddda13c972f7e83b98400734ad9126a71fa09b1"", ""size"": 1.565212, ""price"": 0.9199999744443564, ""timestamp"": 1770992477, ""title"": ""XRP Up or Down - February 13, 9:15AM-9:30AM ET"", ""slug"": ""xrp-updown-15m-1770992100"", ""icon"": ""https://polymarket-upload.s3.us-east-2.amazonaws.com/XRP-logo.png"", ""eventSlug"": ""xrp-updown-15m-1770992100"", ""outcome"": ""Up"", ""outcomeIndex"": 0, ""name"": """", ""pseudonym"": """", ""bio"": """", ""profileImage"": """", ""profileImageOptimized"": """", ""transactionHash"": ""0x6fbf34a0615b66f8eeb8217e8fc00c6d50940088d7700c96c93279df5cb1958b""}"
1770992477,2026-02-13T22:22:33.042446,0xdd4360512af8c91bddd65feeea345253dfe9fd32413219c3f86d81cc1d086ed3:1770992477,572473,5031084282167950494806674428243037744881029417420880897305642929037077494331,BUY,0.9399999843982564,2.563816,2.409987,0xdd4360512af8c91bddd65feeea345253dfe9fd32413219c3f86d81cc1d086ed3,"{""proxyWallet"": ""0x4716ff10e355ecbfacb6854d82a547d4c955d1e1"", ""side"": ""BUY"", ""asset"": ""83150136706607856437592839018509517486662837687160757125224186815974350988674"", ""conditionId"": ""0xd8a9e4b88229579dcf1c9fda7a5fef2dfe45af732686fb5cbe5976f1c3a19ff6"", ""size"": 2.563816, ""price"": 0.9399999843982564, ""timestamp"": 1770992477, ""title"": ""Ethereum Up or Down - February 13, 9:15AM-9:30AM ET"", ""slug"": ""eth-updown-15m-1770992100"", ""icon"": ""https://polymarket-upload.s3.us-east-2.amazonaws.com/ETH+fullsize.jpg"", ""eventSlug"": ""eth-updown-15m-1770992100"", ""outcome"": ""Up"", ""outcomeIndex"": 0, ""name"": """", ""pseudonym"": """", ""bio"": """", ""profileImage"": """", ""profileImageOptimized"": """", ""transactionHash"": ""0xdd4360512af8c91bddd65feeea345253dfe9fd32413219c3f86d81cc1d086ed3""}"
1770992477,2026-02-13T22:22:33.042458,0x450860916c8723b75ce3228bb1e75fdecf25417bf78bb145fad93da1891e4608:1770992477,572473,5031084282167950494806674428243037744881029417420880897305642929037077494331,BUY,0.9399999843982564,2.563816,2.409987,0x450860916c8723b75ce3228bb1e75fdecf25417bf78bb145fad93da1891e4608,"{""proxyWallet"": ""0x7bdca6beb310e48dd39b116c52ed10fc67756c16"", ""side"": ""BUY"", ""asset"": ""83150136706607856437592839018509517486662837687160757125224186815974350988674"", ""conditionId"": ""0xd8a9e4b88229579dcf1c9fda7a5fef2dfe45af732686fb5cbe5976f1c3a19ff6"", ""size"": 2.563816, ""price"": 0.9399999843982564, ""timestamp"": 1770992477, ""title"": ""Ethereum Up or Down - February 13, 9:15AM-9:30AM ET"", ""slug"": ""eth-updown-15m-1770992100"", ""icon"": ""https://polymarket-upload.s3.us-east-2.amazonaws.com/ETH+fullsize.jpg"", ""eventSlug"": ""eth-updown-15m-1770992100"", ""outcome"": ""Up"", ""outcomeIndex"": 0, ""name"": """", ""pseudonym"": """", ""bio"": """", ""profileImage"": """", ""profileImageOptimized"": """", ""transactionHash"": ""0x450860916c8723b75ce3228bb1e75fdecf25417bf78bb145fad93da1891e4608""}"
1770992477,2026-02-13T22:22:33.042470,0x9e818a2fa9ba5337613de23d58394c90f412d27b3fe1902fe1aebfade5273d27:1770992477,572473,5031084282167950494806674428243037744881029417420880897305642929037077494331,BUY,0.85,5.0,4.25,0x9e818a2fa9ba5337613de23d58394c90f412d27b3fe1902fe1aebfade5273d27,"{""proxyWallet"": ""0x43598246f1d0146037dccdac9ac3bda9dcf1eea2"", ""side"": ""BUY"", ""asset"": ""26994972425347435898442897109407523146459743206917823865905991587285356057190"", ""conditionId"": ""0x4489d71363e1894219fc1379130c93c763f4343e5851dfbee687e753ab823569"", ""size"": 5, ""price"": 0.85, ""timestamp"": 1770992477, ""title"": ""Bitcoin Up or Down - February 13, 9:15AM-9:30AM ET"", ""slug"": ""btc-updown-15m-1770992100"", ""icon"": ""https://polymarket-upload.s3.us-east-2.amazonaws.com/BTC+fullsize.png"", ""eventSlug"": ""btc-updown-15m-1770992100"", ""outcome"": ""Up"", ""outcomeIndex"": 0, ""name"": ""Tacticalnuke"", ""pseudonym"": ""Green-Cymbal"", ""bio"": """", ""profileImage"": ""https://polymarket-upload.s3.us-east-2.amazonaws.com/profile-image-4774813-1c8d5423-8b89-472a-8050-423b8727f988.jpg"", ""profileImageOptimized"": """", ""transactionHash"": ""0x9e818a2fa9ba5337613de23d58394c90f412d27b3fe1902fe1aebfade5273d27""}"
1770992477,2026-02-13T22:22:33.042482,0x1be3d0423ab31e35831b9936bf4145bf48f96fc4d94edcab570f6833c46387c7:1770992477,572473,5031084282167950494806674428243037744881029417420880897305642929037077494331,BUY,0.51,57.19,29.1669,0x1be3d0423ab31e35831b9936bf4145bf48f96fc4d94edcab570f6833c46387c7,"{""proxyWallet"": ""0x1979ae6b7e6534de9c4539d0c205e582ca637c9d"", ""side"": ""BUY"", ""asset"": ""93496684515931670886846477414544893096894498769921495646606644940460801887649"", ""conditionId"": ""0xb2697b95ce2310083217affbe9280171afc2c36b6410b3c7fb30de940cc40d6c"", ""size"": 57.19, ""price"": 0.51, ""timestamp"": 1770992477, ""title"": ""Bitcoin Up or Down - February 13, 9:20AM-9:25AM ET"", ""slug"": ""btc-updown-5m-1770992400"", ""icon"": ""https://polymarket-upload.s3.us-east-2.amazonaws.com/BTC+fullsize.png"", ""eventSlug"": ""btc-updown-5m-1770992400"", ""outcome"": ""Up"", ""outcomeIndex"": 0, ""name"": ""0x1979ae6B7E6534dE9c4539D0c205E582cA637C9D-1769439463256"", ""pseudonym"": ""Square-Guy"", ""bio"": """", ""profileImage"": """", ""profileImageOptimized"": """", ""transactionHash"": ""0x1be3d0423ab31e35831b9936bf4145bf48f96fc4d94edcab570f6833c46387c7""}"
1770992477,2026-02-13T22:22:33.042494,0xb66e28e18ce4ef611ab7aba280f03a94358c04cb08fc00cd66f0ea90fc7269b7:1770992477,572473,5031084282167950494806674428243037744881029417420880897305642929037077494331,BUY,0.49,882.99,432.6651,0xb66e28e18ce4ef611ab7aba280f03a94358c04cb08fc00cd66f0ea90fc7269b7,"{""proxyWallet"": ""0x168bba72fc1d64fa3b7cf06f8cdb7043aeeb0a89"", ""side"": ""BUY"", ""asset"": ""36527984184091698379501253167691740752284116426994814007315766793776506809902"", ""conditionId"": ""0xc75a6b98f049070cebb59b1c271e4250e73fd1aaaee170721aeb63243ba10374"", ""size"": 882.99, ""price"": 0.49, ""timestamp"": 1770992477, ""title"": ""Ethereum Up or Down on February 14?"", ""slug"": ""ethereum-up-or-down-on-february-14"", ""icon"": ""https://polymarket-upload.s3.us-east-2.amazonaws.com/ETH+fullsize.jpg"", ""eventSlug"": ""ethereum-up-or-down-on-february-14"", ""outcome"": ""Up"", ""outcomeIndex"": 0, ""name"": """", ""pseudonym"": """", ""bio"": """", ""profileImage"": """", ""profileImageOptimized"": """", ""transactionHash"": ""0xb66e28e18ce4ef611ab7aba280f03a94358c04cb08fc00cd66f0ea90fc7269b7""}"
1770992477,2026-02-13T22:22:33.042505,0xb08bb4092dca89f4d40397fae8596d01bdfed64f794ae8ef054900971c542d50:1770992477,572473,5031084282167950494806674428243037744881029417420880897305642929037077494331,BUY,0.6,30.0,18.0,0xb08bb4092dca89f4d40397fae8596d01bdfed64f794ae8ef054900971c542d50,"{""proxyWallet"": ""0xa509ae942ac8d8bc3f8c5df30cb6ae2c9b13ae46"", ""side"": ""BUY"", ""asset"": ""35242310284415264297052484178054932564364570227588103063344599929474894545456"", ""conditionId"": ""0xff42ef6ea290b94e6c0bf498e862e819b424dc75097d2903034c4c7075211eb8"", ""size"": 30, ""price"": 0.6, ""timestamp"": 1770992477, ""title"": ""Argentina Open: Alejandro Tabilo vs Tomas Etcheverry"", ""slug"": ""atp-tabilo-etcheve-2026-02-13"", ""icon"": ""https://polymarket-upload.s3.us-east-2.amazonaws.com/atp-tour-b4390c4fb8.jpg"", ""eventSlug"": ""atp-tabilo-etcheve-2026-02-13"", ""outcome"": ""Etcheverry"", ""outcomeIndex"": 1, ""name"": ""UlamTriX"", ""pseudonym"": ""Inferior-Ownership"", ""bio"": """", ""profileImage"": """", ""profileImageOptimized"": """", ""transactionHash"": ""0xb08bb4092dca89f4d40397fae8596d01bdfed64f794ae8ef054900971c542d50""}"
1770992477,2026-02-13T22:22:33.042521,0xd324efdb89197200d2b370666073985334df993b481e1cc2116c7ae50ef68360:1770992477,572473,5031084282167950494806674428243037744881029417420880897305642929037077494331,BUY,0.999,5.005,4.999995,0xd324efdb89197200d2b370666073985334df993b481e1cc2116c7ae50ef68360,"{""proxyWallet"": ""0x506e3d8734419bb9d347d10f12f925314fba8627"", ""side"": ""BUY"", ""asset"": ""11220320234140772977189765543111736157711402501421381210496876833690532823392"", ""conditionId"": ""0xac1e3bff84dcc6dfc5825bf0e5063fe05d20276ac16883b76f30165d57a9a2cd"", ""size"": 5.005, ""price"": 0.999, ""timestamp"": 1770992477, ""title"": ""Will Google be #2 Free App in the US Apple App Store on February 13?"", ""slug"": ""will-google-be-2-free-app-in-the-us-apple-app-store-on-february-13"", ""icon"": ""https://polymarket-upload.s3.us-east-2.amazonaws.com/will-google-be-1-free-app-in-the-us-apple-app-store-on-january-16-QtDFzPasygWS.jpg"", ""eventSlug"": ""2-free-app-in-the-us-apple-app-store-on-february-13"", ""outcome"": ""No"", ""outcomeIndex"": 1, ""name"": ""SOmeNi"", ""pseudonym"": ""Same-Pearl"", ""bio"": """", ""profileImage"": """", ""profileImageOptimized"": """", ""transactionHash"": ""0xd324efdb89197200d2b370666073985334df993b481e1cc2116c7ae50ef68360""}"
1770992477,2026-02-13T22:22:33.042533,0xcb26ea5167fcda9dc1daf1fc11907a63ca4d8797fd16872123f2557c76f591f3:1770992477,572473,5031084282167950494806674428243037744881029417420880897305642929037077494331,BUY,0.45,7.55,3.3975,0xcb26ea5167fcda9dc1daf1fc11907a63ca4d8797fd16872123f2557c76f591f3,"{""proxyWallet"": ""0x113d4c0b5a6702ab045ea2cba7c3f71d51fc3ce8"", ""side"": ""BUY"", ""asset"": ""36474504519665948978741801260654876668976739173594406904812576883021855994311"", ""conditionId"": ""0x63b78326a8de19a65606874e669c02704fea27203945d1ac767fe57efa7d209e"", ""size"": 7.55, ""price"": 0.45, ""timestamp"": 1770992477, ""title"": ""Bitcoin Up or Down - February 13, 9AM ET"", ""slug"": ""bitcoin-up-or-down-february-13-9am-et"", ""icon"": ""https://polymarket-upload.s3.us-east-2.amazonaws.com/BTC+fullsize.png"", ""eventSlug"": ""bitcoin-up-or-down-february-13-9am-et"", ""outcome"": ""Down"", ""outcomeIndex"": 1, ""name"": ""charles-de-g"", ""pseudonym"": ""Black-Popcorn"", ""bio"": ""bienvenue dans la resistance"", ""profileImage"": ""https://polymarket-upload.s3.us-east-2.amazonaws.com/profile-image-4760483-2266181c-efa3-46e7-8f17-4046b9b7547b.jpeg"", ""profileImageOptimized"": """", ""transactionHash"": ""0xcb26ea5167fcda9dc1daf1fc11907a63ca4d8797fd16872123f2557c76f591f3""}"
1770992475,2026-02-13T22:22:33.042545,0x98d8a37fc6ebb922f8e7528f11bd715397b2aba870d92c8b76dfc350563bf143:1770992475,572473,5031084282167950494806674428243037744881029417420880897305642929037077494331,BUY,0.48999998137999884,20.408162,9.999999,0x98d8a37fc6ebb922f8e7528f11bd715397b2aba870d92c8b76dfc350563bf143,"{""proxyWallet"": ""0x189d8cd525c34d0bbb47c0cba432643421956d37"", ""side"": ""BUY"", ""asset"": ""102012655051920632231883756277271987058318402710611322809661225961610319597737"", ""conditionId"": ""0xb2697b95ce2310083217affbe9280171afc2c36b6410b3c7fb30de940cc40d6c"", ""size"": 20.408162, ""price"": 0.48999998137999884, ""timestamp"": 1770992475, ""title"": ""Bitcoin Up or Down - February 13, 9:20AM-9:25AM ET"", ""slug"": ""btc-updown-5m-1770992400"", ""icon"": ""https://polymarket-upload.s3.us-east-2.amazonaws.com/BTC+fullsize.png"", ""eventSlug"": ""btc-updown-5m-1770992400"", ""outcome"": ""Down"", ""outcomeIndex"": 1, ""name"": ""winernkb"", ""pseudonym"": ""Frail-Sphere"", ""bio"": """", ""profileImage"": """", ""profileImageOptimized"": """", ""transactionHash"": ""0x98d8a37fc6ebb922f8e7528f11bd715397b2aba870d92c8b76dfc350563bf143""}"
1770992475,2026-02-13T22:22:33.042561,0x8a279e8cd45e84d977af4a102e653ff50bbfd5bd60bb27413482fdc921a9e361:1770992475,572473,5031084282167950494806674428243037744881029417420880897305642929037077494331,BUY,0.989,11.68,11.55152,0x8a279e8cd45e84d977af4a102e653ff50bbfd5bd60bb27413482fdc921a9e361,"{""proxyWallet"": ""0xdc3ffc7857b75c8cb2b01413c7696e7d4728f038"", ""side"": ""BUY"", ""asset"": ""47840648244103183198069909612197207445529943187585013573353775290193009073155"", ""conditionId"": ""0xa427a04d0a90c72c02b8d3b1fdf7b946870f50ea83d6e793f80849d64e429323"", ""size"": 11.68, ""price"": 0.989, ""timestamp"": 1770992475, ""title"": ""Spread: US Boulogne Côte d'Opale (-2.5)"", ""slug"": ""fr2-pau-usb-2026-02-13-spread-away-2pt5"", ""icon"": """", ""eventSlug"": ""fr2-pau-usb-2026-02-13-more-markets"", ""outcome"": ""Pau FC"", ""outcomeIndex"": 1, ""name"": ""0xdc3ffC7857B75C8CB2B01413C7696e7D4728f038-1766877916183"", ""pseudonym"": ""Impossible-Thorn"", ""bio"": """", ""profileImage"": """", ""profileImageOptimized"": """", ""transactionHash"": ""0x8a279e8cd45e84d977af4a102e653ff50bbfd5bd60bb27413482fdc921a9e361""}"
1770992475,2026-02-13T22:22:33.042575,0x8700d27286c984771eec2ff068d30d575158f9e49cd61ef0362f10212af4161d:1770992475,572473,5031084282167950494806674428243037744881029417420880897305642929037077494331,BUY,0.15,10.0,1.5,0x8700d27286c984771eec2ff068d30d575158f9e49cd61ef0362f10212af4161d,"{""proxyWallet"": ""0x2c743b52e9d518af9a1340a1660ccdd987606173"", ""side"": ""BUY"", ""asset"": ""79977699093326922498273634549052678411362219648189898097966968380456514170585"", ""conditionId"": ""0x4489d71363e1894219fc1379130c93c763f4343e5851dfbee687e753ab823569"", ""size"": 10, ""price"": 0.15, ""timestamp"": 1770992475, ""title"": ""Bitcoin Up or Down - February 13, 9:15AM-9:30AM ET"", ""slug"": ""btc-updown-15m-1770992100"", ""icon"": ""https://polymarket-upload.s3.us-east-2.amazonaws.com/BTC+fullsize.png"", ""eventSlug"": ""btc-updown-15m-1770992100"", ""outcome"": ""Down"", ""outcomeIndex"": 1, ""name"": ""hel0"", ""pseudonym"": ""Weighty-Resale"", ""bio"": """", ""profileImage"": """", ""profileImageOptimized"": """", ""transactionHash"": ""0x8700d27286c984771eec2ff068d30d575158f9e49cd61ef0362f10212af4161d""}"
1770992475,2026-02-13T22:22:33.042586,0x95898021936be89f9078953d3d1deb387815a1bd59074c03ba7740f593889bc0:1770992475,572473,5031084282167950494806674428243037744881029417420880897305642929037077494331,BUY,0.9399999921173972,5.074466,4.769998,0x95898021936be89f9078953d3d1deb387815a1bd59074c03ba7740f593889bc0,"{""proxyWallet"": ""0x99593b564906a1d1aaf6d593002133c307f9a80a"", ""side"": ""BUY"", ""asset"": ""83150136706607856437592839018509517486662837687160757125224186815974350988674"", ""conditionId"": ""0xd8a9e4b88229579dcf1c9fda7a5fef2dfe45af732686fb5cbe5976f1c3a19ff6"", ""size"": 5.074466, ""price"": 0.9399999921173972, ""timestamp"": 1770992475, ""title"": ""Ethereum Up or Down - February 13, 9:15AM-9:30AM ET"", ""slug"": ""eth-updown-15m-1770992100"", ""icon"": ""https://polymarket-upload.s3.us-east-2.amazonaws.com/ETH+fullsize.jpg"", ""eventSlug"": ""eth-updown-15m-1770992100"", ""outcome"": ""Up"", ""outcomeIndex"": 0, ""name"": """", ""pseudonym"": """", ""bio"": """", ""profileImage"": """", ""profileImageOptimized"": """", ""transactionHash"": ""0x95898021936be89f9078953d3d1deb387815a1bd59074c03ba7740f593889bc0""}"
1770992475,2026-02-13T22:22:33.042598,0x0ca22643f29ea62f2bd869ce57b381af1d42a288b46208cb40ed723ad6dd7e2e:1770992475,572473,5031084282167950494806674428243037744881029417420880897305642929037077494331,BUY,0.49,36.0,17.64,0x0ca22643f29ea62f2bd869ce57b381af1d42a288b46208cb40ed723ad6dd7e2e,"{""proxyWallet"": ""0x1d0034134e339a309700ff2d34e99fa2d48b0313"", ""side"": ""BUY"", ""asset"": ""102012655051920632231883756277271987058318402710611322809661225961610319597737"", ""conditionId"": ""0xb2697b95ce2310083217affbe9280171afc2c36b6410b3c7fb30de940cc40d6c"", ""size"": 36, ""price"": 0.49, ""timestamp"": 1770992475, ""title"": ""Bitcoin Up or Down - February 13, 9:20AM-9:25AM ET"", ""slug"": ""btc-updown-5m-1770992400"", ""icon"": ""https://polymarket-upload.s3.us-east-2.amazonaws.com/BTC+fullsize.png"", ""eventSlug"": ""btc-updown-5m-1770992400"", ""outcome"": ""Down"", ""outcomeIndex"": 1, ""name"": ""0x1d0034134e339a309700ff2d34e99fa2d48b031"", ""pseudonym"": ""Canine-Commandment"", ""bio"": """", ""profileImage"": """", ""profileImageOptimized"": """", ""transactionHash"": ""0x0ca22643f29ea62f2bd869ce57b381af1d42a288b46208cb40ed723ad6dd7e2e""}"
1770992475,2026-02-13T22:22:33.042611,0x027c12eac8c2667e01716842de9eda4e5c62e64ca4000948e723c35b84686769:1770992475,572473,5031084282167950494806674428243037744881029417420880897305642929037077494331,SELL,0.92,0.11,0.1012,0x027c12eac8c2667e01716842de9eda4e5c62e64ca4000948e723c35b84686769,"{""proxyWallet"": ""0x42b9234ef39ff55c8a42e13ccffc7d88ab77c72c"", ""side"": ""SELL"", ""asset"": ""2844181740250277267185676628544795343619398422178996052107086417055587681337"", ""conditionId"": ""0x62e16747c11d83e4979ac118cddda13c972f7e83b98400734ad9126a71fa09b1"", ""size"": 0.11, ""price"": 0.92, ""timestamp"": 1770992475, ""title"": ""XRP Up or Down - February 13, 9:15AM-9:30AM ET"", ""slug"": ""xrp-updown-15m-1770992100"", ""icon"": ""https://polymarket-upload.s3.us-east-2.amazonaws.com/XRP-logo.png"", ""eventSlug"": ""xrp-updown-15m-1770992100"", ""outcome"": ""Up"", ""outcomeIndex"": 0, ""name"": """", ""pseudonym"": """", ""bio"": """", ""profileImage"": """", ""profileImageOptimized"": """", ""transactionHash"": ""0x027c12eac8c2667e01716842de9eda4e5c62e64ca4000948e723c35b84686769""}"
1770992475,2026-02-13T22:22:33.042623,0x9b8c2160300bde0b89a794876ad7c39fae1324cc2df7c376ecd84f67385091ab:1770992475,572473,5031084282167950494806674428243037744881029417420880897305642929037077494331,BUY,0.95,2.0,1.9,0x9b8c2160300bde0b89a794876ad7c39fae1324cc2df7c376ecd84f67385091ab,"{""proxyWallet"": ""0xea0157409dab4a6ceb12e8627aa40f0ed51b3d1e"", ""side"": ""BUY"", ""asset"": ""100245772516588573911551477182776376875898405428059299813479874518461736224912"", ""conditionId"": ""0x71c386d79e0f6163568c8045a4fa0f0ad6e7544441fcde73331ac50fc8bded0c"", ""size"": 2, ""price"": 0.95, ""timestamp"": 1770992475, ""title"": ""Solana Up or Down - February 13, 9:15AM-9:30AM ET"", ""slug"": ""sol-updown-15m-1770992100"", ""icon"": ""https://polymarket-upload.s3.us-east-2.amazonaws.com/SOL+fullsize.png"", ""eventSlug"": ""sol-updown-15m-1770992100"", ""outcome"": ""Up"", ""outcomeIndex"": 0, ""name"": ""zzxzzxzxxzxc"", ""pseudonym"": ""Internal-Liberty"", ""bio"": """", ""profileImage"": """", ""profileImageOptimized"": """", ""transactionHash"": ""0x9b8c2160300bde0b89a794876ad7c39fae1324cc2df7c376ecd84f67385091ab""}"
1770992475,2026-02-13T22:22:33.042634,0x0ee34a04166e6e401b6b35f1a1103d8d1304db7b853a5d1871e8e588912a17c3:1770992475,572473,5031084282167950494806674428243037744881029417420880897305642929037077494331,BUY,0.48999982849988855,2.040815,0.999999,0x0ee34a04166e6e401b6b35f1a1103d8d1304db7b853a5d1871e8e588912a17c3,"{""proxyWallet"": ""0x3ef5c1e46031282c53ce3ffc7d12eed6e8daa3e2"", ""side"": ""BUY"", ""asset"": ""102012655051920632231883756277271987058318402710611322809661225961610319597737"", ""conditionId"": ""0xb2697b95ce2310083217affbe9280171afc2c36b6410b3c7fb30de940cc40d6c"", ""size"": 2.040815, ""price"": 0.48999982849988855, ""timestamp"": 1770992475, ""title"": ""Bitcoin Up or Down - February 13, 9:20AM-9:25AM ET"", ""slug"": ""btc-updown-5m-1770992400"", ""icon"": ""https://polymarket-upload.s3.us-east-2.amazonaws.com/BTC+fullsize.png"", ""eventSlug"": ""btc-updown-5m-1770992400"", ""outcome"": ""Down"", ""outcomeIndex"": 1, ""name"": ""0x3eF5c1e46031282C53ce3Ffc7D12EED6e8dAA3E2-1770913424911"", ""pseudonym"": ""Amused-Counsel"", ""bio"": """", ""profileImage"": """", ""profileImageOptimized"": """", ""transactionHash"": ""0x0ee34a04166e6e401b6b35f1a1103d8d1304db7b853a5d1871e8e588912a17c3""}"
1770992475,2026-02-13T22:22:33.042647,0x3ba77e40dbab2760d224381375da0bff213bb87bba7a27f6c78c60aa729e2c95:1770992475,572473,5031084282167950494806674428243037744881029417420880897305642929037077494331,BUY,0.8601433303871704,174.389538,149.999998,0x3ba77e40dbab2760d224381375da0bff213bb87bba7a27f6c78c60aa729e2c95,"{""proxyWallet"": ""0x0f5c84c12b792ae4aecae5d5a7e14074ec99f417"", ""side"": ""BUY"", ""asset"": ""26994972425347435898442897109407523146459743206917823865905991587285356057190"", ""conditionId"": ""0x4489d71363e1894219fc1379130c93c763f4343e5851dfbee687e753ab823569"", ""size"": 174.389538, ""price"": 0.8601433303871704, ""timestamp"": 1770992475, ""title"": ""Bitcoin Up or Down - February 13, 9:15AM-9:30AM ET"", ""slug"": ""btc-updown-15m-1770992100"", ""icon"": ""https://polymarket-upload.s3.us-east-2.amazonaws.com/BTC+fullsize.png"", ""eventSlug"": ""btc-updown-15m-1770992100"", ""outcome"": ""Up"", ""outcomeIndex"": 0, ""name"": ""franki0609"", ""pseudonym"": ""False-Brake"", ""bio"": """", ""profileImage"": """", ""profileImageOptimized"": """", ""transactionHash"": ""0x3ba77e40dbab2760d224381375da0bff213bb87bba7a27f6c78c60aa729e2c95""}"
1770992475,2026-02-13T22:22:33.042660,0x2088d7bc816bcc762c551770353016cd0ea280293d69246e3d85d0d05d2b5324:1770992475,572473,5031084282167950494806674428243037744881029417420880897305642929037077494331,BUY,0.53,15.24,8.077200000000001,0x2088d7bc816bcc762c551770353016cd0ea280293d69246e3d85d0d05d2b5324,"{""proxyWallet"": ""0x1ace9e912ce5bb7ef06cb4bd43ee79c5534aa640"", ""side"": ""BUY"", ""asset"": ""93496684515931670886846477414544893096894498769921495646606644940460801887649"", ""conditionId"": ""0xb2697b95ce2310083217affbe9280171afc2c36b6410b3c7fb30de940cc40d6c"", ""size"": 15.24, ""price"": 0.53, ""timestamp"": 1770992475, ""title"": ""Bitcoin Up or Down - February 13, 9:20AM-9:25AM ET"", ""slug"": ""btc-updown-5m-1770992400"", ""icon"": ""https://polymarket-upload.s3.us-east-2.amazonaws.com/BTC+fullsize.png"", ""eventSlug"": ""btc-updown-5m-1770992400"", ""outcome"": ""Up"", ""outcomeIndex"": 0, ""name"": """", ""pseudonym"": """", ""bio"": """", ""profileImage"": """", ""profileImageOptimized"": """", ""transactionHash"": ""0x2088d7bc816bcc762c551770353016cd0ea280293d69246e3d85d0d05d2b5324""}"
1770992475,2026-02-13T22:22:33.042671,0x9e84a7f1f26cb2ca7e1dfa64abf2b8450bc0308e497208cabd2939db16bf3807:1770992475,572473,5031084282167950494806674428243037744881029417420880897305642929037077494331,SELL,0.998,92.09,91.90582,0x9e84a7f1f26cb2ca7e1dfa64abf2b8450bc0308e497208cabd2939db16bf3807,"{""proxyWallet"": ""0x1e9ab9db59bc0e19a46e2fee8f96ea3eadff80c8"", ""side"": ""SELL"", ""asset"": ""105246153288542217801351728788238650045230635065830379799277115628902822323734"", ""conditionId"": ""0xfdc5e6ae42b83659ba19f06ec0051c001ad5f9679f4b0b4e4dbaac5c6e82f4e9"", ""size"": 92.09, ""price"": 0.998, ""timestamp"": 1770992475, ""title"": ""Will Osasuna win the 2025–26 La Liga?"", ""slug"": ""will-osasuna-win-the-202526-la-liga"", ""icon"": ""https://polymarket-upload.s3.us-east-2.amazonaws.com/will-osasuna-win-the-202526-la-liga-XskXODKTK0b4.png"", ""eventSlug"": ""la-liga-winner-114"", ""outcome"": ""No"", ""outcomeIndex"": 1, ""name"": ""Sucnguyen6"", ""pseudonym"": ""Worldly-Kind"", ""bio"": """", ""profileImage"": """", ""profileImageOptimized"": """", ""transactionHash"": ""0x9e84a7f1f26cb2ca7e1dfa64abf2b8450bc0308e497208cabd2939db16bf3807""}"
1770992475,2026-02-13T22:22:33.042684,0x802d6e7ef468b6b1dce377d985e2b59c83e9a7a38936b6d008d4b98dc958dce3:1770992475,572473,5031084282167950494806674428243037744881029417420880897305642929037077494331,BUY,0.08,25.0,2.0,0x802d6e7ef468b6b1dce377d985e2b59c83e9a7a38936b6d008d4b98dc958dce3,"{""proxyWallet"": ""0xdb385e01d86b4f38c365b9bc9fa1e2a972adf807"", ""side"": ""BUY"", ""asset"": ""89948138996035258524273689931169064625709379635690318467664731846705509845557"", ""conditionId"": ""0x62e16747c11d83e4979ac118cddda13c972f7e83b98400734ad9126a71fa09b1"", ""size"": 25, ""price"": 0.08, ""timestamp"": 1770992475, ""title"": ""XRP Up or Down - February 13, 9:15AM-9:30AM ET"", ""slug"": ""xrp-updown-15m-1770992100"", ""icon"": ""https://polymarket-upload.s3.us-east-2.amazonaws.com/XRP-logo.png"", ""eventSlug"": ""xrp-updown-15m-1770992100"", ""outcome"": ""Down"", ""outcomeIndex"": 1, ""name"": """", ""pseudonym"": """", ""bio"": """", ""profileImage"": """", ""profileImageOptimized"": """", ""transactionHash"": ""0x802d6e7ef468b6b1dce377d985e2b59c83e9a7a38936b6d008d4b98dc958dce3""}"
1770992475,2026-02-13T22:22:33.042696,0x06e8e2c0c550951e0ee13352e3dd8b62291906f1611a3c750a87b9f834fe1591:1770992475,572473,5031084282167950494806674428243037744881029417420880897305642929037077494331,BUY,0.9929993429643397,1.208458,1.1999980000000001,0x06e8e2c0c550951e0ee13352e3dd8b62291906f1611a3c750a87b9f834fe1591,"{""proxyWallet"": ""0xcad3e40b06c39fde1ed3ea9496b0ac54fcf6b681"", ""side"": ""BUY"", ""asset"": ""22513964249066004608986344446262524003353751947856385289851722726424343998668"", ""conditionId"": ""0xa23d2e3cb5796377eee00d9afa8e5273cbb902f9743e9f24447d2a33d5978cfe"", ""size"": 1.208458, ""price"": 0.9929993429643397, ""timestamp"": 1770992475, ""title"": ""Will Keir Starmer be the next leader out before 2027?"", ""slug"": ""will-keir-starmer-be-the-next-leader-out-before-2027-132"", ""icon"": ""https://polymarket-upload.s3.us-east-2.amazonaws.com/first-leader-out-of-power-in-2025-NlLxK9yd_nKn.jpg"", ""eventSlug"": ""next-leader-out-of-power-before-2027-684"", ""outcome"": ""No"", ""outcomeIndex"": 1, ""name"": ""batmantrader"", ""pseudonym"": ""Insubstantial-Toothbrush"", ""bio"": """", ""profileImage"": """", ""profileImageOptimized"": """", ""transactionHash"": ""0x06e8e2c0c550951e0ee13352e3dd8b62291906f1611a3c750a87b9f834fe1591""}"
1770992475,2026-02-13T22:22:33.042709,0x393447d178535a83334cc5edc4126ee74694cdef884840e47c228e2f54eb041c:1770992475,572473,5031084282167950494806674428243037744881029417420880897305642929037077494331,BUY,0.14,5.0,0.7000000000000001,0x393447d178535a83334cc5edc4126ee74694cdef884840e47c228e2f54eb041c,"{""proxyWallet"": ""0x20f6d3965be85bc690e7ae30ac3cf3d17da8ffed"", ""side"": ""BUY"", ""asset"": ""79977699093326922498273634549052678411362219648189898097966968380456514170585"", ""conditionId"": ""0x4489d71363e1894219fc1379130c93c763f4343e5851dfbee687e753ab823569"", ""size"": 5, ""price"": 0.14, ""timestamp"": 1770992475, ""title"": ""Bitcoin Up or Down - February 13, 9:15AM-9:30AM ET"", ""slug"": ""btc-updown-15m-1770992100"", ""icon"": ""https://polymarket-upload.s3.us-east-2.amazonaws.com/BTC+fullsize.png"", ""eventSlug"": ""btc-updown-15m-1770992100"", ""outcome"": ""Down"", ""outcomeIndex"": 1, ""name"": ""trader-a"", ""pseudonym"": ""Boring-City"", ""bio"": """", ""profileImage"": """", ""profileImageOptimized"": """", ""transactionHash"": ""0x393447d178535a83334cc5edc4126ee74694cdef884840e47c228e2f54eb041c""}"
1770992475,2026-02-13T22:22:33.042720,0x624ad30832c3c63b2c07c9c7db1b5f46efe8fb27320628159626ff84903a654e:1770992475,572473,5031084282167950494806674428243037744881029417420880897305642929037077494331,BUY,0.857,200.0,171.4,0x624ad30832c3c63b2c07c9c7db1b5f46efe8fb27320628159626ff84903a654e,"{""proxyWallet"": ""0x4cc945733087f5cd7cc68186a0bbe264293fd5be"", ""side"": ""BUY"", ""asset"": ""73459237018178325517511938237778014293974381812181153063276727733805928508002"", ""conditionId"": ""0xd87ac5bb74a21061d4f223d2a83c0269607fcb6d4c74d5a3d3220209d089431a"", ""size"": 200, ""price"": 0.857, ""timestamp"": 1770992475, ""title"": ""Will Sinners win Best Picture at the 98th Academy Awards?"", ""slug"": ""will-sinners-win-best-picture-at-the-98th-academy-awards"", ""icon"": ""https://polymarket-upload.s3.us-east-2.amazonaws.com/oscars-2026-best-picture-winner-GK5jjpLcUheC.jpg"", ""eventSlug"": ""oscars-2026-best-picture-winner"", ""outcome"": ""No"", ""outcomeIndex"": 1, ""name"": ""bhnjik"", ""pseudonym"": ""Outgoing-Neglect"", ""bio"": """", ""profileImage"": """", ""profileImageOptimized"": """", ""transactionHash"": ""0x624ad30832c3c63b2c07c9c7db1b5f46efe8fb27320628159626ff84903a654e""}"
1770992475,2026-02-13T22:22:33.042732,0x0d22adb2cf8efed1acb42039ef56a062b5bf6edab1184e62a1e1ea8c5d814c7f:1770992475,572473,5031084282167950494806674428243037744881029417420880897305642929037077494331,BUY,0.4899999973027518,11.122447,5.449998999999999,0x0d22adb2cf8efed1acb42039ef56a062b5bf6edab1184e62a1e1ea8c5d814c7f,"{""proxyWallet"": ""0x5278fcfa9840ef2e357195f44846608bd2f75306"", ""side"": ""BUY"", ""asset"": ""102012655051920632231883756277271987058318402710611322809661225961610319597737"", ""conditionId"": ""0xb2697b95ce2310083217affbe9280171afc2c36b6410b3c7fb30de940cc40d6c"", ""size"": 11.122447, ""price"": 0.4899999973027518, ""timestamp"": 1770992475, ""title"": ""Bitcoin Up or Down - February 13, 9:20AM-9:25AM ET"", ""slug"": ""btc-updown-5m-1770992400"", ""icon"": ""https://polymarket-upload.s3.us-east-2.amazonaws.com/BTC+fullsize.png"", ""eventSlug"": ""btc-updown-5m-1770992400"", ""outcome"": ""Down"", ""outcomeIndex"": 1, ""name"": ""0x5278Fcfa9840ef2E357195f44846608bd2F75306-1767893614082"", ""pseudonym"": ""Measly-Cemetery"", ""bio"": """", ""profileImage"": """", ""profileImageOptimized"": """", ""transactionHash"": ""0x0d22adb2cf8efed1acb42039ef56a062b5bf6edab1184e62a1e1ea8c5d814c7f""}"
1770992475,2026-02-13T22:22:33.042745,0xbb42df0b7f5d4a8efc381cd70e3099073eb3d20f78775df0d09e530c218bbbb7:1770992475,572473,5031084282167950494806674428243037744881029417420880897305642929037077494331,BUY,0.49,2.0,0.98,0xbb42df0b7f5d4a8efc381cd70e3099073eb3d20f78775df0d09e530c218bbbb7,"{""proxyWallet"": ""0x6ad6c3950c45c38dc095a38f9ced4de4870bedd5"", ""side"": ""BUY"", ""asset"": ""102012655051920632231883756277271987058318402710611322809661225961610319597737"", ""conditionId"": ""0xb2697b95ce2310083217affbe9280171afc2c36b6410b3c7fb30de940cc40d6c"", ""size"": 2, ""price"": 0.49, ""timestamp"": 1770992475, ""title"": ""Bitcoin Up or Down - February 13, 9:20AM-9:25AM ET"", ""slug"": ""btc-updown-5m-1770992400"", ""icon"": ""https://polymarket-upload.s3.us-east-2.amazonaws.com/BTC+fullsize.png"", ""eventSlug"": ""btc-updown-5m-1770992400"", ""outcome"": ""Down"", ""outcomeIndex"": 1, ""name"": ""ChandiWala"", ""pseudonym"": ""Mature-Interviewer"", ""bio"": """", ""profileImage"": """", ""profileImageOptimized"": """", ""transactionHash"": ""0xbb42df0b7f5d4a8efc381cd70e3099073eb3d20f78775df0d09e530c218bbbb7""}"
1770992475,2026-02-13T22:22:33.042756,0x93555c38652502085d609baa5f7111fb655c62b955e8c2dbe43b87986afc9ede:1770992475,572473,5031084282167950494806674428243037744881029417420880897305642929037077494331,BUY,0.519999995433589,17.519229,9.109999,0x93555c38652502085d609baa5f7111fb655c62b955e8c2dbe43b87986afc9ede,"{""proxyWallet"": ""0x1ace9e912ce5bb7ef06cb4bd43ee79c5534aa640"", ""side"": ""BUY"", ""asset"": ""93496684515931670886846477414544893096894498769921495646606644940460801887649"", ""conditionId"": ""0xb2697b95ce2310083217affbe9280171afc2c36b6410b3c7fb30de940cc40d6c"", ""size"": 17.519229, ""price"": 0.519999995433589, ""timestamp"": 1770992475, ""title"": ""Bitcoin Up or Down - February 13, 9:20AM-9:25AM ET"", ""slug"": ""btc-updown-5m-1770992400"", ""icon"": ""https://polymarket-upload.s3.us-east-2.amazonaws.com/BTC+fullsize.png"", ""eventSlug"": ""btc-updown-5m-1770992400"", ""outcome"": ""Up"", ""outcomeIndex"": 0, ""name"": """", ""pseudonym"": """", ""bio"": """", ""profileImage"": """", ""profileImageOptimized"": """", ""transactionHash"": ""0x93555c38652502085d609baa5f7111fb655c62b955e8c2dbe43b87986afc9ede""}"
1770992475,2026-02-13T22:22:33.042767,0x148123c7adfb98e454045428f143f8f543287b1b8e37e1d597264d07ccfed714:1770992475,572473,5031084282167950494806674428243037744881029417420880897305642929037077494331,BUY,0.9819999999038467,145.600777,142.979963,0x148123c7adfb98e454045428f143f8f543287b1b8e37e1d597264d07ccfed714,"{""proxyWallet"": ""0xa1a493973d7490a5c3a7bb398321ef3cb297a9ca"", ""side"": ""BUY"", ""asset"": ""71145888994888153292442623019750517622535407476309461406574461229898137896934"", ""conditionId"": ""0x32cfa52198e85e070d1b17d1b53c5c3a6aaae7736cdc33fa6aa04d353f0c2811"", ""size"": 145.600777, ""price"": 0.9819999999038467, ""timestamp"": 1770992475, ""title"": ""Will Belgium win the 2026 FIFA World Cup?"", ""slug"": ""will-belgium-win-the-2026-fifa-world-cup-358"", ""icon"": ""https://polymarket-upload.s3.us-east-2.amazonaws.com/will-belgium-win-the-2026-fifa-world-cup-358-I6h99tED1CtG.jpg"", ""eventSlug"": ""2026-fifa-world-cup-winner-595"", ""outcome"": ""No"", ""outcomeIndex"": 1, ""name"": ""MysticSamurai6256"", ""pseudonym"": ""Both-Sledge"", ""bio"": """", ""profileImage"": """", ""profileImageOptimized"": """", ""transactionHash"": ""0x148123c7adfb98e454045428f143f8f543287b1b8e37e1d597264d07ccfed714""}"
1770992475,2026-02-13T22:22:33.042780,0x26b6fc4ed3a25a9ec02e52efd82a8881a173df0386bc44676ecd1d1a6a1b3771:1770992475,572473,5031084282167950494806674428243037744881029417420880897305642929037077494331,BUY,0.48999982849988855,2.040815,0.999999,0x26b6fc4ed3a25a9ec02e52efd82a8881a173df0386bc44676ecd1d1a6a1b3771,"{""proxyWallet"": ""0x3fdbfb6898f4a96430dd37235aefb7bc1f839e58"", ""side"": ""BUY"", ""asset"": ""102012655051920632231883756277271987058318402710611322809661225961610319597737"", ""conditionId"": ""0xb2697b95ce2310083217affbe9280171afc2c36b6410b3c7fb30de940cc40d6c"", ""size"": 2.040815, ""price"": 0.48999982849988855, ""timestamp"": 1770992475, ""title"": ""Bitcoin Up or Down - February 13, 9:20AM-9:25AM ET"", ""slug"": ""btc-updown-5m-1770992400"", ""icon"": ""https://polymarket-upload.s3.us-east-2.amazonaws.com/BTC+fullsize.png"", ""eventSlug"": ""btc-updown-5m-1770992400"", ""outcome"": ""Down"", ""outcomeIndex"": 1, ""name"": ""DdSnTs"", ""pseudonym"": ""Dual-Bitten"", ""bio"": """", ""profileImage"": """", ""profileImageOptimized"": """", ""transactionHash"": ""0x26b6fc4ed3a25a9ec02e52efd82a8881a173df0386bc44676ecd1d1a6a1b3771""}"
1770992475,2026-02-13T22:22:33.042793,0x3e53141d1167b6d936d66fa33823d287e28e2a40c4ee75684ed4d1a297a72b59:1770992475,572473,5031084282167950494806674428243037744881029417420880897305642929037077494331,BUY,0.14999989090907107,7.333332,1.099999,0x3e53141d1167b6d936d66fa33823d287e28e2a40c4ee75684ed4d1a297a72b59,"{""proxyWallet"": ""0xc1d799177ea4ca55ef64202f11954d24ee0273a1"", ""side"": ""BUY"", ""asset"": ""79977699093326922498273634549052678411362219648189898097966968380456514170585"", ""conditionId"": ""0x4489d71363e1894219fc1379130c93c763f4343e5851dfbee687e753ab823569"", ""size"": 7.333332, ""price"": 0.14999989090907107, ""timestamp"": 1770992475, ""title"": ""Bitcoin Up or Down - February 13, 9:15AM-9:30AM ET"", ""slug"": ""btc-updown-15m-1770992100"", ""icon"": ""https://polymarket-upload.s3.us-east-2.amazonaws.com/BTC+fullsize.png"", ""eventSlug"": ""btc-updown-15m-1770992100"", ""outcome"": ""Down"", ""outcomeIndex"": 1, ""name"": ""asdasdasdsad3213"", ""pseudonym"": ""Melodic-Experience"", ""bio"": """", ""profileImage"": """", ""profileImageOptimized"": """", ""transactionHash"": ""0x3e53141d1167b6d936d66fa33823d287e28e2a40c4ee75684ed4d1a297a72b59""}"
1770992475,2026-02-13T22:22:33.042808,0xb7704b5be73b70aa1daa967b22675cd4e350d2c83e9bc49f55b42eff54eb50e5:1770992475,572473,5031084282167950494806674428243037744881029417420880897305642929037077494331,BUY,0.44999985681809723,2.444443,1.0999990000000002,0xb7704b5be73b70aa1daa967b22675cd4e350d2c83e9bc49f55b42eff54eb50e5,"{""proxyWallet"": ""0xc1d799177ea4ca55ef64202f11954d24ee0273a1"", ""side"": ""BUY"", ""asset"": ""36474504519665948978741801260654876668976739173594406904812576883021855994311"", ""conditionId"": ""0x63b78326a8de19a65606874e669c02704fea27203945d1ac767fe57efa7d209e"", ""size"": 2.444443, ""price"": 0.44999985681809723, ""timestamp"": 1770992475, ""title"": ""Bitcoin Up or Down - February 13, 9AM ET"", ""slug"": ""bitcoin-up-or-down-february-13-9am-et"", ""icon"": ""https://polymarket-upload.s3.us-east-2.amazonaws.com/BTC+fullsize.png"", ""eventSlug"": ""bitcoin-up-or-down-february-13-9am-et"", ""outcome"": ""Down"", ""outcomeIndex"": 1, ""name"": ""asdasdasdsad3213"", ""pseudonym"": ""Melodic-Experience"", ""bio"": """", ""profileImage"": """", ""profileImageOptimized"": """", ""transactionHash"": ""0xb7704b5be73b70aa1daa967b22675cd4e350d2c83e9bc49f55b42eff54eb50e5""}"
1770992475,2026-02-13T22:22:33.042821,0x8420df4017f670d14f4a6e871f76d9d2e6970e429b4ebc8b30bccb7d706544dd:1770992475,572473,5031084282167950494806674428243037744881029417420880897305642929037077494331,SELL,0.945,92.12,87.0534,0x8420df4017f670d14f4a6e871f76d9d2e6970e429b4ebc8b30bccb7d706544dd,"{""proxyWallet"": ""0x8d93b297638015d58a4a0a6b6930fec993c80d5c"", ""side"": ""SELL"", ""asset"": ""21431572216384228534336063536634350950418274877940611814171622998125116043513"", ""conditionId"": ""0x0d082a85f48a5226b1205acdb6e95ead2fe373acabcf6c471f5895f86f42a276"", ""size"": 92.12, ""price"": 0.945, ""timestamp"": 1770992475, ""title"": ""Will the Minnesota Wild win the 2026 NHL Stanley Cup?"", ""slug"": ""will-the-minnesota-wild-win-the-2026-nhl-stanley-cup"", ""icon"": ""https://polymarket-upload.s3.us-east-2.amazonaws.com/stanley-cup-champion-2026-05M0VRODAaEb.jpg"", ""eventSlug"": ""2026-nhl-stanley-cup-champion"", ""outcome"": ""No"", ""outcomeIndex"": 1, ""name"": ""sw5ubltt"", ""pseudonym"": ""Overdue-Embellishment"", ""bio"": """", ""profileImage"": """", ""profileImageOptimized"": """", ""transactionHash"": ""0x8420df4017f670d14f4a6e871f76d9d2e6970e429b4ebc8b30bccb7d706544dd""}"
1770992475,2026-02-13T22:22:33.042833,0x67646096f9c9a2a0bfe10e7cb95ce46d22e6452f8e6cdfd982c2428113233032:1770992475,572473,5031084282167950494806674428243037744881029417420880897305642929037077494331,BUY,0.94,30.0,28.2,0x67646096f9c9a2a0bfe10e7cb95ce46d22e6452f8e6cdfd982c2428113233032,"{""proxyWallet"": ""0x6a656e69050f737be4ca86aea58c3309dc1ef7ab"", ""side"": ""BUY"", ""asset"": ""2844181740250277267185676628544795343619398422178996052107086417055587681337"", ""conditionId"": ""0x62e16747c11d83e4979ac118cddda13c972f7e83b98400734ad9126a71fa09b1"", ""size"": 30, ""price"": 0.94, ""timestamp"": 1770992475, ""title"": ""XRP Up or Down - February 13, 9:15AM-9:30AM ET"", ""slug"": ""xrp-updown-15m-1770992100"", ""icon"": ""https://polymarket-upload.s3.us-east-2.amazonaws.com/XRP-logo.png"", ""eventSlug"": ""xrp-updown-15m-1770992100"", ""outcome"": ""Up"", ""outcomeIndex"": 0, ""name"": ""soulfly"", ""pseudonym"": ""Idealistic-Encouragement"", ""bio"": """", ""profileImage"": """", ""profileImageOptimized"": """", ""transactionHash"": ""0x67646096f9c9a2a0bfe10e7cb95ce46d22e6452f8e6cdfd982c2428113233032""}"
1770992475,2026-02-13T22:22:33.042845,0xe98afb4fadb60e84973515e6e788c563825d04db5d67fee0719446836d949bd5:1770992475,572473,5031084282167950494806674428243037744881029417420880897305642929037077494331,BUY,0.5599999895466662,26.785713,14.999999,0xe98afb4fadb60e84973515e6e788c563825d04db5d67fee0719446836d949bd5,"{""proxyWallet"": ""0xe6da24355146383ac2cfa932eb5792b9d95377ac"", ""side"": ""BUY"", ""asset"": ""65586478058958914524626404769896243323851936696068134728128946060533756586472"", ""conditionId"": ""0x9e31f50346cbd5447b47c72493eaee88b63f4ec8c344d083f58a81306fffc512"", ""size"": 26.785713, ""price"": 0.5599999895466662, ""timestamp"": 1770992475, ""title"": ""Michigan State Spartans vs. Wisconsin Badgers"", ""slug"": ""cbb-mst-wisc-2026-02-13"", ""icon"": ""https://polymarket-upload.s3.us-east-2.amazonaws.com/ncaa-c14995df96.png"", ""eventSlug"": ""cbb-mst-wisc-2026-02-13"", ""outcome"": ""Michigan State Spartans"", ""outcomeIndex"": 0, ""name"": """", ""pseudonym"": """", ""bio"": """", ""profileImage"": """", ""profileImageOptimized"": """", ""transactionHash"": ""0xe98afb4fadb60e84973515e6e788c563825d04db5d67fee0719446836d949bd5""}"
1770992475,2026-02-13T22:22:33.042857,0x04a9c3c15b77a136f0798feaeb277e9e3ebf716cc84200f10dd7283807238c79:1770992475,572473,5031084282167950494806674428243037744881029417420880897305642929037077494331,BUY,0.5227037087800847,59.345282,31.019999,0x04a9c3c15b77a136f0798feaeb277e9e3ebf716cc84200f10dd7283807238c79,"{""proxyWallet"": ""0x1ace9e912ce5bb7ef06cb4bd43ee79c5534aa640"", ""side"": ""BUY"", ""asset"": ""93496684515931670886846477414544893096894498769921495646606644940460801887649"", ""conditionId"": ""0xb2697b95ce2310083217affbe9280171afc2c36b6410b3c7fb30de940cc40d6c"", ""size"": 59.345282, ""price"": 0.5227037087800847, ""timestamp"": 1770992475, ""title"": ""Bitcoin Up or Down - February 13, 9:20AM-9:25AM ET"", ""slug"": ""btc-updown-5m-1770992400"", ""icon"": ""https://polymarket-upload.s3.us-east-2.amazonaws.com/BTC+fullsize.png"", ""eventSlug"": ""btc-updown-5m-1770992400"", ""outcome"": ""Up"", ""outcomeIndex"": 0, ""name"": """", ""pseudonym"": """", ""bio"": """", ""profileImage"": """", ""profileImageOptimized"": """", ""transactionHash"": ""0x04a9c3c15b77a136f0798feaeb277e9e3ebf716cc84200f10dd7283807238c79""}"
1770992475,2026-02-13T22:22:33.042869,0xc2fc398669016bb50a3709690d2ac086bbd0a4f7cd25ec4a389afe93bc4a344b:1770992475,572473,5031084282167950494806674428243037744881029417420880897305642929037077494331,BUY,0.14999989090907107,7.333332,1.099999,0xc2fc398669016bb50a3709690d2ac086bbd0a4f7cd25ec4a389afe93bc4a344b,"{""proxyWallet"": ""0xc1d799177ea4ca55ef64202f11954d24ee0273a1"", ""side"": ""BUY"", ""asset"": ""79977699093326922498273634549052678411362219648189898097966968380456514170585"", ""conditionId"": ""0x4489d71363e1894219fc1379130c93c763f4343e5851dfbee687e753ab823569"", ""size"": 7.333332, ""price"": 0.14999989090907107, ""timestamp"": 1770992475, ""title"": ""Bitcoin Up or Down - February 13, 9:15AM-9:30AM ET"", ""slug"": ""btc-updown-15m-1770992100"", ""icon"": ""https://polymarket-upload.s3.us-east-2.amazonaws.com/BTC+fullsize.png"", ""eventSlug"": ""btc-updown-15m-1770992100"", ""outcome"": ""Down"", ""outcomeIndex"": 1, ""name"": ""asdasdasdsad3213"", ""pseudonym"": ""Melodic-Experience"", ""bio"": """", ""profileImage"": """", ""profileImageOptimized"": """", ""transactionHash"": ""0xc2fc398669016bb50a3709690d2ac086bbd0a4f7cd25ec4a389afe93bc4a344b""}"
1770992475,2026-02-13T22:22:33.042881,0xde0827534e2b31f09bdbbd1fb2938eed41e9269d3d0a77825bda69920e5a447d:1770992475,572473,5031084282167950494806674428243037744881029417420880897305642929037077494331,BUY,0.41,4.76,1.9515999999999998,0xde0827534e2b31f09bdbbd1fb2938eed41e9269d3d0a77825bda69920e5a447d,"{""proxyWallet"": ""0x7d21c6026e55b3500116b28ffc9a4b2a3bef7561"", ""side"": ""BUY"", ""asset"": ""93506281505733298539896688236113050811875491984254110278558041254977164844745"", ""conditionId"": ""0xdaa54fed48ebbf4da985fc00d715ab93bca3a4a988c222bf8acbb709fc2174ed"", ""size"": 4.76, ""price"": 0.41, ""timestamp"": 1770992475, ""title"": ""XRP Up or Down - February 13, 9AM ET"", ""slug"": ""xrp-up-or-down-february-13-9am-et"", ""icon"": ""https://polymarket-upload.s3.us-east-2.amazonaws.com/XRP-logo.png"", ""eventSlug"": ""xrp-up-or-down-february-13-9am-et"", ""outcome"": ""Up"", ""outcomeIndex"": 0, ""name"": ""0xe4bab648a89041edd6b4c9302f91f39baa33e8c5"", ""pseudonym"": """", ""bio"": """", ""profileImage"": """", ""profileImageOptimized"": """", ""transactionHash"": ""0xde0827534e2b31f09bdbbd1fb2938eed41e9269d3d0a77825bda69920e5a447d""}"
1770992475,2026-02-13T22:22:33.042893,0xe3438bb2b17ad03e16baf5e2e3f68041b6f1cb171f60995f4e2648d3aa3546e9:1770992475,572473,5031084282167950494806674428243037744881029417420880897305642929037077494331,BUY,0.94,2.12765,1.9999909999999999,0xe3438bb2b17ad03e16baf5e2e3f68041b6f1cb171f60995f4e2648d3aa3546e9,"{""proxyWallet"": ""0xdb385e01d86b4f38c365b9bc9fa1e2a972adf807"", ""side"": ""BUY"", ""asset"": ""83150136706607856437592839018509517486662837687160757125224186815974350988674"", ""conditionId"": ""0xd8a9e4b88229579dcf1c9fda7a5fef2dfe45af732686fb5cbe5976f1c3a19ff6"", ""size"": 2.12765, ""price"": 0.94, ""timestamp"": 1770992475, ""title"": ""Ethereum Up or Down - February 13, 9:15AM-9:30AM ET"", ""slug"": ""eth-updown-15m-1770992100"", ""icon"": ""https://polymarket-upload.s3.us-east-2.amazonaws.com/ETH+fullsize.jpg"", ""eventSlug"": ""eth-updown-15m-1770992100"", ""outcome"": ""Up"", ""outcomeIndex"": 0, ""name"": """", ""pseudonym"": """", ""bio"": """", ""profileImage"": """", ""profileImageOptimized"": """", ""transactionHash"": ""0xe3438bb2b17ad03e16baf5e2e3f68041b6f1cb171f60995f4e2648d3aa3546e9""}"
1770992475,2026-02-13T22:22:33.042912,0x9c0b39529a8bf866f747977c2bd1a2cee965978e15444f83d9da6a2a8b6acb2d:1770992475,572473,5031084282167950494806674428243037744881029417420880897305642929037077494331,BUY,0.9939999999287707,28.078333,27.909863,0x9c0b39529a8bf866f747977c2bd1a2cee965978e15444f83d9da6a2a8b6acb2d,"{""proxyWallet"": ""0x0c10d3330451a622e689a39cbf26f9a527cf85bf"", ""side"": ""BUY"", ""asset"": ""12667937787672230525410002852176671561757538872401694431317541947690367316427"", ""conditionId"": ""0x52d4c5bcfd2312d2872558ccd7cfec91b079d5497b0efdc01fc722faa6914ca4"", ""size"": 28.078333, ""price"": 0.9939999999287707, ""timestamp"": 1770992475, ""title"": ""Will Alphabet be the largest company in the world by market cap on February 28?"", ""slug"": ""will-alphabet-be-the-largest-company-in-the-world-by-market-cap-on-february-28"", ""icon"": ""https://polymarket-upload.s3.us-east-2.amazonaws.com/will-alphabet-be-the-largest-company-in-the-world-by-market-cap-on-december-31-lEzVRf5o__Mf.png"", ""eventSlug"": ""largest-company-end-of-february"", ""outcome"": ""No"", ""outcomeIndex"": 1, ""name"": ""singler"", ""pseudonym"": ""Suburban-Lumber"", ""bio"": """", ""profileImage"": """", ""profileImageOptimized"": """", ""transactionHash"": ""0x9c0b39529a8bf866f747977c2bd1a2cee965978e15444f83d9da6a2a8b6acb2d""}"
1770992475,2026-02-13T22:22:33.042925,0x7924e8b138c8cb45777bd5160864e3c3ac7e0f4ddb28d99ca57068959525ed73:1770992475,572473,5031084282167950494806674428243037744881029417420880897305642929037077494331,SELL,0.85,7.93,6.7405,0x7924e8b138c8cb45777bd5160864e3c3ac7e0f4ddb28d99ca57068959525ed73,"{""proxyWallet"": ""0x184467effdb7caf231aa03618fe7cf69d2abcc17"", ""side"": ""SELL"", ""asset"": ""26994972425347435898442897109407523146459743206917823865905991587285356057190"", ""conditionId"": ""0x4489d71363e1894219fc1379130c93c763f4343e5851dfbee687e753ab823569"", ""size"": 7.93, ""price"": 0.85, ""timestamp"": 1770992475, ""title"": ""Bitcoin Up or Down - February 13, 9:15AM-9:30AM ET"", ""slug"": ""btc-updown-15m-1770992100"", ""icon"": ""https://polymarket-upload.s3.us-east-2.amazonaws.com/BTC+fullsize.png"", ""eventSlug"": ""btc-updown-15m-1770992100"", ""outcome"": ""Up"", ""outcomeIndex"": 0, ""name"": ""YaSSaX"", ""pseudonym"": ""Sad-Planter"", ""bio"": """", ""profileImage"": """", ""profileImageOptimized"": """", ""transactionHash"": ""0x7924e8b138c8cb45777bd5160864e3c3ac7e0f4ddb28d99ca57068959525ed73""}"
1770992475,2026-02-13T22:22:33.042936,0x49319a0bab343a8f528df549e9f75f80ffb00f50a3ee75a333d854dab4bf8e96:1770992475,572473,5031084282167950494806674428243037744881029417420880897305642929037077494331,SELL,0.49,13.2,6.468,0x49319a0bab343a8f528df549e9f75f80ffb00f50a3ee75a333d854dab4bf8e96,"{""proxyWallet"": ""0x37c94ea1b44e01b18a1ce3ab6f8002bd6b9d7e6d"", ""side"": ""SELL"", ""asset"": ""93496684515931670886846477414544893096894498769921495646606644940460801887649"", ""conditionId"": ""0xb2697b95ce2310083217affbe9280171afc2c36b6410b3c7fb30de940cc40d6c"", ""size"": 13.2, ""price"": 0.49, ""timestamp"": 1770992475, ""title"": ""Bitcoin Up or Down - February 13, 9:20AM-9:25AM ET"", ""slug"": ""btc-updown-5m-1770992400"", ""icon"": ""https://polymarket-upload.s3.us-east-2.amazonaws.com/BTC+fullsize.png"", ""eventSlug"": ""btc-updown-5m-1770992400"", ""outcome"": ""Up"", ""outcomeIndex"": 0, ""name"": ""abrak25"", ""pseudonym"": ""Poised-Twist"", ""bio"": """", ""profileImage"": """", ""profileImageOptimized"": """", ""transactionHash"": ""0x49319a0bab343a8f528df549e9f75f80ffb00f50a3ee75a333d854dab4bf8e96""}"
1770992475,2026-02-13T22:22:33.042947,0xed4bc7aec4737f68099f13d19820d993b6fb00116b33a05f087eb0ff76f443f4:1770992475,572473,5031084282167950494806674428243037744881029417420880897305642929037077494331,BUY,0.48999999411999995,81.632652,39.999998999999995,0xed4bc7aec4737f68099f13d19820d993b6fb00116b33a05f087eb0ff76f443f4,"{""proxyWallet"": ""0x393e23d95b6d647ad15cae61fe5d326a503e5026"", ""side"": ""BUY"", ""asset"": ""102012655051920632231883756277271987058318402710611322809661225961610319597737"", ""conditionId"": ""0xb2697b95ce2310083217affbe9280171afc2c36b6410b3c7fb30de940cc40d6c"", ""size"": 81.632652, ""price"": 0.48999999411999995, ""timestamp"": 1770992475, ""title"": ""Bitcoin Up or Down - February 13, 9:20AM-9:25AM ET"", ""slug"": ""btc-updown-5m-1770992400"", ""icon"": ""https://polymarket-upload.s3.us-east-2.amazonaws.com/BTC+fullsize.png"", ""eventSlug"": ""btc-updown-5m-1770992400"", ""outcome"": ""Down"", ""outcomeIndex"": 1, ""name"": ""112233itstime"", ""pseudonym"": ""Impressionable-Slippers"", ""bio"": """", ""profileImage"": """", ""profileImageOptimized"": """", ""transactionHash"": ""0xed4bc7aec4737f68099f13d19820d993b6fb00116b33a05f087eb0ff76f443f4""}"
1770992475,2026-02-13T22:22:33.042962,0x19f814b45c2016bcd96f6b567318e1a0ba57ab9219582f4a73076a46c8f11521:1770992475,572473,5031084282167950494806674428243037744881029417420880897305642929037077494331,SELL,0.973,12.0,11.676,0x19f814b45c2016bcd96f6b567318e1a0ba57ab9219582f4a73076a46c8f11521,"{""proxyWallet"": ""0x29356abba8788e2fb3cd313a6244b33b9d14c902"", ""side"": ""SELL"", ""asset"": ""82580329456069960430455853606847264180718690130912450048527873419398759263654"", ""conditionId"": ""0x4914bfdd892a48c341b5e0f41ec10475a815f2277273110b16f95e21084bfe75"", ""size"": 12, ""price"": 0.973, ""timestamp"": 1770992475, ""title"": ""Will 6 Fed rate cuts happen in 2026?"", ""slug"": ""will-6-fed-rate-cuts-happen-in-2026"", ""icon"": ""https://polymarket-upload.s3.us-east-2.amazonaws.com/how-many-fed-rate-cuts-in-2025-9qstZkSL1dn0.jpg"", ""eventSlug"": ""how-many-fed-rate-cuts-in-2026"", ""outcome"": ""No"", ""outcomeIndex"": 1, ""name"": ""4fgb33nt"", ""pseudonym"": ""Elated-Axis"", ""bio"": """", ""profileImage"": """", ""profileImageOptimized"": """", ""transactionHash"": ""0x19f814b45c2016bcd96f6b567318e1a0ba57ab9219582f4a73076a46c8f11521""}"
1770992475,2026-02-13T22:22:33.042978,0x59f8e5017aa57b6ac744fc3053dbd9814351b9775aa386a5473ba850f6b2a464:1770992475,572473,5031084282167950494806674428243037744881029417420880897305642929037077494331,BUY,0.5099999795999968,9.80392,4.999999,0x59f8e5017aa57b6ac744fc3053dbd9814351b9775aa386a5473ba850f6b2a464,"{""proxyWallet"": ""0xa97cb2eb997156154e3506ee0c069d49e5aa55b2"", ""side"": ""BUY"", ""asset"": ""93496684515931670886846477414544893096894498769921495646606644940460801887649"", ""conditionId"": ""0xb2697b95ce2310083217affbe9280171afc2c36b6410b3c7fb30de940cc40d6c"", ""size"": 9.80392, ""price"": 0.5099999795999968, ""timestamp"": 1770992475, ""title"": ""Bitcoin Up or Down - February 13, 9:20AM-9:25AM ET"", ""slug"": ""btc-updown-5m-1770992400"", ""icon"": ""https://polymarket-upload.s3.us-east-2.amazonaws.com/BTC+fullsize.png"", ""eventSlug"": ""btc-updown-5m-1770992400"", ""outcome"": ""Up"", ""outcomeIndex"": 0, ""name"": ""pillusch"", ""pseudonym"": ""Known-Dame"", ""bio"": """", ""profileImage"": ""https://polymarket-upload.s3.us-east-2.amazonaws.com/profile-image-2414483-5b64d38c-6571-4df8-b79f-eb6914b12f1a.png"", ""profileImageOptimized"": """", ""transactionHash"": ""0x59f8e5017aa57b6ac744fc3053dbd9814351b9775aa386a5473ba850f6b2a464""}"
1770992475,2026-02-13T22:22:33.042991,0xf961b8fa6a694fa7ec9242ee1130d31f0fd67f2aeee574a367b9336eaa97d20d:1770992475,572473,5031084282167950494806674428243037744881029417420880897305642929037077494331,BUY,0.08,16.0,1.28,0xf961b8fa6a694fa7ec9242ee1130d31f0fd67f2aeee574a367b9336eaa97d20d,"{""proxyWallet"": ""0xe6cef1403b5a704d0ca8be6aeaed6916a11a8884"", ""side"": ""BUY"", ""asset"": ""89948138996035258524273689931169064625709379635690318467664731846705509845557"", ""conditionId"": ""0x62e16747c11d83e4979ac118cddda13c972f7e83b98400734ad9126a71fa09b1"", ""size"": 16, ""price"": 0.08, ""timestamp"": 1770992475, ""title"": ""XRP Up or Down - February 13, 9:15AM-9:30AM ET"", ""slug"": ""xrp-updown-15m-1770992100"", ""icon"": ""https://polymarket-upload.s3.us-east-2.amazonaws.com/XRP-logo.png"", ""eventSlug"": ""xrp-updown-15m-1770992100"", ""outcome"": ""Down"", ""outcomeIndex"": 1, ""name"": ""nigegezhenshuai"", ""pseudonym"": ""Super-Macaroon"", ""bio"": """", ""profileImage"": """", ""profileImageOptimized"": """", ""transactionHash"": ""0xf961b8fa6a694fa7ec9242ee1130d31f0fd67f2aeee574a367b9336eaa97d20d""}"
1770992475,2026-02-13T22:22:33.043002,0x46532099021299acf73a316dd9bedf12e2f981d729163dc992cf6fb7d2227932:1770992475,572473,5031084282167950494806674428243037744881029417420880897305642929037077494331,BUY,0.5099999884237062,15.549018,7.929999,0x46532099021299acf73a316dd9bedf12e2f981d729163dc992cf6fb7d2227932,"{""proxyWallet"": ""0x37c94ea1b44e01b18a1ce3ab6f8002bd6b9d7e6d"", ""side"": ""BUY"", ""asset"": ""102012655051920632231883756277271987058318402710611322809661225961610319597737"", ""conditionId"": ""0xb2697b95ce2310083217affbe9280171afc2c36b6410b3c7fb30de940cc40d6c"", ""size"": 15.549018, ""price"": 0.5099999884237062, ""timestamp"": 1770992475, ""title"": ""Bitcoin Up or Down - February 13, 9:20AM-9:25AM ET"", ""slug"": ""btc-updown-5m-1770992400"", ""icon"": ""https://polymarket-upload.s3.us-east-2.amazonaws.com/BTC+fullsize.png"", ""eventSlug"": ""btc-updown-5m-1770992400"", ""outcome"": ""Down"", ""outcomeIndex"": 1, ""name"": ""abrak25"", ""pseudonym"": ""Poised-Twist"", ""bio"": """", ""profileImage"": """", ""profileImageOptimized"": """", ""transactionHash"": ""0x46532099021299acf73a316dd9bedf12e2f981d729163dc992cf6fb7d2227932""}"
1770992475,2026-02-13T22:22:33.043014,0x01186e779cbd6de334703c8eeabc13a565986a672e0caa49cbe217976b79f801:1770992475,572473,5031084282167950494806674428243037744881029417420880897305642929037077494331,BUY,0.5295733065314404,58.122263,30.779998999999997,0x01186e779cbd6de334703c8eeabc13a565986a672e0caa49cbe217976b79f801,"{""proxyWallet"": ""0x1ace9e912ce5bb7ef06cb4bd43ee79c5534aa640"", ""side"": ""BUY"", ""asset"": ""93496684515931670886846477414544893096894498769921495646606644940460801887649"", ""conditionId"": ""0xb2697b95ce2310083217affbe9280171afc2c36b6410b3c7fb30de940cc40d6c"", ""size"": 58.122263, ""price"": 0.5295733065314404, ""timestamp"": 1770992475, ""title"": ""Bitcoin Up or Down - February 13, 9:20AM-9:25AM ET"", ""slug"": ""btc-updown-5m-1770992400"", ""icon"": ""https://polymarket-upload.s3.us-east-2.amazonaws.com/BTC+fullsize.png"", ""eventSlug"": ""btc-updown-5m-1770992400"", ""outcome"": ""Up"", ""outcomeIndex"": 0, ""name"": """", ""pseudonym"": """", ""bio"": """", ""profileImage"": """", ""profileImageOptimized"": """", ""transactionHash"": ""0x01186e779cbd6de334703c8eeabc13a565986a672e0caa49cbe217976b79f801""}"
1770992475,2026-02-13T22:22:33.043029,0x975fdb8dee6d9a376931a253ce2571aab71445a7589a7657c1938c6a93f477e6:1770992475,572473,5031084282167950494806674428243037744881029417420880897305642929037077494331,BUY,0.38418501880339223,151.333332,58.139999,0x975fdb8dee6d9a376931a253ce2571aab71445a7589a7657c1938c6a93f477e6,"{""proxyWallet"": ""0x9db1d456272bacca7c9ca4556659ead1fe63d726"", ""side"": ""BUY"", ""asset"": ""98173191500620236951859354246914938538044908363276450575372758382333457622764"", ""conditionId"": ""0x40a3f1ff00c0b7e68b7efee0041711e766db231f5b8d9834742c4fc13e4948f7"", ""size"": 151.333332, ""price"": 0.38418501880339223, ""timestamp"": 1770992475, ""title"": ""Dubai Duty Free Tennis Championships, Qualification: Elisabetta Cocciaretto vs Donna Vekic"", ""slug"": ""wta-cocciar-vekic-2026-02-13"", ""icon"": ""https://polymarket-upload.s3.us-east-2.amazonaws.com/wta-logo-41f331bdf1.png"", ""eventSlug"": ""wta-cocciar-vekic-2026-02-13"", ""outcome"": ""Cocciaretto"", ""outcomeIndex"": 0, ""name"": ""ElParisiano"", ""pseudonym"": ""Square-Dictator"", ""bio"": """", ""profileImage"": """", ""profileImageOptimized"": """", ""transactionHash"": ""0x975fdb8dee6d9a376931a253ce2571aab71445a7589a7657c1938c6a93f477e6""}"
1770992475,2026-02-13T22:22:33.043043,0x2e4d66ce407731407cb6c1cc630c9f82723c9ae68114d1e78d23dfe3a2a787c4:1770992475,572473,5031084282167950494806674428243037744881029417420880897305642929037077494331,SELL,0.927,5.64,5.22828,0x2e4d66ce407731407cb6c1cc630c9f82723c9ae68114d1e78d23dfe3a2a787c4,"{""proxyWallet"": ""0xf0cfd769879a7b23b8d5513b12ab8897efbdd555"", ""side"": ""SELL"", ""asset"": ""407336258606092316833789781486672854343361331985279263948001098476429338355"", ""conditionId"": ""0x9954b4eef49a268b810bc260ee9278361e29a8f6f4ad816a804dd613ef73a968"", ""size"": 5.64, ""price"": 0.927, ""timestamp"": 1770992475, ""title"": ""Will the Philadelphia 76ers win the NBA Eastern Conference Finals?"", ""slug"": ""will-the-philadelphia-76ers-win-the-nba-eastern-conference-finals"", ""icon"": ""https://polymarket-upload.s3.us-east-2.amazonaws.com/will-the-philadelphia-76ers-win-the-nba-eastern-conference-finals-olwXBE4fsIBk.jpg"", ""eventSlug"": ""nba-eastern-conference-champion-442"", ""outcome"": ""No"", ""outcomeIndex"": 1, ""name"": ""7cutuukr"", ""pseudonym"": ""Weird-Heartache"", ""bio"": """", ""profileImage"": """", ""profileImageOptimized"": """", ""transactionHash"": ""0x2e4d66ce407731407cb6c1cc630c9f82723c9ae68114d1e78d23dfe3a2a787c4""}"
1770992475,2026-02-13T22:22:33.043055,0xdd30d8d235b6fe598e5694aa3e9a4ef7b84aebd9475e66eeb9cb7cce22d55b52:1770992475,572473,5031084282167950494806674428243037744881029417420880897305642929037077494331,SELL,0.92,0.4,0.36800000000000005,0xdd30d8d235b6fe598e5694aa3e9a4ef7b84aebd9475e66eeb9cb7cce22d55b52,"{""proxyWallet"": ""0x25268ea3694d6fa8799fd2489704a59956c8bbc8"", ""side"": ""SELL"", ""asset"": ""2844181740250277267185676628544795343619398422178996052107086417055587681337"", ""conditionId"": ""0x62e16747c11d83e4979ac118cddda13c972f7e83b98400734ad9126a71fa09b1"", ""size"": 0.4, ""price"": 0.92, ""timestamp"": 1770992475, ""title"": ""XRP Up or Down - February 13, 9:15AM-9:30AM ET"", ""slug"": ""xrp-updown-15m-1770992100"", ""icon"": ""https://polymarket-upload.s3.us-east-2.amazonaws.com/XRP-logo.png"", ""eventSlug"": ""xrp-updown-15m-1770992100"", ""outcome"": ""Up"", ""outcomeIndex"": 0, ""name"": """", ""pseudonym"": """", ""bio"": """", ""profileImage"": """", ""profileImageOptimized"": """", ""transactionHash"": ""0xdd30d8d235b6fe598e5694aa3e9a4ef7b84aebd9475e66eeb9cb7cce22d55b52""}"
1770992475,2026-02-13T22:22:33.043066,0xa05e45382037b823f923e62286c5e517d4ea615d5c6b25561596b3cf0903c1e4:1770992475,572473,5031084282167950494806674428243037744881029417420880897305642929037077494331,BUY,0.14999989090907107,7.333332,1.099999,0xa05e45382037b823f923e62286c5e517d4ea615d5c6b25561596b3cf0903c1e4,"{""proxyWallet"": ""0xc1d799177ea4ca55ef64202f11954d24ee0273a1"", ""side"": ""BUY"", ""asset"": ""79977699093326922498273634549052678411362219648189898097966968380456514170585"", ""conditionId"": ""0x4489d71363e1894219fc1379130c93c763f4343e5851dfbee687e753ab823569"", ""size"": 7.333332, ""price"": 0.14999989090907107, ""timestamp"": 1770992475, ""title"": ""Bitcoin Up or Down - February 13, 9:15AM-9:30AM ET"", ""slug"": ""btc-updown-15m-1770992100"", ""icon"": ""https://polymarket-upload.s3.us-east-2.amazonaws.com/BTC+fullsize.png"", ""eventSlug"": ""btc-updown-15m-1770992100"", ""outcome"": ""Down"", ""outcomeIndex"": 1, ""name"": ""asdasdasdsad3213"", ""pseudonym"": ""Melodic-Experience"", ""bio"": """", ""profileImage"": """", ""profileImageOptimized"": """", ""transactionHash"": ""0xa05e45382037b823f923e62286c5e517d4ea615d5c6b25561596b3cf0903c1e4""}"
1770992475,2026-02-13T22:22:33.043078,0x1ad8e5d2e7352606cee3e5d97fa97b6194b61796b30f4e84f9b2dd141be4d64f:1770992475,572473,5031084282167950494806674428243037744881029417420880897305642929037077494331,BUY,0.49,824.41,403.9609,0x1ad8e5d2e7352606cee3e5d97fa97b6194b61796b30f4e84f9b2dd141be4d64f,"{""proxyWallet"": ""0x1979ae6b7e6534de9c4539d0c205e582ca637c9d"", ""side"": ""BUY"", ""asset"": ""102012655051920632231883756277271987058318402710611322809661225961610319597737"", ""conditionId"": ""0xb2697b95ce2310083217affbe9280171afc2c36b6410b3c7fb30de940cc40d6c"", ""size"": 824.41, ""price"": 0.49, ""timestamp"": 1770992475, ""title"": ""Bitcoin Up or Down - February 13, 9:20AM-9:25AM ET"", ""slug"": ""btc-updown-5m-1770992400"", ""icon"": ""https://polymarket-upload.s3.us-east-2.amazonaws.com/BTC+fullsize.png"", ""eventSlug"": ""btc-updown-5m-1770992400"", ""outcome"": ""Down"", ""outcomeIndex"": 1, ""name"": ""0x1979ae6B7E6534dE9c4539D0c205E582cA637C9D-1769439463256"", ""pseudonym"": ""Square-Guy"", ""bio"": """", ""profileImage"": """", ""profileImageOptimized"": """", ""transactionHash"": ""0x1ad8e5d2e7352606cee3e5d97fa97b6194b61796b30f4e84f9b2dd141be4d64f""}"
1770992475,2026-02-13T22:22:33.043092,0xe6a3b0d473ef0b5f9cf805eef07bac43be2a0d20746b4b1cdcf79c233aa3d390:1770992475,572473,5031084282167950494806674428243037744881029417420880897305642929037077494331,BUY,0.15,10.0,1.5,0xe6a3b0d473ef0b5f9cf805eef07bac43be2a0d20746b4b1cdcf79c233aa3d390,"{""proxyWallet"": ""0x2c743b52e9d518af9a1340a1660ccdd987606173"", ""side"": ""BUY"", ""asset"": ""79977699093326922498273634549052678411362219648189898097966968380456514170585"", ""conditionId"": ""0x4489d71363e1894219fc1379130c93c763f4343e5851dfbee687e753ab823569"", ""size"": 10, ""price"": 0.15, ""timestamp"": 1770992475, ""title"": ""Bitcoin Up or Down - February 13, 9:15AM-9:30AM ET"", ""slug"": ""btc-updown-15m-1770992100"", ""icon"": ""https://polymarket-upload.s3.us-east-2.amazonaws.com/BTC+fullsize.png"", ""eventSlug"": ""btc-updown-15m-1770992100"", ""outcome"": ""Down"", ""outcomeIndex"": 1, ""name"": ""hel0"", ""pseudonym"": ""Weighty-Resale"", ""bio"": """", ""profileImage"": """", ""profileImageOptimized"": """", ""transactionHash"": ""0xe6a3b0d473ef0b5f9cf805eef07bac43be2a0d20746b4b1cdcf79c233aa3d390""}"
1770992475,2026-02-13T22:22:33.043103,0xf2e8e594636511712dcaa10fbe083beb2d5aeb4c988b8f5960e7a7ac803b7e8a:1770992475,572473,5031084282167950494806674428243037744881029417420880897305642929037077494331,BUY,0.54,5.0,2.7,0xf2e8e594636511712dcaa10fbe083beb2d5aeb4c988b8f5960e7a7ac803b7e8a,"{""proxyWallet"": ""0x4ffadbce850d1c4e087623d4e87bfeb253950c61"", ""side"": ""BUY"", ""asset"": ""93496684515931670886846477414544893096894498769921495646606644940460801887649"", ""conditionId"": ""0xb2697b95ce2310083217affbe9280171afc2c36b6410b3c7fb30de940cc40d6c"", ""size"": 5, ""price"": 0.54, ""timestamp"": 1770992475, ""title"": ""Bitcoin Up or Down - February 13, 9:20AM-9:25AM ET"", ""slug"": ""btc-updown-5m-1770992400"", ""icon"": ""https://polymarket-upload.s3.us-east-2.amazonaws.com/BTC+fullsize.png"", ""eventSlug"": ""btc-updown-5m-1770992400"", ""outcome"": ""Up"", ""outcomeIndex"": 0, ""name"": """", ""pseudonym"": """", ""bio"": """", ""profileImage"": """", ""profileImageOptimized"": """", ""transactionHash"": ""0xf2e8e594636511712dcaa10fbe083beb2d5aeb4c988b8f5960e7a7ac803b7e8a""}"
1770992475,2026-02-13T22:22:33.043114,0x625cfac94ca3993dbe34029418d5e591a04111811bd90b4991b7e7f2aa3246c2:1770992475,572473,5031084282167950494806674428243037744881029417420880897305642929037077494331,BUY,0.5099998882856855,4.117646,2.099999,0x625cfac94ca3993dbe34029418d5e591a04111811bd90b4991b7e7f2aa3246c2,"{""proxyWallet"": ""0x25abb6a1df72e2b54e58ce224001bb087c2becdb"", ""side"": ""BUY"", ""asset"": ""102012655051920632231883756277271987058318402710611322809661225961610319597737"", ""conditionId"": ""0xb2697b95ce2310083217affbe9280171afc2c36b6410b3c7fb30de940cc40d6c"", ""size"": 4.117646, ""price"": 0.5099998882856855, ""timestamp"": 1770992475, ""title"": ""Bitcoin Up or Down - February 13, 9:20AM-9:25AM ET"", ""slug"": ""btc-updown-5m-1770992400"", ""icon"": ""https://polymarket-upload.s3.us-east-2.amazonaws.com/BTC+fullsize.png"", ""eventSlug"": ""btc-updown-5m-1770992400"", ""outcome"": ""Down"", ""outcomeIndex"": 1, ""name"": """", ""pseudonym"": """", ""bio"": """", ""profileImage"": """", ""profileImageOptimized"": """", ""transactionHash"": ""0x625cfac94ca3993dbe34029418d5e591a04111811bd90b4991b7e7f2aa3246c2""}"
1770992475,2026-02-13T22:22:33.043125,0x83c5ddda81c1afe38922d2d08338d61bb5c4d258a04aa6a205d8bce7c4219478:1770992475,572473,5031084282167950494806674428243037744881029417420880897305642929037077494331,SELL,0.93,201.12,187.04160000000002,0x83c5ddda81c1afe38922d2d08338d61bb5c4d258a04aa6a205d8bce7c4219478,"{""proxyWallet"": ""0x073b9ab36406f5f7cce26d83c1b11c8cabbe420c"", ""side"": ""SELL"", ""asset"": ""83150136706607856437592839018509517486662837687160757125224186815974350988674"", ""conditionId"": ""0xd8a9e4b88229579dcf1c9fda7a5fef2dfe45af732686fb5cbe5976f1c3a19ff6"", ""size"": 201.12, ""price"": 0.93, ""timestamp"": 1770992475, ""title"": ""Ethereum Up or Down - February 13, 9:15AM-9:30AM ET"", ""slug"": ""eth-updown-15m-1770992100"", ""icon"": ""https://polymarket-upload.s3.us-east-2.amazonaws.com/ETH+fullsize.jpg"", ""eventSlug"": ""eth-updown-15m-1770992100"", ""outcome"": ""Up"", ""outcomeIndex"": 0, ""name"": ""Noscopeblazeit"", ""pseudonym"": ""Admired-Republic"", ""bio"": """", ""profileImage"": """", ""profileImageOptimized"": """", ""transactionHash"": ""0x83c5ddda81c1afe38922d2d08338d61bb5c4d258a04aa6a205d8bce7c4219478""}"
1770992475,2026-02-13T22:22:33.043136,0x735c54f41b4e4ae248643000c8b00d14cf72109961e5da6c1a10a34f497f9c8e:1770992475,572473,5031084282167950494806674428243037744881029417420880897305642929037077494331,BUY,0.15,10.0,1.5,0x735c54f41b4e4ae248643000c8b00d14cf72109961e5da6c1a10a34f497f9c8e,"{""proxyWallet"": ""0x2c743b52e9d518af9a1340a1660ccdd987606173"", ""side"": ""BUY"", ""asset"": ""79977699093326922498273634549052678411362219648189898097966968380456514170585"", ""conditionId"": ""0x4489d71363e1894219fc1379130c93c763f4343e5851dfbee687e753ab823569"", ""size"": 10, ""price"": 0.15, ""timestamp"": 1770992475, ""title"": ""Bitcoin Up or Down - February 13, 9:15AM-9:30AM ET"", ""slug"": ""btc-updown-15m-1770992100"", ""icon"": ""https://polymarket-upload.s3.us-east-2.amazonaws.com/BTC+fullsize.png"", ""eventSlug"": ""btc-updown-15m-1770992100"", ""outcome"": ""Down"", ""outcomeIndex"": 1, ""name"": ""hel0"", ""pseudonym"": ""Weighty-Resale"", ""bio"": """", ""profileImage"": """", ""profileImageOptimized"": """", ""transactionHash"": ""0x735c54f41b4e4ae248643000c8b00d14cf72109961e5da6c1a10a34f497f9c8e""}"
1770992475,2026-02-13T22:22:33.043148,0x07d14f7a7e88118a1462015328326c4a6e0daa1d4ddbfe105ff666c5d01e7589:1770992475,572473,5031084282167950494806674428243037744881029417420880897305642929037077494331,BUY,0.48999991179995706,3.061223,1.4999989999999999,0x07d14f7a7e88118a1462015328326c4a6e0daa1d4ddbfe105ff666c5d01e7589,"{""proxyWallet"": ""0x15fa68925bde8017f1c6143145872ade81c19cee"", ""side"": ""BUY"", ""asset"": ""102012655051920632231883756277271987058318402710611322809661225961610319597737"", ""conditionId"": ""0xb2697b95ce2310083217affbe9280171afc2c36b6410b3c7fb30de940cc40d6c"", ""size"": 3.061223, ""price"": 0.48999991179995706, ""timestamp"": 1770992475, ""title"": ""Bitcoin Up or Down - February 13, 9:20AM-9:25AM ET"", ""slug"": ""btc-updown-5m-1770992400"", ""icon"": ""https://polymarket-upload.s3.us-east-2.amazonaws.com/BTC+fullsize.png"", ""eventSlug"": ""btc-updown-5m-1770992400"", ""outcome"": ""Down"", ""outcomeIndex"": 1, ""name"": """", ""pseudonym"": """", ""bio"": """", ""profileImage"": """", ""profileImageOptimized"": """", ""transactionHash"": ""0x07d14f7a7e88118a1462015328326c4a6e0daa1d4ddbfe105ff666c5d01e7589""}"
1770992475,2026-02-13T22:22:33.043159,0xa1f301f7c4591f040d3c1b8e080534f8734a33258aa67a0189c05dcbd23c9385:1770992475,572473,5031084282167950494806674428243037744881029417420880897305642929037077494331,BUY,0.9989996555016035,2.232231,2.229998,0xa1f301f7c4591f040d3c1b8e080534f8734a33258aa67a0189c05dcbd23c9385,"{""proxyWallet"": ""0x1ce57f4e1ec1c8910390c9dcbf5841d5c8c7ded2"", ""side"": ""BUY"", ""asset"": ""4201139388531897684003413633293212260532422474226866691306300489348818140610"", ""conditionId"": ""0x624b5b2b7b8caac00c01f47322df324691048fd61adff544dc8d6f558ad766fc"", ""size"": 2.232231, ""price"": 0.9989996555016035, ""timestamp"": 1770992475, ""title"": ""Will the price of Solana be above $60 on February 13?"", ""slug"": ""solana-above-60-on-february-13"", ""icon"": ""https://polymarket-upload.s3.us-east-2.amazonaws.com/SOL-logo.png"", ""eventSlug"": ""solana-above-on-february-13"", ""outcome"": ""Yes"", ""outcomeIndex"": 0, ""name"": ""hfaffg"", ""pseudonym"": ""Accomplished-Brief"", ""bio"": """", ""profileImage"": """", ""profileImageOptimized"": """", ""transactionHash"": ""0xa1f301f7c4591f040d3c1b8e080534f8734a33258aa67a0189c05dcbd23c9385""}"
1770992475,2026-02-13T22:22:33.043171,0x34981f151794a1bcff16cfd8bb409abb7037b3660891f272414e0b7abbff976e:1770992475,572473,5031084282167950494806674428243037744881029417420880897305642929037077494331,BUY,0.9399999849599521,1.329783,1.2499959999999999,0x34981f151794a1bcff16cfd8bb409abb7037b3660891f272414e0b7abbff976e,"{""proxyWallet"": ""0x0a67ab2f1a372d0078474c14c5b6169e3ab616b8"", ""side"": ""BUY"", ""asset"": ""83150136706607856437592839018509517486662837687160757125224186815974350988674"", ""conditionId"": ""0xd8a9e4b88229579dcf1c9fda7a5fef2dfe45af732686fb5cbe5976f1c3a19ff6"", ""size"": 1.329783, ""price"": 0.9399999849599521, ""timestamp"": 1770992475, ""title"": ""Ethereum Up or Down - February 13, 9:15AM-9:30AM ET"", ""slug"": ""eth-updown-15m-1770992100"", ""icon"": ""https://polymarket-upload.s3.us-east-2.amazonaws.com/ETH+fullsize.jpg"", ""eventSlug"": ""eth-updown-15m-1770992100"", ""outcome"": ""Up"", ""outcomeIndex"": 0, ""name"": ""stra-h-1"", ""pseudonym"": ""Brown-Phrasing"", ""bio"": """", ""profileImage"": """", ""profileImageOptimized"": """", ""transactionHash"": ""0x34981f151794a1bcff16cfd8bb409abb7037b3660891f272414e0b7abbff976e""}"
1770992475,2026-02-13T22:22:33.043183,0x602b3d6e23c6dc394b3597ef92660a06049107e01b8d300692fbb2e30ae8e991:1770992475,572473,5031084282167950494806674428243037744881029417420880897305642929037077494331,BUY,0.14999989090907107,7.333332,1.099999,0x602b3d6e23c6dc394b3597ef92660a06049107e01b8d300692fbb2e30ae8e991,"{""proxyWallet"": ""0xc1d799177ea4ca55ef64202f11954d24ee0273a1"", ""side"": ""BUY"", ""asset"": ""79977699093326922498273634549052678411362219648189898097966968380456514170585"", ""conditionId"": ""0x4489d71363e1894219fc1379130c93c763f4343e5851dfbee687e753ab823569"", ""size"": 7.333332, ""price"": 0.14999989090907107, ""timestamp"": 1770992475, ""title"": ""Bitcoin Up or Down - February 13, 9:15AM-9:30AM ET"", ""slug"": ""btc-updown-15m-1770992100"", ""icon"": ""https://polymarket-upload.s3.us-east-2.amazonaws.com/BTC+fullsize.png"", ""eventSlug"": ""btc-updown-15m-1770992100"", ""outcome"": ""Down"", ""outcomeIndex"": 1, ""name"": ""asdasdasdsad3213"", ""pseudonym"": ""Melodic-Experience"", ""bio"": """", ""profileImage"": """", ""profileImageOptimized"": """", ""transactionHash"": ""0x602b3d6e23c6dc394b3597ef92660a06049107e01b8d300692fbb2e30ae8e991""}"
1770992475,2026-02-13T22:22:33.043195,0x59cf408f1202f4c0a9902376778f186a5206913877ded256e54e74537cdb1a4a:1770992475,572473,5031084282167950494806674428243037744881029417420880897305642929037077494331,BUY,0.4899999973027518,11.122447,5.449998999999999,0x59cf408f1202f4c0a9902376778f186a5206913877ded256e54e74537cdb1a4a,"{""proxyWallet"": ""0x5278fcfa9840ef2e357195f44846608bd2f75306"", ""side"": ""BUY"", ""asset"": ""102012655051920632231883756277271987058318402710611322809661225961610319597737"", ""conditionId"": ""0xb2697b95ce2310083217affbe9280171afc2c36b6410b3c7fb30de940cc40d6c"", ""size"": 11.122447, ""price"": 0.4899999973027518, ""timestamp"": 1770992475, ""title"": ""Bitcoin Up or Down - February 13, 9:20AM-9:25AM ET"", ""slug"": ""btc-updown-5m-1770992400"", ""icon"": ""https://polymarket-upload.s3.us-east-2.amazonaws.com/BTC+fullsize.png"", ""eventSlug"": ""btc-updown-5m-1770992400"", ""outcome"": ""Down"", ""outcomeIndex"": 1, ""name"": ""0x5278Fcfa9840ef2E357195f44846608bd2F75306-1767893614082"", ""pseudonym"": ""Measly-Cemetery"", ""bio"": """", ""profileImage"": """", ""profileImageOptimized"": """", ""transactionHash"": ""0x59cf408f1202f4c0a9902376778f186a5206913877ded256e54e74537cdb1a4a""}"
1770992475,2026-02-13T22:22:33.043207,0x7165728e09edbfbfbccd7b92582d12073dd9011271dffd760a637cfe091bbcab:1770992475,572473,5031084282167950494806674428243037744881029417420880897305642929037077494331,BUY,0.15,10.0,1.5,0x7165728e09edbfbfbccd7b92582d12073dd9011271dffd760a637cfe091bbcab,"{""proxyWallet"": ""0x2c743b52e9d518af9a1340a1660ccdd987606173"", ""side"": ""BUY"", ""asset"": ""79977699093326922498273634549052678411362219648189898097966968380456514170585"", ""conditionId"": ""0x4489d71363e1894219fc1379130c93c763f4343e5851dfbee687e753ab823569"", ""size"": 10, ""price"": 0.15, ""timestamp"": 1770992475, ""title"": ""Bitcoin Up or Down - February 13, 9:15AM-9:30AM ET"", ""slug"": ""btc-updown-15m-1770992100"", ""icon"": ""https://polymarket-upload.s3.us-east-2.amazonaws.com/BTC+fullsize.png"", ""eventSlug"": ""btc-updown-15m-1770992100"", ""outcome"": ""Down"", ""outcomeIndex"": 1, ""name"": ""hel0"", ""pseudonym"": ""Weighty-Resale"", ""bio"": """", ""profileImage"": """", ""profileImageOptimized"": """", ""transactionHash"": ""0x7165728e09edbfbfbccd7b92582d12073dd9011271dffd760a637cfe091bbcab""}"
1770992475,2026-02-13T22:22:33.043218,0x3cf064d0c389374cacd5c1dfa3d7b463e50989e2e5addf3730f89eed52a14ffc:1770992475,572473,5031084282167950494806674428243037744881029417420880897305642929037077494331,BUY,0.48999991179995706,3.061223,1.4999989999999999,0x3cf064d0c389374cacd5c1dfa3d7b463e50989e2e5addf3730f89eed52a14ffc,"{""proxyWallet"": ""0x15fa68925bde8017f1c6143145872ade81c19cee"", ""side"": ""BUY"", ""asset"": ""102012655051920632231883756277271987058318402710611322809661225961610319597737"", ""conditionId"": ""0xb2697b95ce2310083217affbe9280171afc2c36b6410b3c7fb30de940cc40d6c"", ""size"": 3.061223, ""price"": 0.48999991179995706, ""timestamp"": 1770992475, ""title"": ""Bitcoin Up or Down - February 13, 9:20AM-9:25AM ET"", ""slug"": ""btc-updown-5m-1770992400"", ""icon"": ""https://polymarket-upload.s3.us-east-2.amazonaws.com/BTC+fullsize.png"", ""eventSlug"": ""btc-updown-5m-1770992400"", ""outcome"": ""Down"", ""outcomeIndex"": 1, ""name"": """", ""pseudonym"": """", ""bio"": """", ""profileImage"": """", ""profileImageOptimized"": """", ""transactionHash"": ""0x3cf064d0c389374cacd5c1dfa3d7b463e50989e2e5addf3730f89eed52a14ffc""}"
1770992473,2026-02-13T22:22:33.043229,0xf9b9ddb8aaff7d6defeba14c9165a150d4a11405ba14ca57c173a88f2d49bf51:1770992473,572473,5031084282167950494806674428243037744881029417420880897305642929037077494331,BUY,0.48999991179995706,3.061223,1.4999989999999999,0xf9b9ddb8aaff7d6defeba14c9165a150d4a11405ba14ca57c173a88f2d49bf51,"{""proxyWallet"": ""0x9bc243432fe97442be8f29d44f1824d9bec36604"", ""side"": ""BUY"", ""asset"": ""102012655051920632231883756277271987058318402710611322809661225961610319597737"", ""conditionId"": ""0xb2697b95ce2310083217affbe9280171afc2c36b6410b3c7fb30de940cc40d6c"", ""size"": 3.061223, ""price"": 0.48999991179995706, ""timestamp"": 1770992473, ""title"": ""Bitcoin Up or Down - February 13, 9:20AM-9:25AM ET"", ""slug"": ""btc-updown-5m-1770992400"", ""icon"": ""https://polymarket-upload.s3.us-east-2.amazonaws.com/BTC+fullsize.png"", ""eventSlug"": ""btc-updown-5m-1770992400"", ""outcome"": ""Down"", ""outcomeIndex"": 1, ""name"": """", ""pseudonym"": """", ""bio"": """", ""profileImage"": """", ""profileImageOptimized"": """", ""transactionHash"": ""0xf9b9ddb8aaff7d6defeba14c9165a150d4a11405ba14ca57c173a88f2d49bf51""}"
1770992473,2026-02-13T22:22:33.043240,0xb92d64199305066da4d84c9b9a834099aaf8b9646dac7a45da90e810cee1b7aa:1770992473,572473,5031084282167950494806674428243037744881029417420880897305642929037077494331,BUY,0.4899999950999984,6.122447,2.9999990000000003,0xb92d64199305066da4d84c9b9a834099aaf8b9646dac7a45da90e810cee1b7aa,"{""proxyWallet"": ""0x48c77929dc8346839fa4983aabbbcda5cd9509db"", ""side"": ""BUY"", ""asset"": ""102012655051920632231883756277271987058318402710611322809661225961610319597737"", ""conditionId"": ""0xb2697b95ce2310083217affbe9280171afc2c36b6410b3c7fb30de940cc40d6c"", ""size"": 6.122447, ""price"": 0.4899999950999984, ""timestamp"": 1770992473, ""title"": ""Bitcoin Up or Down - February 13, 9:20AM-9:25AM ET"", ""slug"": ""btc-updown-5m-1770992400"", ""icon"": ""https://polymarket-upload.s3.us-east-2.amazonaws.com/BTC+fullsize.png"", ""eventSlug"": ""btc-updown-5m-1770992400"", ""outcome"": ""Down"", ""outcomeIndex"": 1, ""name"": """", ""pseudonym"": """", ""bio"": """", ""profileImage"": """", ""profileImageOptimized"": """", ""transactionHash"": ""0xb92d64199305066da4d84c9b9a834099aaf8b9646dac7a45da90e810cee1b7aa""}"
1770992473,2026-02-13T22:22:33.043252,0x18a420cf9f51fe1b810fca857e938aa2df5b37505f2cf0b4358593279bb890fe:1770992473,572473,5031084282167950494806674428243037744881029417420880897305642929037077494331,BUY,0.14,10.0,1.4000000000000001,0x18a420cf9f51fe1b810fca857e938aa2df5b37505f2cf0b4358593279bb890fe,"{""proxyWallet"": ""0xc7dc79a1cad481bf7e88d1712ceb84dacb5d7a63"", ""side"": ""BUY"", ""asset"": ""79977699093326922498273634549052678411362219648189898097966968380456514170585"", ""conditionId"": ""0x4489d71363e1894219fc1379130c93c763f4343e5851dfbee687e753ab823569"", ""size"": 10, ""price"": 0.14, ""timestamp"": 1770992473, ""title"": ""Bitcoin Up or Down - February 13, 9:15AM-9:30AM ET"", ""slug"": ""btc-updown-15m-1770992100"", ""icon"": ""https://polymarket-upload.s3.us-east-2.amazonaws.com/BTC+fullsize.png"", ""eventSlug"": ""btc-updown-15m-1770992100"", ""outcome"": ""Down"", ""outcomeIndex"": 1, ""name"": """", ""pseudonym"": """", ""bio"": """", ""profileImage"": """", ""profileImageOptimized"": """", ""transactionHash"": ""0x18a420cf9f51fe1b810fca857e938aa2df5b37505f2cf0b4358593279bb890fe""}"
1770992473,2026-02-13T22:22:33.043263,0x808837de9d2f4c13346e84e60aeed2e5996bf6129423b63a0d3719bf1efbd8ce:1770992473,572473,5031084282167950494806674428243037744881029417420880897305642929037077494331,BUY,0.48999991179995706,3.061223,1.4999989999999999,0x808837de9d2f4c13346e84e60aeed2e5996bf6129423b63a0d3719bf1efbd8ce,"{""proxyWallet"": ""0x9bc243432fe97442be8f29d44f1824d9bec36604"", ""side"": ""BUY"", ""asset"": ""102012655051920632231883756277271987058318402710611322809661225961610319597737"", ""conditionId"": ""0xb2697b95ce2310083217affbe9280171afc2c36b6410b3c7fb30de940cc40d6c"", ""size"": 3.061223, ""price"": 0.48999991179995706, ""timestamp"": 1770992473, ""title"": ""Bitcoin Up or Down - February 13, 9:20AM-9:25AM ET"", ""slug"": ""btc-updown-5m-1770992400"", ""icon"": ""https://polymarket-upload.s3.us-east-2.amazonaws.com/BTC+fullsize.png"", ""eventSlug"": ""btc-updown-5m-1770992400"", ""outcome"": ""Down"", ""outcomeIndex"": 1, ""name"": """", ""pseudonym"": """", ""bio"": """", ""profileImage"": """", ""profileImageOptimized"": """", ""transactionHash"": ""0x808837de9d2f4c13346e84e60aeed2e5996bf6129423b63a0d3719bf1efbd8ce""}"
1770992473,2026-02-13T22:22:33.043274,0xae96ad1f564ae12ac9e1af8b21a1542061f21f59a6e16961c1fe12f6bafa540b:1770992473,572473,5031084282167950494806674428243037744881029417420880897305642929037077494331,BUY,0.48999999009191014,11.102039,5.439998999999999,0xae96ad1f564ae12ac9e1af8b21a1542061f21f59a6e16961c1fe12f6bafa540b,"{""proxyWallet"": ""0x22fcf29bb8dfe6f62d0983f3f9d022b385ba55d2"", ""side"": ""BUY"", ""asset"": ""102012655051920632231883756277271987058318402710611322809661225961610319597737"", ""conditionId"": ""0xb2697b95ce2310083217affbe9280171afc2c36b6410b3c7fb30de940cc40d6c"", ""size"": 11.102039, ""price"": 0.48999999009191014, ""timestamp"": 1770992473, ""title"": ""Bitcoin Up or Down - February 13, 9:20AM-9:25AM ET"", ""slug"": ""btc-updown-5m-1770992400"", ""icon"": ""https://polymarket-upload.s3.us-east-2.amazonaws.com/BTC+fullsize.png"", ""eventSlug"": ""btc-updown-5m-1770992400"", ""outcome"": ""Down"", ""outcomeIndex"": 1, ""name"": """", ""pseudonym"": """", ""bio"": """", ""profileImage"": """", ""profileImageOptimized"": """", ""transactionHash"": ""0xae96ad1f564ae12ac9e1af8b21a1542061f21f59a6e16961c1fe12f6bafa540b""}"
1770992473,2026-02-13T22:22:33.043286,0xd32071670807a1419c413c5bb865fad8686848bdb05b7f280f146655187c4538:1770992473,572473,5031084282167950494806674428243037744881029417420880897305642929037077494331,BUY,0.47999998079999695,10.416665,4.999999,0xd32071670807a1419c413c5bb865fad8686848bdb05b7f280f146655187c4538,"{""proxyWallet"": ""0xe9cce7d35aa8412137a64be62056ac84dfe0d4f2"", ""side"": ""BUY"", ""asset"": ""102012655051920632231883756277271987058318402710611322809661225961610319597737"", ""conditionId"": ""0xb2697b95ce2310083217affbe9280171afc2c36b6410b3c7fb30de940cc40d6c"", ""size"": 10.416665, ""price"": 0.47999998079999695, ""timestamp"": 1770992473, ""title"": ""Bitcoin Up or Down - February 13, 9:20AM-9:25AM ET"", ""slug"": ""btc-updown-5m-1770992400"", ""icon"": ""https://polymarket-upload.s3.us-east-2.amazonaws.com/BTC+fullsize.png"", ""eventSlug"": ""btc-updown-5m-1770992400"", ""outcome"": ""Down"", ""outcomeIndex"": 1, ""name"": ""Jr.cuna"", ""pseudonym"": ""Unfit-Democracy"", ""bio"": """", ""profileImage"": """", ""profileImageOptimized"": """", ""transactionHash"": ""0xd32071670807a1419c413c5bb865fad8686848bdb05b7f280f146655187c4538""}"
1770992473,2026-02-13T22:22:33.043297,0xd08cfd2bb3dd8ea8f75bd8844b9484483ebad60009c26b50aca906e256b60100:1770992473,572473,5031084282167950494806674428243037744881029417420880897305642929037077494331,BUY,0.4699999150282159,3.765956,1.7699989999999999,0xd08cfd2bb3dd8ea8f75bd8844b9484483ebad60009c26b50aca906e256b60100,"{""proxyWallet"": ""0x4716ff10e355ecbfacb6854d82a547d4c955d1e1"", ""side"": ""BUY"", ""asset"": ""102012655051920632231883756277271987058318402710611322809661225961610319597737"", ""conditionId"": ""0xb2697b95ce2310083217affbe9280171afc2c36b6410b3c7fb30de940cc40d6c"", ""size"": 3.765956, ""price"": 0.4699999150282159, ""timestamp"": 1770992473, ""title"": ""Bitcoin Up or Down - February 13, 9:20AM-9:25AM ET"", ""slug"": ""btc-updown-5m-1770992400"", ""icon"": ""https://polymarket-upload.s3.us-east-2.amazonaws.com/BTC+fullsize.png"", ""eventSlug"": ""btc-updown-5m-1770992400"", ""outcome"": ""Down"", ""outcomeIndex"": 1, ""name"": """", ""pseudonym"": """", ""bio"": """", ""profileImage"": """", ""profileImageOptimized"": """", ""transactionHash"": ""0xd08cfd2bb3dd8ea8f75bd8844b9484483ebad60009c26b50aca906e256b60100""}"
1770992473,2026-02-13T22:22:33.043309,0x8d949344271e80728d218aeb0b34eec11761c4420414476a9f312aed3b2f2466:1770992473,572473,5031084282167950494806674428243037744881029417420880897305642929037077494331,BUY,0.2,50.0,10.0,0x8d949344271e80728d218aeb0b34eec11761c4420414476a9f312aed3b2f2466,"{""proxyWallet"": ""0x046f587b80d589faadf0d5d5b78b3ec35993413a"", ""side"": ""BUY"", ""asset"": ""73863389047364311729171625226082439999288548227803524810816150400327376572888"", ""conditionId"": ""0x6995678ed5f481941cc4de37512cfe77b1b20e6fd9ba35e284360061d2687d8f"", ""size"": 50, ""price"": 0.2, ""timestamp"": 1770992473, ""title"": ""Will Google have the best AI model at the end of February 2026?"", ""slug"": ""will-google-have-the-best-ai-model-at-the-end-of-february-2026"", ""icon"": ""https://polymarket-upload.s3.us-east-2.amazonaws.com/will-google-have-the-top-ai-model-on-february-28-MS2LhSAdlHGk.jpg"", ""eventSlug"": ""which-company-has-the-best-ai-model-end-of-february"", ""outcome"": ""Yes"", ""outcomeIndex"": 0, ""name"": """", ""pseudonym"": """", ""bio"": """", ""profileImage"": """", ""profileImageOptimized"": """", ""transactionHash"": ""0x8d949344271e80728d218aeb0b34eec11761c4420414476a9f312aed3b2f2466""}"
1770992473,2026-02-13T22:22:33.043321,0x492d641797dc0ce12888bb2a75fd82063f46118d7766c3778dfb60424de26dcb:1770992473,572473,5031084282167950494806674428243037744881029417420880897305642929037077494331,BUY,0.87,22.9885,19.999995,0x492d641797dc0ce12888bb2a75fd82063f46118d7766c3778dfb60424de26dcb,"{""proxyWallet"": ""0x6ac98a9a52d2377808a72b1c7e9cd6688eebd570"", ""side"": ""BUY"", ""asset"": ""26994972425347435898442897109407523146459743206917823865905991587285356057190"", ""conditionId"": ""0x4489d71363e1894219fc1379130c93c763f4343e5851dfbee687e753ab823569"", ""size"": 22.9885, ""price"": 0.87, ""timestamp"": 1770992473, ""title"": ""Bitcoin Up or Down - February 13, 9:15AM-9:30AM ET"", ""slug"": ""btc-updown-15m-1770992100"", ""icon"": ""https://polymarket-upload.s3.us-east-2.amazonaws.com/BTC+fullsize.png"", ""eventSlug"": ""btc-updown-15m-1770992100"", ""outcome"": ""Up"", ""outcomeIndex"": 0, ""name"": ""VantaPr"", ""pseudonym"": ""Thrifty-Reason"", ""bio"": """", ""profileImage"": """", ""profileImageOptimized"": """", ""transactionHash"": ""0x492d641797dc0ce12888bb2a75fd82063f46118d7766c3778dfb60424de26dcb""}"
1770992473,2026-02-13T22:22:33.043332,0xd248965bbda8af8f4650893cbcfd1fda903bf3922a9a860c4fc20bae50b90418:1770992473,572473,5031084282167950494806674428243037744881029417420880897305642929037077494331,BUY,0.5299999956198311,2.283017,1.209999,0xd248965bbda8af8f4650893cbcfd1fda903bf3922a9a860c4fc20bae50b90418,"{""proxyWallet"": ""0xc1d799177ea4ca55ef64202f11954d24ee0273a1"", ""side"": ""BUY"", ""asset"": ""93496684515931670886846477414544893096894498769921495646606644940460801887649"", ""conditionId"": ""0xb2697b95ce2310083217affbe9280171afc2c36b6410b3c7fb30de940cc40d6c"", ""size"": 2.283017, ""price"": 0.5299999956198311, ""timestamp"": 1770992473, ""title"": ""Bitcoin Up or Down - February 13, 9:20AM-9:25AM ET"", ""slug"": ""btc-updown-5m-1770992400"", ""icon"": ""https://polymarket-upload.s3.us-east-2.amazonaws.com/BTC+fullsize.png"", ""eventSlug"": ""btc-updown-5m-1770992400"", ""outcome"": ""Up"", ""outcomeIndex"": 0, ""name"": ""asdasdasdsad3213"", ""pseudonym"": ""Melodic-Experience"", ""bio"": """", ""profileImage"": """", ""profileImageOptimized"": """", ""transactionHash"": ""0xd248965bbda8af8f4650893cbcfd1fda903bf3922a9a860c4fc20bae50b90418""}"
1770992473,2026-02-13T22:22:33.043346,0xef912e7c2744b785c9edfba288d36ba8319b32f7e675fb975585acbf0c4cbd72:1770992473,572473,5031084282167950494806674428243037744881029417420880897305642929037077494331,BUY,0.12999990427271074,8.461537,1.099999,0xef912e7c2744b785c9edfba288d36ba8319b32f7e675fb975585acbf0c4cbd72,"{""proxyWallet"": ""0xa1e5318d76e95d52d1cfaa56a0687c005f6cef8f"", ""side"": ""BUY"", ""asset"": ""79977699093326922498273634549052678411362219648189898097966968380456514170585"", ""conditionId"": ""0x4489d71363e1894219fc1379130c93c763f4343e5851dfbee687e753ab823569"", ""size"": 8.461537, ""price"": 0.12999990427271074, ""timestamp"": 1770992473, ""title"": ""Bitcoin Up or Down - February 13, 9:15AM-9:30AM ET"", ""slug"": ""btc-updown-15m-1770992100"", ""icon"": ""https://polymarket-upload.s3.us-east-2.amazonaws.com/BTC+fullsize.png"", ""eventSlug"": ""btc-updown-15m-1770992100"", ""outcome"": ""Down"", ""outcomeIndex"": 1, ""name"": """", ""pseudonym"": """", ""bio"": """", ""profileImage"": """", ""profileImageOptimized"": """", ""transactionHash"": ""0xef912e7c2744b785c9edfba288d36ba8319b32f7e675fb975585acbf0c4cbd72""}"
1770992473,2026-02-13T22:22:33.043358,0xfe77ee7306edee59b212f2aa91d38ae71f34dac60d720a926a2acb42f28513db:1770992473,572473,5031084282167950494806674428243037744881029417420880897305642929037077494331,BUY,0.44,5.0,2.2,0xfe77ee7306edee59b212f2aa91d38ae71f34dac60d720a926a2acb42f28513db,"{""proxyWallet"": ""0x113d4c0b5a6702ab045ea2cba7c3f71d51fc3ce8"", ""side"": ""BUY"", ""asset"": ""36474504519665948978741801260654876668976739173594406904812576883021855994311"", ""conditionId"": ""0x63b78326a8de19a65606874e669c02704fea27203945d1ac767fe57efa7d209e"", ""size"": 5, ""price"": 0.44, ""timestamp"": 1770992473, ""title"": ""Bitcoin Up or Down - February 13, 9AM ET"", ""slug"": ""bitcoin-up-or-down-february-13-9am-et"", ""icon"": ""https://polymarket-upload.s3.us-east-2.amazonaws.com/BTC+fullsize.png"", ""eventSlug"": ""bitcoin-up-or-down-february-13-9am-et"", ""outcome"": ""Down"", ""outcomeIndex"": 1, ""name"": ""charles-de-g"", ""pseudonym"": ""Black-Popcorn"", ""bio"": ""bienvenue dans la resistance"", ""profileImage"": ""https://polymarket-upload.s3.us-east-2.amazonaws.com/profile-image-4760483-2266181c-efa3-46e7-8f17-4046b9b7547b.jpeg"", ""profileImageOptimized"": """", ""transactionHash"": ""0xfe77ee7306edee59b212f2aa91d38ae71f34dac60d720a926a2acb42f28513db""}"
1770992473,2026-02-13T22:22:33.043373,0x3ab1ae4fc7fec8d7792451beb0ad1806fbfac612202a12e599a00fb5fd4fb8da:1770992473,572473,5031084282167950494806674428243037744881029417420880897305642929037077494331,BUY,0.16,6.25,1.0,0x3ab1ae4fc7fec8d7792451beb0ad1806fbfac612202a12e599a00fb5fd4fb8da,"{""proxyWallet"": ""0x9075d09b9379609109e807d14d38b0045af26975"", ""side"": ""BUY"", ""asset"": ""99069254213370257050950270167728429238911569109278823088871604345404726226802"", ""conditionId"": ""0x52764e1fb2bf57cf62c00073e0ebe9c1a3bfee0af93b67729da613a1639888de"", ""size"": 6.25, ""price"": 0.16, ""timestamp"": 1770992473, ""title"": ""LoL: PCIFIC  vs SU Esports (BO5) - TCL Playoffs"", ""slug"": ""lol-pcific-su-2026-02-13"", ""icon"": ""https://polymarket-upload.s3.us-east-2.amazonaws.com/league_images/lol/league-of-legends-turkey-championship-league.png"", ""eventSlug"": ""lol-pcific-su-2026-02-13"", ""outcome"": ""PCIFIC "", ""outcomeIndex"": 0, ""name"": ""pic00900"", ""pseudonym"": ""Skinny-Tangerine"", ""bio"": """", ""profileImage"": """", ""profileImageOptimized"": """", ""transactionHash"": ""0x3ab1ae4fc7fec8d7792451beb0ad1806fbfac612202a12e599a00fb5fd4fb8da""}"
1770992473,2026-02-13T22:22:33.043385,0xc123864c9d1f171bd88fcbee673715b66ad4d30de077636e9719c9260022b3a7:1770992473,572473,5031084282167950494806674428243037744881029417420880897305642929037077494331,BUY,0.45,309.0,139.05,0xc123864c9d1f171bd88fcbee673715b66ad4d30de077636e9719c9260022b3a7,"{""proxyWallet"": ""0x1d0034134e339a309700ff2d34e99fa2d48b0313"", ""side"": ""BUY"", ""asset"": ""102012655051920632231883756277271987058318402710611322809661225961610319597737"", ""conditionId"": ""0xb2697b95ce2310083217affbe9280171afc2c36b6410b3c7fb30de940cc40d6c"", ""size"": 309, ""price"": 0.45, ""timestamp"": 1770992473, ""title"": ""Bitcoin Up or Down - February 13, 9:20AM-9:25AM ET"", ""slug"": ""btc-updown-5m-1770992400"", ""icon"": ""https://polymarket-upload.s3.us-east-2.amazonaws.com/BTC+fullsize.png"", ""eventSlug"": ""btc-updown-5m-1770992400"", ""outcome"": ""Down"", ""outcomeIndex"": 1, ""name"": ""0x1d0034134e339a309700ff2d34e99fa2d48b031"", ""pseudonym"": ""Canine-Commandment"", ""bio"": """", ""profileImage"": """", ""profileImageOptimized"": """", ""transactionHash"": ""0xc123864c9d1f171bd88fcbee673715b66ad4d30de077636e9719c9260022b3a7""}"
1770992473,2026-02-13T22:22:33.043396,0x73b9900c7ee663bba1fad11e4ce351de4c37e7d7a7d1ffe24b30d70852d59d8b:1770992473,572473,5031084282167950494806674428243037744881029417420880897305642929037077494331,BUY,0.48,2.25,1.08,0x73b9900c7ee663bba1fad11e4ce351de4c37e7d7a7d1ffe24b30d70852d59d8b,"{""proxyWallet"": ""0xaeaf20d612b72e06750577bd69fbf08983349ce1"", ""side"": ""BUY"", ""asset"": ""102012655051920632231883756277271987058318402710611322809661225961610319597737"", ""conditionId"": ""0xb2697b95ce2310083217affbe9280171afc2c36b6410b3c7fb30de940cc40d6c"", ""size"": 2.25, ""price"": 0.48, ""timestamp"": 1770992473, ""title"": ""Bitcoin Up or Down - February 13, 9:20AM-9:25AM ET"", ""slug"": ""btc-updown-5m-1770992400"", ""icon"": ""https://polymarket-upload.s3.us-east-2.amazonaws.com/BTC+fullsize.png"", ""eventSlug"": ""btc-updown-5m-1770992400"", ""outcome"": ""Down"", ""outcomeIndex"": 1, ""name"": ""Phoenix999"", ""pseudonym"": ""Colossal-Facet"", ""bio"": """", ""profileImage"": """", ""profileImageOptimized"": """", ""transactionHash"": ""0x73b9900c7ee663bba1fad11e4ce351de4c37e7d7a7d1ffe24b30d70852d59d8b""}"
1770992473,2026-02-13T22:22:33.043408,0xb882c7b26d85826d7feceb250b3f7484ce628067db35250415769ee9aed66db2:1770992473,572473,5031084282167950494806674428243037744881029417420880897305642929037077494331,BUY,0.48,7.2,3.456,0xb882c7b26d85826d7feceb250b3f7484ce628067db35250415769ee9aed66db2,"{""proxyWallet"": ""0x08fa533dec6b248cac94452e2b5710cfb8d22a7a"", ""side"": ""BUY"", ""asset"": ""102012655051920632231883756277271987058318402710611322809661225961610319597737"", ""conditionId"": ""0xb2697b95ce2310083217affbe9280171afc2c36b6410b3c7fb30de940cc40d6c"", ""size"": 7.2, ""price"": 0.48, ""timestamp"": 1770992473, ""title"": ""Bitcoin Up or Down - February 13, 9:20AM-9:25AM ET"", ""slug"": ""btc-updown-5m-1770992400"", ""icon"": ""https://polymarket-upload.s3.us-east-2.amazonaws.com/BTC+fullsize.png"", ""eventSlug"": ""btc-updown-5m-1770992400"", ""outcome"": ""Down"", ""outcomeIndex"": 1, ""name"": ""stage-"", ""pseudonym"": ""Hot-Leprosy"", ""bio"": """", ""profileImage"": """", ""profileImageOptimized"": """", ""transactionHash"": ""0xb882c7b26d85826d7feceb250b3f7484ce628067db35250415769ee9aed66db2""}"
1770992473,2026-02-13T22:22:33.043419,0x1c9121ce5e4dcd0afa8adc19be9a11bb76f3b739992cf72d5cb750b18116c74b:1770992473,572473,5031084282167950494806674428243037744881029417420880897305642929037077494331,BUY,0.53999978399989,2.037036,1.099999,0x1c9121ce5e4dcd0afa8adc19be9a11bb76f3b739992cf72d5cb750b18116c74b,"{""proxyWallet"": ""0xc1d799177ea4ca55ef64202f11954d24ee0273a1"", ""side"": ""BUY"", ""asset"": ""93496684515931670886846477414544893096894498769921495646606644940460801887649"", ""conditionId"": ""0xb2697b95ce2310083217affbe9280171afc2c36b6410b3c7fb30de940cc40d6c"", ""size"": 2.037036, ""price"": 0.53999978399989, ""timestamp"": 1770992473, ""title"": ""Bitcoin Up or Down - February 13, 9:20AM-9:25AM ET"", ""slug"": ""btc-updown-5m-1770992400"", ""icon"": ""https://polymarket-upload.s3.us-east-2.amazonaws.com/BTC+fullsize.png"", ""eventSlug"": ""btc-updown-5m-1770992400"", ""outcome"": ""Up"", ""outcomeIndex"": 0, ""name"": ""asdasdasdsad3213"", ""pseudonym"": ""Melodic-Experience"", ""bio"": """", ""profileImage"": """", ""profileImageOptimized"": """", ""transactionHash"": ""0x1c9121ce5e4dcd0afa8adc19be9a11bb76f3b739992cf72d5cb750b18116c74b""}"
1770992473,2026-02-13T22:22:33.043430,0x5a92d0a416ca121389921dc3fad68fb397eca2150507c25a56f6f6e00d2436f0:1770992473,572473,5031084282167950494806674428243037744881029417420880897305642929037077494331,BUY,0.13,20.0,2.6,0x5a92d0a416ca121389921dc3fad68fb397eca2150507c25a56f6f6e00d2436f0,"{""proxyWallet"": ""0xd0d6053c3c37e727402d84c14069780d360993aa"", ""side"": ""BUY"", ""asset"": ""79977699093326922498273634549052678411362219648189898097966968380456514170585"", ""conditionId"": ""0x4489d71363e1894219fc1379130c93c763f4343e5851dfbee687e753ab823569"", ""size"": 20, ""price"": 0.13, ""timestamp"": 1770992473, ""title"": ""Bitcoin Up or Down - February 13, 9:15AM-9:30AM ET"", ""slug"": ""btc-updown-15m-1770992100"", ""icon"": ""https://polymarket-upload.s3.us-east-2.amazonaws.com/BTC+fullsize.png"", ""eventSlug"": ""btc-updown-15m-1770992100"", ""outcome"": ""Down"", ""outcomeIndex"": 1, ""name"": ""k9Q2mX4L8A7ZP3R"", ""pseudonym"": ""Uncommon-Oat"", ""bio"": """", ""profileImage"": """", ""profileImageOptimized"": """", ""transactionHash"": ""0x5a92d0a416ca121389921dc3fad68fb397eca2150507c25a56f6f6e00d2436f0""}"
1770992473,2026-02-13T22:22:33.043441,0x4885e044f679ad3878c11c9329d7620e6556d0de7e7ef0f2a4f201fc517f2ca0:1770992473,572473,5031084282167950494806674428243037744881029417420880897305642929037077494331,BUY,0.55,5.2,2.8600000000000003,0x4885e044f679ad3878c11c9329d7620e6556d0de7e7ef0f2a4f201fc517f2ca0,"{""proxyWallet"": ""0xdda6da91bc3c05ff6e549c3671861958a371925a"", ""side"": ""BUY"", ""asset"": ""93496684515931670886846477414544893096894498769921495646606644940460801887649"", ""conditionId"": ""0xb2697b95ce2310083217affbe9280171afc2c36b6410b3c7fb30de940cc40d6c"", ""size"": 5.2, ""price"": 0.55, ""timestamp"": 1770992473, ""title"": ""Bitcoin Up or Down - February 13, 9:20AM-9:25AM ET"", ""slug"": ""btc-updown-5m-1770992400"", ""icon"": ""https://polymarket-upload.s3.us-east-2.amazonaws.com/BTC+fullsize.png"", ""eventSlug"": ""btc-updown-5m-1770992400"", ""outcome"": ""Up"", ""outcomeIndex"": 0, ""name"": ""wownotagain"", ""pseudonym"": ""Rosy-Promise"", ""bio"": """", ""profileImage"": """", ""profileImageOptimized"": """", ""transactionHash"": ""0x4885e044f679ad3878c11c9329d7620e6556d0de7e7ef0f2a4f201fc517f2ca0""}"
1770992473,2026-02-13T22:22:33.043452,0x3e5544271c0d1c766295aaf420e3d8725db52d819f33f9274293ebeabbbdbcba:1770992473,572473,5031084282167950494806674428243037744881029417420880897305642929037077494331,BUY,0.88,1.15,1.012,0x3e5544271c0d1c766295aaf420e3d8725db52d819f33f9274293ebeabbbdbcba,"{""proxyWallet"": ""0x8b23c5c953b4c0eab4e24d473f8ce73f1cd60448"", ""side"": ""BUY"", ""asset"": ""26994972425347435898442897109407523146459743206917823865905991587285356057190"", ""conditionId"": ""0x4489d71363e1894219fc1379130c93c763f4343e5851dfbee687e753ab823569"", ""size"": 1.15, ""price"": 0.88, ""timestamp"": 1770992473, ""title"": ""Bitcoin Up or Down - February 13, 9:15AM-9:30AM ET"", ""slug"": ""btc-updown-15m-1770992100"", ""icon"": ""https://polymarket-upload.s3.us-east-2.amazonaws.com/BTC+fullsize.png"", ""eventSlug"": ""btc-updown-15m-1770992100"", ""outcome"": ""Up"", ""outcomeIndex"": 0, ""name"": """", ""pseudonym"": """", ""bio"": """", ""profileImage"": """", ""profileImageOptimized"": """", ""transactionHash"": ""0x3e5544271c0d1c766295aaf420e3d8725db52d819f33f9274293ebeabbbdbcba""}"
1770992473,2026-02-13T22:22:33.043463,0x8ce9a2e1a192a45d07e9dfd07584037015d8dcc80b7cf4ae86561c3acd9f133c:1770992473,572473,5031084282167950494806674428243037744881029417420880897305642929037077494331,BUY,0.40999999070046655,36.560974,14.989999000000001,0x8ce9a2e1a192a45d07e9dfd07584037015d8dcc80b7cf4ae86561c3acd9f133c,"{""proxyWallet"": ""0x03864969d446a41976dd96b805287106c2ea2b1a"", ""side"": ""BUY"", ""asset"": ""46784478127971683292667264998972492749875790693861584273948027910943456340873"", ""conditionId"": ""0xa0f7cc67dd27226c60b837a4a9ca4bf8a7d2b6536d4c91879897520eb675569c"", ""size"": 36.560974, ""price"": 0.40999999070046655, ""timestamp"": 1770992473, ""title"": ""Counter-Strike: Lazer Cats vs WW Team (BO3) - ESL Challenger League Europe Cup 1 Playoffs"", ""slug"": ""cs2-lc-ww-2026-02-13"", ""icon"": ""https://polymarket-upload.s3.us-east-2.amazonaws.com/counter-strike-image-16c415c538.png"", ""eventSlug"": ""cs2-lc-ww-2026-02-13"", ""outcome"": ""Lazer Cats"", ""outcomeIndex"": 0, ""name"": ""sabbaka"", ""pseudonym"": ""Numb-Luncheonette"", ""bio"": """", ""profileImage"": """", ""profileImageOptimized"": """", ""transactionHash"": ""0x8ce9a2e1a192a45d07e9dfd07584037015d8dcc80b7cf4ae86561c3acd9f133c""}"
1770992473,2026-02-13T22:22:33.043476,0x2cecb72bb8300e66a35e849b6de4afb71f0dfd057cd994c080178775fe5e15b7:1770992473,572473,5031084282167950494806674428243037744881029417420880897305642929037077494331,BUY,0.44,10.0,4.4,0x2cecb72bb8300e66a35e849b6de4afb71f0dfd057cd994c080178775fe5e15b7,"{""proxyWallet"": ""0xc21be9277a84523f3cc2dad3466aa4bf3efa31d1"", ""side"": ""BUY"", ""asset"": ""115402316013721386181076982876320770213926283768029502113447618127723607164254"", ""conditionId"": ""0xc0479626c6ec12a82d2859ef3ef321f07d65945ba6cffa8ad6524cb76be9f9a4"", ""size"": 10, ""price"": 0.44, ""timestamp"": 1770992473, ""title"": ""S&P 500 (SPX) Up or Down on February 13?"", ""slug"": ""spx-up-or-down-on-february-13-2026"", ""icon"": ""https://polymarket-upload.s3.us-east-2.amazonaws.com/s-and-p-500-1e40af6979.png"", ""eventSlug"": ""spx-up-or-down-on-february-13-2026"", ""outcome"": ""Down"", ""outcomeIndex"": 1, ""name"": ""Geepiti"", ""pseudonym"": ""Charming-Vibration"", ""bio"": """", ""profileImage"": """", ""profileImageOptimized"": """", ""transactionHash"": ""0x2cecb72bb8300e66a35e849b6de4afb71f0dfd057cd994c080178775fe5e15b7""}"
1770992473,2026-02-13T22:22:33.043488,0xefda6ab8e306221bf5ac0038775344c4044463b110d459cd50c69dd12c3bf2a7:1770992473,572473,5031084282167950494806674428243037744881029417420880897305642929037077494331,BUY,0.49,2003.0,981.47,0xefda6ab8e306221bf5ac0038775344c4044463b110d459cd50c69dd12c3bf2a7,"{""proxyWallet"": ""0xcbafd2e1e2695eb8e6cc09fef08dbaeec73c5c8e"", ""side"": ""BUY"", ""asset"": ""36527984184091698379501253167691740752284116426994814007315766793776506809902"", ""conditionId"": ""0xc75a6b98f049070cebb59b1c271e4250e73fd1aaaee170721aeb63243ba10374"", ""size"": 2003, ""price"": 0.49, ""timestamp"": 1770992473, ""title"": ""Ethereum Up or Down on February 14?"", ""slug"": ""ethereum-up-or-down-on-february-14"", ""icon"": ""https://polymarket-upload.s3.us-east-2.amazonaws.com/ETH+fullsize.jpg"", ""eventSlug"": ""ethereum-up-or-down-on-february-14"", ""outcome"": ""Up"", ""outcomeIndex"": 0, ""name"": """", ""pseudonym"": """", ""bio"": """", ""profileImage"": """", ""profileImageOptimized"": """", ""transactionHash"": ""0xefda6ab8e306221bf5ac0038775344c4044463b110d459cd50c69dd12c3bf2a7""}"
1770992473,2026-02-13T22:22:33.043500,0x27e5847b6c07d095dea012c5937c701aed45a191be3366d245584acdbc7fd2c8:1770992473,572473,5031084282167950494806674428243037744881029417420880897305642929037077494331,BUY,0.44,5.09,2.2396,0x27e5847b6c07d095dea012c5937c701aed45a191be3366d245584acdbc7fd2c8,"{""proxyWallet"": ""0x0d1e1cff2abc78b5e11e4905cf9f5153600929fb"", ""side"": ""BUY"", ""asset"": ""77398886128896601709554449678211342065041521890458637558067156628996434193804"", ""conditionId"": ""0x5916c88fff873d17e08a3916d081b9b69a47247426d123d5ad461c979487d1d3"", ""size"": 5.09, ""price"": 0.44, ""timestamp"": 1770992473, ""title"": ""Will France win the gold medal for Winter Olympics 2026: Biathlon - Men's 4 X 7.5km Relay at the 2026 Milano Cortina Winter Olympics?"", ""slug"": ""2026-winter-olympics-winter-olympics-2026-biathlon-mens-4-x-75km-relay-france"", ""icon"": ""https://polymarket-upload.s3.us-east-2.amazonaws.com/country-flags/fra.png"", ""eventSlug"": ""2026-winter-olympics-winter-olympics-2026-biathlon-mens-4-x-75km-relay"", ""outcome"": ""Yes"", ""outcomeIndex"": 0, ""name"": ""Dahlman"", ""pseudonym"": ""Empty-Contrary"", ""bio"": """", ""profileImage"": """", ""profileImageOptimized"": """", ""transactionHash"": ""0x27e5847b6c07d095dea012c5937c701aed45a191be3366d245584acdbc7fd2c8""}"
1770992473,2026-02-13T22:22:33.043512,0x90e88fcc3442fb930276326ca08a800b01bd1e0753deb4c4d28763f671f63124:1770992473,572473,5031084282167950494806674428243037744881029417420880897305642929037077494331,BUY,0.49,2.0,0.98,0x90e88fcc3442fb930276326ca08a800b01bd1e0753deb4c4d28763f671f63124,"{""proxyWallet"": ""0x6ad6c3950c45c38dc095a38f9ced4de4870bedd5"", ""side"": ""BUY"", ""asset"": ""102012655051920632231883756277271987058318402710611322809661225961610319597737"", ""conditionId"": ""0xb2697b95ce2310083217affbe9280171afc2c36b6410b3c7fb30de940cc40d6c"", ""size"": 2, ""price"": 0.49, ""timestamp"": 1770992473, ""title"": ""Bitcoin Up or Down - February 13, 9:20AM-9:25AM ET"", ""slug"": ""btc-updown-5m-1770992400"", ""icon"": ""https://polymarket-upload.s3.us-east-2.amazonaws.com/BTC+fullsize.png"", ""eventSlug"": ""btc-updown-5m-1770992400"", ""outcome"": ""Down"", ""outcomeIndex"": 1, ""name"": ""ChandiWala"", ""pseudonym"": ""Mature-Interviewer"", ""bio"": """", ""profileImage"": """", ""profileImageOptimized"": """", ""transactionHash"": ""0x90e88fcc3442fb930276326ca08a800b01bd1e0753deb4c4d28763f671f63124""}"
1770992473,2026-02-13T22:22:33.043523,0x711af3ab3e889b5f650e1b8ba1f8eb49907eb6b617568177206203f27ec752b3:1770992473,572473,5031084282167950494806674428243037744881029417420880897305642929037077494331,BUY,0.14,3.25,0.45500000000000007,0x711af3ab3e889b5f650e1b8ba1f8eb49907eb6b617568177206203f27ec752b3,"{""proxyWallet"": ""0x03c3b0236c5a01051381482e77f2210349073a1d"", ""side"": ""BUY"", ""asset"": ""79977699093326922498273634549052678411362219648189898097966968380456514170585"", ""conditionId"": ""0x4489d71363e1894219fc1379130c93c763f4343e5851dfbee687e753ab823569"", ""size"": 3.25, ""price"": 0.14, ""timestamp"": 1770992473, ""title"": ""Bitcoin Up or Down - February 13, 9:15AM-9:30AM ET"", ""slug"": ""btc-updown-15m-1770992100"", ""icon"": ""https://polymarket-upload.s3.us-east-2.amazonaws.com/BTC+fullsize.png"", ""eventSlug"": ""btc-updown-15m-1770992100"", ""outcome"": ""Down"", ""outcomeIndex"": 1, ""name"": ""likebot"", ""pseudonym"": ""Bleak-Sustainment"", ""bio"": """", ""profileImage"": """", ""profileImageOptimized"": """", ""transactionHash"": ""0x711af3ab3e889b5f650e1b8ba1f8eb49907eb6b617568177206203f27ec752b3""}"
1770992473,2026-02-13T22:22:33.043535,0xd4566015543e8d0c83b73709028d1e07606fdee8d2e79e8a77151904e41ee3d1:1770992473,572473,5031084282167950494806674428243037744881029417420880897305642929037077494331,BUY,0.5199999833599972,9.615383,4.999999,0xd4566015543e8d0c83b73709028d1e07606fdee8d2e79e8a77151904e41ee3d1,"{""proxyWallet"": ""0xca1aadfc6095083a0a81ba479d0ee93bd2743222"", ""side"": ""BUY"", ""asset"": ""93496684515931670886846477414544893096894498769921495646606644940460801887649"", ""conditionId"": ""0xb2697b95ce2310083217affbe9280171afc2c36b6410b3c7fb30de940cc40d6c"", ""size"": 9.615383, ""price"": 0.5199999833599972, ""timestamp"": 1770992473, ""title"": ""Bitcoin Up or Down - February 13, 9:20AM-9:25AM ET"", ""slug"": ""btc-updown-5m-1770992400"", ""icon"": ""https://polymarket-upload.s3.us-east-2.amazonaws.com/BTC+fullsize.png"", ""eventSlug"": ""btc-updown-5m-1770992400"", ""outcome"": ""Up"", ""outcomeIndex"": 0, ""name"": ""0xca1AaDFc6095083a0A81Ba479D0ee93Bd2743222-1770983443624"", ""pseudonym"": ""New-Bugle"", ""bio"": """", ""profileImage"": """", ""profileImageOptimized"": """", ""transactionHash"": ""0xd4566015543e8d0c83b73709028d1e07606fdee8d2e79e8a77151904e41ee3d1""}"
1770992473,2026-02-13T22:22:33.043547,0x8271eec6998863dc8bb9d30f17609489d32d302c479949a2e5b288b0f7f73972:1770992473,572473,5031084282167950494806674428243037744881029417420880897305642929037077494331,SELL,0.949,22.36,21.21964,0x8271eec6998863dc8bb9d30f17609489d32d302c479949a2e5b288b0f7f73972,"{""proxyWallet"": ""0xaf002a981f0bc391c6b578d97b1e93c2a62ae63e"", ""side"": ""SELL"", ""asset"": ""55290827599553280245963175724940496753557722439999671239772487781170052583987"", ""conditionId"": ""0xd65891729ce093cc12236856837eba1a0872fc7998fd4294c21346f7db68079c"", ""size"": 22.36, ""price"": 0.949, ""timestamp"": 1770992473, ""title"": ""Will Josh Shapiro win the 2028 Democratic presidential nomination?"", ""slug"": ""will-josh-shapiro-win-the-2028-democratic-presidential-nomination-977"", ""icon"": ""https://polymarket-upload.s3.us-east-2.amazonaws.com/will-josh-shapiro-win-the-2028-us-presidential-election-h3nL-gpVkam1.png"", ""eventSlug"": ""democratic-presidential-nominee-2028"", ""outcome"": ""No"", ""outcomeIndex"": 1, ""name"": ""coinbull"", ""pseudonym"": ""Uncommon-Sip"", ""bio"": """", ""profileImage"": """", ""profileImageOptimized"": """", ""transactionHash"": ""0x8271eec6998863dc8bb9d30f17609489d32d302c479949a2e5b288b0f7f73972""}"
1770992473,2026-02-13T22:22:33.043559,0xd6bc8e167f938c353ddd228dd9ba3484e0bf14ebaff95364fbe9ab459e71ee30:1770992473,572473,5031084282167950494806674428243037744881029417420880897305642929037077494331,BUY,0.14,10.0,1.4000000000000001,0xd6bc8e167f938c353ddd228dd9ba3484e0bf14ebaff95364fbe9ab459e71ee30,"{""proxyWallet"": ""0x2c743b52e9d518af9a1340a1660ccdd987606173"", ""side"": ""BUY"", ""asset"": ""79977699093326922498273634549052678411362219648189898097966968380456514170585"", ""conditionId"": ""0x4489d71363e1894219fc1379130c93c763f4343e5851dfbee687e753ab823569"", ""size"": 10, ""price"": 0.14, ""timestamp"": 1770992473, ""title"": ""Bitcoin Up or Down - February 13, 9:15AM-9:30AM ET"", ""slug"": ""btc-updown-15m-1770992100"", ""icon"": ""https://polymarket-upload.s3.us-east-2.amazonaws.com/BTC+fullsize.png"", ""eventSlug"": ""btc-updown-15m-1770992100"", ""outcome"": ""Down"", ""outcomeIndex"": 1, ""name"": ""hel0"", ""pseudonym"": ""Weighty-Resale"", ""bio"": """", ""profileImage"": """", ""profileImageOptimized"": """", ""transactionHash"": ""0xd6bc8e167f938c353ddd228dd9ba3484e0bf14ebaff95364fbe9ab459e71ee30""}"
1770992473,2026-02-13T22:22:33.043587,0x2764eac2956dec187364b95fa2985920f38a79f266685b5188e5845e235c420e:1770992473,572473,5031084282167950494806674428243037744881029417420880897305642929037077494331,BUY,0.52,1.923075,0.9999990000000001,0x2764eac2956dec187364b95fa2985920f38a79f266685b5188e5845e235c420e,"{""proxyWallet"": ""0x53913b2ea55123697c4edcbe2f3129ade85783ae"", ""side"": ""BUY"", ""asset"": ""93496684515931670886846477414544893096894498769921495646606644940460801887649"", ""conditionId"": ""0xb2697b95ce2310083217affbe9280171afc2c36b6410b3c7fb30de940cc40d6c"", ""size"": 1.923075, ""price"": 0.52, ""timestamp"": 1770992473, ""title"": ""Bitcoin Up or Down - February 13, 9:20AM-9:25AM ET"", ""slug"": ""btc-updown-5m-1770992400"", ""icon"": ""https://polymarket-upload.s3.us-east-2.amazonaws.com/BTC+fullsize.png"", ""eventSlug"": ""btc-updown-5m-1770992400"", ""outcome"": ""Up"", ""outcomeIndex"": 0, ""name"": ""0x53913B2eA55123697C4edCbE2f3129aDe85783aE-1714585791860"", ""pseudonym"": ""Reliable-Captain"", ""bio"": """", ""profileImage"": """", ""profileImageOptimized"": """", ""transactionHash"": ""0x2764eac2956dec187364b95fa2985920f38a79f266685b5188e5845e235c420e""}"
1770992473,2026-02-13T22:22:33.043600,0x8c457d9073a0c943d7bb64acc83e8cf1e7539feb7e4eb44f9bfa5aa21a11fcfb:1770992473,572473,5031084282167950494806674428243037744881029417420880897305642929037077494331,BUY,0.5199999243635786,2.115383,1.099999,0x8c457d9073a0c943d7bb64acc83e8cf1e7539feb7e4eb44f9bfa5aa21a11fcfb,"{""proxyWallet"": ""0xc1d799177ea4ca55ef64202f11954d24ee0273a1"", ""side"": ""BUY"", ""asset"": ""93496684515931670886846477414544893096894498769921495646606644940460801887649"", ""conditionId"": ""0xb2697b95ce2310083217affbe9280171afc2c36b6410b3c7fb30de940cc40d6c"", ""size"": 2.115383, ""price"": 0.5199999243635786, ""timestamp"": 1770992473, ""title"": ""Bitcoin Up or Down - February 13, 9:20AM-9:25AM ET"", ""slug"": ""btc-updown-5m-1770992400"", ""icon"": ""https://polymarket-upload.s3.us-east-2.amazonaws.com/BTC+fullsize.png"", ""eventSlug"": ""btc-updown-5m-1770992400"", ""outcome"": ""Up"", ""outcomeIndex"": 0, ""name"": ""asdasdasdsad3213"", ""pseudonym"": ""Melodic-Experience"", ""bio"": """", ""profileImage"": """", ""profileImageOptimized"": """", ""transactionHash"": ""0x8c457d9073a0c943d7bb64acc83e8cf1e7539feb7e4eb44f9bfa5aa21a11fcfb""}"
1770992473,2026-02-13T22:22:33.043612,0xe4bc8585e1feb2af02962c05818c9e2fbc5ceb1b5be61687ba6200a0c7a0ad5a:1770992473,572473,5031084282167950494806674428243037744881029417420880897305642929037077494331,BUY,0.5199998142856148,2.153845,1.119999,0xe4bc8585e1feb2af02962c05818c9e2fbc5ceb1b5be61687ba6200a0c7a0ad5a,"{""proxyWallet"": ""0xdda6da91bc3c05ff6e549c3671861958a371925a"", ""side"": ""BUY"", ""asset"": ""93496684515931670886846477414544893096894498769921495646606644940460801887649"", ""conditionId"": ""0xb2697b95ce2310083217affbe9280171afc2c36b6410b3c7fb30de940cc40d6c"", ""size"": 2.153845, ""price"": 0.5199998142856148, ""timestamp"": 1770992473, ""title"": ""Bitcoin Up or Down - February 13, 9:20AM-9:25AM ET"", ""slug"": ""btc-updown-5m-1770992400"", ""icon"": ""https://polymarket-upload.s3.us-east-2.amazonaws.com/BTC+fullsize.png"", ""eventSlug"": ""btc-updown-5m-1770992400"", ""outcome"": ""Up"", ""outcomeIndex"": 0, ""name"": ""wownotagain"", ""pseudonym"": ""Rosy-Promise"", ""bio"": """", ""profileImage"": """", ""profileImageOptimized"": """", ""transactionHash"": ""0xe4bc8585e1feb2af02962c05818c9e2fbc5ceb1b5be61687ba6200a0c7a0ad5a""}"
1770992473,2026-02-13T22:22:33.043625,0x8b6b7fb15bfd590ef2aebb9ba63b909941f857dcc7a8ef7f47fd10803d29030d:1770992473,572473,5031084282167950494806674428243037744881029417420880897305642929037077494331,SELL,0.999,27.33,27.30267,0x8b6b7fb15bfd590ef2aebb9ba63b909941f857dcc7a8ef7f47fd10803d29030d,"{""proxyWallet"": ""0xa4c8bc6b3940ebf7a8b405d0799402dfd014b225"", ""side"": ""SELL"", ""asset"": ""87857057238009225667554875830367124077268012083284011070267692876875594738729"", ""conditionId"": ""0x8c5699dd31e0782b3bff9d3aaf4a0f4077a1449cfa8d2e821c6e881e033c4afb"", ""size"": 27.33, ""price"": 0.999, ""timestamp"": 1770992473, ""title"": ""Will Fulham win the 2025–26 English Premier League?"", ""slug"": ""will-fulham-win-the-202526-english-premier-league"", ""icon"": ""https://polymarket-upload.s3.us-east-2.amazonaws.com/will-fulham-win-the-202526-english-premier-league-ojjlv3G4FY4d.jpg"", ""eventSlug"": ""english-premier-league-winner"", ""outcome"": ""No"", ""outcomeIndex"": 1, ""name"": ""LisaClark387"", ""pseudonym"": ""Teeming-Enjoyment"", ""bio"": """", ""profileImage"": """", ""profileImageOptimized"": """", ""transactionHash"": ""0x8b6b7fb15bfd590ef2aebb9ba63b909941f857dcc7a8ef7f47fd10803d29030d""}"
1770992473,2026-02-13T22:22:33.043644,0x3d1f5fa4e118fbd7d1e61da58b65e0a05b98dc0e6ca03cb6d851af5b35b5953a:1770992473,572473,5031084282167950494806674428243037744881029417420880897305642929037077494331,BUY,0.14,10.0,1.4000000000000001,0x3d1f5fa4e118fbd7d1e61da58b65e0a05b98dc0e6ca03cb6d851af5b35b5953a,"{""proxyWallet"": ""0x2c743b52e9d518af9a1340a1660ccdd987606173"", ""side"": ""BUY"", ""asset"": ""79977699093326922498273634549052678411362219648189898097966968380456514170585"", ""conditionId"": ""0x4489d71363e1894219fc1379130c93c763f4343e5851dfbee687e753ab823569"", ""size"": 10, ""price"": 0.14, ""timestamp"": 1770992473, ""title"": ""Bitcoin Up or Down - February 13, 9:15AM-9:30AM ET"", ""slug"": ""btc-updown-15m-1770992100"", ""icon"": ""https://polymarket-upload.s3.us-east-2.amazonaws.com/BTC+fullsize.png"", ""eventSlug"": ""btc-updown-15m-1770992100"", ""outcome"": ""Down"", ""outcomeIndex"": 1, ""name"": ""hel0"", ""pseudonym"": ""Weighty-Resale"", ""bio"": """", ""profileImage"": """", ""profileImageOptimized"": """", ""transactionHash"": ""0x3d1f5fa4e118fbd7d1e61da58b65e0a05b98dc0e6ca03cb6d851af5b35b5953a""}"
1770992473,2026-02-13T22:22:33.043655,0xb9339f02952fd1eeda70075de8f1a2f177c73d668e4c61ee4b48a55bc4e74db6:1770992473,572473,5031084282167950494806674428243037744881029417420880897305642929037077494331,BUY,0.4899999802589908,14.183672,6.949999,0xb9339f02952fd1eeda70075de8f1a2f177c73d668e4c61ee4b48a55bc4e74db6,"{""proxyWallet"": ""0x4716ff10e355ecbfacb6854d82a547d4c955d1e1"", ""side"": ""BUY"", ""asset"": ""102012655051920632231883756277271987058318402710611322809661225961610319597737"", ""conditionId"": ""0xb2697b95ce2310083217affbe9280171afc2c36b6410b3c7fb30de940cc40d6c"", ""size"": 14.183672, ""price"": 0.4899999802589908, ""timestamp"": 1770992473, ""title"": ""Bitcoin Up or Down - February 13, 9:20AM-9:25AM ET"", ""slug"": ""btc-updown-5m-1770992400"", ""icon"": ""https://polymarket-upload.s3.us-east-2.amazonaws.com/BTC+fullsize.png"", ""eventSlug"": ""btc-updown-5m-1770992400"", ""outcome"": ""Down"", ""outcomeIndex"": 1, ""name"": """", ""pseudonym"": """", ""bio"": """", ""profileImage"": """", ""profileImageOptimized"": """", ""transactionHash"": ""0xb9339f02952fd1eeda70075de8f1a2f177c73d668e4c61ee4b48a55bc4e74db6""}"
1770992473,2026-02-13T22:22:33.043671,0xf20dfa403edc5b931aed1860beffd97ebe8bc22c1d610af78ee2535ccc81cdbb:1770992473,572473,5031084282167950494806674428243037744881029417420880897305642929037077494331,BUY,0.5,155.0,77.5,0xf20dfa403edc5b931aed1860beffd97ebe8bc22c1d610af78ee2535ccc81cdbb,"{""proxyWallet"": ""0x125ed7c238d84a13186fea4b2156b6e619b0f773"", ""side"": ""BUY"", ""asset"": ""13327623601829281401838479557912197386272572477234165612062485560399873978822"", ""conditionId"": ""0x89dd96b12bf1ff3370f46a9e0f74c532c518fecc8f6f374c4bbc16b98d5d139d"", ""size"": 155, ""price"": 0.5, ""timestamp"": 1770992473, ""title"": ""Bitcoin Up or Down - February 13, 9:30AM-9:45AM ET"", ""slug"": ""btc-updown-15m-1770993000"", ""icon"": ""https://polymarket-upload.s3.us-east-2.amazonaws.com/BTC+fullsize.png"", ""eventSlug"": ""btc-updown-15m-1770993000"", ""outcome"": ""Up"", ""outcomeIndex"": 0, ""name"": ""niemadowodu"", ""pseudonym"": ""Icy-Con"", ""bio"": """", ""profileImage"": """", ""profileImageOptimized"": """", ""transactionHash"": ""0xf20dfa403edc5b931aed1860beffd97ebe8bc22c1d610af78ee2535ccc81cdbb""}"
1770992473,2026-02-13T22:22:33.043683,0x82dc7ffbdc5d179d56e027ae25742719dc55803ef2360aa0f19f73bd1ca3115a:1770992473,572473,5031084282167950494806674428243037744881029417420880897305642929037077494331,SELL,0.19,4.78,0.9082,0x82dc7ffbdc5d179d56e027ae25742719dc55803ef2360aa0f19f73bd1ca3115a,"{""proxyWallet"": ""0x84a926d291ae9a4a2d723ce32713d99e89f6dbc4"", ""side"": ""SELL"", ""asset"": ""73863389047364311729171625226082439999288548227803524810816150400327376572888"", ""conditionId"": ""0x6995678ed5f481941cc4de37512cfe77b1b20e6fd9ba35e284360061d2687d8f"", ""size"": 4.78, ""price"": 0.19, ""timestamp"": 1770992473, ""title"": ""Will Google have the best AI model at the end of February 2026?"", ""slug"": ""will-google-have-the-best-ai-model-at-the-end-of-february-2026"", ""icon"": ""https://polymarket-upload.s3.us-east-2.amazonaws.com/will-google-have-the-top-ai-model-on-february-28-MS2LhSAdlHGk.jpg"", ""eventSlug"": ""which-company-has-the-best-ai-model-end-of-february"", ""outcome"": ""Yes"", ""outcomeIndex"": 0, ""name"": """", ""pseudonym"": """", ""bio"": """", ""profileImage"": """", ""profileImageOptimized"": """", ""transactionHash"": ""0x82dc7ffbdc5d179d56e027ae25742719dc55803ef2360aa0f19f73bd1ca3115a""}"
1770992473,2026-02-13T22:22:33.043697,0xc10a176050ab25f219ab81dbc45f7e2134e2360fab1f3f66bfae2e3bb99ffe49:1770992473,572473,5031084282167950494806674428243037744881029417420880897305642929037077494331,BUY,0.997,1.003,0.9999909999999999,0xc10a176050ab25f219ab81dbc45f7e2134e2360fab1f3f66bfae2e3bb99ffe49,"{""proxyWallet"": ""0xb4a86e2e1668b53152073fb68c079faf18c7eb2a"", ""side"": ""BUY"", ""asset"": ""26931935981849487432974092272149465194193124280855613375789384756197153004430"", ""conditionId"": ""0xf44be44443ce01401fd5f2f90fe8564d22ac66c513d059ad6e1d204cbcf1246b"", ""size"": 1.003, ""price"": 0.997, ""timestamp"": 1770992473, ""title"": ""Will Elon Musk post 420-439 tweets from February 6 to February 13, 2026?"", ""slug"": ""elon-musk-of-tweets-february-6-february-13-420-439"", ""icon"": ""https://polymarket-upload.s3.us-east-2.amazonaws.com/elon-musk-of-tweets-nov-22-29-apMPG21-pzx_.jpg"", ""eventSlug"": ""elon-musk-of-tweets-february-6-february-13"", ""outcome"": ""No"", ""outcomeIndex"": 1, ""name"": ""Z050"", ""pseudonym"": ""Kooky-Danger"", ""bio"": """", ""profileImage"": """", ""profileImageOptimized"": """", ""transactionHash"": ""0xc10a176050ab25f219ab81dbc45f7e2134e2360fab1f3f66bfae2e3bb99ffe49""}"
1770992473,2026-02-13T22:22:33.043710,0xff29cafc073f5991bcfa4156f21b6bc69cb2ab67c112577b8c2994a999d796d5:1770992473,572473,5031084282167950494806674428243037744881029417420880897305642929037077494331,BUY,0.52,2.75,1.4300000000000002,0xff29cafc073f5991bcfa4156f21b6bc69cb2ab67c112577b8c2994a999d796d5,"{""proxyWallet"": ""0x20a2f72aeb2f1643752ee380adacbfaa04ecdc15"", ""side"": ""BUY"", ""asset"": ""93496684515931670886846477414544893096894498769921495646606644940460801887649"", ""conditionId"": ""0xb2697b95ce2310083217affbe9280171afc2c36b6410b3c7fb30de940cc40d6c"", ""size"": 2.75, ""price"": 0.52, ""timestamp"": 1770992473, ""title"": ""Bitcoin Up or Down - February 13, 9:20AM-9:25AM ET"", ""slug"": ""btc-updown-5m-1770992400"", ""icon"": ""https://polymarket-upload.s3.us-east-2.amazonaws.com/BTC+fullsize.png"", ""eventSlug"": ""btc-updown-5m-1770992400"", ""outcome"": ""Up"", ""outcomeIndex"": 0, ""name"": """", ""pseudonym"": """", ""bio"": """", ""profileImage"": """", ""profileImageOptimized"": """", ""transactionHash"": ""0xff29cafc073f5991bcfa4156f21b6bc69cb2ab67c112577b8c2994a999d796d5""}"
1770992473,2026-02-13T22:22:33.043722,0x9996cba8f0c54945512856f94ee4dc395766d83d24f554c8f9bb69d44056f1a0:1770992473,572473,5031084282167950494806674428243037744881029417420880897305642929037077494331,BUY,0.48999998039999687,10.20408,4.999999,0x9996cba8f0c54945512856f94ee4dc395766d83d24f554c8f9bb69d44056f1a0,"{""proxyWallet"": ""0x3c814eaa07cc8a6ebb0f01b495b5cbb3cba58a5f"", ""side"": ""BUY"", ""asset"": ""102012655051920632231883756277271987058318402710611322809661225961610319597737"", ""conditionId"": ""0xb2697b95ce2310083217affbe9280171afc2c36b6410b3c7fb30de940cc40d6c"", ""size"": 10.20408, ""price"": 0.48999998039999687, ""timestamp"": 1770992473, ""title"": ""Bitcoin Up or Down - February 13, 9:20AM-9:25AM ET"", ""slug"": ""btc-updown-5m-1770992400"", ""icon"": ""https://polymarket-upload.s3.us-east-2.amazonaws.com/BTC+fullsize.png"", ""eventSlug"": ""btc-updown-5m-1770992400"", ""outcome"": ""Down"", ""outcomeIndex"": 1, ""name"": """", ""pseudonym"": """", ""bio"": """", ""profileImage"": """", ""profileImageOptimized"": """", ""transactionHash"": ""0x9996cba8f0c54945512856f94ee4dc395766d83d24f554c8f9bb69d44056f1a0""}"
1770992473,2026-02-13T22:22:33.043734,0x609c7401fa8fbd1239b931e2a8da9a6045f1ee1366579daf61998c5973a65479:1770992473,572473,5031084282167950494806674428243037744881029417420880897305642929037077494331,BUY,0.5199999243635786,2.115383,1.099999,0x609c7401fa8fbd1239b931e2a8da9a6045f1ee1366579daf61998c5973a65479,"{""proxyWallet"": ""0xc1d799177ea4ca55ef64202f11954d24ee0273a1"", ""side"": ""BUY"", ""asset"": ""93496684515931670886846477414544893096894498769921495646606644940460801887649"", ""conditionId"": ""0xb2697b95ce2310083217affbe9280171afc2c36b6410b3c7fb30de940cc40d6c"", ""size"": 2.115383, ""price"": 0.5199999243635786, ""timestamp"": 1770992473, ""title"": ""Bitcoin Up or Down - February 13, 9:20AM-9:25AM ET"", ""slug"": ""btc-updown-5m-1770992400"", ""icon"": ""https://polymarket-upload.s3.us-east-2.amazonaws.com/BTC+fullsize.png"", ""eventSlug"": ""btc-updown-5m-1770992400"", ""outcome"": ""Up"", ""outcomeIndex"": 0, ""name"": ""asdasdasdsad3213"", ""pseudonym"": ""Melodic-Experience"", ""bio"": """", ""profileImage"": """", ""profileImageOptimized"": """", ""transactionHash"": ""0x609c7401fa8fbd1239b931e2a8da9a6045f1ee1366579daf61998c5973a65479""}"
1770992473,2026-02-13T22:22:33.043749,0x574f2a0b06fe9462f89ab9e5a64df5ae9f40607f6cbd7974084680728ede51b6:1770992473,572473,5031084282167950494806674428243037744881029417420880897305642929037077494331,BUY,0.009000000090000002,111.11111,1.0,0x574f2a0b06fe9462f89ab9e5a64df5ae9f40607f6cbd7974084680728ede51b6,"{""proxyWallet"": ""0xd2b86da404bc36bab60777a18e2e4f7197a88cf5"", ""side"": ""BUY"", ""asset"": ""96640334277532383038808470298284225409025885080390931857752996000021846948778"", ""conditionId"": ""0xa23d2e3cb5796377eee00d9afa8e5273cbb902f9743e9f24447d2a33d5978cfe"", ""size"": 111.11111, ""price"": 0.009000000090000002, ""timestamp"": 1770992473, ""title"": ""Will Keir Starmer be the next leader out before 2027?"", ""slug"": ""will-keir-starmer-be-the-next-leader-out-before-2027-132"", ""icon"": ""https://polymarket-upload.s3.us-east-2.amazonaws.com/first-leader-out-of-power-in-2025-NlLxK9yd_nKn.jpg"", ""eventSlug"": ""next-leader-out-of-power-before-2027-684"", ""outcome"": ""Yes"", ""outcomeIndex"": 0, ""name"": ""0xd2b86DA404Bc36Bab60777a18E2e4f7197A88cF5-1770730193385"", ""pseudonym"": ""Sane-Sprout"", ""bio"": """", ""profileImage"": """", ""profileImageOptimized"": """", ""transactionHash"": ""0x574f2a0b06fe9462f89ab9e5a64df5ae9f40607f6cbd7974084680728ede51b6""}"
1770992473,2026-02-13T22:22:33.043763,0x7d7c5d3f12d3f9a4b569f744a781dd6967a544627bcb2a6f42fc19709c73efa1:1770992473,572473,5031084282167950494806674428243037744881029417420880897305642929037077494331,SELL,0.977,1.78,1.73906,0x7d7c5d3f12d3f9a4b569f744a781dd6967a544627bcb2a6f42fc19709c73efa1,"{""proxyWallet"": ""0xec64c09bd6e66998e0a330854545d07a22db4ff9"", ""side"": ""SELL"", ""asset"": ""41909517390337506269578561946393939690952797212331290191404935145632561531096"", ""conditionId"": ""0x101c26a9ff336abf4dffeb109dc40b92d9f55882dd471e57ee875794a6561bf3"", ""size"": 1.78, ""price"": 0.977, ""timestamp"": 1770992473, ""title"": ""Will Marty Supreme win Best Picture at the 98th Academy Awards?"", ""slug"": ""will-marty-supreme-win-best-picture-at-the-98th-academy-awards"", ""icon"": ""https://polymarket-upload.s3.us-east-2.amazonaws.com/oscars-2026-best-picture-winner-GK5jjpLcUheC.jpg"", ""eventSlug"": ""oscars-2026-best-picture-winner"", ""outcome"": ""No"", ""outcomeIndex"": 1, ""name"": ""tcyc8xpt"", ""pseudonym"": ""Shallow-Snowman"", ""bio"": """", ""profileImage"": """", ""profileImageOptimized"": """", ""transactionHash"": ""0x7d7c5d3f12d3f9a4b569f744a781dd6967a544627bcb2a6f42fc19709c73efa1""}"
1770992473,2026-02-13T22:22:33.043777,0xf6a05ee420705d5a13f572c393aa74a5b3909a0f59281bd82507dfc76467592e:1770992473,572473,5031084282167950494806674428243037744881029417420880897305642929037077494331,BUY,0.69,13.0,8.969999999999999,0xf6a05ee420705d5a13f572c393aa74a5b3909a0f59281bd82507dfc76467592e,"{""proxyWallet"": ""0xead152b855effa6b5b5837f53b24c0756830c76a"", ""side"": ""BUY"", ""asset"": ""77871425922805716305353783731865033346785838533089267719469708614526786146515"", ""conditionId"": ""0x607d9daba25155bcfa34ba84517811b105e7abb969c629633795ab3e7ca54fa1"", ""size"": 13, ""price"": 0.69, ""timestamp"": 1770992473, ""title"": ""Will Paris Saint-Germain FC win on 2026-02-13?"", ""slug"": ""fl1-ren-psg-2026-02-13-psg"", ""icon"": ""https://polymarket-upload.s3.us-east-2.amazonaws.com/league-fl1.png"", ""eventSlug"": ""fl1-ren-psg-2026-02-13"", ""outcome"": ""Yes"", ""outcomeIndex"": 0, ""name"": ""elkmonkey"", ""pseudonym"": ""Unconscious-Penguin"", ""bio"": """", ""profileImage"": """", ""profileImageOptimized"": """", ""transactionHash"": ""0xf6a05ee420705d5a13f572c393aa74a5b3909a0f59281bd82507dfc76467592e""}"
1770992473,2026-02-13T22:22:33.043789,0xa831304a44efba1eb0c530dd320693f3010efa999d76a3d2cc4424c237e5195a:1770992473,572473,5031084282167950494806674428243037744881029417420880897305642929037077494331,BUY,0.48999998039999687,10.20408,4.999999,0xa831304a44efba1eb0c530dd320693f3010efa999d76a3d2cc4424c237e5195a,"{""proxyWallet"": ""0x15b86e2dd8c005a657b16cffd3ba88e4ce7ed55e"", ""side"": ""BUY"", ""asset"": ""102012655051920632231883756277271987058318402710611322809661225961610319597737"", ""conditionId"": ""0xb2697b95ce2310083217affbe9280171afc2c36b6410b3c7fb30de940cc40d6c"", ""size"": 10.20408, ""price"": 0.48999998039999687, ""timestamp"": 1770992473, ""title"": ""Bitcoin Up or Down - February 13, 9:20AM-9:25AM ET"", ""slug"": ""btc-updown-5m-1770992400"", ""icon"": ""https://polymarket-upload.s3.us-east-2.amazonaws.com/BTC+fullsize.png"", ""eventSlug"": ""btc-updown-5m-1770992400"", ""outcome"": ""Down"", ""outcomeIndex"": 1, ""name"": """", ""pseudonym"": """", ""bio"": """", ""profileImage"": """", ""profileImageOptimized"": """", ""transactionHash"": ""0xa831304a44efba1eb0c530dd320693f3010efa999d76a3d2cc4424c237e5195a""}"
1770992473,2026-02-13T22:22:33.043801,0x3062f0a43a3459ebb178a1f13648e4bef9f7dc8016900fa2399a61ff02478741:1770992473,572473,5031084282167950494806674428243037744881029417420880897305642929037077494331,BUY,0.489999967333321,4.591835,2.249999,0x3062f0a43a3459ebb178a1f13648e4bef9f7dc8016900fa2399a61ff02478741,"{""proxyWallet"": ""0x25abb6a1df72e2b54e58ce224001bb087c2becdb"", ""side"": ""BUY"", ""asset"": ""102012655051920632231883756277271987058318402710611322809661225961610319597737"", ""conditionId"": ""0xb2697b95ce2310083217affbe9280171afc2c36b6410b3c7fb30de940cc40d6c"", ""size"": 4.591835, ""price"": 0.489999967333321, ""timestamp"": 1770992473, ""title"": ""Bitcoin Up or Down - February 13, 9:20AM-9:25AM ET"", ""slug"": ""btc-updown-5m-1770992400"", ""icon"": ""https://polymarket-upload.s3.us-east-2.amazonaws.com/BTC+fullsize.png"", ""eventSlug"": ""btc-updown-5m-1770992400"", ""outcome"": ""Down"", ""outcomeIndex"": 1, ""name"": """", ""pseudonym"": """", ""bio"": """", ""profileImage"": """", ""profileImageOptimized"": """", ""transactionHash"": ""0x3062f0a43a3459ebb178a1f13648e4bef9f7dc8016900fa2399a61ff02478741""}"
1770992473,2026-02-13T22:22:33.043813,0x6286aab42eb3faf5ddd7a93f163cf604c1ae952e52c4ac83b41b549dd78297d6:1770992473,572473,5031084282167950494806674428243037744881029417420880897305642929037077494331,BUY,0.47999998079999695,10.416665,4.999999,0x6286aab42eb3faf5ddd7a93f163cf604c1ae952e52c4ac83b41b549dd78297d6,"{""proxyWallet"": ""0x15b86e2dd8c005a657b16cffd3ba88e4ce7ed55e"", ""side"": ""BUY"", ""asset"": ""102012655051920632231883756277271987058318402710611322809661225961610319597737"", ""conditionId"": ""0xb2697b95ce2310083217affbe9280171afc2c36b6410b3c7fb30de940cc40d6c"", ""size"": 10.416665, ""price"": 0.47999998079999695, ""timestamp"": 1770992473, ""title"": ""Bitcoin Up or Down - February 13, 9:20AM-9:25AM ET"", ""slug"": ""btc-updown-5m-1770992400"", ""icon"": ""https://polymarket-upload.s3.us-east-2.amazonaws.com/BTC+fullsize.png"", ""eventSlug"": ""btc-updown-5m-1770992400"", ""outcome"": ""Down"", ""outcomeIndex"": 1, ""name"": """", ""pseudonym"": """", ""bio"": """", ""profileImage"": """", ""profileImageOptimized"": """", ""transactionHash"": ""0x6286aab42eb3faf5ddd7a93f163cf604c1ae952e52c4ac83b41b549dd78297d6""}"
1770992473,2026-02-13T22:22:33.043826,0xeb5d5262d2cbfa5bfe24e8f89d69520782e4432508fde954d1039c2bb5ea6da3:1770992473,572473,5031084282167950494806674428243037744881029417420880897305642929037077494331,BUY,0.4899999950999984,6.122447,2.9999990000000003,0xeb5d5262d2cbfa5bfe24e8f89d69520782e4432508fde954d1039c2bb5ea6da3,"{""proxyWallet"": ""0x48c77929dc8346839fa4983aabbbcda5cd9509db"", ""side"": ""BUY"", ""asset"": ""102012655051920632231883756277271987058318402710611322809661225961610319597737"", ""conditionId"": ""0xb2697b95ce2310083217affbe9280171afc2c36b6410b3c7fb30de940cc40d6c"", ""size"": 6.122447, ""price"": 0.4899999950999984, ""timestamp"": 1770992473, ""title"": ""Bitcoin Up or Down - February 13, 9:20AM-9:25AM ET"", ""slug"": ""btc-updown-5m-1770992400"", ""icon"": ""https://polymarket-upload.s3.us-east-2.amazonaws.com/BTC+fullsize.png"", ""eventSlug"": ""btc-updown-5m-1770992400"", ""outcome"": ""Down"", ""outcomeIndex"": 1, ""name"": """", ""pseudonym"": """", ""bio"": """", ""profileImage"": """", ""profileImageOptimized"": """", ""transactionHash"": ""0xeb5d5262d2cbfa5bfe24e8f89d69520782e4432508fde954d1039c2bb5ea6da3""}"
1770992473,2026-02-13T22:22:33.043838,0xc3b8594bd274308b4a9da76a127bcac6a5c24a0cb91e91c27f80a4c59c287157:1770992473,572473,5031084282167950494806674428243037744881029417420880897305642929037077494331,BUY,0.48999995344998115,4.081631,1.9999989999999999,0xc3b8594bd274308b4a9da76a127bcac6a5c24a0cb91e91c27f80a4c59c287157,"{""proxyWallet"": ""0xdb385e01d86b4f38c365b9bc9fa1e2a972adf807"", ""side"": ""BUY"", ""asset"": ""102012655051920632231883756277271987058318402710611322809661225961610319597737"", ""conditionId"": ""0xb2697b95ce2310083217affbe9280171afc2c36b6410b3c7fb30de940cc40d6c"", ""size"": 4.081631, ""price"": 0.48999995344998115, ""timestamp"": 1770992473, ""title"": ""Bitcoin Up or Down - February 13, 9:20AM-9:25AM ET"", ""slug"": ""btc-updown-5m-1770992400"", ""icon"": ""https://polymarket-upload.s3.us-east-2.amazonaws.com/BTC+fullsize.png"", ""eventSlug"": ""btc-updown-5m-1770992400"", ""outcome"": ""Down"", ""outcomeIndex"": 1, ""name"": """", ""pseudonym"": """", ""bio"": """", ""profileImage"": """", ""profileImageOptimized"": """", ""transactionHash"": ""0xc3b8594bd274308b4a9da76a127bcac6a5c24a0cb91e91c27f80a4c59c287157""}"
1770992473,2026-02-13T22:22:33.043851,0x72a9602e42c31f6a98890f03780226b5b32b5334c2b112fc052cd52119868a1e:1770992473,572473,5031084282167950494806674428243037744881029417420880897305642929037077494331,BUY,0.48999998218180263,2.244896,1.099999,0x72a9602e42c31f6a98890f03780226b5b32b5334c2b112fc052cd52119868a1e,"{""proxyWallet"": ""0xfb59c4a792375c44c0a599f0851671a21cd1cd74"", ""side"": ""BUY"", ""asset"": ""102012655051920632231883756277271987058318402710611322809661225961610319597737"", ""conditionId"": ""0xb2697b95ce2310083217affbe9280171afc2c36b6410b3c7fb30de940cc40d6c"", ""size"": 2.244896, ""price"": 0.48999998218180263, ""timestamp"": 1770992473, ""title"": ""Bitcoin Up or Down - February 13, 9:20AM-9:25AM ET"", ""slug"": ""btc-updown-5m-1770992400"", ""icon"": ""https://polymarket-upload.s3.us-east-2.amazonaws.com/BTC+fullsize.png"", ""eventSlug"": ""btc-updown-5m-1770992400"", ""outcome"": ""Down"", ""outcomeIndex"": 1, ""name"": """", ""pseudonym"": """", ""bio"": """", ""profileImage"": """", ""profileImageOptimized"": """", ""transactionHash"": ""0x72a9602e42c31f6a98890f03780226b5b32b5334c2b112fc052cd52119868a1e""}"
1770992473,2026-02-13T22:22:33.043863,0x3aa2d54050a731fe29ccf90816bc84cf5a8769f187c6732967498e272f464234:1770992473,572473,5031084282167950494806674428243037744881029417420880897305642929037077494331,BUY,0.4899998784799329,2.551019,1.249999,0x3aa2d54050a731fe29ccf90816bc84cf5a8769f187c6732967498e272f464234,"{""proxyWallet"": ""0xe58810fc8d4730680f982fcfca1193c3ce080fbf"", ""side"": ""BUY"", ""asset"": ""102012655051920632231883756277271987058318402710611322809661225961610319597737"", ""conditionId"": ""0xb2697b95ce2310083217affbe9280171afc2c36b6410b3c7fb30de940cc40d6c"", ""size"": 2.551019, ""price"": 0.4899998784799329, ""timestamp"": 1770992473, ""title"": ""Bitcoin Up or Down - February 13, 9:20AM-9:25AM ET"", ""slug"": ""btc-updown-5m-1770992400"", ""icon"": ""https://polymarket-upload.s3.us-east-2.amazonaws.com/BTC+fullsize.png"", ""eventSlug"": ""btc-updown-5m-1770992400"", ""outcome"": ""Down"", ""outcomeIndex"": 1, ""name"": """", ""pseudonym"": """", ""bio"": """", ""profileImage"": """", ""profileImageOptimized"": """", ""transactionHash"": ""0x3aa2d54050a731fe29ccf90816bc84cf5a8769f187c6732967498e272f464234""}"
1770992473,2026-02-13T22:22:33.043875,0xba810bf4f2a8d3841ef6cb7cff5264a8fa87241e44f513332702dd39d2f6479f:1770992473,572473,5031084282167950494806674428243037744881029417420880897305642929037077494331,BUY,0.87,13.0,11.31,0xba810bf4f2a8d3841ef6cb7cff5264a8fa87241e44f513332702dd39d2f6479f,"{""proxyWallet"": ""0x05d17ab73f7403e99d3c448513d65a1942994bef"", ""side"": ""BUY"", ""asset"": ""26994972425347435898442897109407523146459743206917823865905991587285356057190"", ""conditionId"": ""0x4489d71363e1894219fc1379130c93c763f4343e5851dfbee687e753ab823569"", ""size"": 13, ""price"": 0.87, ""timestamp"": 1770992473, ""title"": ""Bitcoin Up or Down - February 13, 9:15AM-9:30AM ET"", ""slug"": ""btc-updown-15m-1770992100"", ""icon"": ""https://polymarket-upload.s3.us-east-2.amazonaws.com/BTC+fullsize.png"", ""eventSlug"": ""btc-updown-15m-1770992100"", ""outcome"": ""Up"", ""outcomeIndex"": 0, ""name"": ""goodbyekitty"", ""pseudonym"": ""Rectangular-Import"", ""bio"": """", ""profileImage"": """", ""profileImageOptimized"": """", ""transactionHash"": ""0xba810bf4f2a8d3841ef6cb7cff5264a8fa87241e44f513332702dd39d2f6479f""}"
1770992473,2026-02-13T22:22:33.043887,0x03cccc24a39fc7a267a1830a42b68863dd4bdb6587bf4bb0e880fd2faa3991b9:1770992473,572473,5031084282167950494806674428243037744881029417420880897305642929037077494331,BUY,0.4899998784799329,2.551019,1.249999,0x03cccc24a39fc7a267a1830a42b68863dd4bdb6587bf4bb0e880fd2faa3991b9,"{""proxyWallet"": ""0xe58810fc8d4730680f982fcfca1193c3ce080fbf"", ""side"": ""BUY"", ""asset"": ""102012655051920632231883756277271987058318402710611322809661225961610319597737"", ""conditionId"": ""0xb2697b95ce2310083217affbe9280171afc2c36b6410b3c7fb30de940cc40d6c"", ""size"": 2.551019, ""price"": 0.4899998784799329, ""timestamp"": 1770992473, ""title"": ""Bitcoin Up or Down - February 13, 9:20AM-9:25AM ET"", ""slug"": ""btc-updown-5m-1770992400"", ""icon"": ""https://polymarket-upload.s3.us-east-2.amazonaws.com/BTC+fullsize.png"", ""eventSlug"": ""btc-updown-5m-1770992400"", ""outcome"": ""Down"", ""outcomeIndex"": 1, ""name"": """", ""pseudonym"": """", ""bio"": """", ""profileImage"": """", ""profileImageOptimized"": """", ""transactionHash"": ""0x03cccc24a39fc7a267a1830a42b68863dd4bdb6587bf4bb0e880fd2faa3991b9""}"
1770992473,2026-02-13T22:22:33.043899,0xff49e4d138f9333503e1fb773502355e4f999d8acd1827c645ca3b07a69d13d2:1770992473,572473,5031084282167950494806674428243037744881029417420880897305642929037077494331,BUY,0.48999999009191014,11.102039,5.439998999999999,0xff49e4d138f9333503e1fb773502355e4f999d8acd1827c645ca3b07a69d13d2,"{""proxyWallet"": ""0x22fcf29bb8dfe6f62d0983f3f9d022b385ba55d2"", ""side"": ""BUY"", ""asset"": ""102012655051920632231883756277271987058318402710611322809661225961610319597737"", ""conditionId"": ""0xb2697b95ce2310083217affbe9280171afc2c36b6410b3c7fb30de940cc40d6c"", ""size"": 11.102039, ""price"": 0.48999999009191014, ""timestamp"": 1770992473, ""title"": ""Bitcoin Up or Down - February 13, 9:20AM-9:25AM ET"", ""slug"": ""btc-updown-5m-1770992400"", ""icon"": ""https://polymarket-upload.s3.us-east-2.amazonaws.com/BTC+fullsize.png"", ""eventSlug"": ""btc-updown-5m-1770992400"", ""outcome"": ""Down"", ""outcomeIndex"": 1, ""name"": """", ""pseudonym"": """", ""bio"": """", ""profileImage"": """", ""profileImageOptimized"": """", ""transactionHash"": ""0xff49e4d138f9333503e1fb773502355e4f999d8acd1827c645ca3b07a69d13d2""}"
1770992473,2026-02-13T22:22:33.043918,0xe51bd5de4d1921a8fcf441dddb1d820f52fca224c9236a71899721b4596fb309:1770992473,572473,5031084282167950494806674428243037744881029417420880897305642929037077494331,BUY,0.5299999611333103,2.830187,1.499999,0xe51bd5de4d1921a8fcf441dddb1d820f52fca224c9236a71899721b4596fb309,"{""proxyWallet"": ""0x15fa68925bde8017f1c6143145872ade81c19cee"", ""side"": ""BUY"", ""asset"": ""93496684515931670886846477414544893096894498769921495646606644940460801887649"", ""conditionId"": ""0xb2697b95ce2310083217affbe9280171afc2c36b6410b3c7fb30de940cc40d6c"", ""size"": 2.830187, ""price"": 0.5299999611333103, ""timestamp"": 1770992473, ""title"": ""Bitcoin Up or Down - February 13, 9:20AM-9:25AM ET"", ""slug"": ""btc-updown-5m-1770992400"", ""icon"": ""https://polymarket-upload.s3.us-east-2.amazonaws.com/BTC+fullsize.png"", ""eventSlug"": ""btc-updown-5m-1770992400"", ""outcome"": ""Up"", ""outcomeIndex"": 0, ""name"": """", ""pseudonym"": """", ""bio"": """", ""profileImage"": """", ""profileImageOptimized"": """", ""transactionHash"": ""0xe51bd5de4d1921a8fcf441dddb1d820f52fca224c9236a71899721b4596fb309""}"
1770992473,2026-02-13T22:22:33.043931,0xb7e5c14c8fe5b77560268300802bec3337ac3e6256c9b62bae69f51f47779ac3:1770992473,572473,5031084282167950494806674428243037744881029417420880897305642929037077494331,BUY,0.933,18.03,16.821990000000003,0xb7e5c14c8fe5b77560268300802bec3337ac3e6256c9b62bae69f51f47779ac3,"{""proxyWallet"": ""0xb95e984f072710e69109ee03759d1a0922bfdc45"", ""side"": ""BUY"", ""asset"": ""26890459666562518130876295284144647143504759262811197504274347102239033858901"", ""conditionId"": ""0x20fd4cf096367edbd429168764db975b582249a7a3818684d051f445a3efaed1"", ""size"": 18.03, ""price"": 0.933, ""timestamp"": 1770992473, ""title"": ""Will Dominique de Villepin win the 2027 French presidential election?"", ""slug"": ""will-dominique-de-villepin-win-the-2027-french-presidential-election"", ""icon"": ""https://polymarket-upload.s3.us-east-2.amazonaws.com/will-dominique-de-villepin-win-the-2027-french-presidential-election-56Ww0YEdkQZK.jpg"", ""eventSlug"": ""next-french-presidential-election"", ""outcome"": ""No"", ""outcomeIndex"": 1, ""name"": ""3j0h12yp"", ""pseudonym"": ""Dangerous-Sphynx"", ""bio"": """", ""profileImage"": """", ""profileImageOptimized"": """", ""transactionHash"": ""0xb7e5c14c8fe5b77560268300802bec3337ac3e6256c9b62bae69f51f47779ac3""}"
1770992473,2026-02-13T22:22:33.043943,0x8ce2bf104b5b20e2026cbcebdcefe9077c5a3a4386c8127d8b5017e863da68c5:1770992473,572473,5031084282167950494806674428243037744881029417420880897305642929037077494331,BUY,0.5599999796363458,1.964284,1.099999,0x8ce2bf104b5b20e2026cbcebdcefe9077c5a3a4386c8127d8b5017e863da68c5,"{""proxyWallet"": ""0xc1d799177ea4ca55ef64202f11954d24ee0273a1"", ""side"": ""BUY"", ""asset"": ""93592335077885155149180749547902498833461659100587815942176991599393358900076"", ""conditionId"": ""0x63b78326a8de19a65606874e669c02704fea27203945d1ac767fe57efa7d209e"", ""size"": 1.964284, ""price"": 0.5599999796363458, ""timestamp"": 1770992473, ""title"": ""Bitcoin Up or Down - February 13, 9AM ET"", ""slug"": ""bitcoin-up-or-down-february-13-9am-et"", ""icon"": ""https://polymarket-upload.s3.us-east-2.amazonaws.com/BTC+fullsize.png"", ""eventSlug"": ""bitcoin-up-or-down-february-13-9am-et"", ""outcome"": ""Up"", ""outcomeIndex"": 0, ""name"": ""asdasdasdsad3213"", ""pseudonym"": ""Melodic-Experience"", ""bio"": """", ""profileImage"": """"