timestamp,datetime,trade_id,market_id,token_id,side,price,size,amount,tx_hash,raw
1771004645,2026-02-14T01:58:28.775637,0xb8e2063f2c78f98fbab66b5c492a6d0f9b8babc58bfa53efcd9bdef8c3b2fcdb:1771004645,561251,39223330966352513418907732239455948906399882924787587183466504819170775983376,SELL,0.007,42.75,0.29925,0xb8e2063f2c78f98fbab66b5c492a6d0f9b8babc58bfa53efcd9bdef8c3b2fcdb,"{""proxyWallet"": ""0xa66790e2b0075e73c3781ddaf1d0b875a3aaceb3"", ""side"": ""SELL"", ""asset"": ""39223330966352513418907732239455948906399882924787587183466504819170775983376"", ""conditionId"": ""0x836b850fc838195374862551a36f1c8691d96ff01e58b0a071f0fc1a0e357fb1"", ""size"": 42.75, ""price"": 0.007, ""timestamp"": 1771004645, ""title"": ""Will LeBron James win the 2028 US Presidential Election?"", ""slug"": ""will-lebron-james-win-the-2028-us-presidential-election"", ""icon"": ""https://polymarket-upload.s3.us-east-2.amazonaws.com/Lebron_James.png"", ""eventSlug"": ""presidential-election-winner-2028"", ""outcome"": ""Yes"", ""outcomeIndex"": 0, ""name"": ""Elias.Thornwell"", ""pseudonym"": ""Arctic-Kickoff"", ""bio"": """", ""profileImage"": """", ""profileImageOptimized"": """", ""transactionHash"": ""0xb8e2063f2c78f98fbab66b5c492a6d0f9b8babc58bfa53efcd9bdef8c3b2fcdb""}"
1771001693,2026-02-14T01:58:28.775679,0x95ae9ebc0f237463f80443dc7791b61dc4608a5721b2a21c76b15175c2366776:1771001693,561251,39223330966352513418907732239455948906399882924787587183466504819170775983376,SELL,0.007,119.0,0.833,0x95ae9ebc0f237463f80443dc7791b61dc4608a5721b2a21c76b15175c2366776,"{""proxyWallet"": ""0xabc773d169dc50d872cc5cb118e89cbcc7494835"", ""side"": ""SELL"", ""asset"": ""39223330966352513418907732239455948906399882924787587183466504819170775983376"", ""conditionId"": ""0x836b850fc838195374862551a36f1c8691d96ff01e58b0a071f0fc1a0e357fb1"", ""size"": 119, ""price"": 0.007, ""timestamp"": 1771001693, ""title"": ""Will LeBron James win the 2028 US Presidential Election?"", ""slug"": ""will-lebron-james-win-the-2028-us-presidential-election"", ""icon"": ""https://polymarket-upload.s3.us-east-2.amazonaws.com/Lebron_James.png"", ""eventSlug"": ""presidential-election-winner-2028"", ""outcome"": ""Yes"", ""outcomeIndex"": 0, ""name"": ""olsonjonathan"", ""pseudonym"": ""Complex-Cashew"", ""bio"": """", ""profileImage"": """", ""profileImageOptimized"": """", ""transactionHash"": ""0x95ae9ebc0f237463f80443dc7791b61dc4608a5721b2a21c76b15175c2366776""}"
1771000975,2026-02-14T01:58:28.775696,0x404390405615a00747e581037bb02f7c0a87c9440ca5415cf607c468569e197d:1771000975,561251,39223330966352513418907732239455948906399882924787587183466504819170775983376,SELL,0.007,63.0,0.441,0x404390405615a00747e581037bb02f7c0a87c9440ca5415cf607c468569e197d,"{""proxyWallet"": ""0x9cace9090723efd56a13ace2e3f4e2eddf542d4e"", ""side"": ""SELL"", ""asset"": ""39223330966352513418907732239455948906399882924787587183466504819170775983376"", ""conditionId"": ""0x836b850fc838195374862551a36f1c8691d96ff01e58b0a071f0fc1a0e357fb1"", ""size"": 63, ""price"": 0.007, ""timestamp"": 1771000975, ""title"": ""Will LeBron James win the 2028 US Presidential Election?"", ""slug"": ""will-lebron-james-win-the-2028-us-presidential-election"", ""icon"": ""https://polymarket-upload.s3.us-east-2.amazonaws.com/Lebron_James.png"", ""eventSlug"": ""presidential-election-winner-2028"", ""outcome"": ""Yes"", ""outcomeIndex"": 0, ""name"": ""richardmarquez"", ""pseudonym"": ""Ringed-Interchange"", ""bio"": """", ""profileImage"": """", ""profileImageOptimized"": """", ""transactionHash"": ""0x404390405615a00747e581037bb02f7c0a87c9440ca5415cf607c468569e197d""}"
1770998519,2026-02-14T01:58:28.775710,0x1df41c7a33fad86e6f65cf5ae57d4df5660721d3f8f6872058ea2d2995dc7eb9:1770998519,561251,39223330966352513418907732239455948906399882924787587183466504819170775983376,SELL,0.007,125.0,0.875,0x1df41c7a33fad86e6f65cf5ae57d4df5660721d3f8f6872058ea2d2995dc7eb9,"{""proxyWallet"": ""0x2ce990baecad35ddbdffa8ae14015dd66e268a98"", ""side"": ""SELL"", ""asset"": ""39223330966352513418907732239455948906399882924787587183466504819170775983376"", ""conditionId"": ""0x836b850fc838195374862551a36f1c8691d96ff01e58b0a071f0fc1a0e357fb1"", ""size"": 125, ""price"": 0.007, ""timestamp"": 1770998519, ""title"": ""Will LeBron James win the 2028 US Presidential Election?"", ""slug"": ""will-lebron-james-win-the-2028-us-presidential-election"", ""icon"": ""https://polymarket-upload.s3.us-east-2.amazonaws.com/Lebron_James.png"", ""eventSlug"": ""presidential-election-winner-2028"", ""outcome"": ""Yes"", ""outcomeIndex"": 0, ""name"": """", ""pseudonym"": """", ""bio"": """", ""profileImage"": """", ""profileImageOptimized"": """", ""transactionHash"": ""0x1df41c7a33fad86e6f65cf5ae57d4df5660721d3f8f6872058ea2d2995dc7eb9""}"
1770998451,2026-02-14T01:58:28.775723,0xdfca300447bf16b94eebc71b0ed3f84300e958ab0108e92ec2e172326e3974a1:1770998451,561251,39223330966352513418907732239455948906399882924787587183466504819170775983376,BUY,0.008,125.0,1.0,0xdfca300447bf16b94eebc71b0ed3f84300e958ab0108e92ec2e172326e3974a1,"{""proxyWallet"": ""0x2ce990baecad35ddbdffa8ae14015dd66e268a98"", ""side"": ""BUY"", ""asset"": ""39223330966352513418907732239455948906399882924787587183466504819170775983376"", ""conditionId"": ""0x836b850fc838195374862551a36f1c8691d96ff01e58b0a071f0fc1a0e357fb1"", ""size"": 125, ""price"": 0.008, ""timestamp"": 1770998451, ""title"": ""Will LeBron James win the 2028 US Presidential Election?"", ""slug"": ""will-lebron-james-win-the-2028-us-presidential-election"", ""icon"": ""https://polymarket-upload.s3.us-east-2.amazonaws.com/Lebron_James.png"", ""eventSlug"": ""presidential-election-winner-2028"", ""outcome"": ""Yes"", ""outcomeIndex"": 0, ""name"": """", ""pseudonym"": """", ""bio"": """", ""profileImage"": """", ""profileImageOptimized"": """", ""transactionHash"": ""0xdfca300447bf16b94eebc71b0ed3f84300e958ab0108e92ec2e172326e3974a1""}"
1770998079,2026-02-14T01:58:28.775736,0x02b1ca64fab176f070c629b0cc7e212e5de1634ea4e9f30c8b1929e79688663a:1770998079,561251,39223330966352513418907732239455948906399882924787587183466504819170775983376,BUY,0.008,230.32,1.84256,0x02b1ca64fab176f070c629b0cc7e212e5de1634ea4e9f30c8b1929e79688663a,"{""proxyWallet"": ""0xb39c472ddea666903398b22c998d77a223c77d07"", ""side"": ""BUY"", ""asset"": ""39223330966352513418907732239455948906399882924787587183466504819170775983376"", ""conditionId"": ""0x836b850fc838195374862551a36f1c8691d96ff01e58b0a071f0fc1a0e357fb1"", ""size"": 230.32, ""price"": 0.008, ""timestamp"": 1770998079, ""title"": ""Will LeBron James win the 2028 US Presidential Election?"", ""slug"": ""will-lebron-james-win-the-2028-us-presidential-election"", ""icon"": ""https://polymarket-upload.s3.us-east-2.amazonaws.com/Lebron_James.png"", ""eventSlug"": ""presidential-election-winner-2028"", ""outcome"": ""Yes"", ""outcomeIndex"": 0, ""name"": ""claude00"", ""pseudonym"": ""Sturdy-Badger"", ""bio"": """", ""profileImage"": """", ""profileImageOptimized"": """", ""transactionHash"": ""0x02b1ca64fab176f070c629b0cc7e212e5de1634ea4e9f30c8b1929e79688663a""}"
1770995059,2026-02-14T01:58:28.775751,0xb4ffea708d91ae6d2c46048f42c5b12e0fb041cf077421288c651f4ebfc2f83d:1770995059,561251,39223330966352513418907732239455948906399882924787587183466504819170775983376,BUY,0.008,2567.0,20.536,0xb4ffea708d91ae6d2c46048f42c5b12e0fb041cf077421288c651f4ebfc2f83d,"{""proxyWallet"": ""0x607e774bdf19ddc332fc5f419426a1cbddd62c57"", ""side"": ""BUY"", ""asset"": ""39223330966352513418907732239455948906399882924787587183466504819170775983376"", ""conditionId"": ""0x836b850fc838195374862551a36f1c8691d96ff01e58b0a071f0fc1a0e357fb1"", ""size"": 2567, ""price"": 0.008, ""timestamp"": 1770995059, ""title"": ""Will LeBron James win the 2028 US Presidential Election?"", ""slug"": ""will-lebron-james-win-the-2028-us-presidential-election"", ""icon"": ""https://polymarket-upload.s3.us-east-2.amazonaws.com/Lebron_James.png"", ""eventSlug"": ""presidential-election-winner-2028"", ""outcome"": ""Yes"", ""outcomeIndex"": 0, ""name"": ""RowanBlake"", ""pseudonym"": ""Firm-Analogy"", ""bio"": """", ""profileImage"": """", ""profileImageOptimized"": """", ""transactionHash"": ""0xb4ffea708d91ae6d2c46048f42c5b12e0fb041cf077421288c651f4ebfc2f83d""}"
1770994439,2026-02-14T01:58:28.775763,0xa3d6791d3a975b09fb596987960c2ceb174c7e13ae5f24c53c1c7d1f20eb460a:1770994439,561251,39223330966352513418907732239455948906399882924787587183466504819170775983376,BUY,0.008,3200.0,25.6,0xa3d6791d3a975b09fb596987960c2ceb174c7e13ae5f24c53c1c7d1f20eb460a,"{""proxyWallet"": ""0x9d61b7f7faa2d16a6fe9f0e93a0a025e85e78306"", ""side"": ""BUY"", ""asset"": ""39223330966352513418907732239455948906399882924787587183466504819170775983376"", ""conditionId"": ""0x836b850fc838195374862551a36f1c8691d96ff01e58b0a071f0fc1a0e357fb1"", ""size"": 3200, ""price"": 0.008, ""timestamp"": 1770994439, ""title"": ""Will LeBron James win the 2028 US Presidential Election?"", ""slug"": ""will-lebron-james-win-the-2028-us-presidential-election"", ""icon"": ""https://polymarket-upload.s3.us-east-2.amazonaws.com/Lebron_James.png"", ""eventSlug"": ""presidential-election-winner-2028"", ""outcome"": ""Yes"", ""outcomeIndex"": 0, ""name"": ""KiananJude"", ""pseudonym"": ""Each-Patio"", ""bio"": """", ""profileImage"": """", ""profileImageOptimized"": """", ""transactionHash"": ""0xa3d6791d3a975b09fb596987960c2ceb174c7e13ae5f24c53c1c7d1f20eb460a""}"
1770973953,2026-02-14T01:58:28.775785,0xdad2495c6ea024e310521d42366f8a64c15d6603b7bbd792b2ec9581021c3e89:1770973953,561251,39223330966352513418907732239455948906399882924787587183466504819170775983376,SELL,0.007,100.0,0.7000000000000001,0xdad2495c6ea024e310521d42366f8a64c15d6603b7bbd792b2ec9581021c3e89,"{""proxyWallet"": ""0x0d097318ea10c5f82d32eb1499b2a53c0487dd55"", ""side"": ""SELL"", ""asset"": ""39223330966352513418907732239455948906399882924787587183466504819170775983376"", ""conditionId"": ""0x836b850fc838195374862551a36f1c8691d96ff01e58b0a071f0fc1a0e357fb1"", ""size"": 100, ""price"": 0.007, ""timestamp"": 1770973953, ""title"": ""Will LeBron James win the 2028 US Presidential Election?"", ""slug"": ""will-lebron-james-win-the-2028-us-presidential-election"", ""icon"": ""https://polymarket-upload.s3.us-east-2.amazonaws.com/Lebron_James.png"", ""eventSlug"": ""presidential-election-winner-2028"", ""outcome"": ""Yes"", ""outcomeIndex"": 0, ""name"": ""Fermatter"", ""pseudonym"": ""Proper-Opening"", ""bio"": """", ""profileImage"": """", ""profileImageOptimized"": """", ""transactionHash"": ""0xdad2495c6ea024e310521d42366f8a64c15d6603b7bbd792b2ec9581021c3e89""}"
1770973363,2026-02-14T01:58:28.775797,0x61f0014b0acf2b0463c1b1758254adffd81a3679fb0a6134a0d1cecb2fe54c07:1770973363,561251,39223330966352513418907732239455948906399882924787587183466504819170775983376,BUY,0.008,126.25,1.01,0x61f0014b0acf2b0463c1b1758254adffd81a3679fb0a6134a0d1cecb2fe54c07,"{""proxyWallet"": ""0x28c2215958aaf74a4ac24905511b354d1bd6ac19"", ""side"": ""BUY"", ""asset"": ""39223330966352513418907732239455948906399882924787587183466504819170775983376"", ""conditionId"": ""0x836b850fc838195374862551a36f1c8691d96ff01e58b0a071f0fc1a0e357fb1"", ""size"": 126.25, ""price"": 0.008, ""timestamp"": 1770973363, ""title"": ""Will LeBron James win the 2028 US Presidential Election?"", ""slug"": ""will-lebron-james-win-the-2028-us-presidential-election"", ""icon"": ""https://polymarket-upload.s3.us-east-2.amazonaws.com/Lebron_James.png"", ""eventSlug"": ""presidential-election-winner-2028"", ""outcome"": ""Yes"", ""outcomeIndex"": 0, ""name"": """", ""pseudonym"": """", ""bio"": """", ""profileImage"": """", ""profileImageOptimized"": """", ""transactionHash"": ""0x61f0014b0acf2b0463c1b1758254adffd81a3679fb0a6134a0d1cecb2fe54c07""}"
1770973363,2026-02-14T01:58:28.775809,0x44fc3db9e3f99f2ee999840b502d149ebeaf704c06d5e044715ff1554d1f7b12:1770973363,561251,39223330966352513418907732239455948906399882924787587183466504819170775983376,BUY,0.008,125.0,1.0,0x44fc3db9e3f99f2ee999840b502d149ebeaf704c06d5e044715ff1554d1f7b12,"{""proxyWallet"": ""0x25b5336bd64074da3fca8f166f21401bad1c6d67"", ""side"": ""BUY"", ""asset"": ""39223330966352513418907732239455948906399882924787587183466504819170775983376"", ""conditionId"": ""0x836b850fc838195374862551a36f1c8691d96ff01e58b0a071f0fc1a0e357fb1"", ""size"": 125, ""price"": 0.008, ""timestamp"": 1770973363, ""title"": ""Will LeBron James win the 2028 US Presidential Election?"", ""slug"": ""will-lebron-james-win-the-2028-us-presidential-election"", ""icon"": ""https://polymarket-upload.s3.us-east-2.amazonaws.com/Lebron_James.png"", ""eventSlug"": ""presidential-election-winner-2028"", ""outcome"": ""Yes"", ""outcomeIndex"": 0, ""name"": ""Kendelman"", ""pseudonym"": ""Glum-Daylight"", ""bio"": """", ""profileImage"": """", ""profileImageOptimized"": """", ""transactionHash"": ""0x44fc3db9e3f99f2ee999840b502d149ebeaf704c06d5e044715ff1554d1f7b12""}"
1770973357,2026-02-14T01:58:28.775820,0x4458cb4010f06d3251b648ed6018fec32cc32fb0d5a240e7e3f8a3723168a667:1770973357,561251,39223330966352513418907732239455948906399882924787587183466504819170775983376,SELL,0.007,125000.0,875.0,0x4458cb4010f06d3251b648ed6018fec32cc32fb0d5a240e7e3f8a3723168a667,"{""proxyWallet"": ""0x5fe745de625411f3376e67d5708481b98b5d44a2"", ""side"": ""SELL"", ""asset"": ""39223330966352513418907732239455948906399882924787587183466504819170775983376"", ""conditionId"": ""0x836b850fc838195374862551a36f1c8691d96ff01e58b0a071f0fc1a0e357fb1"", ""size"": 125000, ""price"": 0.007, ""timestamp"": 1770973357, ""title"": ""Will LeBron James win the 2028 US Presidential Election?"", ""slug"": ""will-lebron-james-win-the-2028-us-presidential-election"", ""icon"": ""https://polymarket-upload.s3.us-east-2.amazonaws.com/Lebron_James.png"", ""eventSlug"": ""presidential-election-winner-2028"", ""outcome"": ""Yes"", ""outcomeIndex"": 0, ""name"": ""electionplayer"", ""pseudonym"": """", ""bio"": """", ""profileImage"": """", ""profileImageOptimized"": """", ""transactionHash"": ""0x4458cb4010f06d3251b648ed6018fec32cc32fb0d5a240e7e3f8a3723168a667""}"
1770972657,2026-02-14T01:58:28.775832,0x3cd908602a45e73ab90ca3bc156e38f188cc2cdfaaaf1c5a4577c78895689a30:1770972657,561251,39223330966352513418907732239455948906399882924787587183466504819170775983376,BUY,0.008,3737.5,29.900000000000002,0x3cd908602a45e73ab90ca3bc156e38f188cc2cdfaaaf1c5a4577c78895689a30,"{""proxyWallet"": ""0x4870e91d065d7898f0b194a4e8795d0b891c0b47"", ""side"": ""BUY"", ""asset"": ""39223330966352513418907732239455948906399882924787587183466504819170775983376"", ""conditionId"": ""0x836b850fc838195374862551a36f1c8691d96ff01e58b0a071f0fc1a0e357fb1"", ""size"": 3737.5, ""price"": 0.008, ""timestamp"": 1770972657, ""title"": ""Will LeBron James win the 2028 US Presidential Election?"", ""slug"": ""will-lebron-james-win-the-2028-us-presidential-election"", ""icon"": ""https://polymarket-upload.s3.us-east-2.amazonaws.com/Lebron_James.png"", ""eventSlug"": ""presidential-election-winner-2028"", ""outcome"": ""Yes"", ""outcomeIndex"": 0, ""name"": ""7ih75"", ""pseudonym"": ""Noteworthy-Board"", ""bio"": """", ""profileImage"": """", ""profileImageOptimized"": """", ""transactionHash"": ""0x3cd908602a45e73ab90ca3bc156e38f188cc2cdfaaaf1c5a4577c78895689a30""}"
1770972309,2026-02-14T01:58:28.775844,0xdf53d6a59158db22ffdf3f3a92ef835106e5913715dd0a9d6cb2dae5192b69a5:1770972309,561251,39223330966352513418907732239455948906399882924787587183466504819170775983376,BUY,0.008,126.25,1.01,0xdf53d6a59158db22ffdf3f3a92ef835106e5913715dd0a9d6cb2dae5192b69a5,"{""proxyWallet"": ""0x28c2215958aaf74a4ac24905511b354d1bd6ac19"", ""side"": ""BUY"", ""asset"": ""39223330966352513418907732239455948906399882924787587183466504819170775983376"", ""conditionId"": ""0x836b850fc838195374862551a36f1c8691d96ff01e58b0a071f0fc1a0e357fb1"", ""size"": 126.25, ""price"": 0.008, ""timestamp"": 1770972309, ""title"": ""Will LeBron James win the 2028 US Presidential Election?"", ""slug"": ""will-lebron-james-win-the-2028-us-presidential-election"", ""icon"": ""https://polymarket-upload.s3.us-east-2.amazonaws.com/Lebron_James.png"", ""eventSlug"": ""presidential-election-winner-2028"", ""outcome"": ""Yes"", ""outcomeIndex"": 0, ""name"": """", ""pseudonym"": """", ""bio"": """", ""profileImage"": """", ""profileImageOptimized"": """", ""transactionHash"": ""0xdf53d6a59158db22ffdf3f3a92ef835106e5913715dd0a9d6cb2dae5192b69a5""}"
1770972301,2026-02-14T01:58:28.775855,0x693cfec8993e84a301de9edeabf4a0885df5efc621796c5dbad69316fb00d5e0:1770972301,561251,39223330966352513418907732239455948906399882924787587183466504819170775983376,SELL,0.007,6000.0,42.0,0x693cfec8993e84a301de9edeabf4a0885df5efc621796c5dbad69316fb00d5e0,"{""proxyWallet"": ""0x656583ba5ba740aa89597e1b5aa1cf6152932c02"", ""side"": ""SELL"", ""asset"": ""39223330966352513418907732239455948906399882924787587183466504819170775983376"", ""conditionId"": ""0x836b850fc838195374862551a36f1c8691d96ff01e58b0a071f0fc1a0e357fb1"", ""size"": 6000, ""price"": 0.007, ""timestamp"": 1770972301, ""title"": ""Will LeBron James win the 2028 US Presidential Election?"", ""slug"": ""will-lebron-james-win-the-2028-us-presidential-election"", ""icon"": ""https://polymarket-upload.s3.us-east-2.amazonaws.com/Lebron_James.png"", ""eventSlug"": ""presidential-election-winner-2028"", ""outcome"": ""Yes"", ""outcomeIndex"": 0, ""name"": ""Empe"", ""pseudonym"": ""Lonely-Leap"", ""bio"": """", ""profileImage"": """", ""profileImageOptimized"": """", ""transactionHash"": ""0x693cfec8993e84a301de9edeabf4a0885df5efc621796c5dbad69316fb00d5e0""}"
1770972295,2026-02-14T01:58:28.775867,0x054f74bd111bebf2cfc007c52f2b6e327e7fd731a5f53b98934c23cc58a355d8:1770972295,561251,39223330966352513418907732239455948906399882924787587183466504819170775983376,BUY,0.008,126.25,1.01,0x054f74bd111bebf2cfc007c52f2b6e327e7fd731a5f53b98934c23cc58a355d8,"{""proxyWallet"": ""0x28c2215958aaf74a4ac24905511b354d1bd6ac19"", ""side"": ""BUY"", ""asset"": ""39223330966352513418907732239455948906399882924787587183466504819170775983376"", ""conditionId"": ""0x836b850fc838195374862551a36f1c8691d96ff01e58b0a071f0fc1a0e357fb1"", ""size"": 126.25, ""price"": 0.008, ""timestamp"": 1770972295, ""title"": ""Will LeBron James win the 2028 US Presidential Election?"", ""slug"": ""will-lebron-james-win-the-2028-us-presidential-election"", ""icon"": ""https://polymarket-upload.s3.us-east-2.amazonaws.com/Lebron_James.png"", ""eventSlug"": ""presidential-election-winner-2028"", ""outcome"": ""Yes"", ""outcomeIndex"": 0, ""name"": """", ""pseudonym"": """", ""bio"": """", ""profileImage"": """", ""profileImageOptimized"": """", ""transactionHash"": ""0x054f74bd111bebf2cfc007c52f2b6e327e7fd731a5f53b98934c23cc58a355d8""}"
1770971903,2026-02-14T01:58:28.775886,0xa3536d18ce661eadc94928bc7a7c40e7e4c2070609660baa662322cf1b8992db:1770971903,561251,39223330966352513418907732239455948906399882924787587183466504819170775983376,BUY,0.008,4116.25,32.93,0xa3536d18ce661eadc94928bc7a7c40e7e4c2070609660baa662322cf1b8992db,"{""proxyWallet"": ""0xf575805cb3c4215c6bf1c3a6c1521885a03e733a"", ""side"": ""BUY"", ""asset"": ""39223330966352513418907732239455948906399882924787587183466504819170775983376"", ""conditionId"": ""0x836b850fc838195374862551a36f1c8691d96ff01e58b0a071f0fc1a0e357fb1"", ""size"": 4116.25, ""price"": 0.008, ""timestamp"": 1770971903, ""title"": ""Will LeBron James win the 2028 US Presidential Election?"", ""slug"": ""will-lebron-james-win-the-2028-us-presidential-election"", ""icon"": ""https://polymarket-upload.s3.us-east-2.amazonaws.com/Lebron_James.png"", ""eventSlug"": ""presidential-election-winner-2028"", ""outcome"": ""Yes"", ""outcomeIndex"": 0, ""name"": ""5121512"", ""pseudonym"": ""Orange-Clarity"", ""bio"": """", ""profileImage"": """", ""profileImageOptimized"": """", ""transactionHash"": ""0xa3536d18ce661eadc94928bc7a7c40e7e4c2070609660baa662322cf1b8992db""}"
1770971519,2026-02-14T01:58:28.775899,0xaaae93641d63c46afa622001e238c7733de8e1a095cc938bc8cc85b9cf2d92fa:1770971519,561251,39223330966352513418907732239455948906399882924787587183466504819170775983376,BUY,0.008,4952.5,39.62,0xaaae93641d63c46afa622001e238c7733de8e1a095cc938bc8cc85b9cf2d92fa,"{""proxyWallet"": ""0x060a046486e90e7e0a9d0c786a21894828909db0"", ""side"": ""BUY"", ""asset"": ""39223330966352513418907732239455948906399882924787587183466504819170775983376"", ""conditionId"": ""0x836b850fc838195374862551a36f1c8691d96ff01e58b0a071f0fc1a0e357fb1"", ""size"": 4952.5, ""price"": 0.008, ""timestamp"": 1770971519, ""title"": ""Will LeBron James win the 2028 US Presidential Election?"", ""slug"": ""will-lebron-james-win-the-2028-us-presidential-election"", ""icon"": ""https://polymarket-upload.s3.us-east-2.amazonaws.com/Lebron_James.png"", ""eventSlug"": ""presidential-election-winner-2028"", ""outcome"": ""Yes"", ""outcomeIndex"": 0, ""name"": ""6sdfscv"", ""pseudonym"": ""Vengeful-Stand"", ""bio"": """", ""profileImage"": """", ""profileImageOptimized"": """", ""transactionHash"": ""0xaaae93641d63c46afa622001e238c7733de8e1a095cc938bc8cc85b9cf2d92fa""}"
1770968509,2026-02-14T01:58:28.775912,0x3d505dbf1d9ab44724269b29782b00ffd12257b0cae4cd3fc04e1810c9a00aa4:1770968509,561251,39223330966352513418907732239455948906399882924787587183466504819170775983376,BUY,0.008,126.25,1.01,0x3d505dbf1d9ab44724269b29782b00ffd12257b0cae4cd3fc04e1810c9a00aa4,"{""proxyWallet"": ""0x28c2215958aaf74a4ac24905511b354d1bd6ac19"", ""side"": ""BUY"", ""asset"": ""39223330966352513418907732239455948906399882924787587183466504819170775983376"", ""conditionId"": ""0x836b850fc838195374862551a36f1c8691d96ff01e58b0a071f0fc1a0e357fb1"", ""size"": 126.25, ""price"": 0.008, ""timestamp"": 1770968509, ""title"": ""Will LeBron James win the 2028 US Presidential Election?"", ""slug"": ""will-lebron-james-win-the-2028-us-presidential-election"", ""icon"": ""https://polymarket-upload.s3.us-east-2.amazonaws.com/Lebron_James.png"", ""eventSlug"": ""presidential-election-winner-2028"", ""outcome"": ""Yes"", ""outcomeIndex"": 0, ""name"": """", ""pseudonym"": """", ""bio"": """", ""profileImage"": """", ""profileImageOptimized"": """", ""transactionHash"": ""0x3d505dbf1d9ab44724269b29782b00ffd12257b0cae4cd3fc04e1810c9a00aa4""}"
1770967365,2026-02-14T01:58:28.775926,0xa37f4d87ae4ce946ee91f1d109cd3b3ca9167eb709fe792d519e7c28a8cfb0ec:1770967365,561251,39223330966352513418907732239455948906399882924787587183466504819170775983376,BUY,0.008,38522.52,308.18016,0xa37f4d87ae4ce946ee91f1d109cd3b3ca9167eb709fe792d519e7c28a8cfb0ec,"{""proxyWallet"": ""0xc47a78cd75019a0813b0b5f79779470c59ce60b6"", ""side"": ""BUY"", ""asset"": ""39223330966352513418907732239455948906399882924787587183466504819170775983376"", ""conditionId"": ""0x836b850fc838195374862551a36f1c8691d96ff01e58b0a071f0fc1a0e357fb1"", ""size"": 38522.52, ""price"": 0.008, ""timestamp"": 1770967365, ""title"": ""Will LeBron James win the 2028 US Presidential Election?"", ""slug"": ""will-lebron-james-win-the-2028-us-presidential-election"", ""icon"": ""https://polymarket-upload.s3.us-east-2.amazonaws.com/Lebron_James.png"", ""eventSlug"": ""presidential-election-winner-2028"", ""outcome"": ""Yes"", ""outcomeIndex"": 0, ""name"": ""ReneeJosh"", ""pseudonym"": ""Possible-Ficlet"", ""bio"": """", ""profileImage"": """", ""profileImageOptimized"": """", ""transactionHash"": ""0xa37f4d87ae4ce946ee91f1d109cd3b3ca9167eb709fe792d519e7c28a8cfb0ec""}"
1770959881,2026-02-14T01:58:28.775953,0xb6943750bfa643310aafc347c552441abf267880d182e799396bfccd96f3c941:1770959881,561251,39223330966352513418907732239455948906399882924787587183466504819170775983376,BUY,0.008,3140.0,25.12,0xb6943750bfa643310aafc347c552441abf267880d182e799396bfccd96f3c941,"{""proxyWallet"": ""0x3b9e99e318213022734f0c10ebf230e3a0bf3842"", ""side"": ""BUY"", ""asset"": ""39223330966352513418907732239455948906399882924787587183466504819170775983376"", ""conditionId"": ""0x836b850fc838195374862551a36f1c8691d96ff01e58b0a071f0fc1a0e357fb1"", ""size"": 3140, ""price"": 0.008, ""timestamp"": 1770959881, ""title"": ""Will LeBron James win the 2028 US Presidential Election?"", ""slug"": ""will-lebron-james-win-the-2028-us-presidential-election"", ""icon"": ""https://polymarket-upload.s3.us-east-2.amazonaws.com/Lebron_James.png"", ""eventSlug"": ""presidential-election-winner-2028"", ""outcome"": ""Yes"", ""outcomeIndex"": 0, ""name"": ""77jg"", ""pseudonym"": ""Mad-Privilege"", ""bio"": """", ""profileImage"": """", ""profileImageOptimized"": """", ""transactionHash"": ""0xb6943750bfa643310aafc347c552441abf267880d182e799396bfccd96f3c941""}"
1770958287,2026-02-14T01:58:28.775966,0x6c28ac66440b1e143495b9d2568131b742435ff29840cc574d52924bf398981d:1770958287,561251,39223330966352513418907732239455948906399882924787587183466504819170775983376,SELL,0.007,95.0,0.665,0x6c28ac66440b1e143495b9d2568131b742435ff29840cc574d52924bf398981d,"{""proxyWallet"": ""0x39aef0a049c29c2529e47cefa04545f7327994f0"", ""side"": ""SELL"", ""asset"": ""39223330966352513418907732239455948906399882924787587183466504819170775983376"", ""conditionId"": ""0x836b850fc838195374862551a36f1c8691d96ff01e58b0a071f0fc1a0e357fb1"", ""size"": 95, ""price"": 0.007, ""timestamp"": 1770958287, ""title"": ""Will LeBron James win the 2028 US Presidential Election?"", ""slug"": ""will-lebron-james-win-the-2028-us-presidential-election"", ""icon"": ""https://polymarket-upload.s3.us-east-2.amazonaws.com/Lebron_James.png"", ""eventSlug"": ""presidential-election-winner-2028"", ""outcome"": ""Yes"", ""outcomeIndex"": 0, ""name"": ""jojore"", ""pseudonym"": ""Defiant-Mambo"", ""bio"": """", ""profileImage"": """", ""profileImageOptimized"": """", ""transactionHash"": ""0x6c28ac66440b1e143495b9d2568131b742435ff29840cc574d52924bf398981d""}"
1770952119,2026-02-14T01:58:28.775982,0x12c55303543adec8d414dd45af3dce53216de99e05ea1e74b8796955202e7cf0:1770952119,561251,39223330966352513418907732239455948906399882924787587183466504819170775983376,SELL,0.007,7521.8,52.6526,0x12c55303543adec8d414dd45af3dce53216de99e05ea1e74b8796955202e7cf0,"{""proxyWallet"": ""0xf2579f1805c94418960c24edff134753b1d03679"", ""side"": ""SELL"", ""asset"": ""39223330966352513418907732239455948906399882924787587183466504819170775983376"", ""conditionId"": ""0x836b850fc838195374862551a36f1c8691d96ff01e58b0a071f0fc1a0e357fb1"", ""size"": 7521.8, ""price"": 0.007, ""timestamp"": 1770952119, ""title"": ""Will LeBron James win the 2028 US Presidential Election?"", ""slug"": ""will-lebron-james-win-the-2028-us-presidential-election"", ""icon"": ""https://polymarket-upload.s3.us-east-2.amazonaws.com/Lebron_James.png"", ""eventSlug"": ""presidential-election-winner-2028"", ""outcome"": ""Yes"", ""outcomeIndex"": 0, ""name"": ""StellarAwakenineg"", ""pseudonym"": ""Young-Hypothermia"", ""bio"": """", ""profileImage"": """", ""profileImageOptimized"": """", ""transactionHash"": ""0x12c55303543adec8d414dd45af3dce53216de99e05ea1e74b8796955202e7cf0""}"
1770951689,2026-02-14T01:58:28.775995,0x2a807a7ab056ef6cc5818e9c8cd420481b7871a9fa3cfc5b4e62e346d621cf26:1770951689,561251,39223330966352513418907732239455948906399882924787587183466504819170775983376,SELL,0.007,6955.0,48.685,0x2a807a7ab056ef6cc5818e9c8cd420481b7871a9fa3cfc5b4e62e346d621cf26,"{""proxyWallet"": ""0x191f48f9398cd1a3c96c69c21925c051af7d5f23"", ""side"": ""SELL"", ""asset"": ""39223330966352513418907732239455948906399882924787587183466504819170775983376"", ""conditionId"": ""0x836b850fc838195374862551a36f1c8691d96ff01e58b0a071f0fc1a0e357fb1"", ""size"": 6955, ""price"": 0.007, ""timestamp"": 1770951689, ""title"": ""Will LeBron James win the 2028 US Presidential Election?"", ""slug"": ""will-lebron-james-win-the-2028-us-presidential-election"", ""icon"": ""https://polymarket-upload.s3.us-east-2.amazonaws.com/Lebron_James.png"", ""eventSlug"": ""presidential-election-winner-2028"", ""outcome"": ""Yes"", ""outcomeIndex"": 0, ""name"": ""ZeroknowledgeX"", ""pseudonym"": ""Angry-Collision"", ""bio"": """", ""profileImage"": """", ""profileImageOptimized"": """", ""transactionHash"": ""0x2a807a7ab056ef6cc5818e9c8cd420481b7871a9fa3cfc5b4e62e346d621cf26""}"
1770951169,2026-02-14T01:58:28.776010,0x6248ff53a0dadd758a0691332eedaa360361e8e5b8df63fa1f4d7731446232bc:1770951169,561251,39223330966352513418907732239455948906399882924787587183466504819170775983376,SELL,0.007,7492.1,52.444700000000005,0x6248ff53a0dadd758a0691332eedaa360361e8e5b8df63fa1f4d7731446232bc,"{""proxyWallet"": ""0x408fc5dbb6e710403ec4a592bd90e99a1de62b14"", ""side"": ""SELL"", ""asset"": ""39223330966352513418907732239455948906399882924787587183466504819170775983376"", ""conditionId"": ""0x836b850fc838195374862551a36f1c8691d96ff01e58b0a071f0fc1a0e357fb1"", ""size"": 7492.1, ""price"": 0.007, ""timestamp"": 1770951169, ""title"": ""Will LeBron James win the 2028 US Presidential Election?"", ""slug"": ""will-lebron-james-win-the-2028-us-presidential-election"", ""icon"": ""https://polymarket-upload.s3.us-east-2.amazonaws.com/Lebron_James.png"", ""eventSlug"": ""presidential-election-winner-2028"", ""outcome"": ""Yes"", ""outcomeIndex"": 0, ""name"": ""BattleOfRealmes"", ""pseudonym"": ""Tattered-Model"", ""bio"": """", ""profileImage"": """", ""profileImageOptimized"": """", ""transactionHash"": ""0x6248ff53a0dadd758a0691332eedaa360361e8e5b8df63fa1f4d7731446232bc""}"
1770949903,2026-02-14T01:58:28.776025,0x416c0559ccc2adc78542b7e1b49d9458a2d59335436b657d4d78ba7278b255f3:1770949903,561251,39223330966352513418907732239455948906399882924787587183466504819170775983376,SELL,0.007,40100.0,280.7,0x416c0559ccc2adc78542b7e1b49d9458a2d59335436b657d4d78ba7278b255f3,"{""proxyWallet"": ""0xed45b0f8553ab9d34f3e17cde86eb394bc09066b"", ""side"": ""SELL"", ""asset"": ""39223330966352513418907732239455948906399882924787587183466504819170775983376"", ""conditionId"": ""0x836b850fc838195374862551a36f1c8691d96ff01e58b0a071f0fc1a0e357fb1"", ""size"": 40100, ""price"": 0.007, ""timestamp"": 1770949903, ""title"": ""Will LeBron James win the 2028 US Presidential Election?"", ""slug"": ""will-lebron-james-win-the-2028-us-presidential-election"", ""icon"": ""https://polymarket-upload.s3.us-east-2.amazonaws.com/Lebron_James.png"", ""eventSlug"": ""presidential-election-winner-2028"", ""outcome"": ""Yes"", ""outcomeIndex"": 0, ""name"": ""Strattonstoneway"", ""pseudonym"": ""Alarmed-Rowing"", ""bio"": """", ""profileImage"": """", ""profileImageOptimized"": """", ""transactionHash"": ""0x416c0559ccc2adc78542b7e1b49d9458a2d59335436b657d4d78ba7278b255f3""}"
1770949669,2026-02-14T01:58:28.776038,0xf8a35fccb158fded52f00011ac37378e574bea1889a5883754f1d86d96628865:1770949669,561251,39223330966352513418907732239455948906399882924787587183466504819170775983376,SELL,0.007,7545.9,52.8213,0xf8a35fccb158fded52f00011ac37378e574bea1889a5883754f1d86d96628865,"{""proxyWallet"": ""0xd41f5699732933cdc6cad64177f1d23c33d5c176"", ""side"": ""SELL"", ""asset"": ""39223330966352513418907732239455948906399882924787587183466504819170775983376"", ""conditionId"": ""0x836b850fc838195374862551a36f1c8691d96ff01e58b0a071f0fc1a0e357fb1"", ""size"": 7545.9, ""price"": 0.007, ""timestamp"": 1770949669, ""title"": ""Will LeBron James win the 2028 US Presidential Election?"", ""slug"": ""will-lebron-james-win-the-2028-us-presidential-election"", ""icon"": ""https://polymarket-upload.s3.us-east-2.amazonaws.com/Lebron_James.png"", ""eventSlug"": ""presidential-election-winner-2028"", ""outcome"": ""Yes"", ""outcomeIndex"": 0, ""name"": ""Brackenridgeway"", ""pseudonym"": ""Gloomy-Sauerkraut"", ""bio"": """", ""profileImage"": """", ""profileImageOptimized"": """", ""transactionHash"": ""0xf8a35fccb158fded52f00011ac37378e574bea1889a5883754f1d86d96628865""}"
1770949361,2026-02-14T01:58:30.212164,0x5d0647afa34d7f07eda4f60532a7e863e6c12fcd54a27f16256273e375dfab83:1770949361,561251,39223330966352513418907732239455948906399882924787587183466504819170775983376,SELL,0.007,7517.9,52.625299999999996,0x5d0647afa34d7f07eda4f60532a7e863e6c12fcd54a27f16256273e375dfab83,"{""proxyWallet"": ""0xf7222e46e60b0fb252e04639662536bd6909af27"", ""side"": ""SELL"", ""asset"": ""39223330966352513418907732239455948906399882924787587183466504819170775983376"", ""conditionId"": ""0x836b850fc838195374862551a36f1c8691d96ff01e58b0a071f0fc1a0e357fb1"", ""size"": 7517.9, ""price"": 0.007, ""timestamp"": 1770949361, ""title"": ""Will LeBron James win the 2028 US Presidential Election?"", ""slug"": ""will-lebron-james-win-the-2028-us-presidential-election"", ""icon"": ""https://polymarket-upload.s3.us-east-2.amazonaws.com/Lebron_James.png"", ""eventSlug"": ""presidential-election-winner-2028"", ""outcome"": ""Yes"", ""outcomeIndex"": 0, ""name"": ""Oakwoodbridge"", ""pseudonym"": ""Small-Infancy"", ""bio"": """", ""profileImage"": """", ""profileImageOptimized"": """", ""transactionHash"": ""0x5d0647afa34d7f07eda4f60532a7e863e6c12fcd54a27f16256273e375dfab83""}"
1770948721,2026-02-14T01:58:30.212251,0x3d8ca6d15a4546e5df1d5ddfad3799972fa463e17510e4d7ac82ec6b26429f85:1770948721,561251,39223330966352513418907732239455948906399882924787587183466504819170775983376,SELL,0.007,37918.0,265.426,0x3d8ca6d15a4546e5df1d5ddfad3799972fa463e17510e4d7ac82ec6b26429f85,"{""proxyWallet"": ""0x7d9955dd2a1f202bec9e248e7b1b73dc24b117c3"", ""side"": ""SELL"", ""asset"": ""39223330966352513418907732239455948906399882924787587183466504819170775983376"", ""conditionId"": ""0x836b850fc838195374862551a36f1c8691d96ff01e58b0a071f0fc1a0e357fb1"", ""size"": 37918, ""price"": 0.007, ""timestamp"": 1770948721, ""title"": ""Will LeBron James win the 2028 US Presidential Election?"", ""slug"": ""will-lebron-james-win-the-2028-us-presidential-election"", ""icon"": ""https://polymarket-upload.s3.us-east-2.amazonaws.com/Lebron_James.png"", ""eventSlug"": ""presidential-election-winner-2028"", ""outcome"": ""Yes"", ""outcomeIndex"": 0, ""name"": ""Azuyxsti"", ""pseudonym"": ""Enraged-Happiness"", ""bio"": """", ""profileImage"": """", ""profileImageOptimized"": """", ""transactionHash"": ""0x3d8ca6d15a4546e5df1d5ddfad3799972fa463e17510e4d7ac82ec6b26429f85""}"
1770948197,2026-02-14T01:58:30.212279,0xeb3010cfb0ba46d6f609d04366fe2b908a7106cea548efce1e1efcf0b93f371a:1770948197,561251,39223330966352513418907732239455948906399882924787587183466504819170775983376,SELL,0.007,7144.0,50.008,0xeb3010cfb0ba46d6f609d04366fe2b908a7106cea548efce1e1efcf0b93f371a,"{""proxyWallet"": ""0xb0313c6024dd986044f52f902afe8d821043a235"", ""side"": ""SELL"", ""asset"": ""39223330966352513418907732239455948906399882924787587183466504819170775983376"", ""conditionId"": ""0x836b850fc838195374862551a36f1c8691d96ff01e58b0a071f0fc1a0e357fb1"", ""size"": 7144, ""price"": 0.007, ""timestamp"": 1770948197, ""title"": ""Will LeBron James win the 2028 US Presidential Election?"", ""slug"": ""will-lebron-james-win-the-2028-us-presidential-election"", ""icon"": ""https://polymarket-upload.s3.us-east-2.amazonaws.com/Lebron_James.png"", ""eventSlug"": ""presidential-election-winner-2028"", ""outcome"": ""Yes"", ""outcomeIndex"": 0, ""name"": ""RadtxMyst"", ""pseudonym"": ""Ornery-Puggle"", ""bio"": """", ""profileImage"": """", ""profileImageOptimized"": """", ""transactionHash"": ""0xeb3010cfb0ba46d6f609d04366fe2b908a7106cea548efce1e1efcf0b93f371a""}"
1770947239,2026-02-14T01:58:30.212301,0x419e660af7628e5c527a204af93d8881482486666fff3ab4a10e37d23e69cf74:1770947239,561251,39223330966352513418907732239455948906399882924787587183466504819170775983376,SELL,0.007,7517.5,52.6225,0x419e660af7628e5c527a204af93d8881482486666fff3ab4a10e37d23e69cf74,"{""proxyWallet"": ""0x62e85c4e9b56d526d9c19f0a03fbcf18aa3be2e4"", ""side"": ""SELL"", ""asset"": ""39223330966352513418907732239455948906399882924787587183466504819170775983376"", ""conditionId"": ""0x836b850fc838195374862551a36f1c8691d96ff01e58b0a071f0fc1a0e357fb1"", ""size"": 7517.5, ""price"": 0.007, ""timestamp"": 1770947239, ""title"": ""Will LeBron James win the 2028 US Presidential Election?"", ""slug"": ""will-lebron-james-win-the-2028-us-presidential-election"", ""icon"": ""https://polymarket-upload.s3.us-east-2.amazonaws.com/Lebron_James.png"", ""eventSlug"": ""presidential-election-winner-2028"", ""outcome"": ""Yes"", ""outcomeIndex"": 0, ""name"": ""SavagSeDream8"", ""pseudonym"": ""Gullible-Functionality"", ""bio"": """", ""profileImage"": """", ""profileImageOptimized"": """", ""transactionHash"": ""0x419e660af7628e5c527a204af93d8881482486666fff3ab4a10e37d23e69cf74""}"
1770946989,2026-02-14T01:58:30.212321,0xdf676d09ca4ff6560b2b7f30c353c5cfbf80e36962b2761793f4d46140a72ad8:1770946989,561251,39223330966352513418907732239455948906399882924787587183466504819170775983376,SELL,0.007,7487.7,52.4139,0xdf676d09ca4ff6560b2b7f30c353c5cfbf80e36962b2761793f4d46140a72ad8,"{""proxyWallet"": ""0x5a56ca42d3db89937f7fc9a2cb0225007605370a"", ""side"": ""SELL"", ""asset"": ""39223330966352513418907732239455948906399882924787587183466504819170775983376"", ""conditionId"": ""0x836b850fc838195374862551a36f1c8691d96ff01e58b0a071f0fc1a0e357fb1"", ""size"": 7487.7, ""price"": 0.007, ""timestamp"": 1770946989, ""title"": ""Will LeBron James win the 2028 US Presidential Election?"", ""slug"": ""will-lebron-james-win-the-2028-us-presidential-election"", ""icon"": ""https://polymarket-upload.s3.us-east-2.amazonaws.com/Lebron_James.png"", ""eventSlug"": ""presidential-election-winner-2028"", ""outcome"": ""Yes"", ""outcomeIndex"": 0, ""name"": ""CyberNova23z"", ""pseudonym"": ""Yummy-Particle"", ""bio"": """", ""profileImage"": """", ""profileImageOptimized"": """", ""transactionHash"": ""0xdf676d09ca4ff6560b2b7f30c353c5cfbf80e36962b2761793f4d46140a72ad8""}"
1770940971,2026-02-14T01:58:30.212367,0x86eda3217e9884224b225d67012fa9f6296c0030e6294de93461bbeaf5f2d647:1770940971,561251,39223330966352513418907732239455948906399882924787587183466504819170775983376,BUY,0.008,100.0,0.8,0x86eda3217e9884224b225d67012fa9f6296c0030e6294de93461bbeaf5f2d647,"{""proxyWallet"": ""0x1ef6c4dfb566b63060010b0c22a7c1cf334e1174"", ""side"": ""BUY"", ""asset"": ""39223330966352513418907732239455948906399882924787587183466504819170775983376"", ""conditionId"": ""0x836b850fc838195374862551a36f1c8691d96ff01e58b0a071f0fc1a0e357fb1"", ""size"": 100, ""price"": 0.008, ""timestamp"": 1770940971, ""title"": ""Will LeBron James win the 2028 US Presidential Election?"", ""slug"": ""will-lebron-james-win-the-2028-us-presidential-election"", ""icon"": ""https://polymarket-upload.s3.us-east-2.amazonaws.com/Lebron_James.png"", ""eventSlug"": ""presidential-election-winner-2028"", ""outcome"": ""Yes"", ""outcomeIndex"": 0, ""name"": ""Alejandrer"", ""pseudonym"": ""Homely-Submarine"", ""bio"": """", ""profileImage"": """", ""profileImageOptimized"": """", ""transactionHash"": ""0x86eda3217e9884224b225d67012fa9f6296c0030e6294de93461bbeaf5f2d647""}"
1770940935,2026-02-14T01:58:30.212388,0xb21cdcfb585db84493aa662d1ed64f9c583ae1bc9f21d422da2cac7d6dbefd1a:1770940935,561251,39223330966352513418907732239455948906399882924787587183466504819170775983376,SELL,0.007,256.86,1.7980200000000002,0xb21cdcfb585db84493aa662d1ed64f9c583ae1bc9f21d422da2cac7d6dbefd1a,"{""proxyWallet"": ""0xa66790e2b0075e73c3781ddaf1d0b875a3aaceb3"", ""side"": ""SELL"", ""asset"": ""39223330966352513418907732239455948906399882924787587183466504819170775983376"", ""conditionId"": ""0x836b850fc838195374862551a36f1c8691d96ff01e58b0a071f0fc1a0e357fb1"", ""size"": 256.86, ""price"": 0.007, ""timestamp"": 1770940935, ""title"": ""Will LeBron James win the 2028 US Presidential Election?"", ""slug"": ""will-lebron-james-win-the-2028-us-presidential-election"", ""icon"": ""https://polymarket-upload.s3.us-east-2.amazonaws.com/Lebron_James.png"", ""eventSlug"": ""presidential-election-winner-2028"", ""outcome"": ""Yes"", ""outcomeIndex"": 0, ""name"": ""Elias.Thornwell"", ""pseudonym"": ""Arctic-Kickoff"", ""bio"": """", ""profileImage"": """", ""profileImageOptimized"": """", ""transactionHash"": ""0xb21cdcfb585db84493aa662d1ed64f9c583ae1bc9f21d422da2cac7d6dbefd1a""}"
1770935801,2026-02-14T01:58:30.212406,0xbf776b8c05520eeee078b9c7a6ad413f736bd8bac04d94113272aa7c245e1cfc:1770935801,561251,39223330966352513418907732239455948906399882924787587183466504819170775983376,BUY,0.008,299.63,2.39704,0xbf776b8c05520eeee078b9c7a6ad413f736bd8bac04d94113272aa7c245e1cfc,"{""proxyWallet"": ""0xa66790e2b0075e73c3781ddaf1d0b875a3aaceb3"", ""side"": ""BUY"", ""asset"": ""39223330966352513418907732239455948906399882924787587183466504819170775983376"", ""conditionId"": ""0x836b850fc838195374862551a36f1c8691d96ff01e58b0a071f0fc1a0e357fb1"", ""size"": 299.63, ""price"": 0.008, ""timestamp"": 1770935801, ""title"": ""Will LeBron James win the 2028 US Presidential Election?"", ""slug"": ""will-lebron-james-win-the-2028-us-presidential-election"", ""icon"": ""https://polymarket-upload.s3.us-east-2.amazonaws.com/Lebron_James.png"", ""eventSlug"": ""presidential-election-winner-2028"", ""outcome"": ""Yes"", ""outcomeIndex"": 0, ""name"": ""Elias.Thornwell"", ""pseudonym"": ""Arctic-Kickoff"", ""bio"": """", ""profileImage"": """", ""profileImageOptimized"": """", ""transactionHash"": ""0xbf776b8c05520eeee078b9c7a6ad413f736bd8bac04d94113272aa7c245e1cfc""}"
1770933551,2026-02-14T01:58:30.212422,0x5e90d291f9d07a09139121fbca38a4b3ae0b2829cc9717a186e38805ef315224:1770933551,561251,39223330966352513418907732239455948906399882924787587183466504819170775983376,SELL,0.007,158.91,1.11237,0x5e90d291f9d07a09139121fbca38a4b3ae0b2829cc9717a186e38805ef315224,"{""proxyWallet"": ""0x4766f521b517f37b579a124a7ffd6ade82e424ff"", ""side"": ""SELL"", ""asset"": ""39223330966352513418907732239455948906399882924787587183466504819170775983376"", ""conditionId"": ""0x836b850fc838195374862551a36f1c8691d96ff01e58b0a071f0fc1a0e357fb1"", ""size"": 158.91, ""price"": 0.007, ""timestamp"": 1770933551, ""title"": ""Will LeBron James win the 2028 US Presidential Election?"", ""slug"": ""will-lebron-james-win-the-2028-us-presidential-election"", ""icon"": ""https://polymarket-upload.s3.us-east-2.amazonaws.com/Lebron_James.png"", ""eventSlug"": ""presidential-election-winner-2028"", ""outcome"": ""Yes"", ""outcomeIndex"": 0, ""name"": """", ""pseudonym"": """", ""bio"": """", ""profileImage"": """", ""profileImageOptimized"": """", ""transactionHash"": ""0x5e90d291f9d07a09139121fbca38a4b3ae0b2829cc9717a186e38805ef315224""}"
1770925809,2026-02-14T01:58:30.212444,0x83bb3475503f2c51157fe01a5e2a0787361de9ded93365dddb9b23e42b73d34f:1770925809,561251,39223330966352513418907732239455948906399882924787587183466504819170775983376,BUY,0.008,120.0,0.96,0x83bb3475503f2c51157fe01a5e2a0787361de9ded93365dddb9b23e42b73d34f,"{""proxyWallet"": ""0x24dd959d024f68a86db09dc637dfa3d69db912af"", ""side"": ""BUY"", ""asset"": ""39223330966352513418907732239455948906399882924787587183466504819170775983376"", ""conditionId"": ""0x836b850fc838195374862551a36f1c8691d96ff01e58b0a071f0fc1a0e357fb1"", ""size"": 120, ""price"": 0.008, ""timestamp"": 1770925809, ""title"": ""Will LeBron James win the 2028 US Presidential Election?"", ""slug"": ""will-lebron-james-win-the-2028-us-presidential-election"", ""icon"": ""https://polymarket-upload.s3.us-east-2.amazonaws.com/Lebron_James.png"", ""eventSlug"": ""presidential-election-winner-2028"", ""outcome"": ""Yes"", ""outcomeIndex"": 0, ""name"": """", ""pseudonym"": """", ""bio"": """", ""profileImage"": """", ""profileImageOptimized"": """", ""transactionHash"": ""0x83bb3475503f2c51157fe01a5e2a0787361de9ded93365dddb9b23e42b73d34f""}"
1770924359,2026-02-14T01:58:30.212460,0x338361f9ca956c7177e01008c01a7e766a70583873a4f4e599f31f5151a30419:1770924359,561251,39223330966352513418907732239455948906399882924787587183466504819170775983376,BUY,0.008,120.0,0.96,0x338361f9ca956c7177e01008c01a7e766a70583873a4f4e599f31f5151a30419,"{""proxyWallet"": ""0x24dd959d024f68a86db09dc637dfa3d69db912af"", ""side"": ""BUY"", ""asset"": ""39223330966352513418907732239455948906399882924787587183466504819170775983376"", ""conditionId"": ""0x836b850fc838195374862551a36f1c8691d96ff01e58b0a071f0fc1a0e357fb1"", ""size"": 120, ""price"": 0.008, ""timestamp"": 1770924359, ""title"": ""Will LeBron James win the 2028 US Presidential Election?"", ""slug"": ""will-lebron-james-win-the-2028-us-presidential-election"", ""icon"": ""https://polymarket-upload.s3.us-east-2.amazonaws.com/Lebron_James.png"", ""eventSlug"": ""presidential-election-winner-2028"", ""outcome"": ""Yes"", ""outcomeIndex"": 0, ""name"": """", ""pseudonym"": """", ""bio"": """", ""profileImage"": """", ""profileImageOptimized"": """", ""transactionHash"": ""0x338361f9ca956c7177e01008c01a7e766a70583873a4f4e599f31f5151a30419""}"
1770924119,2026-02-14T01:58:30.212475,0xa42e89180619284026a22bea0df3e792f9352e25cea3bad3c0a46fa518996abe:1770924119,561251,39223330966352513418907732239455948906399882924787587183466504819170775983376,BUY,0.008,120.0,0.96,0xa42e89180619284026a22bea0df3e792f9352e25cea3bad3c0a46fa518996abe,"{""proxyWallet"": ""0x24dd959d024f68a86db09dc637dfa3d69db912af"", ""side"": ""BUY"", ""asset"": ""39223330966352513418907732239455948906399882924787587183466504819170775983376"", ""conditionId"": ""0x836b850fc838195374862551a36f1c8691d96ff01e58b0a071f0fc1a0e357fb1"", ""size"": 120, ""price"": 0.008, ""timestamp"": 1770924119, ""title"": ""Will LeBron James win the 2028 US Presidential Election?"", ""slug"": ""will-lebron-james-win-the-2028-us-presidential-election"", ""icon"": ""https://polymarket-upload.s3.us-east-2.amazonaws.com/Lebron_James.png"", ""eventSlug"": ""presidential-election-winner-2028"", ""outcome"": ""Yes"", ""outcomeIndex"": 0, ""name"": """", ""pseudonym"": """", ""bio"": """", ""profileImage"": """", ""profileImageOptimized"": """", ""transactionHash"": ""0xa42e89180619284026a22bea0df3e792f9352e25cea3bad3c0a46fa518996abe""}"
1770904753,2026-02-14T01:58:30.212495,0x294449ee4955b450a70e0092eb3f18207fdc8930168e00354b6418bf51f9452e:1770904753,561251,39223330966352513418907732239455948906399882924787587183466504819170775983376,BUY,0.008,158.92,1.2713599999999998,0x294449ee4955b450a70e0092eb3f18207fdc8930168e00354b6418bf51f9452e,"{""proxyWallet"": ""0x4766f521b517f37b579a124a7ffd6ade82e424ff"", ""side"": ""BUY"", ""asset"": ""39223330966352513418907732239455948906399882924787587183466504819170775983376"", ""conditionId"": ""0x836b850fc838195374862551a36f1c8691d96ff01e58b0a071f0fc1a0e357fb1"", ""size"": 158.92, ""price"": 0.008, ""timestamp"": 1770904753, ""title"": ""Will LeBron James win the 2028 US Presidential Election?"", ""slug"": ""will-lebron-james-win-the-2028-us-presidential-election"", ""icon"": ""https://polymarket-upload.s3.us-east-2.amazonaws.com/Lebron_James.png"", ""eventSlug"": ""presidential-election-winner-2028"", ""outcome"": ""Yes"", ""outcomeIndex"": 0, ""name"": """", ""pseudonym"": """", ""bio"": """", ""profileImage"": """", ""profileImageOptimized"": """", ""transactionHash"": ""0x294449ee4955b450a70e0092eb3f18207fdc8930168e00354b6418bf51f9452e""}"
1770901837,2026-02-14T01:58:30.212512,0x96f355436113001cf8f3e180b4b3057ff42db044aed8d0d23407310fa1026bd1:1770901837,561251,39223330966352513418907732239455948906399882924787587183466504819170775983376,BUY,0.008,3110.0,24.88,0x96f355436113001cf8f3e180b4b3057ff42db044aed8d0d23407310fa1026bd1,"{""proxyWallet"": ""0xdec8e7fbcca983c8e2dd4e34e99dcc80ea3f53f4"", ""side"": ""BUY"", ""asset"": ""39223330966352513418907732239455948906399882924787587183466504819170775983376"", ""conditionId"": ""0x836b850fc838195374862551a36f1c8691d96ff01e58b0a071f0fc1a0e357fb1"", ""size"": 3110, ""price"": 0.008, ""timestamp"": 1770901837, ""title"": ""Will LeBron James win the 2028 US Presidential Election?"", ""slug"": ""will-lebron-james-win-the-2028-us-presidential-election"", ""icon"": ""https://polymarket-upload.s3.us-east-2.amazonaws.com/Lebron_James.png"", ""eventSlug"": ""presidential-election-winner-2028"", ""outcome"": ""Yes"", ""outcomeIndex"": 0, ""name"": """", ""pseudonym"": """", ""bio"": """", ""profileImage"": """", ""profileImageOptimized"": """", ""transactionHash"": ""0x96f355436113001cf8f3e180b4b3057ff42db044aed8d0d23407310fa1026bd1""}"
1770900533,2026-02-14T01:58:30.212529,0x8ee157ca8cf332e201a2cfc16122ce738ab292a0bf720e780369d206fd8ad940:1770900533,561251,39223330966352513418907732239455948906399882924787587183466504819170775983376,BUY,0.008,1871.25,14.97,0x8ee157ca8cf332e201a2cfc16122ce738ab292a0bf720e780369d206fd8ad940,"{""proxyWallet"": ""0xe65dc02501a7ba4f8abacc0136ddb0cf0ae3bb86"", ""side"": ""BUY"", ""asset"": ""39223330966352513418907732239455948906399882924787587183466504819170775983376"", ""conditionId"": ""0x836b850fc838195374862551a36f1c8691d96ff01e58b0a071f0fc1a0e357fb1"", ""size"": 1871.25, ""price"": 0.008, ""timestamp"": 1770900533, ""title"": ""Will LeBron James win the 2028 US Presidential Election?"", ""slug"": ""will-lebron-james-win-the-2028-us-presidential-election"", ""icon"": ""https://polymarket-upload.s3.us-east-2.amazonaws.com/Lebron_James.png"", ""eventSlug"": ""presidential-election-winner-2028"", ""outcome"": ""Yes"", ""outcomeIndex"": 0, ""name"": ""iuuj66"", ""pseudonym"": ""Muted-Intuition"", ""bio"": """", ""profileImage"": """", ""profileImageOptimized"": """", ""transactionHash"": ""0x8ee157ca8cf332e201a2cfc16122ce738ab292a0bf720e780369d206fd8ad940""}"
1770898517,2026-02-14T01:58:30.212549,0xbb76a53c1ef6e8d71e1c17b34627844fd2cc4d2c423cd1a322d5ab56a8d14c80:1770898517,561251,39223330966352513418907732239455948906399882924787587183466504819170775983376,BUY,0.008,610.0,4.88,0xbb76a53c1ef6e8d71e1c17b34627844fd2cc4d2c423cd1a322d5ab56a8d14c80,"{""proxyWallet"": ""0xa4d96a01aea0ed580a25c757a0f07614a5fd3a9f"", ""side"": ""BUY"", ""asset"": ""39223330966352513418907732239455948906399882924787587183466504819170775983376"", ""conditionId"": ""0x836b850fc838195374862551a36f1c8691d96ff01e58b0a071f0fc1a0e357fb1"", ""size"": 610, ""price"": 0.008, ""timestamp"": 1770898517, ""title"": ""Will LeBron James win the 2028 US Presidential Election?"", ""slug"": ""will-lebron-james-win-the-2028-us-presidential-election"", ""icon"": ""https://polymarket-upload.s3.us-east-2.amazonaws.com/Lebron_James.png"", ""eventSlug"": ""presidential-election-winner-2028"", ""outcome"": ""Yes"", ""outcomeIndex"": 0, ""name"": ""fobuib"", ""pseudonym"": ""Hopeful-Swell"", ""bio"": """", ""profileImage"": """", ""profileImageOptimized"": """", ""transactionHash"": ""0xbb76a53c1ef6e8d71e1c17b34627844fd2cc4d2c423cd1a322d5ab56a8d14c80""}"
1770872993,2026-02-14T01:58:30.212591,0xad44c4fe4c474dc6ff0dc064b969d42d69d38fbe9483db255f1e01ca63037e7b:1770872993,561251,39223330966352513418907732239455948906399882924787587183466504819170775983376,SELL,0.007,38487.57,269.41299,0xad44c4fe4c474dc6ff0dc064b969d42d69d38fbe9483db255f1e01ca63037e7b,"{""proxyWallet"": ""0x1c1dfbbd9c07bc9a68d0f86efa5b42d5bb1dc6de"", ""side"": ""SELL"", ""asset"": ""39223330966352513418907732239455948906399882924787587183466504819170775983376"", ""conditionId"": ""0x836b850fc838195374862551a36f1c8691d96ff01e58b0a071f0fc1a0e357fb1"", ""size"": 38487.57, ""price"": 0.007, ""timestamp"": 1770872993, ""title"": ""Will LeBron James win the 2028 US Presidential Election?"", ""slug"": ""will-lebron-james-win-the-2028-us-presidential-election"", ""icon"": ""https://polymarket-upload.s3.us-east-2.amazonaws.com/Lebron_James.png"", ""eventSlug"": ""presidential-election-winner-2028"", ""outcome"": ""Yes"", ""outcomeIndex"": 0, ""name"": ""ClarenceMadge"", ""pseudonym"": ""Droopy-Remark"", ""bio"": """", ""profileImage"": """", ""profileImageOptimized"": """", ""transactionHash"": ""0xad44c4fe4c474dc6ff0dc064b969d42d69d38fbe9483db255f1e01ca63037e7b""}"
1770867971,2026-02-14T01:58:30.212615,0x5ab07b5eed02cf95ce6ca8aeb1cf53f690ec66b213d3ac4c13bf2bee1bafb7d2:1770867971,561251,39223330966352513418907732239455948906399882924787587183466504819170775983376,BUY,0.008,6955.0,55.64,0x5ab07b5eed02cf95ce6ca8aeb1cf53f690ec66b213d3ac4c13bf2bee1bafb7d2,"{""proxyWallet"": ""0x191f48f9398cd1a3c96c69c21925c051af7d5f23"", ""side"": ""BUY"", ""asset"": ""39223330966352513418907732239455948906399882924787587183466504819170775983376"", ""conditionId"": ""0x836b850fc838195374862551a36f1c8691d96ff01e58b0a071f0fc1a0e357fb1"", ""size"": 6955, ""price"": 0.008, ""timestamp"": 1770867971, ""title"": ""Will LeBron James win the 2028 US Presidential Election?"", ""slug"": ""will-lebron-james-win-the-2028-us-presidential-election"", ""icon"": ""https://polymarket-upload.s3.us-east-2.amazonaws.com/Lebron_James.png"", ""eventSlug"": ""presidential-election-winner-2028"", ""outcome"": ""Yes"", ""outcomeIndex"": 0, ""name"": ""ZeroknowledgeX"", ""pseudonym"": ""Angry-Collision"", ""bio"": """", ""profileImage"": """", ""profileImageOptimized"": """", ""transactionHash"": ""0x5ab07b5eed02cf95ce6ca8aeb1cf53f690ec66b213d3ac4c13bf2bee1bafb7d2""}"
1770867607,2026-02-14T01:58:31.823818,0x87d50b0f8b59c88a334e68d9e134ceeacb02948d86d053a9fed64d55289151a0:1770867607,561251,39223330966352513418907732239455948906399882924787587183466504819170775983376,BUY,0.008,7492.1,59.936800000000005,0x87d50b0f8b59c88a334e68d9e134ceeacb02948d86d053a9fed64d55289151a0,"{""proxyWallet"": ""0x408fc5dbb6e710403ec4a592bd90e99a1de62b14"", ""side"": ""BUY"", ""asset"": ""39223330966352513418907732239455948906399882924787587183466504819170775983376"", ""conditionId"": ""0x836b850fc838195374862551a36f1c8691d96ff01e58b0a071f0fc1a0e357fb1"", ""size"": 7492.1, ""price"": 0.008, ""timestamp"": 1770867607, ""title"": ""Will LeBron James win the 2028 US Presidential Election?"", ""slug"": ""will-lebron-james-win-the-2028-us-presidential-election"", ""icon"": ""https://polymarket-upload.s3.us-east-2.amazonaws.com/Lebron_James.png"", ""eventSlug"": ""presidential-election-winner-2028"", ""outcome"": ""Yes"", ""outcomeIndex"": 0, ""name"": ""BattleOfRealmes"", ""pseudonym"": ""Tattered-Model"", ""bio"": """", ""profileImage"": """", ""profileImageOptimized"": """", ""transactionHash"": ""0x87d50b0f8b59c88a334e68d9e134ceeacb02948d86d053a9fed64d55289151a0""}"
1770867499,2026-02-14T01:58:31.823935,0xccb10619f78eb07e21d891011133dfc254b5e6af2b8e09e4d2d60ebac3b42f46:1770867499,561251,39223330966352513418907732239455948906399882924787587183466504819170775983376,BUY,0.008,7521.8,60.174400000000006,0xccb10619f78eb07e21d891011133dfc254b5e6af2b8e09e4d2d60ebac3b42f46,"{""proxyWallet"": ""0xf2579f1805c94418960c24edff134753b1d03679"", ""side"": ""BUY"", ""asset"": ""39223330966352513418907732239455948906399882924787587183466504819170775983376"", ""conditionId"": ""0x836b850fc838195374862551a36f1c8691d96ff01e58b0a071f0fc1a0e357fb1"", ""size"": 7521.8, ""price"": 0.008, ""timestamp"": 1770867499, ""title"": ""Will LeBron James win the 2028 US Presidential Election?"", ""slug"": ""will-lebron-james-win-the-2028-us-presidential-election"", ""icon"": ""https://polymarket-upload.s3.us-east-2.amazonaws.com/Lebron_James.png"", ""eventSlug"": ""presidential-election-winner-2028"", ""outcome"": ""Yes"", ""outcomeIndex"": 0, ""name"": ""StellarAwakenineg"", ""pseudonym"": ""Young-Hypothermia"", ""bio"": """", ""profileImage"": """", ""profileImageOptimized"": """", ""transactionHash"": ""0xccb10619f78eb07e21d891011133dfc254b5e6af2b8e09e4d2d60ebac3b42f46""}"
1770864531,2026-02-14T01:58:31.823992,0xf6e61234061e542556f5f99db48919517498ba887bccc2d17a048cff656207a2:1770864531,561251,39223330966352513418907732239455948906399882924787587183466504819170775983376,BUY,0.008,40100.0,320.8,0xf6e61234061e542556f5f99db48919517498ba887bccc2d17a048cff656207a2,"{""proxyWallet"": ""0xed45b0f8553ab9d34f3e17cde86eb394bc09066b"", ""side"": ""BUY"", ""asset"": ""39223330966352513418907732239455948906399882924787587183466504819170775983376"", ""conditionId"": ""0x836b850fc838195374862551a36f1c8691d96ff01e58b0a071f0fc1a0e357fb1"", ""size"": 40100, ""price"": 0.008, ""timestamp"": 1770864531, ""title"": ""Will LeBron James win the 2028 US Presidential Election?"", ""slug"": ""will-lebron-james-win-the-2028-us-presidential-election"", ""icon"": ""https://polymarket-upload.s3.us-east-2.amazonaws.com/Lebron_James.png"", ""eventSlug"": ""presidential-election-winner-2028"", ""outcome"": ""Yes"", ""outcomeIndex"": 0, ""name"": ""Strattonstoneway"", ""pseudonym"": ""Alarmed-Rowing"", ""bio"": """", ""profileImage"": """", ""profileImageOptimized"": """", ""transactionHash"": ""0xf6e61234061e542556f5f99db48919517498ba887bccc2d17a048cff656207a2""}"
1770864275,2026-02-14T01:58:31.824052,0x7ecce46188a460dafa85cb1298d4c38bc717047a079bb2412aecd3c570c0f644:1770864275,561251,39223330966352513418907732239455948906399882924787587183466504819170775983376,BUY,0.008,7545.9,60.3672,0x7ecce46188a460dafa85cb1298d4c38bc717047a079bb2412aecd3c570c0f644,"{""proxyWallet"": ""0xd41f5699732933cdc6cad64177f1d23c33d5c176"", ""side"": ""BUY"", ""asset"": ""39223330966352513418907732239455948906399882924787587183466504819170775983376"", ""conditionId"": ""0x836b850fc838195374862551a36f1c8691d96ff01e58b0a071f0fc1a0e357fb1"", ""size"": 7545.9, ""price"": 0.008, ""timestamp"": 1770864275, ""title"": ""Will LeBron James win the 2028 US Presidential Election?"", ""slug"": ""will-lebron-james-win-the-2028-us-presidential-election"", ""icon"": ""https://polymarket-upload.s3.us-east-2.amazonaws.com/Lebron_James.png"", ""eventSlug"": ""presidential-election-winner-2028"", ""outcome"": ""Yes"", ""outcomeIndex"": 0, ""name"": ""Brackenridgeway"", ""pseudonym"": ""Gloomy-Sauerkraut"", ""bio"": """", ""profileImage"": """", ""profileImageOptimized"": """", ""transactionHash"": ""0x7ecce46188a460dafa85cb1298d4c38bc717047a079bb2412aecd3c570c0f644""}"
1770864265,2026-02-14T01:58:31.824090,0xe4f75bd9a784d7a74e4383ba001db07a6d54cc20aca0c5de076db3a01ecc828a:1770864265,561251,39223330966352513418907732239455948906399882924787587183466504819170775983376,BUY,0.008,7517.9,60.1432,0xe4f75bd9a784d7a74e4383ba001db07a6d54cc20aca0c5de076db3a01ecc828a,"{""proxyWallet"": ""0xf7222e46e60b0fb252e04639662536bd6909af27"", ""side"": ""BUY"", ""asset"": ""39223330966352513418907732239455948906399882924787587183466504819170775983376"", ""conditionId"": ""0x836b850fc838195374862551a36f1c8691d96ff01e58b0a071f0fc1a0e357fb1"", ""size"": 7517.9, ""price"": 0.008, ""timestamp"": 1770864265, ""title"": ""Will LeBron James win the 2028 US Presidential Election?"", ""slug"": ""will-lebron-james-win-the-2028-us-presidential-election"", ""icon"": ""https://polymarket-upload.s3.us-east-2.amazonaws.com/Lebron_James.png"", ""eventSlug"": ""presidential-election-winner-2028"", ""outcome"": ""Yes"", ""outcomeIndex"": 0, ""name"": ""Oakwoodbridge"", ""pseudonym"": ""Small-Infancy"", ""bio"": """", ""profileImage"": """", ""profileImageOptimized"": """", ""transactionHash"": ""0xe4f75bd9a784d7a74e4383ba001db07a6d54cc20aca0c5de076db3a01ecc828a""}"
1770861737,2026-02-14T01:58:31.824143,0x745372699d5d132c4682a6b61cf9655d910a998a73224aa2c76666453ea39279:1770861737,561251,39223330966352513418907732239455948906399882924787587183466504819170775983376,BUY,0.008,37918.0,303.344,0x745372699d5d132c4682a6b61cf9655d910a998a73224aa2c76666453ea39279,"{""proxyWallet"": ""0x7d9955dd2a1f202bec9e248e7b1b73dc24b117c3"", ""side"": ""BUY"", ""asset"": ""39223330966352513418907732239455948906399882924787587183466504819170775983376"", ""conditionId"": ""0x836b850fc838195374862551a36f1c8691d96ff01e58b0a071f0fc1a0e357fb1"", ""size"": 37918, ""price"": 0.008, ""timestamp"": 1770861737, ""title"": ""Will LeBron James win the 2028 US Presidential Election?"", ""slug"": ""will-lebron-james-win-the-2028-us-presidential-election"", ""icon"": ""https://polymarket-upload.s3.us-east-2.amazonaws.com/Lebron_James.png"", ""eventSlug"": ""presidential-election-winner-2028"", ""outcome"": ""Yes"", ""outcomeIndex"": 0, ""name"": ""Azuyxsti"", ""pseudonym"": ""Enraged-Happiness"", ""bio"": """", ""profileImage"": """", ""profileImageOptimized"": """", ""transactionHash"": ""0x745372699d5d132c4682a6b61cf9655d910a998a73224aa2c76666453ea39279""}"
1770861255,2026-02-14T01:58:31.824185,0x812aa6242d11638a9162f72b0a17fc6d852011f03d5a020d52b80bd5f8fc0809:1770861255,561251,39223330966352513418907732239455948906399882924787587183466504819170775983376,BUY,0.008,7517.5,60.14,0x812aa6242d11638a9162f72b0a17fc6d852011f03d5a020d52b80bd5f8fc0809,"{""proxyWallet"": ""0x62e85c4e9b56d526d9c19f0a03fbcf18aa3be2e4"", ""side"": ""BUY"", ""asset"": ""39223330966352513418907732239455948906399882924787587183466504819170775983376"", ""conditionId"": ""0x836b850fc838195374862551a36f1c8691d96ff01e58b0a071f0fc1a0e357fb1"", ""size"": 7517.5, ""price"": 0.008, ""timestamp"": 1770861255, ""title"": ""Will LeBron James win the 2028 US Presidential Election?"", ""slug"": ""will-lebron-james-win-the-2028-us-presidential-election"", ""icon"": ""https://polymarket-upload.s3.us-east-2.amazonaws.com/Lebron_James.png"", ""eventSlug"": ""presidential-election-winner-2028"", ""outcome"": ""Yes"", ""outcomeIndex"": 0, ""name"": ""SavagSeDream8"", ""pseudonym"": ""Gullible-Functionality"", ""bio"": """", ""profileImage"": """", ""profileImageOptimized"": """", ""transactionHash"": ""0x812aa6242d11638a9162f72b0a17fc6d852011f03d5a020d52b80bd5f8fc0809""}"
1770861239,2026-02-14T01:58:31.824216,0x593090e27f70e9e5da213dd0c1e3175f2301b89763c5d68bfc0caf7d904d1f7f:1770861239,561251,39223330966352513418907732239455948906399882924787587183466504819170775983376,BUY,0.008,7487.7,59.9016,0x593090e27f70e9e5da213dd0c1e3175f2301b89763c5d68bfc0caf7d904d1f7f,"{""proxyWallet"": ""0x5a56ca42d3db89937f7fc9a2cb0225007605370a"", ""side"": ""BUY"", ""asset"": ""39223330966352513418907732239455948906399882924787587183466504819170775983376"", ""conditionId"": ""0x836b850fc838195374862551a36f1c8691d96ff01e58b0a071f0fc1a0e357fb1"", ""size"": 7487.7, ""price"": 0.008, ""timestamp"": 1770861239, ""title"": ""Will LeBron James win the 2028 US Presidential Election?"", ""slug"": ""will-lebron-james-win-the-2028-us-presidential-election"", ""icon"": ""https://polymarket-upload.s3.us-east-2.amazonaws.com/Lebron_James.png"", ""eventSlug"": ""presidential-election-winner-2028"", ""outcome"": ""Yes"", ""outcomeIndex"": 0, ""name"": ""CyberNova23z"", ""pseudonym"": ""Yummy-Particle"", ""bio"": """", ""profileImage"": """", ""profileImageOptimized"": """", ""transactionHash"": ""0x593090e27f70e9e5da213dd0c1e3175f2301b89763c5d68bfc0caf7d904d1f7f""}"
1770860269,2026-02-14T01:58:31.824269,0x5f19c582c6c527a4c4ffe75358defd217c7765eacc537085bd73f0d2583dfef7:1770860269,561251,39223330966352513418907732239455948906399882924787587183466504819170775983376,BUY,0.008,7144.0,57.152,0x5f19c582c6c527a4c4ffe75358defd217c7765eacc537085bd73f0d2583dfef7,"{""proxyWallet"": ""0xb0313c6024dd986044f52f902afe8d821043a235"", ""side"": ""BUY"", ""asset"": ""39223330966352513418907732239455948906399882924787587183466504819170775983376"", ""conditionId"": ""0x836b850fc838195374862551a36f1c8691d96ff01e58b0a071f0fc1a0e357fb1"", ""size"": 7144, ""price"": 0.008, ""timestamp"": 1770860269, ""title"": ""Will LeBron James win the 2028 US Presidential Election?"", ""slug"": ""will-lebron-james-win-the-2028-us-presidential-election"", ""icon"": ""https://polymarket-upload.s3.us-east-2.amazonaws.com/Lebron_James.png"", ""eventSlug"": ""presidential-election-winner-2028"", ""outcome"": ""Yes"", ""outcomeIndex"": 0, ""name"": ""RadtxMyst"", ""pseudonym"": ""Ornery-Puggle"", ""bio"": """", ""profileImage"": """", ""profileImageOptimized"": """", ""transactionHash"": ""0x5f19c582c6c527a4c4ffe75358defd217c7765eacc537085bd73f0d2583dfef7""}"
1770858141,2026-02-14T01:58:31.824312,0x2c2fc9671112c313847b57cbf15b68db4f949f989654cae3e3aaf1f49dfd1d40:1770858141,561251,39223330966352513418907732239455948906399882924787587183466504819170775983376,SELL,0.007,200.0,1.4000000000000001,0x2c2fc9671112c313847b57cbf15b68db4f949f989654cae3e3aaf1f49dfd1d40,"{""proxyWallet"": ""0xe954ccf45185cb59195e2f97b0f5cc6b9f7b1576"", ""side"": ""SELL"", ""asset"": ""39223330966352513418907732239455948906399882924787587183466504819170775983376"", ""conditionId"": ""0x836b850fc838195374862551a36f1c8691d96ff01e58b0a071f0fc1a0e357fb1"", ""size"": 200, ""price"": 0.007, ""timestamp"": 1770858141, ""title"": ""Will LeBron James win the 2028 US Presidential Election?"", ""slug"": ""will-lebron-james-win-the-2028-us-presidential-election"", ""icon"": ""https://polymarket-upload.s3.us-east-2.amazonaws.com/Lebron_James.png"", ""eventSlug"": ""presidential-election-winner-2028"", ""outcome"": ""Yes"", ""outcomeIndex"": 0, ""name"": ""6767876"", ""pseudonym"": ""Buzzing-Oak"", ""bio"": """", ""profileImage"": """", ""profileImageOptimized"": """", ""transactionHash"": ""0x2c2fc9671112c313847b57cbf15b68db4f949f989654cae3e3aaf1f49dfd1d40""}"
1770841483,2026-02-14T01:58:31.824347,0x877c0e829aa301143fd8389d3d1b7d4fbe807d9d4217cf91e76d4c0ab512d326:1770841483,561251,39223330966352513418907732239455948906399882924787587183466504819170775983376,SELL,0.007,252.03,1.76421,0x877c0e829aa301143fd8389d3d1b7d4fbe807d9d4217cf91e76d4c0ab512d326,"{""proxyWallet"": ""0x065518dd13ef3f71446c0de80c5389218bcddd22"", ""side"": ""SELL"", ""asset"": ""39223330966352513418907732239455948906399882924787587183466504819170775983376"", ""conditionId"": ""0x836b850fc838195374862551a36f1c8691d96ff01e58b0a071f0fc1a0e357fb1"", ""size"": 252.03, ""price"": 0.007, ""timestamp"": 1770841483, ""title"": ""Will LeBron James win the 2028 US Presidential Election?"", ""slug"": ""will-lebron-james-win-the-2028-us-presidential-election"", ""icon"": ""https://polymarket-upload.s3.us-east-2.amazonaws.com/Lebron_James.png"", ""eventSlug"": ""presidential-election-winner-2028"", ""outcome"": ""Yes"", ""outcomeIndex"": 0, ""name"": """", ""pseudonym"": """", ""bio"": """", ""profileImage"": """", ""profileImageOptimized"": """", ""transactionHash"": ""0x877c0e829aa301143fd8389d3d1b7d4fbe807d9d4217cf91e76d4c0ab512d326""}"
1770838497,2026-02-14T01:58:31.824379,0x4b5da1f27d4740b7a6639083a01e3b94dbd61bc7ffaecdbe109ead26a440f65a:1770838497,561251,39223330966352513418907732239455948906399882924787587183466504819170775983376,SELL,0.007,64.0,0.448,0x4b5da1f27d4740b7a6639083a01e3b94dbd61bc7ffaecdbe109ead26a440f65a,"{""proxyWallet"": ""0x691110e25faed75db4707b301e1dbe37b6d997ff"", ""side"": ""SELL"", ""asset"": ""39223330966352513418907732239455948906399882924787587183466504819170775983376"", ""conditionId"": ""0x836b850fc838195374862551a36f1c8691d96ff01e58b0a071f0fc1a0e357fb1"", ""size"": 64, ""price"": 0.007, ""timestamp"": 1770838497, ""title"": ""Will LeBron James win the 2028 US Presidential Election?"", ""slug"": ""will-lebron-james-win-the-2028-us-presidential-election"", ""icon"": ""https://polymarket-upload.s3.us-east-2.amazonaws.com/Lebron_James.png"", ""eventSlug"": ""presidential-election-winner-2028"", ""outcome"": ""Yes"", ""outcomeIndex"": 0, ""name"": ""turnerlori"", ""pseudonym"": ""Entire-Transition"", ""bio"": """", ""profileImage"": """", ""profileImageOptimized"": """", ""transactionHash"": ""0x4b5da1f27d4740b7a6639083a01e3b94dbd61bc7ffaecdbe109ead26a440f65a""}"
1770833581,2026-02-14T01:58:31.824410,0xa530d98ede4ab68d5ae3183b04c769a21fe6795b4f394f34f2d350ec780350b1:1770833581,561251,39223330966352513418907732239455948906399882924787587183466504819170775983376,SELL,0.007,968.75,6.78125,0xa530d98ede4ab68d5ae3183b04c769a21fe6795b4f394f34f2d350ec780350b1,"{""proxyWallet"": ""0x2c3acc00d2f38c1e3c6a013c4eb76a316007967c"", ""side"": ""SELL"", ""asset"": ""39223330966352513418907732239455948906399882924787587183466504819170775983376"", ""conditionId"": ""0x836b850fc838195374862551a36f1c8691d96ff01e58b0a071f0fc1a0e357fb1"", ""size"": 968.75, ""price"": 0.007, ""timestamp"": 1770833581, ""title"": ""Will LeBron James win the 2028 US Presidential Election?"", ""slug"": ""will-lebron-james-win-the-2028-us-presidential-election"", ""icon"": ""https://polymarket-upload.s3.us-east-2.amazonaws.com/Lebron_James.png"", ""eventSlug"": ""presidential-election-winner-2028"", ""outcome"": ""Yes"", ""outcomeIndex"": 0, ""name"": ""kibmerphey"", ""pseudonym"": ""Standard-Candle"", ""bio"": """", ""profileImage"": """", ""profileImageOptimized"": """", ""transactionHash"": ""0xa530d98ede4ab68d5ae3183b04c769a21fe6795b4f394f34f2d350ec780350b1""}"
1770831857,2026-02-14T01:58:31.824442,0x39ab472c1929d445d154da8baa12267fc734010666ab9bf9e8b62a21fadc2248:1770831857,561251,39223330966352513418907732239455948906399882924787587183466504819170775983376,BUY,0.008,968.75,7.75,0x39ab472c1929d445d154da8baa12267fc734010666ab9bf9e8b62a21fadc2248,"{""proxyWallet"": ""0x2c3acc00d2f38c1e3c6a013c4eb76a316007967c"", ""side"": ""BUY"", ""asset"": ""39223330966352513418907732239455948906399882924787587183466504819170775983376"", ""conditionId"": ""0x836b850fc838195374862551a36f1c8691d96ff01e58b0a071f0fc1a0e357fb1"", ""size"": 968.75, ""price"": 0.008, ""timestamp"": 1770831857, ""title"": ""Will LeBron James win the 2028 US Presidential Election?"", ""slug"": ""will-lebron-james-win-the-2028-us-presidential-election"", ""icon"": ""https://polymarket-upload.s3.us-east-2.amazonaws.com/Lebron_James.png"", ""eventSlug"": ""presidential-election-winner-2028"", ""outcome"": ""Yes"", ""outcomeIndex"": 0, ""name"": ""kibmerphey"", ""pseudonym"": ""Standard-Candle"", ""bio"": """", ""profileImage"": """", ""profileImageOptimized"": """", ""transactionHash"": ""0x39ab472c1929d445d154da8baa12267fc734010666ab9bf9e8b62a21fadc2248""}"
1770807027,2026-02-14T01:58:31.824488,0x258711c869a919d40e4103ff68c6fef6ae07e94503d88f4cc057165dfe6167cf:1770807027,561251,39223330966352513418907732239455948906399882924787587183466504819170775983376,BUY,0.008,200.0,1.6,0x258711c869a919d40e4103ff68c6fef6ae07e94503d88f4cc057165dfe6167cf,"{""proxyWallet"": ""0xe954ccf45185cb59195e2f97b0f5cc6b9f7b1576"", ""side"": ""BUY"", ""asset"": ""39223330966352513418907732239455948906399882924787587183466504819170775983376"", ""conditionId"": ""0x836b850fc838195374862551a36f1c8691d96ff01e58b0a071f0fc1a0e357fb1"", ""size"": 200, ""price"": 0.008, ""timestamp"": 1770807027, ""title"": ""Will LeBron James win the 2028 US Presidential Election?"", ""slug"": ""will-lebron-james-win-the-2028-us-presidential-election"", ""icon"": ""https://polymarket-upload.s3.us-east-2.amazonaws.com/Lebron_James.png"", ""eventSlug"": ""presidential-election-winner-2028"", ""outcome"": ""Yes"", ""outcomeIndex"": 0, ""name"": ""6767876"", ""pseudonym"": ""Buzzing-Oak"", ""bio"": """", ""profileImage"": """", ""profileImageOptimized"": """", ""transactionHash"": ""0x258711c869a919d40e4103ff68c6fef6ae07e94503d88f4cc057165dfe6167cf""}"
1770798611,2026-02-14T01:58:31.824531,0xffb8e40e63a6199ef118f028ee357fdb78047807c738402f1b94f969e8bdb741:1770798611,561251,39223330966352513418907732239455948906399882924787587183466504819170775983376,BUY,0.008,135.0,1.08,0xffb8e40e63a6199ef118f028ee357fdb78047807c738402f1b94f969e8bdb741,"{""proxyWallet"": ""0xef8a8eecae5563cbe1c727a77ae44f8bd9a6cd68"", ""side"": ""BUY"", ""asset"": ""39223330966352513418907732239455948906399882924787587183466504819170775983376"", ""conditionId"": ""0x836b850fc838195374862551a36f1c8691d96ff01e58b0a071f0fc1a0e357fb1"", ""size"": 135, ""price"": 0.008, ""timestamp"": 1770798611, ""title"": ""Will LeBron James win the 2028 US Presidential Election?"", ""slug"": ""will-lebron-james-win-the-2028-us-presidential-election"", ""icon"": ""https://polymarket-upload.s3.us-east-2.amazonaws.com/Lebron_James.png"", ""eventSlug"": ""presidential-election-winner-2028"", ""outcome"": ""Yes"", ""outcomeIndex"": 0, ""name"": """", ""pseudonym"": """", ""bio"": """", ""profileImage"": """", ""profileImageOptimized"": """", ""transactionHash"": ""0xffb8e40e63a6199ef118f028ee357fdb78047807c738402f1b94f969e8bdb741""}"
1770795267,2026-02-14T01:58:31.824567,0x9358e17fed7f08128c3d2ed7e13bb2e380b4c46b16c5ce25f5d587c704abf2a7:1770795267,561251,39223330966352513418907732239455948906399882924787587183466504819170775983376,BUY,0.008,5000.0,40.0,0x9358e17fed7f08128c3d2ed7e13bb2e380b4c46b16c5ce25f5d587c704abf2a7,"{""proxyWallet"": ""0x96352d0e38447de7f0be3f26408becf546fa413d"", ""side"": ""BUY"", ""asset"": ""39223330966352513418907732239455948906399882924787587183466504819170775983376"", ""conditionId"": ""0x836b850fc838195374862551a36f1c8691d96ff01e58b0a071f0fc1a0e357fb1"", ""size"": 5000, ""price"": 0.008, ""timestamp"": 1770795267, ""title"": ""Will LeBron James win the 2028 US Presidential Election?"", ""slug"": ""will-lebron-james-win-the-2028-us-presidential-election"", ""icon"": ""https://polymarket-upload.s3.us-east-2.amazonaws.com/Lebron_James.png"", ""eventSlug"": ""presidential-election-winner-2028"", ""outcome"": ""Yes"", ""outcomeIndex"": 0, ""name"": ""dereefc5"", ""pseudonym"": ""Lazy-Pumpkinseed"", ""bio"": """", ""profileImage"": """", ""profileImageOptimized"": """", ""transactionHash"": ""0x9358e17fed7f08128c3d2ed7e13bb2e380b4c46b16c5ce25f5d587c704abf2a7""}"
1770793191,2026-02-14T01:58:31.824604,0x22e4910e3f1a2d76e0bbeb7e106c13b348878f465b625df110543a9823b5f263:1770793191,561251,39223330966352513418907732239455948906399882924787587183466504819170775983376,BUY,0.008,2225.0,17.8,0x22e4910e3f1a2d76e0bbeb7e106c13b348878f465b625df110543a9823b5f263,"{""proxyWallet"": ""0x9377a97af636ed451bb61ad60e838d7da283df85"", ""side"": ""BUY"", ""asset"": ""39223330966352513418907732239455948906399882924787587183466504819170775983376"", ""conditionId"": ""0x836b850fc838195374862551a36f1c8691d96ff01e58b0a071f0fc1a0e357fb1"", ""size"": 2225, ""price"": 0.008, ""timestamp"": 1770793191, ""title"": ""Will LeBron James win the 2028 US Presidential Election?"", ""slug"": ""will-lebron-james-win-the-2028-us-presidential-election"", ""icon"": ""https://polymarket-upload.s3.us-east-2.amazonaws.com/Lebron_James.png"", ""eventSlug"": ""presidential-election-winner-2028"", ""outcome"": ""Yes"", ""outcomeIndex"": 0, ""name"": ""frigts"", ""pseudonym"": ""Self-Reliant-Doubt"", ""bio"": """", ""profileImage"": """", ""profileImageOptimized"": """", ""transactionHash"": ""0x22e4910e3f1a2d76e0bbeb7e106c13b348878f465b625df110543a9823b5f263""}"
1770791755,2026-02-14T01:58:31.824637,0xea2d0bead5db8d714be58fe7cb9eec8cabd633bfb7be48221715b050039ce772:1770791755,561251,39223330966352513418907732239455948906399882924787587183466504819170775983376,BUY,0.008,2133.75,17.07,0xea2d0bead5db8d714be58fe7cb9eec8cabd633bfb7be48221715b050039ce772,"{""proxyWallet"": ""0x4df2f0f0842b6435818ff7cecd2a4ed761d72c76"", ""side"": ""BUY"", ""asset"": ""39223330966352513418907732239455948906399882924787587183466504819170775983376"", ""conditionId"": ""0x836b850fc838195374862551a36f1c8691d96ff01e58b0a071f0fc1a0e357fb1"", ""size"": 2133.75, ""price"": 0.008, ""timestamp"": 1770791755, ""title"": ""Will LeBron James win the 2028 US Presidential Election?"", ""slug"": ""will-lebron-james-win-the-2028-us-presidential-election"", ""icon"": ""https://polymarket-upload.s3.us-east-2.amazonaws.com/Lebron_James.png"", ""eventSlug"": ""presidential-election-winner-2028"", ""outcome"": ""Yes"", ""outcomeIndex"": 0, ""name"": ""gate342"", ""pseudonym"": ""Frizzy-Governance"", ""bio"": """", ""profileImage"": """", ""profileImageOptimized"": """", ""transactionHash"": ""0xea2d0bead5db8d714be58fe7cb9eec8cabd633bfb7be48221715b050039ce772""}"
1770782603,2026-02-14T01:58:31.824690,0x66cdd719f7b9c18033b24a3963cd5e3a246d896fa8f45e05bdc6ab842943cf9a:1770782603,561251,39223330966352513418907732239455948906399882924787587183466504819170775983376,BUY,0.008,38487.57,307.90056,0x66cdd719f7b9c18033b24a3963cd5e3a246d896fa8f45e05bdc6ab842943cf9a,"{""proxyWallet"": ""0x1c1dfbbd9c07bc9a68d0f86efa5b42d5bb1dc6de"", ""side"": ""BUY"", ""asset"": ""39223330966352513418907732239455948906399882924787587183466504819170775983376"", ""conditionId"": ""0x836b850fc838195374862551a36f1c8691d96ff01e58b0a071f0fc1a0e357fb1"", ""size"": 38487.57, ""price"": 0.008, ""timestamp"": 1770782603, ""title"": ""Will LeBron James win the 2028 US Presidential Election?"", ""slug"": ""will-lebron-james-win-the-2028-us-presidential-election"", ""icon"": ""https://polymarket-upload.s3.us-east-2.amazonaws.com/Lebron_James.png"", ""eventSlug"": ""presidential-election-winner-2028"", ""outcome"": ""Yes"", ""outcomeIndex"": 0, ""name"": ""ClarenceMadge"", ""pseudonym"": ""Droopy-Remark"", ""bio"": """", ""profileImage"": """", ""profileImageOptimized"": """", ""transactionHash"": ""0x66cdd719f7b9c18033b24a3963cd5e3a246d896fa8f45e05bdc6ab842943cf9a""}"
1770781477,2026-02-14T01:58:32.873836,0x9bceb964fcb58846928bf8446fb89378b368c0b8c351131869d65c09e34a007e:1770781477,561251,39223330966352513418907732239455948906399882924787587183466504819170775983376,SELL,0.007,45.0,0.315,0x9bceb964fcb58846928bf8446fb89378b368c0b8c351131869d65c09e34a007e,"{""proxyWallet"": ""0x108c8b94cab1212c313054899e8a1c829f0dcc82"", ""side"": ""SELL"", ""asset"": ""39223330966352513418907732239455948906399882924787587183466504819170775983376"", ""conditionId"": ""0x836b850fc838195374862551a36f1c8691d96ff01e58b0a071f0fc1a0e357fb1"", ""size"": 45, ""price"": 0.007, ""timestamp"": 1770781477, ""title"": ""Will LeBron James win the 2028 US Presidential Election?"", ""slug"": ""will-lebron-james-win-the-2028-us-presidential-election"", ""icon"": ""https://polymarket-upload.s3.us-east-2.amazonaws.com/Lebron_James.png"", ""eventSlug"": ""presidential-election-winner-2028"", ""outcome"": ""Yes"", ""outcomeIndex"": 0, ""name"": ""adad23"", ""pseudonym"": ""Emotional-Percent"", ""bio"": """", ""profileImage"": """", ""profileImageOptimized"": """", ""transactionHash"": ""0x9bceb964fcb58846928bf8446fb89378b368c0b8c351131869d65c09e34a007e""}"
1770779945,2026-02-14T01:58:32.873908,0xb4f79321ce099c5699327684b5d6a4e8d5a7ddeb2a4da9a4aab2e4947f321e47:1770779945,561251,39223330966352513418907732239455948906399882924787587183466504819170775983376,BUY,0.008,1486.25,11.89,0xb4f79321ce099c5699327684b5d6a4e8d5a7ddeb2a4da9a4aab2e4947f321e47,"{""proxyWallet"": ""0x3697446291133fc4832bad581964ef25963239c5"", ""side"": ""BUY"", ""asset"": ""39223330966352513418907732239455948906399882924787587183466504819170775983376"", ""conditionId"": ""0x836b850fc838195374862551a36f1c8691d96ff01e58b0a071f0fc1a0e357fb1"", ""size"": 1486.25, ""price"": 0.008, ""timestamp"": 1770779945, ""title"": ""Will LeBron James win the 2028 US Presidential Election?"", ""slug"": ""will-lebron-james-win-the-2028-us-presidential-election"", ""icon"": ""https://polymarket-upload.s3.us-east-2.amazonaws.com/Lebron_James.png"", ""eventSlug"": ""presidential-election-winner-2028"", ""outcome"": ""Yes"", ""outcomeIndex"": 0, ""name"": ""32c7ae03"", ""pseudonym"": ""Keen-Litigation"", ""bio"": """", ""profileImage"": """", ""profileImageOptimized"": """", ""transactionHash"": ""0xb4f79321ce099c5699327684b5d6a4e8d5a7ddeb2a4da9a4aab2e4947f321e47""}"
1770774435,2026-02-14T01:58:32.873938,0x350df8162002162dd69b15d9236fb7b72151f25589644dbdd5799c3b5f1b4794:1770774435,561251,39223330966352513418907732239455948906399882924787587183466504819170775983376,BUY,0.008,1852.5,14.82,0x350df8162002162dd69b15d9236fb7b72151f25589644dbdd5799c3b5f1b4794,"{""proxyWallet"": ""0x9903b7e5ec1343e071dc6735ed9302403ecf9004"", ""side"": ""BUY"", ""asset"": ""39223330966352513418907732239455948906399882924787587183466504819170775983376"", ""conditionId"": ""0x836b850fc838195374862551a36f1c8691d96ff01e58b0a071f0fc1a0e357fb1"", ""size"": 1852.5, ""price"": 0.008, ""timestamp"": 1770774435, ""title"": ""Will LeBron James win the 2028 US Presidential Election?"", ""slug"": ""will-lebron-james-win-the-2028-us-presidential-election"", ""icon"": ""https://polymarket-upload.s3.us-east-2.amazonaws.com/Lebron_James.png"", ""eventSlug"": ""presidential-election-winner-2028"", ""outcome"": ""Yes"", ""outcomeIndex"": 0, ""name"": ""73225"", ""pseudonym"": ""Queasy-Whack"", ""bio"": """", ""profileImage"": """", ""profileImageOptimized"": """", ""transactionHash"": ""0x350df8162002162dd69b15d9236fb7b72151f25589644dbdd5799c3b5f1b4794""}"
1770772961,2026-02-14T01:58:32.873960,0xe2a5f8e7a17f17696c91b878fddaabdefff1072f2b19d1502a07a849b0c76945:1770772961,561251,39223330966352513418907732239455948906399882924787587183466504819170775983376,SELL,0.007,7359.0,51.513,0xe2a5f8e7a17f17696c91b878fddaabdefff1072f2b19d1502a07a849b0c76945,"{""proxyWallet"": ""0x7087252d0073b5e284f0b41775001fddf36eb56e"", ""side"": ""SELL"", ""asset"": ""39223330966352513418907732239455948906399882924787587183466504819170775983376"", ""conditionId"": ""0x836b850fc838195374862551a36f1c8691d96ff01e58b0a071f0fc1a0e357fb1"", ""size"": 7359, ""price"": 0.007, ""timestamp"": 1770772961, ""title"": ""Will LeBron James win the 2028 US Presidential Election?"", ""slug"": ""will-lebron-james-win-the-2028-us-presidential-election"", ""icon"": ""https://polymarket-upload.s3.us-east-2.amazonaws.com/Lebron_James.png"", ""eventSlug"": ""presidential-election-winner-2028"", ""outcome"": ""Yes"", ""outcomeIndex"": 0, ""name"": ""mytic29phoen"", ""pseudonym"": ""Squeaky-Ammunition"", ""bio"": """", ""profileImage"": """", ""profileImageOptimized"": """", ""transactionHash"": ""0xe2a5f8e7a17f17696c91b878fddaabdefff1072f2b19d1502a07a849b0c76945""}"
1770757999,2026-02-14T01:58:32.873981,0x4063c4bf6e2b593108c39a2c896fd460bee7ea94c98cfc10e526d933c186ed00:1770757999,561251,39223330966352513418907732239455948906399882924787587183466504819170775983376,BUY,0.008,252.03,2.0162400000000003,0x4063c4bf6e2b593108c39a2c896fd460bee7ea94c98cfc10e526d933c186ed00,"{""proxyWallet"": ""0x065518dd13ef3f71446c0de80c5389218bcddd22"", ""side"": ""BUY"", ""asset"": ""39223330966352513418907732239455948906399882924787587183466504819170775983376"", ""conditionId"": ""0x836b850fc838195374862551a36f1c8691d96ff01e58b0a071f0fc1a0e357fb1"", ""size"": 252.03, ""price"": 0.008, ""timestamp"": 1770757999, ""title"": ""Will LeBron James win the 2028 US Presidential Election?"", ""slug"": ""will-lebron-james-win-the-2028-us-presidential-election"", ""icon"": ""https://polymarket-upload.s3.us-east-2.amazonaws.com/Lebron_James.png"", ""eventSlug"": ""presidential-election-winner-2028"", ""outcome"": ""Yes"", ""outcomeIndex"": 0, ""name"": """", ""pseudonym"": """", ""bio"": """", ""profileImage"": """", ""profileImageOptimized"": """", ""transactionHash"": ""0x4063c4bf6e2b593108c39a2c896fd460bee7ea94c98cfc10e526d933c186ed00""}"
1770722001,2026-02-14T01:58:32.874007,0xc8b181a5e2fc68da5d4af560186bc76e52ca4c08118fef19debff7715e32a09d:1770722001,561251,39223330966352513418907732239455948906399882924787587183466504819170775983376,SELL,0.007,2434.5,17.0415,0xc8b181a5e2fc68da5d4af560186bc76e52ca4c08118fef19debff7715e32a09d,"{""proxyWallet"": ""0xd73ee38f13785b0297378867086a6576eac4eb34"", ""side"": ""SELL"", ""asset"": ""39223330966352513418907732239455948906399882924787587183466504819170775983376"", ""conditionId"": ""0x836b850fc838195374862551a36f1c8691d96ff01e58b0a071f0fc1a0e357fb1"", ""size"": 2434.5, ""price"": 0.007, ""timestamp"": 1770722001, ""title"": ""Will LeBron James win the 2028 US Presidential Election?"", ""slug"": ""will-lebron-james-win-the-2028-us-presidential-election"", ""icon"": ""https://polymarket-upload.s3.us-east-2.amazonaws.com/Lebron_James.png"", ""eventSlug"": ""presidential-election-winner-2028"", ""outcome"": ""Yes"", ""outcomeIndex"": 0, ""name"": ""0xd73Ee38F13785b0297378867086A6576EAC4eb34-1768145472299"", ""pseudonym"": ""Unsightly-Fusarium"", ""bio"": """", ""profileImage"": """", ""profileImageOptimized"": """", ""transactionHash"": ""0xc8b181a5e2fc68da5d4af560186bc76e52ca4c08118fef19debff7715e32a09d""}"
1770720489,2026-02-14T01:58:32.874025,0x9193709af427ad1358c607b6e3bcfdea8935c9835ac78f63bedc54707c64a666:1770720489,561251,39223330966352513418907732239455948906399882924787587183466504819170775983376,SELL,0.007,67.0,0.46900000000000003,0x9193709af427ad1358c607b6e3bcfdea8935c9835ac78f63bedc54707c64a666,"{""proxyWallet"": ""0x95e783fddc953261c141fcbbefeb0b500fff3f9c"", ""side"": ""SELL"", ""asset"": ""39223330966352513418907732239455948906399882924787587183466504819170775983376"", ""conditionId"": ""0x836b850fc838195374862551a36f1c8691d96ff01e58b0a071f0fc1a0e357fb1"", ""size"": 67, ""price"": 0.007, ""timestamp"": 1770720489, ""title"": ""Will LeBron James win the 2028 US Presidential Election?"", ""slug"": ""will-lebron-james-win-the-2028-us-presidential-election"", ""icon"": ""https://polymarket-upload.s3.us-east-2.amazonaws.com/Lebron_James.png"", ""eventSlug"": ""presidential-election-winner-2028"", ""outcome"": ""Yes"", ""outcomeIndex"": 0, ""name"": ""jessicahamilton"", ""pseudonym"": ""Honorable-Equivalent"", ""bio"": """", ""profileImage"": """", ""profileImageOptimized"": """", ""transactionHash"": ""0x9193709af427ad1358c607b6e3bcfdea8935c9835ac78f63bedc54707c64a666""}"
1770718313,2026-02-14T01:58:32.874043,0xe2eb374ef5ef33a0ffdf15e5a05ed876e785490f323cc20a201f04305be5bfc3:1770718313,561251,39223330966352513418907732239455948906399882924787587183466504819170775983376,SELL,0.007,111.11,0.77777,0xe2eb374ef5ef33a0ffdf15e5a05ed876e785490f323cc20a201f04305be5bfc3,"{""proxyWallet"": ""0x76857332cb7116b0aaeb744513b974fa264bd406"", ""side"": ""SELL"", ""asset"": ""39223330966352513418907732239455948906399882924787587183466504819170775983376"", ""conditionId"": ""0x836b850fc838195374862551a36f1c8691d96ff01e58b0a071f0fc1a0e357fb1"", ""size"": 111.11, ""price"": 0.007, ""timestamp"": 1770718313, ""title"": ""Will LeBron James win the 2028 US Presidential Election?"", ""slug"": ""will-lebron-james-win-the-2028-us-presidential-election"", ""icon"": ""https://polymarket-upload.s3.us-east-2.amazonaws.com/Lebron_James.png"", ""eventSlug"": ""presidential-election-winner-2028"", ""outcome"": ""Yes"", ""outcomeIndex"": 0, ""name"": ""0xlalaland"", ""pseudonym"": ""Meek-Mandate"", ""bio"": """", ""profileImage"": """", ""profileImageOptimized"": """", ""transactionHash"": ""0xe2eb374ef5ef33a0ffdf15e5a05ed876e785490f323cc20a201f04305be5bfc3""}"
1770717957,2026-02-14T01:58:32.874060,0x523de2cd46d18221833696d1d8911b7f6f982c5d9a01e9d9c3c3ecb2e28570fd:1770717957,561251,39223330966352513418907732239455948906399882924787587183466504819170775983376,SELL,0.007,2057.75,14.404250000000001,0x523de2cd46d18221833696d1d8911b7f6f982c5d9a01e9d9c3c3ecb2e28570fd,"{""proxyWallet"": ""0x38db68d7c02885e37ac03fbd4614a56ab16181e2"", ""side"": ""SELL"", ""asset"": ""39223330966352513418907732239455948906399882924787587183466504819170775983376"", ""conditionId"": ""0x836b850fc838195374862551a36f1c8691d96ff01e58b0a071f0fc1a0e357fb1"", ""size"": 2057.75, ""price"": 0.007, ""timestamp"": 1770717957, ""title"": ""Will LeBron James win the 2028 US Presidential Election?"", ""slug"": ""will-lebron-james-win-the-2028-us-presidential-election"", ""icon"": ""https://polymarket-upload.s3.us-east-2.amazonaws.com/Lebron_James.png"", ""eventSlug"": ""presidential-election-winner-2028"", ""outcome"": ""Yes"", ""outcomeIndex"": 0, ""name"": ""0x38db68d7C02885E37AC03fbd4614a56aB16181E2-1770228242171"", ""pseudonym"": ""Celebrated-Sustainment"", ""bio"": """", ""profileImage"": """", ""profileImageOptimized"": """", ""transactionHash"": ""0x523de2cd46d18221833696d1d8911b7f6f982c5d9a01e9d9c3c3ecb2e28570fd""}"
1770716895,2026-02-14T01:58:32.874078,0x2e30981ad1d8c4a748551c1a5ace4216468305e6817dcd5a5a0c7ac11f6b6aec:1770716895,561251,39223330966352513418907732239455948906399882924787587183466504819170775983376,SELL,0.007,790.0,5.53,0x2e30981ad1d8c4a748551c1a5ace4216468305e6817dcd5a5a0c7ac11f6b6aec,"{""proxyWallet"": ""0xad287cbd7db82d684a5066515c7ee624df111601"", ""side"": ""SELL"", ""asset"": ""39223330966352513418907732239455948906399882924787587183466504819170775983376"", ""conditionId"": ""0x836b850fc838195374862551a36f1c8691d96ff01e58b0a071f0fc1a0e357fb1"", ""size"": 790, ""price"": 0.007, ""timestamp"": 1770716895, ""title"": ""Will LeBron James win the 2028 US Presidential Election?"", ""slug"": ""will-lebron-james-win-the-2028-us-presidential-election"", ""icon"": ""https://polymarket-upload.s3.us-east-2.amazonaws.com/Lebron_James.png"", ""eventSlug"": ""presidential-election-winner-2028"", ""outcome"": ""Yes"", ""outcomeIndex"": 0, ""name"": ""LR1"", ""pseudonym"": ""Jaded-Windchime"", ""bio"": ""Hi"", ""profileImage"": """", ""profileImageOptimized"": """", ""transactionHash"": ""0x2e30981ad1d8c4a748551c1a5ace4216468305e6817dcd5a5a0c7ac11f6b6aec""}"
1770712059,2026-02-14T01:58:32.874101,0x3f81b9c042405ec827f4b62cc3bcb11de465ca413624729a434aa22f8410286e:1770712059,561251,39223330966352513418907732239455948906399882924787587183466504819170775983376,SELL,0.007,267.63,1.87341,0x3f81b9c042405ec827f4b62cc3bcb11de465ca413624729a434aa22f8410286e,"{""proxyWallet"": ""0xc76dc8310effd4ee08c996db4026139205e52c25"", ""side"": ""SELL"", ""asset"": ""39223330966352513418907732239455948906399882924787587183466504819170775983376"", ""conditionId"": ""0x836b850fc838195374862551a36f1c8691d96ff01e58b0a071f0fc1a0e357fb1"", ""size"": 267.63, ""price"": 0.007, ""timestamp"": 1770712059, ""title"": ""Will LeBron James win the 2028 US Presidential Election?"", ""slug"": ""will-lebron-james-win-the-2028-us-presidential-election"", ""icon"": ""https://polymarket-upload.s3.us-east-2.amazonaws.com/Lebron_James.png"", ""eventSlug"": ""presidential-election-winner-2028"", ""outcome"": ""Yes"", ""outcomeIndex"": 0, ""name"": ""0xc76dC8310EffD4eE08C996dB4026139205E52C25-1760469096459"", ""pseudonym"": ""Regal-Vacation"", ""bio"": """", ""profileImage"": """", ""profileImageOptimized"": """", ""transactionHash"": ""0x3f81b9c042405ec827f4b62cc3bcb11de465ca413624729a434aa22f8410286e""}"
1770711459,2026-02-14T01:58:32.874122,0x750d823303335c2cf47dc94cba4b40fdea46c5e1c02fcf71b713de30d5c85d29:1770711459,561251,39223330966352513418907732239455948906399882924787587183466504819170775983376,BUY,0.008,5000.0,40.0,0x750d823303335c2cf47dc94cba4b40fdea46c5e1c02fcf71b713de30d5c85d29,"{""proxyWallet"": ""0x1daf580d484820dcf4410b617c2df82fe10d9667"", ""side"": ""BUY"", ""asset"": ""39223330966352513418907732239455948906399882924787587183466504819170775983376"", ""conditionId"": ""0x836b850fc838195374862551a36f1c8691d96ff01e58b0a071f0fc1a0e357fb1"", ""size"": 5000, ""price"": 0.008, ""timestamp"": 1770711459, ""title"": ""Will LeBron James win the 2028 US Presidential Election?"", ""slug"": ""will-lebron-james-win-the-2028-us-presidential-election"", ""icon"": ""https://polymarket-upload.s3.us-east-2.amazonaws.com/Lebron_James.png"", ""eventSlug"": ""presidential-election-winner-2028"", ""outcome"": ""Yes"", ""outcomeIndex"": 0, ""name"": """", ""pseudonym"": """", ""bio"": """", ""profileImage"": """", ""profileImageOptimized"": """", ""transactionHash"": ""0x750d823303335c2cf47dc94cba4b40fdea46c5e1c02fcf71b713de30d5c85d29""}"
1770710265,2026-02-14T01:58:32.874141,0x7edcc81260b5bfd63df000ed7b957e9da59bc59de25a61a50bc6564a52ec1868:1770710265,561251,39223330966352513418907732239455948906399882924787587183466504819170775983376,BUY,0.008,3.0,0.024,0x7edcc81260b5bfd63df000ed7b957e9da59bc59de25a61a50bc6564a52ec1868,"{""proxyWallet"": ""0x2105d6b3a159a46bd52d2b7f0dbe432312e858a9"", ""side"": ""BUY"", ""asset"": ""39223330966352513418907732239455948906399882924787587183466504819170775983376"", ""conditionId"": ""0x836b850fc838195374862551a36f1c8691d96ff01e58b0a071f0fc1a0e357fb1"", ""size"": 3, ""price"": 0.008, ""timestamp"": 1770710265, ""title"": ""Will LeBron James win the 2028 US Presidential Election?"", ""slug"": ""will-lebron-james-win-the-2028-us-presidential-election"", ""icon"": ""https://polymarket-upload.s3.us-east-2.amazonaws.com/Lebron_James.png"", ""eventSlug"": ""presidential-election-winner-2028"", ""outcome"": ""Yes"", ""outcomeIndex"": 0, ""name"": ""feki001"", ""pseudonym"": ""Teeming-Subscription"", ""bio"": """", ""profileImage"": """", ""profileImageOptimized"": """", ""transactionHash"": ""0x7edcc81260b5bfd63df000ed7b957e9da59bc59de25a61a50bc6564a52ec1868""}"
1770710125,2026-02-14T01:58:32.874160,0x1430f16852f02358e7d37c2293c8484dadce369631fb986a2ff8e47d21fd201f:1770710125,561251,39223330966352513418907732239455948906399882924787587183466504819170775983376,SELL,0.007,1127.0,7.889,0x1430f16852f02358e7d37c2293c8484dadce369631fb986a2ff8e47d21fd201f,"{""proxyWallet"": ""0x9126b8dd4625e8dc5bb49b857e756f1e0851fb8c"", ""side"": ""SELL"", ""asset"": ""39223330966352513418907732239455948906399882924787587183466504819170775983376"", ""conditionId"": ""0x836b850fc838195374862551a36f1c8691d96ff01e58b0a071f0fc1a0e357fb1"", ""size"": 1127, ""price"": 0.007, ""timestamp"": 1770710125, ""title"": ""Will LeBron James win the 2028 US Presidential Election?"", ""slug"": ""will-lebron-james-win-the-2028-us-presidential-election"", ""icon"": ""https://polymarket-upload.s3.us-east-2.amazonaws.com/Lebron_James.png"", ""eventSlug"": ""presidential-election-winner-2028"", ""outcome"": ""Yes"", ""outcomeIndex"": 0, ""name"": ""0x9126b8dd4625e8dC5bb49B857E756F1e0851FB8C-1770220245285"", ""pseudonym"": ""Muffled-Magnitude"", ""bio"": """", ""profileImage"": """", ""profileImageOptimized"": """", ""transactionHash"": ""0x1430f16852f02358e7d37c2293c8484dadce369631fb986a2ff8e47d21fd201f""}"
1770709503,2026-02-14T01:58:32.874179,0xd1100ef4561201cc3a41e242d7f9b44d3cfa4e68eb1f3efa10c308b2f63acaf2:1770709503,561251,39223330966352513418907732239455948906399882924787587183466504819170775983376,SELL,0.007,355.13,2.48591,0xd1100ef4561201cc3a41e242d7f9b44d3cfa4e68eb1f3efa10c308b2f63acaf2,"{""proxyWallet"": ""0xc0bc2ba22c04fdd58a51760c8b220ecb5feae654"", ""side"": ""SELL"", ""asset"": ""39223330966352513418907732239455948906399882924787587183466504819170775983376"", ""conditionId"": ""0x836b850fc838195374862551a36f1c8691d96ff01e58b0a071f0fc1a0e357fb1"", ""size"": 355.13, ""price"": 0.007, ""timestamp"": 1770709503, ""title"": ""Will LeBron James win the 2028 US Presidential Election?"", ""slug"": ""will-lebron-james-win-the-2028-us-presidential-election"", ""icon"": ""https://polymarket-upload.s3.us-east-2.amazonaws.com/Lebron_James.png"", ""eventSlug"": ""presidential-election-winner-2028"", ""outcome"": ""Yes"", ""outcomeIndex"": 0, ""name"": ""0xc0Bc2Ba22C04FdD58a51760c8b220ECB5FEaE654-1766075053051"", ""pseudonym"": ""Assured-Organ"", ""bio"": """", ""profileImage"": """", ""profileImageOptimized"": """", ""transactionHash"": ""0xd1100ef4561201cc3a41e242d7f9b44d3cfa4e68eb1f3efa10c308b2f63acaf2""}"
1770707887,2026-02-14T01:58:32.874218,0x9a665a03ad22cbf12352fb5ff71bf8c9becc535d6ac023728ad4b1032927dbee:1770707887,561251,39223330966352513418907732239455948906399882924787587183466504819170775983376,SELL,0.007,815.25,5.70675,0x9a665a03ad22cbf12352fb5ff71bf8c9becc535d6ac023728ad4b1032927dbee,"{""proxyWallet"": ""0x98d2e4339f134a027bb147823ef7b5b4c79b9d5c"", ""side"": ""SELL"", ""asset"": ""39223330966352513418907732239455948906399882924787587183466504819170775983376"", ""conditionId"": ""0x836b850fc838195374862551a36f1c8691d96ff01e58b0a071f0fc1a0e357fb1"", ""size"": 815.25, ""price"": 0.007, ""timestamp"": 1770707887, ""title"": ""Will LeBron James win the 2028 US Presidential Election?"", ""slug"": ""will-lebron-james-win-the-2028-us-presidential-election"", ""icon"": ""https://polymarket-upload.s3.us-east-2.amazonaws.com/Lebron_James.png"", ""eventSlug"": ""presidential-election-winner-2028"", ""outcome"": ""Yes"", ""outcomeIndex"": 0, ""name"": ""0x98D2E4339F134a027Bb147823ef7b5B4c79B9d5C-1766260258706"", ""pseudonym"": ""Helpless-Graduate"", ""bio"": """", ""profileImage"": """", ""profileImageOptimized"": """", ""transactionHash"": ""0x9a665a03ad22cbf12352fb5ff71bf8c9becc535d6ac023728ad4b1032927dbee""}"
1770702143,2026-02-14T01:58:32.874241,0x76236793dbad3517a34da8b53a93bb8d37efc0cc326c1dee37d656ccd2777d50:1770702143,561251,39223330966352513418907732239455948906399882924787587183466504819170775983376,SELL,0.007,1209.38,8.465660000000002,0x76236793dbad3517a34da8b53a93bb8d37efc0cc326c1dee37d656ccd2777d50,"{""proxyWallet"": ""0x28c8215742b52a4315ec41e4c89898e0509e708e"", ""side"": ""SELL"", ""asset"": ""39223330966352513418907732239455948906399882924787587183466504819170775983376"", ""conditionId"": ""0x836b850fc838195374862551a36f1c8691d96ff01e58b0a071f0fc1a0e357fb1"", ""size"": 1209.38, ""price"": 0.007, ""timestamp"": 1770702143, ""title"": ""Will LeBron James win the 2028 US Presidential Election?"", ""slug"": ""will-lebron-james-win-the-2028-us-presidential-election"", ""icon"": ""https://polymarket-upload.s3.us-east-2.amazonaws.com/Lebron_James.png"", ""eventSlug"": ""presidential-election-winner-2028"", ""outcome"": ""Yes"", ""outcomeIndex"": 0, ""name"": ""0x28C8215742B52a4315EC41e4c89898e0509E708E-1769680243918"", ""pseudonym"": ""Far-Flung-Pug"", ""bio"": """", ""profileImage"": """", ""profileImageOptimized"": """", ""transactionHash"": ""0x76236793dbad3517a34da8b53a93bb8d37efc0cc326c1dee37d656ccd2777d50""}"
1770695719,2026-02-14T01:58:32.874260,0xafaa886f2b38aefea01f1f2943f981a9ab6298a77fc5e1ae658a41facc148810:1770695719,561251,39223330966352513418907732239455948906399882924787587183466504819170775983376,BUY,0.008,1755.0,14.040000000000001,0xafaa886f2b38aefea01f1f2943f981a9ab6298a77fc5e1ae658a41facc148810,"{""proxyWallet"": ""0x95888fa4018d7620d36edce156b1e1dbbe82e42f"", ""side"": ""BUY"", ""asset"": ""39223330966352513418907732239455948906399882924787587183466504819170775983376"", ""conditionId"": ""0x836b850fc838195374862551a36f1c8691d96ff01e58b0a071f0fc1a0e357fb1"", ""size"": 1755, ""price"": 0.008, ""timestamp"": 1770695719, ""title"": ""Will LeBron James win the 2028 US Presidential Election?"", ""slug"": ""will-lebron-james-win-the-2028-us-presidential-election"", ""icon"": ""https://polymarket-upload.s3.us-east-2.amazonaws.com/Lebron_James.png"", ""eventSlug"": ""presidential-election-winner-2028"", ""outcome"": ""Yes"", ""outcomeIndex"": 0, ""name"": ""fgs56"", ""pseudonym"": ""Vibrant-Advent"", ""bio"": """", ""profileImage"": """", ""profileImageOptimized"": """", ""transactionHash"": ""0xafaa886f2b38aefea01f1f2943f981a9ab6298a77fc5e1ae658a41facc148810""}"
1770695469,2026-02-14T01:58:32.874276,0xe7262f85d4f9fd09dba25f0e23143f2350c0a9d8d2abf8dd20ee7924d21c2478:1770695469,561251,39223330966352513418907732239455948906399882924787587183466504819170775983376,SELL,0.007,32.99,0.23093000000000002,0xe7262f85d4f9fd09dba25f0e23143f2350c0a9d8d2abf8dd20ee7924d21c2478,"{""proxyWallet"": ""0x68aa6dbc228f0c1e2731a3399aa8e6930451794e"", ""side"": ""SELL"", ""asset"": ""39223330966352513418907732239455948906399882924787587183466504819170775983376"", ""conditionId"": ""0x836b850fc838195374862551a36f1c8691d96ff01e58b0a071f0fc1a0e357fb1"", ""size"": 32.99, ""price"": 0.007, ""timestamp"": 1770695469, ""title"": ""Will LeBron James win the 2028 US Presidential Election?"", ""slug"": ""will-lebron-james-win-the-2028-us-presidential-election"", ""icon"": ""https://polymarket-upload.s3.us-east-2.amazonaws.com/Lebron_James.png"", ""eventSlug"": ""presidential-election-winner-2028"", ""outcome"": ""Yes"", ""outcomeIndex"": 0, ""name"": ""0x68Aa6DBc228F0c1e2731A3399aA8e6930451794E-1760715828228"", ""pseudonym"": ""Serious-Carol"", ""bio"": """", ""profileImage"": """", ""profileImageOptimized"": """", ""transactionHash"": ""0xe7262f85d4f9fd09dba25f0e23143f2350c0a9d8d2abf8dd20ee7924d21c2478""}"
1770687885,2026-02-14T01:58:32.874304,0xc7d18e22cb5db2ddda17c6f30f8b895bca52b7f45cba6dfb9af9c002530ef6e5:1770687885,561251,39223330966352513418907732239455948906399882924787587183466504819170775983376,BUY,0.008,7359.0,58.872,0xc7d18e22cb5db2ddda17c6f30f8b895bca52b7f45cba6dfb9af9c002530ef6e5,"{""proxyWallet"": ""0x7087252d0073b5e284f0b41775001fddf36eb56e"", ""side"": ""BUY"", ""asset"": ""39223330966352513418907732239455948906399882924787587183466504819170775983376"", ""conditionId"": ""0x836b850fc838195374862551a36f1c8691d96ff01e58b0a071f0fc1a0e357fb1"", ""size"": 7359, ""price"": 0.008, ""timestamp"": 1770687885, ""title"": ""Will LeBron James win the 2028 US Presidential Election?"", ""slug"": ""will-lebron-james-win-the-2028-us-presidential-election"", ""icon"": ""https://polymarket-upload.s3.us-east-2.amazonaws.com/Lebron_James.png"", ""eventSlug"": ""presidential-election-winner-2028"", ""outcome"": ""Yes"", ""outcomeIndex"": 0, ""name"": ""mytic29phoen"", ""pseudonym"": ""Squeaky-Ammunition"", ""bio"": """", ""profileImage"": """", ""profileImageOptimized"": """", ""transactionHash"": ""0xc7d18e22cb5db2ddda17c6f30f8b895bca52b7f45cba6dfb9af9c002530ef6e5""}"
1770687625,2026-02-14T01:58:32.874325,0x0b5c74a0018f3d24866a6668c3c1f782dc0080d6330751e7c526126bac0d4e12:1770687625,561251,39223330966352513418907732239455948906399882924787587183466504819170775983376,SELL,0.007,2057.75,14.404250000000001,0x0b5c74a0018f3d24866a6668c3c1f782dc0080d6330751e7c526126bac0d4e12,"{""proxyWallet"": ""0x38db68d7c02885e37ac03fbd4614a56ab16181e2"", ""side"": ""SELL"", ""asset"": ""39223330966352513418907732239455948906399882924787587183466504819170775983376"", ""conditionId"": ""0x836b850fc838195374862551a36f1c8691d96ff01e58b0a071f0fc1a0e357fb1"", ""size"": 2057.75, ""price"": 0.007, ""timestamp"": 1770687625, ""title"": ""Will LeBron James win the 2028 US Presidential Election?"", ""slug"": ""will-lebron-james-win-the-2028-us-presidential-election"", ""icon"": ""https://polymarket-upload.s3.us-east-2.amazonaws.com/Lebron_James.png"", ""eventSlug"": ""presidential-election-winner-2028"", ""outcome"": ""Yes"", ""outcomeIndex"": 0, ""name"": ""0x38db68d7C02885E37AC03fbd4614a56aB16181E2-1770228242171"", ""pseudonym"": ""Celebrated-Sustainment"", ""bio"": """", ""profileImage"": """", ""profileImageOptimized"": """", ""transactionHash"": ""0x0b5c74a0018f3d24866a6668c3c1f782dc0080d6330751e7c526126bac0d4e12""}"
1770684399,2026-02-14T01:58:32.874343,0x11db721c26474c8526e464ebaa0bd82954160304abda685031b37e54298766d2:1770684399,561251,39223330966352513418907732239455948906399882924787587183466504819170775983376,SELL,0.007,125.0,0.875,0x11db721c26474c8526e464ebaa0bd82954160304abda685031b37e54298766d2,"{""proxyWallet"": ""0xce41a80cfb76bb72af1197ce217339093ee72aed"", ""side"": ""SELL"", ""asset"": ""39223330966352513418907732239455948906399882924787587183466504819170775983376"", ""conditionId"": ""0x836b850fc838195374862551a36f1c8691d96ff01e58b0a071f0fc1a0e357fb1"", ""size"": 125, ""price"": 0.007, ""timestamp"": 1770684399, ""title"": ""Will LeBron James win the 2028 US Presidential Election?"", ""slug"": ""will-lebron-james-win-the-2028-us-presidential-election"", ""icon"": ""https://polymarket-upload.s3.us-east-2.amazonaws.com/Lebron_James.png"", ""eventSlug"": ""presidential-election-winner-2028"", ""outcome"": ""Yes"", ""outcomeIndex"": 0, ""name"": """", ""pseudonym"": """", ""bio"": """", ""profileImage"": """", ""profileImageOptimized"": """", ""transactionHash"": ""0x11db721c26474c8526e464ebaa0bd82954160304abda685031b37e54298766d2""}"
1770683139,2026-02-14T01:58:32.874357,0xaebb1fd45ab3048b88519c02eda8c5971e90e28e7a0d4eddfd012395e6e73649:1770683139,561251,39223330966352513418907732239455948906399882924787587183466504819170775983376,BUY,0.008,125.0,1.0,0xaebb1fd45ab3048b88519c02eda8c5971e90e28e7a0d4eddfd012395e6e73649,"{""proxyWallet"": ""0xce41a80cfb76bb72af1197ce217339093ee72aed"", ""side"": ""BUY"", ""asset"": ""39223330966352513418907732239455948906399882924787587183466504819170775983376"", ""conditionId"": ""0x836b850fc838195374862551a36f1c8691d96ff01e58b0a071f0fc1a0e357fb1"", ""size"": 125, ""price"": 0.008, ""timestamp"": 1770683139, ""title"": ""Will LeBron James win the 2028 US Presidential Election?"", ""slug"": ""will-lebron-james-win-the-2028-us-presidential-election"", ""icon"": ""https://polymarket-upload.s3.us-east-2.amazonaws.com/Lebron_James.png"", ""eventSlug"": ""presidential-election-winner-2028"", ""outcome"": ""Yes"", ""outcomeIndex"": 0, ""name"": """", ""pseudonym"": """", ""bio"": """", ""profileImage"": """", ""profileImageOptimized"": """", ""transactionHash"": ""0xaebb1fd45ab3048b88519c02eda8c5971e90e28e7a0d4eddfd012395e6e73649""}"
1770679343,2026-02-14T01:58:32.874374,0xee00be81280186c92b396599304731fe95d1d8e915e6772472a870d103c21b96:1770679343,561251,39223330966352513418907732239455948906399882924787587183466504819170775983376,SELL,0.007,2383.0,16.681,0xee00be81280186c92b396599304731fe95d1d8e915e6772472a870d103c21b96,"{""proxyWallet"": ""0x1095819aec5c7ca6a06c6a77be54a42cf49eb109"", ""side"": ""SELL"", ""asset"": ""39223330966352513418907732239455948906399882924787587183466504819170775983376"", ""conditionId"": ""0x836b850fc838195374862551a36f1c8691d96ff01e58b0a071f0fc1a0e357fb1"", ""size"": 2383, ""price"": 0.007, ""timestamp"": 1770679343, ""title"": ""Will LeBron James win the 2028 US Presidential Election?"", ""slug"": ""will-lebron-james-win-the-2028-us-presidential-election"", ""icon"": ""https://polymarket-upload.s3.us-east-2.amazonaws.com/Lebron_James.png"", ""eventSlug"": ""presidential-election-winner-2028"", ""outcome"": ""Yes"", ""outcomeIndex"": 0, ""name"": ""0x1095819AEC5C7CA6A06C6a77BE54a42cf49eB109-1767795827051"", ""pseudonym"": ""Faraway-Pimple"", ""bio"": """", ""profileImage"": """", ""profileImageOptimized"": """", ""transactionHash"": ""0xee00be81280186c92b396599304731fe95d1d8e915e6772472a870d103c21b96""}"
1770675393,2026-02-14T01:58:32.874392,0xdfbd56e37e0d09cd0cd32c93927b767a120716cbd51bba7f9b64ac5d2da3f52d:1770675393,561251,39223330966352513418907732239455948906399882924787587183466504819170775983376,SELL,0.007,2233.75,15.63625,0xdfbd56e37e0d09cd0cd32c93927b767a120716cbd51bba7f9b64ac5d2da3f52d,"{""proxyWallet"": ""0x208351d525c4e9f53611182062fa7ca190b9c7eb"", ""side"": ""SELL"", ""asset"": ""39223330966352513418907732239455948906399882924787587183466504819170775983376"", ""conditionId"": ""0x836b850fc838195374862551a36f1c8691d96ff01e58b0a071f0fc1a0e357fb1"", ""size"": 2233.75, ""price"": 0.007, ""timestamp"": 1770675393, ""title"": ""Will LeBron James win the 2028 US Presidential Election?"", ""slug"": ""will-lebron-james-win-the-2028-us-presidential-election"", ""icon"": ""https://polymarket-upload.s3.us-east-2.amazonaws.com/Lebron_James.png"", ""eventSlug"": ""presidential-election-winner-2028"", ""outcome"": ""Yes"", ""outcomeIndex"": 0, ""name"": ""0x208351D525c4e9f53611182062FA7ca190b9C7eb-1770229230063"", ""pseudonym"": ""Enchanted-Caption"", ""bio"": """", ""profileImage"": """", ""profileImageOptimized"": """", ""transactionHash"": ""0xdfbd56e37e0d09cd0cd32c93927b767a120716cbd51bba7f9b64ac5d2da3f52d""}"
1770674433,2026-02-14T01:58:32.874409,0x97af80e44b9c72cc45566df7e4d271f1acdb83752379e0aa11ebf0c68f00e9c6:1770674433,561251,39223330966352513418907732239455948906399882924787587183466504819170775983376,SELL,0.007,1990.75,13.93525,0x97af80e44b9c72cc45566df7e4d271f1acdb83752379e0aa11ebf0c68f00e9c6,"{""proxyWallet"": ""0x8b406806a33586fdf134db01c24702060f38a79e"", ""side"": ""SELL"", ""asset"": ""39223330966352513418907732239455948906399882924787587183466504819170775983376"", ""conditionId"": ""0x836b850fc838195374862551a36f1c8691d96ff01e58b0a071f0fc1a0e357fb1"", ""size"": 1990.75, ""price"": 0.007, ""timestamp"": 1770674433, ""title"": ""Will LeBron James win the 2028 US Presidential Election?"", ""slug"": ""will-lebron-james-win-the-2028-us-presidential-election"", ""icon"": ""https://polymarket-upload.s3.us-east-2.amazonaws.com/Lebron_James.png"", ""eventSlug"": ""presidential-election-winner-2028"", ""outcome"": ""Yes"", ""outcomeIndex"": 0, ""name"": ""0x8B406806A33586fdF134Db01C24702060f38A79E-1768498641994"", ""pseudonym"": ""Periodic-Earnings"", ""bio"": """", ""profileImage"": """", ""profileImageOptimized"": """", ""transactionHash"": ""0x97af80e44b9c72cc45566df7e4d271f1acdb83752379e0aa11ebf0c68f00e9c6""}"
1770673737,2026-02-14T01:58:32.874428,0x6314a4d895328de3eed488a224b3f6333b0fa611d165971cf919d5357088b0b3:1770673737,561251,39223330966352513418907732239455948906399882924787587183466504819170775983376,SELL,0.007,1209.37,8.465589999999999,0x6314a4d895328de3eed488a224b3f6333b0fa611d165971cf919d5357088b0b3,"{""proxyWallet"": ""0x28c8215742b52a4315ec41e4c89898e0509e708e"", ""side"": ""SELL"", ""asset"": ""39223330966352513418907732239455948906399882924787587183466504819170775983376"", ""conditionId"": ""0x836b850fc838195374862551a36f1c8691d96ff01e58b0a071f0fc1a0e357fb1"", ""size"": 1209.37, ""price"": 0.007, ""timestamp"": 1770673737, ""title"": ""Will LeBron James win the 2028 US Presidential Election?"", ""slug"": ""will-lebron-james-win-the-2028-us-presidential-election"", ""icon"": ""https://polymarket-upload.s3.us-east-2.amazonaws.com/Lebron_James.png"", ""eventSlug"": ""presidential-election-winner-2028"", ""outcome"": ""Yes"", ""outcomeIndex"": 0, ""name"": ""0x28C8215742B52a4315EC41e4c89898e0509E708E-1769680243918"", ""pseudonym"": ""Far-Flung-Pug"", ""bio"": """", ""profileImage"": """", ""profileImageOptimized"": """", ""transactionHash"": ""0x6314a4d895328de3eed488a224b3f6333b0fa611d165971cf919d5357088b0b3""}"
1770669839,2026-02-14T01:58:32.874446,0xa1d82d61a65974ae06aadd672e60d60ced21785e4956a5043ae09cf4ae3e9934:1770669839,561251,39223330966352513418907732239455948906399882924787587183466504819170775983376,SELL,0.007,2303.5,16.1245,0xa1d82d61a65974ae06aadd672e60d60ced21785e4956a5043ae09cf4ae3e9934,"{""proxyWallet"": ""0x6dab25abdc5fe8a5d71a5e7887b42e73853e384d"", ""side"": ""SELL"", ""asset"": ""39223330966352513418907732239455948906399882924787587183466504819170775983376"", ""conditionId"": ""0x836b850fc838195374862551a36f1c8691d96ff01e58b0a071f0fc1a0e357fb1"", ""size"": 2303.5, ""price"": 0.007, ""timestamp"": 1770669839, ""title"": ""Will LeBron James win the 2028 US Presidential Election?"", ""slug"": ""will-lebron-james-win-the-2028-us-presidential-election"", ""icon"": ""https://polymarket-upload.s3.us-east-2.amazonaws.com/Lebron_James.png"", ""eventSlug"": ""presidential-election-winner-2028"", ""outcome"": ""Yes"", ""outcomeIndex"": 0, ""name"": ""0x6DAb25aBdc5Fe8a5d71a5E7887B42e73853e384D-1767794110405"", ""pseudonym"": ""Unwritten-Coincidence"", ""bio"": """", ""profileImage"": """", ""profileImageOptimized"": """", ""transactionHash"": ""0xa1d82d61a65974ae06aadd672e60d60ced21785e4956a5043ae09cf4ae3e9934""}"
1770668105,2026-02-14T01:58:32.874465,0x4cf9e99621b80f2fab8903f8137b3d2be5d9db625b1cb61632ca880cf07b4a2a:1770668105,561251,39223330966352513418907732239455948906399882924787587183466504819170775983376,SELL,0.007,267.62,1.87334,0x4cf9e99621b80f2fab8903f8137b3d2be5d9db625b1cb61632ca880cf07b4a2a,"{""proxyWallet"": ""0xc76dc8310effd4ee08c996db4026139205e52c25"", ""side"": ""SELL"", ""asset"": ""39223330966352513418907732239455948906399882924787587183466504819170775983376"", ""conditionId"": ""0x836b850fc838195374862551a36f1c8691d96ff01e58b0a071f0fc1a0e357fb1"", ""size"": 267.62, ""price"": 0.007, ""timestamp"": 1770668105, ""title"": ""Will LeBron James win the 2028 US Presidential Election?"", ""slug"": ""will-lebron-james-win-the-2028-us-presidential-election"", ""icon"": ""https://polymarket-upload.s3.us-east-2.amazonaws.com/Lebron_James.png"", ""eventSlug"": ""presidential-election-winner-2028"", ""outcome"": ""Yes"", ""outcomeIndex"": 0, ""name"": ""0xc76dC8310EffD4eE08C996dB4026139205E52C25-1760469096459"", ""pseudonym"": ""Regal-Vacation"", ""bio"": """", ""profileImage"": """", ""profileImageOptimized"": """", ""transactionHash"": ""0x4cf9e99621b80f2fab8903f8137b3d2be5d9db625b1cb61632ca880cf07b4a2a""}"
1770667699,2026-02-14T01:58:32.874482,0xf6cba199255da0dcf0b85bf6cbd685b2353804b03e4fda2b6cfa1318bddc99d5:1770667699,561251,39223330966352513418907732239455948906399882924787587183466504819170775983376,SELL,0.007,2434.5,17.0415,0xf6cba199255da0dcf0b85bf6cbd685b2353804b03e4fda2b6cfa1318bddc99d5,"{""proxyWallet"": ""0xd73ee38f13785b0297378867086a6576eac4eb34"", ""side"": ""SELL"", ""asset"": ""39223330966352513418907732239455948906399882924787587183466504819170775983376"", ""conditionId"": ""0x836b850fc838195374862551a36f1c8691d96ff01e58b0a071f0fc1a0e357fb1"", ""size"": 2434.5, ""price"": 0.007, ""timestamp"": 1770667699, ""title"": ""Will LeBron James win the 2028 US Presidential Election?"", ""slug"": ""will-lebron-james-win-the-2028-us-presidential-election"", ""icon"": ""https://polymarket-upload.s3.us-east-2.amazonaws.com/Lebron_James.png"", ""eventSlug"": ""presidential-election-winner-2028"", ""outcome"": ""Yes"", ""outcomeIndex"": 0, ""name"": ""0xd73Ee38F13785b0297378867086A6576EAC4eb34-1768145472299"", ""pseudonym"": ""Unsightly-Fusarium"", ""bio"": """", ""profileImage"": """", ""profileImageOptimized"": """", ""transactionHash"": ""0xf6cba199255da0dcf0b85bf6cbd685b2353804b03e4fda2b6cfa1318bddc99d5""}"
1770667257,2026-02-14T01:58:32.874500,0x9a5b9fecd037a8417c6617f0664c29f638e74c00c2fc90713b88a466bfb4b083:1770667257,561251,39223330966352513418907732239455948906399882924787587183466504819170775983376,SELL,0.007,32.98,0.23085999999999998,0x9a5b9fecd037a8417c6617f0664c29f638e74c00c2fc90713b88a466bfb4b083,"{""proxyWallet"": ""0x68aa6dbc228f0c1e2731a3399aa8e6930451794e"", ""side"": ""SELL"", ""asset"": ""39223330966352513418907732239455948906399882924787587183466504819170775983376"", ""conditionId"": ""0x836b850fc838195374862551a36f1c8691d96ff01e58b0a071f0fc1a0e357fb1"", ""size"": 32.98, ""price"": 0.007, ""timestamp"": 1770667257, ""title"": ""Will LeBron James win the 2028 US Presidential Election?"", ""slug"": ""will-lebron-james-win-the-2028-us-presidential-election"", ""icon"": ""https://polymarket-upload.s3.us-east-2.amazonaws.com/Lebron_James.png"", ""eventSlug"": ""presidential-election-winner-2028"", ""outcome"": ""Yes"", ""outcomeIndex"": 0, ""name"": ""0x68Aa6DBc228F0c1e2731A3399aA8e6930451794E-1760715828228"", ""pseudonym"": ""Serious-Carol"", ""bio"": """", ""profileImage"": """", ""profileImageOptimized"": """", ""transactionHash"": ""0x9a5b9fecd037a8417c6617f0664c29f638e74c00c2fc90713b88a466bfb4b083""}"
1770661827,2026-02-14T01:58:32.874528,0x5fc177969e4c2f4e352b3f4b8cce42c1f0e3f2d68dbf0e56a7bfa73d65685e9b:1770661827,561251,39223330966352513418907732239455948906399882924787587183466504819170775983376,SELL,0.007,1127.0,7.889,0x5fc177969e4c2f4e352b3f4b8cce42c1f0e3f2d68dbf0e56a7bfa73d65685e9b,"{""proxyWallet"": ""0x9126b8dd4625e8dc5bb49b857e756f1e0851fb8c"", ""side"": ""SELL"", ""asset"": ""39223330966352513418907732239455948906399882924787587183466504819170775983376"", ""conditionId"": ""0x836b850fc838195374862551a36f1c8691d96ff01e58b0a071f0fc1a0e357fb1"", ""size"": 1127, ""price"": 0.007, ""timestamp"": 1770661827, ""title"": ""Will LeBron James win the 2028 US Presidential Election?"", ""slug"": ""will-lebron-james-win-the-2028-us-presidential-election"", ""icon"": ""https://polymarket-upload.s3.us-east-2.amazonaws.com/Lebron_James.png"", ""eventSlug"": ""presidential-election-winner-2028"", ""outcome"": ""Yes"", ""outcomeIndex"": 0, ""name"": ""0x9126b8dd4625e8dC5bb49B857E756F1e0851FB8C-1770220245285"", ""pseudonym"": ""Muffled-Magnitude"", ""bio"": """", ""profileImage"": """", ""profileImageOptimized"": """", ""transactionHash"": ""0x5fc177969e4c2f4e352b3f4b8cce42c1f0e3f2d68dbf0e56a7bfa73d65685e9b""}"
1770661237,2026-02-14T01:58:32.874548,0xbd5577a35ffd5464df555dba19574f81246a71d8836e16a9dac9b6086adeb672:1770661237,561251,39223330966352513418907732239455948906399882924787587183466504819170775983376,SELL,0.007,815.25,5.70675,0xbd5577a35ffd5464df555dba19574f81246a71d8836e16a9dac9b6086adeb672,"{""proxyWallet"": ""0x98d2e4339f134a027bb147823ef7b5b4c79b9d5c"", ""side"": ""SELL"", ""asset"": ""39223330966352513418907732239455948906399882924787587183466504819170775983376"", ""conditionId"": ""0x836b850fc838195374862551a36f1c8691d96ff01e58b0a071f0fc1a0e357fb1"", ""size"": 815.25, ""price"": 0.007, ""timestamp"": 1770661237, ""title"": ""Will LeBron James win the 2028 US Presidential Election?"", ""slug"": ""will-lebron-james-win-the-2028-us-presidential-election"", ""icon"": ""https://polymarket-upload.s3.us-east-2.amazonaws.com/Lebron_James.png"", ""eventSlug"": ""presidential-election-winner-2028"", ""outcome"": ""Yes"", ""outcomeIndex"": 0, ""name"": ""0x98D2E4339F134a027Bb147823ef7b5B4c79B9d5C-1766260258706"", ""pseudonym"": ""Helpless-Graduate"", ""bio"": """", ""profileImage"": """", ""profileImageOptimized"": """", ""transactionHash"": ""0xbd5577a35ffd5464df555dba19574f81246a71d8836e16a9dac9b6086adeb672""}"
1770659535,2026-02-14T01:58:32.874566,0x13f47d989544c7566baa9e4d739b19193a011ddfc3dcc4f31c17eba3e2c65bd8:1770659535,561251,39223330966352513418907732239455948906399882924787587183466504819170775983376,SELL,0.007,355.12,2.48584,0x13f47d989544c7566baa9e4d739b19193a011ddfc3dcc4f31c17eba3e2c65bd8,"{""proxyWallet"": ""0xc0bc2ba22c04fdd58a51760c8b220ecb5feae654"", ""side"": ""SELL"", ""asset"": ""39223330966352513418907732239455948906399882924787587183466504819170775983376"", ""conditionId"": ""0x836b850fc838195374862551a36f1c8691d96ff01e58b0a071f0fc1a0e357fb1"", ""size"": 355.12, ""price"": 0.007, ""timestamp"": 1770659535, ""title"": ""Will LeBron James win the 2028 US Presidential Election?"", ""slug"": ""will-lebron-james-win-the-2028-us-presidential-election"", ""icon"": ""https://polymarket-upload.s3.us-east-2.amazonaws.com/Lebron_James.png"", ""eventSlug"": ""presidential-election-winner-2028"", ""outcome"": ""Yes"", ""outcomeIndex"": 0, ""name"": ""0xc0Bc2Ba22C04FdD58a51760c8b220ECB5FEaE654-1766075053051"", ""pseudonym"": ""Assured-Organ"", ""bio"": """", ""profileImage"": """", ""profileImageOptimized"": """", ""transactionHash"": ""0x13f47d989544c7566baa9e4d739b19193a011ddfc3dcc4f31c17eba3e2c65bd8""}"
1770657463,2026-02-14T01:58:32.874584,0xda02f697649fd5ef5c20a541be8b07efebc0d7bd7a9e66fd43196160372a75cf:1770657463,561251,39223330966352513418907732239455948906399882924787587183466504819170775983376,SELL,0.007,65.97,0.46179,0xda02f697649fd5ef5c20a541be8b07efebc0d7bd7a9e66fd43196160372a75cf,"{""proxyWallet"": ""0x68aa6dbc228f0c1e2731a3399aa8e6930451794e"", ""side"": ""SELL"", ""asset"": ""39223330966352513418907732239455948906399882924787587183466504819170775983376"", ""conditionId"": ""0x836b850fc838195374862551a36f1c8691d96ff01e58b0a071f0fc1a0e357fb1"", ""size"": 65.97, ""price"": 0.007, ""timestamp"": 1770657463, ""title"": ""Will LeBron James win the 2028 US Presidential Election?"", ""slug"": ""will-lebron-james-win-the-2028-us-presidential-election"", ""icon"": ""https://polymarket-upload.s3.us-east-2.amazonaws.com/Lebron_James.png"", ""eventSlug"": ""presidential-election-winner-2028"", ""outcome"": ""Yes"", ""outcomeIndex"": 0, ""name"": ""0x68Aa6DBc228F0c1e2731A3399aA8e6930451794E-1760715828228"", ""pseudonym"": ""Serious-Carol"", ""bio"": """", ""profileImage"": """", ""profileImageOptimized"": """", ""transactionHash"": ""0xda02f697649fd5ef5c20a541be8b07efebc0d7bd7a9e66fd43196160372a75cf""}"
1770645813,2026-02-14T01:58:34.099066,0x6e62f0f05bf60812d2838bff4809ab94cf3404925ab1fbeacf02209e1f041069:1770645813,561251,39223330966352513418907732239455948906399882924787587183466504819170775983376,SELL,0.007,166.0,1.162,0x6e62f0f05bf60812d2838bff4809ab94cf3404925ab1fbeacf02209e1f041069,"{""proxyWallet"": ""0x691110e25faed75db4707b301e1dbe37b6d997ff"", ""side"": ""SELL"", ""asset"": ""39223330966352513418907732239455948906399882924787587183466504819170775983376"", ""conditionId"": ""0x836b850fc838195374862551a36f1c8691d96ff01e58b0a071f0fc1a0e357fb1"", ""size"": 166, ""price"": 0.007, ""timestamp"": 1770645813, ""title"": ""Will LeBron James win the 2028 US Presidential Election?"", ""slug"": ""will-lebron-james-win-the-2028-us-presidential-election"", ""icon"": ""https://polymarket-upload.s3.us-east-2.amazonaws.com/Lebron_James.png"", ""eventSlug"": ""presidential-election-winner-2028"", ""outcome"": ""Yes"", ""outcomeIndex"": 0, ""name"": ""turnerlori"", ""pseudonym"": ""Entire-Transition"", ""bio"": """", ""profileImage"": """", ""profileImageOptimized"": """", ""transactionHash"": ""0x6e62f0f05bf60812d2838bff4809ab94cf3404925ab1fbeacf02209e1f041069""}"
1770637557,2026-02-14T01:58:34.099089,0x94fcea5b9f972a3b99cfc0ef049235c4c4104932578dd5e8acc20937435bb870:1770637557,561251,39223330966352513418907732239455948906399882924787587183466504819170775983376,SELL,0.007,1990.75,13.93525,0x94fcea5b9f972a3b99cfc0ef049235c4c4104932578dd5e8acc20937435bb870,"{""proxyWallet"": ""0x8b406806a33586fdf134db01c24702060f38a79e"", ""side"": ""SELL"", ""asset"": ""39223330966352513418907732239455948906399882924787587183466504819170775983376"", ""conditionId"": ""0x836b850fc838195374862551a36f1c8691d96ff01e58b0a071f0fc1a0e357fb1"", ""size"": 1990.75, ""price"": 0.007, ""timestamp"": 1770637557, ""title"": ""Will LeBron James win the 2028 US Presidential Election?"", ""slug"": ""will-lebron-james-win-the-2028-us-presidential-election"", ""icon"": ""https://polymarket-upload.s3.us-east-2.amazonaws.com/Lebron_James.png"", ""eventSlug"": ""presidential-election-winner-2028"", ""outcome"": ""Yes"", ""outcomeIndex"": 0, ""name"": ""0x8B406806A33586fdF134Db01C24702060f38A79E-1768498641994"", ""pseudonym"": ""Periodic-Earnings"", ""bio"": """", ""profileImage"": """", ""profileImageOptimized"": """", ""transactionHash"": ""0x94fcea5b9f972a3b99cfc0ef049235c4c4104932578dd5e8acc20937435bb870""}"
1770637547,2026-02-14T01:58:34.099099,0xdc1d5bd54d07cd8e5837066f7107c4980bf87fbc4b00ef2e7ae1fdcc14770a25:1770637547,561251,39223330966352513418907732239455948906399882924787587183466504819170775983376,SELL,0.007,4115.5,28.808500000000002,0xdc1d5bd54d07cd8e5837066f7107c4980bf87fbc4b00ef2e7ae1fdcc14770a25,"{""proxyWallet"": ""0x38db68d7c02885e37ac03fbd4614a56ab16181e2"", ""side"": ""SELL"", ""asset"": ""39223330966352513418907732239455948906399882924787587183466504819170775983376"", ""conditionId"": ""0x836b850fc838195374862551a36f1c8691d96ff01e58b0a071f0fc1a0e357fb1"", ""size"": 4115.5, ""price"": 0.007, ""timestamp"": 1770637547, ""title"": ""Will LeBron James win the 2028 US Presidential Election?"", ""slug"": ""will-lebron-james-win-the-2028-us-presidential-election"", ""icon"": ""https://polymarket-upload.s3.us-east-2.amazonaws.com/Lebron_James.png"", ""eventSlug"": ""presidential-election-winner-2028"", ""outcome"": ""Yes"", ""outcomeIndex"": 0, ""name"": ""0x38db68d7C02885E37AC03fbd4614a56aB16181E2-1770228242171"", ""pseudonym"": ""Celebrated-Sustainment"", ""bio"": """", ""profileImage"": """", ""profileImageOptimized"": """", ""transactionHash"": ""0xdc1d5bd54d07cd8e5837066f7107c4980bf87fbc4b00ef2e7ae1fdcc14770a25""}"
1770634785,2026-02-14T01:58:34.099106,0x5a3ac170dbef818199b6cfd166c79eb6fb3059c78be67027d54e24dd8938ec5c:1770634785,561251,39223330966352513418907732239455948906399882924787587183466504819170775983376,SELL,0.007,2383.0,16.681,0x5a3ac170dbef818199b6cfd166c79eb6fb3059c78be67027d54e24dd8938ec5c,"{""proxyWallet"": ""0x1095819aec5c7ca6a06c6a77be54a42cf49eb109"", ""side"": ""SELL"", ""asset"": ""39223330966352513418907732239455948906399882924787587183466504819170775983376"", ""conditionId"": ""0x836b850fc838195374862551a36f1c8691d96ff01e58b0a071f0fc1a0e357fb1"", ""size"": 2383, ""price"": 0.007, ""timestamp"": 1770634785, ""title"": ""Will LeBron James win the 2028 US Presidential Election?"", ""slug"": ""will-lebron-james-win-the-2028-us-presidential-election"", ""icon"": ""https://polymarket-upload.s3.us-east-2.amazonaws.com/Lebron_James.png"", ""eventSlug"": ""presidential-election-winner-2028"", ""outcome"": ""Yes"", ""outcomeIndex"": 0, ""name"": ""0x1095819AEC5C7CA6A06C6a77BE54a42cf49eB109-1767795827051"", ""pseudonym"": ""Faraway-Pimple"", ""bio"": """", ""profileImage"": """", ""profileImageOptimized"": """", ""transactionHash"": ""0x5a3ac170dbef818199b6cfd166c79eb6fb3059c78be67027d54e24dd8938ec5c""}"
1770632657,2026-02-14T01:58:34.099113,0xe4fb9b61c4c00df8c39526ac2fce641e6b63187d0ec816861c7d6e615696bb34:1770632657,561251,39223330966352513418907732239455948906399882924787587183466504819170775983376,SELL,0.007,2418.75,16.93125,0xe4fb9b61c4c00df8c39526ac2fce641e6b63187d0ec816861c7d6e615696bb34,"{""proxyWallet"": ""0x28c8215742b52a4315ec41e4c89898e0509e708e"", ""side"": ""SELL"", ""asset"": ""39223330966352513418907732239455948906399882924787587183466504819170775983376"", ""conditionId"": ""0x836b850fc838195374862551a36f1c8691d96ff01e58b0a071f0fc1a0e357fb1"", ""size"": 2418.75, ""price"": 0.007, ""timestamp"": 1770632657, ""title"": ""Will LeBron James win the 2028 US Presidential Election?"", ""slug"": ""will-lebron-james-win-the-2028-us-presidential-election"", ""icon"": ""https://polymarket-upload.s3.us-east-2.amazonaws.com/Lebron_James.png"", ""eventSlug"": ""presidential-election-winner-2028"", ""outcome"": ""Yes"", ""outcomeIndex"": 0, ""name"": ""0x28C8215742B52a4315EC41e4c89898e0509E708E-1769680243918"", ""pseudonym"": ""Far-Flung-Pug"", ""bio"": """", ""profileImage"": """", ""profileImageOptimized"": """", ""transactionHash"": ""0xe4fb9b61c4c00df8c39526ac2fce641e6b63187d0ec816861c7d6e615696bb34""}"
1770632599,2026-02-14T01:58:34.099119,0xf10189290d235694fb0ffb9e5ab00f0cde8df5566baf94b5dd17214912e8bf43:1770632599,561251,39223330966352513418907732239455948906399882924787587183466504819170775983376,SELL,0.007,73.0,0.511,0xf10189290d235694fb0ffb9e5ab00f0cde8df5566baf94b5dd17214912e8bf43,"{""proxyWallet"": ""0x8e2911a2727ae87ed08af65a134992ce87c48a71"", ""side"": ""SELL"", ""asset"": ""39223330966352513418907732239455948906399882924787587183466504819170775983376"", ""conditionId"": ""0x836b850fc838195374862551a36f1c8691d96ff01e58b0a071f0fc1a0e357fb1"", ""size"": 73, ""price"": 0.007, ""timestamp"": 1770632599, ""title"": ""Will LeBron James win the 2028 US Presidential Election?"", ""slug"": ""will-lebron-james-win-the-2028-us-presidential-election"", ""icon"": ""https://polymarket-upload.s3.us-east-2.amazonaws.com/Lebron_James.png"", ""eventSlug"": ""presidential-election-winner-2028"", ""outcome"": ""Yes"", ""outcomeIndex"": 0, ""name"": ""heidi36"", ""pseudonym"": ""Artistic-Stack"", ""bio"": """", ""profileImage"": """", ""profileImageOptimized"": """", ""transactionHash"": ""0xf10189290d235694fb0ffb9e5ab00f0cde8df5566baf94b5dd17214912e8bf43""}"
1770632501,2026-02-14T01:58:34.099125,0x6eedf6a6b521e716cdf270f467f6e0f781e843fb11accd1e8eb06948e33773bf:1770632501,561251,39223330966352513418907732239455948906399882924787587183466504819170775983376,SELL,0.007,2254.0,15.778,0x6eedf6a6b521e716cdf270f467f6e0f781e843fb11accd1e8eb06948e33773bf,"{""proxyWallet"": ""0x9126b8dd4625e8dc5bb49b857e756f1e0851fb8c"", ""side"": ""SELL"", ""asset"": ""39223330966352513418907732239455948906399882924787587183466504819170775983376"", ""conditionId"": ""0x836b850fc838195374862551a36f1c8691d96ff01e58b0a071f0fc1a0e357fb1"", ""size"": 2254, ""price"": 0.007, ""timestamp"": 1770632501, ""title"": ""Will LeBron James win the 2028 US Presidential Election?"", ""slug"": ""will-lebron-james-win-the-2028-us-presidential-election"", ""icon"": ""https://polymarket-upload.s3.us-east-2.amazonaws.com/Lebron_James.png"", ""eventSlug"": ""presidential-election-winner-2028"", ""outcome"": ""Yes"", ""outcomeIndex"": 0, ""name"": ""0x9126b8dd4625e8dC5bb49B857E756F1e0851FB8C-1770220245285"", ""pseudonym"": ""Muffled-Magnitude"", ""bio"": """", ""profileImage"": """", ""profileImageOptimized"": """", ""transactionHash"": ""0x6eedf6a6b521e716cdf270f467f6e0f781e843fb11accd1e8eb06948e33773bf""}"
1770632253,2026-02-14T01:58:34.099130,0x5c268e0545eaf79419d14ff87d59d701a8e81a3a8b414ea1b576ba4a6b4c05a4:1770632253,561251,39223330966352513418907732239455948906399882924787587183466504819170775983376,SELL,0.007,131.94,0.92358,0x5c268e0545eaf79419d14ff87d59d701a8e81a3a8b414ea1b576ba4a6b4c05a4,"{""proxyWallet"": ""0x68aa6dbc228f0c1e2731a3399aa8e6930451794e"", ""side"": ""SELL"", ""asset"": ""39223330966352513418907732239455948906399882924787587183466504819170775983376"", ""conditionId"": ""0x836b850fc838195374862551a36f1c8691d96ff01e58b0a071f0fc1a0e357fb1"", ""size"": 131.94, ""price"": 0.007, ""timestamp"": 1770632253, ""title"": ""Will LeBron James win the 2028 US Presidential Election?"", ""slug"": ""will-lebron-james-win-the-2028-us-presidential-election"", ""icon"": ""https://polymarket-upload.s3.us-east-2.amazonaws.com/Lebron_James.png"", ""eventSlug"": ""presidential-election-winner-2028"", ""outcome"": ""Yes"", ""outcomeIndex"": 0, ""name"": ""0x68Aa6DBc228F0c1e2731A3399aA8e6930451794E-1760715828228"", ""pseudonym"": ""Serious-Carol"", ""bio"": """", ""profileImage"": """", ""profileImageOptimized"": """", ""transactionHash"": ""0x5c268e0545eaf79419d14ff87d59d701a8e81a3a8b414ea1b576ba4a6b4c05a4""}"
1770627785,2026-02-14T01:58:34.099137,0x82e1670657743be1615b62ca7d8bd0c607315dc46ad033b9751ec7b9fe2fd828:1770627785,561251,39223330966352513418907732239455948906399882924787587183466504819170775983376,SELL,0.007,2303.5,16.1245,0x82e1670657743be1615b62ca7d8bd0c607315dc46ad033b9751ec7b9fe2fd828,"{""proxyWallet"": ""0x6dab25abdc5fe8a5d71a5e7887b42e73853e384d"", ""side"": ""SELL"", ""asset"": ""39223330966352513418907732239455948906399882924787587183466504819170775983376"", ""conditionId"": ""0x836b850fc838195374862551a36f1c8691d96ff01e58b0a071f0fc1a0e357fb1"", ""size"": 2303.5, ""price"": 0.007, ""timestamp"": 1770627785, ""title"": ""Will LeBron James win the 2028 US Presidential Election?"", ""slug"": ""will-lebron-james-win-the-2028-us-presidential-election"", ""icon"": ""https://polymarket-upload.s3.us-east-2.amazonaws.com/Lebron_James.png"", ""eventSlug"": ""presidential-election-winner-2028"", ""outcome"": ""Yes"", ""outcomeIndex"": 0, ""name"": ""0x6DAb25aBdc5Fe8a5d71a5E7887B42e73853e384D-1767794110405"", ""pseudonym"": ""Unwritten-Coincidence"", ""bio"": """", ""profileImage"": """", ""profileImageOptimized"": """", ""transactionHash"": ""0x82e1670657743be1615b62ca7d8bd0c607315dc46ad033b9751ec7b9fe2fd828""}"
1770626457,2026-02-14T01:58:34.099143,0x4ec0d956d722574e71dae3c7c7431219b5baf3b72e2731f0722721c549e81e37:1770626457,561251,39223330966352513418907732239455948906399882924787587183466504819170775983376,SELL,0.007,2233.75,15.63625,0x4ec0d956d722574e71dae3c7c7431219b5baf3b72e2731f0722721c549e81e37,"{""proxyWallet"": ""0x208351d525c4e9f53611182062fa7ca190b9c7eb"", ""side"": ""SELL"", ""asset"": ""39223330966352513418907732239455948906399882924787587183466504819170775983376"", ""conditionId"": ""0x836b850fc838195374862551a36f1c8691d96ff01e58b0a071f0fc1a0e357fb1"", ""size"": 2233.75, ""price"": 0.007, ""timestamp"": 1770626457, ""title"": ""Will LeBron James win the 2028 US Presidential Election?"", ""slug"": ""will-lebron-james-win-the-2028-us-presidential-election"", ""icon"": ""https://polymarket-upload.s3.us-east-2.amazonaws.com/Lebron_James.png"", ""eventSlug"": ""presidential-election-winner-2028"", ""outcome"": ""Yes"", ""outcomeIndex"": 0, ""name"": ""0x208351D525c4e9f53611182062FA7ca190b9C7eb-1770229230063"", ""pseudonym"": ""Enchanted-Caption"", ""bio"": """", ""profileImage"": """", ""profileImageOptimized"": """", ""transactionHash"": ""0x4ec0d956d722574e71dae3c7c7431219b5baf3b72e2731f0722721c549e81e37""}"
1770626395,2026-02-14T01:58:34.099149,0xb2264b0591a8a4e107d3a319381839dc4264aeb3852ea5fa42f72bcd87e308b1:1770626395,561251,39223330966352513418907732239455948906399882924787587183466504819170775983376,SELL,0.007,710.25,4.97175,0xb2264b0591a8a4e107d3a319381839dc4264aeb3852ea5fa42f72bcd87e308b1,"{""proxyWallet"": ""0xc0bc2ba22c04fdd58a51760c8b220ecb5feae654"", ""side"": ""SELL"", ""asset"": ""39223330966352513418907732239455948906399882924787587183466504819170775983376"", ""conditionId"": ""0x836b850fc838195374862551a36f1c8691d96ff01e58b0a071f0fc1a0e357fb1"", ""size"": 710.25, ""price"": 0.007, ""timestamp"": 1770626395, ""title"": ""Will LeBron James win the 2028 US Presidential Election?"", ""slug"": ""will-lebron-james-win-the-2028-us-presidential-election"", ""icon"": ""https://polymarket-upload.s3.us-east-2.amazonaws.com/Lebron_James.png"", ""eventSlug"": ""presidential-election-winner-2028"", ""outcome"": ""Yes"", ""outcomeIndex"": 0, ""name"": ""0xc0Bc2Ba22C04FdD58a51760c8b220ECB5FEaE654-1766075053051"", ""pseudonym"": ""Assured-Organ"", ""bio"": """", ""profileImage"": """", ""profileImageOptimized"": """", ""transactionHash"": ""0xb2264b0591a8a4e107d3a319381839dc4264aeb3852ea5fa42f72bcd87e308b1""}"
1770626375,2026-02-14T01:58:34.099155,0x06508f57bd1f49ca26ebc7aa4934f20c391f1d2902e21ab085b04f0e8346c76e:1770626375,561251,39223330966352513418907732239455948906399882924787587183466504819170775983376,SELL,0.007,4869.0,34.083,0x06508f57bd1f49ca26ebc7aa4934f20c391f1d2902e21ab085b04f0e8346c76e,"{""proxyWallet"": ""0xd73ee38f13785b0297378867086a6576eac4eb34"", ""side"": ""SELL"", ""asset"": ""39223330966352513418907732239455948906399882924787587183466504819170775983376"", ""conditionId"": ""0x836b850fc838195374862551a36f1c8691d96ff01e58b0a071f0fc1a0e357fb1"", ""size"": 4869, ""price"": 0.007, ""timestamp"": 1770626375, ""title"": ""Will LeBron James win the 2028 US Presidential Election?"", ""slug"": ""will-lebron-james-win-the-2028-us-presidential-election"", ""icon"": ""https://polymarket-upload.s3.us-east-2.amazonaws.com/Lebron_James.png"", ""eventSlug"": ""presidential-election-winner-2028"", ""outcome"": ""Yes"", ""outcomeIndex"": 0, ""name"": ""0xd73Ee38F13785b0297378867086A6576EAC4eb34-1768145472299"", ""pseudonym"": ""Unsightly-Fusarium"", ""bio"": """", ""profileImage"": """", ""profileImageOptimized"": """", ""transactionHash"": ""0x06508f57bd1f49ca26ebc7aa4934f20c391f1d2902e21ab085b04f0e8346c76e""}"
1770626101,2026-02-14T01:58:34.099165,0x0af18996b93f35476c8c2a72eef562babafbc06b82a071045f1be2a9150542a2:1770626101,561251,39223330966352513418907732239455948906399882924787587183466504819170775983376,SELL,0.007,1630.5,11.4135,0x0af18996b93f35476c8c2a72eef562babafbc06b82a071045f1be2a9150542a2,"{""proxyWallet"": ""0x98d2e4339f134a027bb147823ef7b5b4c79b9d5c"", ""side"": ""SELL"", ""asset"": ""39223330966352513418907732239455948906399882924787587183466504819170775983376"", ""conditionId"": ""0x836b850fc838195374862551a36f1c8691d96ff01e58b0a071f0fc1a0e357fb1"", ""size"": 1630.5, ""price"": 0.007, ""timestamp"": 1770626101, ""title"": ""Will LeBron James win the 2028 US Presidential Election?"", ""slug"": ""will-lebron-james-win-the-2028-us-presidential-election"", ""icon"": ""https://polymarket-upload.s3.us-east-2.amazonaws.com/Lebron_James.png"", ""eventSlug"": ""presidential-election-winner-2028"", ""outcome"": ""Yes"", ""outcomeIndex"": 0, ""name"": ""0x98D2E4339F134a027Bb147823ef7b5B4c79B9d5C-1766260258706"", ""pseudonym"": ""Helpless-Graduate"", ""bio"": """", ""profileImage"": """", ""profileImageOptimized"": """", ""transactionHash"": ""0x0af18996b93f35476c8c2a72eef562babafbc06b82a071045f1be2a9150542a2""}"
1770625971,2026-02-14T01:58:34.099171,0x864603d5fd02bc86c5aac6f02e2822e211da4ec747dfd7640a428e3344ab9f29:1770625971,561251,39223330966352513418907732239455948906399882924787587183466504819170775983376,SELL,0.007,263.87,1.8470900000000001,0x864603d5fd02bc86c5aac6f02e2822e211da4ec747dfd7640a428e3344ab9f29,"{""proxyWallet"": ""0x68aa6dbc228f0c1e2731a3399aa8e6930451794e"", ""side"": ""SELL"", ""asset"": ""39223330966352513418907732239455948906399882924787587183466504819170775983376"", ""conditionId"": ""0x836b850fc838195374862551a36f1c8691d96ff01e58b0a071f0fc1a0e357fb1"", ""size"": 263.87, ""price"": 0.007, ""timestamp"": 1770625971, ""title"": ""Will LeBron James win the 2028 US Presidential Election?"", ""slug"": ""will-lebron-james-win-the-2028-us-presidential-election"", ""icon"": ""https://polymarket-upload.s3.us-east-2.amazonaws.com/Lebron_James.png"", ""eventSlug"": ""presidential-election-winner-2028"", ""outcome"": ""Yes"", ""outcomeIndex"": 0, ""name"": ""0x68Aa6DBc228F0c1e2731A3399aA8e6930451794E-1760715828228"", ""pseudonym"": ""Serious-Carol"", ""bio"": """", ""profileImage"": """", ""profileImageOptimized"": """", ""transactionHash"": ""0x864603d5fd02bc86c5aac6f02e2822e211da4ec747dfd7640a428e3344ab9f29""}"
1770625917,2026-02-14T01:58:34.099177,0x8a23b78efa9507ac15096d41b8daa2276272576b1cd3781b989b6b2e7eff1306:1770625917,561251,39223330966352513418907732239455948906399882924787587183466504819170775983376,SELL,0.007,535.25,3.74675,0x8a23b78efa9507ac15096d41b8daa2276272576b1cd3781b989b6b2e7eff1306,"{""proxyWallet"": ""0xc76dc8310effd4ee08c996db4026139205e52c25"", ""side"": ""SELL"", ""asset"": ""39223330966352513418907732239455948906399882924787587183466504819170775983376"", ""conditionId"": ""0x836b850fc838195374862551a36f1c8691d96ff01e58b0a071f0fc1a0e357fb1"", ""size"": 535.25, ""price"": 0.007, ""timestamp"": 1770625917, ""title"": ""Will LeBron James win the 2028 US Presidential Election?"", ""slug"": ""will-lebron-james-win-the-2028-us-presidential-election"", ""icon"": ""https://polymarket-upload.s3.us-east-2.amazonaws.com/Lebron_James.png"", ""eventSlug"": ""presidential-election-winner-2028"", ""outcome"": ""Yes"", ""outcomeIndex"": 0, ""name"": ""0xc76dC8310EffD4eE08C996dB4026139205E52C25-1760469096459"", ""pseudonym"": ""Regal-Vacation"", ""bio"": """", ""profileImage"": """", ""profileImageOptimized"": """", ""transactionHash"": ""0x8a23b78efa9507ac15096d41b8daa2276272576b1cd3781b989b6b2e7eff1306""}"
1770624733,2026-02-14T01:58:34.099183,0x0ed62cfe6cb54901fe6f431a257483e36f0bc5849f058f2c5c5d057a4f6c9244:1770624733,561251,39223330966352513418907732239455948906399882924787587183466504819170775983376,SELL,0.007,527.75,3.6942500000000003,0x0ed62cfe6cb54901fe6f431a257483e36f0bc5849f058f2c5c5d057a4f6c9244,"{""proxyWallet"": ""0x68aa6dbc228f0c1e2731a3399aa8e6930451794e"", ""side"": ""SELL"", ""asset"": ""39223330966352513418907732239455948906399882924787587183466504819170775983376"", ""conditionId"": ""0x836b850fc838195374862551a36f1c8691d96ff01e58b0a071f0fc1a0e357fb1"", ""size"": 527.75, ""price"": 0.007, ""timestamp"": 1770624733, ""title"": ""Will LeBron James win the 2028 US Presidential Election?"", ""slug"": ""will-lebron-james-win-the-2028-us-presidential-election"", ""icon"": ""https://polymarket-upload.s3.us-east-2.amazonaws.com/Lebron_James.png"", ""eventSlug"": ""presidential-election-winner-2028"", ""outcome"": ""Yes"", ""outcomeIndex"": 0, ""name"": ""0x68Aa6DBc228F0c1e2731A3399aA8e6930451794E-1760715828228"", ""pseudonym"": ""Serious-Carol"", ""bio"": """", ""profileImage"": """", ""profileImageOptimized"": """", ""transactionHash"": ""0x0ed62cfe6cb54901fe6f431a257483e36f0bc5849f058f2c5c5d057a4f6c9244""}"
1770609161,2026-02-14T01:58:34.099192,0x66995c5b289e19bbbc5ca322f9feed6f5acfd9ce35fafb5640f7bca8671f67d5:1770609161,561251,39223330966352513418907732239455948906399882924787587183466504819170775983376,SELL,0.007,111.11,0.77777,0x66995c5b289e19bbbc5ca322f9feed6f5acfd9ce35fafb5640f7bca8671f67d5,"{""proxyWallet"": ""0xf8a11f68f742f9200e7debdb29e54f6a5ea65890"", ""side"": ""SELL"", ""asset"": ""39223330966352513418907732239455948906399882924787587183466504819170775983376"", ""conditionId"": ""0x836b850fc838195374862551a36f1c8691d96ff01e58b0a071f0fc1a0e357fb1"", ""size"": 111.11, ""price"": 0.007, ""timestamp"": 1770609161, ""title"": ""Will LeBron James win the 2028 US Presidential Election?"", ""slug"": ""will-lebron-james-win-the-2028-us-presidential-election"", ""icon"": ""https://polymarket-upload.s3.us-east-2.amazonaws.com/Lebron_James.png"", ""eventSlug"": ""presidential-election-winner-2028"", ""outcome"": ""Yes"", ""outcomeIndex"": 0, ""name"": ""0xF8A11f68F742f9200E7DEbDb29E54F6a5EA65890-1770345576528"", ""pseudonym"": ""Mad-Doorpost"", ""bio"": """", ""profileImage"": """", ""profileImageOptimized"": """", ""transactionHash"": ""0x66995c5b289e19bbbc5ca322f9feed6f5acfd9ce35fafb5640f7bca8671f67d5""}"
1770607591,2026-02-14T01:58:34.099198,0x52c2f71edb13175c2d69d33f116c92926d085c81e5ba57aba31b9335b246b758:1770607591,561251,39223330966352513418907732239455948906399882924787587183466504819170775983376,SELL,0.007,67.0,0.46900000000000003,0x52c2f71edb13175c2d69d33f116c92926d085c81e5ba57aba31b9335b246b758,"{""proxyWallet"": ""0x108c8b94cab1212c313054899e8a1c829f0dcc82"", ""side"": ""SELL"", ""asset"": ""39223330966352513418907732239455948906399882924787587183466504819170775983376"", ""conditionId"": ""0x836b850fc838195374862551a36f1c8691d96ff01e58b0a071f0fc1a0e357fb1"", ""size"": 67, ""price"": 0.007, ""timestamp"": 1770607591, ""title"": ""Will LeBron James win the 2028 US Presidential Election?"", ""slug"": ""will-lebron-james-win-the-2028-us-presidential-election"", ""icon"": ""https://polymarket-upload.s3.us-east-2.amazonaws.com/Lebron_James.png"", ""eventSlug"": ""presidential-election-winner-2028"", ""outcome"": ""Yes"", ""outcomeIndex"": 0, ""name"": ""adad23"", ""pseudonym"": ""Emotional-Percent"", ""bio"": """", ""profileImage"": """", ""profileImageOptimized"": """", ""transactionHash"": ""0x52c2f71edb13175c2d69d33f116c92926d085c81e5ba57aba31b9335b246b758""}"
1770603787,2026-02-14T01:58:34.099205,0x536a63c62d46cff6aa8f88e3df883de15caac5c00e26bc02e15f1e58fea5da6c:1770603787,561251,39223330966352513418907732239455948906399882924787587183466504819170775983376,SELL,0.007,4766.0,33.362,0x536a63c62d46cff6aa8f88e3df883de15caac5c00e26bc02e15f1e58fea5da6c,"{""proxyWallet"": ""0x1095819aec5c7ca6a06c6a77be54a42cf49eb109"", ""side"": ""SELL"", ""asset"": ""39223330966352513418907732239455948906399882924787587183466504819170775983376"", ""conditionId"": ""0x836b850fc838195374862551a36f1c8691d96ff01e58b0a071f0fc1a0e357fb1"", ""size"": 4766, ""price"": 0.007, ""timestamp"": 1770603787, ""title"": ""Will LeBron James win the 2028 US Presidential Election?"", ""slug"": ""will-lebron-james-win-the-2028-us-presidential-election"", ""icon"": ""https://polymarket-upload.s3.us-east-2.amazonaws.com/Lebron_James.png"", ""eventSlug"": ""presidential-election-winner-2028"", ""outcome"": ""Yes"", ""outcomeIndex"": 0, ""name"": ""0x1095819AEC5C7CA6A06C6a77BE54a42cf49eB109-1767795827051"", ""pseudonym"": ""Faraway-Pimple"", ""bio"": """", ""profileImage"": """", ""profileImageOptimized"": """", ""transactionHash"": ""0x536a63c62d46cff6aa8f88e3df883de15caac5c00e26bc02e15f1e58fea5da6c""}"
1770602519,2026-02-14T01:58:34.099211,0x360fd6f2fda2e36bdc5d2d4c086dbb2130c5effb6ea10db03c4a5348b9925889:1770602519,561251,39223330966352513418907732239455948906399882924787587183466504819170775983376,SELL,0.007,1055.5,7.3885000000000005,0x360fd6f2fda2e36bdc5d2d4c086dbb2130c5effb6ea10db03c4a5348b9925889,"{""proxyWallet"": ""0x68aa6dbc228f0c1e2731a3399aa8e6930451794e"", ""side"": ""SELL"", ""asset"": ""39223330966352513418907732239455948906399882924787587183466504819170775983376"", ""conditionId"": ""0x836b850fc838195374862551a36f1c8691d96ff01e58b0a071f0fc1a0e357fb1"", ""size"": 1055.5, ""price"": 0.007, ""timestamp"": 1770602519, ""title"": ""Will LeBron James win the 2028 US Presidential Election?"", ""slug"": ""will-lebron-james-win-the-2028-us-presidential-election"", ""icon"": ""https://polymarket-upload.s3.us-east-2.amazonaws.com/Lebron_James.png"", ""eventSlug"": ""presidential-election-winner-2028"", ""outcome"": ""Yes"", ""outcomeIndex"": 0, ""name"": ""0x68Aa6DBc228F0c1e2731A3399aA8e6930451794E-1760715828228"", ""pseudonym"": ""Serious-Carol"", ""bio"": """", ""profileImage"": """", ""profileImageOptimized"": """", ""transactionHash"": ""0x360fd6f2fda2e36bdc5d2d4c086dbb2130c5effb6ea10db03c4a5348b9925889""}"
1770602073,2026-02-14T01:58:34.099218,0x02f02d4d22d650787e1ef6dcfba4ee2ef9f2a2d8a63be28550daa47bf7132331:1770602073,561251,39223330966352513418907732239455948906399882924787587183466504819170775983376,SELL,0.007,73.0,0.511,0x02f02d4d22d650787e1ef6dcfba4ee2ef9f2a2d8a63be28550daa47bf7132331,"{""proxyWallet"": ""0x95e783fddc953261c141fcbbefeb0b500fff3f9c"", ""side"": ""SELL"", ""asset"": ""39223330966352513418907732239455948906399882924787587183466504819170775983376"", ""conditionId"": ""0x836b850fc838195374862551a36f1c8691d96ff01e58b0a071f0fc1a0e357fb1"", ""size"": 73, ""price"": 0.007, ""timestamp"": 1770602073, ""title"": ""Will LeBron James win the 2028 US Presidential Election?"", ""slug"": ""will-lebron-james-win-the-2028-us-presidential-election"", ""icon"": ""https://polymarket-upload.s3.us-east-2.amazonaws.com/Lebron_James.png"", ""eventSlug"": ""presidential-election-winner-2028"", ""outcome"": ""Yes"", ""outcomeIndex"": 0, ""name"": ""jessicahamilton"", ""pseudonym"": ""Honorable-Equivalent"", ""bio"": """", ""profileImage"": """", ""profileImageOptimized"": """", ""transactionHash"": ""0x02f02d4d22d650787e1ef6dcfba4ee2ef9f2a2d8a63be28550daa47bf7132331""}"
1770601135,2026-02-14T01:58:34.099224,0x1767f70102052f0eef996a84f99aae6a4adc3f25911bc1c8b765f2e00a96d4ef:1770601135,561251,39223330966352513418907732239455948906399882924787587183466504819170775983376,SELL,0.007,1586.0,11.102,0x1767f70102052f0eef996a84f99aae6a4adc3f25911bc1c8b765f2e00a96d4ef,"{""proxyWallet"": ""0x23d276aeb405213518ec39fd12e92d731eb8034b"", ""side"": ""SELL"", ""asset"": ""39223330966352513418907732239455948906399882924787587183466504819170775983376"", ""conditionId"": ""0x836b850fc838195374862551a36f1c8691d96ff01e58b0a071f0fc1a0e357fb1"", ""size"": 1586, ""price"": 0.007, ""timestamp"": 1770601135, ""title"": ""Will LeBron James win the 2028 US Presidential Election?"", ""slug"": ""will-lebron-james-win-the-2028-us-presidential-election"", ""icon"": ""https://polymarket-upload.s3.us-east-2.amazonaws.com/Lebron_James.png"", ""eventSlug"": ""presidential-election-winner-2028"", ""outcome"": ""Yes"", ""outcomeIndex"": 0, ""name"": ""azalaif"", ""pseudonym"": ""Best-Reminder"", ""bio"": """", ""profileImage"": """", ""profileImageOptimized"": """", ""transactionHash"": ""0x1767f70102052f0eef996a84f99aae6a4adc3f25911bc1c8b765f2e00a96d4ef""}"
1770595089,2026-02-14T01:58:34.099230,0x21aa1aabb27933d69b46418c20baef859ec84b17cf811dd03aef03cbeebeb1e5:1770595089,561251,39223330966352513418907732239455948906399882924787587183466504819170775983376,SELL,0.007,1017.0,7.119,0x21aa1aabb27933d69b46418c20baef859ec84b17cf811dd03aef03cbeebeb1e5,"{""proxyWallet"": ""0x35e1c1f7f63558f7d7843c7105b24cb00d10d1f3"", ""side"": ""SELL"", ""asset"": ""39223330966352513418907732239455948906399882924787587183466504819170775983376"", ""conditionId"": ""0x836b850fc838195374862551a36f1c8691d96ff01e58b0a071f0fc1a0e357fb1"", ""size"": 1017, ""price"": 0.007, ""timestamp"": 1770595089, ""title"": ""Will LeBron James win the 2028 US Presidential Election?"", ""slug"": ""will-lebron-james-win-the-2028-us-presidential-election"", ""icon"": ""https://polymarket-upload.s3.us-east-2.amazonaws.com/Lebron_James.png"", ""eventSlug"": ""presidential-election-winner-2028"", ""outcome"": ""Yes"", ""outcomeIndex"": 0, ""name"": ""abenic"", ""pseudonym"": ""Well-Informed-Bargain"", ""bio"": """", ""profileImage"": """", ""profileImageOptimized"": """", ""transactionHash"": ""0x21aa1aabb27933d69b46418c20baef859ec84b17cf811dd03aef03cbeebeb1e5""}"
1770593047,2026-02-14T01:58:34.099235,0x28d65a584f41d498573243d3af84a82a68763af168e70e201231e4ff725c0fa3:1770593047,561251,39223330966352513418907732239455948906399882924787587183466504819170775983376,SELL,0.007,1420.5,9.9435,0x28d65a584f41d498573243d3af84a82a68763af168e70e201231e4ff725c0fa3,"{""proxyWallet"": ""0xc0bc2ba22c04fdd58a51760c8b220ecb5feae654"", ""side"": ""SELL"", ""asset"": ""39223330966352513418907732239455948906399882924787587183466504819170775983376"", ""conditionId"": ""0x836b850fc838195374862551a36f1c8691d96ff01e58b0a071f0fc1a0e357fb1"", ""size"": 1420.5, ""price"": 0.007, ""timestamp"": 1770593047, ""title"": ""Will LeBron James win the 2028 US Presidential Election?"", ""slug"": ""will-lebron-james-win-the-2028-us-presidential-election"", ""icon"": ""https://polymarket-upload.s3.us-east-2.amazonaws.com/Lebron_James.png"", ""eventSlug"": ""presidential-election-winner-2028"", ""outcome"": ""Yes"", ""outcomeIndex"": 0, ""name"": ""0xc0Bc2Ba22C04FdD58a51760c8b220ECB5FEaE654-1766075053051"", ""pseudonym"": ""Assured-Organ"", ""bio"": """", ""profileImage"": """", ""profileImageOptimized"": """", ""transactionHash"": ""0x28d65a584f41d498573243d3af84a82a68763af168e70e201231e4ff725c0fa3""}"
1770592993,2026-02-14T01:58:34.099241,0xb8ca3853d85c014f1eb492fc8748661646236d91f902591726c925199c1c526c:1770592993,561251,39223330966352513418907732239455948906399882924787587183466504819170775983376,SELL,0.007,4978.5,34.8495,0xb8ca3853d85c014f1eb492fc8748661646236d91f902591726c925199c1c526c,"{""proxyWallet"": ""0xe424a7567b890ad8c179237da706849196ca59c8"", ""side"": ""SELL"", ""asset"": ""39223330966352513418907732239455948906399882924787587183466504819170775983376"", ""conditionId"": ""0x836b850fc838195374862551a36f1c8691d96ff01e58b0a071f0fc1a0e357fb1"", ""size"": 4978.5, ""price"": 0.007, ""timestamp"": 1770592993, ""title"": ""Will LeBron James win the 2028 US Presidential Election?"", ""slug"": ""will-lebron-james-win-the-2028-us-presidential-election"", ""icon"": ""https://polymarket-upload.s3.us-east-2.amazonaws.com/Lebron_James.png"", ""eventSlug"": ""presidential-election-winner-2028"", ""outcome"": ""Yes"", ""outcomeIndex"": 0, ""name"": ""0xe424a7567B890Ad8C179237Da706849196Ca59C8-1769114329541"", ""pseudonym"": ""Trifling-Acknowledgment"", ""bio"": """", ""profileImage"": """", ""profileImageOptimized"": """", ""transactionHash"": ""0xb8ca3853d85c014f1eb492fc8748661646236d91f902591726c925199c1c526c""}"
1770589907,2026-02-14T01:58:34.099246,0xacf1643a3c35ffd5df94b0890bcf39bb4caa44275cc64fa83c9547419f663aa2:1770589907,561251,39223330966352513418907732239455948906399882924787587183466504819170775983376,SELL,0.007,2510.5,17.5735,0xacf1643a3c35ffd5df94b0890bcf39bb4caa44275cc64fa83c9547419f663aa2,"{""proxyWallet"": ""0xd9b4db54015be790bff8af0ab5c63f3618f28376"", ""side"": ""SELL"", ""asset"": ""39223330966352513418907732239455948906399882924787587183466504819170775983376"", ""conditionId"": ""0x836b850fc838195374862551a36f1c8691d96ff01e58b0a071f0fc1a0e357fb1"", ""size"": 2510.5, ""price"": 0.007, ""timestamp"": 1770589907, ""title"": ""Will LeBron James win the 2028 US Presidential Election?"", ""slug"": ""will-lebron-james-win-the-2028-us-presidential-election"", ""icon"": ""https://polymarket-upload.s3.us-east-2.amazonaws.com/Lebron_James.png"", ""eventSlug"": ""presidential-election-winner-2028"", ""outcome"": ""Yes"", ""outcomeIndex"": 0, ""name"": ""0xD9B4db54015BE790bff8AF0Ab5c63F3618f28376-1760377040553"", ""pseudonym"": ""High-Comfortable"", ""bio"": """", ""profileImage"": """", ""profileImageOptimized"": """", ""transactionHash"": ""0xacf1643a3c35ffd5df94b0890bcf39bb4caa44275cc64fa83c9547419f663aa2""}"
1770588963,2026-02-14T01:58:34.099252,0xbd1b4a1aad362ebde37cc57b9d30224fdc519027ff4bac742597368dde21289a:1770588963,561251,39223330966352513418907732239455948906399882924787587183466504819170775983376,SELL,0.007,5620.5,39.3435,0xbd1b4a1aad362ebde37cc57b9d30224fdc519027ff4bac742597368dde21289a,"{""proxyWallet"": ""0xc541e52005cb4096924895237472389f68e2f65d"", ""side"": ""SELL"", ""asset"": ""39223330966352513418907732239455948906399882924787587183466504819170775983376"", ""conditionId"": ""0x836b850fc838195374862551a36f1c8691d96ff01e58b0a071f0fc1a0e357fb1"", ""size"": 5620.5, ""price"": 0.007, ""timestamp"": 1770588963, ""title"": ""Will LeBron James win the 2028 US Presidential Election?"", ""slug"": ""will-lebron-james-win-the-2028-us-presidential-election"", ""icon"": ""https://polymarket-upload.s3.us-east-2.amazonaws.com/Lebron_James.png"", ""eventSlug"": ""presidential-election-winner-2028"", ""outcome"": ""Yes"", ""outcomeIndex"": 0, ""name"": ""0xc541e52005Cb4096924895237472389f68e2F65D-1767714931290"", ""pseudonym"": ""Shimmering-Bolero"", ""bio"": """", ""profileImage"": """", ""profileImageOptimized"": """", ""transactionHash"": ""0xbd1b4a1aad362ebde37cc57b9d30224fdc519027ff4bac742597368dde21289a""}"
1770586829,2026-02-14T01:58:34.099257,0xdc4b2d1157842c11215a47716d1fa39280191ee0e6ab9479a1ab48bcd17a1789:1770586829,561251,39223330966352513418907732239455948906399882924787587183466504819170775983376,SELL,0.007,3981.5,27.8705,0xdc4b2d1157842c11215a47716d1fa39280191ee0e6ab9479a1ab48bcd17a1789,"{""proxyWallet"": ""0x8b406806a33586fdf134db01c24702060f38a79e"", ""side"": ""SELL"", ""asset"": ""39223330966352513418907732239455948906399882924787587183466504819170775983376"", ""conditionId"": ""0x836b850fc838195374862551a36f1c8691d96ff01e58b0a071f0fc1a0e357fb1"", ""size"": 3981.5, ""price"": 0.007, ""timestamp"": 1770586829, ""title"": ""Will LeBron James win the 2028 US Presidential Election?"", ""slug"": ""will-lebron-james-win-the-2028-us-presidential-election"", ""icon"": ""https://polymarket-upload.s3.us-east-2.amazonaws.com/Lebron_James.png"", ""eventSlug"": ""presidential-election-winner-2028"", ""outcome"": ""Yes"", ""outcomeIndex"": 0, ""name"": ""0x8B406806A33586fdF134Db01C24702060f38A79E-1768498641994"", ""pseudonym"": ""Periodic-Earnings"", ""bio"": """", ""profileImage"": """", ""profileImageOptimized"": """", ""transactionHash"": ""0xdc4b2d1157842c11215a47716d1fa39280191ee0e6ab9479a1ab48bcd17a1789""}"
1770586123,2026-02-14T01:58:34.099265,0xf883e6004e6a9b5700a12b48003c925d86a286012f0f72aee89c6d93bb02b597:1770586123,561251,39223330966352513418907732239455948906399882924787587183466504819170775983376,SELL,0.007,1597.0,11.179,0xf883e6004e6a9b5700a12b48003c925d86a286012f0f72aee89c6d93bb02b597,"{""proxyWallet"": ""0xce9e4a4f170b3fc3858b0e3af2f6ef26ce7b1ca1"", ""side"": ""SELL"", ""asset"": ""39223330966352513418907732239455948906399882924787587183466504819170775983376"", ""conditionId"": ""0x836b850fc838195374862551a36f1c8691d96ff01e58b0a071f0fc1a0e357fb1"", ""size"": 1597, ""price"": 0.007, ""timestamp"": 1770586123, ""title"": ""Will LeBron James win the 2028 US Presidential Election?"", ""slug"": ""will-lebron-james-win-the-2028-us-presidential-election"", ""icon"": ""https://polymarket-upload.s3.us-east-2.amazonaws.com/Lebron_James.png"", ""eventSlug"": ""presidential-election-winner-2028"", ""outcome"": ""Yes"", ""outcomeIndex"": 0, ""name"": ""0xCE9E4a4f170B3Fc3858b0E3af2F6eF26ce7b1Ca1-1767712142999"", ""pseudonym"": ""Immense-Coffin"", ""bio"": """", ""profileImage"": """", ""profileImageOptimized"": """", ""transactionHash"": ""0xf883e6004e6a9b5700a12b48003c925d86a286012f0f72aee89c6d93bb02b597""}"
1770582577,2026-02-14T01:58:34.099271,0x0ca793a1f3c9116dfb90bf5d60a308104ac10940f552420ec4059e3b018bdee4:1770582577,561251,39223330966352513418907732239455948906399882924787587183466504819170775983376,SELL,0.007,1586.0,11.102,0x0ca793a1f3c9116dfb90bf5d60a308104ac10940f552420ec4059e3b018bdee4,"{""proxyWallet"": ""0x23d276aeb405213518ec39fd12e92d731eb8034b"", ""side"": ""SELL"", ""asset"": ""39223330966352513418907732239455948906399882924787587183466504819170775983376"", ""conditionId"": ""0x836b850fc838195374862551a36f1c8691d96ff01e58b0a071f0fc1a0e357fb1"", ""size"": 1586, ""price"": 0.007, ""timestamp"": 1770582577, ""title"": ""Will LeBron James win the 2028 US Presidential Election?"", ""slug"": ""will-lebron-james-win-the-2028-us-presidential-election"", ""icon"": ""https://polymarket-upload.s3.us-east-2.amazonaws.com/Lebron_James.png"", ""eventSlug"": ""presidential-election-winner-2028"", ""outcome"": ""Yes"", ""outcomeIndex"": 0, ""name"": ""azalaif"", ""pseudonym"": ""Best-Reminder"", ""bio"": """", ""profileImage"": """", ""profileImageOptimized"": """", ""transactionHash"": ""0x0ca793a1f3c9116dfb90bf5d60a308104ac10940f552420ec4059e3b018bdee4""}"
1770574675,2026-02-14T01:58:34.099276,0x932b5666b07f541f8906021867f9ae06219ba2ec3c6509a68a1db571e38aacf2:1770574675,561251,39223330966352513418907732239455948906399882924787587183466504819170775983376,SELL,0.007,1023.5,7.1645,0x932b5666b07f541f8906021867f9ae06219ba2ec3c6509a68a1db571e38aacf2,"{""proxyWallet"": ""0xb29f23e682161681080ca2d6dc37a3176b78b308"", ""side"": ""SELL"", ""asset"": ""39223330966352513418907732239455948906399882924787587183466504819170775983376"", ""conditionId"": ""0x836b850fc838195374862551a36f1c8691d96ff01e58b0a071f0fc1a0e357fb1"", ""size"": 1023.5, ""price"": 0.007, ""timestamp"": 1770574675, ""title"": ""Will LeBron James win the 2028 US Presidential Election?"", ""slug"": ""will-lebron-james-win-the-2028-us-presidential-election"", ""icon"": ""https://polymarket-upload.s3.us-east-2.amazonaws.com/Lebron_James.png"", ""eventSlug"": ""presidential-election-winner-2028"", ""outcome"": ""Yes"", ""outcomeIndex"": 0, ""name"": ""0xb29F23e682161681080Ca2D6Dc37a3176b78B308-1760283371865"", ""pseudonym"": ""Noteworthy-Cacao"", ""bio"": """", ""profileImage"": """", ""profileImageOptimized"": """", ""transactionHash"": ""0x932b5666b07f541f8906021867f9ae06219ba2ec3c6509a68a1db571e38aacf2""}"
1770573799,2026-02-14T01:58:34.099283,0xb6bcfe0c3769bb57f33871e25e33c41ff819db35c5c33449c9f1aaac6ff86d58:1770573799,561251,39223330966352513418907732239455948906399882924787587183466504819170775983376,SELL,0.007,100.0,0.7000000000000001,0xb6bcfe0c3769bb57f33871e25e33c41ff819db35c5c33449c9f1aaac6ff86d58,"{""proxyWallet"": ""0x39aef0a049c29c2529e47cefa04545f7327994f0"", ""side"": ""SELL"", ""asset"": ""39223330966352513418907732239455948906399882924787587183466504819170775983376"", ""conditionId"": ""0x836b850fc838195374862551a36f1c8691d96ff01e58b0a071f0fc1a0e357fb1"", ""size"": 100, ""price"": 0.007, ""timestamp"": 1770573799, ""title"": ""Will LeBron James win the 2028 US Presidential Election?"", ""slug"": ""will-lebron-james-win-the-2028-us-presidential-election"", ""icon"": ""https://polymarket-upload.s3.us-east-2.amazonaws.com/Lebron_James.png"", ""eventSlug"": ""presidential-election-winner-2028"", ""outcome"": ""Yes"", ""outcomeIndex"": 0, ""name"": ""jojore"", ""pseudonym"": ""Defiant-Mambo"", ""bio"": """", ""profileImage"": """", ""profileImageOptimized"": """", ""transactionHash"": ""0xb6bcfe0c3769bb57f33871e25e33c41ff819db35c5c33449c9f1aaac6ff86d58""}"
1770573005,2026-02-14T01:58:34.099288,0xd4d2fed733aa76f93c8e015356a32fdbc685841408b985853ccb400fe53d3e7b:1770573005,561251,39223330966352513418907732239455948906399882924787587183466504819170775983376,BUY,0.008,125.0,1.0,0xd4d2fed733aa76f93c8e015356a32fdbc685841408b985853ccb400fe53d3e7b,"{""proxyWallet"": ""0x39aef0a049c29c2529e47cefa04545f7327994f0"", ""side"": ""BUY"", ""asset"": ""39223330966352513418907732239455948906399882924787587183466504819170775983376"", ""conditionId"": ""0x836b850fc838195374862551a36f1c8691d96ff01e58b0a071f0fc1a0e357fb1"", ""size"": 125, ""price"": 0.008, ""timestamp"": 1770573005, ""title"": ""Will LeBron James win the 2028 US Presidential Election?"", ""slug"": ""will-lebron-james-win-the-2028-us-presidential-election"", ""icon"": ""https://polymarket-upload.s3.us-east-2.amazonaws.com/Lebron_James.png"", ""eventSlug"": ""presidential-election-winner-2028"", ""outcome"": ""Yes"", ""outcomeIndex"": 0, ""name"": ""jojore"", ""pseudonym"": ""Defiant-Mambo"", ""bio"": """", ""profileImage"": """", ""profileImageOptimized"": """", ""transactionHash"": ""0xd4d2fed733aa76f93c8e015356a32fdbc685841408b985853ccb400fe53d3e7b""}"
1770572147,2026-02-14T01:58:34.099294,0xac46460c38d3f4f830900e880db4cb81d8469c621080ee4c39481b1644f2618c:1770572147,561251,39223330966352513418907732239455948906399882924787587183466504819170775983376,SELL,0.007,1273.5,8.9145,0xac46460c38d3f4f830900e880db4cb81d8469c621080ee4c39481b1644f2618c,"{""proxyWallet"": ""0x608477492b38da285e0d78eafc631a7d43e1b21b"", ""side"": ""SELL"", ""asset"": ""39223330966352513418907732239455948906399882924787587183466504819170775983376"", ""conditionId"": ""0x836b850fc838195374862551a36f1c8691d96ff01e58b0a071f0fc1a0e357fb1"", ""size"": 1273.5, ""price"": 0.007, ""timestamp"": 1770572147, ""title"": ""Will LeBron James win the 2028 US Presidential Election?"", ""slug"": ""will-lebron-james-win-the-2028-us-presidential-election"", ""icon"": ""https://polymarket-upload.s3.us-east-2.amazonaws.com/Lebron_James.png"", ""eventSlug"": ""presidential-election-winner-2028"", ""outcome"": ""Yes"", ""outcomeIndex"": 0, ""name"": ""0x608477492B38da285e0D78eafC631A7d43e1b21b-1760291508706"", ""pseudonym"": ""Vivacious-Administrator"", ""bio"": """", ""profileImage"": """", ""profileImageOptimized"": """", ""transactionHash"": ""0xac46460c38d3f4f830900e880db4cb81d8469c621080ee4c39481b1644f2618c""}"
1770553959,2026-02-14T01:58:34.099300,0x7ec1a9b8015e812b81207d59a2001478a4d2246bfab9743a4cbfb8b046841cd4:1770553959,561251,39223330966352513418907732239455948906399882924787587183466504819170775983376,SELL,0.007,4607.0,32.249,0x7ec1a9b8015e812b81207d59a2001478a4d2246bfab9743a4cbfb8b046841cd4,"{""proxyWallet"": ""0x6dab25abdc5fe8a5d71a5e7887b42e73853e384d"", ""side"": ""SELL"", ""asset"": ""39223330966352513418907732239455948906399882924787587183466504819170775983376"", ""conditionId"": ""0x836b850fc838195374862551a36f1c8691d96ff01e58b0a071f0fc1a0e357fb1"", ""size"": 4607, ""price"": 0.007, ""timestamp"": 1770553959, ""title"": ""Will LeBron James win the 2028 US Presidential Election?"", ""slug"": ""will-lebron-james-win-the-2028-us-presidential-election"", ""icon"": ""https://polymarket-upload.s3.us-east-2.amazonaws.com/Lebron_James.png"", ""eventSlug"": ""presidential-election-winner-2028"", ""outcome"": ""Yes"", ""outcomeIndex"": 0, ""name"": ""0x6DAb25aBdc5Fe8a5d71a5E7887B42e73853e384D-1767794110405"", ""pseudonym"": ""Unwritten-Coincidence"", ""bio"": """", ""profileImage"": """", ""profileImageOptimized"": """", ""transactionHash"": ""0x7ec1a9b8015e812b81207d59a2001478a4d2246bfab9743a4cbfb8b046841cd4""}"
1770546781,2026-02-14T01:58:34.099306,0x793c2b4256b4312c6f0cf1f36523cf1aad7cab274494d46312429bfb0ba24c63:1770546781,561251,39223330966352513418907732239455948906399882924787587183466504819170775983376,SELL,0.007,5000.0,35.0,0x793c2b4256b4312c6f0cf1f36523cf1aad7cab274494d46312429bfb0ba24c63,"{""proxyWallet"": ""0x656583ba5ba740aa89597e1b5aa1cf6152932c02"", ""side"": ""SELL"", ""asset"": ""39223330966352513418907732239455948906399882924787587183466504819170775983376"", ""conditionId"": ""0x836b850fc838195374862551a36f1c8691d96ff01e58b0a071f0fc1a0e357fb1"", ""size"": 5000, ""price"": 0.007, ""timestamp"": 1770546781, ""title"": ""Will LeBron James win the 2028 US Presidential Election?"", ""slug"": ""will-lebron-james-win-the-2028-us-presidential-election"", ""icon"": ""https://polymarket-upload.s3.us-east-2.amazonaws.com/Lebron_James.png"", ""eventSlug"": ""presidential-election-winner-2028"", ""outcome"": ""Yes"", ""outcomeIndex"": 0, ""name"": ""Empe"", ""pseudonym"": ""Lonely-Leap"", ""bio"": """", ""profileImage"": """", ""profileImageOptimized"": """", ""transactionHash"": ""0x793c2b4256b4312c6f0cf1f36523cf1aad7cab274494d46312429bfb0ba24c63""}"
1770544739,2026-02-14T01:58:34.099312,0x5697a31d993a667af8ec007d32cd57f010eba64518dbc01bdcd3432150157390:1770544739,561251,39223330966352513418907732239455948906399882924787587183466504819170775983376,BUY,0.008,125000.0,1000.0,0x5697a31d993a667af8ec007d32cd57f010eba64518dbc01bdcd3432150157390,"{""proxyWallet"": ""0x5fe745de625411f3376e67d5708481b98b5d44a2"", ""side"": ""BUY"", ""asset"": ""39223330966352513418907732239455948906399882924787587183466504819170775983376"", ""conditionId"": ""0x836b850fc838195374862551a36f1c8691d96ff01e58b0a071f0fc1a0e357fb1"", ""size"": 125000, ""price"": 0.008, ""timestamp"": 1770544739, ""title"": ""Will LeBron James win the 2028 US Presidential Election?"", ""slug"": ""will-lebron-james-win-the-2028-us-presidential-election"", ""icon"": ""https://polymarket-upload.s3.us-east-2.amazonaws.com/Lebron_James.png"", ""eventSlug"": ""presidential-election-winner-2028"", ""outcome"": ""Yes"", ""outcomeIndex"": 0, ""name"": ""electionplayer"", ""pseudonym"": """", ""bio"": """", ""profileImage"": """", ""profileImageOptimized"": """", ""transactionHash"": ""0x5697a31d993a667af8ec007d32cd57f010eba64518dbc01bdcd3432150157390""}"
1770544659,2026-02-14T01:58:34.099318,0x44656dbdb0a9e9a424f7c9ea0c4b11acf822bb9986bd10855c49dc489f89b604:1770544659,561251,39223330966352513418907732239455948906399882924787587183466504819170775983376,SELL,0.007,140.0,0.98,0x44656dbdb0a9e9a424f7c9ea0c4b11acf822bb9986bd10855c49dc489f89b604,"{""proxyWallet"": ""0x39aef0a049c29c2529e47cefa04545f7327994f0"", ""side"": ""SELL"", ""asset"": ""39223330966352513418907732239455948906399882924787587183466504819170775983376"", ""conditionId"": ""0x836b850fc838195374862551a36f1c8691d96ff01e58b0a071f0fc1a0e357fb1"", ""size"": 140, ""price"": 0.007, ""timestamp"": 1770544659, ""title"": ""Will LeBron James win the 2028 US Presidential Election?"", ""slug"": ""will-lebron-james-win-the-2028-us-presidential-election"", ""icon"": ""https://polymarket-upload.s3.us-east-2.amazonaws.com/Lebron_James.png"", ""eventSlug"": ""presidential-election-winner-2028"", ""outcome"": ""Yes"", ""outcomeIndex"": 0, ""name"": ""jojore"", ""pseudonym"": ""Defiant-Mambo"", ""bio"": """", ""profileImage"": """", ""profileImageOptimized"": """", ""transactionHash"": ""0x44656dbdb0a9e9a424f7c9ea0c4b11acf822bb9986bd10855c49dc489f89b604""}"
1770544651,2026-02-14T01:58:34.099323,0xb49f92958dbdd6269910c810bd824142cc9f79537f1580f765945fcb492b0af6:1770544651,561251,39223330966352513418907732239455948906399882924787587183466504819170775983376,BUY,0.008,175.0,1.4000000000000001,0xb49f92958dbdd6269910c810bd824142cc9f79537f1580f765945fcb492b0af6,"{""proxyWallet"": ""0x39aef0a049c29c2529e47cefa04545f7327994f0"", ""side"": ""BUY"", ""asset"": ""39223330966352513418907732239455948906399882924787587183466504819170775983376"", ""conditionId"": ""0x836b850fc838195374862551a36f1c8691d96ff01e58b0a071f0fc1a0e357fb1"", ""size"": 175, ""price"": 0.008, ""timestamp"": 1770544651, ""title"": ""Will LeBron James win the 2028 US Presidential Election?"", ""slug"": ""will-lebron-james-win-the-2028-us-presidential-election"", ""icon"": ""https://polymarket-upload.s3.us-east-2.amazonaws.com/Lebron_James.png"", ""eventSlug"": ""presidential-election-winner-2028"", ""outcome"": ""Yes"", ""outcomeIndex"": 0, ""name"": ""jojore"", ""pseudonym"": ""Defiant-Mambo"", ""bio"": """", ""profileImage"": """", ""profileImageOptimized"": """", ""transactionHash"": ""0xb49f92958dbdd6269910c810bd824142cc9f79537f1580f765945fcb492b0af6""}"
1770544645,2026-02-14T01:58:34.099328,0xb4e7675b1889abf937e24aa16c52043bd41bda270ed999a234fee2324aa1d3a2:1770544645,561251,39223330966352513418907732239455948906399882924787587183466504819170775983376,SELL,0.007,140.0,0.98,0xb4e7675b1889abf937e24aa16c52043bd41bda270ed999a234fee2324aa1d3a2,"{""proxyWallet"": ""0x39aef0a049c29c2529e47cefa04545f7327994f0"", ""side"": ""SELL"", ""asset"": ""39223330966352513418907732239455948906399882924787587183466504819170775983376"", ""conditionId"": ""0x836b850fc838195374862551a36f1c8691d96ff01e58b0a071f0fc1a0e357fb1"", ""size"": 140, ""price"": 0.007, ""timestamp"": 1770544645, ""title"": ""Will LeBron James win the 2028 US Presidential Election?"", ""slug"": ""will-lebron-james-win-the-2028-us-presidential-election"", ""icon"": ""https://polymarket-upload.s3.us-east-2.amazonaws.com/Lebron_James.png"", ""eventSlug"": ""presidential-election-winner-2028"", ""outcome"": ""Yes"", ""outcomeIndex"": 0, ""name"": ""jojore"", ""pseudonym"": ""Defiant-Mambo"", ""bio"": """", ""profileImage"": """", ""profileImageOptimized"": """", ""transactionHash"": ""0xb4e7675b1889abf937e24aa16c52043bd41bda270ed999a234fee2324aa1d3a2""}"
1770544639,2026-02-14T01:58:34.099334,0x21ef1b95b2be20d3ecdf85b11c12ad3d95470f093bf1496659be33c4d02ff316:1770544639,561251,39223330966352513418907732239455948906399882924787587183466504819170775983376,BUY,0.008,175.0,1.4000000000000001,0x21ef1b95b2be20d3ecdf85b11c12ad3d95470f093bf1496659be33c4d02ff316,"{""proxyWallet"": ""0x39aef0a049c29c2529e47cefa04545f7327994f0"", ""side"": ""BUY"", ""asset"": ""39223330966352513418907732239455948906399882924787587183466504819170775983376"", ""conditionId"": ""0x836b850fc838195374862551a36f1c8691d96ff01e58b0a071f0fc1a0e357fb1"", ""size"": 175, ""price"": 0.008, ""timestamp"": 1770544639, ""title"": ""Will LeBron James win the 2028 US Presidential Election?"", ""slug"": ""will-lebron-james-win-the-2028-us-presidential-election"", ""icon"": ""https://polymarket-upload.s3.us-east-2.amazonaws.com/Lebron_James.png"", ""eventSlug"": ""presidential-election-winner-2028"", ""outcome"": ""Yes"", ""outcomeIndex"": 0, ""name"": ""jojore"", ""pseudonym"": ""Defiant-Mambo"", ""bio"": """", ""profileImage"": """", ""profileImageOptimized"": """", ""transactionHash"": ""0x21ef1b95b2be20d3ecdf85b11c12ad3d95470f093bf1496659be33c4d02ff316""}"
1770544633,2026-02-14T01:58:34.099339,0x5f252a05f80900645c765278e36992c1e9d318a5de5ac22ddbabd64d60b4af3a:1770544633,561251,39223330966352513418907732239455948906399882924787587183466504819170775983376,SELL,0.007,1597.0,11.179,0x5f252a05f80900645c765278e36992c1e9d318a5de5ac22ddbabd64d60b4af3a,"{""proxyWallet"": ""0xce9e4a4f170b3fc3858b0e3af2f6ef26ce7b1ca1"", ""side"": ""SELL"", ""asset"": ""39223330966352513418907732239455948906399882924787587183466504819170775983376"", ""conditionId"": ""0x836b850fc838195374862551a36f1c8691d96ff01e58b0a071f0fc1a0e357fb1"", ""size"": 1597, ""price"": 0.007, ""timestamp"": 1770544633, ""title"": ""Will LeBron James win the 2028 US Presidential Election?"", ""slug"": ""will-lebron-james-win-the-2028-us-presidential-election"", ""icon"": ""https://polymarket-upload.s3.us-east-2.amazonaws.com/Lebron_James.png"", ""eventSlug"": ""presidential-election-winner-2028"", ""outcome"": ""Yes"", ""outcomeIndex"": 0, ""name"": ""0xCE9E4a4f170B3Fc3858b0E3af2F6eF26ce7b1Ca1-1767712142999"", ""pseudonym"": ""Immense-Coffin"", ""bio"": """", ""profileImage"": """", ""profileImageOptimized"": """", ""transactionHash"": ""0x5f252a05f80900645c765278e36992c1e9d318a5de5ac22ddbabd64d60b4af3a""}"
1770543667,2026-02-14T01:58:34.099344,0x604076df4a7cc75c247cc43200f9a7f88dd3c2d51ecf8c981e75e46f3c3ef002:1770543667,561251,39223330966352513418907732239455948906399882924787587183466504819170775983376,SELL,0.007,105.0,0.735,0x604076df4a7cc75c247cc43200f9a7f88dd3c2d51ecf8c981e75e46f3c3ef002,"{""proxyWallet"": ""0x39aef0a049c29c2529e47cefa04545f7327994f0"", ""side"": ""SELL"", ""asset"": ""39223330966352513418907732239455948906399882924787587183466504819170775983376"", ""conditionId"": ""0x836b850fc838195374862551a36f1c8691d96ff01e58b0a071f0fc1a0e357fb1"", ""size"": 105, ""price"": 0.007, ""timestamp"": 1770543667, ""title"": ""Will LeBron James win the 2028 US Presidential Election?"", ""slug"": ""will-lebron-james-win-the-2028-us-presidential-election"", ""icon"": ""https://polymarket-upload.s3.us-east-2.amazonaws.com/Lebron_James.png"", ""eventSlug"": ""presidential-election-winner-2028"", ""outcome"": ""Yes"", ""outcomeIndex"": 0, ""name"": ""jojore"", ""pseudonym"": ""Defiant-Mambo"", ""bio"": """", ""profileImage"": """", ""profileImageOptimized"": """", ""transactionHash"": ""0x604076df4a7cc75c247cc43200f9a7f88dd3c2d51ecf8c981e75e46f3c3ef002""}"
1770543639,2026-02-14T01:58:34.099350,0x0855eb3a6e9d62dd0d75ec5e547982e6524d09b7dcb184e567e1cdfcee5d0e25:1770543639,561251,39223330966352513418907732239455948906399882924787587183466504819170775983376,SELL,0.007,1023.5,7.1645,0x0855eb3a6e9d62dd0d75ec5e547982e6524d09b7dcb184e567e1cdfcee5d0e25,"{""proxyWallet"": ""0xb29f23e682161681080ca2d6dc37a3176b78b308"", ""side"": ""SELL"", ""asset"": ""39223330966352513418907732239455948906399882924787587183466504819170775983376"", ""conditionId"": ""0x836b850fc838195374862551a36f1c8691d96ff01e58b0a071f0fc1a0e357fb1"", ""size"": 1023.5, ""price"": 0.007, ""timestamp"": 1770543639, ""title"": ""Will LeBron James win the 2028 US Presidential Election?"", ""slug"": ""will-lebron-james-win-the-2028-us-presidential-election"", ""icon"": ""https://polymarket-upload.s3.us-east-2.amazonaws.com/Lebron_James.png"", ""eventSlug"": ""presidential-election-winner-2028"", ""outcome"": ""Yes"", ""outcomeIndex"": 0, ""name"": ""0xb29F23e682161681080Ca2D6Dc37a3176b78B308-1760283371865"", ""pseudonym"": ""Noteworthy-Cacao"", ""bio"": """", ""profileImage"": """", ""profileImageOptimized"": """", ""transactionHash"": ""0x0855eb3a6e9d62dd0d75ec5e547982e6524d09b7dcb184e567e1cdfcee5d0e25""}"
1770542597,2026-02-14T01:58:34.099357,0x8cbcd31d8bf8a79fe7043073de8aea5fc0c88ecda3b041251d9aa81610a04c54:1770542597,561251,39223330966352513418907732239455948906399882924787587183466504819170775983376,SELL,0.007,1017.0,7.119,0x8cbcd31d8bf8a79fe7043073de8aea5fc0c88ecda3b041251d9aa81610a04c54,"{""proxyWallet"": ""0x35e1c1f7f63558f7d7843c7105b24cb00d10d1f3"", ""side"": ""SELL"", ""asset"": ""39223330966352513418907732239455948906399882924787587183466504819170775983376"", ""conditionId"": ""0x836b850fc838195374862551a36f1c8691d96ff01e58b0a071f0fc1a0e357fb1"", ""size"": 1017, ""price"": 0.007, ""timestamp"": 1770542597, ""title"": ""Will LeBron James win the 2028 US Presidential Election?"", ""slug"": ""will-lebron-james-win-the-2028-us-presidential-election"", ""icon"": ""https://polymarket-upload.s3.us-east-2.amazonaws.com/Lebron_James.png"", ""eventSlug"": ""presidential-election-winner-2028"", ""outcome"": ""Yes"", ""outcomeIndex"": 0, ""name"": ""abenic"", ""pseudonym"": ""Well-Informed-Bargain"", ""bio"": """", ""profileImage"": """", ""profileImageOptimized"": """", ""transactionHash"": ""0x8cbcd31d8bf8a79fe7043073de8aea5fc0c88ecda3b041251d9aa81610a04c54""}"
1770540787,2026-02-14T01:58:34.099363,0xc5ceb1e9bb27827274c19092a1f7c7d906d12e779c073d0b149167d2e456fe71:1770540787,561251,39223330966352513418907732239455948906399882924787587183466504819170775983376,SELL,0.007,5620.5,39.3435,0xc5ceb1e9bb27827274c19092a1f7c7d906d12e779c073d0b149167d2e456fe71,"{""proxyWallet"": ""0xc541e52005cb4096924895237472389f68e2f65d"", ""side"": ""SELL"", ""asset"": ""39223330966352513418907732239455948906399882924787587183466504819170775983376"", ""conditionId"": ""0x836b850fc838195374862551a36f1c8691d96ff01e58b0a071f0fc1a0e357fb1"", ""size"": 5620.5, ""price"": 0.007, ""timestamp"": 1770540787, ""title"": ""Will LeBron James win the 2028 US Presidential Election?"", ""slug"": ""will-lebron-james-win-the-2028-us-presidential-election"", ""icon"": ""https://polymarket-upload.s3.us-east-2.amazonaws.com/Lebron_James.png"", ""eventSlug"": ""presidential-election-winner-2028"", ""outcome"": ""Yes"", ""outcomeIndex"": 0, ""name"": ""0xc541e52005Cb4096924895237472389f68e2F65D-1767714931290"", ""pseudonym"": ""Shimmering-Bolero"", ""bio"": """", ""profileImage"": """", ""profileImageOptimized"": """", ""transactionHash"": ""0xc5ceb1e9bb27827274c19092a1f7c7d906d12e779c073d0b149167d2e456fe71""}"
1770539491,2026-02-14T01:58:34.099369,0x77a6728ead0f4700cfc8480fcb82f69cce4dd439a622d7df3fc313e805fe0872:1770539491,561251,39223330966352513418907732239455948906399882924787587183466504819170775983376,SELL,0.007,1273.5,8.9145,0x77a6728ead0f4700cfc8480fcb82f69cce4dd439a622d7df3fc313e805fe0872,"{""proxyWallet"": ""0x608477492b38da285e0d78eafc631a7d43e1b21b"", ""side"": ""SELL"", ""asset"": ""39223330966352513418907732239455948906399882924787587183466504819170775983376"", ""conditionId"": ""0x836b850fc838195374862551a36f1c8691d96ff01e58b0a071f0fc1a0e357fb1"", ""size"": 1273.5, ""price"": 0.007, ""timestamp"": 1770539491, ""title"": ""Will LeBron James win the 2028 US Presidential Election?"", ""slug"": ""will-lebron-james-win-the-2028-us-presidential-election"", ""icon"": ""https://polymarket-upload.s3.us-east-2.amazonaws.com/Lebron_James.png"", ""eventSlug"": ""presidential-election-winner-2028"", ""outcome"": ""Yes"", ""outcomeIndex"": 0, ""name"": ""0x608477492B38da285e0D78eafC631A7d43e1b21b-1760291508706"", ""pseudonym"": ""Vivacious-Administrator"", ""bio"": """", ""profileImage"": """", ""profileImageOptimized"": """", ""transactionHash"": ""0x77a6728ead0f4700cfc8480fcb82f69cce4dd439a622d7df3fc313e805fe0872""}"
1770537113,2026-02-14T01:58:34.099375,0x31d3843f32bbf5bed50aec8786670d1fad50b1cc0b4347c080c7e8053877769c:1770537113,561251,39223330966352513418907732239455948906399882924787587183466504819170775983376,SELL,0.007,2510.5,17.5735,0x31d3843f32bbf5bed50aec8786670d1fad50b1cc0b4347c080c7e8053877769c,"{""proxyWallet"": ""0xd9b4db54015be790bff8af0ab5c63f3618f28376"", ""side"": ""SELL"", ""asset"": ""39223330966352513418907732239455948906399882924787587183466504819170775983376"", ""conditionId"": ""0x836b850fc838195374862551a36f1c8691d96ff01e58b0a071f0fc1a0e357fb1"", ""size"": 2510.5, ""price"": 0.007, ""timestamp"": 1770537113, ""title"": ""Will LeBron James win the 2028 US Presidential Election?"", ""slug"": ""will-lebron-james-win-the-2028-us-presidential-election"", ""icon"": ""https://polymarket-upload.s3.us-east-2.amazonaws.com/Lebron_James.png"", ""eventSlug"": ""presidential-election-winner-2028"", ""outcome"": ""Yes"", ""outcomeIndex"": 0, ""name"": ""0xD9B4db54015BE790bff8AF0Ab5c63F3618f28376-1760377040553"", ""pseudonym"": ""High-Comfortable"", ""bio"": """", ""profileImage"": """", ""profileImageOptimized"": """", ""transactionHash"": ""0x31d3843f32bbf5bed50aec8786670d1fad50b1cc0b4347c080c7e8053877769c""}"
1770537077,2026-02-14T01:58:34.099381,0x74c63dccf306946690e586204efa306edd537cc0a067691fe709ba50df3bbda3:1770537077,561251,39223330966352513418907732239455948906399882924787587183466504819170775983376,SELL,0.007,4978.5,34.8495,0x74c63dccf306946690e586204efa306edd537cc0a067691fe709ba50df3bbda3,"{""proxyWallet"": ""0xe424a7567b890ad8c179237da706849196ca59c8"", ""side"": ""SELL"", ""asset"": ""39223330966352513418907732239455948906399882924787587183466504819170775983376"", ""conditionId"": ""0x836b850fc838195374862551a36f1c8691d96ff01e58b0a071f0fc1a0e357fb1"", ""size"": 4978.5, ""price"": 0.007, ""timestamp"": 1770537077, ""title"": ""Will LeBron James win the 2028 US Presidential Election?"", ""slug"": ""will-lebron-james-win-the-2028-us-presidential-election"", ""icon"": ""https://polymarket-upload.s3.us-east-2.amazonaws.com/Lebron_James.png"", ""eventSlug"": ""presidential-election-winner-2028"", ""outcome"": ""Yes"", ""outcomeIndex"": 0, ""name"": ""0xe424a7567B890Ad8C179237Da706849196Ca59C8-1769114329541"", ""pseudonym"": ""Trifling-Acknowledgment"", ""bio"": """", ""profileImage"": """", ""profileImageOptimized"": """", ""transactionHash"": ""0x74c63dccf306946690e586204efa306edd537cc0a067691fe709ba50df3bbda3""}"
1770537049,2026-02-14T01:58:34.099387,0xfe8735658f15091f2ad1996c4f0051dd0c8c9c63d521d92f5c702c4872edd4bb:1770537049,561251,39223330966352513418907732239455948906399882924787587183466504819170775983376,SELL,0.007,4508.0,31.556,0xfe8735658f15091f2ad1996c4f0051dd0c8c9c63d521d92f5c702c4872edd4bb,"{""proxyWallet"": ""0x9126b8dd4625e8dc5bb49b857e756f1e0851fb8c"", ""side"": ""SELL"", ""asset"": ""39223330966352513418907732239455948906399882924787587183466504819170775983376"", ""conditionId"": ""0x836b850fc838195374862551a36f1c8691d96ff01e58b0a071f0fc1a0e357fb1"", ""size"": 4508, ""price"": 0.007, ""timestamp"": 1770537049, ""title"": ""Will LeBron James win the 2028 US Presidential Election?"", ""slug"": ""will-lebron-james-win-the-2028-us-presidential-election"", ""icon"": ""https://polymarket-upload.s3.us-east-2.amazonaws.com/Lebron_James.png"", ""eventSlug"": ""presidential-election-winner-2028"", ""outcome"": ""Yes"", ""outcomeIndex"": 0, ""name"": ""0x9126b8dd4625e8dC5bb49B857E756F1e0851FB8C-1770220245285"", ""pseudonym"": ""Muffled-Magnitude"", ""bio"": """", ""profileImage"": """", ""profileImageOptimized"": """", ""transactionHash"": ""0xfe8735658f15091f2ad1996c4f0051dd0c8c9c63d521d92f5c702c4872edd4bb""}"
1770536293,2026-02-14T01:58:34.099393,0xd38094ccb13d0f5e58693770c81b32bc69d89460e94fb2f12d9c2a6fb8b81bd1:1770536293,561251,39223330966352513418907732239455948906399882924787587183466504819170775983376,SELL,0.007,1070.5,7.4935,0xd38094ccb13d0f5e58693770c81b32bc69d89460e94fb2f12d9c2a6fb8b81bd1,"{""proxyWallet"": ""0xc76dc8310effd4ee08c996db4026139205e52c25"", ""side"": ""SELL"", ""asset"": ""39223330966352513418907732239455948906399882924787587183466504819170775983376"", ""conditionId"": ""0x836b850fc838195374862551a36f1c8691d96ff01e58b0a071f0fc1a0e357fb1"", ""size"": 1070.5, ""price"": 0.007, ""timestamp"": 1770536293, ""title"": ""Will LeBron James win the 2028 US Presidential Election?"", ""slug"": ""will-lebron-james-win-the-2028-us-presidential-election"", ""icon"": ""https://polymarket-upload.s3.us-east-2.amazonaws.com/Lebron_James.png"", ""eventSlug"": ""presidential-election-winner-2028"", ""outcome"": ""Yes"", ""outcomeIndex"": 0, ""name"": ""0xc76dC8310EffD4eE08C996dB4026139205E52C25-1760469096459"", ""pseudonym"": ""Regal-Vacation"", ""bio"": """", ""profileImage"": """", ""profileImageOptimized"": """", ""transactionHash"": ""0xd38094ccb13d0f5e58693770c81b32bc69d89460e94fb2f12d9c2a6fb8b81bd1""}"
1770535739,2026-02-14T01:58:34.099398,0x8efd2ccbfc10b1ed26b0b7a989aa64a6fd911ef4e930dcbf199735169c8eb6d7:1770535739,561251,39223330966352513418907732239455948906399882924787587183466504819170775983376,SELL,0.007,4467.5,31.2725,0x8efd2ccbfc10b1ed26b0b7a989aa64a6fd911ef4e930dcbf199735169c8eb6d7,"{""proxyWallet"": ""0x208351d525c4e9f53611182062fa7ca190b9c7eb"", ""side"": ""SELL"", ""asset"": ""39223330966352513418907732239455948906399882924787587183466504819170775983376"", ""conditionId"": ""0x836b850fc838195374862551a36f1c8691d96ff01e58b0a071f0fc1a0e357fb1"", ""size"": 4467.5, ""price"": 0.007, ""timestamp"": 1770535739, ""title"": ""Will LeBron James win the 2028 US Presidential Election?"", ""slug"": ""will-lebron-james-win-the-2028-us-presidential-election"", ""icon"": ""https://polymarket-upload.s3.us-east-2.amazonaws.com/Lebron_James.png"", ""eventSlug"": ""presidential-election-winner-2028"", ""outcome"": ""Yes"", ""outcomeIndex"": 0, ""name"": ""0x208351D525c4e9f53611182062FA7ca190b9C7eb-1770229230063"", ""pseudonym"": ""Enchanted-Caption"", ""bio"": """", ""profileImage"": """", ""profileImageOptimized"": """", ""transactionHash"": ""0x8efd2ccbfc10b1ed26b0b7a989aa64a6fd911ef4e930dcbf199735169c8eb6d7""}"
1770535731,2026-02-14T01:58:34.099404,0x14f6681c5406093a5288357098366720106b3f2feaa8fc660d54088cac29cb59:1770535731,561251,39223330966352513418907732239455948906399882924787587183466504819170775983376,SELL,0.007,4837.5,33.8625,0x14f6681c5406093a5288357098366720106b3f2feaa8fc660d54088cac29cb59,"{""proxyWallet"": ""0x28c8215742b52a4315ec41e4c89898e0509e708e"", ""side"": ""SELL"", ""asset"": ""39223330966352513418907732239455948906399882924787587183466504819170775983376"", ""conditionId"": ""0x836b850fc838195374862551a36f1c8691d96ff01e58b0a071f0fc1a0e357fb1"", ""size"": 4837.5, ""price"": 0.007, ""timestamp"": 1770535731, ""title"": ""Will LeBron James win the 2028 US Presidential Election?"", ""slug"": ""will-lebron-james-win-the-2028-us-presidential-election"", ""icon"": ""https://polymarket-upload.s3.us-east-2.amazonaws.com/Lebron_James.png"", ""eventSlug"": ""presidential-election-winner-2028"", ""outcome"": ""Yes"", ""outcomeIndex"": 0, ""name"": ""0x28C8215742B52a4315EC41e4c89898e0509E708E-1769680243918"", ""pseudonym"": ""Far-Flung-Pug"", ""bio"": """", ""profileImage"": """", ""profileImageOptimized"": """", ""transactionHash"": ""0x14f6681c5406093a5288357098366720106b3f2feaa8fc660d54088cac29cb59""}"
1770528297,2026-02-14T01:58:34.099411,0x42280a85d147a887abc4d7663d7f728fe825058766af973255dd8456910f7544:1770528297,561251,39223330966352513418907732239455948906399882924787587183466504819170775983376,SELL,0.007,140.0,0.98,0x42280a85d147a887abc4d7663d7f728fe825058766af973255dd8456910f7544,"{""proxyWallet"": ""0x39aef0a049c29c2529e47cefa04545f7327994f0"", ""side"": ""SELL"", ""asset"": ""39223330966352513418907732239455948906399882924787587183466504819170775983376"", ""conditionId"": ""0x836b850fc838195374862551a36f1c8691d96ff01e58b0a071f0fc1a0e357fb1"", ""size"": 140, ""price"": 0.007, ""timestamp"": 1770528297, ""title"": ""Will LeBron James win the 2028 US Presidential Election?"", ""slug"": ""will-lebron-james-win-the-2028-us-presidential-election"", ""icon"": ""https://polymarket-upload.s3.us-east-2.amazonaws.com/Lebron_James.png"", ""eventSlug"": ""presidential-election-winner-2028"", ""outcome"": ""Yes"", ""outcomeIndex"": 0, ""name"": ""jojore"", ""pseudonym"": ""Defiant-Mambo"", ""bio"": """", ""profileImage"": """", ""profileImageOptimized"": """", ""transactionHash"": ""0x42280a85d147a887abc4d7663d7f728fe825058766af973255dd8456910f7544""}"
1770528291,2026-02-14T01:58:34.099417,0x7dfad268c680f1612bf9e31cc917608e64bbfe1e2f889007e9a8e32b2336c828:1770528291,561251,39223330966352513418907732239455948906399882924787587183466504819170775983376,BUY,0.008,175.0,1.4000000000000001,0x7dfad268c680f1612bf9e31cc917608e64bbfe1e2f889007e9a8e32b2336c828,"{""proxyWallet"": ""0x39aef0a049c29c2529e47cefa04545f7327994f0"", ""side"": ""BUY"", ""asset"": ""39223330966352513418907732239455948906399882924787587183466504819170775983376"", ""conditionId"": ""0x836b850fc838195374862551a36f1c8691d96ff01e58b0a071f0fc1a0e357fb1"", ""size"": 175, ""price"": 0.008, ""timestamp"": 1770528291, ""title"": ""Will LeBron James win the 2028 US Presidential Election?"", ""slug"": ""will-lebron-james-win-the-2028-us-presidential-election"", ""icon"": ""https://polymarket-upload.s3.us-east-2.amazonaws.com/Lebron_James.png"", ""eventSlug"": ""presidential-election-winner-2028"", ""outcome"": ""Yes"", ""outcomeIndex"": 0, ""name"": ""jojore"", ""pseudonym"": ""Defiant-Mambo"", ""bio"": """", ""profileImage"": """", ""profileImageOptimized"": """", ""transactionHash"": ""0x7dfad268c680f1612bf9e31cc917608e64bbfe1e2f889007e9a8e32b2336c828""}"
1770528285,2026-02-14T01:58:34.099423,0x58c56c09cdf8d2bbce9f45317646d345f24643aca62eaf73158a7a93a4698db8:1770528285,561251,39223330966352513418907732239455948906399882924787587183466504819170775983376,SELL,0.007,140.0,0.98,0x58c56c09cdf8d2bbce9f45317646d345f24643aca62eaf73158a7a93a4698db8,"{""proxyWallet"": ""0x39aef0a049c29c2529e47cefa04545f7327994f0"", ""side"": ""SELL"", ""asset"": ""39223330966352513418907732239455948906399882924787587183466504819170775983376"", ""conditionId"": ""0x836b850fc838195374862551a36f1c8691d96ff01e58b0a071f0fc1a0e357fb1"", ""size"": 140, ""price"": 0.007, ""timestamp"": 1770528285, ""title"": ""Will LeBron James win the 2028 US Presidential Election?"", ""slug"": ""will-lebron-james-win-the-2028-us-presidential-election"", ""icon"": ""https://polymarket-upload.s3.us-east-2.amazonaws.com/Lebron_James.png"", ""eventSlug"": ""presidential-election-winner-2028"", ""outcome"": ""Yes"", ""outcomeIndex"": 0, ""name"": ""jojore"", ""pseudonym"": ""Defiant-Mambo"", ""bio"": """", ""profileImage"": """", ""profileImageOptimized"": """", ""transactionHash"": ""0x58c56c09cdf8d2bbce9f45317646d345f24643aca62eaf73158a7a93a4698db8""}"
1770528277,2026-02-14T01:58:34.099428,0xa66d303b80e0de72a4f39f11f0403798de487d8eedaef161accc269b0022d1ae:1770528277,561251,39223330966352513418907732239455948906399882924787587183466504819170775983376,BUY,0.008,175.0,1.4000000000000001,0xa66d303b80e0de72a4f39f11f0403798de487d8eedaef161accc269b0022d1ae,"{""proxyWallet"": ""0x39aef0a049c29c2529e47cefa04545f7327994f0"", ""side"": ""BUY"", ""asset"": ""39223330966352513418907732239455948906399882924787587183466504819170775983376"", ""conditionId"": ""0x836b850fc838195374862551a36f1c8691d96ff01e58b0a071f0fc1a0e357fb1"", ""size"": 175, ""price"": 0.008, ""timestamp"": 1770528277, ""title"": ""Will LeBron James win the 2028 US Presidential Election?"", ""slug"": ""will-lebron-james-win-the-2028-us-presidential-election"", ""icon"": ""https://polymarket-upload.s3.us-east-2.amazonaws.com/Lebron_James.png"", ""eventSlug"": ""presidential-election-winner-2028"", ""outcome"": ""Yes"", ""outcomeIndex"": 0, ""name"": ""jojore"", ""pseudonym"": ""Defiant-Mambo"", ""bio"": """", ""profileImage"": """", ""profileImageOptimized"": """", ""transactionHash"": ""0xa66d303b80e0de72a4f39f11f0403798de487d8eedaef161accc269b0022d1ae""}"
1770528271,2026-02-14T01:58:34.099434,0x2dca709d588aecedbab103c1473eb21bf8f71803a1e972aba09dce23354d54d3:1770528271,561251,39223330966352513418907732239455948906399882924787587183466504819170775983376,SELL,0.007,140.0,0.98,0x2dca709d588aecedbab103c1473eb21bf8f71803a1e972aba09dce23354d54d3,"{""proxyWallet"": ""0x39aef0a049c29c2529e47cefa04545f7327994f0"", ""side"": ""SELL"", ""asset"": ""39223330966352513418907732239455948906399882924787587183466504819170775983376"", ""conditionId"": ""0x836b850fc838195374862551a36f1c8691d96ff01e58b0a071f0fc1a0e357fb1"", ""size"": 140, ""price"": 0.007, ""timestamp"": 1770528271, ""title"": ""Will LeBron James win the 2028 US Presidential Election?"", ""slug"": ""will-lebron-james-win-the-2028-us-presidential-election"", ""icon"": ""https://polymarket-upload.s3.us-east-2.amazonaws.com/Lebron_James.png"", ""eventSlug"": ""presidential-election-winner-2028"", ""outcome"": ""Yes"", ""outcomeIndex"": 0, ""name"": ""jojore"", ""pseudonym"": ""Defiant-Mambo"", ""bio"": """", ""profileImage"": """", ""profileImageOptimized"": """", ""transactionHash"": ""0x2dca709d588aecedbab103c1473eb21bf8f71803a1e972aba09dce23354d54d3""}"
1770528237,2026-02-14T01:58:34.099440,0xdb7e3be9e4b6dda42b7598940fbb8fd7888a2f23a96a68e708d1f9c6ef970562:1770528237,561251,39223330966352513418907732239455948906399882924787587183466504819170775983376,SELL,0.007,140.0,0.98,0xdb7e3be9e4b6dda42b7598940fbb8fd7888a2f23a96a68e708d1f9c6ef970562,"{""proxyWallet"": ""0x39aef0a049c29c2529e47cefa04545f7327994f0"", ""side"": ""SELL"", ""asset"": ""39223330966352513418907732239455948906399882924787587183466504819170775983376"", ""conditionId"": ""0x836b850fc838195374862551a36f1c8691d96ff01e58b0a071f0fc1a0e357fb1"", ""size"": 140, ""price"": 0.007, ""timestamp"": 1770528237, ""title"": ""Will LeBron James win the 2028 US Presidential Election?"", ""slug"": ""will-lebron-james-win-the-2028-us-presidential-election"", ""icon"": ""https://polymarket-upload.s3.us-east-2.amazonaws.com/Lebron_James.png"", ""eventSlug"": ""presidential-election-winner-2028"", ""outcome"": ""Yes"", ""outcomeIndex"": 0, ""name"": ""jojore"", ""pseudonym"": ""Defiant-Mambo"", ""bio"": """", ""profileImage"": """", ""profileImageOptimized"": """", ""transactionHash"": ""0xdb7e3be9e4b6dda42b7598940fbb8fd7888a2f23a96a68e708d1f9c6ef970562""}"
1770528229,2026-02-14T01:58:34.099445,0x1fbc7ea7384f2a4774c4e4a37eae3369feeab0c839fd3b8bcbdbe40c84bd7f64:1770528229,561251,39223330966352513418907732239455948906399882924787587183466504819170775983376,BUY,0.008,175.0,1.4000000000000001,0x1fbc7ea7384f2a4774c4e4a37eae3369feeab0c839fd3b8bcbdbe40c84bd7f64,"{""proxyWallet"": ""0x39aef0a049c29c2529e47cefa04545f7327994f0"", ""side"": ""BUY"", ""asset"": ""39223330966352513418907732239455948906399882924787587183466504819170775983376"", ""conditionId"": ""0x836b850fc838195374862551a36f1c8691d96ff01e58b0a071f0fc1a0e357fb1"", ""size"": 175, ""price"": 0.008, ""timestamp"": 1770528229, ""title"": ""Will LeBron James win the 2028 US Presidential Election?"", ""slug"": ""will-lebron-james-win-the-2028-us-presidential-election"", ""icon"": ""https://polymarket-upload.s3.us-east-2.amazonaws.com/Lebron_James.png"", ""eventSlug"": ""presidential-election-winner-2028"", ""outcome"": ""Yes"", ""outcomeIndex"": 0, ""name"": ""jojore"", ""pseudonym"": ""Defiant-Mambo"", ""bio"": """", ""profileImage"": """", ""profileImageOptimized"": """", ""transactionHash"": ""0x1fbc7ea7384f2a4774c4e4a37eae3369feeab0c839fd3b8bcbdbe40c84bd7f64""}"
1770528223,2026-02-14T01:58:34.099452,0xd230bbdd926e976af4022a586eaa926810a0d3aeece02c723cdf2c12cb88a8f9:1770528223,561251,39223330966352513418907732239455948906399882924787587183466504819170775983376,SELL,0.007,140.0,0.98,0xd230bbdd926e976af4022a586eaa926810a0d3aeece02c723cdf2c12cb88a8f9,"{""proxyWallet"": ""0x39aef0a049c29c2529e47cefa04545f7327994f0"", ""side"": ""SELL"", ""asset"": ""39223330966352513418907732239455948906399882924787587183466504819170775983376"", ""conditionId"": ""0x836b850fc838195374862551a36f1c8691d96ff01e58b0a071f0fc1a0e357fb1"", ""size"": 140, ""price"": 0.007, ""timestamp"": 1770528223, ""title"": ""Will LeBron James win the 2028 US Presidential Election?"", ""slug"": ""will-lebron-james-win-the-2028-us-presidential-election"", ""icon"": ""https://polymarket-upload.s3.us-east-2.amazonaws.com/Lebron_James.png"", ""eventSlug"": ""presidential-election-winner-2028"", ""outcome"": ""Yes"", ""outcomeIndex"": 0, ""name"": ""jojore"", ""pseudonym"": ""Defiant-Mambo"", ""bio"": """", ""profileImage"": """", ""profileImageOptimized"": """", ""transactionHash"": ""0xd230bbdd926e976af4022a586eaa926810a0d3aeece02c723cdf2c12cb88a8f9""}"
1770528215,2026-02-14T01:58:34.099457,0xbeab16cbb7d3d61224d347899d0f20bdbfc5e64c63c1f7858f7ca9303161a3f2:1770528215,561251,39223330966352513418907732239455948906399882924787587183466504819170775983376,BUY,0.008,175.0,1.4000000000000001,0xbeab16cbb7d3d61224d347899d0f20bdbfc5e64c63c1f7858f7ca9303161a3f2,"{""proxyWallet"": ""0x39aef0a049c29c2529e47cefa04545f7327994f0"", ""side"": ""BUY"", ""asset"": ""39223330966352513418907732239455948906399882924787587183466504819170775983376"", ""conditionId"": ""0x836b850fc838195374862551a36f1c8691d96ff01e58b0a071f0fc1a0e357fb1"", ""size"": 175, ""price"": 0.008, ""timestamp"": 1770528215, ""title"": ""Will LeBron James win the 2028 US Presidential Election?"", ""slug"": ""will-lebron-james-win-the-2028-us-presidential-election"", ""icon"": ""https://polymarket-upload.s3.us-east-2.amazonaws.com/Lebron_James.png"", ""eventSlug"": ""presidential-election-winner-2028"", ""outcome"": ""Yes"", ""outcomeIndex"": 0, ""name"": ""jojore"", ""pseudonym"": ""Defiant-Mambo"", ""bio"": """", ""profileImage"": """", ""profileImageOptimized"": """", ""transactionHash"": ""0xbeab16cbb7d3d61224d347899d0f20bdbfc5e64c63c1f7858f7ca9303161a3f2""}"
1770528209,2026-02-14T01:58:34.099463,0x455c3b3faecd7f5d1c60feba7715edd91f4dd385dc24b1630fc6a870ac0351cd:1770528209,561251,39223330966352513418907732239455948906399882924787587183466504819170775983376,SELL,0.007,140.0,0.98,0x455c3b3faecd7f5d1c60feba7715edd91f4dd385dc24b1630fc6a870ac0351cd,"{""proxyWallet"": ""0x39aef0a049c29c2529e47cefa04545f7327994f0"", ""side"": ""SELL"", ""asset"": ""39223330966352513418907732239455948906399882924787587183466504819170775983376"", ""conditionId"": ""0x836b850fc838195374862551a36f1c8691d96ff01e58b0a071f0fc1a0e357fb1"", ""size"": 140, ""price"": 0.007, ""timestamp"": 1770528209, ""title"": ""Will LeBron James win the 2028 US Presidential Election?"", ""slug"": ""will-lebron-james-win-the-2028-us-presidential-election"", ""icon"": ""https://polymarket-upload.s3.us-east-2.amazonaws.com/Lebron_James.png"", ""eventSlug"": ""presidential-election-winner-2028"", ""outcome"": ""Yes"", ""outcomeIndex"": 0, ""name"": ""jojore"", ""pseudonym"": ""Defiant-Mambo"", ""bio"": """", ""profileImage"": """", ""profileImageOptimized"": """", ""transactionHash"": ""0x455c3b3faecd7f5d1c60feba7715edd91f4dd385dc24b1630fc6a870ac0351cd""}"
1770527757,2026-02-14T01:58:35.432134,0x15bdb4e1deb8c06bccdd7d977e2a11ab8dd3911003104edd76b09edc6c703b34:1770527757,561251,39223330966352513418907732239455948906399882924787587183466504819170775983376,SELL,0.007,140.0,0.98,0x15bdb4e1deb8c06bccdd7d977e2a11ab8dd3911003104edd76b09edc6c703b34,"{""proxyWallet"": ""0x39aef0a049c29c2529e47cefa04545f7327994f0"", ""side"": ""SELL"", ""asset"": ""39223330966352513418907732239455948906399882924787587183466504819170775983376"", ""conditionId"": ""0x836b850fc838195374862551a36f1c8691d96ff01e58b0a071f0fc1a0e357fb1"", ""size"": 140, ""price"": 0.007, ""timestamp"": 1770527757, ""title"": ""Will LeBron James win the 2028 US Presidential Election?"", ""slug"": ""will-lebron-james-win-the-2028-us-presidential-election"", ""icon"": ""https://polymarket-upload.s3.us-east-2.amazonaws.com/Lebron_James.png"", ""eventSlug"": ""presidential-election-winner-2028"", ""outcome"": ""Yes"", ""outcomeIndex"": 0, ""name"": ""jojore"", ""pseudonym"": ""Defiant-Mambo"", ""bio"": """", ""profileImage"": """", ""profileImageOptimized"": """", ""transactionHash"": ""0x15bdb4e1deb8c06bccdd7d977e2a11ab8dd3911003104edd76b09edc6c703b34""}"
1770527717,2026-02-14T01:58:35.432199,0xec7ace82003a7f8233649718d81dcdc115b31f777cc792c672f8084873f04bea:1770527717,561251,39223330966352513418907732239455948906399882924787587183466504819170775983376,BUY,0.008,175.0,1.4000000000000001,0xec7ace82003a7f8233649718d81dcdc115b31f777cc792c672f8084873f04bea,"{""proxyWallet"": ""0x39aef0a049c29c2529e47cefa04545f7327994f0"", ""side"": ""BUY"", ""asset"": ""39223330966352513418907732239455948906399882924787587183466504819170775983376"", ""conditionId"": ""0x836b850fc838195374862551a36f1c8691d96ff01e58b0a071f0fc1a0e357fb1"", ""size"": 175, ""price"": 0.008, ""timestamp"": 1770527717, ""title"": ""Will LeBron James win the 2028 US Presidential Election?"", ""slug"": ""will-lebron-james-win-the-2028-us-presidential-election"", ""icon"": ""https://polymarket-upload.s3.us-east-2.amazonaws.com/Lebron_James.png"", ""eventSlug"": ""presidential-election-winner-2028"", ""outcome"": ""Yes"", ""outcomeIndex"": 0, ""name"": ""jojore"", ""pseudonym"": ""Defiant-Mambo"", ""bio"": """", ""profileImage"": """", ""profileImageOptimized"": """", ""transactionHash"": ""0xec7ace82003a7f8233649718d81dcdc115b31f777cc792c672f8084873f04bea""}"
1770527673,2026-02-14T01:58:35.432217,0x62334c5d00353fa788853be651910fa0ee055be0ea497730d6c8723f16d94e3b:1770527673,561251,39223330966352513418907732239455948906399882924787587183466504819170775983376,SELL,0.007,140.0,0.98,0x62334c5d00353fa788853be651910fa0ee055be0ea497730d6c8723f16d94e3b,"{""proxyWallet"": ""0x39aef0a049c29c2529e47cefa04545f7327994f0"", ""side"": ""SELL"", ""asset"": ""39223330966352513418907732239455948906399882924787587183466504819170775983376"", ""conditionId"": ""0x836b850fc838195374862551a36f1c8691d96ff01e58b0a071f0fc1a0e357fb1"", ""size"": 140, ""price"": 0.007, ""timestamp"": 1770527673, ""title"": ""Will LeBron James win the 2028 US Presidential Election?"", ""slug"": ""will-lebron-james-win-the-2028-us-presidential-election"", ""icon"": ""https://polymarket-upload.s3.us-east-2.amazonaws.com/Lebron_James.png"", ""eventSlug"": ""presidential-election-winner-2028"", ""outcome"": ""Yes"", ""outcomeIndex"": 0, ""name"": ""jojore"", ""pseudonym"": ""Defiant-Mambo"", ""bio"": """", ""profileImage"": """", ""profileImageOptimized"": """", ""transactionHash"": ""0x62334c5d00353fa788853be651910fa0ee055be0ea497730d6c8723f16d94e3b""}"
1770527631,2026-02-14T01:58:35.432232,0xa356ced615816f7849c8863ef7c95653bf70daa0c59c52f48b1c87763da81096:1770527631,561251,39223330966352513418907732239455948906399882924787587183466504819170775983376,BUY,0.008,175.0,1.4000000000000001,0xa356ced615816f7849c8863ef7c95653bf70daa0c59c52f48b1c87763da81096,"{""proxyWallet"": ""0x39aef0a049c29c2529e47cefa04545f7327994f0"", ""side"": ""BUY"", ""asset"": ""39223330966352513418907732239455948906399882924787587183466504819170775983376"", ""conditionId"": ""0x836b850fc838195374862551a36f1c8691d96ff01e58b0a071f0fc1a0e357fb1"", ""size"": 175, ""price"": 0.008, ""timestamp"": 1770527631, ""title"": ""Will LeBron James win the 2028 US Presidential Election?"", ""slug"": ""will-lebron-james-win-the-2028-us-presidential-election"", ""icon"": ""https://polymarket-upload.s3.us-east-2.amazonaws.com/Lebron_James.png"", ""eventSlug"": ""presidential-election-winner-2028"", ""outcome"": ""Yes"", ""outcomeIndex"": 0, ""name"": ""jojore"", ""pseudonym"": ""Defiant-Mambo"", ""bio"": """", ""profileImage"": """", ""profileImageOptimized"": """", ""transactionHash"": ""0xa356ced615816f7849c8863ef7c95653bf70daa0c59c52f48b1c87763da81096""}"
1770527579,2026-02-14T01:58:35.432246,0x9d271cc5c8b030209c560af02bab241eedf5d19fbc7affaa6ce52f4983b79718:1770527579,561251,39223330966352513418907732239455948906399882924787587183466504819170775983376,SELL,0.007,140.0,0.98,0x9d271cc5c8b030209c560af02bab241eedf5d19fbc7affaa6ce52f4983b79718,"{""proxyWallet"": ""0x39aef0a049c29c2529e47cefa04545f7327994f0"", ""side"": ""SELL"", ""asset"": ""39223330966352513418907732239455948906399882924787587183466504819170775983376"", ""conditionId"": ""0x836b850fc838195374862551a36f1c8691d96ff01e58b0a071f0fc1a0e357fb1"", ""size"": 140, ""price"": 0.007, ""timestamp"": 1770527579, ""title"": ""Will LeBron James win the 2028 US Presidential Election?"", ""slug"": ""will-lebron-james-win-the-2028-us-presidential-election"", ""icon"": ""https://polymarket-upload.s3.us-east-2.amazonaws.com/Lebron_James.png"", ""eventSlug"": ""presidential-election-winner-2028"", ""outcome"": ""Yes"", ""outcomeIndex"": 0, ""name"": ""jojore"", ""pseudonym"": ""Defiant-Mambo"", ""bio"": """", ""profileImage"": """", ""profileImageOptimized"": """", ""transactionHash"": ""0x9d271cc5c8b030209c560af02bab241eedf5d19fbc7affaa6ce52f4983b79718""}"
1770527139,2026-02-14T01:58:35.432260,0xdb1b8086f74b84ca1d94e592334b23b757cb558f0384c501bb41688c64c7bd5c:1770527139,561251,39223330966352513418907732239455948906399882924787587183466504819170775983376,SELL,0.007,140.0,0.98,0xdb1b8086f74b84ca1d94e592334b23b757cb558f0384c501bb41688c64c7bd5c,"{""proxyWallet"": ""0x39aef0a049c29c2529e47cefa04545f7327994f0"", ""side"": ""SELL"", ""asset"": ""39223330966352513418907732239455948906399882924787587183466504819170775983376"", ""conditionId"": ""0x836b850fc838195374862551a36f1c8691d96ff01e58b0a071f0fc1a0e357fb1"", ""size"": 140, ""price"": 0.007, ""timestamp"": 1770527139, ""title"": ""Will LeBron James win the 2028 US Presidential Election?"", ""slug"": ""will-lebron-james-win-the-2028-us-presidential-election"", ""icon"": ""https://polymarket-upload.s3.us-east-2.amazonaws.com/Lebron_James.png"", ""eventSlug"": ""presidential-election-winner-2028"", ""outcome"": ""Yes"", ""outcomeIndex"": 0, ""name"": ""jojore"", ""pseudonym"": ""Defiant-Mambo"", ""bio"": """", ""profileImage"": """", ""profileImageOptimized"": """", ""transactionHash"": ""0xdb1b8086f74b84ca1d94e592334b23b757cb558f0384c501bb41688c64c7bd5c""}"
1770527131,2026-02-14T01:58:35.432274,0xf6ea43def272226ac9eb1a913f1403badae92312f3b08aabc49a3232141278ff:1770527131,561251,39223330966352513418907732239455948906399882924787587183466504819170775983376,BUY,0.008,175.0,1.4000000000000001,0xf6ea43def272226ac9eb1a913f1403badae92312f3b08aabc49a3232141278ff,"{""proxyWallet"": ""0x39aef0a049c29c2529e47cefa04545f7327994f0"", ""side"": ""BUY"", ""asset"": ""39223330966352513418907732239455948906399882924787587183466504819170775983376"", ""conditionId"": ""0x836b850fc838195374862551a36f1c8691d96ff01e58b0a071f0fc1a0e357fb1"", ""size"": 175, ""price"": 0.008, ""timestamp"": 1770527131, ""title"": ""Will LeBron James win the 2028 US Presidential Election?"", ""slug"": ""will-lebron-james-win-the-2028-us-presidential-election"", ""icon"": ""https://polymarket-upload.s3.us-east-2.amazonaws.com/Lebron_James.png"", ""eventSlug"": ""presidential-election-winner-2028"", ""outcome"": ""Yes"", ""outcomeIndex"": 0, ""name"": ""jojore"", ""pseudonym"": ""Defiant-Mambo"", ""bio"": """", ""profileImage"": """", ""profileImageOptimized"": """", ""transactionHash"": ""0xf6ea43def272226ac9eb1a913f1403badae92312f3b08aabc49a3232141278ff""}"
1770527125,2026-02-14T01:58:35.432288,0xab5fff25458827b230fd47ce04ce7a48a135e644bcc82dab6ebd1a1356fc89de:1770527125,561251,39223330966352513418907732239455948906399882924787587183466504819170775983376,SELL,0.007,140.0,0.98,0xab5fff25458827b230fd47ce04ce7a48a135e644bcc82dab6ebd1a1356fc89de,"{""proxyWallet"": ""0x39aef0a049c29c2529e47cefa04545f7327994f0"", ""side"": ""SELL"", ""asset"": ""39223330966352513418907732239455948906399882924787587183466504819170775983376"", ""conditionId"": ""0x836b850fc838195374862551a36f1c8691d96ff01e58b0a071f0fc1a0e357fb1"", ""size"": 140, ""price"": 0.007, ""timestamp"": 1770527125, ""title"": ""Will LeBron James win the 2028 US Presidential Election?"", ""slug"": ""will-lebron-james-win-the-2028-us-presidential-election"", ""icon"": ""https://polymarket-upload.s3.us-east-2.amazonaws.com/Lebron_James.png"", ""eventSlug"": ""presidential-election-winner-2028"", ""outcome"": ""Yes"", ""outcomeIndex"": 0, ""name"": ""jojore"", ""pseudonym"": ""Defiant-Mambo"", ""bio"": """", ""profileImage"": """", ""profileImageOptimized"": """", ""transactionHash"": ""0xab5fff25458827b230fd47ce04ce7a48a135e644bcc82dab6ebd1a1356fc89de""}"
1770527119,2026-02-14T01:58:35.432301,0xe82a7a83626da5c89593b6c8a437ccdca77e8d291de5fe67a031f745562a9e66:1770527119,561251,39223330966352513418907732239455948906399882924787587183466504819170775983376,BUY,0.008,175.0,1.4000000000000001,0xe82a7a83626da5c89593b6c8a437ccdca77e8d291de5fe67a031f745562a9e66,"{""proxyWallet"": ""0x39aef0a049c29c2529e47cefa04545f7327994f0"", ""side"": ""BUY"", ""asset"": ""39223330966352513418907732239455948906399882924787587183466504819170775983376"", ""conditionId"": ""0x836b850fc838195374862551a36f1c8691d96ff01e58b0a071f0fc1a0e357fb1"", ""size"": 175, ""price"": 0.008, ""timestamp"": 1770527119, ""title"": ""Will LeBron James win the 2028 US Presidential Election?"", ""slug"": ""will-lebron-james-win-the-2028-us-presidential-election"", ""icon"": ""https://polymarket-upload.s3.us-east-2.amazonaws.com/Lebron_James.png"", ""eventSlug"": ""presidential-election-winner-2028"", ""outcome"": ""Yes"", ""outcomeIndex"": 0, ""name"": ""jojore"", ""pseudonym"": ""Defiant-Mambo"", ""bio"": """", ""profileImage"": """", ""profileImageOptimized"": """", ""transactionHash"": ""0xe82a7a83626da5c89593b6c8a437ccdca77e8d291de5fe67a031f745562a9e66""}"
1770527109,2026-02-14T01:58:35.432316,0x979e3fc6558ae96a25213edd6018a94db18b6d3296a93a7dca602e2c25eb2752:1770527109,561251,39223330966352513418907732239455948906399882924787587183466504819170775983376,SELL,0.007,140.0,0.98,0x979e3fc6558ae96a25213edd6018a94db18b6d3296a93a7dca602e2c25eb2752,"{""proxyWallet"": ""0x39aef0a049c29c2529e47cefa04545f7327994f0"", ""side"": ""SELL"", ""asset"": ""39223330966352513418907732239455948906399882924787587183466504819170775983376"", ""conditionId"": ""0x836b850fc838195374862551a36f1c8691d96ff01e58b0a071f0fc1a0e357fb1"", ""size"": 140, ""price"": 0.007, ""timestamp"": 1770527109, ""title"": ""Will LeBron James win the 2028 US Presidential Election?"", ""slug"": ""will-lebron-james-win-the-2028-us-presidential-election"", ""icon"": ""https://polymarket-upload.s3.us-east-2.amazonaws.com/Lebron_James.png"", ""eventSlug"": ""presidential-election-winner-2028"", ""outcome"": ""Yes"", ""outcomeIndex"": 0, ""name"": ""jojore"", ""pseudonym"": ""Defiant-Mambo"", ""bio"": """", ""profileImage"": """", ""profileImageOptimized"": """", ""transactionHash"": ""0x979e3fc6558ae96a25213edd6018a94db18b6d3296a93a7dca602e2c25eb2752""}"
1770525403,2026-02-14T01:58:35.432332,0x428deead051edb330385c0bfde54d3512ab5f90c2ca83a99792c7d25493f9efa:1770525403,561251,39223330966352513418907732239455948906399882924787587183466504819170775983376,SELL,0.007,83.0,0.581,0x428deead051edb330385c0bfde54d3512ab5f90c2ca83a99792c7d25493f9efa,"{""proxyWallet"": ""0x8e2911a2727ae87ed08af65a134992ce87c48a71"", ""side"": ""SELL"", ""asset"": ""39223330966352513418907732239455948906399882924787587183466504819170775983376"", ""conditionId"": ""0x836b850fc838195374862551a36f1c8691d96ff01e58b0a071f0fc1a0e357fb1"", ""size"": 83, ""price"": 0.007, ""timestamp"": 1770525403, ""title"": ""Will LeBron James win the 2028 US Presidential Election?"", ""slug"": ""will-lebron-james-win-the-2028-us-presidential-election"", ""icon"": ""https://polymarket-upload.s3.us-east-2.amazonaws.com/Lebron_James.png"", ""eventSlug"": ""presidential-election-winner-2028"", ""outcome"": ""Yes"", ""outcomeIndex"": 0, ""name"": ""heidi36"", ""pseudonym"": ""Artistic-Stack"", ""bio"": """", ""profileImage"": """", ""profileImageOptimized"": """", ""transactionHash"": ""0x428deead051edb330385c0bfde54d3512ab5f90c2ca83a99792c7d25493f9efa""}"
1770519885,2026-02-14T01:58:35.432347,0x296f10cc77f650c940afa05c882052fff192f2d648b70c21336b5e40d3751dc8:1770519885,561251,39223330966352513418907732239455948906399882924787587183466504819170775983376,SELL,0.007,140.0,0.98,0x296f10cc77f650c940afa05c882052fff192f2d648b70c21336b5e40d3751dc8,"{""proxyWallet"": ""0x39aef0a049c29c2529e47cefa04545f7327994f0"", ""side"": ""SELL"", ""asset"": ""39223330966352513418907732239455948906399882924787587183466504819170775983376"", ""conditionId"": ""0x836b850fc838195374862551a36f1c8691d96ff01e58b0a071f0fc1a0e357fb1"", ""size"": 140, ""price"": 0.007, ""timestamp"": 1770519885, ""title"": ""Will LeBron James win the 2028 US Presidential Election?"", ""slug"": ""will-lebron-james-win-the-2028-us-presidential-election"", ""icon"": ""https://polymarket-upload.s3.us-east-2.amazonaws.com/Lebron_James.png"", ""eventSlug"": ""presidential-election-winner-2028"", ""outcome"": ""Yes"", ""outcomeIndex"": 0, ""name"": ""jojore"", ""pseudonym"": ""Defiant-Mambo"", ""bio"": """", ""profileImage"": """", ""profileImageOptimized"": """", ""transactionHash"": ""0x296f10cc77f650c940afa05c882052fff192f2d648b70c21336b5e40d3751dc8""}"
1770519871,2026-02-14T01:58:35.432364,0x968896a63cc18d82d9f4932c2091c0b5cc5399ab37860c4aa0ddd3e2a9334efa:1770519871,561251,39223330966352513418907732239455948906399882924787587183466504819170775983376,BUY,0.008,175.0,1.4000000000000001,0x968896a63cc18d82d9f4932c2091c0b5cc5399ab37860c4aa0ddd3e2a9334efa,"{""proxyWallet"": ""0x39aef0a049c29c2529e47cefa04545f7327994f0"", ""side"": ""BUY"", ""asset"": ""39223330966352513418907732239455948906399882924787587183466504819170775983376"", ""conditionId"": ""0x836b850fc838195374862551a36f1c8691d96ff01e58b0a071f0fc1a0e357fb1"", ""size"": 175, ""price"": 0.008, ""timestamp"": 1770519871, ""title"": ""Will LeBron James win the 2028 US Presidential Election?"", ""slug"": ""will-lebron-james-win-the-2028-us-presidential-election"", ""icon"": ""https://polymarket-upload.s3.us-east-2.amazonaws.com/Lebron_James.png"", ""eventSlug"": ""presidential-election-winner-2028"", ""outcome"": ""Yes"", ""outcomeIndex"": 0, ""name"": ""jojore"", ""pseudonym"": ""Defiant-Mambo"", ""bio"": """", ""profileImage"": """", ""profileImageOptimized"": """", ""transactionHash"": ""0x968896a63cc18d82d9f4932c2091c0b5cc5399ab37860c4aa0ddd3e2a9334efa""}"
1770519861,2026-02-14T01:58:35.432393,0xb72d41d80523312a48367c293196a70c45f86286df39edb815141a2314e35ca8:1770519861,561251,39223330966352513418907732239455948906399882924787587183466504819170775983376,SELL,0.007,140.0,0.98,0xb72d41d80523312a48367c293196a70c45f86286df39edb815141a2314e35ca8,"{""proxyWallet"": ""0x39aef0a049c29c2529e47cefa04545f7327994f0"", ""side"": ""SELL"", ""asset"": ""39223330966352513418907732239455948906399882924787587183466504819170775983376"", ""conditionId"": ""0x836b850fc838195374862551a36f1c8691d96ff01e58b0a071f0fc1a0e357fb1"", ""size"": 140, ""price"": 0.007, ""timestamp"": 1770519861, ""title"": ""Will LeBron James win the 2028 US Presidential Election?"", ""slug"": ""will-lebron-james-win-the-2028-us-presidential-election"", ""icon"": ""https://polymarket-upload.s3.us-east-2.amazonaws.com/Lebron_James.png"", ""eventSlug"": ""presidential-election-winner-2028"", ""outcome"": ""Yes"", ""outcomeIndex"": 0, ""name"": ""jojore"", ""pseudonym"": ""Defiant-Mambo"", ""bio"": """", ""profileImage"": """", ""profileImageOptimized"": """", ""transactionHash"": ""0xb72d41d80523312a48367c293196a70c45f86286df39edb815141a2314e35ca8""}"
1770519853,2026-02-14T01:58:35.432407,0xdd1fe1569a67459c4418a5144aec098f3f28853cd2763bf6ef884b2f8c228048:1770519853,561251,39223330966352513418907732239455948906399882924787587183466504819170775983376,BUY,0.008,175.0,1.4000000000000001,0xdd1fe1569a67459c4418a5144aec098f3f28853cd2763bf6ef884b2f8c228048,"{""proxyWallet"": ""0x39aef0a049c29c2529e47cefa04545f7327994f0"", ""side"": ""BUY"", ""asset"": ""39223330966352513418907732239455948906399882924787587183466504819170775983376"", ""conditionId"": ""0x836b850fc838195374862551a36f1c8691d96ff01e58b0a071f0fc1a0e357fb1"", ""size"": 175, ""price"": 0.008, ""timestamp"": 1770519853, ""title"": ""Will LeBron James win the 2028 US Presidential Election?"", ""slug"": ""will-lebron-james-win-the-2028-us-presidential-election"", ""icon"": ""https://polymarket-upload.s3.us-east-2.amazonaws.com/Lebron_James.png"", ""eventSlug"": ""presidential-election-winner-2028"", ""outcome"": ""Yes"", ""outcomeIndex"": 0, ""name"": ""jojore"", ""pseudonym"": ""Defiant-Mambo"", ""bio"": """", ""profileImage"": """", ""profileImageOptimized"": """", ""transactionHash"": ""0xdd1fe1569a67459c4418a5144aec098f3f28853cd2763bf6ef884b2f8c228048""}"
1770519845,2026-02-14T01:58:35.432420,0x40801b0726ce22361694d4cef550f5025f0817d739da04e5d064bac508c20247:1770519845,561251,39223330966352513418907732239455948906399882924787587183466504819170775983376,SELL,0.007,140.0,0.98,0x40801b0726ce22361694d4cef550f5025f0817d739da04e5d064bac508c20247,"{""proxyWallet"": ""0x39aef0a049c29c2529e47cefa04545f7327994f0"", ""side"": ""SELL"", ""asset"": ""39223330966352513418907732239455948906399882924787587183466504819170775983376"", ""conditionId"": ""0x836b850fc838195374862551a36f1c8691d96ff01e58b0a071f0fc1a0e357fb1"", ""size"": 140, ""price"": 0.007, ""timestamp"": 1770519845, ""title"": ""Will LeBron James win the 2028 US Presidential Election?"", ""slug"": ""will-lebron-james-win-the-2028-us-presidential-election"", ""icon"": ""https://polymarket-upload.s3.us-east-2.amazonaws.com/Lebron_James.png"", ""eventSlug"": ""presidential-election-winner-2028"", ""outcome"": ""Yes"", ""outcomeIndex"": 0, ""name"": ""jojore"", ""pseudonym"": ""Defiant-Mambo"", ""bio"": """", ""profileImage"": """", ""profileImageOptimized"": """", ""transactionHash"": ""0x40801b0726ce22361694d4cef550f5025f0817d739da04e5d064bac508c20247""}"
1770519837,2026-02-14T01:58:35.432433,0xcb12cedc6bfcb70ed5075cd2fd02dcce5ba3876a1c7ffb35aa3f933b4b1846f8:1770519837,561251,39223330966352513418907732239455948906399882924787587183466504819170775983376,BUY,0.008,175.0,1.4000000000000001,0xcb12cedc6bfcb70ed5075cd2fd02dcce5ba3876a1c7ffb35aa3f933b4b1846f8,"{""proxyWallet"": ""0x39aef0a049c29c2529e47cefa04545f7327994f0"", ""side"": ""BUY"", ""asset"": ""39223330966352513418907732239455948906399882924787587183466504819170775983376"", ""conditionId"": ""0x836b850fc838195374862551a36f1c8691d96ff01e58b0a071f0fc1a0e357fb1"", ""size"": 175, ""price"": 0.008, ""timestamp"": 1770519837, ""title"": ""Will LeBron James win the 2028 US Presidential Election?"", ""slug"": ""will-lebron-james-win-the-2028-us-presidential-election"", ""icon"": ""https://polymarket-upload.s3.us-east-2.amazonaws.com/Lebron_James.png"", ""eventSlug"": ""presidential-election-winner-2028"", ""outcome"": ""Yes"", ""outcomeIndex"": 0, ""name"": ""jojore"", ""pseudonym"": ""Defiant-Mambo"", ""bio"": """", ""profileImage"": """", ""profileImageOptimized"": """", ""transactionHash"": ""0xcb12cedc6bfcb70ed5075cd2fd02dcce5ba3876a1c7ffb35aa3f933b4b1846f8""}"
1770519829,2026-02-14T01:58:35.432447,0xccc54b19c2f0cc5327d0897ed4bb2791f5ec42eac1c846339c32e857395d3eae:1770519829,561251,39223330966352513418907732239455948906399882924787587183466504819170775983376,SELL,0.007,140.0,0.98,0xccc54b19c2f0cc5327d0897ed4bb2791f5ec42eac1c846339c32e857395d3eae,"{""proxyWallet"": ""0x39aef0a049c29c2529e47cefa04545f7327994f0"", ""side"": ""SELL"", ""asset"": ""39223330966352513418907732239455948906399882924787587183466504819170775983376"", ""conditionId"": ""0x836b850fc838195374862551a36f1c8691d96ff01e58b0a071f0fc1a0e357fb1"", ""size"": 140, ""price"": 0.007, ""timestamp"": 1770519829, ""title"": ""Will LeBron James win the 2028 US Presidential Election?"", ""slug"": ""will-lebron-james-win-the-2028-us-presidential-election"", ""icon"": ""https://polymarket-upload.s3.us-east-2.amazonaws.com/Lebron_James.png"", ""eventSlug"": ""presidential-election-winner-2028"", ""outcome"": ""Yes"", ""outcomeIndex"": 0, ""name"": ""jojore"", ""pseudonym"": ""Defiant-Mambo"", ""bio"": """", ""profileImage"": """", ""profileImageOptimized"": """", ""transactionHash"": ""0xccc54b19c2f0cc5327d0897ed4bb2791f5ec42eac1c846339c32e857395d3eae""}"
1770519823,2026-02-14T01:58:35.432462,0x148759b54ed2e2d756b5993df1ce3647e42736ba93c581dc01f1ef21bed2d435:1770519823,561251,39223330966352513418907732239455948906399882924787587183466504819170775983376,SELL,0.007,140.0,0.98,0x148759b54ed2e2d756b5993df1ce3647e42736ba93c581dc01f1ef21bed2d435,"{""proxyWallet"": ""0x39aef0a049c29c2529e47cefa04545f7327994f0"", ""side"": ""SELL"", ""asset"": ""39223330966352513418907732239455948906399882924787587183466504819170775983376"", ""conditionId"": ""0x836b850fc838195374862551a36f1c8691d96ff01e58b0a071f0fc1a0e357fb1"", ""size"": 140, ""price"": 0.007, ""timestamp"": 1770519823, ""title"": ""Will LeBron James win the 2028 US Presidential Election?"", ""slug"": ""will-lebron-james-win-the-2028-us-presidential-election"", ""icon"": ""https://polymarket-upload.s3.us-east-2.amazonaws.com/Lebron_James.png"", ""eventSlug"": ""presidential-election-winner-2028"", ""outcome"": ""Yes"", ""outcomeIndex"": 0, ""name"": ""jojore"", ""pseudonym"": ""Defiant-Mambo"", ""bio"": """", ""profileImage"": """", ""profileImageOptimized"": """", ""transactionHash"": ""0x148759b54ed2e2d756b5993df1ce3647e42736ba93c581dc01f1ef21bed2d435""}"
1770519817,2026-02-14T01:58:35.432477,0xbc28e87b8b6eb042e7172f6b3d1f7ddd46034d4600c5bfa6796d69c01a2a76a2:1770519817,561251,39223330966352513418907732239455948906399882924787587183466504819170775983376,BUY,0.008,175.0,1.4000000000000001,0xbc28e87b8b6eb042e7172f6b3d1f7ddd46034d4600c5bfa6796d69c01a2a76a2,"{""proxyWallet"": ""0x39aef0a049c29c2529e47cefa04545f7327994f0"", ""side"": ""BUY"", ""asset"": ""39223330966352513418907732239455948906399882924787587183466504819170775983376"", ""conditionId"": ""0x836b850fc838195374862551a36f1c8691d96ff01e58b0a071f0fc1a0e357fb1"", ""size"": 175, ""price"": 0.008, ""timestamp"": 1770519817, ""title"": ""Will LeBron James win the 2028 US Presidential Election?"", ""slug"": ""will-lebron-james-win-the-2028-us-presidential-election"", ""icon"": ""https://polymarket-upload.s3.us-east-2.amazonaws.com/Lebron_James.png"", ""eventSlug"": ""presidential-election-winner-2028"", ""outcome"": ""Yes"", ""outcomeIndex"": 0, ""name"": ""jojore"", ""pseudonym"": ""Defiant-Mambo"", ""bio"": """", ""profileImage"": """", ""profileImageOptimized"": """", ""transactionHash"": ""0xbc28e87b8b6eb042e7172f6b3d1f7ddd46034d4600c5bfa6796d69c01a2a76a2""}"
1770519811,2026-02-14T01:58:35.432491,0xadf85ccceef18f9acfafb1415733de84abc726d3cd36735165928126b7f75eda:1770519811,561251,39223330966352513418907732239455948906399882924787587183466504819170775983376,SELL,0.007,140.0,0.98,0xadf85ccceef18f9acfafb1415733de84abc726d3cd36735165928126b7f75eda,"{""proxyWallet"": ""0x39aef0a049c29c2529e47cefa04545f7327994f0"", ""side"": ""SELL"", ""asset"": ""39223330966352513418907732239455948906399882924787587183466504819170775983376"", ""conditionId"": ""0x836b850fc838195374862551a36f1c8691d96ff01e58b0a071f0fc1a0e357fb1"", ""size"": 140, ""price"": 0.007, ""timestamp"": 1770519811, ""title"": ""Will LeBron James win the 2028 US Presidential Election?"", ""slug"": ""will-lebron-james-win-the-2028-us-presidential-election"", ""icon"": ""https://polymarket-upload.s3.us-east-2.amazonaws.com/Lebron_James.png"", ""eventSlug"": ""presidential-election-winner-2028"", ""outcome"": ""Yes"", ""outcomeIndex"": 0, ""name"": ""jojore"", ""pseudonym"": ""Defiant-Mambo"", ""bio"": """", ""profileImage"": """", ""profileImageOptimized"": """", ""transactionHash"": ""0xadf85ccceef18f9acfafb1415733de84abc726d3cd36735165928126b7f75eda""}"
1770519805,2026-02-14T01:58:35.432504,0x5bb4b372ad6e1e5c33fa51598572ddcff45a3cf9b4285486ebde0d05d2920a55:1770519805,561251,39223330966352513418907732239455948906399882924787587183466504819170775983376,BUY,0.008,175.0,1.4000000000000001,0x5bb4b372ad6e1e5c33fa51598572ddcff45a3cf9b4285486ebde0d05d2920a55,"{""proxyWallet"": ""0x39aef0a049c29c2529e47cefa04545f7327994f0"", ""side"": ""BUY"", ""asset"": ""39223330966352513418907732239455948906399882924787587183466504819170775983376"", ""conditionId"": ""0x836b850fc838195374862551a36f1c8691d96ff01e58b0a071f0fc1a0e357fb1"", ""size"": 175, ""price"": 0.008, ""timestamp"": 1770519805, ""title"": ""Will LeBron James win the 2028 US Presidential Election?"", ""slug"": ""will-lebron-james-win-the-2028-us-presidential-election"", ""icon"": ""https://polymarket-upload.s3.us-east-2.amazonaws.com/Lebron_James.png"", ""eventSlug"": ""presidential-election-winner-2028"", ""outcome"": ""Yes"", ""outcomeIndex"": 0, ""name"": ""jojore"", ""pseudonym"": ""Defiant-Mambo"", ""bio"": """", ""profileImage"": """", ""profileImageOptimized"": """", ""transactionHash"": ""0x5bb4b372ad6e1e5c33fa51598572ddcff45a3cf9b4285486ebde0d05d2920a55""}"
1770519799,2026-02-14T01:58:35.432517,0x50468e37610dd478f9f9c1eb0ab8e35dc2776caea443c5c5ff8f76dc7e8f7052:1770519799,561251,39223330966352513418907732239455948906399882924787587183466504819170775983376,SELL,0.007,140.0,0.98,0x50468e37610dd478f9f9c1eb0ab8e35dc2776caea443c5c5ff8f76dc7e8f7052,"{""proxyWallet"": ""0x39aef0a049c29c2529e47cefa04545f7327994f0"", ""side"": ""SELL"", ""asset"": ""39223330966352513418907732239455948906399882924787587183466504819170775983376"", ""conditionId"": ""0x836b850fc838195374862551a36f1c8691d96ff01e58b0a071f0fc1a0e357fb1"", ""size"": 140, ""price"": 0.007, ""timestamp"": 1770519799, ""title"": ""Will LeBron James win the 2028 US Presidential Election?"", ""slug"": ""will-lebron-james-win-the-2028-us-presidential-election"", ""icon"": ""https://polymarket-upload.s3.us-east-2.amazonaws.com/Lebron_James.png"", ""eventSlug"": ""presidential-election-winner-2028"", ""outcome"": ""Yes"", ""outcomeIndex"": 0, ""name"": ""jojore"", ""pseudonym"": ""Defiant-Mambo"", ""bio"": """", ""profileImage"": """", ""profileImageOptimized"": """", ""transactionHash"": ""0x50468e37610dd478f9f9c1eb0ab8e35dc2776caea443c5c5ff8f76dc7e8f7052""}"
1770519015,2026-02-14T01:58:35.432531,0xd6082b69d1f18b63f7b424b1044467388037dad2e0da885440ff506f3e1d877f:1770519015,561251,39223330966352513418907732239455948906399882924787587183466504819170775983376,SELL,0.007,140.0,0.98,0xd6082b69d1f18b63f7b424b1044467388037dad2e0da885440ff506f3e1d877f,"{""proxyWallet"": ""0x39aef0a049c29c2529e47cefa04545f7327994f0"", ""side"": ""SELL"", ""asset"": ""39223330966352513418907732239455948906399882924787587183466504819170775983376"", ""conditionId"": ""0x836b850fc838195374862551a36f1c8691d96ff01e58b0a071f0fc1a0e357fb1"", ""size"": 140, ""price"": 0.007, ""timestamp"": 1770519015, ""title"": ""Will LeBron James win the 2028 US Presidential Election?"", ""slug"": ""will-lebron-james-win-the-2028-us-presidential-election"", ""icon"": ""https://polymarket-upload.s3.us-east-2.amazonaws.com/Lebron_James.png"", ""eventSlug"": ""presidential-election-winner-2028"", ""outcome"": ""Yes"", ""outcomeIndex"": 0, ""name"": ""jojore"", ""pseudonym"": ""Defiant-Mambo"", ""bio"": """", ""profileImage"": """", ""profileImageOptimized"": """", ""transactionHash"": ""0xd6082b69d1f18b63f7b424b1044467388037dad2e0da885440ff506f3e1d877f""}"
1770519009,2026-02-14T01:58:35.432544,0x2f3e2627f9ef35d64750862c117ec691c2654fd5a695b35a0a11284d08dc3819:1770519009,561251,39223330966352513418907732239455948906399882924787587183466504819170775983376,BUY,0.008,175.0,1.4000000000000001,0x2f3e2627f9ef35d64750862c117ec691c2654fd5a695b35a0a11284d08dc3819,"{""proxyWallet"": ""0x39aef0a049c29c2529e47cefa04545f7327994f0"", ""side"": ""BUY"", ""asset"": ""39223330966352513418907732239455948906399882924787587183466504819170775983376"", ""conditionId"": ""0x836b850fc838195374862551a36f1c8691d96ff01e58b0a071f0fc1a0e357fb1"", ""size"": 175, ""price"": 0.008, ""timestamp"": 1770519009, ""title"": ""Will LeBron James win the 2028 US Presidential Election?"", ""slug"": ""will-lebron-james-win-the-2028-us-presidential-election"", ""icon"": ""https://polymarket-upload.s3.us-east-2.amazonaws.com/Lebron_James.png"", ""eventSlug"": ""presidential-election-winner-2028"", ""outcome"": ""Yes"", ""outcomeIndex"": 0, ""name"": ""jojore"", ""pseudonym"": ""Defiant-Mambo"", ""bio"": """", ""profileImage"": """", ""profileImageOptimized"": """", ""transactionHash"": ""0x2f3e2627f9ef35d64750862c117ec691c2654fd5a695b35a0a11284d08dc3819""}"
1770519003,2026-02-14T01:58:35.432559,0x7d3ecd31807a86b1d0dc84c9ab41f8e5f45d8ef855f6459b9e4a2e0bf9b6e2dc:1770519003,561251,39223330966352513418907732239455948906399882924787587183466504819170775983376,SELL,0.007,140.0,0.98,0x7d3ecd31807a86b1d0dc84c9ab41f8e5f45d8ef855f6459b9e4a2e0bf9b6e2dc,"{""proxyWallet"": ""0x39aef0a049c29c2529e47cefa04545f7327994f0"", ""side"": ""SELL"", ""asset"": ""39223330966352513418907732239455948906399882924787587183466504819170775983376"", ""conditionId"": ""0x836b850fc838195374862551a36f1c8691d96ff01e58b0a071f0fc1a0e357fb1"", ""size"": 140, ""price"": 0.007, ""timestamp"": 1770519003, ""title"": ""Will LeBron James win the 2028 US Presidential Election?"", ""slug"": ""will-lebron-james-win-the-2028-us-presidential-election"", ""icon"": ""https://polymarket-upload.s3.us-east-2.amazonaws.com/Lebron_James.png"", ""eventSlug"": ""presidential-election-winner-2028"", ""outcome"": ""Yes"", ""outcomeIndex"": 0, ""name"": ""jojore"", ""pseudonym"": ""Defiant-Mambo"", ""bio"": """", ""profileImage"": """", ""profileImageOptimized"": """", ""transactionHash"": ""0x7d3ecd31807a86b1d0dc84c9ab41f8e5f45d8ef855f6459b9e4a2e0bf9b6e2dc""}"
1770518997,2026-02-14T01:58:35.432572,0x181ab8bfd56ec4a8e33f95c62f8c256252e53c33abaabba074926a6e25f9d8d5:1770518997,561251,39223330966352513418907732239455948906399882924787587183466504819170775983376,BUY,0.008,175.0,1.4000000000000001,0x181ab8bfd56ec4a8e33f95c62f8c256252e53c33abaabba074926a6e25f9d8d5,"{""proxyWallet"": ""0x39aef0a049c29c2529e47cefa04545f7327994f0"", ""side"": ""BUY"", ""asset"": ""39223330966352513418907732239455948906399882924787587183466504819170775983376"", ""conditionId"": ""0x836b850fc838195374862551a36f1c8691d96ff01e58b0a071f0fc1a0e357fb1"", ""size"": 175, ""price"": 0.008, ""timestamp"": 1770518997, ""title"": ""Will LeBron James win the 2028 US Presidential Election?"", ""slug"": ""will-lebron-james-win-the-2028-us-presidential-election"", ""icon"": ""https://polymarket-upload.s3.us-east-2.amazonaws.com/Lebron_James.png"", ""eventSlug"": ""presidential-election-winner-2028"", ""outcome"": ""Yes"", ""outcomeIndex"": 0, ""name"": ""jojore"", ""pseudonym"": ""Defiant-Mambo"", ""bio"": """", ""profileImage"": """", ""profileImageOptimized"": """", ""transactionHash"": ""0x181ab8bfd56ec4a8e33f95c62f8c256252e53c33abaabba074926a6e25f9d8d5""}"
1770518991,2026-02-14T01:58:35.432585,0x8ff10002215555eff0a46dab5caf16927007e6fdf1037cc57e221aee9db441dd:1770518991,561251,39223330966352513418907732239455948906399882924787587183466504819170775983376,SELL,0.007,140.0,0.98,0x8ff10002215555eff0a46dab5caf16927007e6fdf1037cc57e221aee9db441dd,"{""proxyWallet"": ""0x39aef0a049c29c2529e47cefa04545f7327994f0"", ""side"": ""SELL"", ""asset"": ""39223330966352513418907732239455948906399882924787587183466504819170775983376"", ""conditionId"": ""0x836b850fc838195374862551a36f1c8691d96ff01e58b0a071f0fc1a0e357fb1"", ""size"": 140, ""price"": 0.007, ""timestamp"": 1770518991, ""title"": ""Will LeBron James win the 2028 US Presidential Election?"", ""slug"": ""will-lebron-james-win-the-2028-us-presidential-election"", ""icon"": ""https://polymarket-upload.s3.us-east-2.amazonaws.com/Lebron_James.png"", ""eventSlug"": ""presidential-election-winner-2028"", ""outcome"": ""Yes"", ""outcomeIndex"": 0, ""name"": ""jojore"", ""pseudonym"": ""Defiant-Mambo"", ""bio"": """", ""profileImage"": """", ""profileImageOptimized"": """", ""transactionHash"": ""0x8ff10002215555eff0a46dab5caf16927007e6fdf1037cc57e221aee9db441dd""}"
1770518985,2026-02-14T01:58:35.432598,0x5d3fdb225a46c7ee02236d37f6e428a7f2e8ad401854d77547221e7a6d19ed4b:1770518985,561251,39223330966352513418907732239455948906399882924787587183466504819170775983376,BUY,0.008,175.0,1.4000000000000001,0x5d3fdb225a46c7ee02236d37f6e428a7f2e8ad401854d77547221e7a6d19ed4b,"{""proxyWallet"": ""0x39aef0a049c29c2529e47cefa04545f7327994f0"", ""side"": ""BUY"", ""asset"": ""39223330966352513418907732239455948906399882924787587183466504819170775983376"", ""conditionId"": ""0x836b850fc838195374862551a36f1c8691d96ff01e58b0a071f0fc1a0e357fb1"", ""size"": 175, ""price"": 0.008, ""timestamp"": 1770518985, ""title"": ""Will LeBron James win the 2028 US Presidential Election?"", ""slug"": ""will-lebron-james-win-the-2028-us-presidential-election"", ""icon"": ""https://polymarket-upload.s3.us-east-2.amazonaws.com/Lebron_James.png"", ""eventSlug"": ""presidential-election-winner-2028"", ""outcome"": ""Yes"", ""outcomeIndex"": 0, ""name"": ""jojore"", ""pseudonym"": ""Defiant-Mambo"", ""bio"": """", ""profileImage"": """", ""profileImageOptimized"": """", ""transactionHash"": ""0x5d3fdb225a46c7ee02236d37f6e428a7f2e8ad401854d77547221e7a6d19ed4b""}"
1770518979,2026-02-14T01:58:35.432615,0xded5f655a7ca4365b4fbe0af231358140754a37b4a2c4f4942cf2c046608eb4b:1770518979,561251,39223330966352513418907732239455948906399882924787587183466504819170775983376,SELL,0.007,140.0,0.98,0xded5f655a7ca4365b4fbe0af231358140754a37b4a2c4f4942cf2c046608eb4b,"{""proxyWallet"": ""0x39aef0a049c29c2529e47cefa04545f7327994f0"", ""side"": ""SELL"", ""asset"": ""39223330966352513418907732239455948906399882924787587183466504819170775983376"", ""conditionId"": ""0x836b850fc838195374862551a36f1c8691d96ff01e58b0a071f0fc1a0e357fb1"", ""size"": 140, ""price"": 0.007, ""timestamp"": 1770518979, ""title"": ""Will LeBron James win the 2028 US Presidential Election?"", ""slug"": ""will-lebron-james-win-the-2028-us-presidential-election"", ""icon"": ""https://polymarket-upload.s3.us-east-2.amazonaws.com/Lebron_James.png"", ""eventSlug"": ""presidential-election-winner-2028"", ""outcome"": ""Yes"", ""outcomeIndex"": 0, ""name"": ""jojore"", ""pseudonym"": ""Defiant-Mambo"", ""bio"": """", ""profileImage"": """", ""profileImageOptimized"": """", ""transactionHash"": ""0xded5f655a7ca4365b4fbe0af231358140754a37b4a2c4f4942cf2c046608eb4b""}"
1770518971,2026-02-14T01:58:35.432629,0xa5b080759f5ba9e97fa582327bf0f01acd9d550f05511e630874c68959842304:1770518971,561251,39223330966352513418907732239455948906399882924787587183466504819170775983376,SELL,0.007,140.0,0.98,0xa5b080759f5ba9e97fa582327bf0f01acd9d550f05511e630874c68959842304,"{""proxyWallet"": ""0x39aef0a049c29c2529e47cefa04545f7327994f0"", ""side"": ""SELL"", ""asset"": ""39223330966352513418907732239455948906399882924787587183466504819170775983376"", ""conditionId"": ""0x836b850fc838195374862551a36f1c8691d96ff01e58b0a071f0fc1a0e357fb1"", ""size"": 140, ""price"": 0.007, ""timestamp"": 1770518971, ""title"": ""Will LeBron James win the 2028 US Presidential Election?"", ""slug"": ""will-lebron-james-win-the-2028-us-presidential-election"", ""icon"": ""https://polymarket-upload.s3.us-east-2.amazonaws.com/Lebron_James.png"", ""eventSlug"": ""presidential-election-winner-2028"", ""outcome"": ""Yes"", ""outcomeIndex"": 0, ""name"": ""jojore"", ""pseudonym"": ""Defiant-Mambo"", ""bio"": """", ""profileImage"": """", ""profileImageOptimized"": """", ""transactionHash"": ""0xa5b080759f5ba9e97fa582327bf0f01acd9d550f05511e630874c68959842304""}"
1770518965,2026-02-14T01:58:35.432643,0x23efb876cf61c220cd1485d9794a8769f3d6edacb923d428b1f646987855c529:1770518965,561251,39223330966352513418907732239455948906399882924787587183466504819170775983376,BUY,0.008,175.0,1.4000000000000001,0x23efb876cf61c220cd1485d9794a8769f3d6edacb923d428b1f646987855c529,"{""proxyWallet"": ""0x39aef0a049c29c2529e47cefa04545f7327994f0"", ""side"": ""BUY"", ""asset"": ""39223330966352513418907732239455948906399882924787587183466504819170775983376"", ""conditionId"": ""0x836b850fc838195374862551a36f1c8691d96ff01e58b0a071f0fc1a0e357fb1"", ""size"": 175, ""price"": 0.008, ""timestamp"": 1770518965, ""title"": ""Will LeBron James win the 2028 US Presidential Election?"", ""slug"": ""will-lebron-james-win-the-2028-us-presidential-election"", ""icon"": ""https://polymarket-upload.s3.us-east-2.amazonaws.com/Lebron_James.png"", ""eventSlug"": ""presidential-election-winner-2028"", ""outcome"": ""Yes"", ""outcomeIndex"": 0, ""name"": ""jojore"", ""pseudonym"": ""Defiant-Mambo"", ""bio"": """", ""profileImage"": """", ""profileImageOptimized"": """", ""transactionHash"": ""0x23efb876cf61c220cd1485d9794a8769f3d6edacb923d428b1f646987855c529""}"
1770518959,2026-02-14T01:58:35.432656,0xa715b2513b780bda67f3ba856e1342cc98769efcfff4a4f4418b7e7848ee166f:1770518959,561251,39223330966352513418907732239455948906399882924787587183466504819170775983376,SELL,0.007,140.0,0.98,0xa715b2513b780bda67f3ba856e1342cc98769efcfff4a4f4418b7e7848ee166f,"{""proxyWallet"": ""0x39aef0a049c29c2529e47cefa04545f7327994f0"", ""side"": ""SELL"", ""asset"": ""39223330966352513418907732239455948906399882924787587183466504819170775983376"", ""conditionId"": ""0x836b850fc838195374862551a36f1c8691d96ff01e58b0a071f0fc1a0e357fb1"", ""size"": 140, ""price"": 0.007, ""timestamp"": 1770518959, ""title"": ""Will LeBron James win the 2028 US Presidential Election?"", ""slug"": ""will-lebron-james-win-the-2028-us-presidential-election"", ""icon"": ""https://polymarket-upload.s3.us-east-2.amazonaws.com/Lebron_James.png"", ""eventSlug"": ""presidential-election-winner-2028"", ""outcome"": ""Yes"", ""outcomeIndex"": 0, ""name"": ""jojore"", ""pseudonym"": ""Defiant-Mambo"", ""bio"": """", ""profileImage"": """", ""profileImageOptimized"": """", ""transactionHash"": ""0xa715b2513b780bda67f3ba856e1342cc98769efcfff4a4f4418b7e7848ee166f""}"
1770518687,2026-02-14T01:58:35.432671,0x3470d85f4ec60442a53a02e8116c2a439181db5133d31c451424a8dedbbbe1fe:1770518687,561251,39223330966352513418907732239455948906399882924787587183466504819170775983376,SELL,0.007,140.0,0.98,0x3470d85f4ec60442a53a02e8116c2a439181db5133d31c451424a8dedbbbe1fe,"{""proxyWallet"": ""0x39aef0a049c29c2529e47cefa04545f7327994f0"", ""side"": ""SELL"", ""asset"": ""39223330966352513418907732239455948906399882924787587183466504819170775983376"", ""conditionId"": ""0x836b850fc838195374862551a36f1c8691d96ff01e58b0a071f0fc1a0e357fb1"", ""size"": 140, ""price"": 0.007, ""timestamp"": 1770518687, ""title"": ""Will LeBron James win the 2028 US Presidential Election?"", ""slug"": ""will-lebron-james-win-the-2028-us-presidential-election"", ""icon"": ""https://polymarket-upload.s3.us-east-2.amazonaws.com/Lebron_James.png"", ""eventSlug"": ""presidential-election-winner-2028"", ""outcome"": ""Yes"", ""outcomeIndex"": 0, ""name"": ""jojore"", ""pseudonym"": ""Defiant-Mambo"", ""bio"": """", ""profileImage"": """", ""profileImageOptimized"": """", ""transactionHash"": ""0x3470d85f4ec60442a53a02e8116c2a439181db5133d31c451424a8dedbbbe1fe""}"
1770518681,2026-02-14T01:58:35.432685,0xb9d4c4f5422d63691c7c05314b7bd1c47f0c19844edcb0a46e0aceea6629978f:1770518681,561251,39223330966352513418907732239455948906399882924787587183466504819170775983376,BUY,0.008,175.0,1.4000000000000001,0xb9d4c4f5422d63691c7c05314b7bd1c47f0c19844edcb0a46e0aceea6629978f,"{""proxyWallet"": ""0x39aef0a049c29c2529e47cefa04545f7327994f0"", ""side"": ""BUY"", ""asset"": ""39223330966352513418907732239455948906399882924787587183466504819170775983376"", ""conditionId"": ""0x836b850fc838195374862551a36f1c8691d96ff01e58b0a071f0fc1a0e357fb1"", ""size"": 175, ""price"": 0.008, ""timestamp"": 1770518681, ""title"": ""Will LeBron James win the 2028 US Presidential Election?"", ""slug"": ""will-lebron-james-win-the-2028-us-presidential-election"", ""icon"": ""https://polymarket-upload.s3.us-east-2.amazonaws.com/Lebron_James.png"", ""eventSlug"": ""presidential-election-winner-2028"", ""outcome"": ""Yes"", ""outcomeIndex"": 0, ""name"": ""jojore"", ""pseudonym"": ""Defiant-Mambo"", ""bio"": """", ""profileImage"": """", ""profileImageOptimized"": """", ""transactionHash"": ""0xb9d4c4f5422d63691c7c05314b7bd1c47f0c19844edcb0a46e0aceea6629978f""}"
1770518675,2026-02-14T01:58:35.432699,0x24f120fe5b644eae55ffb95bfc3d0b1a98ef2960f9d3415845c66fdbb6dc1e0d:1770518675,561251,39223330966352513418907732239455948906399882924787587183466504819170775983376,SELL,0.007,140.0,0.98,0x24f120fe5b644eae55ffb95bfc3d0b1a98ef2960f9d3415845c66fdbb6dc1e0d,"{""proxyWallet"": ""0x39aef0a049c29c2529e47cefa04545f7327994f0"", ""side"": ""SELL"", ""asset"": ""39223330966352513418907732239455948906399882924787587183466504819170775983376"", ""conditionId"": ""0x836b850fc838195374862551a36f1c8691d96ff01e58b0a071f0fc1a0e357fb1"", ""size"": 140, ""price"": 0.007, ""timestamp"": 1770518675, ""title"": ""Will LeBron James win the 2028 US Presidential Election?"", ""slug"": ""will-lebron-james-win-the-2028-us-presidential-election"", ""icon"": ""https://polymarket-upload.s3.us-east-2.amazonaws.com/Lebron_James.png"", ""eventSlug"": ""presidential-election-winner-2028"", ""outcome"": ""Yes"", ""outcomeIndex"": 0, ""name"": ""jojore"", ""pseudonym"": ""Defiant-Mambo"", ""bio"": """", ""profileImage"": """", ""profileImageOptimized"": """", ""transactionHash"": ""0x24f120fe5b644eae55ffb95bfc3d0b1a98ef2960f9d3415845c66fdbb6dc1e0d""}"
1770518669,2026-02-14T01:58:35.432713,0xc72abd9a9c4c82fde25c3facabe9b8be871b46b3f3b008df3a07ad80fc0e188f:1770518669,561251,39223330966352513418907732239455948906399882924787587183466504819170775983376,BUY,0.008,175.0,1.4000000000000001,0xc72abd9a9c4c82fde25c3facabe9b8be871b46b3f3b008df3a07ad80fc0e188f,"{""proxyWallet"": ""0x39aef0a049c29c2529e47cefa04545f7327994f0"", ""side"": ""BUY"", ""asset"": ""39223330966352513418907732239455948906399882924787587183466504819170775983376"", ""conditionId"": ""0x836b850fc838195374862551a36f1c8691d96ff01e58b0a071f0fc1a0e357fb1"", ""size"": 175, ""price"": 0.008, ""timestamp"": 1770518669, ""title"": ""Will LeBron James win the 2028 US Presidential Election?"", ""slug"": ""will-lebron-james-win-the-2028-us-presidential-election"", ""icon"": ""https://polymarket-upload.s3.us-east-2.amazonaws.com/Lebron_James.png"", ""eventSlug"": ""presidential-election-winner-2028"", ""outcome"": ""Yes"", ""outcomeIndex"": 0, ""name"": ""jojore"", ""pseudonym"": ""Defiant-Mambo"", ""bio"": """", ""profileImage"": """", ""profileImageOptimized"": """", ""transactionHash"": ""0xc72abd9a9c4c82fde25c3facabe9b8be871b46b3f3b008df3a07ad80fc0e188f""}"
1770518663,2026-02-14T01:58:35.432726,0xfc2c554a25e74000ae039c75a3d8d5ce905955bda7d6c1f298dfd00d2bc7bf1f:1770518663,561251,39223330966352513418907732239455948906399882924787587183466504819170775983376,SELL,0.007,140.0,0.98,0xfc2c554a25e74000ae039c75a3d8d5ce905955bda7d6c1f298dfd00d2bc7bf1f,"{""proxyWallet"": ""0x39aef0a049c29c2529e47cefa04545f7327994f0"", ""side"": ""SELL"", ""asset"": ""39223330966352513418907732239455948906399882924787587183466504819170775983376"", ""conditionId"": ""0x836b850fc838195374862551a36f1c8691d96ff01e58b0a071f0fc1a0e357fb1"", ""size"": 140, ""price"": 0.007, ""timestamp"": 1770518663, ""title"": ""Will LeBron James win the 2028 US Presidential Election?"", ""slug"": ""will-lebron-james-win-the-2028-us-presidential-election"", ""icon"": ""https://polymarket-upload.s3.us-east-2.amazonaws.com/Lebron_James.png"", ""eventSlug"": ""presidential-election-winner-2028"", ""outcome"": ""Yes"", ""outcomeIndex"": 0, ""name"": ""jojore"", ""pseudonym"": ""Defiant-Mambo"", ""bio"": """", ""profileImage"": """", ""profileImageOptimized"": """", ""transactionHash"": ""0xfc2c554a25e74000ae039c75a3d8d5ce905955bda7d6c1f298dfd00d2bc7bf1f""}"
1770518283,2026-02-14T01:58:35.432743,0xc0a14541c233bc0e8b83cd47a308816d3b4ac5d52c3409cf8958e9492b41c047:1770518283,561251,39223330966352513418907732239455948906399882924787587183466504819170775983376,BUY,0.008,175.0,1.4000000000000001,0xc0a14541c233bc0e8b83cd47a308816d3b4ac5d52c3409cf8958e9492b41c047,"{""proxyWallet"": ""0x39aef0a049c29c2529e47cefa04545f7327994f0"", ""side"": ""BUY"", ""asset"": ""39223330966352513418907732239455948906399882924787587183466504819170775983376"", ""conditionId"": ""0x836b850fc838195374862551a36f1c8691d96ff01e58b0a071f0fc1a0e357fb1"", ""size"": 175, ""price"": 0.008, ""timestamp"": 1770518283, ""title"": ""Will LeBron James win the 2028 US Presidential Election?"", ""slug"": ""will-lebron-james-win-the-2028-us-presidential-election"", ""icon"": ""https://polymarket-upload.s3.us-east-2.amazonaws.com/Lebron_James.png"", ""eventSlug"": ""presidential-election-winner-2028"", ""outcome"": ""Yes"", ""outcomeIndex"": 0, ""name"": ""jojore"", ""pseudonym"": ""Defiant-Mambo"", ""bio"": """", ""profileImage"": """", ""profileImageOptimized"": """", ""transactionHash"": ""0xc0a14541c233bc0e8b83cd47a308816d3b4ac5d52c3409cf8958e9492b41c047""}"
1770518277,2026-02-14T01:58:35.432757,0xcd8c482ebaf9fc034edd00ffb07680ea443b4ae0203caf4bdee8d6b95feeb71f:1770518277,561251,39223330966352513418907732239455948906399882924787587183466504819170775983376,SELL,0.007,140.0,0.98,0xcd8c482ebaf9fc034edd00ffb07680ea443b4ae0203caf4bdee8d6b95feeb71f,"{""proxyWallet"": ""0x39aef0a049c29c2529e47cefa04545f7327994f0"", ""side"": ""SELL"", ""asset"": ""39223330966352513418907732239455948906399882924787587183466504819170775983376"", ""conditionId"": ""0x836b850fc838195374862551a36f1c8691d96ff01e58b0a071f0fc1a0e357fb1"", ""size"": 140, ""price"": 0.007, ""timestamp"": 1770518277, ""title"": ""Will LeBron James win the 2028 US Presidential Election?"", ""slug"": ""will-lebron-james-win-the-2028-us-presidential-election"", ""icon"": ""https://polymarket-upload.s3.us-east-2.amazonaws.com/Lebron_James.png"", ""eventSlug"": ""presidential-election-winner-2028"", ""outcome"": ""Yes"", ""outcomeIndex"": 0, ""name"": ""jojore"", ""pseudonym"": ""Defiant-Mambo"", ""bio"": """", ""profileImage"": """", ""profileImageOptimized"": """", ""transactionHash"": ""0xcd8c482ebaf9fc034edd00ffb07680ea443b4ae0203caf4bdee8d6b95feeb71f""}"
1770518269,2026-02-14T01:58:35.432771,0xa797041783675d0b44439a1dc4e48bf5d066b6c72d4c01017eb4a38bf5028f44:1770518269,561251,39223330966352513418907732239455948906399882924787587183466504819170775983376,SELL,0.007,140.0,0.98,0xa797041783675d0b44439a1dc4e48bf5d066b6c72d4c01017eb4a38bf5028f44,"{""proxyWallet"": ""0x39aef0a049c29c2529e47cefa04545f7327994f0"", ""side"": ""SELL"", ""asset"": ""39223330966352513418907732239455948906399882924787587183466504819170775983376"", ""conditionId"": ""0x836b850fc838195374862551a36f1c8691d96ff01e58b0a071f0fc1a0e357fb1"", ""size"": 140, ""price"": 0.007, ""timestamp"": 1770518269, ""title"": ""Will LeBron James win the 2028 US Presidential Election?"", ""slug"": ""will-lebron-james-win-the-2028-us-presidential-election"", ""icon"": ""https://polymarket-upload.s3.us-east-2.amazonaws.com/Lebron_James.png"", ""eventSlug"": ""presidential-election-winner-2028"", ""outcome"": ""Yes"", ""outcomeIndex"": 0, ""name"": ""jojore"", ""pseudonym"": ""Defiant-Mambo"", ""bio"": """", ""profileImage"": """", ""profileImageOptimized"": """", ""transactionHash"": ""0xa797041783675d0b44439a1dc4e48bf5d066b6c72d4c01017eb4a38bf5028f44""}"
1770518257,2026-02-14T01:58:35.432786,0xe3512179c2ce83653cc315d1a37c32784502453704e4305f96f7679b9322229e:1770518257,561251,39223330966352513418907732239455948906399882924787587183466504819170775983376,BUY,0.008,175.0,1.4000000000000001,0xe3512179c2ce83653cc315d1a37c32784502453704e4305f96f7679b9322229e,"{""proxyWallet"": ""0x39aef0a049c29c2529e47cefa04545f7327994f0"", ""side"": ""BUY"", ""asset"": ""39223330966352513418907732239455948906399882924787587183466504819170775983376"", ""conditionId"": ""0x836b850fc838195374862551a36f1c8691d96ff01e58b0a071f0fc1a0e357fb1"", ""size"": 175, ""price"": 0.008, ""timestamp"": 1770518257, ""title"": ""Will LeBron James win the 2028 US Presidential Election?"", ""slug"": ""will-lebron-james-win-the-2028-us-presidential-election"", ""icon"": ""https://polymarket-upload.s3.us-east-2.amazonaws.com/Lebron_James.png"", ""eventSlug"": ""presidential-election-winner-2028"", ""outcome"": ""Yes"", ""outcomeIndex"": 0, ""name"": ""jojore"", ""pseudonym"": ""Defiant-Mambo"", ""bio"": """", ""profileImage"": """", ""profileImageOptimized"": """", ""transactionHash"": ""0xe3512179c2ce83653cc315d1a37c32784502453704e4305f96f7679b9322229e""}"
1770518231,2026-02-14T01:58:35.432800,0x3f92d91719980d08c1cb9c86759e19ae788c94e7c3a48c25440725a7c0edd5c2:1770518231,561251,39223330966352513418907732239455948906399882924787587183466504819170775983376,SELL,0.007,140.0,0.98,0x3f92d91719980d08c1cb9c86759e19ae788c94e7c3a48c25440725a7c0edd5c2,"{""proxyWallet"": ""0x39aef0a049c29c2529e47cefa04545f7327994f0"", ""side"": ""SELL"", ""asset"": ""39223330966352513418907732239455948906399882924787587183466504819170775983376"", ""conditionId"": ""0x836b850fc838195374862551a36f1c8691d96ff01e58b0a071f0fc1a0e357fb1"", ""size"": 140, ""price"": 0.007, ""timestamp"": 1770518231, ""title"": ""Will LeBron James win the 2028 US Presidential Election?"", ""slug"": ""will-lebron-james-win-the-2028-us-presidential-election"", ""icon"": ""https://polymarket-upload.s3.us-east-2.amazonaws.com/Lebron_James.png"", ""eventSlug"": ""presidential-election-winner-2028"", ""outcome"": ""Yes"", ""outcomeIndex"": 0, ""name"": ""jojore"", ""pseudonym"": ""Defiant-Mambo"", ""bio"": """", ""profileImage"": """", ""profileImageOptimized"": """", ""transactionHash"": ""0x3f92d91719980d08c1cb9c86759e19ae788c94e7c3a48c25440725a7c0edd5c2""}"
1770518225,2026-02-14T01:58:35.432815,0x0488547c36743029c32b132e4839672efbde946464a99293ac5723218ed3ebcc:1770518225,561251,39223330966352513418907732239455948906399882924787587183466504819170775983376,BUY,0.008,175.0,1.4000000000000001,0x0488547c36743029c32b132e4839672efbde946464a99293ac5723218ed3ebcc,"{""proxyWallet"": ""0x39aef0a049c29c2529e47cefa04545f7327994f0"", ""side"": ""BUY"", ""asset"": ""39223330966352513418907732239455948906399882924787587183466504819170775983376"", ""conditionId"": ""0x836b850fc838195374862551a36f1c8691d96ff01e58b0a071f0fc1a0e357fb1"", ""size"": 175, ""price"": 0.008, ""timestamp"": 1770518225, ""title"": ""Will LeBron James win the 2028 US Presidential Election?"", ""slug"": ""will-lebron-james-win-the-2028-us-presidential-election"", ""icon"": ""https://polymarket-upload.s3.us-east-2.amazonaws.com/Lebron_James.png"", ""eventSlug"": ""presidential-election-winner-2028"", ""outcome"": ""Yes"", ""outcomeIndex"": 0, ""name"": ""jojore"", ""pseudonym"": ""Defiant-Mambo"", ""bio"": """", ""profileImage"": """", ""profileImageOptimized"": """", ""transactionHash"": ""0x0488547c36743029c32b132e4839672efbde946464a99293ac5723218ed3ebcc""}"
1770518197,2026-02-14T01:58:35.432829,0x4761769b103a03e5a8d073aaed93c654c689a089a1dae391cdf01c368c046765:1770518197,561251,39223330966352513418907732239455948906399882924787587183466504819170775983376,SELL,0.007,140.0,0.98,0x4761769b103a03e5a8d073aaed93c654c689a089a1dae391cdf01c368c046765,"{""proxyWallet"": ""0x39aef0a049c29c2529e47cefa04545f7327994f0"", ""side"": ""SELL"", ""asset"": ""39223330966352513418907732239455948906399882924787587183466504819170775983376"", ""conditionId"": ""0x836b850fc838195374862551a36f1c8691d96ff01e58b0a071f0fc1a0e357fb1"", ""size"": 140, ""price"": 0.007, ""timestamp"": 1770518197, ""title"": ""Will LeBron James win the 2028 US Presidential Election?"", ""slug"": ""will-lebron-james-win-the-2028-us-presidential-election"", ""icon"": ""https://polymarket-upload.s3.us-east-2.amazonaws.com/Lebron_James.png"", ""eventSlug"": ""presidential-election-winner-2028"", ""outcome"": ""Yes"", ""outcomeIndex"": 0, ""name"": ""jojore"", ""pseudonym"": ""Defiant-Mambo"", ""bio"": """", ""profileImage"": """", ""profileImageOptimized"": """", ""transactionHash"": ""0x4761769b103a03e5a8d073aaed93c654c689a089a1dae391cdf01c368c046765""}"
1770517769,2026-02-14T01:58:35.432849,0xe36d5fe14231661dc3b24fef9739cdff82c9012cad05e4508f4394e46dec222b:1770517769,561251,39223330966352513418907732239455948906399882924787587183466504819170775983376,SELL,0.007,7613.0,53.291000000000004,0xe36d5fe14231661dc3b24fef9739cdff82c9012cad05e4508f4394e46dec222b,"{""proxyWallet"": ""0xd75fdb46c6509e7bb8ecb28f76ba20d1b2cfb9ac"", ""side"": ""SELL"", ""asset"": ""39223330966352513418907732239455948906399882924787587183466504819170775983376"", ""conditionId"": ""0x836b850fc838195374862551a36f1c8691d96ff01e58b0a071f0fc1a0e357fb1"", ""size"": 7613, ""price"": 0.007, ""timestamp"": 1770517769, ""title"": ""Will LeBron James win the 2028 US Presidential Election?"", ""slug"": ""will-lebron-james-win-the-2028-us-presidential-election"", ""icon"": ""https://polymarket-upload.s3.us-east-2.amazonaws.com/Lebron_James.png"", ""eventSlug"": ""presidential-election-winner-2028"", ""outcome"": ""Yes"", ""outcomeIndex"": 0, ""name"": ""ClMbjerk"", ""pseudonym"": ""Identical-Oxford"", ""bio"": """", ""profileImage"": """", ""profileImageOptimized"": """", ""transactionHash"": ""0xe36d5fe14231661dc3b24fef9739cdff82c9012cad05e4508f4394e46dec222b""}"
1770517371,2026-02-14T01:58:35.432866,0x30a0a055cfffdbfffc441f65f232f784d4fd5e23d78557d9aa3499d900d83525:1770517371,561251,39223330966352513418907732239455948906399882924787587183466504819170775983376,SELL,0.007,140.0,0.98,0x30a0a055cfffdbfffc441f65f232f784d4fd5e23d78557d9aa3499d900d83525,"{""proxyWallet"": ""0x39aef0a049c29c2529e47cefa04545f7327994f0"", ""side"": ""SELL"", ""asset"": ""39223330966352513418907732239455948906399882924787587183466504819170775983376"", ""conditionId"": ""0x836b850fc838195374862551a36f1c8691d96ff01e58b0a071f0fc1a0e357fb1"", ""size"": 140, ""price"": 0.007, ""timestamp"": 1770517371, ""title"": ""Will LeBron James win the 2028 US Presidential Election?"", ""slug"": ""will-lebron-james-win-the-2028-us-presidential-election"", ""icon"": ""https://polymarket-upload.s3.us-east-2.amazonaws.com/Lebron_James.png"", ""eventSlug"": ""presidential-election-winner-2028"", ""outcome"": ""Yes"", ""outcomeIndex"": 0, ""name"": ""jojore"", ""pseudonym"": ""Defiant-Mambo"", ""bio"": """", ""profileImage"": """", ""profileImageOptimized"": """", ""transactionHash"": ""0x30a0a055cfffdbfffc441f65f232f784d4fd5e23d78557d9aa3499d900d83525""}"
1770517363,2026-02-14T01:58:35.432880,0xbaea7a89c86cbb5211bb5522b865f2c2511a334a2c6b4921666b69a3cfa3ea19:1770517363,561251,39223330966352513418907732239455948906399882924787587183466504819170775983376,BUY,0.008,175.0,1.4000000000000001,0xbaea7a89c86cbb5211bb5522b865f2c2511a334a2c6b4921666b69a3cfa3ea19,"{""proxyWallet"": ""0x39aef0a049c29c2529e47cefa04545f7327994f0"", ""side"": ""BUY"", ""asset"": ""39223330966352513418907732239455948906399882924787587183466504819170775983376"", ""conditionId"": ""0x836b850fc838195374862551a36f1c8691d96ff01e58b0a071f0fc1a0e357fb1"", ""size"": 175, ""price"": 0.008, ""timestamp"": 1770517363, ""title"": ""Will LeBron James win the 2028 US Presidential Election?"", ""slug"": ""will-lebron-james-win-the-2028-us-presidential-election"", ""icon"": ""https://polymarket-upload.s3.us-east-2.amazonaws.com/Lebron_James.png"", ""eventSlug"": ""presidential-election-winner-2028"", ""outcome"": ""Yes"", ""outcomeIndex"": 0, ""name"": ""jojore"", ""pseudonym"": ""Defiant-Mambo"", ""bio"": """", ""profileImage"": """", ""profileImageOptimized"": """", ""transactionHash"": ""0xbaea7a89c86cbb5211bb5522b865f2c2511a334a2c6b4921666b69a3cfa3ea19""}"
1770517355,2026-02-14T01:58:35.432893,0x567bb4e7f0a1e9596198caf04e717af1af9f2eb92a3254ee918674d7f3fef796:1770517355,561251,39223330966352513418907732239455948906399882924787587183466504819170775983376,SELL,0.007,140.0,0.98,0x567bb4e7f0a1e9596198caf04e717af1af9f2eb92a3254ee918674d7f3fef796,"{""proxyWallet"": ""0x39aef0a049c29c2529e47cefa04545f7327994f0"", ""side"": ""SELL"", ""asset"": ""39223330966352513418907732239455948906399882924787587183466504819170775983376"", ""conditionId"": ""0x836b850fc838195374862551a36f1c8691d96ff01e58b0a071f0fc1a0e357fb1"", ""size"": 140, ""price"": 0.007, ""timestamp"": 1770517355, ""title"": ""Will LeBron James win the 2028 US Presidential Election?"", ""slug"": ""will-lebron-james-win-the-2028-us-presidential-election"", ""icon"": ""https://polymarket-upload.s3.us-east-2.amazonaws.com/Lebron_James.png"", ""eventSlug"": ""presidential-election-winner-2028"", ""outcome"": ""Yes"", ""outcomeIndex"": 0, ""name"": ""jojore"", ""pseudonym"": ""Defiant-Mambo"", ""bio"": """", ""profileImage"": """", ""profileImageOptimized"": """", ""transactionHash"": ""0x567bb4e7f0a1e9596198caf04e717af1af9f2eb92a3254ee918674d7f3fef796""}"
1770517355,2026-02-14T01:58:35.432928,0xed187ce1f226abc850ce14358bc302b1ccf8e60f05c230b2cd1703e724fc9693:1770517355,561251,39223330966352513418907732239455948906399882924787587183466504819170775983376,SELL,0.007,31744.26,222.20981999999998,0xed187ce1f226abc850ce14358bc302b1ccf8e60f05c230b2cd1703e724fc9693,"{""proxyWallet"": ""0xc6d0d5b8879ac6ee4b0eef70ade0137b17492303"", ""side"": ""SELL"", ""asset"": ""39223330966352513418907732239455948906399882924787587183466504819170775983376"", ""conditionId"": ""0x836b850fc838195374862551a36f1c8691d96ff01e58b0a071f0fc1a0e357fb1"", ""size"": 31744.26, ""price"": 0.007, ""timestamp"": 1770517355, ""title"": ""Will LeBron James win the 2028 US Presidential Election?"", ""slug"": ""will-lebron-james-win-the-2028-us-presidential-election"", ""icon"": ""https://polymarket-upload.s3.us-east-2.amazonaws.com/Lebron_James.png"", ""eventSlug"": ""presidential-election-winner-2028"", ""outcome"": ""Yes"", ""outcomeIndex"": 0, ""name"": ""gfdhtrf9"", ""pseudonym"": ""Cool-Tray"", ""bio"": """", ""profileImage"": """", ""profileImageOptimized"": """", ""transactionHash"": ""0xed187ce1f226abc850ce14358bc302b1ccf8e60f05c230b2cd1703e724fc9693""}"
1770517345,2026-02-14T01:58:35.432942,0x9e05c701becccf10dbbad4e1306cdaece8324000a9980204c781e8cf25075aee:1770517345,561251,39223330966352513418907732239455948906399882924787587183466504819170775983376,BUY,0.008,175.0,1.4000000000000001,0x9e05c701becccf10dbbad4e1306cdaece8324000a9980204c781e8cf25075aee,"{""proxyWallet"": ""0x39aef0a049c29c2529e47cefa04545f7327994f0"", ""side"": ""BUY"", ""asset"": ""39223330966352513418907732239455948906399882924787587183466504819170775983376"", ""conditionId"": ""0x836b850fc838195374862551a36f1c8691d96ff01e58b0a071f0fc1a0e357fb1"", ""size"": 175, ""price"": 0.008, ""timestamp"": 1770517345, ""title"": ""Will LeBron James win the 2028 US Presidential Election?"", ""slug"": ""will-lebron-james-win-the-2028-us-presidential-election"", ""icon"": ""https://polymarket-upload.s3.us-east-2.amazonaws.com/Lebron_James.png"", ""eventSlug"": ""presidential-election-winner-2028"", ""outcome"": ""Yes"", ""outcomeIndex"": 0, ""name"": ""jojore"", ""pseudonym"": ""Defiant-Mambo"", ""bio"": """", ""profileImage"": """", ""profileImageOptimized"": """", ""transactionHash"": ""0x9e05c701becccf10dbbad4e1306cdaece8324000a9980204c781e8cf25075aee""}"
1770517329,2026-02-14T01:58:35.432956,0x3048594cdef685199478b08692b0c7c1ee2c7e0dfdde8fdcbd7eb19a491bae7f:1770517329,561251,39223330966352513418907732239455948906399882924787587183466504819170775983376,SELL,0.007,140.0,0.98,0x3048594cdef685199478b08692b0c7c1ee2c7e0dfdde8fdcbd7eb19a491bae7f,"{""proxyWallet"": ""0x39aef0a049c29c2529e47cefa04545f7327994f0"", ""side"": ""SELL"", ""asset"": ""39223330966352513418907732239455948906399882924787587183466504819170775983376"", ""conditionId"": ""0x836b850fc838195374862551a36f1c8691d96ff01e58b0a071f0fc1a0e357fb1"", ""size"": 140, ""price"": 0.007, ""timestamp"": 1770517329, ""title"": ""Will LeBron James win the 2028 US Presidential Election?"", ""slug"": ""will-lebron-james-win-the-2028-us-presidential-election"", ""icon"": ""https://polymarket-upload.s3.us-east-2.amazonaws.com/Lebron_James.png"", ""eventSlug"": ""presidential-election-winner-2028"", ""outcome"": ""Yes"", ""outcomeIndex"": 0, ""name"": ""jojore"", ""pseudonym"": ""Defiant-Mambo"", ""bio"": """", ""profileImage"": """", ""profileImageOptimized"": """", ""transactionHash"": ""0x3048594cdef685199478b08692b0c7c1ee2c7e0dfdde8fdcbd7eb19a491bae7f""}"
1770517309,2026-02-14T01:58:35.432970,0x5003f94419b0d25aa4d69980b761be4eea9d9277319a9c479164fe5abc06248c:1770517309,561251,39223330966352513418907732239455948906399882924787587183466504819170775983376,BUY,0.008,175.0,1.4000000000000001,0x5003f94419b0d25aa4d69980b761be4eea9d9277319a9c479164fe5abc06248c,"{""proxyWallet"": ""0x39aef0a049c29c2529e47cefa04545f7327994f0"", ""side"": ""BUY"", ""asset"": ""39223330966352513418907732239455948906399882924787587183466504819170775983376"", ""conditionId"": ""0x836b850fc838195374862551a36f1c8691d96ff01e58b0a071f0fc1a0e357fb1"", ""size"": 175, ""price"": 0.008, ""timestamp"": 1770517309, ""title"": ""Will LeBron James win the 2028 US Presidential Election?"", ""slug"": ""will-lebron-james-win-the-2028-us-presidential-election"", ""icon"": ""https://polymarket-upload.s3.us-east-2.amazonaws.com/Lebron_James.png"", ""eventSlug"": ""presidential-election-winner-2028"", ""outcome"": ""Yes"", ""outcomeIndex"": 0, ""name"": ""jojore"", ""pseudonym"": ""Defiant-Mambo"", ""bio"": """", ""profileImage"": """", ""profileImageOptimized"": """", ""transactionHash"": ""0x5003f94419b0d25aa4d69980b761be4eea9d9277319a9c479164fe5abc06248c""}"
1770517301,2026-02-14T01:58:35.432984,0xdd53d74bed45bcce379643bdb145a94d85ec4516f945cee7cc4e104409b1c9c9:1770517301,561251,39223330966352513418907732239455948906399882924787587183466504819170775983376,SELL,0.007,140.0,0.98,0xdd53d74bed45bcce379643bdb145a94d85ec4516f945cee7cc4e104409b1c9c9,"{""proxyWallet"": ""0x39aef0a049c29c2529e47cefa04545f7327994f0"", ""side"": ""SELL"", ""asset"": ""39223330966352513418907732239455948906399882924787587183466504819170775983376"", ""conditionId"": ""0x836b850fc838195374862551a36f1c8691d96ff01e58b0a071f0fc1a0e357fb1"", ""size"": 140, ""price"": 0.007, ""timestamp"": 1770517301, ""title"": ""Will LeBron James win the 2028 US Presidential Election?"", ""slug"": ""will-lebron-james-win-the-2028-us-presidential-election"", ""icon"": ""https://polymarket-upload.s3.us-east-2.amazonaws.com/Lebron_James.png"", ""eventSlug"": ""presidential-election-winner-2028"", ""outcome"": ""Yes"", ""outcomeIndex"": 0, ""name"": ""jojore"", ""pseudonym"": ""Defiant-Mambo"", ""bio"": """", ""profileImage"": """", ""profileImageOptimized"": """", ""transactionHash"": ""0xdd53d74bed45bcce379643bdb145a94d85ec4516f945cee7cc4e104409b1c9c9""}"
1770517289,2026-02-14T01:58:35.432998,0x6a8205aab91fcddce6d34be7f06649c1ee46edd7a31535b9936dabb2af2eb619:1770517289,561251,39223330966352513418907732239455948906399882924787587183466504819170775983376,SELL,0.007,140.0,0.98,0x6a8205aab91fcddce6d34be7f06649c1ee46edd7a31535b9936dabb2af2eb619,"{""proxyWallet"": ""0x39aef0a049c29c2529e47cefa04545f7327994f0"", ""side"": ""SELL"", ""asset"": ""39223330966352513418907732239455948906399882924787587183466504819170775983376"", ""conditionId"": ""0x836b850fc838195374862551a36f1c8691d96ff01e58b0a071f0fc1a0e357fb1"", ""size"": 140, ""price"": 0.007, ""timestamp"": 1770517289, ""title"": ""Will LeBron James win the 2028 US Presidential Election?"", ""slug"": ""will-lebron-james-win-the-2028-us-presidential-election"", ""icon"": ""https://polymarket-upload.s3.us-east-2.amazonaws.com/Lebron_James.png"", ""eventSlug"": ""presidential-election-winner-2028"", ""outcome"": ""Yes"", ""outcomeIndex"": 0, ""name"": ""jojore"", ""pseudonym"": ""Defiant-Mambo"", ""bio"": """", ""profileImage"": """", ""profileImageOptimized"": """", ""transactionHash"": ""0x6a8205aab91fcddce6d34be7f06649c1ee46edd7a31535b9936dabb2af2eb619""}"
1770517269,2026-02-14T01:58:35.433012,0x59caca2c6910a6ce66385e45bb268fa3bd46430cd380dadfea62d3b8e7dd210c:1770517269,561251,39223330966352513418907732239455948906399882924787587183466504819170775983376,BUY,0.008,175.0,1.4000000000000001,0x59caca2c6910a6ce66385e45bb268fa3bd46430cd380dadfea62d3b8e7dd210c,"{""proxyWallet"": ""0x39aef0a049c29c2529e47cefa04545f7327994f0"", ""side"": ""BUY"", ""asset"": ""39223330966352513418907732239455948906399882924787587183466504819170775983376"", ""conditionId"": ""0x836b850fc838195374862551a36f1c8691d96ff01e58b0a071f0fc1a0e357fb1"", ""size"": 175, ""price"": 0.008, ""timestamp"": 1770517269, ""title"": ""Will LeBron James win the 2028 US Presidential Election?"", ""slug"": ""will-lebron-james-win-the-2028-us-presidential-election"", ""icon"": ""https://polymarket-upload.s3.us-east-2.amazonaws.com/Lebron_James.png"", ""eventSlug"": ""presidential-election-winner-2028"", ""outcome"": ""Yes"", ""outcomeIndex"": 0, ""name"": ""jojore"", ""pseudonym"": ""Defiant-Mambo"", ""bio"": """", ""profileImage"": """", ""profileImageOptimized"": """", ""transactionHash"": ""0x59caca2c6910a6ce66385e45bb268fa3bd46430cd380dadfea62d3b8e7dd210c""}"
1770517251,2026-02-14T01:58:35.433025,0x1a464be6ea0bdce767237d891f3c514d625ac7f24b57347530699c7b3311b295:1770517251,561251,39223330966352513418907732239455948906399882924787587183466504819170775983376,SELL,0.007,140.0,0.98,0x1a464be6ea0bdce767237d891f3c514d625ac7f24b57347530699c7b3311b295,"{""proxyWallet"": ""0x39aef0a049c29c2529e47cefa04545f7327994f0"", ""side"": ""SELL"", ""asset"": ""39223330966352513418907732239455948906399882924787587183466504819170775983376"", ""conditionId"": ""0x836b850fc838195374862551a36f1c8691d96ff01e58b0a071f0fc1a0e357fb1"", ""size"": 140, ""price"": 0.007, ""timestamp"": 1770517251, ""title"": ""Will LeBron James win the 2028 US Presidential Election?"", ""slug"": ""will-lebron-james-win-the-2028-us-presidential-election"", ""icon"": ""https://polymarket-upload.s3.us-east-2.amazonaws.com/Lebron_James.png"", ""eventSlug"": ""presidential-election-winner-2028"", ""outcome"": ""Yes"", ""outcomeIndex"": 0, ""name"": ""jojore"", ""pseudonym"": ""Defiant-Mambo"", ""bio"": """", ""profileImage"": """", ""profileImageOptimized"": """", ""transactionHash"": ""0x1a464be6ea0bdce767237d891f3c514d625ac7f24b57347530699c7b3311b295""}"
1770515007,2026-02-14T01:58:35.433040,0xb119f4ca8c3ebc2e9cb50e02e193e3a4a8397aff31ece5053215a791a218e8ff:1770515007,561251,39223330966352513418907732239455948906399882924787587183466504819170775983376,SELL,0.007,140.0,0.98,0xb119f4ca8c3ebc2e9cb50e02e193e3a4a8397aff31ece5053215a791a218e8ff,"{""proxyWallet"": ""0x39aef0a049c29c2529e47cefa04545f7327994f0"", ""side"": ""SELL"", ""asset"": ""39223330966352513418907732239455948906399882924787587183466504819170775983376"", ""conditionId"": ""0x836b850fc838195374862551a36f1c8691d96ff01e58b0a071f0fc1a0e357fb1"", ""size"": 140, ""price"": 0.007, ""timestamp"": 1770515007, ""title"": ""Will LeBron James win the 2028 US Presidential Election?"", ""slug"": ""will-lebron-james-win-the-2028-us-presidential-election"", ""icon"": ""https://polymarket-upload.s3.us-east-2.amazonaws.com/Lebron_James.png"", ""eventSlug"": ""presidential-election-winner-2028"", ""outcome"": ""Yes"", ""outcomeIndex"": 0, ""name"": ""jojore"", ""pseudonym"": ""Defiant-Mambo"", ""bio"": """", ""profileImage"": """", ""profileImageOptimized"": """", ""transactionHash"": ""0xb119f4ca8c3ebc2e9cb50e02e193e3a4a8397aff31ece5053215a791a218e8ff""}"
1770515001,2026-02-14T01:58:35.433052,0x860ec2439033d74215f4aa5c098d5c131a21673a7571adebc99ec14a754e4da6:1770515001,561251,39223330966352513418907732239455948906399882924787587183466504819170775983376,BUY,0.008,175.0,1.4000000000000001,0x860ec2439033d74215f4aa5c098d5c131a21673a7571adebc99ec14a754e4da6,"{""proxyWallet"": ""0x39aef0a049c29c2529e47cefa04545f7327994f0"", ""side"": ""BUY"", ""asset"": ""39223330966352513418907732239455948906399882924787587183466504819170775983376"", ""conditionId"": ""0x836b850fc838195374862551a36f1c8691d96ff01e58b0a071f0fc1a0e357fb1"", ""size"": 175, ""price"": 0.008, ""timestamp"": 1770515001, ""title"": ""Will LeBron James win the 2028 US Presidential Election?"", ""slug"": ""will-lebron-james-win-the-2028-us-presidential-election"", ""icon"": ""https://polymarket-upload.s3.us-east-2.amazonaws.com/Lebron_James.png"", ""eventSlug"": ""presidential-election-winner-2028"", ""outcome"": ""Yes"", ""outcomeIndex"": 0, ""name"": ""jojore"", ""pseudonym"": ""Defiant-Mambo"", ""bio"": """", ""profileImage"": """", ""profileImageOptimized"": """", ""transactionHash"": ""0x860ec2439033d74215f4aa5c098d5c131a21673a7571adebc99ec14a754e4da6""}"
1770514995,2026-02-14T01:58:35.433066,0x94974f75748bcb962a5a0485c4e69b35d7246bd3d7d36b13873a9c479017abe1:1770514995,561251,39223330966352513418907732239455948906399882924787587183466504819170775983376,SELL,0.007,140.0,0.98,0x94974f75748bcb962a5a0485c4e69b35d7246bd3d7d36b13873a9c479017abe1,"{""proxyWallet"": ""0x39aef0a049c29c2529e47cefa04545f7327994f0"", ""side"": ""SELL"", ""asset"": ""39223330966352513418907732239455948906399882924787587183466504819170775983376"", ""conditionId"": ""0x836b850fc838195374862551a36f1c8691d96ff01e58b0a071f0fc1a0e357fb1"", ""size"": 140, ""price"": 0.007, ""timestamp"": 1770514995, ""title"": ""Will LeBron James win the 2028 US Presidential Election?"", ""slug"": ""will-lebron-james-win-the-2028-us-presidential-election"", ""icon"": ""https://polymarket-upload.s3.us-east-2.amazonaws.com/Lebron_James.png"", ""eventSlug"": ""presidential-election-winner-2028"", ""outcome"": ""Yes"", ""outcomeIndex"": 0, ""name"": ""jojore"", ""pseudonym"": ""Defiant-Mambo"", ""bio"": """", ""profileImage"": """", ""profileImageOptimized"": """", ""transactionHash"": ""0x94974f75748bcb962a5a0485c4e69b35d7246bd3d7d36b13873a9c479017abe1""}"
1770514987,2026-02-14T01:58:35.433080,0xd06f71512756d29c80daf8beb57f14327469a9938fee7850ff337127d94a0e2b:1770514987,561251,39223330966352513418907732239455948906399882924787587183466504819170775983376,BUY,0.008,175.0,1.4000000000000001,0xd06f71512756d29c80daf8beb57f14327469a9938fee7850ff337127d94a0e2b,"{""proxyWallet"": ""0x39aef0a049c29c2529e47cefa04545f7327994f0"", ""side"": ""BUY"", ""asset"": ""39223330966352513418907732239455948906399882924787587183466504819170775983376"", ""conditionId"": ""0x836b850fc838195374862551a36f1c8691d96ff01e58b0a071f0fc1a0e357fb1"", ""size"": 175, ""price"": 0.008, ""timestamp"": 1770514987, ""title"": ""Will LeBron James win the 2028 US Presidential Election?"", ""slug"": ""will-lebron-james-win-the-2028-us-presidential-election"", ""icon"": ""https://polymarket-upload.s3.us-east-2.amazonaws.com/Lebron_James.png"", ""eventSlug"": ""presidential-election-winner-2028"", ""outcome"": ""Yes"", ""outcomeIndex"": 0, ""name"": ""jojore"", ""pseudonym"": ""Defiant-Mambo"", ""bio"": """", ""profileImage"": """", ""profileImageOptimized"": """", ""transactionHash"": ""0xd06f71512756d29c80daf8beb57f14327469a9938fee7850ff337127d94a0e2b""}"
1770514981,2026-02-14T01:58:35.433098,0x077a827bc76da6f304fc112de9299e5e460e14915dae3dceb1944b52140a56cc:1770514981,561251,39223330966352513418907732239455948906399882924787587183466504819170775983376,SELL,0.007,140.0,0.98,0x077a827bc76da6f304fc112de9299e5e460e14915dae3dceb1944b52140a56cc,"{""proxyWallet"": ""0x39aef0a049c29c2529e47cefa04545f7327994f0"", ""side"": ""SELL"", ""asset"": ""39223330966352513418907732239455948906399882924787587183466504819170775983376"", ""conditionId"": ""0x836b850fc838195374862551a36f1c8691d96ff01e58b0a071f0fc1a0e357fb1"", ""size"": 140, ""price"": 0.007, ""timestamp"": 1770514981, ""title"": ""Will LeBron James win the 2028 US Presidential Election?"", ""slug"": ""will-lebron-james-win-the-2028-us-presidential-election"", ""icon"": ""https://polymarket-upload.s3.us-east-2.amazonaws.com/Lebron_James.png"", ""eventSlug"": ""presidential-election-winner-2028"", ""outcome"": ""Yes"", ""outcomeIndex"": 0, ""name"": ""jojore"", ""pseudonym"": ""Defiant-Mambo"", ""bio"": """", ""profileImage"": """", ""profileImageOptimized"": """", ""transactionHash"": ""0x077a827bc76da6f304fc112de9299e5e460e14915dae3dceb1944b52140a56cc""}"
1770514975,2026-02-14T01:58:35.433116,0x5a24beb938a97538b637c4029ca59735aeb7d50f6f87a61b293562b38a447428:1770514975,561251,39223330966352513418907732239455948906399882924787587183466504819170775983376,BUY,0.008,175.0,1.4000000000000001,0x5a24beb938a97538b637c4029ca59735aeb7d50f6f87a61b293562b38a447428,"{""proxyWallet"": ""0x39aef0a049c29c2529e47cefa04545f7327994f0"", ""side"": ""BUY"", ""asset"": ""39223330966352513418907732239455948906399882924787587183466504819170775983376"", ""conditionId"": ""0x836b850fc838195374862551a36f1c8691d96ff01e58b0a071f0fc1a0e357fb1"", ""size"": 175, ""price"": 0.008, ""timestamp"": 1770514975, ""title"": ""Will LeBron James win the 2028 US Presidential Election?"", ""slug"": ""will-lebron-james-win-the-2028-us-presidential-election"", ""icon"": ""https://polymarket-upload.s3.us-east-2.amazonaws.com/Lebron_James.png"", ""eventSlug"": ""presidential-election-winner-2028"", ""outcome"": ""Yes"", ""outcomeIndex"": 0, ""name"": ""jojore"", ""pseudonym"": ""Defiant-Mambo"", ""bio"": """", ""profileImage"": """", ""profileImageOptimized"": """", ""transactionHash"": ""0x5a24beb938a97538b637c4029ca59735aeb7d50f6f87a61b293562b38a447428""}"
1770514367,2026-02-14T01:58:35.433130,0xa6942359e28ad28d7051214bfd124a4fe394823f388856a3677e9de9c0757f96:1770514367,561251,39223330966352513418907732239455948906399882924787587183466504819170775983376,SELL,0.007,140.0,0.98,0xa6942359e28ad28d7051214bfd124a4fe394823f388856a3677e9de9c0757f96,"{""proxyWallet"": ""0x39aef0a049c29c2529e47cefa04545f7327994f0"", ""side"": ""SELL"", ""asset"": ""39223330966352513418907732239455948906399882924787587183466504819170775983376"", ""conditionId"": ""0x836b850fc838195374862551a36f1c8691d96ff01e58b0a071f0fc1a0e357fb1"", ""size"": 140, ""price"": 0.007, ""timestamp"": 1770514367, ""title"": ""Will LeBron James win the 2028 US Presidential Election?"", ""slug"": ""will-lebron-james-win-the-2028-us-presidential-election"", ""icon"": ""https://polymarket-upload.s3.us-east-2.amazonaws.com/Lebron_James.png"", ""eventSlug"": ""presidential-election-winner-2028"", ""outcome"": ""Yes"", ""outcomeIndex"": 0, ""name"": ""jojore"", ""pseudonym"": ""Defiant-Mambo"", ""bio"": """", ""profileImage"": """", ""profileImageOptimized"": """", ""transactionHash"": ""0xa6942359e28ad28d7051214bfd124a4fe394823f388856a3677e9de9c0757f96""}"
1770514337,2026-02-14T01:58:35.433144,0x1bcb7a6c9c78c06afa9bbb72369c9de408e67815b1e021498bdfe1e5bb0b2b14:1770514337,561251,39223330966352513418907732239455948906399882924787587183466504819170775983376,BUY,0.008,175.0,1.4000000000000001,0x1bcb7a6c9c78c06afa9bbb72369c9de408e67815b1e021498bdfe1e5bb0b2b14,"{""proxyWallet"": ""0x39aef0a049c29c2529e47cefa04545f7327994f0"", ""side"": ""BUY"", ""asset"": ""39223330966352513418907732239455948906399882924787587183466504819170775983376"", ""conditionId"": ""0x836b850fc838195374862551a36f1c8691d96ff01e58b0a071f0fc1a0e357fb1"", ""size"": 175, ""price"": 0.008, ""timestamp"": 1770514337, ""title"": ""Will LeBron James win the 2028 US Presidential Election?"", ""slug"": ""will-lebron-james-win-the-2028-us-presidential-election"", ""icon"": ""https://polymarket-upload.s3.us-east-2.amazonaws.com/Lebron_James.png"", ""eventSlug"": ""presidential-election-winner-2028"", ""outcome"": ""Yes"", ""outcomeIndex"": 0, ""name"": ""jojore"", ""pseudonym"": ""Defiant-Mambo"", ""bio"": """", ""profileImage"": """", ""profileImageOptimized"": """", ""transactionHash"": ""0x1bcb7a6c9c78c06afa9bbb72369c9de408e67815b1e021498bdfe1e5bb0b2b14""}"
1770514307,2026-02-14T01:58:35.433157,0x560d668ec80f8435ec99e3bbc977ad3568465c04e962342a7a7a8ef9791b8d4a:1770514307,561251,39223330966352513418907732239455948906399882924787587183466504819170775983376,SELL,0.007,140.0,0.98,0x560d668ec80f8435ec99e3bbc977ad3568465c04e962342a7a7a8ef9791b8d4a,"{""proxyWallet"": ""0x39aef0a049c29c2529e47cefa04545f7327994f0"", ""side"": ""SELL"", ""asset"": ""39223330966352513418907732239455948906399882924787587183466504819170775983376"", ""conditionId"": ""0x836b850fc838195374862551a36f1c8691d96ff01e58b0a071f0fc1a0e357fb1"", ""size"": 140, ""price"": 0.007, ""timestamp"": 1770514307, ""title"": ""Will LeBron James win the 2028 US Presidential Election?"", ""slug"": ""will-lebron-james-win-the-2028-us-presidential-election"", ""icon"": ""https://polymarket-upload.s3.us-east-2.amazonaws.com/Lebron_James.png"", ""eventSlug"": ""presidential-election-winner-2028"", ""outcome"": ""Yes"", ""outcomeIndex"": 0, ""name"": ""jojore"", ""pseudonym"": ""Defiant-Mambo"", ""bio"": """", ""profileImage"": """", ""profileImageOptimized"": """", ""transactionHash"": ""0x560d668ec80f8435ec99e3bbc977ad3568465c04e962342a7a7a8ef9791b8d4a""}"
1770514277,2026-02-14T01:58:35.433170,0xbb9fcfbbe1f5bc37098e67124b14186dc50813886c7e692c7b650bc6f5e03644:1770514277,561251,39223330966352513418907732239455948906399882924787587183466504819170775983376,BUY,0.008,175.0,1.4000000000000001,0xbb9fcfbbe1f5bc37098e67124b14186dc50813886c7e692c7b650bc6f5e03644,"{""proxyWallet"": ""0x39aef0a049c29c2529e47cefa04545f7327994f0"", ""side"": ""BUY"", ""asset"": ""39223330966352513418907732239455948906399882924787587183466504819170775983376"", ""conditionId"": ""0x836b850fc838195374862551a36f1c8691d96ff01e58b0a071f0fc1a0e357fb1"", ""size"": 175, ""price"": 0.008, ""timestamp"": 1770514277, ""title"": ""Will LeBron James win the 2028 US Presidential Election?"", ""slug"": ""will-lebron-james-win-the-2028-us-presidential-election"", ""icon"": ""https://polymarket-upload.s3.us-east-2.amazonaws.com/Lebron_James.png"", ""eventSlug"": ""presidential-election-winner-2028"", ""outcome"": ""Yes"", ""outcomeIndex"": 0, ""name"": ""jojore"", ""pseudonym"": ""Defiant-Mambo"", ""bio"": """", ""profileImage"": """", ""profileImageOptimized"": """", ""transactionHash"": ""0xbb9fcfbbe1f5bc37098e67124b14186dc50813886c7e692c7b650bc6f5e03644""}"
1770514257,2026-02-14T01:58:35.433184,0xac728204e79e172783c8c747614c324774d7b3c7dc3c0eca8c59dcb88c3d5aef:1770514257,561251,39223330966352513418907732239455948906399882924787587183466504819170775983376,SELL,0.007,140.0,0.98,0xac728204e79e172783c8c747614c324774d7b3c7dc3c0eca8c59dcb88c3d5aef,"{""proxyWallet"": ""0x39aef0a049c29c2529e47cefa04545f7327994f0"", ""side"": ""SELL"", ""asset"": ""39223330966352513418907732239455948906399882924787587183466504819170775983376"", ""conditionId"": ""0x836b850fc838195374862551a36f1c8691d96ff01e58b0a071f0fc1a0e357fb1"", ""size"": 140, ""price"": 0.007, ""timestamp"": 1770514257, ""title"": ""Will LeBron James win the 2028 US Presidential Election?"", ""slug"": ""will-lebron-james-win-the-2028-us-presidential-election"", ""icon"": ""https://polymarket-upload.s3.us-east-2.amazonaws.com/Lebron_James.png"", ""eventSlug"": ""presidential-election-winner-2028"", ""outcome"": ""Yes"", ""outcomeIndex"": 0, ""name"": ""jojore"", ""pseudonym"": ""Defiant-Mambo"", ""bio"": """", ""profileImage"": """", ""profileImageOptimized"": """", ""transactionHash"": ""0xac728204e79e172783c8c747614c324774d7b3c7dc3c0eca8c59dcb88c3d5aef""}"
1770514243,2026-02-14T01:58:35.433196,0xc4d51c828f29cb010cc48934226a57abd36779aa6ecf83956612d0a185c409d4:1770514243,561251,39223330966352513418907732239455948906399882924787587183466504819170775983376,BUY,0.008,175.0,1.4000000000000001,0xc4d51c828f29cb010cc48934226a57abd36779aa6ecf83956612d0a185c409d4,"{""proxyWallet"": ""0x39aef0a049c29c2529e47cefa04545f7327994f0"", ""side"": ""BUY"", ""asset"": ""39223330966352513418907732239455948906399882924787587183466504819170775983376"", ""conditionId"": ""0x836b850fc838195374862551a36f1c8691d96ff01e58b0a071f0fc1a0e357fb1"", ""size"": 175, ""price"": 0.008, ""timestamp"": 1770514243, ""title"": ""Will LeBron James win the 2028 US Presidential Election?"", ""slug"": ""will-lebron-james-win-the-2028-us-presidential-election"", ""icon"": ""https://polymarket-upload.s3.us-east-2.amazonaws.com/Lebron_James.png"", ""eventSlug"": ""presidential-election-winner-2028"", ""outcome"": ""Yes"", ""outcomeIndex"": 0, ""name"": ""jojore"", ""pseudonym"": ""Defiant-Mambo"", ""bio"": """", ""profileImage"": """", ""profileImageOptimized"": """", ""transactionHash"": ""0xc4d51c828f29cb010cc48934226a57abd36779aa6ecf83956612d0a185c409d4""}"
1770514233,2026-02-14T01:58:35.433209,0xbb42bd0bcdb3f0ce27303409c200b5359782961fc93653e6b4fa6cebf7aaf663:1770514233,561251,39223330966352513418907732239455948906399882924787587183466504819170775983376,SELL,0.007,140.0,0.98,0xbb42bd0bcdb3f0ce27303409c200b5359782961fc93653e6b4fa6cebf7aaf663,"{""proxyWallet"": ""0x39aef0a049c29c2529e47cefa04545f7327994f0"", ""side"": ""SELL"", ""asset"": ""39223330966352513418907732239455948906399882924787587183466504819170775983376"", ""conditionId"": ""0x836b850fc838195374862551a36f1c8691d96ff01e58b0a071f0fc1a0e357fb1"", ""size"": 140, ""price"": 0.007, ""timestamp"": 1770514233, ""title"": ""Will LeBron James win the 2028 US Presidential Election?"", ""slug"": ""will-lebron-james-win-the-2028-us-presidential-election"", ""icon"": ""https://polymarket-upload.s3.us-east-2.amazonaws.com/Lebron_James.png"", ""eventSlug"": ""presidential-election-winner-2028"", ""outcome"": ""Yes"", ""outcomeIndex"": 0, ""name"": ""jojore"", ""pseudonym"": ""Defiant-Mambo"", ""bio"": """", ""profileImage"": """", ""profileImageOptimized"": """", ""transactionHash"": ""0xbb42bd0bcdb3f0ce27303409c200b5359782961fc93653e6b4fa6cebf7aaf663""}"
1770514223,2026-02-14T01:58:35.433224,0xe268b33804ad30911fecaf2ac204b94fafccb8e039e125be7715b77e025c8e6b:1770514223,561251,39223330966352513418907732239455948906399882924787587183466504819170775983376,BUY,0.008,175.0,1.4000000000000001,0xe268b33804ad30911fecaf2ac204b94fafccb8e039e125be7715b77e025c8e6b,"{""proxyWallet"": ""0x39aef0a049c29c2529e47cefa04545f7327994f0"", ""side"": ""BUY"", ""asset"": ""39223330966352513418907732239455948906399882924787587183466504819170775983376"", ""conditionId"": ""0x836b850fc838195374862551a36f1c8691d96ff01e58b0a071f0fc1a0e357fb1"", ""size"": 175, ""price"": 0.008, ""timestamp"": 1770514223, ""title"": ""Will LeBron James win the 2028 US Presidential Election?"", ""slug"": ""will-lebron-james-win-the-2028-us-presidential-election"", ""icon"": ""https://polymarket-upload.s3.us-east-2.amazonaws.com/Lebron_James.png"", ""eventSlug"": ""presidential-election-winner-2028"", ""outcome"": ""Yes"", ""outcomeIndex"": 0, ""name"": ""jojore"", ""pseudonym"": ""Defiant-Mambo"", ""bio"": """", ""profileImage"": """", ""profileImageOptimized"": """", ""transactionHash"": ""0xe268b33804ad30911fecaf2ac204b94fafccb8e039e125be7715b77e025c8e6b""}"
1770514213,2026-02-14T01:58:35.433237,0xc9fce6f7d8d121d9a84eb89f8cde2d7abbecc41d0bc5187155aeabbb9603017f:1770514213,561251,39223330966352513418907732239455948906399882924787587183466504819170775983376,SELL,0.007,140.0,0.98,0xc9fce6f7d8d121d9a84eb89f8cde2d7abbecc41d0bc5187155aeabbb9603017f,"{""proxyWallet"": ""0x39aef0a049c29c2529e47cefa04545f7327994f0"", ""side"": ""SELL"", ""asset"": ""39223330966352513418907732239455948906399882924787587183466504819170775983376"", ""conditionId"": ""0x836b850fc838195374862551a36f1c8691d96ff01e58b0a071f0fc1a0e357fb1"", ""size"": 140, ""price"": 0.007, ""timestamp"": 1770514213, ""title"": ""Will LeBron James win the 2028 US Presidential Election?"", ""slug"": ""will-lebron-james-win-the-2028-us-presidential-election"", ""icon"": ""https://polymarket-upload.s3.us-east-2.amazonaws.com/Lebron_James.png"", ""eventSlug"": ""presidential-election-winner-2028"", ""outcome"": ""Yes"", ""outcomeIndex"": 0, ""name"": ""jojore"", ""pseudonym"": ""Defiant-Mambo"", ""bio"": """", ""profileImage"": """", ""profileImageOptimized"": """", ""transactionHash"": ""0xc9fce6f7d8d121d9a84eb89f8cde2d7abbecc41d0bc5187155aeabbb9603017f""}"
1770514205,2026-02-14T01:58:35.433250,0xf7a7b6b044f60e5e55d2d4fcf90051fcd381ffe6f5fbd22b12916aa085bdc648:1770514205,561251,39223330966352513418907732239455948906399882924787587183466504819170775983376,BUY,0.008,175.0,1.4000000000000001,0xf7a7b6b044f60e5e55d2d4fcf90051fcd381ffe6f5fbd22b12916aa085bdc648,"{""proxyWallet"": ""0x39aef0a049c29c2529e47cefa04545f7327994f0"", ""side"": ""BUY"", ""asset"": ""39223330966352513418907732239455948906399882924787587183466504819170775983376"", ""conditionId"": ""0x836b850fc838195374862551a36f1c8691d96ff01e58b0a071f0fc1a0e357fb1"", ""size"": 175, ""price"": 0.008, ""timestamp"": 1770514205, ""title"": ""Will LeBron James win the 2028 US Presidential Election?"", ""slug"": ""will-lebron-james-win-the-2028-us-presidential-election"", ""icon"": ""https://polymarket-upload.s3.us-east-2.amazonaws.com/Lebron_James.png"", ""eventSlug"": ""presidential-election-winner-2028"", ""outcome"": ""Yes"", ""outcomeIndex"": 0, ""name"": ""jojore"", ""pseudonym"": ""Defiant-Mambo"", ""bio"": """", ""profileImage"": """", ""profileImageOptimized"": """", ""transactionHash"": ""0xf7a7b6b044f60e5e55d2d4fcf90051fcd381ffe6f5fbd22b12916aa085bdc648""}"
1770514199,2026-02-14T01:58:35.433263,0xb1c1c3d9cab929f169100d8c46d53e0ef8fb6fb12ce208be2892c70df7f7cc82:1770514199,561251,39223330966352513418907732239455948906399882924787587183466504819170775983376,SELL,0.007,140.0,0.98,0xb1c1c3d9cab929f169100d8c46d53e0ef8fb6fb12ce208be2892c70df7f7cc82,"{""proxyWallet"": ""0x39aef0a049c29c2529e47cefa04545f7327994f0"", ""side"": ""SELL"", ""asset"": ""39223330966352513418907732239455948906399882924787587183466504819170775983376"", ""conditionId"": ""0x836b850fc838195374862551a36f1c8691d96ff01e58b0a071f0fc1a0e357fb1"", ""size"": 140, ""price"": 0.007, ""timestamp"": 1770514199, ""title"": ""Will LeBron James win the 2028 US Presidential Election?"", ""slug"": ""will-lebron-james-win-the-2028-us-presidential-election"", ""icon"": ""https://polymarket-upload.s3.us-east-2.amazonaws.com/Lebron_James.png"", ""eventSlug"": ""presidential-election-winner-2028"", ""outcome"": ""Yes"", ""outcomeIndex"": 0, ""name"": ""jojore"", ""pseudonym"": ""Defiant-Mambo"", ""bio"": """", ""profileImage"": """", ""profileImageOptimized"": """", ""transactionHash"": ""0xb1c1c3d9cab929f169100d8c46d53e0ef8fb6fb12ce208be2892c70df7f7cc82""}"
1770514193,2026-02-14T01:58:35.433276,0xceef61b6333c17d671faa47af57053161455d68e000d4fe9c20370692c54ec7e:1770514193,561251,39223330966352513418907732239455948906399882924787587183466504819170775983376,BUY,0.008,175.0,1.4000000000000001,0xceef61b6333c17d671faa47af57053161455d68e000d4fe9c20370692c54ec7e,"{""proxyWallet"": ""0x39aef0a049c29c2529e47cefa04545f7327994f0"", ""side"": ""BUY"", ""asset"": ""39223330966352513418907732239455948906399882924787587183466504819170775983376"", ""conditionId"": ""0x836b850fc838195374862551a36f1c8691d96ff01e58b0a071f0fc1a0e357fb1"", ""size"": 175, ""price"": 0.008, ""timestamp"": 1770514193, ""title"": ""Will LeBron James win the 2028 US Presidential Election?"", ""slug"": ""will-lebron-james-win-the-2028-us-presidential-election"", ""icon"": ""https://polymarket-upload.s3.us-east-2.amazonaws.com/Lebron_James.png"", ""eventSlug"": ""presidential-election-winner-2028"", ""outcome"": ""Yes"", ""outcomeIndex"": 0, ""name"": ""jojore"", ""pseudonym"": ""Defiant-Mambo"", ""bio"": """", ""profileImage"": """", ""profileImageOptimized"": """", ""transactionHash"": ""0xceef61b6333c17d671faa47af57053161455d68e000d4fe9c20370692c54ec7e""}"
1770514187,2026-02-14T01:58:35.433289,0xe04915c5a6a40a6770f04e58eaea70d13a02860c5bcb943c9de606249bcc88ad:1770514187,561251,39223330966352513418907732239455948906399882924787587183466504819170775983376,SELL,0.007,140.0,0.98,0xe04915c5a6a40a6770f04e58eaea70d13a02860c5bcb943c9de606249bcc88ad,"{""proxyWallet"": ""0x39aef0a049c29c2529e47cefa04545f7327994f0"", ""side"": ""SELL"", ""asset"": ""39223330966352513418907732239455948906399882924787587183466504819170775983376"", ""conditionId"": ""0x836b850fc838195374862551a36f1c8691d96ff01e58b0a071f0fc1a0e357fb1"", ""size"": 140, ""price"": 0.007, ""timestamp"": 1770514187, ""title"": ""Will LeBron James win the 2028 US Presidential Election?"", ""slug"": ""will-lebron-james-win-the-2028-us-presidential-election"", ""icon"": ""https://polymarket-upload.s3.us-east-2.amazonaws.com/Lebron_James.png"", ""eventSlug"": ""presidential-election-winner-2028"", ""outcome"": ""Yes"", ""outcomeIndex"": 0, ""name"": ""jojore"", ""pseudonym"": ""Defiant-Mambo"", ""bio"": """", ""profileImage"": """", ""profileImageOptimized"": """", ""transactionHash"": ""0xe04915c5a6a40a6770f04e58eaea70d13a02860c5bcb943c9de606249bcc88ad""}"
1770514181,2026-02-14T01:58:35.433302,0xd286efac5e0a73bcefae63594e9caa3970142946f4bef55e92b1a44f71dbc41e:1770514181,561251,39223330966352513418907732239455948906399882924787587183466504819170775983376,BUY,0.008,175.0,1.4000000000000001,0xd286efac5e0a73bcefae63594e9caa3970142946f4bef55e92b1a44f71dbc41e,"{""proxyWallet"": ""0x39aef0a049c29c2529e47cefa04545f7327994f0"", ""side"": ""BUY"", ""asset"": ""39223330966352513418907732239455948906399882924787587183466504819170775983376"", ""conditionId"": ""0x836b850fc838195374862551a36f1c8691d96ff01e58b0a071f0fc1a0e357fb1"", ""size"": 175, ""price"": 0.008, ""timestamp"": 1770514181, ""title"": ""Will LeBron James win the 2028 US Presidential Election?"", ""slug"": ""will-lebron-james-win-the-2028-us-presidential-election"", ""icon"": ""https://polymarket-upload.s3.us-east-2.amazonaws.com/Lebron_James.png"", ""eventSlug"": ""presidential-election-winner-2028"", ""outcome"": ""Yes"", ""outcomeIndex"": 0, ""name"": ""jojore"", ""pseudonym"": ""Defiant-Mambo"", ""bio"": """", ""profileImage"": """", ""profileImageOptimized"": """", ""transactionHash"": ""0xd286efac5e0a73bcefae63594e9caa3970142946f4bef55e92b1a44f71dbc41e""}"
1770514175,2026-02-14T01:58:35.433319,0x9304a7ed767d0b52a2215ba1672951b8e38f809a79a14aa1ce600b121f6f15a2:1770514175,561251,39223330966352513418907732239455948906399882924787587183466504819170775983376,SELL,0.007,140.0,0.98,0x9304a7ed767d0b52a2215ba1672951b8e38f809a79a14aa1ce600b121f6f15a2,"{""proxyWallet"": ""0x39aef0a049c29c2529e47cefa04545f7327994f0"", ""side"": ""SELL"", ""asset"": ""39223330966352513418907732239455948906399882924787587183466504819170775983376"", ""conditionId"": ""0x836b850fc838195374862551a36f1c8691d96ff01e58b0a071f0fc1a0e357fb1"", ""size"": 140, ""price"": 0.007, ""timestamp"": 1770514175, ""title"": ""Will LeBron James win the 2028 US Presidential Election?"", ""slug"": ""will-lebron-james-win-the-2028-us-presidential-election"", ""icon"": ""https://polymarket-upload.s3.us-east-2.amazonaws.com/Lebron_James.png"", ""eventSlug"": ""presidential-election-winner-2028"", ""outcome"": ""Yes"", ""outcomeIndex"": 0, ""name"": ""jojore"", ""pseudonym"": ""Defiant-Mambo"", ""bio"": """", ""profileImage"": """", ""profileImageOptimized"": """", ""transactionHash"": ""0x9304a7ed767d0b52a2215ba1672951b8e38f809a79a14aa1ce600b121f6f15a2""}"
1770514169,2026-02-14T01:58:35.433333,0x71ecfe31cfffa8f7fdf3242d6b862e5c1e0f459eb10d1e480c11dde11e53220a:1770514169,561251,39223330966352513418907732239455948906399882924787587183466504819170775983376,BUY,0.008,175.0,1.4000000000000001,0x71ecfe31cfffa8f7fdf3242d6b862e5c1e0f459eb10d1e480c11dde11e53220a,"{""proxyWallet"": ""0x39aef0a049c29c2529e47cefa04545f7327994f0"", ""side"": ""BUY"", ""asset"": ""39223330966352513418907732239455948906399882924787587183466504819170775983376"", ""conditionId"": ""0x836b850fc838195374862551a36f1c8691d96ff01e58b0a071f0fc1a0e357fb1"", ""size"": 175, ""price"": 0.008, ""timestamp"": 1770514169, ""title"": ""Will LeBron James win the 2028 US Presidential Election?"", ""slug"": ""will-lebron-james-win-the-2028-us-presidential-election"", ""icon"": ""https://polymarket-upload.s3.us-east-2.amazonaws.com/Lebron_James.png"", ""eventSlug"": ""presidential-election-winner-2028"", ""outcome"": ""Yes"", ""outcomeIndex"": 0, ""name"": ""jojore"", ""pseudonym"": ""Defiant-Mambo"", ""bio"": """", ""profileImage"": """", ""profileImageOptimized"": """", ""transactionHash"": ""0x71ecfe31cfffa8f7fdf3242d6b862e5c1e0f459eb10d1e480c11dde11e53220a""}"
1770514163,2026-02-14T01:58:35.433345,0xa00ed1b9226fe1b39c1f3d49ee55e7620f6790722473682fe4e17e19fa8e9c18:1770514163,561251,39223330966352513418907732239455948906399882924787587183466504819170775983376,SELL,0.007,140.0,0.98,0xa00ed1b9226fe1b39c1f3d49ee55e7620f6790722473682fe4e17e19fa8e9c18,"{""proxyWallet"": ""0x39aef0a049c29c2529e47cefa04545f7327994f0"", ""side"": ""SELL"", ""asset"": ""39223330966352513418907732239455948906399882924787587183466504819170775983376"", ""conditionId"": ""0x836b850fc838195374862551a36f1c8691d96ff01e58b0a071f0fc1a0e357fb1"", ""size"": 140, ""price"": 0.007, ""timestamp"": 1770514163, ""title"": ""Will LeBron James win the 2028 US Presidential Election?"", ""slug"": ""will-lebron-james-win-the-2028-us-presidential-election"", ""icon"": ""https://polymarket-upload.s3.us-east-2.amazonaws.com/Lebron_James.png"", ""eventSlug"": ""presidential-election-winner-2028"", ""outcome"": ""Yes"", ""outcomeIndex"": 0, ""name"": ""jojore"", ""pseudonym"": ""Defiant-Mambo"", ""bio"": """", ""profileImage"": """", ""profileImageOptimized"": """", ""transactionHash"": ""0xa00ed1b9226fe1b39c1f3d49ee55e7620f6790722473682fe4e17e19fa8e9c18""}"
1770514157,2026-02-14T01:58:35.433357,0xce31b5424091fbd08d2d6b26394b713b16ee1446f5fd8d85da6b06d6cde9c5da:1770514157,561251,39223330966352513418907732239455948906399882924787587183466504819170775983376,BUY,0.008,175.0,1.4000000000000001,0xce31b5424091fbd08d2d6b26394b713b16ee1446f5fd8d85da6b06d6cde9c5da,"{""proxyWallet"": ""0x39aef0a049c29c2529e47cefa04545f7327994f0"", ""side"": ""BUY"", ""asset"": ""39223330966352513418907732239455948906399882924787587183466504819170775983376"", ""conditionId"": ""0x836b850fc838195374862551a36f1c8691d96ff01e58b0a071f0fc1a0e357fb1"", ""size"": 175, ""price"": 0.008, ""timestamp"": 1770514157, ""title"": ""Will LeBron James win the 2028 US Presidential Election?"", ""slug"": ""will-lebron-james-win-the-2028-us-presidential-election"", ""icon"": ""https://polymarket-upload.s3.us-east-2.amazonaws.com/Lebron_James.png"", ""eventSlug"": ""presidential-election-winner-2028"", ""outcome"": ""Yes"", ""outcomeIndex"": 0, ""name"": ""jojore"", ""pseudonym"": ""Defiant-Mambo"", ""bio"": """", ""profileImage"": """", ""profileImageOptimized"": """", ""transactionHash"": ""0xce31b5424091fbd08d2d6b26394b713b16ee1446f5fd8d85da6b06d6cde9c5da""}"
1770514151,2026-02-14T01:58:35.433368,0x2dc5ecc539a0171229d784dfa924b02f62e9e81e03ce8eb4c46c3654dc17896a:1770514151,561251,39223330966352513418907732239455948906399882924787587183466504819170775983376,SELL,0.007,140.0,0.98,0x2dc5ecc539a0171229d784dfa924b02f62e9e81e03ce8eb4c46c3654dc17896a,"{""proxyWallet"": ""0x39aef0a049c29c2529e47cefa04545f7327994f0"", ""side"": ""SELL"", ""asset"": ""39223330966352513418907732239455948906399882924787587183466504819170775983376"", ""conditionId"": ""0x836b850fc838195374862551a36f1c8691d96ff01e58b0a071f0fc1a0e357fb1"", ""size"": 140, ""price"": 0.007, ""timestamp"": 1770514151, ""title"": ""Will LeBron James win the 2028 US Presidential Election?"", ""slug"": ""will-lebron-james-win-the-2028-us-presidential-election"", ""icon"": ""https://polymarket-upload.s3.us-east-2.amazonaws.com/Lebron_James.png"", ""eventSlug"": ""presidential-election-winner-2028"", ""outcome"": ""Yes"", ""outcomeIndex"": 0, ""name"": ""jojore"", ""pseudonym"": ""Defiant-Mambo"", ""bio"": """", ""profileImage"": """", ""profileImageOptimized"": """", ""transactionHash"": ""0x2dc5ecc539a0171229d784dfa924b02f62e9e81e03ce8eb4c46c3654dc17896a""}"
1770514145,2026-02-14T01:58:35.433380,0x7e612b9eb5ba5733ccce0d0dcffa63837fe71c21e28958867cda85ad8d835fa8:1770514145,561251,39223330966352513418907732239455948906399882924787587183466504819170775983376,BUY,0.008,175.0,1.4000000000000001,0x7e612b9eb5ba5733ccce0d0dcffa63837fe71c21e28958867cda85ad8d835fa8,"{""proxyWallet"": ""0x39aef0a049c29c2529e47cefa04545f7327994f0"", ""side"": ""BUY"", ""asset"": ""39223330966352513418907732239455948906399882924787587183466504819170775983376"", ""conditionId"": ""0x836b850fc838195374862551a36f1c8691d96ff01e58b0a071f0fc1a0e357fb1"", ""size"": 175, ""price"": 0.008, ""timestamp"": 1770514145, ""title"": ""Will LeBron James win the 2028 US Presidential Election?"", ""slug"": ""will-lebron-james-win-the-2028-us-presidential-election"", ""icon"": ""https://polymarket-upload.s3.us-east-2.amazonaws.com/Lebron_James.png"", ""eventSlug"": ""presidential-election-winner-2028"", ""outcome"": ""Yes"", ""outcomeIndex"": 0, ""name"": ""jojore"", ""pseudonym"": ""Defiant-Mambo"", ""bio"": """", ""profileImage"": """", ""profileImageOptimized"": """", ""transactionHash"": ""0x7e612b9eb5ba5733ccce0d0dcffa63837fe71c21e28958867cda85ad8d835fa8""}"
1770514139,2026-02-14T01:58:35.433391,0xd52049208939d32d55d5a7a0da58015414a7de85d63ce840fa5978d28729a024:1770514139,561251,39223330966352513418907732239455948906399882924787587183466504819170775983376,SELL,0.007,140.0,0.98,0xd52049208939d32d55d5a7a0da58015414a7de85d63ce840fa5978d28729a024,"{""proxyWallet"": ""0x39aef0a049c29c2529e47cefa04545f7327994f0"", ""side"": ""SELL"", ""asset"": ""39223330966352513418907732239455948906399882924787587183466504819170775983376"", ""conditionId"": ""0x836b850fc838195374862551a36f1c8691d96ff01e58b0a071f0fc1a0e357fb1"", ""size"": 140, ""price"": 0.007, ""timestamp"": 1770514139, ""title"": ""Will LeBron James win the 2028 US Presidential Election?"", ""slug"": ""will-lebron-james-win-the-2028-us-presidential-election"", ""icon"": ""https://polymarket-upload.s3.us-east-2.amazonaws.com/Lebron_James.png"", ""eventSlug"": ""presidential-election-winner-2028"", ""outcome"": ""Yes"", ""outcomeIndex"": 0, ""name"": ""jojore"", ""pseudonym"": ""Defiant-Mambo"", ""bio"": """", ""profileImage"": """", ""profileImageOptimized"": """", ""transactionHash"": ""0xd52049208939d32d55d5a7a0da58015414a7de85d63ce840fa5978d28729a024""}"
1770514133,2026-02-14T01:58:35.433404,0xe0018840db50b2078f429d1440fd3c2eb1193b0fc07d830bd77b2171b7147a54:1770514133,561251,39223330966352513418907732239455948906399882924787587183466504819170775983376,BUY,0.008,175.0,1.4000000000000001,0xe0018840db50b2078f429d1440fd3c2eb1193b0fc07d830bd77b2171b7147a54,"{""proxyWallet"": ""0x39aef0a049c29c2529e47cefa04545f7327994f0"", ""side"": ""BUY"", ""asset"": ""39223330966352513418907732239455948906399882924787587183466504819170775983376"", ""conditionId"": ""0x836b850fc838195374862551a36f1c8691d96ff01e58b0a071f0fc1a0e357fb1"", ""size"": 175, ""price"": 0.008, ""timestamp"": 1770514133, ""title"": ""Will LeBron James win the 2028 US Presidential Election?"", ""slug"": ""will-lebron-james-win-the-2028-us-presidential-election"", ""icon"": ""https://polymarket-upload.s3.us-east-2.amazonaws.com/Lebron_James.png"", ""eventSlug"": ""presidential-election-winner-2028"", ""outcome"": ""Yes"", ""outcomeIndex"": 0, ""name"": ""jojore"", ""pseudonym"": ""Defiant-Mambo"", ""bio"": """", ""profileImage"": """", ""profileImageOptimized"": """", ""transactionHash"": ""0xe0018840db50b2078f429d1440fd3c2eb1193b0fc07d830bd77b2171b7147a54""}"
1770514127,2026-02-14T01:58:35.433417,0x5a4fb3985d88cc1307b1f0a30799a7cf5aee90dfc8a9b0b0b4aa45406a5fda8c:1770514127,561251,39223330966352513418907732239455948906399882924787587183466504819170775983376,SELL,0.007,140.0,0.98,0x5a4fb3985d88cc1307b1f0a30799a7cf5aee90dfc8a9b0b0b4aa45406a5fda8c,"{""proxyWallet"": ""0x39aef0a049c29c2529e47cefa04545f7327994f0"", ""side"": ""SELL"", ""asset"": ""39223330966352513418907732239455948906399882924787587183466504819170775983376"", ""conditionId"": ""0x836b850fc838195374862551a36f1c8691d96ff01e58b0a071f0fc1a0e357fb1"", ""size"": 140, ""price"": 0.007, ""timestamp"": 1770514127, ""title"": ""Will LeBron James win the 2028 US Presidential Election?"", ""slug"": ""will-lebron-james-win-the-2028-us-presidential-election"", ""icon"": ""https://polymarket-upload.s3.us-east-2.amazonaws.com/Lebron_James.png"", ""eventSlug"": ""presidential-election-winner-2028"", ""outcome"": ""Yes"", ""outcomeIndex"": 0, ""name"": ""jojore"", ""pseudonym"": ""Defiant-Mambo"", ""bio"": """", ""profileImage"": """", ""profileImageOptimized"": """", ""transactionHash"": ""0x5a4fb3985d88cc1307b1f0a30799a7cf5aee90dfc8a9b0b0b4aa45406a5fda8c""}"
1770514121,2026-02-14T01:58:35.433428,0x57670c0ca5fb53e7a8119a83d75bdd683fcd5a841208f65fc1f10a681389b378:1770514121,561251,39223330966352513418907732239455948906399882924787587183466504819170775983376,BUY,0.008,175.0,1.4000000000000001,0x57670c0ca5fb53e7a8119a83d75bdd683fcd5a841208f65fc1f10a681389b378,"{""proxyWallet"": ""0x39aef0a049c29c2529e47cefa04545f7327994f0"", ""side"": ""BUY"", ""asset"": ""39223330966352513418907732239455948906399882924787587183466504819170775983376"", ""conditionId"": ""0x836b850fc838195374862551a36f1c8691d96ff01e58b0a071f0fc1a0e357fb1"", ""size"": 175, ""price"": 0.008, ""timestamp"": 1770514121, ""title"": ""Will LeBron James win the 2028 US Presidential Election?"", ""slug"": ""will-lebron-james-win-the-2028-us-presidential-election"", ""icon"": ""https://polymarket-upload.s3.us-east-2.amazonaws.com/Lebron_James.png"", ""eventSlug"": ""presidential-election-winner-2028"", ""outcome"": ""Yes"", ""outcomeIndex"": 0, ""name"": ""jojore"", ""pseudonym"": ""Defiant-Mambo"", ""bio"": """", ""profileImage"": """", ""profileImageOptimized"": """", ""transactionHash"": ""0x57670c0ca5fb53e7a8119a83d75bdd683fcd5a841208f65fc1f10a681389b378""}"
1770514115,2026-02-14T01:58:35.433440,0x8612f79de6039b7a55692e946ad5383aa843da7bf4d72996d1ab1ae56c49a493:1770514115,561251,39223330966352513418907732239455948906399882924787587183466504819170775983376,SELL,0.007,140.0,0.98,0x8612f79de6039b7a55692e946ad5383aa843da7bf4d72996d1ab1ae56c49a493,"{""proxyWallet"": ""0x39aef0a049c29c2529e47cefa04545f7327994f0"", ""side"": ""SELL"", ""asset"": ""39223330966352513418907732239455948906399882924787587183466504819170775983376"", ""conditionId"": ""0x836b850fc838195374862551a36f1c8691d96ff01e58b0a071f0fc1a0e357fb1"", ""size"": 140, ""price"": 0.007, ""timestamp"": 1770514115, ""title"": ""Will LeBron James win the 2028 US Presidential Election?"", ""slug"": ""will-lebron-james-win-the-2028-us-presidential-election"", ""icon"": ""https://polymarket-upload.s3.us-east-2.amazonaws.com/Lebron_James.png"", ""eventSlug"": ""presidential-election-winner-2028"", ""outcome"": ""Yes"", ""outcomeIndex"": 0, ""name"": ""jojore"", ""pseudonym"": ""Defiant-Mambo"", ""bio"": """", ""profileImage"": """", ""profileImageOptimized"": """", ""transactionHash"": ""0x8612f79de6039b7a55692e946ad5383aa843da7bf4d72996d1ab1ae56c49a493""}"
1770514109,2026-02-14T01:58:35.433452,0xa7e8763f7979aee2d66ba8fbe9c9e6dd94c065dc1175ac656a4e05a6cb493d86:1770514109,561251,39223330966352513418907732239455948906399882924787587183466504819170775983376,BUY,0.008,175.0,1.4000000000000001,0xa7e8763f7979aee2d66ba8fbe9c9e6dd94c065dc1175ac656a4e05a6cb493d86,"{""proxyWallet"": ""0x39aef0a049c29c2529e47cefa04545f7327994f0"", ""side"": ""BUY"", ""asset"": ""39223330966352513418907732239455948906399882924787587183466504819170775983376"", ""conditionId"": ""0x836b850fc838195374862551a36f1c8691d96ff01e58b0a071f0fc1a0e357fb1"", ""size"": 175, ""price"": 0.008, ""timestamp"": 1770514109, ""title"": ""Will LeBron James win the 2028 US Presidential Election?"", ""slug"": ""will-lebron-james-win-the-2028-us-presidential-election"", ""icon"": ""https://polymarket-upload.s3.us-east-2.amazonaws.com/Lebron_James.png"", ""eventSlug"": ""presidential-election-winner-2028"", ""outcome"": ""Yes"", ""outcomeIndex"": 0, ""name"": ""jojore"", ""pseudonym"": ""Defiant-Mambo"", ""bio"": """", ""profileImage"": """", ""profileImageOptimized"": """", ""transactionHash"": ""0xa7e8763f7979aee2d66ba8fbe9c9e6dd94c065dc1175ac656a4e05a6cb493d86""}"
1770514103,2026-02-14T01:58:35.433463,0x878b2f787870250c2d611f032e8e7666ef768011b85bbb30336b93bf316fdab0:1770514103,561251,39223330966352513418907732239455948906399882924787587183466504819170775983376,SELL,0.007,140.0,0.98,0x878b2f787870250c2d611f032e8e7666ef768011b85bbb30336b93bf316fdab0,"{""proxyWallet"": ""0x39aef0a049c29c2529e47cefa04545f7327994f0"", ""side"": ""SELL"", ""asset"": ""39223330966352513418907732239455948906399882924787587183466504819170775983376"", ""conditionId"": ""0x836b850fc838195374862551a36f1c8691d96ff01e58b0a071f0fc1a0e357fb1"", ""size"": 140, ""price"": 0.007, ""timestamp"": 1770514103, ""title"": ""Will LeBron James win the 2028 US Presidential Election?"", ""slug"": ""will-lebron-james-win-the-2028-us-presidential-election"", ""icon"": ""https://polymarket-upload.s3.us-east-2.amazonaws.com/Lebron_James.png"", ""eventSlug"": ""presidential-election-winner-2028"", ""outcome"": ""Yes"", ""outcomeIndex"": 0, ""name"": ""jojore"", ""pseudonym"": ""Defiant-Mambo"", ""bio"": """", ""profileImage"": """", ""profileImageOptimized"": """", ""transactionHash"": ""0x878b2f787870250c2d611f032e8e7666ef768011b85bbb30336b93bf316fdab0""}"
1770514097,2026-02-14T01:58:35.433474,0xe80d2ac99316712ac58f4c70792930cb02710e6ad93efe4f75e8d60e84d13482:1770514097,561251,39223330966352513418907732239455948906399882924787587183466504819170775983376,BUY,0.008,175.0,1.4000000000000001,0xe80d2ac99316712ac58f4c70792930cb02710e6ad93efe4f75e8d60e84d13482,"{""proxyWallet"": ""0x39aef0a049c29c2529e47cefa04545f7327994f0"", ""side"": ""BUY"", ""asset"": ""39223330966352513418907732239455948906399882924787587183466504819170775983376"", ""conditionId"": ""0x836b850fc838195374862551a36f1c8691d96ff01e58b0a071f0fc1a0e357fb1"", ""size"": 175, ""price"": 0.008, ""timestamp"": 1770514097, ""title"": ""Will LeBron James win the 2028 US Presidential Election?"", ""slug"": ""will-lebron-james-win-the-2028-us-presidential-election"", ""icon"": ""https://polymarket-upload.s3.us-east-2.amazonaws.com/Lebron_James.png"", ""eventSlug"": ""presidential-election-winner-2028"", ""outcome"": ""Yes"", ""outcomeIndex"": 0, ""name"": ""jojore"", ""pseudonym"": ""Defiant-Mambo"", ""bio"": """", ""profileImage"": """", ""profileImageOptimized"": """", ""transactionHash"": ""0xe80d2ac99316712ac58f4c70792930cb02710e6ad93efe4f75e8d60e84d13482""}"
1770514089,2026-02-14T01:58:35.433485,0x3409a995ea8cf23cd1e54e37689daa4e02abc1de55fcb42086ef37bfe54535aa:1770514089,561251,39223330966352513418907732239455948906399882924787587183466504819170775983376,SELL,0.007,140.0,0.98,0x3409a995ea8cf23cd1e54e37689daa4e02abc1de55fcb42086ef37bfe54535aa,"{""proxyWallet"": ""0x39aef0a049c29c2529e47cefa04545f7327994f0"", ""side"": ""SELL"", ""asset"": ""39223330966352513418907732239455948906399882924787587183466504819170775983376"", ""conditionId"": ""0x836b850fc838195374862551a36f1c8691d96ff01e58b0a071f0fc1a0e357fb1"", ""size"": 140, ""price"": 0.007, ""timestamp"": 1770514089, ""title"": ""Will LeBron James win the 2028 US Presidential Election?"", ""slug"": ""will-lebron-james-win-the-2028-us-presidential-election"", ""icon"": ""https://polymarket-upload.s3.us-east-2.amazonaws.com/Lebron_James.png"", ""eventSlug"": ""presidential-election-winner-2028"", ""outcome"": ""Yes"", ""outcomeIndex"": 0, ""name"": ""jojore"", ""pseudonym"": ""Defiant-Mambo"", ""bio"": """", ""profileImage"": """", ""profileImageOptimized"": """", ""transactionHash"": ""0x3409a995ea8cf23cd1e54e37689daa4e02abc1de55fcb42086ef37bfe54535aa""}"
1770514083,2026-02-14T01:58:35.433496,0x8653800503bc6e46cf109c75064e217bc22cb38d556d312e3b4605220f7e19c4:1770514083,561251,39223330966352513418907732239455948906399882924787587183466504819170775983376,BUY,0.008,175.0,1.4000000000000001,0x8653800503bc6e46cf109c75064e217bc22cb38d556d312e3b4605220f7e19c4,"{""proxyWallet"": ""0x39aef0a049c29c2529e47cefa04545f7327994f0"", ""side"": ""BUY"", ""asset"": ""39223330966352513418907732239455948906399882924787587183466504819170775983376"", ""conditionId"": ""0x836b850fc838195374862551a36f1c8691d96ff01e58b0a071f0fc1a0e357fb1"", ""size"": 175, ""price"": 0.008, ""timestamp"": 1770514083, ""title"": ""Will LeBron James win the 2028 US Presidential Election?"", ""slug"": ""will-lebron-james-win-the-2028-us-presidential-election"", ""icon"": ""https://polymarket-upload.s3.us-east-2.amazonaws.com/Lebron_James.png"", ""eventSlug"": ""presidential-election-winner-2028"", ""outcome"": ""Yes"", ""outcomeIndex"": 0, ""name"": ""jojore"", ""pseudonym"": ""Defiant-Mambo"", ""bio"": """", ""profileImage"": """", ""profileImageOptimized"": """", ""transactionHash"": ""0x8653800503bc6e46cf109c75064e217bc22cb38d556d312e3b4605220f7e19c4""}"
1770514077,2026-02-14T01:58:35.433510,0x2888565eb597c8b83f9ec4a967b3e39bb8f41a7b1b724ef9292d2818bf5d4e1b:1770514077,561251,39223330966352513418907732239455948906399882924787587183466504819170775983376,SELL,0.007,140.0,0.98,0x2888565eb597c8b83f9ec4a967b3e39bb8f41a7b1b724ef9292d2818bf5d4e1b,"{""proxyWallet"": ""0x39aef0a049c29c2529e47cefa04545f7327994f0"", ""side"": ""SELL"", ""asset"": ""39223330966352513418907732239455948906399882924787587183466504819170775983376"", ""conditionId"": ""0x836b850fc838195374862551a36f1c8691d96ff01e58b0a071f0fc1a0e357fb1"", ""size"": 140, ""price"": 0.007, ""timestamp"": 1770514077, ""title"": ""Will LeBron James win the 2028 US Presidential Election?"", ""slug"": ""will-lebron-james-win-the-2028-us-presidential-election"", ""icon"": ""https://polymarket-upload.s3.us-east-2.amazonaws.com/Lebron_James.png"", ""eventSlug"": ""presidential-election-winner-2028"", ""outcome"": ""Yes"", ""outcomeIndex"": 0, ""name"": ""jojore"", ""pseudonym"": ""Defiant-Mambo"", ""bio"": """", ""profileImage"": """", ""profileImageOptimized"": """", ""transactionHash"": ""0x2888565eb597c8b83f9ec4a967b3e39bb8f41a7b1b724ef9292d2818bf5d4e1b""}"
1770514071,2026-02-14T01:58:35.433521,0x6ce63b2788277975ebf853410a71a539ebde09dbf117b1b61b9eaa1e7259fa69:1770514071,561251,39223330966352513418907732239455948906399882924787587183466504819170775983376,BUY,0.008,175.0,1.4000000000000001,0x6ce63b2788277975ebf853410a71a539ebde09dbf117b1b61b9eaa1e7259fa69,"{""proxyWallet"": ""0x39aef0a049c29c2529e47cefa04545f7327994f0"", ""side"": ""BUY"", ""asset"": ""39223330966352513418907732239455948906399882924787587183466504819170775983376"", ""conditionId"": ""0x836b850fc838195374862551a36f1c8691d96ff01e58b0a071f0fc1a0e357fb1"", ""size"": 175, ""price"": 0.008, ""timestamp"": 1770514071, ""title"": ""Will LeBron James win the 2028 US Presidential Election?"", ""slug"": ""will-lebron-james-win-the-2028-us-presidential-election"", ""icon"": ""https://polymarket-upload.s3.us-east-2.amazonaws.com/Lebron_James.png"", ""eventSlug"": ""presidential-election-winner-2028"", ""outcome"": ""Yes"", ""outcomeIndex"": 0, ""name"": ""jojore"", ""pseudonym"": ""Defiant-Mambo"", ""bio"": """", ""profileImage"": """", ""profileImageOptimized"": """", ""transactionHash"": ""0x6ce63b2788277975ebf853410a71a539ebde09dbf117b1b61b9eaa1e7259fa69""}"
1770514065,2026-02-14T01:58:35.433533,0x38bfafe213ae6b5cda8a6403b18ad3cc3398136c1a2e2685858a638d557c9296:1770514065,561251,39223330966352513418907732239455948906399882924787587183466504819170775983376,SELL,0.007,140.0,0.98,0x38bfafe213ae6b5cda8a6403b18ad3cc3398136c1a2e2685858a638d557c9296,"{""proxyWallet"": ""0x39aef0a049c29c2529e47cefa04545f7327994f0"", ""side"": ""SELL"", ""asset"": ""39223330966352513418907732239455948906399882924787587183466504819170775983376"", ""conditionId"": ""0x836b850fc838195374862551a36f1c8691d96ff01e58b0a071f0fc1a0e357fb1"", ""size"": 140, ""price"": 0.007, ""timestamp"": 1770514065, ""title"": ""Will LeBron James win the 2028 US Presidential Election?"", ""slug"": ""will-lebron-james-win-the-2028-us-presidential-election"", ""icon"": ""https://polymarket-upload.s3.us-east-2.amazonaws.com/Lebron_James.png"", ""eventSlug"": ""presidential-election-winner-2028"", ""outcome"": ""Yes"", ""outcomeIndex"": 0, ""name"": ""jojore"", ""pseudonym"": ""Defiant-Mambo"", ""bio"": """", ""profileImage"": """", ""profileImageOptimized"": """", ""transactionHash"": ""0x38bfafe213ae6b5cda8a6403b18ad3cc3398136c1a2e2685858a638d557c9296""}"
1770514059,2026-02-14T01:58:35.433544,0x064c6168c7d6c27c565da9c3d7afa8fae8aa3792de444db7d984c4d2d1713248:1770514059,561251,39223330966352513418907732239455948906399882924787587183466504819170775983376,BUY,0.008,175.0,1.4000000000000001,0x064c6168c7d6c27c565da9c3d7afa8fae8aa3792de444db7d984c4d2d1713248,"{""proxyWallet"": ""0x39aef0a049c29c2529e47cefa04545f7327994f0"", ""side"": ""BUY"", ""asset"": ""39223330966352513418907732239455948906399882924787587183466504819170775983376"", ""conditionId"": ""0x836b850fc838195374862551a36f1c8691d96ff01e58b0a071f0fc1a0e357fb1"", ""size"": 175, ""price"": 0.008, ""timestamp"": 1770514059, ""title"": ""Will LeBron James win the 2028 US Presidential Election?"", ""slug"": ""will-lebron-james-win-the-2028-us-presidential-election"", ""icon"": ""https://polymarket-upload.s3.us-east-2.amazonaws.com/Lebron_James.png"", ""eventSlug"": ""presidential-election-winner-2028"", ""outcome"": ""Yes"", ""outcomeIndex"": 0, ""name"": ""jojore"", ""pseudonym"": ""Defiant-Mambo"", ""bio"": """", ""profileImage"": """", ""profileImageOptimized"": """", ""transactionHash"": ""0x064c6168c7d6c27c565da9c3d7afa8fae8aa3792de444db7d984c4d2d1713248""}"
1770514053,2026-02-14T01:58:35.433555,0x4b2b08103eeb242de35d482e23f475f28407aa996747859cacc083c87260d296:1770514053,561251,39223330966352513418907732239455948906399882924787587183466504819170775983376,SELL,0.007,140.0,0.98,0x4b2b08103eeb242de35d482e23f475f28407aa996747859cacc083c87260d296,"{""proxyWallet"": ""0x39aef0a049c29c2529e47cefa04545f7327994f0"", ""side"": ""SELL"", ""asset"": ""39223330966352513418907732239455948906399882924787587183466504819170775983376"", ""conditionId"": ""0x836b850fc838195374862551a36f1c8691d96ff01e58b0a071f0fc1a0e357fb1"", ""size"": 140, ""price"": 0.007, ""timestamp"": 1770514053, ""title"": ""Will LeBron James win the 2028 US Presidential Election?"", ""slug"": ""will-lebron-james-win-the-2028-us-presidential-election"", ""icon"": ""https://polymarket-upload.s3.us-east-2.amazonaws.com/Lebron_James.png"", ""eventSlug"": ""presidential-election-winner-2028"", ""outcome"": ""Yes"", ""outcomeIndex"": 0, ""name"": ""jojore"", ""pseudonym"": ""Defiant-Mambo"", ""bio"": """", ""profileImage"": """", ""profileImageOptimized"": """", ""transactionHash"": ""0x4b2b08103eeb242de35d482e23f475f28407aa996747859cacc083c87260d296""}"
1770514047,2026-02-14T01:58:35.433566,0x57a59b956fc2dacdcb6a2c184ff9e76ae0d76ed140d3ab0cf3f79196c6235d5b:1770514047,561251,39223330966352513418907732239455948906399882924787587183466504819170775983376,BUY,0.008,175.0,1.4000000000000001,0x57a59b956fc2dacdcb6a2c184ff9e76ae0d76ed140d3ab0cf3f79196c6235d5b,"{""proxyWallet"": ""0x39aef0a049c29c2529e47cefa04545f7327994f0"", ""side"": ""BUY"", ""asset"": ""39223330966352513418907732239455948906399882924787587183466504819170775983376"", ""conditionId"": ""0x836b850fc838195374862551a36f1c8691d96ff01e58b0a071f0fc1a0e357fb1"", ""size"": 175, ""price"": 0.008, ""timestamp"": 1770514047, ""title"": ""Will LeBron James win the 2028 US Presidential Election?"", ""slug"": ""will-lebron-james-win-the-2028-us-presidential-election"", ""icon"": ""https://polymarket-upload.s3.us-east-2.amazonaws.com/Lebron_James.png"", ""eventSlug"": ""presidential-election-winner-2028"", ""outcome"": ""Yes"", ""outcomeIndex"": 0, ""name"": ""jojore"", ""pseudonym"": ""Defiant-Mambo"", ""bio"": """", ""profileImage"": """", ""profileImageOptimized"": """", ""transactionHash"": ""0x57a59b956fc2dacdcb6a2c184ff9e76ae0d76ed140d3ab0cf3f79196c6235d5b""}"
1770514041,2026-02-14T01:58:35.433577,0x5bedfbf92ffbb516f523abffff5d200c4887b345375c2065e7a97de110cdbfdf:1770514041,561251,39223330966352513418907732239455948906399882924787587183466504819170775983376,SELL,0.007,140.0,0.98,0x5bedfbf92ffbb516f523abffff5d200c4887b345375c2065e7a97de110cdbfdf,"{""proxyWallet"": ""0x39aef0a049c29c2529e47cefa04545f7327994f0"", ""side"": ""SELL"", ""asset"": ""39223330966352513418907732239455948906399882924787587183466504819170775983376"", ""conditionId"": ""0x836b850fc838195374862551a36f1c8691d96ff01e58b0a071f0fc1a0e357fb1"", ""size"": 140, ""price"": 0.007, ""timestamp"": 1770514041, ""title"": ""Will LeBron James win the 2028 US Presidential Election?"", ""slug"": ""will-lebron-james-win-the-2028-us-presidential-election"", ""icon"": ""https://polymarket-upload.s3.us-east-2.amazonaws.com/Lebron_James.png"", ""eventSlug"": ""presidential-election-winner-2028"", ""outcome"": ""Yes"", ""outcomeIndex"": 0, ""name"": ""jojore"", ""pseudonym"": ""Defiant-Mambo"", ""bio"": """", ""profileImage"": """", ""profileImageOptimized"": """", ""transactionHash"": ""0x5bedfbf92ffbb516f523abffff5d200c4887b345375c2065e7a97de110cdbfdf""}"
1770514035,2026-02-14T01:58:35.433588,0xd61e8fc777b6923a0c0d762f637a687338e8bdc79936417ffb052d67e7a68cfa:1770514035,561251,39223330966352513418907732239455948906399882924787587183466504819170775983376,BUY,0.008,175.0,1.4000000000000001,0xd61e8fc777b6923a0c0d762f637a687338e8bdc79936417ffb052d67e7a68cfa,"{""proxyWallet"": ""0x39aef0a049c29c2529e47cefa04545f7327994f0"", ""side"": ""BUY"", ""asset"": ""39223330966352513418907732239455948906399882924787587183466504819170775983376"", ""conditionId"": ""0x836b850fc838195374862551a36f1c8691d96ff01e58b0a071f0fc1a0e357fb1"", ""size"": 175, ""price"": 0.008, ""timestamp"": 1770514035, ""title"": ""Will LeBron James win the 2028 US Presidential Election?"", ""slug"": ""will-lebron-james-win-the-2028-us-presidential-election"", ""icon"": ""https://polymarket-upload.s3.us-east-2.amazonaws.com/Lebron_James.png"", ""eventSlug"": ""presidential-election-winner-2028"", ""outcome"": ""Yes"", ""outcomeIndex"": 0, ""name"": ""jojore"", ""pseudonym"": ""Defiant-Mambo"", ""bio"": """", ""profileImage"": """", ""profileImageOptimized"": """", ""transactionHash"": ""0xd61e8fc777b6923a0c0d762f637a687338e8bdc79936417ffb052d67e7a68cfa""}"
1770514029,2026-02-14T01:58:35.433599,0x787a95c28fde00573f95e54afaacd15a4d566129208a8a7119d5446bc9597177:1770514029,561251,39223330966352513418907732239455948906399882924787587183466504819170775983376,SELL,0.007,140.0,0.98,0x787a95c28fde00573f95e54afaacd15a4d566129208a8a7119d5446bc9597177,"{""proxyWallet"": ""0x39aef0a049c29c2529e47cefa04545f7327994f0"", ""side"": ""SELL"", ""asset"": ""39223330966352513418907732239455948906399882924787587183466504819170775983376"", ""conditionId"": ""0x836b850fc838195374862551a36f1c8691d96ff01e58b0a071f0fc1a0e357fb1"", ""size"": 140, ""price"": 0.007, ""timestamp"": 1770514029, ""title"": ""Will LeBron James win the 2028 US Presidential Election?"", ""slug"": ""will-lebron-james-win-the-2028-us-presidential-election"", ""icon"": ""https://polymarket-upload.s3.us-east-2.amazonaws.com/Lebron_James.png"", ""eventSlug"": ""presidential-election-winner-2028"", ""outcome"": ""Yes"", ""outcomeIndex"": 0, ""name"": ""jojore"", ""pseudonym"": ""Defiant-Mambo"", ""bio"": """", ""profileImage"": """", ""profileImageOptimized"": """", ""transactionHash"": ""0x787a95c28fde00573f95e54afaacd15a4d566129208a8a7119d5446bc9597177""}"
1770514023,2026-02-14T01:58:35.433610,0x6fd93c5e272c81ec6fdf44a1d8d01f0ce22147c5f5f4653c96899eb37f879917:1770514023,561251,39223330966352513418907732239455948906399882924787587183466504819170775983376,BUY,0.008,175.0,1.4000000000000001,0x6fd93c5e272c81ec6fdf44a1d8d01f0ce22147c5f5f4653c96899eb37f879917,"{""proxyWallet"": ""0x39aef0a049c29c2529e47cefa04545f7327994f0"", ""side"": ""BUY"", ""asset"": ""39223330966352513418907732239455948906399882924787587183466504819170775983376"", ""conditionId"": ""0x836b850fc838195374862551a36f1c8691d96ff01e58b0a071f0fc1a0e357fb1"", ""size"": 175, ""price"": 0.008, ""timestamp"": 1770514023, ""title"": ""Will LeBron James win the 2028 US Presidential Election?"", ""slug"": ""will-lebron-james-win-the-2028-us-presidential-election"", ""icon"": ""https://polymarket-upload.s3.us-east-2.amazonaws.com/Lebron_James.png"", ""eventSlug"": ""presidential-election-winner-2028"", ""outcome"": ""Yes"", ""outcomeIndex"": 0, ""name"": ""jojore"", ""pseudonym"": ""Defiant-Mambo"", ""bio"": """", ""profileImage"": """", ""profileImageOptimized"": """", ""transactionHash"": ""0x6fd93c5e272c81ec6fdf44a1d8d01f0ce22147c5f5f4653c96899eb37f879917""}"
1770514017,2026-02-14T01:58:35.433622,0x23b555ff17af8ac93dcba4acc6e34928240977b979f8ff19e5596b1d9e33211b:1770514017,561251,39223330966352513418907732239455948906399882924787587183466504819170775983376,SELL,0.007,140.0,0.98,0x23b555ff17af8ac93dcba4acc6e34928240977b979f8ff19e5596b1d9e33211b,"{""proxyWallet"": ""0x39aef0a049c29c2529e47cefa04545f7327994f0"", ""side"": ""SELL"", ""asset"": ""39223330966352513418907732239455948906399882924787587183466504819170775983376"", ""conditionId"": ""0x836b850fc838195374862551a36f1c8691d96ff01e58b0a071f0fc1a0e357fb1"", ""size"": 140, ""price"": 0.007, ""timestamp"": 1770514017, ""title"": ""Will LeBron James win the 2028 US Presidential Election?"", ""slug"": ""will-lebron-james-win-the-2028-us-presidential-election"", ""icon"": ""https://polymarket-upload.s3.us-east-2.amazonaws.com/Lebron_James.png"", ""eventSlug"": ""presidential-election-winner-2028"", ""outcome"": ""Yes"", ""outcomeIndex"": 0, ""name"": ""jojore"", ""pseudonym"": ""Defiant-Mambo"", ""bio"": """", ""profileImage"": """", ""profileImageOptimized"": """", ""transactionHash"": ""0x23b555ff17af8ac93dcba4acc6e34928240977b979f8ff19e5596b1d9e33211b""}"
1770514009,2026-02-14T01:58:35.433633,0x0f98f21cbb06368774d53d6a1b615540ffdc5537085b5a090021f30caa072b63:1770514009,561251,39223330966352513418907732239455948906399882924787587183466504819170775983376,BUY,0.008,175.0,1.4000000000000001,0x0f98f21cbb06368774d53d6a1b615540ffdc5537085b5a090021f30caa072b63,"{""proxyWallet"": ""0x39aef0a049c29c2529e47cefa04545f7327994f0"", ""side"": ""BUY"", ""asset"": ""39223330966352513418907732239455948906399882924787587183466504819170775983376"", ""conditionId"": ""0x836b850fc838195374862551a36f1c8691d96ff01e58b0a071f0fc1a0e357fb1"", ""size"": 175, ""price"": 0.008, ""timestamp"": 1770514009, ""title"": ""Will LeBron James win the 2028 US Presidential Election?"", ""slug"": ""will-lebron-james-win-the-2028-us-presidential-election"", ""icon"": ""https://polymarket-upload.s3.us-east-2.amazonaws.com/Lebron_James.png"", ""eventSlug"": ""presidential-election-winner-2028"", ""outcome"": ""Yes"", ""outcomeIndex"": 0, ""name"": ""jojore"", ""pseudonym"": ""Defiant-Mambo"", ""bio"": """", ""profileImage"": """", ""profileImageOptimized"": """", ""transactionHash"": ""0x0f98f21cbb06368774d53d6a1b615540ffdc5537085b5a090021f30caa072b63""}"
1770514003,2026-02-14T01:58:35.433644,0x8a856654619fb5edca08762c20caafc2559c3e31e638afd25bef8a78c080c149:1770514003,561251,39223330966352513418907732239455948906399882924787587183466504819170775983376,SELL,0.007,140.0,0.98,0x8a856654619fb5edca08762c20caafc2559c3e31e638afd25bef8a78c080c149,"{""proxyWallet"": ""0x39aef0a049c29c2529e47cefa04545f7327994f0"", ""side"": ""SELL"", ""asset"": ""39223330966352513418907732239455948906399882924787587183466504819170775983376"", ""conditionId"": ""0x836b850fc838195374862551a36f1c8691d96ff01e58b0a071f0fc1a0e357fb1"", ""size"": 140, ""price"": 0.007, ""timestamp"": 1770514003, ""title"": ""Will LeBron James win the 2028 US Presidential Election?"", ""slug"": ""will-lebron-james-win-the-2028-us-presidential-election"", ""icon"": ""https://polymarket-upload.s3.us-east-2.amazonaws.com/Lebron_James.png"", ""eventSlug"": ""presidential-election-winner-2028"", ""outcome"": ""Yes"", ""outcomeIndex"": 0, ""name"": ""jojore"", ""pseudonym"": ""Defiant-Mambo"", ""bio"": """", ""profileImage"": """", ""profileImageOptimized"": """", ""transactionHash"": ""0x8a856654619fb5edca08762c20caafc2559c3e31e638afd25bef8a78c080c149""}"
1770513997,2026-02-14T01:58:35.433655,0x1423f58b4dd679559bf7420acfb3dbc31a1906c90fa9240246dbc282fd15e1fa:1770513997,561251,39223330966352513418907732239455948906399882924787587183466504819170775983376,BUY,0.008,175.0,1.4000000000000001,0x1423f58b4dd679559bf7420acfb3dbc31a1906c90fa9240246dbc282fd15e1fa,"{""proxyWallet"": ""0x39aef0a049c29c2529e47cefa04545f7327994f0"", ""side"": ""BUY"", ""asset"": ""39223330966352513418907732239455948906399882924787587183466504819170775983376"", ""conditionId"": ""0x836b850fc838195374862551a36f1c8691d96ff01e58b0a071f0fc1a0e357fb1"", ""size"": 175, ""price"": 0.008, ""timestamp"": 1770513997, ""title"": ""Will LeBron James win the 2028 US Presidential Election?"", ""slug"": ""will-lebron-james-win-the-2028-us-presidential-election"", ""icon"": ""https://polymarket-upload.s3.us-east-2.amazonaws.com/Lebron_James.png"", ""eventSlug"": ""presidential-election-winner-2028"", ""outcome"": ""Yes"", ""outcomeIndex"": 0, ""name"": ""jojore"", ""pseudonym"": ""Defiant-Mambo"", ""bio"": """", ""profileImage"": """", ""profileImageOptimized"": """", ""transactionHash"": ""0x1423f58b4dd679559bf7420acfb3dbc31a1906c90fa9240246dbc282fd15e1fa""}"
1770506577,2026-02-14T01:58:35.433681,0x24180e974383b30eeffd1793f5424060da1c6e2cb0acf9a99e26c7131d5c57dc:1770506577,561251,39223330966352513418907732239455948906399882924787587183466504819170775983376,BUY,0.008,375.0,3.0,0x24180e974383b30eeffd1793f5424060da1c6e2cb0acf9a99e26c7131d5c57dc,"{""proxyWallet"": ""0x5a7533972600d4bfa7f09c41374a8d85aad3c767"", ""side"": ""BUY"", ""asset"": ""39223330966352513418907732239455948906399882924787587183466504819170775983376"", ""conditionId"": ""0x836b850fc838195374862551a36f1c8691d96ff01e58b0a071f0fc1a0e357fb1"", ""size"": 375, ""price"": 0.008, ""timestamp"": 1770506577, ""title"": ""Will LeBron James win the 2028 US Presidential Election?"", ""slug"": ""will-lebron-james-win-the-2028-us-presidential-election"", ""icon"": ""https://polymarket-upload.s3.us-east-2.amazonaws.com/Lebron_James.png"", ""eventSlug"": ""presidential-election-winner-2028"", ""outcome"": ""Yes"", ""outcomeIndex"": 0, ""name"": ""somethingtotest"", ""pseudonym"": ""Experienced-Home"", ""bio"": """", ""profileImage"": """", ""profileImageOptimized"": """", ""transactionHash"": ""0x24180e974383b30eeffd1793f5424060da1c6e2cb0acf9a99e26c7131d5c57dc""}"
1770503629,2026-02-14T01:58:35.433698,0x1a733a7000e0c604bee7d3c47a72e0a57ee397098adc95eeceb3debf74f724e9:1770503629,561251,39223330966352513418907732239455948906399882924787587183466504819170775983376,SELL,0.007,188921.0,1322.4470000000001,0x1a733a7000e0c604bee7d3c47a72e0a57ee397098adc95eeceb3debf74f724e9,"{""proxyWallet"": ""0x2663daca3cecf3767ca1c3b126002a8578a8ed1f"", ""side"": ""SELL"", ""asset"": ""39223330966352513418907732239455948906399882924787587183466504819170775983376"", ""conditionId"": ""0x836b850fc838195374862551a36f1c8691d96ff01e58b0a071f0fc1a0e357fb1"", ""size"": 188921, ""price"": 0.007, ""timestamp"": 1770503629, ""title"": ""Will LeBron James win the 2028 US Presidential Election?"", ""slug"": ""will-lebron-james-win-the-2028-us-presidential-election"", ""icon"": ""https://polymarket-upload.s3.us-east-2.amazonaws.com/Lebron_James.png"", ""eventSlug"": ""presidential-election-winner-2028"", ""outcome"": ""Yes"", ""outcomeIndex"": 0, ""name"": ""joseph1610"", ""pseudonym"": ""Scaly-Halfbrother"", ""bio"": """", ""profileImage"": """", ""profileImageOptimized"": """", ""transactionHash"": ""0x1a733a7000e0c604bee7d3c47a72e0a57ee397098adc95eeceb3debf74f724e9""}"
1770503439,2026-02-14T01:58:35.433715,0x052433580b7fb3c6581cb35f6a81484d3b0c4db2c3e9a021cb1173fd22747701:1770503439,561251,39223330966352513418907732239455948906399882924787587183466504819170775983376,BUY,0.008,2500.0,20.0,0x052433580b7fb3c6581cb35f6a81484d3b0c4db2c3e9a021cb1173fd22747701,"{""proxyWallet"": ""0x688496472c6553c739b1ec2cc1431ee55810417c"", ""side"": ""BUY"", ""asset"": ""39223330966352513418907732239455948906399882924787587183466504819170775983376"", ""conditionId"": ""0x836b850fc838195374862551a36f1c8691d96ff01e58b0a071f0fc1a0e357fb1"", ""size"": 2500, ""price"": 0.008, ""timestamp"": 1770503439, ""title"": ""Will LeBron James win the 2028 US Presidential Election?"", ""slug"": ""will-lebron-james-win-the-2028-us-presidential-election"", ""icon"": ""https://polymarket-upload.s3.us-east-2.amazonaws.com/Lebron_James.png"", ""eventSlug"": ""presidential-election-winner-2028"", ""outcome"": ""Yes"", ""outcomeIndex"": 0, ""name"": ""shudd"", ""pseudonym"": ""Defiant-Clogs"", ""bio"": """", ""profileImage"": """", ""profileImageOptimized"": """", ""transactionHash"": ""0x052433580b7fb3c6581cb35f6a81484d3b0c4db2c3e9a021cb1173fd22747701""}"
1770503429,2026-02-14T01:58:35.433727,0xd03266d69ac4105d8f14a905a5b30de2fb452d05daf1ae7db47282bb731ce09a:1770503429,561251,39223330966352513418907732239455948906399882924787587183466504819170775983376,SELL,0.008,336846.76,2694.77408,0xd03266d69ac4105d8f14a905a5b30de2fb452d05daf1ae7db47282bb731ce09a,"{""proxyWallet"": ""0x9c667a1d1c1337c6dca9d93241d386e4ed346b66"", ""side"": ""SELL"", ""asset"": ""39223330966352513418907732239455948906399882924787587183466504819170775983376"", ""conditionId"": ""0x836b850fc838195374862551a36f1c8691d96ff01e58b0a071f0fc1a0e357fb1"", ""size"": 336846.76, ""price"": 0.008, ""timestamp"": 1770503429, ""title"": ""Will LeBron James win the 2028 US Presidential Election?"", ""slug"": ""will-lebron-james-win-the-2028-us-presidential-election"", ""icon"": ""https://polymarket-upload.s3.us-east-2.amazonaws.com/Lebron_James.png"", ""eventSlug"": ""presidential-election-winner-2028"", ""outcome"": ""Yes"", ""outcomeIndex"": 0, ""name"": ""InfiniteCrypt0"", ""pseudonym"": ""Blank-Score"", ""bio"": """", ""profileImage"": ""https://polymarket-upload.s3.us-east-2.amazonaws.com/infinity_symbol_limitless_logo_design_template_vector_13924f96-6905-4638-9316-c88999d36a2f_1742326096240.jpg"", ""profileImageOptimized"": """", ""transactionHash"": ""0xd03266d69ac4105d8f14a905a5b30de2fb452d05daf1ae7db47282bb731ce09a""}"
1770459239,2026-02-14T01:58:36.559023,0xb1d5b2244819f717b0f65fb39cb41504d223762b2b587c9dd3a21f67b9f5addc:1770459239,561251,39223330966352513418907732239455948906399882924787587183466504819170775983376,SELL,0.008,56.0,0.448,0xb1d5b2244819f717b0f65fb39cb41504d223762b2b587c9dd3a21f67b9f5addc,"{""proxyWallet"": ""0x691110e25faed75db4707b301e1dbe37b6d997ff"", ""side"": ""SELL"", ""asset"": ""39223330966352513418907732239455948906399882924787587183466504819170775983376"", ""conditionId"": ""0x836b850fc838195374862551a36f1c8691d96ff01e58b0a071f0fc1a0e357fb1"", ""size"": 56, ""price"": 0.008, ""timestamp"": 1770459239, ""title"": ""Will LeBron James win the 2028 US Presidential Election?"", ""slug"": ""will-lebron-james-win-the-2028-us-presidential-election"", ""icon"": ""https://polymarket-upload.s3.us-east-2.amazonaws.com/Lebron_James.png"", ""eventSlug"": ""presidential-election-winner-2028"", ""outcome"": ""Yes"", ""outcomeIndex"": 0, ""name"": ""turnerlori"", ""pseudonym"": ""Entire-Transition"", ""bio"": """", ""profileImage"": """", ""profileImageOptimized"": """", ""transactionHash"": ""0xb1d5b2244819f717b0f65fb39cb41504d223762b2b587c9dd3a21f67b9f5addc""}"
1770454379,2026-02-14T01:58:36.559099,0x26e64701a3fdfe85108d0612b0f3a4b0168bbca150d22357b16531a804ad9d37:1770454379,561251,39223330966352513418907732239455948906399882924787587183466504819170775983376,SELL,0.008,170.0,1.36,0x26e64701a3fdfe85108d0612b0f3a4b0168bbca150d22357b16531a804ad9d37,"{""proxyWallet"": ""0xa724c4e5a3778c14c4e0e6c522d57b09b3cf83c8"", ""side"": ""SELL"", ""asset"": ""39223330966352513418907732239455948906399882924787587183466504819170775983376"", ""conditionId"": ""0x836b850fc838195374862551a36f1c8691d96ff01e58b0a071f0fc1a0e357fb1"", ""size"": 170, ""price"": 0.008, ""timestamp"": 1770454379, ""title"": ""Will LeBron James win the 2028 US Presidential Election?"", ""slug"": ""will-lebron-james-win-the-2028-us-presidential-election"", ""icon"": ""https://polymarket-upload.s3.us-east-2.amazonaws.com/Lebron_James.png"", ""eventSlug"": ""presidential-election-winner-2028"", ""outcome"": ""Yes"", ""outcomeIndex"": 0, ""name"": """", ""pseudonym"": """", ""bio"": """", ""profileImage"": """", ""profileImageOptimized"": """", ""transactionHash"": ""0x26e64701a3fdfe85108d0612b0f3a4b0168bbca150d22357b16531a804ad9d37""}"
1770439785,2026-02-14T01:58:36.559129,0x02c08c3986d2be8e8c9dc6111ff3a9164efd027294cbbc1dc340c48109cfa17a:1770439785,561251,39223330966352513418907732239455948906399882924787587183466504819170775983376,SELL,0.008,36.0,0.28800000000000003,0x02c08c3986d2be8e8c9dc6111ff3a9164efd027294cbbc1dc340c48109cfa17a,"{""proxyWallet"": ""0x1ffbd604c476838f8b902bf698ab18415f121e65"", ""side"": ""SELL"", ""asset"": ""39223330966352513418907732239455948906399882924787587183466504819170775983376"", ""conditionId"": ""0x836b850fc838195374862551a36f1c8691d96ff01e58b0a071f0fc1a0e357fb1"", ""size"": 36, ""price"": 0.008, ""timestamp"": 1770439785, ""title"": ""Will LeBron James win the 2028 US Presidential Election?"", ""slug"": ""will-lebron-james-win-the-2028-us-presidential-election"", ""icon"": ""https://polymarket-upload.s3.us-east-2.amazonaws.com/Lebron_James.png"", ""eventSlug"": ""presidential-election-winner-2028"", ""outcome"": ""Yes"", ""outcomeIndex"": 0, ""name"": ""ereilly"", ""pseudonym"": ""Unlined-Surname"", ""bio"": """", ""profileImage"": """", ""profileImageOptimized"": """", ""transactionHash"": ""0x02c08c3986d2be8e8c9dc6111ff3a9164efd027294cbbc1dc340c48109cfa17a""}"
1770437601,2026-02-14T01:58:36.559149,0x57e1b733c2415f32e5a045974396615d6f0a7364a324e6ccea4cef3d8cd2e788:1770437601,561251,39223330966352513418907732239455948906399882924787587183466504819170775983376,BUY,0.009,7613.0,68.517,0x57e1b733c2415f32e5a045974396615d6f0a7364a324e6ccea4cef3d8cd2e788,"{""proxyWallet"": ""0xd75fdb46c6509e7bb8ecb28f76ba20d1b2cfb9ac"", ""side"": ""BUY"", ""asset"": ""39223330966352513418907732239455948906399882924787587183466504819170775983376"", ""conditionId"": ""0x836b850fc838195374862551a36f1c8691d96ff01e58b0a071f0fc1a0e357fb1"", ""size"": 7613, ""price"": 0.009, ""timestamp"": 1770437601, ""title"": ""Will LeBron James win the 2028 US Presidential Election?"", ""slug"": ""will-lebron-james-win-the-2028-us-presidential-election"", ""icon"": ""https://polymarket-upload.s3.us-east-2.amazonaws.com/Lebron_James.png"", ""eventSlug"": ""presidential-election-winner-2028"", ""outcome"": ""Yes"", ""outcomeIndex"": 0, ""name"": ""ClMbjerk"", ""pseudonym"": ""Identical-Oxford"", ""bio"": """", ""profileImage"": """", ""profileImageOptimized"": """", ""transactionHash"": ""0x57e1b733c2415f32e5a045974396615d6f0a7364a324e6ccea4cef3d8cd2e788""}"
1770429851,2026-02-14T01:58:36.559171,0x394e7c1d0a303cb11f1529b4117545960468c03e2b4847a3f771666d0f8def7a:1770429851,561251,39223330966352513418907732239455948906399882924787587183466504819170775983376,BUY,0.009,31744.26,285.69834,0x394e7c1d0a303cb11f1529b4117545960468c03e2b4847a3f771666d0f8def7a,"{""proxyWallet"": ""0xc6d0d5b8879ac6ee4b0eef70ade0137b17492303"", ""side"": ""BUY"", ""asset"": ""39223330966352513418907732239455948906399882924787587183466504819170775983376"", ""conditionId"": ""0x836b850fc838195374862551a36f1c8691d96ff01e58b0a071f0fc1a0e357fb1"", ""size"": 31744.26, ""price"": 0.009, ""timestamp"": 1770429851, ""title"": ""Will LeBron James win the 2028 US Presidential Election?"", ""slug"": ""will-lebron-james-win-the-2028-us-presidential-election"", ""icon"": ""https://polymarket-upload.s3.us-east-2.amazonaws.com/Lebron_James.png"", ""eventSlug"": ""presidential-election-winner-2028"", ""outcome"": ""Yes"", ""outcomeIndex"": 0, ""name"": ""gfdhtrf9"", ""pseudonym"": ""Cool-Tray"", ""bio"": """", ""profileImage"": """", ""profileImageOptimized"": """", ""transactionHash"": ""0x394e7c1d0a303cb11f1529b4117545960468c03e2b4847a3f771666d0f8def7a""}"
1770429115,2026-02-14T01:58:36.559198,0xa20284d32636384513c45b507342e1702374d7f67bdaecdecf58c9b8aafef7b9:1770429115,561251,39223330966352513418907732239455948906399882924787587183466504819170775983376,SELL,0.008,422.0,3.376,0xa20284d32636384513c45b507342e1702374d7f67bdaecdecf58c9b8aafef7b9,"{""proxyWallet"": ""0x888b6fda47c4f6550bc9723193d41442477113e3"", ""side"": ""SELL"", ""asset"": ""39223330966352513418907732239455948906399882924787587183466504819170775983376"", ""conditionId"": ""0x836b850fc838195374862551a36f1c8691d96ff01e58b0a071f0fc1a0e357fb1"", ""size"": 422, ""price"": 0.008, ""timestamp"": 1770429115, ""title"": ""Will LeBron James win the 2028 US Presidential Election?"", ""slug"": ""will-lebron-james-win-the-2028-us-presidential-election"", ""icon"": ""https://polymarket-upload.s3.us-east-2.amazonaws.com/Lebron_James.png"", ""eventSlug"": ""presidential-election-winner-2028"", ""outcome"": ""Yes"", ""outcomeIndex"": 0, ""name"": ""RBaTe15408"", ""pseudonym"": ""Upset-Bean"", ""bio"": """", ""profileImage"": """", ""profileImageOptimized"": """", ""transactionHash"": ""0xa20284d32636384513c45b507342e1702374d7f67bdaecdecf58c9b8aafef7b9""}"
1770406239,2026-02-14T01:58:36.559216,0xf417ebce86635241e18c1241cd9f83e6a1cbe1a57328685eaedcd6df7883373e:1770406239,561251,39223330966352513418907732239455948906399882924787587183466504819170775983376,BUY,0.009,119.0,1.071,0xf417ebce86635241e18c1241cd9f83e6a1cbe1a57328685eaedcd6df7883373e,"{""proxyWallet"": ""0xabc773d169dc50d872cc5cb118e89cbcc7494835"", ""side"": ""BUY"", ""asset"": ""39223330966352513418907732239455948906399882924787587183466504819170775983376"", ""conditionId"": ""0x836b850fc838195374862551a36f1c8691d96ff01e58b0a071f0fc1a0e357fb1"", ""size"": 119, ""price"": 0.009, ""timestamp"": 1770406239, ""title"": ""Will LeBron James win the 2028 US Presidential Election?"", ""slug"": ""will-lebron-james-win-the-2028-us-presidential-election"", ""icon"": ""https://polymarket-upload.s3.us-east-2.amazonaws.com/Lebron_James.png"", ""eventSlug"": ""presidential-election-winner-2028"", ""outcome"": ""Yes"", ""outcomeIndex"": 0, ""name"": ""olsonjonathan"", ""pseudonym"": ""Complex-Cashew"", ""bio"": """", ""profileImage"": """", ""profileImageOptimized"": """", ""transactionHash"": ""0xf417ebce86635241e18c1241cd9f83e6a1cbe1a57328685eaedcd6df7883373e""}"
1770404691,2026-02-14T01:58:36.559231,0x4bd8786cd698fe3186279e517f29b3bacc98caa945a853912f563924d896ed3e:1770404691,561251,39223330966352513418907732239455948906399882924787587183466504819170775983376,BUY,0.009,170.0,1.5299999999999998,0x4bd8786cd698fe3186279e517f29b3bacc98caa945a853912f563924d896ed3e,"{""proxyWallet"": ""0xa724c4e5a3778c14c4e0e6c522d57b09b3cf83c8"", ""side"": ""BUY"", ""asset"": ""39223330966352513418907732239455948906399882924787587183466504819170775983376"", ""conditionId"": ""0x836b850fc838195374862551a36f1c8691d96ff01e58b0a071f0fc1a0e357fb1"", ""size"": 170, ""price"": 0.009, ""timestamp"": 1770404691, ""title"": ""Will LeBron James win the 2028 US Presidential Election?"", ""slug"": ""will-lebron-james-win-the-2028-us-presidential-election"", ""icon"": ""https://polymarket-upload.s3.us-east-2.amazonaws.com/Lebron_James.png"", ""eventSlug"": ""presidential-election-winner-2028"", ""outcome"": ""Yes"", ""outcomeIndex"": 0, ""name"": """", ""pseudonym"": """", ""bio"": """", ""profileImage"": """", ""profileImageOptimized"": """", ""transactionHash"": ""0x4bd8786cd698fe3186279e517f29b3bacc98caa945a853912f563924d896ed3e""}"
1770403893,2026-02-14T01:58:36.559245,0x55d250c42f79c8be7dfe6d6b600077d7cd119739a1360dd23f9d7b4ba154b334:1770403893,561251,39223330966352513418907732239455948906399882924787587183466504819170775983376,SELL,0.008,1.3,0.010400000000000001,0x55d250c42f79c8be7dfe6d6b600077d7cd119739a1360dd23f9d7b4ba154b334,"{""proxyWallet"": ""0xb4ec41c93cf2f573f82d8f023b01637eb5db4c64"", ""side"": ""SELL"", ""asset"": ""39223330966352513418907732239455948906399882924787587183466504819170775983376"", ""conditionId"": ""0x836b850fc838195374862551a36f1c8691d96ff01e58b0a071f0fc1a0e357fb1"", ""size"": 1.3, ""price"": 0.008, ""timestamp"": 1770403893, ""title"": ""Will LeBron James win the 2028 US Presidential Election?"", ""slug"": ""will-lebron-james-win-the-2028-us-presidential-election"", ""icon"": ""https://polymarket-upload.s3.us-east-2.amazonaws.com/Lebron_James.png"", ""eventSlug"": ""presidential-election-winner-2028"", ""outcome"": ""Yes"", ""outcomeIndex"": 0, ""name"": """", ""pseudonym"": """", ""bio"": """", ""profileImage"": """", ""profileImageOptimized"": """", ""transactionHash"": ""0x55d250c42f79c8be7dfe6d6b600077d7cd119739a1360dd23f9d7b4ba154b334""}"
1770401389,2026-02-14T01:58:36.559260,0x3fee9ae4d15d2e3a1394207b2df0c344dc47959dea894146893622d4bc0a02f5:1770401389,561251,39223330966352513418907732239455948906399882924787587183466504819170775983376,BUY,0.009000000027692308,144.444444,1.3,0x3fee9ae4d15d2e3a1394207b2df0c344dc47959dea894146893622d4bc0a02f5,"{""proxyWallet"": ""0xb4ec41c93cf2f573f82d8f023b01637eb5db4c64"", ""side"": ""BUY"", ""asset"": ""39223330966352513418907732239455948906399882924787587183466504819170775983376"", ""conditionId"": ""0x836b850fc838195374862551a36f1c8691d96ff01e58b0a071f0fc1a0e357fb1"", ""size"": 144.444444, ""price"": 0.009000000027692308, ""timestamp"": 1770401389, ""title"": ""Will LeBron James win the 2028 US Presidential Election?"", ""slug"": ""will-lebron-james-win-the-2028-us-presidential-election"", ""icon"": ""https://polymarket-upload.s3.us-east-2.amazonaws.com/Lebron_James.png"", ""eventSlug"": ""presidential-election-winner-2028"", ""outcome"": ""Yes"", ""outcomeIndex"": 0, ""name"": """", ""pseudonym"": """", ""bio"": """", ""profileImage"": """", ""profileImageOptimized"": """", ""transactionHash"": ""0x3fee9ae4d15d2e3a1394207b2df0c344dc47959dea894146893622d4bc0a02f5""}"
1770387497,2026-02-14T01:58:36.559281,0xd31d75ad24a323323a2f0f1170d3a9236a8d059e3cab60a9b255b13eab903858:1770387497,561251,39223330966352513418907732239455948906399882924787587183466504819170775983376,BUY,0.009,112.0,1.008,0xd31d75ad24a323323a2f0f1170d3a9236a8d059e3cab60a9b255b13eab903858,"{""proxyWallet"": ""0x108c8b94cab1212c313054899e8a1c829f0dcc82"", ""side"": ""BUY"", ""asset"": ""39223330966352513418907732239455948906399882924787587183466504819170775983376"", ""conditionId"": ""0x836b850fc838195374862551a36f1c8691d96ff01e58b0a071f0fc1a0e357fb1"", ""size"": 112, ""price"": 0.009, ""timestamp"": 1770387497, ""title"": ""Will LeBron James win the 2028 US Presidential Election?"", ""slug"": ""will-lebron-james-win-the-2028-us-presidential-election"", ""icon"": ""https://polymarket-upload.s3.us-east-2.amazonaws.com/Lebron_James.png"", ""eventSlug"": ""presidential-election-winner-2028"", ""outcome"": ""Yes"", ""outcomeIndex"": 0, ""name"": ""adad23"", ""pseudonym"": ""Emotional-Percent"", ""bio"": """", ""profileImage"": """", ""profileImageOptimized"": """", ""transactionHash"": ""0xd31d75ad24a323323a2f0f1170d3a9236a8d059e3cab60a9b255b13eab903858""}"
1770358393,2026-02-14T01:58:36.559318,0x5dfd1abcb3059f0473cf98b9366cae65370328bbb9c907d80d59d93548aad423:1770358393,561251,39223330966352513418907732239455948906399882924787587183466504819170775983376,SELL,0.008,1391.0,11.128,0x5dfd1abcb3059f0473cf98b9366cae65370328bbb9c907d80d59d93548aad423,"{""proxyWallet"": ""0xcce07be82150047669d7df763598d24d5dd0de12"", ""side"": ""SELL"", ""asset"": ""39223330966352513418907732239455948906399882924787587183466504819170775983376"", ""conditionId"": ""0x836b850fc838195374862551a36f1c8691d96ff01e58b0a071f0fc1a0e357fb1"", ""size"": 1391, ""price"": 0.008, ""timestamp"": 1770358393, ""title"": ""Will LeBron James win the 2028 US Presidential Election?"", ""slug"": ""will-lebron-james-win-the-2028-us-presidential-election"", ""icon"": ""https://polymarket-upload.s3.us-east-2.amazonaws.com/Lebron_James.png"", ""eventSlug"": ""presidential-election-winner-2028"", ""outcome"": ""Yes"", ""outcomeIndex"": 0, ""name"": ""4441414"", ""pseudonym"": ""Distinct-Spreadsheet"", ""bio"": """", ""profileImage"": """", ""profileImageOptimized"": """", ""transactionHash"": ""0x5dfd1abcb3059f0473cf98b9366cae65370328bbb9c907d80d59d93548aad423""}"
1770349713,2026-02-14T01:58:36.559341,0x32778adb5b27bdc5cebca408281fc1367b42289a5c4a52205997b01f650e07b2:1770349713,561251,39223330966352513418907732239455948906399882924787587183466504819170775983376,SELL,0.008,3736.8,29.8944,0x32778adb5b27bdc5cebca408281fc1367b42289a5c4a52205997b01f650e07b2,"{""proxyWallet"": ""0x360f642f2e7b3a0ae458efa69fff21ab56d3e738"", ""side"": ""SELL"", ""asset"": ""39223330966352513418907732239455948906399882924787587183466504819170775983376"", ""conditionId"": ""0x836b850fc838195374862551a36f1c8691d96ff01e58b0a071f0fc1a0e357fb1"", ""size"": 3736.8, ""price"": 0.008, ""timestamp"": 1770349713, ""title"": ""Will LeBron James win the 2028 US Presidential Election?"", ""slug"": ""will-lebron-james-win-the-2028-us-presidential-election"", ""icon"": ""https://polymarket-upload.s3.us-east-2.amazonaws.com/Lebron_James.png"", ""eventSlug"": ""presidential-election-winner-2028"", ""outcome"": ""Yes"", ""outcomeIndex"": 0, ""name"": ""GasZeroNexus"", ""pseudonym"": ""Bronze-Ginseng"", ""bio"": """", ""profileImage"": """", ""profileImageOptimized"": """", ""transactionHash"": ""0x32778adb5b27bdc5cebca408281fc1367b42289a5c4a52205997b01f650e07b2""}"
1770349465,2026-02-14T01:58:36.559357,0x6ca3ba4db89b9fcf79efa915cb01ecb77c702a0bf33993c7e89b397ff188980e:1770349465,561251,39223330966352513418907732239455948906399882924787587183466504819170775983376,BUY,0.009000000009,111.111111,0.9999999999999999,0x6ca3ba4db89b9fcf79efa915cb01ecb77c702a0bf33993c7e89b397ff188980e,"{""proxyWallet"": ""0xf8a11f68f742f9200e7debdb29e54f6a5ea65890"", ""side"": ""BUY"", ""asset"": ""39223330966352513418907732239455948906399882924787587183466504819170775983376"", ""conditionId"": ""0x836b850fc838195374862551a36f1c8691d96ff01e58b0a071f0fc1a0e357fb1"", ""size"": 111.111111, ""price"": 0.009000000009, ""timestamp"": 1770349465, ""title"": ""Will LeBron James win the 2028 US Presidential Election?"", ""slug"": ""will-lebron-james-win-the-2028-us-presidential-election"", ""icon"": ""https://polymarket-upload.s3.us-east-2.amazonaws.com/Lebron_James.png"", ""eventSlug"": ""presidential-election-winner-2028"", ""outcome"": ""Yes"", ""outcomeIndex"": 0, ""name"": ""0xF8A11f68F742f9200E7DEbDb29E54F6a5EA65890-1770345576528"", ""pseudonym"": ""Mad-Doorpost"", ""bio"": """", ""profileImage"": """", ""profileImageOptimized"": """", ""transactionHash"": ""0x6ca3ba4db89b9fcf79efa915cb01ecb77c702a0bf33993c7e89b397ff188980e""}"
1770348341,2026-02-14T01:58:37.789689,0x8c22c4d9e3ffc4939359d8c567681086ab64d684554bef9129925640db86b738:1770348341,561251,39223330966352513418907732239455948906399882924787587183466504819170775983376,SELL,0.008,3946.0,31.568,0x8c22c4d9e3ffc4939359d8c567681086ab64d684554bef9129925640db86b738,"{""proxyWallet"": ""0x4d7e8b1158e6b9b2c7e9c877d4365824692af651"", ""side"": ""SELL"", ""asset"": ""39223330966352513418907732239455948906399882924787587183466504819170775983376"", ""conditionId"": ""0x836b850fc838195374862551a36f1c8691d96ff01e58b0a071f0fc1a0e357fb1"", ""size"": 3946, ""price"": 0.008, ""timestamp"": 1770348341, ""title"": ""Will LeBron James win the 2028 US Presidential Election?"", ""slug"": ""will-lebron-james-win-the-2028-us-presidential-election"", ""icon"": ""https://polymarket-upload.s3.us-east-2.amazonaws.com/Lebron_James.png"", ""eventSlug"": ""presidential-election-winner-2028"", ""outcome"": ""Yes"", ""outcomeIndex"": 0, ""name"": ""FlashSeekerXyz"", ""pseudonym"": ""Plain-Terrarium"", ""bio"": """", ""profileImage"": """", ""profileImageOptimized"": """", ""transactionHash"": ""0x8c22c4d9e3ffc4939359d8c567681086ab64d684554bef9129925640db86b738""}"
1770346677,2026-02-14T01:58:37.789793,0x898f21ab808d67e7a62e614134b1e8c997940f72058506c679fb5e571d289005:1770346677,561251,39223330966352513418907732239455948906399882924787587183466504819170775983376,SELL,0.008,3634.0,29.072,0x898f21ab808d67e7a62e614134b1e8c997940f72058506c679fb5e571d289005,"{""proxyWallet"": ""0xcec96fcff7e10784fdcd62fcd9840cd9777ae4fe"", ""side"": ""SELL"", ""asset"": ""39223330966352513418907732239455948906399882924787587183466504819170775983376"", ""conditionId"": ""0x836b850fc838195374862551a36f1c8691d96ff01e58b0a071f0fc1a0e357fb1"", ""size"": 3634, ""price"": 0.008, ""timestamp"": 1770346677, ""title"": ""Will LeBron James win the 2028 US Presidential Election?"", ""slug"": ""will-lebron-james-win-the-2028-us-presidential-election"", ""icon"": ""https://polymarket-upload.s3.us-east-2.amazonaws.com/Lebron_James.png"", ""eventSlug"": ""presidential-election-winner-2028"", ""outcome"": ""Yes"", ""outcomeIndex"": 0, ""name"": ""Haerqwnry"", ""pseudonym"": ""Straight-Smith"", ""bio"": """", ""profileImage"": """", ""profileImageOptimized"": """", ""transactionHash"": ""0x898f21ab808d67e7a62e614134b1e8c997940f72058506c679fb5e571d289005""}"
1770346379,2026-02-14T01:58:37.789834,0xd48b368a53033546c005e4b33e8819b63e702e128fd988505ebe6db28ceb4118:1770346379,561251,39223330966352513418907732239455948906399882924787587183466504819170775983376,SELL,0.008,3742.0,29.936,0xd48b368a53033546c005e4b33e8819b63e702e128fd988505ebe6db28ceb4118,"{""proxyWallet"": ""0x13af56e226850a139a5aa696ae8264e09ba3803a"", ""side"": ""SELL"", ""asset"": ""39223330966352513418907732239455948906399882924787587183466504819170775983376"", ""conditionId"": ""0x836b850fc838195374862551a36f1c8691d96ff01e58b0a071f0fc1a0e357fb1"", ""size"": 3742, ""price"": 0.008, ""timestamp"": 1770346379, ""title"": ""Will LeBron James win the 2028 US Presidential Election?"", ""slug"": ""will-lebron-james-win-the-2028-us-presidential-election"", ""icon"": ""https://polymarket-upload.s3.us-east-2.amazonaws.com/Lebron_James.png"", ""eventSlug"": ""presidential-election-winner-2028"", ""outcome"": ""Yes"", ""outcomeIndex"": 0, ""name"": ""Vinloxtamiel"", ""pseudonym"": ""Rosy-Carbohydrate"", ""bio"": """", ""profileImage"": """", ""profileImageOptimized"": """", ""transactionHash"": ""0xd48b368a53033546c005e4b33e8819b63e702e128fd988505ebe6db28ceb4118""}"
1770346349,2026-02-14T01:58:37.789866,0x0c3cdb49d4ee1dcec3ee8a588108d955505a4ae0e3c9125df118ac7e6d2aaf0b:1770346349,561251,39223330966352513418907732239455948906399882924787587183466504819170775983376,SELL,0.008,3611.0,28.888,0x0c3cdb49d4ee1dcec3ee8a588108d955505a4ae0e3c9125df118ac7e6d2aaf0b,"{""proxyWallet"": ""0xecbc8a58b71468587916af2e05d2e8797d8b3252"", ""side"": ""SELL"", ""asset"": ""39223330966352513418907732239455948906399882924787587183466504819170775983376"", ""conditionId"": ""0x836b850fc838195374862551a36f1c8691d96ff01e58b0a071f0fc1a0e357fb1"", ""size"": 3611, ""price"": 0.008, ""timestamp"": 1770346349, ""title"": ""Will LeBron James win the 2028 US Presidential Election?"", ""slug"": ""will-lebron-james-win-the-2028-us-presidential-election"", ""icon"": ""https://polymarket-upload.s3.us-east-2.amazonaws.com/Lebron_James.png"", ""eventSlug"": ""presidential-election-winner-2028"", ""outcome"": ""Yes"", ""outcomeIndex"": 0, ""name"": ""Faywoltranea"", ""pseudonym"": ""Different-Bookcase"", ""bio"": """", ""profileImage"": """", ""profileImageOptimized"": """", ""transactionHash"": ""0x0c3cdb49d4ee1dcec3ee8a588108d955505a4ae0e3c9125df118ac7e6d2aaf0b""}"
1770344159,2026-02-14T01:58:37.789902,0xac1cd0b8ebd342fe4e479ef41b704c288d4880bcf32704ac77b54cf32ef13c8b:1770344159,561251,39223330966352513418907732239455948906399882924787587183466504819170775983376,SELL,0.008,38894.0,311.152,0xac1cd0b8ebd342fe4e479ef41b704c288d4880bcf32704ac77b54cf32ef13c8b,"{""proxyWallet"": ""0x348c6a010ad987eee1c7cf93a17d423476a91f8d"", ""side"": ""SELL"", ""asset"": ""39223330966352513418907732239455948906399882924787587183466504819170775983376"", ""conditionId"": ""0x836b850fc838195374862551a36f1c8691d96ff01e58b0a071f0fc1a0e357fb1"", ""size"": 38894, ""price"": 0.008, ""timestamp"": 1770344159, ""title"": ""Will LeBron James win the 2028 US Presidential Election?"", ""slug"": ""will-lebron-james-win-the-2028-us-presidential-election"", ""icon"": ""https://polymarket-upload.s3.us-east-2.amazonaws.com/Lebron_James.png"", ""eventSlug"": ""presidential-election-winner-2028"", ""outcome"": ""Yes"", ""outcomeIndex"": 0, ""name"": ""Belvederetonham"", ""pseudonym"": ""Jovial-Media"", ""bio"": """", ""profileImage"": """", ""profileImageOptimized"": """", ""transactionHash"": ""0xac1cd0b8ebd342fe4e479ef41b704c288d4880bcf32704ac77b54cf32ef13c8b""}"
1770344037,2026-02-14T01:58:37.789925,0xcae06858af42d9f2d73ac2045604dbaf5b1dc70d07d0bf6dac6a1154983700f9:1770344037,561251,39223330966352513418907732239455948906399882924787587183466504819170775983376,SELL,0.008,3887.0,31.096,0xcae06858af42d9f2d73ac2045604dbaf5b1dc70d07d0bf6dac6a1154983700f9,"{""proxyWallet"": ""0xf9bc84e57949a89ec9bdb893e6dcf4ac272c58d4"", ""side"": ""SELL"", ""asset"": ""39223330966352513418907732239455948906399882924787587183466504819170775983376"", ""conditionId"": ""0x836b850fc838195374862551a36f1c8691d96ff01e58b0a071f0fc1a0e357fb1"", ""size"": 3887, ""price"": 0.008, ""timestamp"": 1770344037, ""title"": ""Will LeBron James win the 2028 US Presidential Election?"", ""slug"": ""will-lebron-james-win-the-2028-us-presidential-election"", ""icon"": ""https://polymarket-upload.s3.us-east-2.amazonaws.com/Lebron_James.png"", ""eventSlug"": ""presidential-election-winner-2028"", ""outcome"": ""Yes"", ""outcomeIndex"": 0, ""name"": ""NodeStakeCraze"", ""pseudonym"": ""Shiny-Presentation"", ""bio"": """", ""profileImage"": """", ""profileImageOptimized"": """", ""transactionHash"": ""0xcae06858af42d9f2d73ac2045604dbaf5b1dc70d07d0bf6dac6a1154983700f9""}"
1770343905,2026-02-14T01:58:37.789943,0x0e969e57028639a030bb432759740e48b013d2de1b69e7b5d0228e4bb927df2d:1770343905,561251,39223330966352513418907732239455948906399882924787587183466504819170775983376,SELL,0.008,57.0,0.456,0x0e969e57028639a030bb432759740e48b013d2de1b69e7b5d0228e4bb927df2d,"{""proxyWallet"": ""0x1ffbd604c476838f8b902bf698ab18415f121e65"", ""side"": ""SELL"", ""asset"": ""39223330966352513418907732239455948906399882924787587183466504819170775983376"", ""conditionId"": ""0x836b850fc838195374862551a36f1c8691d96ff01e58b0a071f0fc1a0e357fb1"", ""size"": 57, ""price"": 0.008, ""timestamp"": 1770343905, ""title"": ""Will LeBron James win the 2028 US Presidential Election?"", ""slug"": ""will-lebron-james-win-the-2028-us-presidential-election"", ""icon"": ""https://polymarket-upload.s3.us-east-2.amazonaws.com/Lebron_James.png"", ""eventSlug"": ""presidential-election-winner-2028"", ""outcome"": ""Yes"", ""outcomeIndex"": 0, ""name"": ""ereilly"", ""pseudonym"": ""Unlined-Surname"", ""bio"": """", ""profileImage"": """", ""profileImageOptimized"": """", ""transactionHash"": ""0x0e969e57028639a030bb432759740e48b013d2de1b69e7b5d0228e4bb927df2d""}"
1770343319,2026-02-14T01:58:37.789960,0xf888a78620f1614baf553a401aa4bf93ffdd44287bcecbc138a41e449202cbfc:1770343319,561251,39223330966352513418907732239455948906399882924787587183466504819170775983376,SELL,0.008,3994.0,31.952,0xf888a78620f1614baf553a401aa4bf93ffdd44287bcecbc138a41e449202cbfc,"{""proxyWallet"": ""0x80cdd9511b2899513a8191e6301f34be64bbdcfd"", ""side"": ""SELL"", ""asset"": ""39223330966352513418907732239455948906399882924787587183466504819170775983376"", ""conditionId"": ""0x836b850fc838195374862551a36f1c8691d96ff01e58b0a071f0fc1a0e357fb1"", ""size"": 3994, ""price"": 0.008, ""timestamp"": 1770343319, ""title"": ""Will LeBron James win the 2028 US Presidential Election?"", ""slug"": ""will-lebron-james-win-the-2028-us-presidential-election"", ""icon"": ""https://polymarket-upload.s3.us-east-2.amazonaws.com/Lebron_James.png"", ""eventSlug"": ""presidential-election-winner-2028"", ""outcome"": ""Yes"", ""outcomeIndex"": 0, ""name"": ""stefan93pp"", ""pseudonym"": ""Creepy-Axis"", ""bio"": """", ""profileImage"": """", ""profileImageOptimized"": """", ""transactionHash"": ""0xf888a78620f1614baf553a401aa4bf93ffdd44287bcecbc138a41e449202cbfc""}"
1770343281,2026-02-14T01:58:37.789976,0x23984492c85bef5c68b33e9d5dd3cf34bcf95861d12061fb00a30535d9faf00d:1770343281,561251,39223330966352513418907732239455948906399882924787587183466504819170775983376,SELL,0.008,7265.9,58.127199999999995,0x23984492c85bef5c68b33e9d5dd3cf34bcf95861d12061fb00a30535d9faf00d,"{""proxyWallet"": ""0x305a46bcdcc05f02bb600633579f818ab15225cc"", ""side"": ""SELL"", ""asset"": ""39223330966352513418907732239455948906399882924787587183466504819170775983376"", ""conditionId"": ""0x836b850fc838195374862551a36f1c8691d96ff01e58b0a071f0fc1a0e357fb1"", ""size"": 7265.9, ""price"": 0.008, ""timestamp"": 1770343281, ""title"": ""Will LeBron James win the 2028 US Presidential Election?"", ""slug"": ""will-lebron-james-win-the-2028-us-presidential-election"", ""icon"": ""https://polymarket-upload.s3.us-east-2.amazonaws.com/Lebron_James.png"", ""eventSlug"": ""presidential-election-winner-2028"", ""outcome"": ""Yes"", ""outcomeIndex"": 0, ""name"": ""Valorynx"", ""pseudonym"": ""Definitive-Magazine"", ""bio"": """", ""profileImage"": """", ""profileImageOptimized"": """", ""transactionHash"": ""0x23984492c85bef5c68b33e9d5dd3cf34bcf95861d12061fb00a30535d9faf00d""}"
1770343167,2026-02-14T01:58:37.789994,0x2b2f8bc4db5c2979e0709016c4a5d4fab15189a1edf940b5772bc088f061abba:1770343167,561251,39223330966352513418907732239455948906399882924787587183466504819170775983376,SELL,0.008,4029.0,32.232,0x2b2f8bc4db5c2979e0709016c4a5d4fab15189a1edf940b5772bc088f061abba,"{""proxyWallet"": ""0x639a491e77cc08e5b41a5d844c238b7470cadf9d"", ""side"": ""SELL"", ""asset"": ""39223330966352513418907732239455948906399882924787587183466504819170775983376"", ""conditionId"": ""0x836b850fc838195374862551a36f1c8691d96ff01e58b0a071f0fc1a0e357fb1"", ""size"": 4029, ""price"": 0.008, ""timestamp"": 1770343167, ""title"": ""Will LeBron James win the 2028 US Presidential Election?"", ""slug"": ""will-lebron-james-win-the-2028-us-presidential-election"", ""icon"": ""https://polymarket-upload.s3.us-east-2.amazonaws.com/Lebron_James.png"", ""eventSlug"": ""presidential-election-winner-2028"", ""outcome"": ""Yes"", ""outcomeIndex"": 0, ""name"": ""TheresaWal35443"", ""pseudonym"": ""Brave-Choir"", ""bio"": """", ""profileImage"": """", ""profileImageOptimized"": """", ""transactionHash"": ""0x2b2f8bc4db5c2979e0709016c4a5d4fab15189a1edf940b5772bc088f061abba""}"
1770342391,2026-02-14T01:58:37.790009,0xaf490a439fddf3521688d922fa61ef3a65784140f78e5884171dc7860ab3b1d0:1770342391,561251,39223330966352513418907732239455948906399882924787587183466504819170775983376,SELL,0.008,3915.0,31.32,0xaf490a439fddf3521688d922fa61ef3a65784140f78e5884171dc7860ab3b1d0,"{""proxyWallet"": ""0x9efbf5583c8f29499e0831999e724c8faa07c4a9"", ""side"": ""SELL"", ""asset"": ""39223330966352513418907732239455948906399882924787587183466504819170775983376"", ""conditionId"": ""0x836b850fc838195374862551a36f1c8691d96ff01e58b0a071f0fc1a0e357fb1"", ""size"": 3915, ""price"": 0.008, ""timestamp"": 1770342391, ""title"": ""Will LeBron James win the 2028 US Presidential Election?"", ""slug"": ""will-lebron-james-win-the-2028-us-presidential-election"", ""icon"": ""https://polymarket-upload.s3.us-east-2.amazonaws.com/Lebron_James.png"", ""eventSlug"": ""presidential-election-winner-2028"", ""outcome"": ""Yes"", ""outcomeIndex"": 0, ""name"": ""Maximillionai"", ""pseudonym"": ""Silky-Bird"", ""bio"": """", ""profileImage"": """", ""profileImageOptimized"": """", ""transactionHash"": ""0xaf490a439fddf3521688d922fa61ef3a65784140f78e5884171dc7860ab3b1d0""}"
1770342165,2026-02-14T01:58:37.790027,0xc259b711da0e70e5f80c2156c4ca45437bd02bd566e6bfa1bb3d347f13ddf20a:1770342165,561251,39223330966352513418907732239455948906399882924787587183466504819170775983376,SELL,0.008,3771.0,30.168,0xc259b711da0e70e5f80c2156c4ca45437bd02bd566e6bfa1bb3d347f13ddf20a,"{""proxyWallet"": ""0x6e7a5d4839315a5f19c581966c0185920d9400ff"", ""side"": ""SELL"", ""asset"": ""39223330966352513418907732239455948906399882924787587183466504819170775983376"", ""conditionId"": ""0x836b850fc838195374862551a36f1c8691d96ff01e58b0a071f0fc1a0e357fb1"", ""size"": 3771, ""price"": 0.008, ""timestamp"": 1770342165, ""title"": ""Will LeBron James win the 2028 US Presidential Election?"", ""slug"": ""will-lebron-james-win-the-2028-us-presidential-election"", ""icon"": ""https://polymarket-upload.s3.us-east-2.amazonaws.com/Lebron_James.png"", ""eventSlug"": ""presidential-election-winner-2028"", ""outcome"": ""Yes"", ""outcomeIndex"": 0, ""name"": ""YieldOracle"", ""pseudonym"": ""Puzzling-Taco"", ""bio"": """", ""profileImage"": """", ""profileImageOptimized"": """", ""transactionHash"": ""0xc259b711da0e70e5f80c2156c4ca45437bd02bd566e6bfa1bb3d347f13ddf20a""}"
1770341925,2026-02-14T01:58:37.790043,0x1ccdfbe74a1b260d4653673ce32c83bf3051683006f47278db6e4739df7801bf:1770341925,561251,39223330966352513418907732239455948906399882924787587183466504819170775983376,SELL,0.008,7314.8,58.5184,0x1ccdfbe74a1b260d4653673ce32c83bf3051683006f47278db6e4739df7801bf,"{""proxyWallet"": ""0x9e176ca88414237f321d938c78b3871c8fbaee24"", ""side"": ""SELL"", ""asset"": ""39223330966352513418907732239455948906399882924787587183466504819170775983376"", ""conditionId"": ""0x836b850fc838195374862551a36f1c8691d96ff01e58b0a071f0fc1a0e357fb1"", ""size"": 7314.8, ""price"": 0.008, ""timestamp"": 1770341925, ""title"": ""Will LeBron James win the 2028 US Presidential Election?"", ""slug"": ""will-lebron-james-win-the-2028-us-presidential-election"", ""icon"": ""https://polymarket-upload.s3.us-east-2.amazonaws.com/Lebron_James.png"", ""eventSlug"": ""presidential-election-winner-2028"", ""outcome"": ""Yes"", ""outcomeIndex"": 0, ""name"": ""Onchainmatrix"", ""pseudonym"": ""Careful-Pat"", ""bio"": """", ""profileImage"": """", ""profileImageOptimized"": """", ""transactionHash"": ""0x1ccdfbe74a1b260d4653673ce32c83bf3051683006f47278db6e4739df7801bf""}"
1770339773,2026-02-14T01:58:37.790063,0x97ef23712c8dddc368113e2f14ef5e6123fdd00728b1c87ebb585c2882498827:1770339773,561251,39223330966352513418907732239455948906399882924787587183466504819170775983376,BUY,0.009,211.0,1.8989999999999998,0x97ef23712c8dddc368113e2f14ef5e6123fdd00728b1c87ebb585c2882498827,"{""proxyWallet"": ""0x95e783fddc953261c141fcbbefeb0b500fff3f9c"", ""side"": ""BUY"", ""asset"": ""39223330966352513418907732239455948906399882924787587183466504819170775983376"", ""conditionId"": ""0x836b850fc838195374862551a36f1c8691d96ff01e58b0a071f0fc1a0e357fb1"", ""size"": 211, ""price"": 0.009, ""timestamp"": 1770339773, ""title"": ""Will LeBron James win the 2028 US Presidential Election?"", ""slug"": ""will-lebron-james-win-the-2028-us-presidential-election"", ""icon"": ""https://polymarket-upload.s3.us-east-2.amazonaws.com/Lebron_James.png"", ""eventSlug"": ""presidential-election-winner-2028"", ""outcome"": ""Yes"", ""outcomeIndex"": 0, ""name"": ""jessicahamilton"", ""pseudonym"": ""Honorable-Equivalent"", ""bio"": """", ""profileImage"": """", ""profileImageOptimized"": """", ""transactionHash"": ""0x97ef23712c8dddc368113e2f14ef5e6123fdd00728b1c87ebb585c2882498827""}"
1770321523,2026-02-14T01:58:37.790083,0x6063366382aa87bfb9b55bd625d4af2a653259aade9f555fdc8e012db7cff803:1770321523,561251,39223330966352513418907732239455948906399882924787587183466504819170775983376,SELL,0.008,74.0,0.592,0x6063366382aa87bfb9b55bd625d4af2a653259aade9f555fdc8e012db7cff803,"{""proxyWallet"": ""0x8e2911a2727ae87ed08af65a134992ce87c48a71"", ""side"": ""SELL"", ""asset"": ""39223330966352513418907732239455948906399882924787587183466504819170775983376"", ""conditionId"": ""0x836b850fc838195374862551a36f1c8691d96ff01e58b0a071f0fc1a0e357fb1"", ""size"": 74, ""price"": 0.008, ""timestamp"": 1770321523, ""title"": ""Will LeBron James win the 2028 US Presidential Election?"", ""slug"": ""will-lebron-james-win-the-2028-us-presidential-election"", ""icon"": ""https://polymarket-upload.s3.us-east-2.amazonaws.com/Lebron_James.png"", ""eventSlug"": ""presidential-election-winner-2028"", ""outcome"": ""Yes"", ""outcomeIndex"": 0, ""name"": ""heidi36"", ""pseudonym"": ""Artistic-Stack"", ""bio"": """", ""profileImage"": """", ""profileImageOptimized"": """", ""transactionHash"": ""0x6063366382aa87bfb9b55bd625d4af2a653259aade9f555fdc8e012db7cff803""}"
1770297771,2026-02-14T01:58:37.790107,0x9b85e7b63c4f5555688a7a014d8c66cc4ff2e1897af651e4b53a07e065cbab2b:1770297771,561251,39223330966352513418907732239455948906399882924787587183466504819170775983376,SELL,0.008,5000.0,40.0,0x9b85e7b63c4f5555688a7a014d8c66cc4ff2e1897af651e4b53a07e065cbab2b,"{""proxyWallet"": ""0x612f07e76abb9d4d1804264a088a37a666ecaa53"", ""side"": ""SELL"", ""asset"": ""39223330966352513418907732239455948906399882924787587183466504819170775983376"", ""conditionId"": ""0x836b850fc838195374862551a36f1c8691d96ff01e58b0a071f0fc1a0e357fb1"", ""size"": 5000, ""price"": 0.008, ""timestamp"": 1770297771, ""title"": ""Will LeBron James win the 2028 US Presidential Election?"", ""slug"": ""will-lebron-james-win-the-2028-us-presidential-election"", ""icon"": ""https://polymarket-upload.s3.us-east-2.amazonaws.com/Lebron_James.png"", ""eventSlug"": ""presidential-election-winner-2028"", ""outcome"": ""Yes"", ""outcomeIndex"": 0, ""name"": ""J-E-R"", ""pseudonym"": ""Near-Epauliere"", ""bio"": """", ""profileImage"": """", ""profileImageOptimized"": """", ""transactionHash"": ""0x9b85e7b63c4f5555688a7a014d8c66cc4ff2e1897af651e4b53a07e065cbab2b""}"
1770295695,2026-02-14T01:58:37.790125,0x5d771e5e6d1dd3937f2650aa19e823342d82815c0ed91bedd0881e6827eab314:1770295695,561251,39223330966352513418907732239455948906399882924787587183466504819170775983376,SELL,0.008,200.0,1.6,0x5d771e5e6d1dd3937f2650aa19e823342d82815c0ed91bedd0881e6827eab314,"{""proxyWallet"": ""0xd81229cc3af7f479801c868c95b5e8cb7cbbceb8"", ""side"": ""SELL"", ""asset"": ""39223330966352513418907732239455948906399882924787587183466504819170775983376"", ""conditionId"": ""0x836b850fc838195374862551a36f1c8691d96ff01e58b0a071f0fc1a0e357fb1"", ""size"": 200, ""price"": 0.008, ""timestamp"": 1770295695, ""title"": ""Will LeBron James win the 2028 US Presidential Election?"", ""slug"": ""will-lebron-james-win-the-2028-us-presidential-election"", ""icon"": ""https://polymarket-upload.s3.us-east-2.amazonaws.com/Lebron_James.png"", ""eventSlug"": ""presidential-election-winner-2028"", ""outcome"": ""Yes"", ""outcomeIndex"": 0, ""name"": ""355467"", ""pseudonym"": ""Tedious-Fate"", ""bio"": """", ""profileImage"": """", ""profileImageOptimized"": """", ""transactionHash"": ""0x5d771e5e6d1dd3937f2650aa19e823342d82815c0ed91bedd0881e6827eab314""}"
1770285985,2026-02-14T01:58:37.790157,0xe467a5e90c5ea91fcc68128ddd08610a485dd92ba147da41e310fa132f3e85ee:1770285985,561251,39223330966352513418907732239455948906399882924787587183466504819170775983376,SELL,0.008,560.0,4.48,0xe467a5e90c5ea91fcc68128ddd08610a485dd92ba147da41e310fa132f3e85ee,"{""proxyWallet"": ""0x0956604f230afb927751012d96c9712f5726ab52"", ""side"": ""SELL"", ""asset"": ""39223330966352513418907732239455948906399882924787587183466504819170775983376"", ""conditionId"": ""0x836b850fc838195374862551a36f1c8691d96ff01e58b0a071f0fc1a0e357fb1"", ""size"": 560, ""price"": 0.008, ""timestamp"": 1770285985, ""title"": ""Will LeBron James win the 2028 US Presidential Election?"", ""slug"": ""will-lebron-james-win-the-2028-us-presidential-election"", ""icon"": ""https://polymarket-upload.s3.us-east-2.amazonaws.com/Lebron_James.png"", ""eventSlug"": ""presidential-election-winner-2028"", ""outcome"": ""Yes"", ""outcomeIndex"": 0, ""name"": ""tangxiaoxian"", ""pseudonym"": ""Joyful-Jewelry"", ""bio"": """", ""profileImage"": ""https://polymarket-upload.s3.us-east-2.amazonaws.com/profile-image-5519116-366abf8c-846d-470e-b29f-ae0185bd82d7.png"", ""profileImageOptimized"": """", ""transactionHash"": ""0xe467a5e90c5ea91fcc68128ddd08610a485dd92ba147da41e310fa132f3e85ee""}"
1770283507,2026-02-14T01:58:37.790181,0xc3f75b820df43dfeeeb5c760f230c539c784f6dd66fdad8a2ccbb5b2f6524804:1770283507,561251,39223330966352513418907732239455948906399882924787587183466504819170775983376,SELL,0.008,506.0,4.048,0xc3f75b820df43dfeeeb5c760f230c539c784f6dd66fdad8a2ccbb5b2f6524804,"{""proxyWallet"": ""0xad287cbd7db82d684a5066515c7ee624df111601"", ""side"": ""SELL"", ""asset"": ""39223330966352513418907732239455948906399882924787587183466504819170775983376"", ""conditionId"": ""0x836b850fc838195374862551a36f1c8691d96ff01e58b0a071f0fc1a0e357fb1"", ""size"": 506, ""price"": 0.008, ""timestamp"": 1770283507, ""title"": ""Will LeBron James win the 2028 US Presidential Election?"", ""slug"": ""will-lebron-james-win-the-2028-us-presidential-election"", ""icon"": ""https://polymarket-upload.s3.us-east-2.amazonaws.com/Lebron_James.png"", ""eventSlug"": ""presidential-election-winner-2028"", ""outcome"": ""Yes"", ""outcomeIndex"": 0, ""name"": ""LR1"", ""pseudonym"": ""Jaded-Windchime"", ""bio"": ""Hi"", ""profileImage"": """", ""profileImageOptimized"": """", ""transactionHash"": ""0xc3f75b820df43dfeeeb5c760f230c539c784f6dd66fdad8a2ccbb5b2f6524804""}"
1770282571,2026-02-14T01:58:37.790199,0x5f189250629a249277055b48ca63d30d7675619e79bf5916918a4ee405332c48:1770282571,561251,39223330966352513418907732239455948906399882924787587183466504819170775983376,SELL,0.008,1000.0,8.0,0x5f189250629a249277055b48ca63d30d7675619e79bf5916918a4ee405332c48,"{""proxyWallet"": ""0x612f07e76abb9d4d1804264a088a37a666ecaa53"", ""side"": ""SELL"", ""asset"": ""39223330966352513418907732239455948906399882924787587183466504819170775983376"", ""conditionId"": ""0x836b850fc838195374862551a36f1c8691d96ff01e58b0a071f0fc1a0e357fb1"", ""size"": 1000, ""price"": 0.008, ""timestamp"": 1770282571, ""title"": ""Will LeBron James win the 2028 US Presidential Election?"", ""slug"": ""will-lebron-james-win-the-2028-us-presidential-election"", ""icon"": ""https://polymarket-upload.s3.us-east-2.amazonaws.com/Lebron_James.png"", ""eventSlug"": ""presidential-election-winner-2028"", ""outcome"": ""Yes"", ""outcomeIndex"": 0, ""name"": ""J-E-R"", ""pseudonym"": ""Near-Epauliere"", ""bio"": """", ""profileImage"": """", ""profileImageOptimized"": """", ""transactionHash"": ""0x5f189250629a249277055b48ca63d30d7675619e79bf5916918a4ee405332c48""}"
1770280709,2026-02-14T01:58:37.790217,0xefd04afc196b7cd6deda1457cd294724e066d04881d17a8974980462d661c52d:1770280709,561251,39223330966352513418907732239455948906399882924787587183466504819170775983376,SELL,0.008,115.0,0.92,0xefd04afc196b7cd6deda1457cd294724e066d04881d17a8974980462d661c52d,"{""proxyWallet"": ""0x5ee41f9016248b2b14fc47bae2e322a99badf1b2"", ""side"": ""SELL"", ""asset"": ""39223330966352513418907732239455948906399882924787587183466504819170775983376"", ""conditionId"": ""0x836b850fc838195374862551a36f1c8691d96ff01e58b0a071f0fc1a0e357fb1"", ""size"": 115, ""price"": 0.008, ""timestamp"": 1770280709, ""title"": ""Will LeBron James win the 2028 US Presidential Election?"", ""slug"": ""will-lebron-james-win-the-2028-us-presidential-election"", ""icon"": ""https://polymarket-upload.s3.us-east-2.amazonaws.com/Lebron_James.png"", ""eventSlug"": ""presidential-election-winner-2028"", ""outcome"": ""Yes"", ""outcomeIndex"": 0, ""name"": ""qgilmore"", ""pseudonym"": ""Authentic-Candy"", ""bio"": """", ""profileImage"": """", ""profileImageOptimized"": """", ""transactionHash"": ""0xefd04afc196b7cd6deda1457cd294724e066d04881d17a8974980462d661c52d""}"
1770272791,2026-02-14T01:58:37.790243,0xb068fa1350b18c568a39cd76454b7b257bcf36ec4283f26f7b0e7b111d4dfcc3:1770272791,561251,39223330966352513418907732239455948906399882924787587183466504819170775983376,BUY,0.009,3736.8,33.6312,0xb068fa1350b18c568a39cd76454b7b257bcf36ec4283f26f7b0e7b111d4dfcc3,"{""proxyWallet"": ""0x360f642f2e7b3a0ae458efa69fff21ab56d3e738"", ""side"": ""BUY"", ""asset"": ""39223330966352513418907732239455948906399882924787587183466504819170775983376"", ""conditionId"": ""0x836b850fc838195374862551a36f1c8691d96ff01e58b0a071f0fc1a0e357fb1"", ""size"": 3736.8, ""price"": 0.009, ""timestamp"": 1770272791, ""title"": ""Will LeBron James win the 2028 US Presidential Election?"", ""slug"": ""will-lebron-james-win-the-2028-us-presidential-election"", ""icon"": ""https://polymarket-upload.s3.us-east-2.amazonaws.com/Lebron_James.png"", ""eventSlug"": ""presidential-election-winner-2028"", ""outcome"": ""Yes"", ""outcomeIndex"": 0, ""name"": ""GasZeroNexus"", ""pseudonym"": ""Bronze-Ginseng"", ""bio"": """", ""profileImage"": """", ""profileImageOptimized"": """", ""transactionHash"": ""0xb068fa1350b18c568a39cd76454b7b257bcf36ec4283f26f7b0e7b111d4dfcc3""}"
1770272199,2026-02-14T01:58:37.790264,0xf3774cc8629bd2d87c8483c2f350881b378325478d6e534ef92d47e012fc71b9:1770272199,561251,39223330966352513418907732239455948906399882924787587183466504819170775983376,SELL,0.008,3798.0,30.384,0xf3774cc8629bd2d87c8483c2f350881b378325478d6e534ef92d47e012fc71b9,"{""proxyWallet"": ""0x7bb11ab160e6aa191badcf5e7b8cfc12295c4698"", ""side"": ""SELL"", ""asset"": ""39223330966352513418907732239455948906399882924787587183466504819170775983376"", ""conditionId"": ""0x836b850fc838195374862551a36f1c8691d96ff01e58b0a071f0fc1a0e357fb1"", ""size"": 3798, ""price"": 0.008, ""timestamp"": 1770272199, ""title"": ""Will LeBron James win the 2028 US Presidential Election?"", ""slug"": ""will-lebron-james-win-the-2028-us-presidential-election"", ""icon"": ""https://polymarket-upload.s3.us-east-2.amazonaws.com/Lebron_James.png"", ""eventSlug"": ""presidential-election-winner-2028"", ""outcome"": ""Yes"", ""outcomeIndex"": 0, ""name"": ""Isaqwerbella"", ""pseudonym"": ""Stale-List"", ""bio"": """", ""profileImage"": """", ""profileImageOptimized"": """", ""transactionHash"": ""0xf3774cc8629bd2d87c8483c2f350881b378325478d6e534ef92d47e012fc71b9""}"
1770271615,2026-02-14T01:58:37.790278,0xfef0d65968e233c90405255ebfd199bc7bc47f8048d698224fa995e8ae458b5a:1770271615,561251,39223330966352513418907732239455948906399882924787587183466504819170775983376,BUY,0.009,3611.0,32.498999999999995,0xfef0d65968e233c90405255ebfd199bc7bc47f8048d698224fa995e8ae458b5a,"{""proxyWallet"": ""0xecbc8a58b71468587916af2e05d2e8797d8b3252"", ""side"": ""BUY"", ""asset"": ""39223330966352513418907732239455948906399882924787587183466504819170775983376"", ""conditionId"": ""0x836b850fc838195374862551a36f1c8691d96ff01e58b0a071f0fc1a0e357fb1"", ""size"": 3611, ""price"": 0.009, ""timestamp"": 1770271615, ""title"": ""Will LeBron James win the 2028 US Presidential Election?"", ""slug"": ""will-lebron-james-win-the-2028-us-presidential-election"", ""icon"": ""https://polymarket-upload.s3.us-east-2.amazonaws.com/Lebron_James.png"", ""eventSlug"": ""presidential-election-winner-2028"", ""outcome"": ""Yes"", ""outcomeIndex"": 0, ""name"": ""Faywoltranea"", ""pseudonym"": ""Different-Bookcase"", ""bio"": """", ""profileImage"": """", ""profileImageOptimized"": """", ""transactionHash"": ""0xfef0d65968e233c90405255ebfd199bc7bc47f8048d698224fa995e8ae458b5a""}"
1770270783,2026-02-14T01:58:37.790294,0x8b857f7a9ef12091d53c6c82eff9120f36970e32755e163e9971d4e2360630ce:1770270783,561251,39223330966352513418907732239455948906399882924787587183466504819170775983376,BUY,0.009,3634.0,32.705999999999996,0x8b857f7a9ef12091d53c6c82eff9120f36970e32755e163e9971d4e2360630ce,"{""proxyWallet"": ""0xcec96fcff7e10784fdcd62fcd9840cd9777ae4fe"", ""side"": ""BUY"", ""asset"": ""39223330966352513418907732239455948906399882924787587183466504819170775983376"", ""conditionId"": ""0x836b850fc838195374862551a36f1c8691d96ff01e58b0a071f0fc1a0e357fb1"", ""size"": 3634, ""price"": 0.009, ""timestamp"": 1770270783, ""title"": ""Will LeBron James win the 2028 US Presidential Election?"", ""slug"": ""will-lebron-james-win-the-2028-us-presidential-election"", ""icon"": ""https://polymarket-upload.s3.us-east-2.amazonaws.com/Lebron_James.png"", ""eventSlug"": ""presidential-election-winner-2028"", ""outcome"": ""Yes"", ""outcomeIndex"": 0, ""name"": ""Haerqwnry"", ""pseudonym"": ""Straight-Smith"", ""bio"": """", ""profileImage"": """", ""profileImageOptimized"": """", ""transactionHash"": ""0x8b857f7a9ef12091d53c6c82eff9120f36970e32755e163e9971d4e2360630ce""}"
1770270565,2026-02-14T01:58:37.790314,0xf6b4f67b9a921ef2cd4767c3ceaecd29bda8223097042f04c203932fbe36468b:1770270565,561251,39223330966352513418907732239455948906399882924787587183466504819170775983376,SELL,0.008,3517.0,28.136,0xf6b4f67b9a921ef2cd4767c3ceaecd29bda8223097042f04c203932fbe36468b,"{""proxyWallet"": ""0xb849e7d7510c3f37ae06e3074b3c4d1fa71eaabc"", ""side"": ""SELL"", ""asset"": ""39223330966352513418907732239455948906399882924787587183466504819170775983376"", ""conditionId"": ""0x836b850fc838195374862551a36f1c8691d96ff01e58b0a071f0fc1a0e357fb1"", ""size"": 3517, ""price"": 0.008, ""timestamp"": 1770270565, ""title"": ""Will LeBron James win the 2028 US Presidential Election?"", ""slug"": ""will-lebron-james-win-the-2028-us-presidential-election"", ""icon"": ""https://polymarket-upload.s3.us-east-2.amazonaws.com/Lebron_James.png"", ""eventSlug"": ""presidential-election-winner-2028"", ""outcome"": ""Yes"", ""outcomeIndex"": 0, ""name"": ""DeFiShaman"", ""pseudonym"": ""Rude-Mastoid"", ""bio"": """", ""profileImage"": """", ""profileImageOptimized"": """", ""transactionHash"": ""0xf6b4f67b9a921ef2cd4767c3ceaecd29bda8223097042f04c203932fbe36468b""}"
1770270543,2026-02-14T01:58:37.790331,0x3815f4785a67ea4e2e6ea39f416a5cf2761e35c508ea60d7ce2454dfe950fc2d:1770270543,561251,39223330966352513418907732239455948906399882924787587183466504819170775983376,SELL,0.008,3600.0,28.8,0x3815f4785a67ea4e2e6ea39f416a5cf2761e35c508ea60d7ce2454dfe950fc2d,"{""proxyWallet"": ""0x8a800968e5b44eb0e1f366aade57a1227c1caf26"", ""side"": ""SELL"", ""asset"": ""39223330966352513418907732239455948906399882924787587183466504819170775983376"", ""conditionId"": ""0x836b850fc838195374862551a36f1c8691d96ff01e58b0a071f0fc1a0e357fb1"", ""size"": 3600, ""price"": 0.008, ""timestamp"": 1770270543, ""title"": ""Will LeBron James win the 2028 US Presidential Election?"", ""slug"": ""will-lebron-james-win-the-2028-us-presidential-election"", ""icon"": ""https://polymarket-upload.s3.us-east-2.amazonaws.com/Lebron_James.png"", ""eventSlug"": ""presidential-election-winner-2028"", ""outcome"": ""Yes"", ""outcomeIndex"": 0, ""name"": ""Ththdfgttyhd"", ""pseudonym"": ""Queasy-Most"", ""bio"": """", ""profileImage"": """", ""profileImageOptimized"": """", ""transactionHash"": ""0x3815f4785a67ea4e2e6ea39f416a5cf2761e35c508ea60d7ce2454dfe950fc2d""}"
1770270275,2026-02-14T01:58:37.790348,0x60d0093eba42bbb19d8cf362cde5d25a7fcb2b6b0a76a7f066b13ea2e09d9bba:1770270275,561251,39223330966352513418907732239455948906399882924787587183466504819170775983376,SELL,0.008,3609.0,28.872,0x60d0093eba42bbb19d8cf362cde5d25a7fcb2b6b0a76a7f066b13ea2e09d9bba,"{""proxyWallet"": ""0x77e40a80917fc006c04f8f918cf8bff55eb70d85"", ""side"": ""SELL"", ""asset"": ""39223330966352513418907732239455948906399882924787587183466504819170775983376"", ""conditionId"": ""0x836b850fc838195374862551a36f1c8691d96ff01e58b0a071f0fc1a0e357fb1"", ""size"": 3609, ""price"": 0.008, ""timestamp"": 1770270275, ""title"": ""Will LeBron James win the 2028 US Presidential Election?"", ""slug"": ""will-lebron-james-win-the-2028-us-presidential-election"", ""icon"": ""https://polymarket-upload.s3.us-east-2.amazonaws.com/Lebron_James.png"", ""eventSlug"": ""presidential-election-winner-2028"", ""outcome"": ""Yes"", ""outcomeIndex"": 0, ""name"": ""FlashHunterZora"", ""pseudonym"": ""Boiling-Sabre"", ""bio"": """", ""profileImage"": """", ""profileImageOptimized"": """", ""transactionHash"": ""0x60d0093eba42bbb19d8cf362cde5d25a7fcb2b6b0a76a7f066b13ea2e09d9bba""}"
1770269125,2026-02-14T01:58:37.790365,0xeba23b8bb0ab90d0197e8268ba107f5c153718116ccc051bf73d04c986eb4b63:1770269125,561251,39223330966352513418907732239455948906399882924787587183466504819170775983376,SELL,0.008,3670.0,29.36,0xeba23b8bb0ab90d0197e8268ba107f5c153718116ccc051bf73d04c986eb4b63,"{""proxyWallet"": ""0xa2148b475140b7dd788bc8988470462a7663c4b7"", ""side"": ""SELL"", ""asset"": ""39223330966352513418907732239455948906399882924787587183466504819170775983376"", ""conditionId"": ""0x836b850fc838195374862551a36f1c8691d96ff01e58b0a071f0fc1a0e357fb1"", ""size"": 3670, ""price"": 0.008, ""timestamp"": 1770269125, ""title"": ""Will LeBron James win the 2028 US Presidential Election?"", ""slug"": ""will-lebron-james-win-the-2028-us-presidential-election"", ""icon"": ""https://polymarket-upload.s3.us-east-2.amazonaws.com/Lebron_James.png"", ""eventSlug"": ""presidential-election-winner-2028"", ""outcome"": ""Yes"", ""outcomeIndex"": 0, ""name"": ""Josdranmitel"", ""pseudonym"": ""Meager-Hanger"", ""bio"": """", ""profileImage"": """", ""profileImageOptimized"": """", ""transactionHash"": ""0xeba23b8bb0ab90d0197e8268ba107f5c153718116ccc051bf73d04c986eb4b63""}"
1770267167,2026-02-14T01:58:37.790380,0x472d63bb2bd98ed2a6de845102c6d5324f87f270f48f3140f55955101135f811:1770267167,561251,39223330966352513418907732239455948906399882924787587183466504819170775983376,BUY,0.009,3887.0,34.983,0x472d63bb2bd98ed2a6de845102c6d5324f87f270f48f3140f55955101135f811,"{""proxyWallet"": ""0xf9bc84e57949a89ec9bdb893e6dcf4ac272c58d4"", ""side"": ""BUY"", ""asset"": ""39223330966352513418907732239455948906399882924787587183466504819170775983376"", ""conditionId"": ""0x836b850fc838195374862551a36f1c8691d96ff01e58b0a071f0fc1a0e357fb1"", ""size"": 3887, ""price"": 0.009, ""timestamp"": 1770267167, ""title"": ""Will LeBron James win the 2028 US Presidential Election?"", ""slug"": ""will-lebron-james-win-the-2028-us-presidential-election"", ""icon"": ""https://polymarket-upload.s3.us-east-2.amazonaws.com/Lebron_James.png"", ""eventSlug"": ""presidential-election-winner-2028"", ""outcome"": ""Yes"", ""outcomeIndex"": 0, ""name"": ""NodeStakeCraze"", ""pseudonym"": ""Shiny-Presentation"", ""bio"": """", ""profileImage"": """", ""profileImageOptimized"": """", ""transactionHash"": ""0x472d63bb2bd98ed2a6de845102c6d5324f87f270f48f3140f55955101135f811""}"
1770267075,2026-02-14T01:58:37.790398,0x913cd22b3b9701f584e66b703e75efbf4a10404de344b05da3f3c8dea8a5d27b:1770267075,561251,39223330966352513418907732239455948906399882924787587183466504819170775983376,SELL,0.008,101.0,0.808,0x913cd22b3b9701f584e66b703e75efbf4a10404de344b05da3f3c8dea8a5d27b,"{""proxyWallet"": ""0x9cace9090723efd56a13ace2e3f4e2eddf542d4e"", ""side"": ""SELL"", ""asset"": ""39223330966352513418907732239455948906399882924787587183466504819170775983376"", ""conditionId"": ""0x836b850fc838195374862551a36f1c8691d96ff01e58b0a071f0fc1a0e357fb1"", ""size"": 101, ""price"": 0.008, ""timestamp"": 1770267075, ""title"": ""Will LeBron James win the 2028 US Presidential Election?"", ""slug"": ""will-lebron-james-win-the-2028-us-presidential-election"", ""icon"": ""https://polymarket-upload.s3.us-east-2.amazonaws.com/Lebron_James.png"", ""eventSlug"": ""presidential-election-winner-2028"", ""outcome"": ""Yes"", ""outcomeIndex"": 0, ""name"": ""richardmarquez"", ""pseudonym"": ""Ringed-Interchange"", ""bio"": """", ""profileImage"": """", ""profileImageOptimized"": """", ""transactionHash"": ""0x913cd22b3b9701f584e66b703e75efbf4a10404de344b05da3f3c8dea8a5d27b""}"
1770265861,2026-02-14T01:58:37.790413,0x84e3ca4d9380ffc0d26f676695e3cc656220d675451653cfa15400232754d8f2:1770265861,561251,39223330966352513418907732239455948906399882924787587183466504819170775983376,SELL,0.008,3749.0,29.992,0x84e3ca4d9380ffc0d26f676695e3cc656220d675451653cfa15400232754d8f2,"{""proxyWallet"": ""0x8067a7df3648a140924437f1912dbacb99b07443"", ""side"": ""SELL"", ""asset"": ""39223330966352513418907732239455948906399882924787587183466504819170775983376"", ""conditionId"": ""0x836b850fc838195374862551a36f1c8691d96ff01e58b0a071f0fc1a0e357fb1"", ""size"": 3749, ""price"": 0.008, ""timestamp"": 1770265861, ""title"": ""Will LeBron James win the 2028 US Presidential Election?"", ""slug"": ""will-lebron-james-win-the-2028-us-presidential-election"", ""icon"": ""https://polymarket-upload.s3.us-east-2.amazonaws.com/Lebron_James.png"", ""eventSlug"": ""presidential-election-winner-2028"", ""outcome"": ""Yes"", ""outcomeIndex"": 0, ""name"": ""Isabellacatherin"", ""pseudonym"": ""Impassioned-Supervision"", ""bio"": """", ""profileImage"": """", ""profileImageOptimized"": """", ""transactionHash"": ""0x84e3ca4d9380ffc0d26f676695e3cc656220d675451653cfa15400232754d8f2""}"
1770265747,2026-02-14T01:58:37.790428,0xbfac8c600bb6761da77eed213f6fe8027f0ac7b55bf964f3afd810f97bb94227:1770265747,561251,39223330966352513418907732239455948906399882924787587183466504819170775983376,SELL,0.008,3561.0,28.488,0xbfac8c600bb6761da77eed213f6fe8027f0ac7b55bf964f3afd810f97bb94227,"{""proxyWallet"": ""0x829211a57ec4490d33a8557d08c000da00333234"", ""side"": ""SELL"", ""asset"": ""39223330966352513418907732239455948906399882924787587183466504819170775983376"", ""conditionId"": ""0x836b850fc838195374862551a36f1c8691d96ff01e58b0a071f0fc1a0e357fb1"", ""size"": 3561, ""price"": 0.008, ""timestamp"": 1770265747, ""title"": ""Will LeBron James win the 2028 US Presidential Election?"", ""slug"": ""will-lebron-james-win-the-2028-us-presidential-election"", ""icon"": ""https://polymarket-upload.s3.us-east-2.amazonaws.com/Lebron_James.png"", ""eventSlug"": ""presidential-election-winner-2028"", ""outcome"": ""Yes"", ""outcomeIndex"": 0, ""name"": ""Bartholomewjohn"", ""pseudonym"": ""Muted-Mineral"", ""bio"": """", ""profileImage"": """", ""profileImageOptimized"": """", ""transactionHash"": ""0xbfac8c600bb6761da77eed213f6fe8027f0ac7b55bf964f3afd810f97bb94227""}"
1770262965,2026-02-14T01:58:37.790448,0x525ba846b5bbecf2b64fcfcc70d3dfc6fa415d2daa8013b9d9eb48d8a33980ef:1770262965,561251,39223330966352513418907732239455948906399882924787587183466504819170775983376,BUY,0.009,3915.0,35.235,0x525ba846b5bbecf2b64fcfcc70d3dfc6fa415d2daa8013b9d9eb48d8a33980ef,"{""proxyWallet"": ""0x9efbf5583c8f29499e0831999e724c8faa07c4a9"", ""side"": ""BUY"", ""asset"": ""39223330966352513418907732239455948906399882924787587183466504819170775983376"", ""conditionId"": ""0x836b850fc838195374862551a36f1c8691d96ff01e58b0a071f0fc1a0e357fb1"", ""size"": 3915, ""price"": 0.009, ""timestamp"": 1770262965, ""title"": ""Will LeBron James win the 2028 US Presidential Election?"", ""slug"": ""will-lebron-james-win-the-2028-us-presidential-election"", ""icon"": ""https://polymarket-upload.s3.us-east-2.amazonaws.com/Lebron_James.png"", ""eventSlug"": ""presidential-election-winner-2028"", ""outcome"": ""Yes"", ""outcomeIndex"": 0, ""name"": ""Maximillionai"", ""pseudonym"": ""Silky-Bird"", ""bio"": """", ""profileImage"": """", ""profileImageOptimized"": """", ""transactionHash"": ""0x525ba846b5bbecf2b64fcfcc70d3dfc6fa415d2daa8013b9d9eb48d8a33980ef""}"
1770262243,2026-02-14T01:58:37.790468,0x868b52fc5d8cf3ec7ddf7719e305eda4d2060b1a6ad1d8fd86d0cf4889d7190e:1770262243,561251,39223330966352513418907732239455948906399882924787587183466504819170775983376,BUY,0.009,4029.0,36.260999999999996,0x868b52fc5d8cf3ec7ddf7719e305eda4d2060b1a6ad1d8fd86d0cf4889d7190e,"{""proxyWallet"": ""0x639a491e77cc08e5b41a5d844c238b7470cadf9d"", ""side"": ""BUY"", ""asset"": ""39223330966352513418907732239455948906399882924787587183466504819170775983376"", ""conditionId"": ""0x836b850fc838195374862551a36f1c8691d96ff01e58b0a071f0fc1a0e357fb1"", ""size"": 4029, ""price"": 0.009, ""timestamp"": 1770262243, ""title"": ""Will LeBron James win the 2028 US Presidential Election?"", ""slug"": ""will-lebron-james-win-the-2028-us-presidential-election"", ""icon"": ""https://polymarket-upload.s3.us-east-2.amazonaws.com/Lebron_James.png"", ""eventSlug"": ""presidential-election-winner-2028"", ""outcome"": ""Yes"", ""outcomeIndex"": 0, ""name"": ""TheresaWal35443"", ""pseudonym"": ""Brave-Choir"", ""bio"": """", ""profileImage"": """", ""profileImageOptimized"": """", ""transactionHash"": ""0x868b52fc5d8cf3ec7ddf7719e305eda4d2060b1a6ad1d8fd86d0cf4889d7190e""}"
1770262171,2026-02-14T01:58:37.790483,0xf6f25d4767b7368be284c842c7182e043526962adf14b15733fd2512a33210d8:1770262171,561251,39223330966352513418907732239455948906399882924787587183466504819170775983376,BUY,0.009,3994.0,35.946,0xf6f25d4767b7368be284c842c7182e043526962adf14b15733fd2512a33210d8,"{""proxyWallet"": ""0x80cdd9511b2899513a8191e6301f34be64bbdcfd"", ""side"": ""BUY"", ""asset"": ""39223330966352513418907732239455948906399882924787587183466504819170775983376"", ""conditionId"": ""0x836b850fc838195374862551a36f1c8691d96ff01e58b0a071f0fc1a0e357fb1"", ""size"": 3994, ""price"": 0.009, ""timestamp"": 1770262171, ""title"": ""Will LeBron James win the 2028 US Presidential Election?"", ""slug"": ""will-lebron-james-win-the-2028-us-presidential-election"", ""icon"": ""https://polymarket-upload.s3.us-east-2.amazonaws.com/Lebron_James.png"", ""eventSlug"": ""presidential-election-winner-2028"", ""outcome"": ""Yes"", ""outcomeIndex"": 0, ""name"": ""stefan93pp"", ""pseudonym"": ""Creepy-Axis"", ""bio"": """", ""profileImage"": """", ""profileImageOptimized"": """", ""transactionHash"": ""0xf6f25d4767b7368be284c842c7182e043526962adf14b15733fd2512a33210d8""}"
1770261457,2026-02-14T01:58:37.790500,0x4623d9d58264c0a08c3435b44f2ea6c9b5198706c08bc624df83c2b4c0efbdee:1770261457,561251,39223330966352513418907732239455948906399882924787587183466504819170775983376,BUY,0.009000000009,222.222222,1.9999999999999998,0x4623d9d58264c0a08c3435b44f2ea6c9b5198706c08bc624df83c2b4c0efbdee,"{""proxyWallet"": ""0x66d2e718f9bad3a39359357e8d2ca2c1570321b6"", ""side"": ""BUY"", ""asset"": ""39223330966352513418907732239455948906399882924787587183466504819170775983376"", ""conditionId"": ""0x836b850fc838195374862551a36f1c8691d96ff01e58b0a071f0fc1a0e357fb1"", ""size"": 222.222222, ""price"": 0.009000000009, ""timestamp"": 1770261457, ""title"": ""Will LeBron James win the 2028 US Presidential Election?"", ""slug"": ""will-lebron-james-win-the-2028-us-presidential-election"", ""icon"": ""https://polymarket-upload.s3.us-east-2.amazonaws.com/Lebron_James.png"", ""eventSlug"": ""presidential-election-winner-2028"", ""outcome"": ""Yes"", ""outcomeIndex"": 0, ""name"": """", ""pseudonym"": """", ""bio"": """", ""profileImage"": """", ""profileImageOptimized"": """", ""transactionHash"": ""0x4623d9d58264c0a08c3435b44f2ea6c9b5198706c08bc624df83c2b4c0efbdee""}"
1770259459,2026-02-14T01:58:37.790518,0x9d107f49378bb56fef20050e7e5d18981aa2f0a30060c18ca68ffc3d6b361ef6:1770259459,561251,39223330966352513418907732239455948906399882924787587183466504819170775983376,SELL,0.008,3809.0,30.472,0x9d107f49378bb56fef20050e7e5d18981aa2f0a30060c18ca68ffc3d6b361ef6,"{""proxyWallet"": ""0xa3ee5a8d439d5363976f45adfe4c5e0a3e4fd9fb"", ""side"": ""SELL"", ""asset"": ""39223330966352513418907732239455948906399882924787587183466504819170775983376"", ""conditionId"": ""0x836b850fc838195374862551a36f1c8691d96ff01e58b0a071f0fc1a0e357fb1"", ""size"": 3809, ""price"": 0.008, ""timestamp"": 1770259459, ""title"": ""Will LeBron James win the 2028 US Presidential Election?"", ""slug"": ""will-lebron-james-win-the-2028-us-presidential-election"", ""icon"": ""https://polymarket-upload.s3.us-east-2.amazonaws.com/Lebron_James.png"", ""eventSlug"": ""presidential-election-winner-2028"", ""outcome"": ""Yes"", ""outcomeIndex"": 0, ""name"": ""graclyngeorge"", ""pseudonym"": ""Little-Round"", ""bio"": """", ""profileImage"": """", ""profileImageOptimized"": """", ""transactionHash"": ""0x9d107f49378bb56fef20050e7e5d18981aa2f0a30060c18ca68ffc3d6b361ef6""}"
1770259185,2026-02-14T01:58:37.790533,0x7f46726b26d3f0744a3b5236198d14a896e2ecf4c4116e13b8db8809628f9cc6:1770259185,561251,39223330966352513418907732239455948906399882924787587183466504819170775983376,SELL,0.008,39460.0,315.68,0x7f46726b26d3f0744a3b5236198d14a896e2ecf4c4116e13b8db8809628f9cc6,"{""proxyWallet"": ""0x3679cbd606c154b8016c313017c04af4b417010f"", ""side"": ""SELL"", ""asset"": ""39223330966352513418907732239455948906399882924787587183466504819170775983376"", ""conditionId"": ""0x836b850fc838195374862551a36f1c8691d96ff01e58b0a071f0fc1a0e357fb1"", ""size"": 39460, ""price"": 0.008, ""timestamp"": 1770259185, ""title"": ""Will LeBron James win the 2028 US Presidential Election?"", ""slug"": ""will-lebron-james-win-the-2028-us-presidential-election"", ""icon"": ""https://polymarket-upload.s3.us-east-2.amazonaws.com/Lebron_James.png"", ""eventSlug"": ""presidential-election-winner-2028"", ""outcome"": ""Yes"", ""outcomeIndex"": 0, ""name"": ""NeonDreaam61"", ""pseudonym"": ""Lighthearted-Seed"", ""bio"": """", ""profileImage"": """", ""profileImageOptimized"": """", ""transactionHash"": ""0x7f46726b26d3f0744a3b5236198d14a896e2ecf4c4116e13b8db8809628f9cc6""}"
1770258445,2026-02-14T01:58:37.790558,0xf4bfff1f5c8125ecd305a15a45c39c03649e02aacf3714693a70c06a98d5274c:1770258445,561251,39223330966352513418907732239455948906399882924787587183466504819170775983376,BUY,0.009,200.0,1.7999999999999998,0xf4bfff1f5c8125ecd305a15a45c39c03649e02aacf3714693a70c06a98d5274c,"{""proxyWallet"": ""0xd81229cc3af7f479801c868c95b5e8cb7cbbceb8"", ""side"": ""BUY"", ""asset"": ""39223330966352513418907732239455948906399882924787587183466504819170775983376"", ""conditionId"": ""0x836b850fc838195374862551a36f1c8691d96ff01e58b0a071f0fc1a0e357fb1"", ""size"": 200, ""price"": 0.009, ""timestamp"": 1770258445, ""title"": ""Will LeBron James win the 2028 US Presidential Election?"", ""slug"": ""will-lebron-james-win-the-2028-us-presidential-election"", ""icon"": ""https://polymarket-upload.s3.us-east-2.amazonaws.com/Lebron_James.png"", ""eventSlug"": ""presidential-election-winner-2028"", ""outcome"": ""Yes"", ""outcomeIndex"": 0, ""name"": ""355467"", ""pseudonym"": ""Tedious-Fate"", ""bio"": """", ""profileImage"": """", ""profileImageOptimized"": """", ""transactionHash"": ""0xf4bfff1f5c8125ecd305a15a45c39c03649e02aacf3714693a70c06a98d5274c""}"
1770258281,2026-02-14T01:58:37.790574,0x062fe0fa3320bd51507b92c0576ec02da788f90c8c2bd5efd1ceeab9f4d04e8a:1770258281,561251,39223330966352513418907732239455948906399882924787587183466504819170775983376,BUY,0.009,38894.0,350.046,0x062fe0fa3320bd51507b92c0576ec02da788f90c8c2bd5efd1ceeab9f4d04e8a,"{""proxyWallet"": ""0x348c6a010ad987eee1c7cf93a17d423476a91f8d"", ""side"": ""BUY"", ""asset"": ""39223330966352513418907732239455948906399882924787587183466504819170775983376"", ""conditionId"": ""0x836b850fc838195374862551a36f1c8691d96ff01e58b0a071f0fc1a0e357fb1"", ""size"": 38894, ""price"": 0.009, ""timestamp"": 1770258281, ""title"": ""Will LeBron James win the 2028 US Presidential Election?"", ""slug"": ""will-lebron-james-win-the-2028-us-presidential-election"", ""icon"": ""https://polymarket-upload.s3.us-east-2.amazonaws.com/Lebron_James.png"", ""eventSlug"": ""presidential-election-winner-2028"", ""outcome"": ""Yes"", ""outcomeIndex"": 0, ""name"": ""Belvederetonham"", ""pseudonym"": ""Jovial-Media"", ""bio"": """", ""profileImage"": """", ""profileImageOptimized"": """", ""transactionHash"": ""0x062fe0fa3320bd51507b92c0576ec02da788f90c8c2bd5efd1ceeab9f4d04e8a""}"
1770257543,2026-02-14T01:58:37.790598,0xe199f314898b086bb9ead8e778418fa438d5304e38b4ba4dc2f30140504ea544:1770257543,561251,39223330966352513418907732239455948906399882924787587183466504819170775983376,SELL,0.008,3593.0,28.744,0xe199f314898b086bb9ead8e778418fa438d5304e38b4ba4dc2f30140504ea544,"{""proxyWallet"": ""0x6fc19ae072cdfb61902a3e7583d77a6bb302fbaf"", ""side"": ""SELL"", ""asset"": ""39223330966352513418907732239455948906399882924787587183466504819170775983376"", ""conditionId"": ""0x836b850fc838195374862551a36f1c8691d96ff01e58b0a071f0fc1a0e357fb1"", ""size"": 3593, ""price"": 0.008, ""timestamp"": 1770257543, ""title"": ""Will LeBron James win the 2028 US Presidential Election?"", ""slug"": ""will-lebron-james-win-the-2028-us-presidential-election"", ""icon"": ""https://polymarket-upload.s3.us-east-2.amazonaws.com/Lebron_James.png"", ""eventSlug"": ""presidential-election-winner-2028"", ""outcome"": ""Yes"", ""outcomeIndex"": 0, ""name"": ""DAOGhostSeeker"", ""pseudonym"": ""Equal-Vote"", ""bio"": """", ""profileImage"": """", ""profileImageOptimized"": """", ""transactionHash"": ""0xe199f314898b086bb9ead8e778418fa438d5304e38b4ba4dc2f30140504ea544""}"
1770257283,2026-02-14T01:58:37.790615,0xe93526ef0e5c37dd34d616c95531ed47b0252bf1eef8a34d106db4d6366ea1dd:1770257283,561251,39223330966352513418907732239455948906399882924787587183466504819170775983376,SELL,0.008,5700.0,45.6,0xe93526ef0e5c37dd34d616c95531ed47b0252bf1eef8a34d106db4d6366ea1dd,"{""proxyWallet"": ""0xd1abe0abae2c206b4e9514e9c34f8ce2c89aaf74"", ""side"": ""SELL"", ""asset"": ""39223330966352513418907732239455948906399882924787587183466504819170775983376"", ""conditionId"": ""0x836b850fc838195374862551a36f1c8691d96ff01e58b0a071f0fc1a0e357fb1"", ""size"": 5700, ""price"": 0.008, ""timestamp"": 1770257283, ""title"": ""Will LeBron James win the 2028 US Presidential Election?"", ""slug"": ""will-lebron-james-win-the-2028-us-presidential-election"", ""icon"": ""https://polymarket-upload.s3.us-east-2.amazonaws.com/Lebron_James.png"", ""eventSlug"": ""presidential-election-winner-2028"", ""outcome"": ""Yes"", ""outcomeIndex"": 0, ""name"": ""NathanAlma"", ""pseudonym"": ""Lumpy-Festival"", ""bio"": """", ""profileImage"": """", ""profileImageOptimized"": """", ""transactionHash"": ""0xe93526ef0e5c37dd34d616c95531ed47b0252bf1eef8a34d106db4d6366ea1dd""}"
1770256069,2026-02-14T01:58:38.927702,0xed6ca5611b43a7076f76df74ef143395e1865252266709298872bd9b20f6e452:1770256069,561251,39223330966352513418907732239455948906399882924787587183466504819170775983376,BUY,0.009,3742.0,33.678,0xed6ca5611b43a7076f76df74ef143395e1865252266709298872bd9b20f6e452,"{""proxyWallet"": ""0x13af56e226850a139a5aa696ae8264e09ba3803a"", ""side"": ""BUY"", ""asset"": ""39223330966352513418907732239455948906399882924787587183466504819170775983376"", ""conditionId"": ""0x836b850fc838195374862551a36f1c8691d96ff01e58b0a071f0fc1a0e357fb1"", ""size"": 3742, ""price"": 0.009, ""timestamp"": 1770256069, ""title"": ""Will LeBron James win the 2028 US Presidential Election?"", ""slug"": ""will-lebron-james-win-the-2028-us-presidential-election"", ""icon"": ""https://polymarket-upload.s3.us-east-2.amazonaws.com/Lebron_James.png"", ""eventSlug"": ""presidential-election-winner-2028"", ""outcome"": ""Yes"", ""outcomeIndex"": 0, ""name"": ""Vinloxtamiel"", ""pseudonym"": ""Rosy-Carbohydrate"", ""bio"": """", ""profileImage"": """", ""profileImageOptimized"": """", ""transactionHash"": ""0xed6ca5611b43a7076f76df74ef143395e1865252266709298872bd9b20f6e452""}"
1770255861,2026-02-14T01:58:38.927808,0xad5848ae7f608253b7cd5c517306dcee8f74e59152a83cadf1bdb7de522d3da0:1770255861,561251,39223330966352513418907732239455948906399882924787587183466504819170775983376,BUY,0.009,3771.0,33.939,0xad5848ae7f608253b7cd5c517306dcee8f74e59152a83cadf1bdb7de522d3da0,"{""proxyWallet"": ""0x6e7a5d4839315a5f19c581966c0185920d9400ff"", ""side"": ""BUY"", ""asset"": ""39223330966352513418907732239455948906399882924787587183466504819170775983376"", ""conditionId"": ""0x836b850fc838195374862551a36f1c8691d96ff01e58b0a071f0fc1a0e357fb1"", ""size"": 3771, ""price"": 0.009, ""timestamp"": 1770255861, ""title"": ""Will LeBron James win the 2028 US Presidential Election?"", ""slug"": ""will-lebron-james-win-the-2028-us-presidential-election"", ""icon"": ""https://polymarket-upload.s3.us-east-2.amazonaws.com/Lebron_James.png"", ""eventSlug"": ""presidential-election-winner-2028"", ""outcome"": ""Yes"", ""outcomeIndex"": 0, ""name"": ""YieldOracle"", ""pseudonym"": ""Puzzling-Taco"", ""bio"": """", ""profileImage"": """", ""profileImageOptimized"": """", ""transactionHash"": ""0xad5848ae7f608253b7cd5c517306dcee8f74e59152a83cadf1bdb7de522d3da0""}"
1770255829,2026-02-14T01:58:38.927850,0x6b1446eb31f484f7435cafd375368eb51bb128dbfef1a966c121c5502c84dca7:1770255829,561251,39223330966352513418907732239455948906399882924787587183466504819170775983376,SELL,0.008,3763.0,30.104,0x6b1446eb31f484f7435cafd375368eb51bb128dbfef1a966c121c5502c84dca7,"{""proxyWallet"": ""0x68b56d6b2085c8790627c0a5e1a2edc71f15213c"", ""side"": ""SELL"", ""asset"": ""39223330966352513418907732239455948906399882924787587183466504819170775983376"", ""conditionId"": ""0x836b850fc838195374862551a36f1c8691d96ff01e58b0a071f0fc1a0e357fb1"", ""size"": 3763, ""price"": 0.008, ""timestamp"": 1770255829, ""title"": ""Will LeBron James win the 2028 US Presidential Election?"", ""slug"": ""will-lebron-james-win-the-2028-us-presidential-election"", ""icon"": ""https://polymarket-upload.s3.us-east-2.amazonaws.com/Lebron_James.png"", ""eventSlug"": ""presidential-election-winner-2028"", ""outcome"": ""Yes"", ""outcomeIndex"": 0, ""name"": ""FlashZappOracle"", ""pseudonym"": ""Plaintive-Month"", ""bio"": """", ""profileImage"": """", ""profileImageOptimized"": """", ""transactionHash"": ""0x6b1446eb31f484f7435cafd375368eb51bb128dbfef1a966c121c5502c84dca7""}"
1770255583,2026-02-14T01:58:38.927883,0x9505ddab5f50d97efc940b32bf3b571a5923879b92e1d56db6e9d0da0645b107:1770255583,561251,39223330966352513418907732239455948906399882924787587183466504819170775983376,SELL,0.008,3596.0,28.768,0x9505ddab5f50d97efc940b32bf3b571a5923879b92e1d56db6e9d0da0645b107,"{""proxyWallet"": ""0x9f02bb1cafd6ece628536ce825e6669680598eb3"", ""side"": ""SELL"", ""asset"": ""39223330966352513418907732239455948906399882924787587183466504819170775983376"", ""conditionId"": ""0x836b850fc838195374862551a36f1c8691d96ff01e58b0a071f0fc1a0e357fb1"", ""size"": 3596, ""price"": 0.008, ""timestamp"": 1770255583, ""title"": ""Will LeBron James win the 2028 US Presidential Election?"", ""slug"": ""will-lebron-james-win-the-2028-us-presidential-election"", ""icon"": ""https://polymarket-upload.s3.us-east-2.amazonaws.com/Lebron_James.png"", ""eventSlug"": ""presidential-election-winner-2028"", ""outcome"": ""Yes"", ""outcomeIndex"": 0, ""name"": ""CyberByteSpecter"", ""pseudonym"": ""Dependent-Cleat"", ""bio"": """", ""profileImage"": """", ""profileImageOptimized"": """", ""transactionHash"": ""0x9505ddab5f50d97efc940b32bf3b571a5923879b92e1d56db6e9d0da0645b107""}"
1770255129,2026-02-14T01:58:38.927922,0xc6a2a28c833f2219d7d021f4a56cd7daec286e2d3920738f09124ccec4521afc:1770255129,561251,39223330966352513418907732239455948906399882924787587183466504819170775983376,BUY,0.009,3946.0,35.513999999999996,0xc6a2a28c833f2219d7d021f4a56cd7daec286e2d3920738f09124ccec4521afc,"{""proxyWallet"": ""0x4d7e8b1158e6b9b2c7e9c877d4365824692af651"", ""side"": ""BUY"", ""asset"": ""39223330966352513418907732239455948906399882924787587183466504819170775983376"", ""conditionId"": ""0x836b850fc838195374862551a36f1c8691d96ff01e58b0a071f0fc1a0e357fb1"", ""size"": 3946, ""price"": 0.009, ""timestamp"": 1770255129, ""title"": ""Will LeBron James win the 2028 US Presidential Election?"", ""slug"": ""will-lebron-james-win-the-2028-us-presidential-election"", ""icon"": ""https://polymarket-upload.s3.us-east-2.amazonaws.com/Lebron_James.png"", ""eventSlug"": ""presidential-election-winner-2028"", ""outcome"": ""Yes"", ""outcomeIndex"": 0, ""name"": ""FlashSeekerXyz"", ""pseudonym"": ""Plain-Terrarium"", ""bio"": """", ""profileImage"": """", ""profileImageOptimized"": """", ""transactionHash"": ""0xc6a2a28c833f2219d7d021f4a56cd7daec286e2d3920738f09124ccec4521afc""}"
1770255085,2026-02-14T01:58:38.927962,0x79205ede94f957da30988b664ccd13bed6b77d9316b81a101e10ea9bafd20bbe:1770255085,561251,39223330966352513418907732239455948906399882924787587183466504819170775983376,BUY,0.009,7314.8,65.83319999999999,0x79205ede94f957da30988b664ccd13bed6b77d9316b81a101e10ea9bafd20bbe,"{""proxyWallet"": ""0x9e176ca88414237f321d938c78b3871c8fbaee24"", ""side"": ""BUY"", ""asset"": ""39223330966352513418907732239455948906399882924787587183466504819170775983376"", ""conditionId"": ""0x836b850fc838195374862551a36f1c8691d96ff01e58b0a071f0fc1a0e357fb1"", ""size"": 7314.8, ""price"": 0.009, ""timestamp"": 1770255085, ""title"": ""Will LeBron James win the 2028 US Presidential Election?"", ""slug"": ""will-lebron-james-win-the-2028-us-presidential-election"", ""icon"": ""https://polymarket-upload.s3.us-east-2.amazonaws.com/Lebron_James.png"", ""eventSlug"": ""presidential-election-winner-2028"", ""outcome"": ""Yes"", ""outcomeIndex"": 0, ""name"": ""Onchainmatrix"", ""pseudonym"": ""Careful-Pat"", ""bio"": """", ""profileImage"": """", ""profileImageOptimized"": """", ""transactionHash"": ""0x79205ede94f957da30988b664ccd13bed6b77d9316b81a101e10ea9bafd20bbe""}"
1770255041,2026-02-14T01:58:38.927998,0xd47ea234b27aa5d707f50634dffff73ffdf13c2a9361febc229e7be677d3dfe9:1770255041,561251,39223330966352513418907732239455948906399882924787587183466504819170775983376,BUY,0.009,7265.9,65.39309999999999,0xd47ea234b27aa5d707f50634dffff73ffdf13c2a9361febc229e7be677d3dfe9,"{""proxyWallet"": ""0x305a46bcdcc05f02bb600633579f818ab15225cc"", ""side"": ""BUY"", ""asset"": ""39223330966352513418907732239455948906399882924787587183466504819170775983376"", ""conditionId"": ""0x836b850fc838195374862551a36f1c8691d96ff01e58b0a071f0fc1a0e357fb1"", ""size"": 7265.9, ""price"": 0.009, ""timestamp"": 1770255041, ""title"": ""Will LeBron James win the 2028 US Presidential Election?"", ""slug"": ""will-lebron-james-win-the-2028-us-presidential-election"", ""icon"": ""https://polymarket-upload.s3.us-east-2.amazonaws.com/Lebron_James.png"", ""eventSlug"": ""presidential-election-winner-2028"", ""outcome"": ""Yes"", ""outcomeIndex"": 0, ""name"": ""Valorynx"", ""pseudonym"": ""Definitive-Magazine"", ""bio"": """", ""profileImage"": """", ""profileImageOptimized"": """", ""transactionHash"": ""0xd47ea234b27aa5d707f50634dffff73ffdf13c2a9361febc229e7be677d3dfe9""}"
1770243003,2026-02-14T01:58:38.928052,0x97375c8cc8f493610c4993c8a49a7ab33bda7ffc527d173d5cf75322fec2d700:1770243003,561251,39223330966352513418907732239455948906399882924787587183466504819170775983376,SELL,0.008,30.8,0.2464,0x97375c8cc8f493610c4993c8a49a7ab33bda7ffc527d173d5cf75322fec2d700,"{""proxyWallet"": ""0x3955f21c21bc0ad6089b184151c243043a6f74ca"", ""side"": ""SELL"", ""asset"": ""39223330966352513418907732239455948906399882924787587183466504819170775983376"", ""conditionId"": ""0x836b850fc838195374862551a36f1c8691d96ff01e58b0a071f0fc1a0e357fb1"", ""size"": 30.8, ""price"": 0.008, ""timestamp"": 1770243003, ""title"": ""Will LeBron James win the 2028 US Presidential Election?"", ""slug"": ""will-lebron-james-win-the-2028-us-presidential-election"", ""icon"": ""https://polymarket-upload.s3.us-east-2.amazonaws.com/Lebron_James.png"", ""eventSlug"": ""presidential-election-winner-2028"", ""outcome"": ""Yes"", ""outcomeIndex"": 0, ""name"": """", ""pseudonym"": """", ""bio"": """", ""profileImage"": """", ""profileImageOptimized"": """", ""transactionHash"": ""0x97375c8cc8f493610c4993c8a49a7ab33bda7ffc527d173d5cf75322fec2d700""}"
1770242555,2026-02-14T01:58:38.928083,0x75eec2c794a672530906bbc30b190e10982fa3be94ff91da4c128742d1447e9e:1770242555,561251,39223330966352513418907732239455948906399882924787587183466504819170775983376,SELL,0.008,31.06,0.24848,0x75eec2c794a672530906bbc30b190e10982fa3be94ff91da4c128742d1447e9e,"{""proxyWallet"": ""0x3955f21c21bc0ad6089b184151c243043a6f74ca"", ""side"": ""SELL"", ""asset"": ""39223330966352513418907732239455948906399882924787587183466504819170775983376"", ""conditionId"": ""0x836b850fc838195374862551a36f1c8691d96ff01e58b0a071f0fc1a0e357fb1"", ""size"": 31.06, ""price"": 0.008, ""timestamp"": 1770242555, ""title"": ""Will LeBron James win the 2028 US Presidential Election?"", ""slug"": ""will-lebron-james-win-the-2028-us-presidential-election"", ""icon"": ""https://polymarket-upload.s3.us-east-2.amazonaws.com/Lebron_James.png"", ""eventSlug"": ""presidential-election-winner-2028"", ""outcome"": ""Yes"", ""outcomeIndex"": 0, ""name"": """", ""pseudonym"": """", ""bio"": """", ""profileImage"": """", ""profileImageOptimized"": """", ""transactionHash"": ""0x75eec2c794a672530906bbc30b190e10982fa3be94ff91da4c128742d1447e9e""}"
1770242425,2026-02-14T01:58:38.928112,0xf80cfc2c275ba07f789e047b1479e230e3ae39ab43d3c29bf73e1be35ab8685f:1770242425,561251,39223330966352513418907732239455948906399882924787587183466504819170775983376,SELL,0.008,31.33,0.25064,0xf80cfc2c275ba07f789e047b1479e230e3ae39ab43d3c29bf73e1be35ab8685f,"{""proxyWallet"": ""0x3955f21c21bc0ad6089b184151c243043a6f74ca"", ""side"": ""SELL"", ""asset"": ""39223330966352513418907732239455948906399882924787587183466504819170775983376"", ""conditionId"": ""0x836b850fc838195374862551a36f1c8691d96ff01e58b0a071f0fc1a0e357fb1"", ""size"": 31.33, ""price"": 0.008, ""timestamp"": 1770242425, ""title"": ""Will LeBron James win the 2028 US Presidential Election?"", ""slug"": ""will-lebron-james-win-the-2028-us-presidential-election"", ""icon"": ""https://polymarket-upload.s3.us-east-2.amazonaws.com/Lebron_James.png"", ""eventSlug"": ""presidential-election-winner-2028"", ""outcome"": ""Yes"", ""outcomeIndex"": 0, ""name"": """", ""pseudonym"": """", ""bio"": """", ""profileImage"": """", ""profileImageOptimized"": """", ""transactionHash"": ""0xf80cfc2c275ba07f789e047b1479e230e3ae39ab43d3c29bf73e1be35ab8685f""}"
1770222391,2026-02-14T01:58:38.928149,0xd60c630e9a19765031d2b1583f57aaf2e77ecf304c0465ea824026979114e82e:1770222391,561251,39223330966352513418907732239455948906399882924787587183466504819170775983376,BUY,0.009,222.2,1.9997999999999998,0xd60c630e9a19765031d2b1583f57aaf2e77ecf304c0465ea824026979114e82e,"{""proxyWallet"": ""0x274b6a37fdab9e252506cfb2e900104fa4c461e6"", ""side"": ""BUY"", ""asset"": ""39223330966352513418907732239455948906399882924787587183466504819170775983376"", ""conditionId"": ""0x836b850fc838195374862551a36f1c8691d96ff01e58b0a071f0fc1a0e357fb1"", ""size"": 222.2, ""price"": 0.009, ""timestamp"": 1770222391, ""title"": ""Will LeBron James win the 2028 US Presidential Election?"", ""slug"": ""will-lebron-james-win-the-2028-us-presidential-election"", ""icon"": ""https://polymarket-upload.s3.us-east-2.amazonaws.com/Lebron_James.png"", ""eventSlug"": ""presidential-election-winner-2028"", ""outcome"": ""Yes"", ""outcomeIndex"": 0, ""name"": """", ""pseudonym"": """", ""bio"": """", ""profileImage"": """", ""profileImageOptimized"": """", ""transactionHash"": ""0xd60c630e9a19765031d2b1583f57aaf2e77ecf304c0465ea824026979114e82e""}"
1770202838,2026-02-14T01:58:38.928208,0xb3a089bb86c8a8e0188944ed43976aae3b37a47454a179560555208bfbc89472:1770202838,561251,39223330966352513418907732239455948906399882924787587183466504819170775983376,SELL,0.008,24.14,0.19312,0xb3a089bb86c8a8e0188944ed43976aae3b37a47454a179560555208bfbc89472,"{""proxyWallet"": ""0x146961c174fa6bae44322fae10fa9a50a7508233"", ""side"": ""SELL"", ""asset"": ""39223330966352513418907732239455948906399882924787587183466504819170775983376"", ""conditionId"": ""0x836b850fc838195374862551a36f1c8691d96ff01e58b0a071f0fc1a0e357fb1"", ""size"": 24.14, ""price"": 0.008, ""timestamp"": 1770202838, ""title"": ""Will LeBron James win the 2028 US Presidential Election?"", ""slug"": ""will-lebron-james-win-the-2028-us-presidential-election"", ""icon"": ""https://polymarket-upload.s3.us-east-2.amazonaws.com/Lebron_James.png"", ""eventSlug"": ""presidential-election-winner-2028"", ""outcome"": ""Yes"", ""outcomeIndex"": 0, ""name"": """", ""pseudonym"": """", ""bio"": """", ""profileImage"": """", ""profileImageOptimized"": """", ""transactionHash"": ""0xb3a089bb86c8a8e0188944ed43976aae3b37a47454a179560555208bfbc89472""}"
1770200922,2026-02-14T01:58:38.928240,0x75cd93cb8f219a6b8862c32f9f09731fde76565723201e4b7f8670e527a906e9:1770200922,561251,39223330966352513418907732239455948906399882924787587183466504819170775983376,BUY,0.009,24.14,0.21725999999999998,0x75cd93cb8f219a6b8862c32f9f09731fde76565723201e4b7f8670e527a906e9,"{""proxyWallet"": ""0x146961c174fa6bae44322fae10fa9a50a7508233"", ""side"": ""BUY"", ""asset"": ""39223330966352513418907732239455948906399882924787587183466504819170775983376"", ""conditionId"": ""0x836b850fc838195374862551a36f1c8691d96ff01e58b0a071f0fc1a0e357fb1"", ""size"": 24.14, ""price"": 0.009, ""timestamp"": 1770200922, ""title"": ""Will LeBron James win the 2028 US Presidential Election?"", ""slug"": ""will-lebron-james-win-the-2028-us-presidential-election"", ""icon"": ""https://polymarket-upload.s3.us-east-2.amazonaws.com/Lebron_James.png"", ""eventSlug"": ""presidential-election-winner-2028"", ""outcome"": ""Yes"", ""outcomeIndex"": 0, ""name"": """", ""pseudonym"": """", ""bio"": """", ""profileImage"": """", ""profileImageOptimized"": """", ""transactionHash"": ""0x75cd93cb8f219a6b8862c32f9f09731fde76565723201e4b7f8670e527a906e9""}"
1770200902,2026-02-14T01:58:38.928269,0xceacefce3afb3c9555d796a748f70cfeaad465a18d383f3d751883215cb38673:1770200902,561251,39223330966352513418907732239455948906399882924787587183466504819170775983376,SELL,0.008,24.14,0.19312,0xceacefce3afb3c9555d796a748f70cfeaad465a18d383f3d751883215cb38673,"{""proxyWallet"": ""0x146961c174fa6bae44322fae10fa9a50a7508233"", ""side"": ""SELL"", ""asset"": ""39223330966352513418907732239455948906399882924787587183466504819170775983376"", ""conditionId"": ""0x836b850fc838195374862551a36f1c8691d96ff01e58b0a071f0fc1a0e357fb1"", ""size"": 24.14, ""price"": 0.008, ""timestamp"": 1770200902, ""title"": ""Will LeBron James win the 2028 US Presidential Election?"", ""slug"": ""will-lebron-james-win-the-2028-us-presidential-election"", ""icon"": ""https://polymarket-upload.s3.us-east-2.amazonaws.com/Lebron_James.png"", ""eventSlug"": ""presidential-election-winner-2028"", ""outcome"": ""Yes"", ""outcomeIndex"": 0, ""name"": """", ""pseudonym"": """", ""bio"": """", ""profileImage"": """", ""profileImageOptimized"": """", ""transactionHash"": ""0xceacefce3afb3c9555d796a748f70cfeaad465a18d383f3d751883215cb38673""}"
1770200878,2026-02-14T01:58:38.928307,0x5b45db9ee0b98d598e81a3a1a90e67c29c31a7c3dd63c866e9790589e1457f2e:1770200878,561251,39223330966352513418907732239455948906399882924787587183466504819170775983376,BUY,0.009,24.14,0.21725999999999998,0x5b45db9ee0b98d598e81a3a1a90e67c29c31a7c3dd63c866e9790589e1457f2e,"{""proxyWallet"": ""0x146961c174fa6bae44322fae10fa9a50a7508233"", ""side"": ""BUY"", ""asset"": ""39223330966352513418907732239455948906399882924787587183466504819170775983376"", ""conditionId"": ""0x836b850fc838195374862551a36f1c8691d96ff01e58b0a071f0fc1a0e357fb1"", ""size"": 24.14, ""price"": 0.009, ""timestamp"": 1770200878, ""title"": ""Will LeBron James win the 2028 US Presidential Election?"", ""slug"": ""will-lebron-james-win-the-2028-us-presidential-election"", ""icon"": ""https://polymarket-upload.s3.us-east-2.amazonaws.com/Lebron_James.png"", ""eventSlug"": ""presidential-election-winner-2028"", ""outcome"": ""Yes"", ""outcomeIndex"": 0, ""name"": """", ""pseudonym"": """", ""bio"": """", ""profileImage"": """", ""profileImageOptimized"": """", ""transactionHash"": ""0x5b45db9ee0b98d598e81a3a1a90e67c29c31a7c3dd63c866e9790589e1457f2e""}"
1770200862,2026-02-14T01:58:38.928346,0x2545e12602e422992640c0984bfe75b14941c25fa24b6af93b344eb46a45c887:1770200862,561251,39223330966352513418907732239455948906399882924787587183466504819170775983376,SELL,0.008,24.14,0.19312,0x2545e12602e422992640c0984bfe75b14941c25fa24b6af93b344eb46a45c887,"{""proxyWallet"": ""0x146961c174fa6bae44322fae10fa9a50a7508233"", ""side"": ""SELL"", ""asset"": ""39223330966352513418907732239455948906399882924787587183466504819170775983376"", ""conditionId"": ""0x836b850fc838195374862551a36f1c8691d96ff01e58b0a071f0fc1a0e357fb1"", ""size"": 24.14, ""price"": 0.008, ""timestamp"": 1770200862, ""title"": ""Will LeBron James win the 2028 US Presidential Election?"", ""slug"": ""will-lebron-james-win-the-2028-us-presidential-election"", ""icon"": ""https://polymarket-upload.s3.us-east-2.amazonaws.com/Lebron_James.png"", ""eventSlug"": ""presidential-election-winner-2028"", ""outcome"": ""Yes"", ""outcomeIndex"": 0, ""name"": """", ""pseudonym"": """", ""bio"": """", ""profileImage"": """", ""profileImageOptimized"": """", ""transactionHash"": ""0x2545e12602e422992640c0984bfe75b14941c25fa24b6af93b344eb46a45c887""}"
1770200846,2026-02-14T01:58:38.928383,0x41474cfe881b0f19bed6a7a08d59a2af09bb585df3c86add972f9d9be267232d:1770200846,561251,39223330966352513418907732239455948906399882924787587183466504819170775983376,BUY,0.009,24.14,0.21725999999999998,0x41474cfe881b0f19bed6a7a08d59a2af09bb585df3c86add972f9d9be267232d,"{""proxyWallet"": ""0x146961c174fa6bae44322fae10fa9a50a7508233"", ""side"": ""BUY"", ""asset"": ""39223330966352513418907732239455948906399882924787587183466504819170775983376"", ""conditionId"": ""0x836b850fc838195374862551a36f1c8691d96ff01e58b0a071f0fc1a0e357fb1"", ""size"": 24.14, ""price"": 0.009, ""timestamp"": 1770200846, ""title"": ""Will LeBron James win the 2028 US Presidential Election?"", ""slug"": ""will-lebron-james-win-the-2028-us-presidential-election"", ""icon"": ""https://polymarket-upload.s3.us-east-2.amazonaws.com/Lebron_James.png"", ""eventSlug"": ""presidential-election-winner-2028"", ""outcome"": ""Yes"", ""outcomeIndex"": 0, ""name"": """", ""pseudonym"": """", ""bio"": """", ""profileImage"": """", ""profileImageOptimized"": """", ""transactionHash"": ""0x41474cfe881b0f19bed6a7a08d59a2af09bb585df3c86add972f9d9be267232d""}"
1770200832,2026-02-14T01:58:38.928413,0x7938152a8efc54fea10812618801164332f54081eb2866be5bdba91a89c0c148:1770200832,561251,39223330966352513418907732239455948906399882924787587183466504819170775983376,SELL,0.008,24.14,0.19312,0x7938152a8efc54fea10812618801164332f54081eb2866be5bdba91a89c0c148,"{""proxyWallet"": ""0x146961c174fa6bae44322fae10fa9a50a7508233"", ""side"": ""SELL"", ""asset"": ""39223330966352513418907732239455948906399882924787587183466504819170775983376"", ""conditionId"": ""0x836b850fc838195374862551a36f1c8691d96ff01e58b0a071f0fc1a0e357fb1"", ""size"": 24.14, ""price"": 0.008, ""timestamp"": 1770200832, ""title"": ""Will LeBron James win the 2028 US Presidential Election?"", ""slug"": ""will-lebron-james-win-the-2028-us-presidential-election"", ""icon"": ""https://polymarket-upload.s3.us-east-2.amazonaws.com/Lebron_James.png"", ""eventSlug"": ""presidential-election-winner-2028"", ""outcome"": ""Yes"", ""outcomeIndex"": 0, ""name"": """", ""pseudonym"": """", ""bio"": """", ""profileImage"": """", ""profileImageOptimized"": """", ""transactionHash"": ""0x7938152a8efc54fea10812618801164332f54081eb2866be5bdba91a89c0c148""}"
1770200818,2026-02-14T01:58:38.928442,0xa3ac3f222295ca0e1447797f1ac2e0d64659ee6cb20c764959828f51181e4e02:1770200818,561251,39223330966352513418907732239455948906399882924787587183466504819170775983376,BUY,0.009,24.14,0.21725999999999998,0xa3ac3f222295ca0e1447797f1ac2e0d64659ee6cb20c764959828f51181e4e02,"{""proxyWallet"": ""0x146961c174fa6bae44322fae10fa9a50a7508233"", ""side"": ""BUY"", ""asset"": ""39223330966352513418907732239455948906399882924787587183466504819170775983376"", ""conditionId"": ""0x836b850fc838195374862551a36f1c8691d96ff01e58b0a071f0fc1a0e357fb1"", ""size"": 24.14, ""price"": 0.009, ""timestamp"": 1770200818, ""title"": ""Will LeBron James win the 2028 US Presidential Election?"", ""slug"": ""will-lebron-james-win-the-2028-us-presidential-election"", ""icon"": ""https://polymarket-upload.s3.us-east-2.amazonaws.com/Lebron_James.png"", ""eventSlug"": ""presidential-election-winner-2028"", ""outcome"": ""Yes"", ""outcomeIndex"": 0, ""name"": """", ""pseudonym"": """", ""bio"": """", ""profileImage"": """", ""profileImageOptimized"": """", ""transactionHash"": ""0xa3ac3f222295ca0e1447797f1ac2e0d64659ee6cb20c764959828f51181e4e02""}"
1770200802,2026-02-14T01:58:38.928471,0xa55163e05c0ceb2afc3c55a460e73ba5454d910b62cf6c0e33cb197b308b1b5a:1770200802,561251,39223330966352513418907732239455948906399882924787587183466504819170775983376,SELL,0.008,24.14,0.19312,0xa55163e05c0ceb2afc3c55a460e73ba5454d910b62cf6c0e33cb197b308b1b5a,"{""proxyWallet"": ""0x146961c174fa6bae44322fae10fa9a50a7508233"", ""side"": ""SELL"", ""asset"": ""39223330966352513418907732239455948906399882924787587183466504819170775983376"", ""conditionId"": ""0x836b850fc838195374862551a36f1c8691d96ff01e58b0a071f0fc1a0e357fb1"", ""size"": 24.14, ""price"": 0.008, ""timestamp"": 1770200802, ""title"": ""Will LeBron James win the 2028 US Presidential Election?"", ""slug"": ""will-lebron-james-win-the-2028-us-presidential-election"", ""icon"": ""https://polymarket-upload.s3.us-east-2.amazonaws.com/Lebron_James.png"", ""eventSlug"": ""presidential-election-winner-2028"", ""outcome"": ""Yes"", ""outcomeIndex"": 0, ""name"": """", ""pseudonym"": """", ""bio"": """", ""profileImage"": """", ""profileImageOptimized"": """", ""transactionHash"": ""0xa55163e05c0ceb2afc3c55a460e73ba5454d910b62cf6c0e33cb197b308b1b5a""}"
1770200788,2026-02-14T01:58:38.928499,0x5d6acf5ae9a779fcab755cdd69f52727d0d5c7d1d4418995fdd58e342d63dacc:1770200788,561251,39223330966352513418907732239455948906399882924787587183466504819170775983376,BUY,0.009,24.14,0.21725999999999998,0x5d6acf5ae9a779fcab755cdd69f52727d0d5c7d1d4418995fdd58e342d63dacc,"{""proxyWallet"": ""0x146961c174fa6bae44322fae10fa9a50a7508233"", ""side"": ""BUY"", ""asset"": ""39223330966352513418907732239455948906399882924787587183466504819170775983376"", ""conditionId"": ""0x836b850fc838195374862551a36f1c8691d96ff01e58b0a071f0fc1a0e357fb1"", ""size"": 24.14, ""price"": 0.009, ""timestamp"": 1770200788, ""title"": ""Will LeBron James win the 2028 US Presidential Election?"", ""slug"": ""will-lebron-james-win-the-2028-us-presidential-election"", ""icon"": ""https://polymarket-upload.s3.us-east-2.amazonaws.com/Lebron_James.png"", ""eventSlug"": ""presidential-election-winner-2028"", ""outcome"": ""Yes"", ""outcomeIndex"": 0, ""name"": """", ""pseudonym"": """", ""bio"": """", ""profileImage"": """", ""profileImageOptimized"": """", ""transactionHash"": ""0x5d6acf5ae9a779fcab755cdd69f52727d0d5c7d1d4418995fdd58e342d63dacc""}"
1770200772,2026-02-14T01:58:38.928528,0xcad27b4ca56e4c64a5a804a18d4b955c5630b6b6bc725d4e5cbac37ae76f0ef0:1770200772,561251,39223330966352513418907732239455948906399882924787587183466504819170775983376,SELL,0.008,24.14,0.19312,0xcad27b4ca56e4c64a5a804a18d4b955c5630b6b6bc725d4e5cbac37ae76f0ef0,"{""proxyWallet"": ""0x146961c174fa6bae44322fae10fa9a50a7508233"", ""side"": ""SELL"", ""asset"": ""39223330966352513418907732239455948906399882924787587183466504819170775983376"", ""conditionId"": ""0x836b850fc838195374862551a36f1c8691d96ff01e58b0a071f0fc1a0e357fb1"", ""size"": 24.14, ""price"": 0.008, ""timestamp"": 1770200772, ""title"": ""Will LeBron James win the 2028 US Presidential Election?"", ""slug"": ""will-lebron-james-win-the-2028-us-presidential-election"", ""icon"": ""https://polymarket-upload.s3.us-east-2.amazonaws.com/Lebron_James.png"", ""eventSlug"": ""presidential-election-winner-2028"", ""outcome"": ""Yes"", ""outcomeIndex"": 0, ""name"": """", ""pseudonym"": """", ""bio"": """", ""profileImage"": """", ""profileImageOptimized"": """", ""transactionHash"": ""0xcad27b4ca56e4c64a5a804a18d4b955c5630b6b6bc725d4e5cbac37ae76f0ef0""}"
1770200758,2026-02-14T01:58:38.928563,0xc024bc68c1da15655784a86b41826781ed52bbeb82a2c7af12cdfebf774a5e1b:1770200758,561251,39223330966352513418907732239455948906399882924787587183466504819170775983376,SELL,0.008,24.14,0.19312,0xc024bc68c1da15655784a86b41826781ed52bbeb82a2c7af12cdfebf774a5e1b,"{""proxyWallet"": ""0x146961c174fa6bae44322fae10fa9a50a7508233"", ""side"": ""SELL"", ""asset"": ""39223330966352513418907732239455948906399882924787587183466504819170775983376"", ""conditionId"": ""0x836b850fc838195374862551a36f1c8691d96ff01e58b0a071f0fc1a0e357fb1"", ""size"": 24.14, ""price"": 0.008, ""timestamp"": 1770200758, ""title"": ""Will LeBron James win the 2028 US Presidential Election?"", ""slug"": ""will-lebron-james-win-the-2028-us-presidential-election"", ""icon"": ""https://polymarket-upload.s3.us-east-2.amazonaws.com/Lebron_James.png"", ""eventSlug"": ""presidential-election-winner-2028"", ""outcome"": ""Yes"", ""outcomeIndex"": 0, ""name"": """", ""pseudonym"": """", ""bio"": """", ""profileImage"": """", ""profileImageOptimized"": """", ""transactionHash"": ""0xc024bc68c1da15655784a86b41826781ed52bbeb82a2c7af12cdfebf774a5e1b""}"
1770200756,2026-02-14T01:58:38.928599,0x9fd865712a5a85890d3f6acd66568b28a541abe12f6a314234ffd7a4d33085bd:1770200756,561251,39223330966352513418907732239455948906399882924787587183466504819170775983376,BUY,0.009,24.14,0.21725999999999998,0x9fd865712a5a85890d3f6acd66568b28a541abe12f6a314234ffd7a4d33085bd,"{""proxyWallet"": ""0x146961c174fa6bae44322fae10fa9a50a7508233"", ""side"": ""BUY"", ""asset"": ""39223330966352513418907732239455948906399882924787587183466504819170775983376"", ""conditionId"": ""0x836b850fc838195374862551a36f1c8691d96ff01e58b0a071f0fc1a0e357fb1"", ""size"": 24.14, ""price"": 0.009, ""timestamp"": 1770200756, ""title"": ""Will LeBron James win the 2028 US Presidential Election?"", ""slug"": ""will-lebron-james-win-the-2028-us-presidential-election"", ""icon"": ""https://polymarket-upload.s3.us-east-2.amazonaws.com/Lebron_James.png"", ""eventSlug"": ""presidential-election-winner-2028"", ""outcome"": ""Yes"", ""outcomeIndex"": 0, ""name"": """", ""pseudonym"": """", ""bio"": """", ""profileImage"": """", ""profileImageOptimized"": """", ""transactionHash"": ""0x9fd865712a5a85890d3f6acd66568b28a541abe12f6a314234ffd7a4d33085bd""}"
1770200742,2026-02-14T01:58:38.928629,0x55d64c190495b07b7cebd33f0047648c8aeb56c577d6bddd0d7c6535a21973aa:1770200742,561251,39223330966352513418907732239455948906399882924787587183466504819170775983376,BUY,0.009,24.14,0.21725999999999998,0x55d64c190495b07b7cebd33f0047648c8aeb56c577d6bddd0d7c6535a21973aa,"{""proxyWallet"": ""0x146961c174fa6bae44322fae10fa9a50a7508233"", ""side"": ""BUY"", ""asset"": ""39223330966352513418907732239455948906399882924787587183466504819170775983376"", ""conditionId"": ""0x836b850fc838195374862551a36f1c8691d96ff01e58b0a071f0fc1a0e357fb1"", ""size"": 24.14, ""price"": 0.009, ""timestamp"": 1770200742, ""title"": ""Will LeBron James win the 2028 US Presidential Election?"", ""slug"": ""will-lebron-james-win-the-2028-us-presidential-election"", ""icon"": ""https://polymarket-upload.s3.us-east-2.amazonaws.com/Lebron_James.png"", ""eventSlug"": ""presidential-election-winner-2028"", ""outcome"": ""Yes"", ""outcomeIndex"": 0, ""name"": """", ""pseudonym"": """", ""bio"": """", ""profileImage"": """", ""profileImageOptimized"": """", ""transactionHash"": ""0x55d64c190495b07b7cebd33f0047648c8aeb56c577d6bddd0d7c6535a21973aa""}"
1770200726,2026-02-14T01:58:38.928657,0xefb3d35a4c5a0504aca57062d836713366427c6f37f74b8895c62658e3ecfda0:1770200726,561251,39223330966352513418907732239455948906399882924787587183466504819170775983376,SELL,0.008,24.14,0.19312,0xefb3d35a4c5a0504aca57062d836713366427c6f37f74b8895c62658e3ecfda0,"{""proxyWallet"": ""0x146961c174fa6bae44322fae10fa9a50a7508233"", ""side"": ""SELL"", ""asset"": ""39223330966352513418907732239455948906399882924787587183466504819170775983376"", ""conditionId"": ""0x836b850fc838195374862551a36f1c8691d96ff01e58b0a071f0fc1a0e357fb1"", ""size"": 24.14, ""price"": 0.008, ""timestamp"": 1770200726, ""title"": ""Will LeBron James win the 2028 US Presidential Election?"", ""slug"": ""will-lebron-james-win-the-2028-us-presidential-election"", ""icon"": ""https://polymarket-upload.s3.us-east-2.amazonaws.com/Lebron_James.png"", ""eventSlug"": ""presidential-election-winner-2028"", ""outcome"": ""Yes"", ""outcomeIndex"": 0, ""name"": """", ""pseudonym"": """", ""bio"": """", ""profileImage"": """", ""profileImageOptimized"": """", ""transactionHash"": ""0xefb3d35a4c5a0504aca57062d836713366427c6f37f74b8895c62658e3ecfda0""}"
1770200712,2026-02-14T01:58:38.928686,0x3c4b2141b195e12225a1ac8b252a65a322cc26141a3bd86984e8d6ecb3cee0d0:1770200712,561251,39223330966352513418907732239455948906399882924787587183466504819170775983376,BUY,0.009,24.14,0.21725999999999998,0x3c4b2141b195e12225a1ac8b252a65a322cc26141a3bd86984e8d6ecb3cee0d0,"{""proxyWallet"": ""0x146961c174fa6bae44322fae10fa9a50a7508233"", ""side"": ""BUY"", ""asset"": ""39223330966352513418907732239455948906399882924787587183466504819170775983376"", ""conditionId"": ""0x836b850fc838195374862551a36f1c8691d96ff01e58b0a071f0fc1a0e357fb1"", ""size"": 24.14, ""price"": 0.009, ""timestamp"": 1770200712, ""title"": ""Will LeBron James win the 2028 US Presidential Election?"", ""slug"": ""will-lebron-james-win-the-2028-us-presidential-election"", ""icon"": ""https://polymarket-upload.s3.us-east-2.amazonaws.com/Lebron_James.png"", ""eventSlug"": ""presidential-election-winner-2028"", ""outcome"": ""Yes"", ""outcomeIndex"": 0, ""name"": """", ""pseudonym"": """", ""bio"": """", ""profileImage"": """", ""profileImageOptimized"": """", ""transactionHash"": ""0x3c4b2141b195e12225a1ac8b252a65a322cc26141a3bd86984e8d6ecb3cee0d0""}"
1770200698,2026-02-14T01:58:38.928715,0xcb1195d737a80692742c83ef7ab132beb6bb361337ea6a8455d3219ae920fa20:1770200698,561251,39223330966352513418907732239455948906399882924787587183466504819170775983376,SELL,0.008,24.14,0.19312,0xcb1195d737a80692742c83ef7ab132beb6bb361337ea6a8455d3219ae920fa20,"{""proxyWallet"": ""0x146961c174fa6bae44322fae10fa9a50a7508233"", ""side"": ""SELL"", ""asset"": ""39223330966352513418907732239455948906399882924787587183466504819170775983376"", ""conditionId"": ""0x836b850fc838195374862551a36f1c8691d96ff01e58b0a071f0fc1a0e357fb1"", ""size"": 24.14, ""price"": 0.008, ""timestamp"": 1770200698, ""title"": ""Will LeBron James win the 2028 US Presidential Election?"", ""slug"": ""will-lebron-james-win-the-2028-us-presidential-election"", ""icon"": ""https://polymarket-upload.s3.us-east-2.amazonaws.com/Lebron_James.png"", ""eventSlug"": ""presidential-election-winner-2028"", ""outcome"": ""Yes"", ""outcomeIndex"": 0, ""name"": """", ""pseudonym"": """", ""bio"": """", ""profileImage"": """", ""profileImageOptimized"": """", ""transactionHash"": ""0xcb1195d737a80692742c83ef7ab132beb6bb361337ea6a8455d3219ae920fa20""}"
1770200682,2026-02-14T01:58:38.928744,0xbbad90e6bc3882140f7843d0973e2e38d6f1f7a9e42108c213f8e7a3d67c8ce4:1770200682,561251,39223330966352513418907732239455948906399882924787587183466504819170775983376,BUY,0.009,24.14,0.21725999999999998,0xbbad90e6bc3882140f7843d0973e2e38d6f1f7a9e42108c213f8e7a3d67c8ce4,"{""proxyWallet"": ""0x146961c174fa6bae44322fae10fa9a50a7508233"", ""side"": ""BUY"", ""asset"": ""39223330966352513418907732239455948906399882924787587183466504819170775983376"", ""conditionId"": ""0x836b850fc838195374862551a36f1c8691d96ff01e58b0a071f0fc1a0e357fb1"", ""size"": 24.14, ""price"": 0.009, ""timestamp"": 1770200682, ""title"": ""Will LeBron James win the 2028 US Presidential Election?"", ""slug"": ""will-lebron-james-win-the-2028-us-presidential-election"", ""icon"": ""https://polymarket-upload.s3.us-east-2.amazonaws.com/Lebron_James.png"", ""eventSlug"": ""presidential-election-winner-2028"", ""outcome"": ""Yes"", ""outcomeIndex"": 0, ""name"": """", ""pseudonym"": """", ""bio"": """", ""profileImage"": """", ""profileImageOptimized"": """", ""transactionHash"": ""0xbbad90e6bc3882140f7843d0973e2e38d6f1f7a9e42108c213f8e7a3d67c8ce4""}"
1770200668,2026-02-14T01:58:38.928773,0x34982d0fcca783b18a3c26efa32346e3389dcc38d50dd737bd2dbe6b7015dc50:1770200668,561251,39223330966352513418907732239455948906399882924787587183466504819170775983376,SELL,0.008,24.14,0.19312,0x34982d0fcca783b18a3c26efa32346e3389dcc38d50dd737bd2dbe6b7015dc50,"{""proxyWallet"": ""0x146961c174fa6bae44322fae10fa9a50a7508233"", ""side"": ""SELL"", ""asset"": ""39223330966352513418907732239455948906399882924787587183466504819170775983376"", ""conditionId"": ""0x836b850fc838195374862551a36f1c8691d96ff01e58b0a071f0fc1a0e357fb1"", ""size"": 24.14, ""price"": 0.008, ""timestamp"": 1770200668, ""title"": ""Will LeBron James win the 2028 US Presidential Election?"", ""slug"": ""will-lebron-james-win-the-2028-us-presidential-election"", ""icon"": ""https://polymarket-upload.s3.us-east-2.amazonaws.com/Lebron_James.png"", ""eventSlug"": ""presidential-election-winner-2028"", ""outcome"": ""Yes"", ""outcomeIndex"": 0, ""name"": """", ""pseudonym"": """", ""bio"": """", ""profileImage"": """", ""profileImageOptimized"": """", ""transactionHash"": ""0x34982d0fcca783b18a3c26efa32346e3389dcc38d50dd737bd2dbe6b7015dc50""}"
1770200654,2026-02-14T01:58:38.928805,0xc435003001c496d4edfe2cc5c42b27c063f22c90971d1870f4841c26dc30e7a6:1770200654,561251,39223330966352513418907732239455948906399882924787587183466504819170775983376,SELL,0.008,24.14,0.19312,0xc435003001c496d4edfe2cc5c42b27c063f22c90971d1870f4841c26dc30e7a6,"{""proxyWallet"": ""0x146961c174fa6bae44322fae10fa9a50a7508233"", ""side"": ""SELL"", ""asset"": ""39223330966352513418907732239455948906399882924787587183466504819170775983376"", ""conditionId"": ""0x836b850fc838195374862551a36f1c8691d96ff01e58b0a071f0fc1a0e357fb1"", ""size"": 24.14, ""price"": 0.008, ""timestamp"": 1770200654, ""title"": ""Will LeBron James win the 2028 US Presidential Election?"", ""slug"": ""will-lebron-james-win-the-2028-us-presidential-election"", ""icon"": ""https://polymarket-upload.s3.us-east-2.amazonaws.com/Lebron_James.png"", ""eventSlug"": ""presidential-election-winner-2028"", ""outcome"": ""Yes"", ""outcomeIndex"": 0, ""name"": """", ""pseudonym"": """", ""bio"": """", ""profileImage"": """", ""profileImageOptimized"": """", ""transactionHash"": ""0xc435003001c496d4edfe2cc5c42b27c063f22c90971d1870f4841c26dc30e7a6""}"
1770200652,2026-02-14T01:58:38.928836,0x7014f5e7dd43bd074abd69d365d4c5ee0646bf9de3520a00ced175bd5fe27219:1770200652,561251,39223330966352513418907732239455948906399882924787587183466504819170775983376,BUY,0.009,24.14,0.21725999999999998,0x7014f5e7dd43bd074abd69d365d4c5ee0646bf9de3520a00ced175bd5fe27219,"{""proxyWallet"": ""0x146961c174fa6bae44322fae10fa9a50a7508233"", ""side"": ""BUY"", ""asset"": ""39223330966352513418907732239455948906399882924787587183466504819170775983376"", ""conditionId"": ""0x836b850fc838195374862551a36f1c8691d96ff01e58b0a071f0fc1a0e357fb1"", ""size"": 24.14, ""price"": 0.009, ""timestamp"": 1770200652, ""title"": ""Will LeBron James win the 2028 US Presidential Election?"", ""slug"": ""will-lebron-james-win-the-2028-us-presidential-election"", ""icon"": ""https://polymarket-upload.s3.us-east-2.amazonaws.com/Lebron_James.png"", ""eventSlug"": ""presidential-election-winner-2028"", ""outcome"": ""Yes"", ""outcomeIndex"": 0, ""name"": """", ""pseudonym"": """", ""bio"": """", ""profileImage"": """", ""profileImageOptimized"": """", ""transactionHash"": ""0x7014f5e7dd43bd074abd69d365d4c5ee0646bf9de3520a00ced175bd5fe27219""}"
1770200638,2026-02-14T01:58:38.928865,0x4b35f50195f3871f1e0833b31a4bc66c01ecf35ea6380aa375fb33f038f2bd7a:1770200638,561251,39223330966352513418907732239455948906399882924787587183466504819170775983376,BUY,0.009,24.14,0.21725999999999998,0x4b35f50195f3871f1e0833b31a4bc66c01ecf35ea6380aa375fb33f038f2bd7a,"{""proxyWallet"": ""0x146961c174fa6bae44322fae10fa9a50a7508233"", ""side"": ""BUY"", ""asset"": ""39223330966352513418907732239455948906399882924787587183466504819170775983376"", ""conditionId"": ""0x836b850fc838195374862551a36f1c8691d96ff01e58b0a071f0fc1a0e357fb1"", ""size"": 24.14, ""price"": 0.009, ""timestamp"": 1770200638, ""title"": ""Will LeBron James win the 2028 US Presidential Election?"", ""slug"": ""will-lebron-james-win-the-2028-us-presidential-election"", ""icon"": ""https://polymarket-upload.s3.us-east-2.amazonaws.com/Lebron_James.png"", ""eventSlug"": ""presidential-election-winner-2028"", ""outcome"": ""Yes"", ""outcomeIndex"": 0, ""name"": """", ""pseudonym"": """", ""bio"": """", ""profileImage"": """", ""profileImageOptimized"": """", ""transactionHash"": ""0x4b35f50195f3871f1e0833b31a4bc66c01ecf35ea6380aa375fb33f038f2bd7a""}"
1770200614,2026-02-14T01:58:38.928894,0xafba9af48c69702dd7df87b353c5f7bc39a109d0605a19865044e3b8b154d53c:1770200614,561251,39223330966352513418907732239455948906399882924787587183466504819170775983376,SELL,0.008,77.54,0.6203200000000001,0xafba9af48c69702dd7df87b353c5f7bc39a109d0605a19865044e3b8b154d53c,"{""proxyWallet"": ""0x146961c174fa6bae44322fae10fa9a50a7508233"", ""side"": ""SELL"", ""asset"": ""39223330966352513418907732239455948906399882924787587183466504819170775983376"", ""conditionId"": ""0x836b850fc838195374862551a36f1c8691d96ff01e58b0a071f0fc1a0e357fb1"", ""size"": 77.54, ""price"": 0.008, ""timestamp"": 1770200614, ""title"": ""Will LeBron James win the 2028 US Presidential Election?"", ""slug"": ""will-lebron-james-win-the-2028-us-presidential-election"", ""icon"": ""https://polymarket-upload.s3.us-east-2.amazonaws.com/Lebron_James.png"", ""eventSlug"": ""presidential-election-winner-2028"", ""outcome"": ""Yes"", ""outcomeIndex"": 0, ""name"": """", ""pseudonym"": """", ""bio"": """", ""profileImage"": """", ""profileImageOptimized"": """", ""transactionHash"": ""0xafba9af48c69702dd7df87b353c5f7bc39a109d0605a19865044e3b8b154d53c""}"
1770197016,2026-02-14T01:58:38.928926,0xab59993b5964dddd6d40d19ab1fc0f79cd84686f0add53b6c1bb37e3c5a872fc:1770197016,561251,39223330966352513418907732239455948906399882924787587183466504819170775983376,SELL,0.008,820.0,6.5600000000000005,0xab59993b5964dddd6d40d19ab1fc0f79cd84686f0add53b6c1bb37e3c5a872fc,"{""proxyWallet"": ""0x44f54935461dd61060fe11463cc2dcb3786b1fbe"", ""side"": ""SELL"", ""asset"": ""39223330966352513418907732239455948906399882924787587183466504819170775983376"", ""conditionId"": ""0x836b850fc838195374862551a36f1c8691d96ff01e58b0a071f0fc1a0e357fb1"", ""size"": 820, ""price"": 0.008, ""timestamp"": 1770197016, ""title"": ""Will LeBron James win the 2028 US Presidential Election?"", ""slug"": ""will-lebron-james-win-the-2028-us-presidential-election"", ""icon"": ""https://polymarket-upload.s3.us-east-2.amazonaws.com/Lebron_James.png"", ""eventSlug"": ""presidential-election-winner-2028"", ""outcome"": ""Yes"", ""outcomeIndex"": 0, ""name"": ""duekang"", ""pseudonym"": ""Hungry-High"", ""bio"": """", ""profileImage"": ""https://polymarket-upload.s3.us-east-2.amazonaws.com/profile-image-5518791-e2362ee3-341c-4701-a8b8-fb721e1203e1.png"", ""profileImageOptimized"": """", ""transactionHash"": ""0xab59993b5964dddd6d40d19ab1fc0f79cd84686f0add53b6c1bb37e3c5a872fc""}"
1770183780,2026-02-14T01:58:38.928974,0x7cdb72675f7375fed765f38f06a4c0279e0d61abbd73c484827c26a35bf6e42b:1770183780,561251,39223330966352513418907732239455948906399882924787587183466504819170775983376,SELL,0.008,3812.99,30.503919999999997,0x7cdb72675f7375fed765f38f06a4c0279e0d61abbd73c484827c26a35bf6e42b,"{""proxyWallet"": ""0x14c381fb0abc3ad7868f03666636bc6c8e31b655"", ""side"": ""SELL"", ""asset"": ""39223330966352513418907732239455948906399882924787587183466504819170775983376"", ""conditionId"": ""0x836b850fc838195374862551a36f1c8691d96ff01e58b0a071f0fc1a0e357fb1"", ""size"": 3812.99, ""price"": 0.008, ""timestamp"": 1770183780, ""title"": ""Will LeBron James win the 2028 US Presidential Election?"", ""slug"": ""will-lebron-james-win-the-2028-us-presidential-election"", ""icon"": ""https://polymarket-upload.s3.us-east-2.amazonaws.com/Lebron_James.png"", ""eventSlug"": ""presidential-election-winner-2028"", ""outcome"": ""Yes"", ""outcomeIndex"": 0, ""name"": ""AuroraDustRanger"", ""pseudonym"": ""Petty-Cut"", ""bio"": """", ""profileImage"": """", ""profileImageOptimized"": """", ""transactionHash"": ""0x7cdb72675f7375fed765f38f06a4c0279e0d61abbd73c484827c26a35bf6e42b""}"
1770183748,2026-02-14T01:58:38.929004,0x176d5728e8bd309797f2800b6bcea1a12b6183c899f5898155f10243384109b8:1770183748,561251,39223330966352513418907732239455948906399882924787587183466504819170775983376,BUY,0.009,3609.0,32.480999999999995,0x176d5728e8bd309797f2800b6bcea1a12b6183c899f5898155f10243384109b8,"{""proxyWallet"": ""0x77e40a80917fc006c04f8f918cf8bff55eb70d85"", ""side"": ""BUY"", ""asset"": ""39223330966352513418907732239455948906399882924787587183466504819170775983376"", ""conditionId"": ""0x836b850fc838195374862551a36f1c8691d96ff01e58b0a071f0fc1a0e357fb1"", ""size"": 3609, ""price"": 0.009, ""timestamp"": 1770183748, ""title"": ""Will LeBron James win the 2028 US Presidential Election?"", ""slug"": ""will-lebron-james-win-the-2028-us-presidential-election"", ""icon"": ""https://polymarket-upload.s3.us-east-2.amazonaws.com/Lebron_James.png"", ""eventSlug"": ""presidential-election-winner-2028"", ""outcome"": ""Yes"", ""outcomeIndex"": 0, ""name"": ""FlashHunterZora"", ""pseudonym"": ""Boiling-Sabre"", ""bio"": """", ""profileImage"": """", ""profileImageOptimized"": """", ""transactionHash"": ""0x176d5728e8bd309797f2800b6bcea1a12b6183c899f5898155f10243384109b8""}"
1770180898,2026-02-14T01:58:38.929040,0xf296c5854b7c934d3853faac0e52d71729b2e2773731e92fb7acd2b128c20c6d:1770180898,561251,39223330966352513418907732239455948906399882924787587183466504819170775983376,BUY,0.009,3670.0,33.029999999999994,0xf296c5854b7c934d3853faac0e52d71729b2e2773731e92fb7acd2b128c20c6d,"{""proxyWallet"": ""0xa2148b475140b7dd788bc8988470462a7663c4b7"", ""side"": ""BUY"", ""asset"": ""39223330966352513418907732239455948906399882924787587183466504819170775983376"", ""conditionId"": ""0x836b850fc838195374862551a36f1c8691d96ff01e58b0a071f0fc1a0e357fb1"", ""size"": 3670, ""price"": 0.009, ""timestamp"": 1770180898, ""title"": ""Will LeBron James win the 2028 US Presidential Election?"", ""slug"": ""will-lebron-james-win-the-2028-us-presidential-election"", ""icon"": ""https://polymarket-upload.s3.us-east-2.amazonaws.com/Lebron_James.png"", ""eventSlug"": ""presidential-election-winner-2028"", ""outcome"": ""Yes"", ""outcomeIndex"": 0, ""name"": ""Josdranmitel"", ""pseudonym"": ""Meager-Hanger"", ""bio"": """", ""profileImage"": """", ""profileImageOptimized"": """", ""transactionHash"": ""0xf296c5854b7c934d3853faac0e52d71729b2e2773731e92fb7acd2b128c20c6d""}"
1770180638,2026-02-14T01:58:38.929070,0x8532703d385ea2cf2cbee158c34fd0611596e962a25443e12c9382829de1eb1a:1770180638,561251,39223330966352513418907732239455948906399882924787587183466504819170775983376,BUY,0.009,3600.0,32.4,0x8532703d385ea2cf2cbee158c34fd0611596e962a25443e12c9382829de1eb1a,"{""proxyWallet"": ""0x8a800968e5b44eb0e1f366aade57a1227c1caf26"", ""side"": ""BUY"", ""asset"": ""39223330966352513418907732239455948906399882924787587183466504819170775983376"", ""conditionId"": ""0x836b850fc838195374862551a36f1c8691d96ff01e58b0a071f0fc1a0e357fb1"", ""size"": 3600, ""price"": 0.009, ""timestamp"": 1770180638, ""title"": ""Will LeBron James win the 2028 US Presidential Election?"", ""slug"": ""will-lebron-james-win-the-2028-us-presidential-election"", ""icon"": ""https://polymarket-upload.s3.us-east-2.amazonaws.com/Lebron_James.png"", ""eventSlug"": ""presidential-election-winner-2028"", ""outcome"": ""Yes"", ""outcomeIndex"": 0, ""name"": ""Ththdfgttyhd"", ""pseudonym"": ""Queasy-Most"", ""bio"": """", ""profileImage"": """", ""profileImageOptimized"": """", ""transactionHash"": ""0x8532703d385ea2cf2cbee158c34fd0611596e962a25443e12c9382829de1eb1a""}"
1770177342,2026-02-14T01:58:38.929103,0xa035783e1c498e8fa0615c6310a50636cc3ba66091c553bfa8dc9e6be888e098:1770177342,561251,39223330966352513418907732239455948906399882924787587183466504819170775983376,BUY,0.009,3517.0,31.653,0xa035783e1c498e8fa0615c6310a50636cc3ba66091c553bfa8dc9e6be888e098,"{""proxyWallet"": ""0xb849e7d7510c3f37ae06e3074b3c4d1fa71eaabc"", ""side"": ""BUY"", ""asset"": ""39223330966352513418907732239455948906399882924787587183466504819170775983376"", ""conditionId"": ""0x836b850fc838195374862551a36f1c8691d96ff01e58b0a071f0fc1a0e357fb1"", ""size"": 3517, ""price"": 0.009, ""timestamp"": 1770177342, ""title"": ""Will LeBron James win the 2028 US Presidential Election?"", ""slug"": ""will-lebron-james-win-the-2028-us-presidential-election"", ""icon"": ""https://polymarket-upload.s3.us-east-2.amazonaws.com/Lebron_James.png"", ""eventSlug"": ""presidential-election-winner-2028"", ""outcome"": ""Yes"", ""outcomeIndex"": 0, ""name"": ""DeFiShaman"", ""pseudonym"": ""Rude-Mastoid"", ""bio"": """", ""profileImage"": """", ""profileImageOptimized"": """", ""transactionHash"": ""0xa035783e1c498e8fa0615c6310a50636cc3ba66091c553bfa8dc9e6be888e098""}"
1770177172,2026-02-14T01:58:38.929157,0xc7cd4701339d3076785ccf3018700d88583e94d713ebaf6fd9c31bb30d005343:1770177172,561251,39223330966352513418907732239455948906399882924787587183466504819170775983376,SELL,0.008,3536.0,28.288,0xc7cd4701339d3076785ccf3018700d88583e94d713ebaf6fd9c31bb30d005343,"{""proxyWallet"": ""0xc8f3bb89c5836398dba72ce857edfc6cfaddb576"", ""side"": ""SELL"", ""asset"": ""39223330966352513418907732239455948906399882924787587183466504819170775983376"", ""conditionId"": ""0x836b850fc838195374862551a36f1c8691d96ff01e58b0a071f0fc1a0e357fb1"", ""size"": 3536, ""price"": 0.008, ""timestamp"": 1770177172, ""title"": ""Will LeBron James win the 2028 US Presidential Election?"", ""slug"": ""will-lebron-james-win-the-2028-us-presidential-election"", ""icon"": ""https://polymarket-upload.s3.us-east-2.amazonaws.com/Lebron_James.png"", ""eventSlug"": ""presidential-election-winner-2028"", ""outcome"": ""Yes"", ""outcomeIndex"": 0, ""name"": ""ChainCrafter"", ""pseudonym"": ""Rash-Shore"", ""bio"": """", ""profileImage"": """", ""profileImageOptimized"": """", ""transactionHash"": ""0xc7cd4701339d3076785ccf3018700d88583e94d713ebaf6fd9c31bb30d005343""}"
1770176980,2026-02-14T01:58:38.929196,0x18ef00c467edae6eb136d56d2583bb024eadf1ddcdf291fbed0790b1eb86169b:1770176980,561251,39223330966352513418907732239455948906399882924787587183466504819170775983376,SELL,0.008,36.99,0.29592,0x18ef00c467edae6eb136d56d2583bb024eadf1ddcdf291fbed0790b1eb86169b,"{""proxyWallet"": ""0x3955f21c21bc0ad6089b184151c243043a6f74ca"", ""side"": ""SELL"", ""asset"": ""39223330966352513418907732239455948906399882924787587183466504819170775983376"", ""conditionId"": ""0x836b850fc838195374862551a36f1c8691d96ff01e58b0a071f0fc1a0e357fb1"", ""size"": 36.99, ""price"": 0.008, ""timestamp"": 1770176980, ""title"": ""Will LeBron James win the 2028 US Presidential Election?"", ""slug"": ""will-lebron-james-win-the-2028-us-presidential-election"", ""icon"": ""https://polymarket-upload.s3.us-east-2.amazonaws.com/Lebron_James.png"", ""eventSlug"": ""presidential-election-winner-2028"", ""outcome"": ""Yes"", ""outcomeIndex"": 0, ""name"": """", ""pseudonym"": """", ""bio"": """", ""profileImage"": """", ""profileImageOptimized"": """", ""transactionHash"": ""0x18ef00c467edae6eb136d56d2583bb024eadf1ddcdf291fbed0790b1eb86169b""}"
1770176896,2026-02-14T01:58:38.929234,0x99f622d2858ebb754d1aedb23c49e1c8acdab799f79c497da8f26cf52b8382e0:1770176896,561251,39223330966352513418907732239455948906399882924787587183466504819170775983376,SELL,0.008,17477.07,139.81656,0x99f622d2858ebb754d1aedb23c49e1c8acdab799f79c497da8f26cf52b8382e0,"{""proxyWallet"": ""0x9b448216ee930869880029b0a30987ba5fbf26ba"", ""side"": ""SELL"", ""asset"": ""39223330966352513418907732239455948906399882924787587183466504819170775983376"", ""conditionId"": ""0x836b850fc838195374862551a36f1c8691d96ff01e58b0a071f0fc1a0e357fb1"", ""size"": 17477.07, ""price"": 0.008, ""timestamp"": 1770176896, ""title"": ""Will LeBron James win the 2028 US Presidential Election?"", ""slug"": ""will-lebron-james-win-the-2028-us-presidential-election"", ""icon"": ""https://polymarket-upload.s3.us-east-2.amazonaws.com/Lebron_James.png"", ""eventSlug"": ""presidential-election-winner-2028"", ""outcome"": ""Yes"", ""outcomeIndex"": 0, ""name"": ""MonaGeoffrey"", ""pseudonym"": ""Measly-Therapy"", ""bio"": """", ""profileImage"": """", ""profileImageOptimized"": """", ""transactionHash"": ""0x99f622d2858ebb754d1aedb23c49e1c8acdab799f79c497da8f26cf52b8382e0""}"
1770176880,2026-02-14T01:58:38.929268,0x859dfa079ed64aaf154735c6f84f37f20926c6faf3881f4a84f5df2fbf453575:1770176880,561251,39223330966352513418907732239455948906399882924787587183466504819170775983376,SELL,0.008,36.99,0.29592,0x859dfa079ed64aaf154735c6f84f37f20926c6faf3881f4a84f5df2fbf453575,"{""proxyWallet"": ""0x3955f21c21bc0ad6089b184151c243043a6f74ca"", ""side"": ""SELL"", ""asset"": ""39223330966352513418907732239455948906399882924787587183466504819170775983376"", ""conditionId"": ""0x836b850fc838195374862551a36f1c8691d96ff01e58b0a071f0fc1a0e357fb1"", ""size"": 36.99, ""price"": 0.008, ""timestamp"": 1770176880, ""title"": ""Will LeBron James win the 2028 US Presidential Election?"", ""slug"": ""will-lebron-james-win-the-2028-us-presidential-election"", ""icon"": ""https://polymarket-upload.s3.us-east-2.amazonaws.com/Lebron_James.png"", ""eventSlug"": ""presidential-election-winner-2028"", ""outcome"": ""Yes"", ""outcomeIndex"": 0, ""name"": """", ""pseudonym"": """", ""bio"": """", ""profileImage"": """", ""profileImageOptimized"": """", ""transactionHash"": ""0x859dfa079ed64aaf154735c6f84f37f20926c6faf3881f4a84f5df2fbf453575""}"
1770176394,2026-02-14T01:58:38.929304,0xf27dcaee6450bd18a19a58824e560d8ee82f86eacdfe57f07c6ca67ea1ea0fe5:1770176394,561251,39223330966352513418907732239455948906399882924787587183466504819170775983376,SELL,0.008,3972.0,31.776,0xf27dcaee6450bd18a19a58824e560d8ee82f86eacdfe57f07c6ca67ea1ea0fe5,"{""proxyWallet"": ""0xbbd7bda0b49920e3d5e32f761b80acf0360b46ea"", ""side"": ""SELL"", ""asset"": ""39223330966352513418907732239455948906399882924787587183466504819170775983376"", ""conditionId"": ""0x836b850fc838195374862551a36f1c8691d96ff01e58b0a071f0fc1a0e357fb1"", ""size"": 3972, ""price"": 0.008, ""timestamp"": 1770176394, ""title"": ""Will LeBron James win the 2028 US Presidential Election?"", ""slug"": ""will-lebron-james-win-the-2028-us-presidential-election"", ""icon"": ""https://polymarket-upload.s3.us-east-2.amazonaws.com/Lebron_James.png"", ""eventSlug"": ""presidential-election-winner-2028"", ""outcome"": ""Yes"", ""outcomeIndex"": 0, ""name"": ""Chnmbarlie"", ""pseudonym"": ""Alarming-Buzz"", ""bio"": """", ""profileImage"": """", ""profileImageOptimized"": """", ""transactionHash"": ""0xf27dcaee6450bd18a19a58824e560d8ee82f86eacdfe57f07c6ca67ea1ea0fe5""}"
1770176318,2026-02-14T01:58:38.929332,0x05f435aa2fc296e80c5abff903e78e6a8b671fbeaaabb92c2accea497f874072:1770176318,561251,39223330966352513418907732239455948906399882924787587183466504819170775983376,SELL,0.008,36.99,0.29592,0x05f435aa2fc296e80c5abff903e78e6a8b671fbeaaabb92c2accea497f874072,"{""proxyWallet"": ""0x3955f21c21bc0ad6089b184151c243043a6f74ca"", ""side"": ""SELL"", ""asset"": ""39223330966352513418907732239455948906399882924787587183466504819170775983376"", ""conditionId"": ""0x836b850fc838195374862551a36f1c8691d96ff01e58b0a071f0fc1a0e357fb1"", ""size"": 36.99, ""price"": 0.008, ""timestamp"": 1770176318, ""title"": ""Will LeBron James win the 2028 US Presidential Election?"", ""slug"": ""will-lebron-james-win-the-2028-us-presidential-election"", ""icon"": ""https://polymarket-upload.s3.us-east-2.amazonaws.com/Lebron_James.png"", ""eventSlug"": ""presidential-election-winner-2028"", ""outcome"": ""Yes"", ""outcomeIndex"": 0, ""name"": """", ""pseudonym"": """", ""bio"": """", ""profileImage"": """", ""profileImageOptimized"": """", ""transactionHash"": ""0x05f435aa2fc296e80c5abff903e78e6a8b671fbeaaabb92c2accea497f874072""}"
1770176316,2026-02-14T01:58:38.929360,0xe3d8685208da2b95f75a86ffbe63628dbe7421b6ce58039c8fac3a7b249862a2:1770176316,561251,39223330966352513418907732239455948906399882924787587183466504819170775983376,SELL,0.008,3868.0,30.944,0xe3d8685208da2b95f75a86ffbe63628dbe7421b6ce58039c8fac3a7b249862a2,"{""proxyWallet"": ""0x80cdd9511b2899513a8191e6301f34be64bbdcfd"", ""side"": ""SELL"", ""asset"": ""39223330966352513418907732239455948906399882924787587183466504819170775983376"", ""conditionId"": ""0x836b850fc838195374862551a36f1c8691d96ff01e58b0a071f0fc1a0e357fb1"", ""size"": 3868, ""price"": 0.008, ""timestamp"": 1770176316, ""title"": ""Will LeBron James win the 2028 US Presidential Election?"", ""slug"": ""will-lebron-james-win-the-2028-us-presidential-election"", ""icon"": ""https://polymarket-upload.s3.us-east-2.amazonaws.com/Lebron_James.png"", ""eventSlug"": ""presidential-election-winner-2028"", ""outcome"": ""Yes"", ""outcomeIndex"": 0, ""name"": ""stefan93pp"", ""pseudonym"": ""Creepy-Axis"", ""bio"": """", ""profileImage"": """", ""profileImageOptimized"": """", ""transactionHash"": ""0xe3d8685208da2b95f75a86ffbe63628dbe7421b6ce58039c8fac3a7b249862a2""}"
1770176284,2026-02-14T01:58:38.929389,0xa6f620364697a5991453345732c76c55ef6b773e8fef90abbe2046eccbf07aa9:1770176284,561251,39223330966352513418907732239455948906399882924787587183466504819170775983376,SELL,0.008,3636.0,29.088,0xa6f620364697a5991453345732c76c55ef6b773e8fef90abbe2046eccbf07aa9,"{""proxyWallet"": ""0x639a491e77cc08e5b41a5d844c238b7470cadf9d"", ""side"": ""SELL"", ""asset"": ""39223330966352513418907732239455948906399882924787587183466504819170775983376"", ""conditionId"": ""0x836b850fc838195374862551a36f1c8691d96ff01e58b0a071f0fc1a0e357fb1"", ""size"": 3636, ""price"": 0.008, ""timestamp"": 1770176284, ""title"": ""Will LeBron James win the 2028 US Presidential Election?"", ""slug"": ""will-lebron-james-win-the-2028-us-presidential-election"", ""icon"": ""https://polymarket-upload.s3.us-east-2.amazonaws.com/Lebron_James.png"", ""eventSlug"": ""presidential-election-winner-2028"", ""outcome"": ""Yes"", ""outcomeIndex"": 0, ""name"": ""TheresaWal35443"", ""pseudonym"": ""Brave-Choir"", ""bio"": """", ""profileImage"": """", ""profileImageOptimized"": """", ""transactionHash"": ""0xa6f620364697a5991453345732c76c55ef6b773e8fef90abbe2046eccbf07aa9""}"
1770175938,2026-02-14T01:58:38.929425,0xd237ab0a7f3b456d56916cab012efbeaf7fa2862a5e852e9b3b6a5ddc417442e:1770175938,561251,39223330966352513418907732239455948906399882924787587183466504819170775983376,SELL,0.008,36.99,0.29592,0xd237ab0a7f3b456d56916cab012efbeaf7fa2862a5e852e9b3b6a5ddc417442e,"{""proxyWallet"": ""0x3955f21c21bc0ad6089b184151c243043a6f74ca"", ""side"": ""SELL"", ""asset"": ""39223330966352513418907732239455948906399882924787587183466504819170775983376"", ""conditionId"": ""0x836b850fc838195374862551a36f1c8691d96ff01e58b0a071f0fc1a0e357fb1"", ""size"": 36.99, ""price"": 0.008, ""timestamp"": 1770175938, ""title"": ""Will LeBron James win the 2028 US Presidential Election?"", ""slug"": ""will-lebron-james-win-the-2028-us-presidential-election"", ""icon"": ""https://polymarket-upload.s3.us-east-2.amazonaws.com/Lebron_James.png"", ""eventSlug"": ""presidential-election-winner-2028"", ""outcome"": ""Yes"", ""outcomeIndex"": 0, ""name"": """", ""pseudonym"": """", ""bio"": """", ""profileImage"": """", ""profileImageOptimized"": """", ""transactionHash"": ""0xd237ab0a7f3b456d56916cab012efbeaf7fa2862a5e852e9b3b6a5ddc417442e""}"
1770175928,2026-02-14T01:58:38.929455,0x6e44d882102c894ab587fc3c3faa3399761927012eb98f4d28ee457a1ceb062e:1770175928,561251,39223330966352513418907732239455948906399882924787587183466504819170775983376,SELL,0.008,36.99,0.29592,0x6e44d882102c894ab587fc3c3faa3399761927012eb98f4d28ee457a1ceb062e,"{""proxyWallet"": ""0x3955f21c21bc0ad6089b184151c243043a6f74ca"", ""side"": ""SELL"", ""asset"": ""39223330966352513418907732239455948906399882924787587183466504819170775983376"", ""conditionId"": ""0x836b850fc838195374862551a36f1c8691d96ff01e58b0a071f0fc1a0e357fb1"", ""size"": 36.99, ""price"": 0.008, ""timestamp"": 1770175928, ""title"": ""Will LeBron James win the 2028 US Presidential Election?"", ""slug"": ""will-lebron-james-win-the-2028-us-presidential-election"", ""icon"": ""https://polymarket-upload.s3.us-east-2.amazonaws.com/Lebron_James.png"", ""eventSlug"": ""presidential-election-winner-2028"", ""outcome"": ""Yes"", ""outcomeIndex"": 0, ""name"": """", ""pseudonym"": """", ""bio"": """", ""profileImage"": """", ""profileImageOptimized"": """", ""transactionHash"": ""0x6e44d882102c894ab587fc3c3faa3399761927012eb98f4d28ee457a1ceb062e""}"
1770175850,2026-02-14T01:58:38.929485,0x7a1dfff9abad8dee8c1d5696c12a3004c4b78a212da0c08f179f791d3c448b3f:1770175850,561251,39223330966352513418907732239455948906399882924787587183466504819170775983376,SELL,0.008,36.99,0.29592,0x7a1dfff9abad8dee8c1d5696c12a3004c4b78a212da0c08f179f791d3c448b3f,"{""proxyWallet"": ""0x3955f21c21bc0ad6089b184151c243043a6f74ca"", ""side"": ""SELL"", ""asset"": ""39223330966352513418907732239455948906399882924787587183466504819170775983376"", ""conditionId"": ""0x836b850fc838195374862551a36f1c8691d96ff01e58b0a071f0fc1a0e357fb1"", ""size"": 36.99, ""price"": 0.008, ""timestamp"": 1770175850, ""title"": ""Will LeBron James win the 2028 US Presidential Election?"", ""slug"": ""will-lebron-james-win-the-2028-us-presidential-election"", ""icon"": ""https://polymarket-upload.s3.us-east-2.amazonaws.com/Lebron_James.png"", ""eventSlug"": ""presidential-election-winner-2028"", ""outcome"": ""Yes"", ""outcomeIndex"": 0, ""name"": """", ""pseudonym"": """", ""bio"": """", ""profileImage"": """", ""profileImageOptimized"": """", ""transactionHash"": ""0x7a1dfff9abad8dee8c1d5696c12a3004c4b78a212da0c08f179f791d3c448b3f""}"
1770175840,2026-02-14T01:58:38.929513,0x55892fd8cce0233917abab7bc00cd4c35cb7ac6e8e4cef50e3d07f5427a9828b:1770175840,561251,39223330966352513418907732239455948906399882924787587183466504819170775983376,BUY,0.009,3763.0,33.867,0x55892fd8cce0233917abab7bc00cd4c35cb7ac6e8e4cef50e3d07f5427a9828b,"{""proxyWallet"": ""0x68b56d6b2085c8790627c0a5e1a2edc71f15213c"", ""side"": ""BUY"", ""asset"": ""39223330966352513418907732239455948906399882924787587183466504819170775983376"", ""conditionId"": ""0x836b850fc838195374862551a36f1c8691d96ff01e58b0a071f0fc1a0e357fb1"", ""size"": 3763, ""price"": 0.009, ""timestamp"": 1770175840, ""title"": ""Will LeBron James win the 2028 US Presidential Election?"", ""slug"": ""will-lebron-james-win-the-2028-us-presidential-election"", ""icon"": ""https://polymarket-upload.s3.us-east-2.amazonaws.com/Lebron_James.png"", ""eventSlug"": ""presidential-election-winner-2028"", ""outcome"": ""Yes"", ""outcomeIndex"": 0, ""name"": ""FlashZappOracle"", ""pseudonym"": ""Plaintive-Month"", ""bio"": """", ""profileImage"": """", ""profileImageOptimized"": """", ""transactionHash"": ""0x55892fd8cce0233917abab7bc00cd4c35cb7ac6e8e4cef50e3d07f5427a9828b""}"
1770175782,2026-02-14T01:58:38.929542,0xf2524c2c72d587577fa8b59bb27e1979806372c389b808070ac6bb30b96a570f:1770175782,561251,39223330966352513418907732239455948906399882924787587183466504819170775983376,SELL,0.008,36.99,0.29592,0xf2524c2c72d587577fa8b59bb27e1979806372c389b808070ac6bb30b96a570f,"{""proxyWallet"": ""0x3955f21c21bc0ad6089b184151c243043a6f74ca"", ""side"": ""SELL"", ""asset"": ""39223330966352513418907732239455948906399882924787587183466504819170775983376"", ""conditionId"": ""0x836b850fc838195374862551a36f1c8691d96ff01e58b0a071f0fc1a0e357fb1"", ""size"": 36.99, ""price"": 0.008, ""timestamp"": 1770175782, ""title"": ""Will LeBron James win the 2028 US Presidential Election?"", ""slug"": ""will-lebron-james-win-the-2028-us-presidential-election"", ""icon"": ""https://polymarket-upload.s3.us-east-2.amazonaws.com/Lebron_James.png"", ""eventSlug"": ""presidential-election-winner-2028"", ""outcome"": ""Yes"", ""outcomeIndex"": 0, ""name"": """", ""pseudonym"": """", ""bio"": """", ""profileImage"": """", ""profileImageOptimized"": """", ""transactionHash"": ""0xf2524c2c72d587577fa8b59bb27e1979806372c389b808070ac6bb30b96a570f""}"
1770175772,2026-02-14T01:58:38.929571,0x5710579e49ca729c2349b4cfcc6eadab39b9ae362bc0cedb0f86dfa9c64e928a:1770175772,561251,39223330966352513418907732239455948906399882924787587183466504819170775983376,SELL,0.008,36.99,0.29592,0x5710579e49ca729c2349b4cfcc6eadab39b9ae362bc0cedb0f86dfa9c64e928a,"{""proxyWallet"": ""0x3955f21c21bc0ad6089b184151c243043a6f74ca"", ""side"": ""SELL"", ""asset"": ""39223330966352513418907732239455948906399882924787587183466504819170775983376"", ""conditionId"": ""0x836b850fc838195374862551a36f1c8691d96ff01e58b0a071f0fc1a0e357fb1"", ""size"": 36.99, ""price"": 0.008, ""timestamp"": 1770175772, ""title"": ""Will LeBron James win the 2028 US Presidential Election?"", ""slug"": ""will-lebron-james-win-the-2028-us-presidential-election"", ""icon"": ""https://polymarket-upload.s3.us-east-2.amazonaws.com/Lebron_James.png"", ""eventSlug"": ""presidential-election-winner-2028"", ""outcome"": ""Yes"", ""outcomeIndex"": 0, ""name"": """", ""pseudonym"": """", ""bio"": """", ""profileImage"": """", ""profileImageOptimized"": """", ""transactionHash"": ""0x5710579e49ca729c2349b4cfcc6eadab39b9ae362bc0cedb0f86dfa9c64e928a""}"
1770175762,2026-02-14T01:58:38.929599,0xf48bc1dfbf54de9aed887902d3bb24f4fdcaa6516f9b5688a841271c76334197:1770175762,561251,39223330966352513418907732239455948906399882924787587183466504819170775983376,BUY,0.009,3596.0,32.364,0xf48bc1dfbf54de9aed887902d3bb24f4fdcaa6516f9b5688a841271c76334197,"{""proxyWallet"": ""0x9f02bb1cafd6ece628536ce825e6669680598eb3"", ""side"": ""BUY"", ""asset"": ""39223330966352513418907732239455948906399882924787587183466504819170775983376"", ""conditionId"": ""0x836b850fc838195374862551a36f1c8691d96ff01e58b0a071f0fc1a0e357fb1"", ""size"": 3596, ""price"": 0.009, ""timestamp"": 1770175762, ""title"": ""Will LeBron James win the 2028 US Presidential Election?"", ""slug"": ""will-lebron-james-win-the-2028-us-presidential-election"", ""icon"": ""https://polymarket-upload.s3.us-east-2.amazonaws.com/Lebron_James.png"", ""eventSlug"": ""presidential-election-winner-2028"", ""outcome"": ""Yes"", ""outcomeIndex"": 0, ""name"": ""CyberByteSpecter"", ""pseudonym"": ""Dependent-Cleat"", ""bio"": """", ""profileImage"": """", ""profileImageOptimized"": """", ""transactionHash"": ""0xf48bc1dfbf54de9aed887902d3bb24f4fdcaa6516f9b5688a841271c76334197""}"
1770175738,2026-02-14T01:58:38.929627,0x1058643b5a90a029e98c3ec52c748050c1d2c92fd5c4790bfe3beb634ae88127:1770175738,561251,39223330966352513418907732239455948906399882924787587183466504819170775983376,SELL,0.008,36.99,0.29592,0x1058643b5a90a029e98c3ec52c748050c1d2c92fd5c4790bfe3beb634ae88127,"{""proxyWallet"": ""0x3955f21c21bc0ad6089b184151c243043a6f74ca"", ""side"": ""SELL"", ""asset"": ""39223330966352513418907732239455948906399882924787587183466504819170775983376"", ""conditionId"": ""0x836b850fc838195374862551a36f1c8691d96ff01e58b0a071f0fc1a0e357fb1"", ""size"": 36.99, ""price"": 0.008, ""timestamp"": 1770175738, ""title"": ""Will LeBron James win the 2028 US Presidential Election?"", ""slug"": ""will-lebron-james-win-the-2028-us-presidential-election"", ""icon"": ""https://polymarket-upload.s3.us-east-2.amazonaws.com/Lebron_James.png"", ""eventSlug"": ""presidential-election-winner-2028"", ""outcome"": ""Yes"", ""outcomeIndex"": 0, ""name"": """", ""pseudonym"": """", ""bio"": """", ""profileImage"": """", ""profileImageOptimized"": """", ""transactionHash"": ""0x1058643b5a90a029e98c3ec52c748050c1d2c92fd5c4790bfe3beb634ae88127""}"
1770175728,2026-02-14T01:58:38.929667,0x4c5cae778a01d357e9d081184e89813c9db242a5cdf92159d67b5e928d7a6fa7:1770175728,561251,39223330966352513418907732239455948906399882924787587183466504819170775983376,BUY,0.009,3809.0,34.281,0x4c5cae778a01d357e9d081184e89813c9db242a5cdf92159d67b5e928d7a6fa7,"{""proxyWallet"": ""0xa3ee5a8d439d5363976f45adfe4c5e0a3e4fd9fb"", ""side"": ""BUY"", ""asset"": ""39223330966352513418907732239455948906399882924787587183466504819170775983376"", ""conditionId"": ""0x836b850fc838195374862551a36f1c8691d96ff01e58b0a071f0fc1a0e357fb1"", ""size"": 3809, ""price"": 0.009, ""timestamp"": 1770175728, ""title"": ""Will LeBron James win the 2028 US Presidential Election?"", ""slug"": ""will-lebron-james-win-the-2028-us-presidential-election"", ""icon"": ""https://polymarket-upload.s3.us-east-2.amazonaws.com/Lebron_James.png"", ""eventSlug"": ""presidential-election-winner-2028"", ""outcome"": ""Yes"", ""outcomeIndex"": 0, ""name"": ""graclyngeorge"", ""pseudonym"": ""Little-Round"", ""bio"": """", ""profileImage"": """", ""profileImageOptimized"": """", ""transactionHash"": ""0x4c5cae778a01d357e9d081184e89813c9db242a5cdf92159d67b5e928d7a6fa7""}"
1770174450,2026-02-14T01:58:40.453927,0x845414436079c253fa9d7f8a15985430721ca25a25e5978777984fa3d02e42df:1770174450,561251,39223330966352513418907732239455948906399882924787587183466504819170775983376,SELL,0.008,3734.0,29.872,0x845414436079c253fa9d7f8a15985430721ca25a25e5978777984fa3d02e42df,"{""proxyWallet"": ""0xfda95e30e417a420ce93739f1546d52dfd427c0d"", ""side"": ""SELL"", ""asset"": ""39223330966352513418907732239455948906399882924787587183466504819170775983376"", ""conditionId"": ""0x836b850fc838195374862551a36f1c8691d96ff01e58b0a071f0fc1a0e357fb1"", ""size"": 3734, ""price"": 0.008, ""timestamp"": 1770174450, ""title"": ""Will LeBron James win the 2028 US Presidential Election?"", ""slug"": ""will-lebron-james-win-the-2028-us-presidential-election"", ""icon"": ""https://polymarket-upload.s3.us-east-2.amazonaws.com/Lebron_James.png"", ""eventSlug"": ""presidential-election-winner-2028"", ""outcome"": ""Yes"", ""outcomeIndex"": 0, ""name"": ""ChainDAOdrifter"", ""pseudonym"": ""Angry-Agreement"", ""bio"": """", ""profileImage"": """", ""profileImageOptimized"": """", ""transactionHash"": ""0x845414436079c253fa9d7f8a15985430721ca25a25e5978777984fa3d02e42df""}"
1770173640,2026-02-14T01:58:40.453995,0x56a1f82859e2d8e0a75c1e162df668c826bf1b4e30b1d885579a8f5d9a55e5ec:1770173640,561251,39223330966352513418907732239455948906399882924787587183466504819170775983376,SELL,0.008,3600.0,28.8,0x56a1f82859e2d8e0a75c1e162df668c826bf1b4e30b1d885579a8f5d9a55e5ec,"{""proxyWallet"": ""0xa37f781c1e6a6c63058bf8b437b5483350a8e9c1"", ""side"": ""SELL"", ""asset"": ""39223330966352513418907732239455948906399882924787587183466504819170775983376"", ""conditionId"": ""0x836b850fc838195374862551a36f1c8691d96ff01e58b0a071f0fc1a0e357fb1"", ""size"": 3600, ""price"": 0.008, ""timestamp"": 1770173640, ""title"": ""Will LeBron James win the 2028 US Presidential Election?"", ""slug"": ""will-lebron-james-win-the-2028-us-presidential-election"", ""icon"": ""https://polymarket-upload.s3.us-east-2.amazonaws.com/Lebron_James.png"", ""eventSlug"": ""presidential-election-winner-2028"", ""outcome"": ""Yes"", ""outcomeIndex"": 0, ""name"": ""AlexandereX"", ""pseudonym"": ""Unnatural-Latte"", ""bio"": """", ""profileImage"": """", ""profileImageOptimized"": """", ""transactionHash"": ""0x56a1f82859e2d8e0a75c1e162df668c826bf1b4e30b1d885579a8f5d9a55e5ec""}"
1770173492,2026-02-14T01:58:40.454011,0x8bc211ab7fef64cfe6cd04471f16428fd9668e29c3b37a79c3c32125ff64e01a:1770173492,561251,39223330966352513418907732239455948906399882924787587183466504819170775983376,SELL,0.008,36.99,0.29592,0x8bc211ab7fef64cfe6cd04471f16428fd9668e29c3b37a79c3c32125ff64e01a,"{""proxyWallet"": ""0x3955f21c21bc0ad6089b184151c243043a6f74ca"", ""side"": ""SELL"", ""asset"": ""39223330966352513418907732239455948906399882924787587183466504819170775983376"", ""conditionId"": ""0x836b850fc838195374862551a36f1c8691d96ff01e58b0a071f0fc1a0e357fb1"", ""size"": 36.99, ""price"": 0.008, ""timestamp"": 1770173492, ""title"": ""Will LeBron James win the 2028 US Presidential Election?"", ""slug"": ""will-lebron-james-win-the-2028-us-presidential-election"", ""icon"": ""https://polymarket-upload.s3.us-east-2.amazonaws.com/Lebron_James.png"", ""eventSlug"": ""presidential-election-winner-2028"", ""outcome"": ""Yes"", ""outcomeIndex"": 0, ""name"": """", ""pseudonym"": """", ""bio"": """", ""profileImage"": """", ""profileImageOptimized"": """", ""transactionHash"": ""0x8bc211ab7fef64cfe6cd04471f16428fd9668e29c3b37a79c3c32125ff64e01a""}"
1770173478,2026-02-14T01:58:40.454025,0x0d1c227de8b627ec07b7f055c83252096d7611828bd2833eee4bae816d7293df:1770173478,561251,39223330966352513418907732239455948906399882924787587183466504819170775983376,BUY,0.009,3749.0,33.741,0x0d1c227de8b627ec07b7f055c83252096d7611828bd2833eee4bae816d7293df,"{""proxyWallet"": ""0x8067a7df3648a140924437f1912dbacb99b07443"", ""side"": ""BUY"", ""asset"": ""39223330966352513418907732239455948906399882924787587183466504819170775983376"", ""conditionId"": ""0x836b850fc838195374862551a36f1c8691d96ff01e58b0a071f0fc1a0e357fb1"", ""size"": 3749, ""price"": 0.009, ""timestamp"": 1770173478, ""title"": ""Will LeBron James win the 2028 US Presidential Election?"", ""slug"": ""will-lebron-james-win-the-2028-us-presidential-election"", ""icon"": ""https://polymarket-upload.s3.us-east-2.amazonaws.com/Lebron_James.png"", ""eventSlug"": ""presidential-election-winner-2028"", ""outcome"": ""Yes"", ""outcomeIndex"": 0, ""name"": ""Isabellacatherin"", ""pseudonym"": ""Impassioned-Supervision"", ""bio"": """", ""profileImage"": """", ""profileImageOptimized"": """", ""transactionHash"": ""0x0d1c227de8b627ec07b7f055c83252096d7611828bd2833eee4bae816d7293df""}"
1770173374,2026-02-14T01:58:40.454039,0x9767c36af3cb9792ab4f802efc085c2de5b01491407e24a2e9a5f6820a0c05d1:1770173374,561251,39223330966352513418907732239455948906399882924787587183466504819170775983376,SELL,0.008,36.99,0.29592,0x9767c36af3cb9792ab4f802efc085c2de5b01491407e24a2e9a5f6820a0c05d1,"{""proxyWallet"": ""0x3955f21c21bc0ad6089b184151c243043a6f74ca"", ""side"": ""SELL"", ""asset"": ""39223330966352513418907732239455948906399882924787587183466504819170775983376"", ""conditionId"": ""0x836b850fc838195374862551a36f1c8691d96ff01e58b0a071f0fc1a0e357fb1"", ""size"": 36.99, ""price"": 0.008, ""timestamp"": 1770173374, ""title"": ""Will LeBron James win the 2028 US Presidential Election?"", ""slug"": ""will-lebron-james-win-the-2028-us-presidential-election"", ""icon"": ""https://polymarket-upload.s3.us-east-2.amazonaws.com/Lebron_James.png"", ""eventSlug"": ""presidential-election-winner-2028"", ""outcome"": ""Yes"", ""outcomeIndex"": 0, ""name"": """", ""pseudonym"": """", ""bio"": """", ""profileImage"": """", ""profileImageOptimized"": """", ""transactionHash"": ""0x9767c36af3cb9792ab4f802efc085c2de5b01491407e24a2e9a5f6820a0c05d1""}"
1770173364,2026-02-14T01:58:40.454053,0xa5dd652f338c4cd81425cf80ed1835ab320a03b2398f5dcfda1e5bb3ae2fd9fc:1770173364,561251,39223330966352513418907732239455948906399882924787587183466504819170775983376,BUY,0.009,3561.0,32.049,0xa5dd652f338c4cd81425cf80ed1835ab320a03b2398f5dcfda1e5bb3ae2fd9fc,"{""proxyWallet"": ""0x829211a57ec4490d33a8557d08c000da00333234"", ""side"": ""BUY"", ""asset"": ""39223330966352513418907732239455948906399882924787587183466504819170775983376"", ""conditionId"": ""0x836b850fc838195374862551a36f1c8691d96ff01e58b0a071f0fc1a0e357fb1"", ""size"": 3561, ""price"": 0.009, ""timestamp"": 1770173364, ""title"": ""Will LeBron James win the 2028 US Presidential Election?"", ""slug"": ""will-lebron-james-win-the-2028-us-presidential-election"", ""icon"": ""https://polymarket-upload.s3.us-east-2.amazonaws.com/Lebron_James.png"", ""eventSlug"": ""presidential-election-winner-2028"", ""outcome"": ""Yes"", ""outcomeIndex"": 0, ""name"": ""Bartholomewjohn"", ""pseudonym"": ""Muted-Mineral"", ""bio"": """", ""profileImage"": """", ""profileImageOptimized"": """", ""transactionHash"": ""0xa5dd652f338c4cd81425cf80ed1835ab320a03b2398f5dcfda1e5bb3ae2fd9fc""}"
1770173354,2026-02-14T01:58:40.454064,0x949f9341b881b376b629366902d7e7d4ccd13e24044d7529347e5b37604d8c95:1770173354,561251,39223330966352513418907732239455948906399882924787587183466504819170775983376,SELL,0.008,3585.0,28.68,0x949f9341b881b376b629366902d7e7d4ccd13e24044d7529347e5b37604d8c95,"{""proxyWallet"": ""0x4ac937118f9b7b059fc1fcbcab1aabd0c4be6ea6"", ""side"": ""SELL"", ""asset"": ""39223330966352513418907732239455948906399882924787587183466504819170775983376"", ""conditionId"": ""0x836b850fc838195374862551a36f1c8691d96ff01e58b0a071f0fc1a0e357fb1"", ""size"": 3585, ""price"": 0.008, ""timestamp"": 1770173354, ""title"": ""Will LeBron James win the 2028 US Presidential Election?"", ""slug"": ""will-lebron-james-win-the-2028-us-presidential-election"", ""icon"": ""https://polymarket-upload.s3.us-east-2.amazonaws.com/Lebron_James.png"", ""eventSlug"": ""presidential-election-winner-2028"", ""outcome"": ""Yes"", ""outcomeIndex"": 0, ""name"": ""Web3Whizww"", ""pseudonym"": ""White-Alias"", ""bio"": """", ""profileImage"": """", ""profileImageOptimized"": """", ""transactionHash"": ""0x949f9341b881b376b629366902d7e7d4ccd13e24044d7529347e5b37604d8c95""}"
1770173296,2026-02-14T01:58:40.454077,0xb1ab7e6b917fb6f669e9082ea5e727a1e9daf94f6f9138132e7764bf2dfc9dc2:1770173296,561251,39223330966352513418907732239455948906399882924787587183466504819170775983376,SELL,0.008,36.99,0.29592,0xb1ab7e6b917fb6f669e9082ea5e727a1e9daf94f6f9138132e7764bf2dfc9dc2,"{""proxyWallet"": ""0x3955f21c21bc0ad6089b184151c243043a6f74ca"", ""side"": ""SELL"", ""asset"": ""39223330966352513418907732239455948906399882924787587183466504819170775983376"", ""conditionId"": ""0x836b850fc838195374862551a36f1c8691d96ff01e58b0a071f0fc1a0e357fb1"", ""size"": 36.99, ""price"": 0.008, ""timestamp"": 1770173296, ""title"": ""Will LeBron James win the 2028 US Presidential Election?"", ""slug"": ""will-lebron-james-win-the-2028-us-presidential-election"", ""icon"": ""https://polymarket-upload.s3.us-east-2.amazonaws.com/Lebron_James.png"", ""eventSlug"": ""presidential-election-winner-2028"", ""outcome"": ""Yes"", ""outcomeIndex"": 0, ""name"": """", ""pseudonym"": """", ""bio"": """", ""profileImage"": """", ""profileImageOptimized"": """", ""transactionHash"": ""0xb1ab7e6b917fb6f669e9082ea5e727a1e9daf94f6f9138132e7764bf2dfc9dc2""}"
1770172426,2026-02-14T01:58:40.454090,0x92c3d67e31ff28af44980b0d4efb227e8d3ae323524ed3baf7ae6589f468664c:1770172426,561251,39223330966352513418907732239455948906399882924787587183466504819170775983376,SELL,0.008,36.99,0.29592,0x92c3d67e31ff28af44980b0d4efb227e8d3ae323524ed3baf7ae6589f468664c,"{""proxyWallet"": ""0x3955f21c21bc0ad6089b184151c243043a6f74ca"", ""side"": ""SELL"", ""asset"": ""39223330966352513418907732239455948906399882924787587183466504819170775983376"", ""conditionId"": ""0x836b850fc838195374862551a36f1c8691d96ff01e58b0a071f0fc1a0e357fb1"", ""size"": 36.99, ""price"": 0.008, ""timestamp"": 1770172426, ""title"": ""Will LeBron James win the 2028 US Presidential Election?"", ""slug"": ""will-lebron-james-win-the-2028-us-presidential-election"", ""icon"": ""https://polymarket-upload.s3.us-east-2.amazonaws.com/Lebron_James.png"", ""eventSlug"": ""presidential-election-winner-2028"", ""outcome"": ""Yes"", ""outcomeIndex"": 0, ""name"": """", ""pseudonym"": """", ""bio"": """", ""profileImage"": """", ""profileImageOptimized"": """", ""transactionHash"": ""0x92c3d67e31ff28af44980b0d4efb227e8d3ae323524ed3baf7ae6589f468664c""}"
1770172414,2026-02-14T01:58:40.454104,0xbce60b8e1d604e5965915000f6ad8bb1a295ba7a45ac1e6f027dfcc05340007c:1770172414,561251,39223330966352513418907732239455948906399882924787587183466504819170775983376,BUY,0.009,5700.0,51.3,0xbce60b8e1d604e5965915000f6ad8bb1a295ba7a45ac1e6f027dfcc05340007c,"{""proxyWallet"": ""0xd1abe0abae2c206b4e9514e9c34f8ce2c89aaf74"", ""side"": ""BUY"", ""asset"": ""39223330966352513418907732239455948906399882924787587183466504819170775983376"", ""conditionId"": ""0x836b850fc838195374862551a36f1c8691d96ff01e58b0a071f0fc1a0e357fb1"", ""size"": 5700, ""price"": 0.009, ""timestamp"": 1770172414, ""title"": ""Will LeBron James win the 2028 US Presidential Election?"", ""slug"": ""will-lebron-james-win-the-2028-us-presidential-election"", ""icon"": ""https://polymarket-upload.s3.us-east-2.amazonaws.com/Lebron_James.png"", ""eventSlug"": ""presidential-election-winner-2028"", ""outcome"": ""Yes"", ""outcomeIndex"": 0, ""name"": ""NathanAlma"", ""pseudonym"": ""Lumpy-Festival"", ""bio"": """", ""profileImage"": """", ""profileImageOptimized"": """", ""transactionHash"": ""0xbce60b8e1d604e5965915000f6ad8bb1a295ba7a45ac1e6f027dfcc05340007c""}"
1770172288,2026-02-14T01:58:40.454119,0xae92a480a4539294f4e43c3a9e4b8a07f711402b21c0332630f92bab8bc6b5da:1770172288,561251,39223330966352513418907732239455948906399882924787587183466504819170775983376,SELL,0.008,36.99,0.29592,0xae92a480a4539294f4e43c3a9e4b8a07f711402b21c0332630f92bab8bc6b5da,"{""proxyWallet"": ""0x3955f21c21bc0ad6089b184151c243043a6f74ca"", ""side"": ""SELL"", ""asset"": ""39223330966352513418907732239455948906399882924787587183466504819170775983376"", ""conditionId"": ""0x836b850fc838195374862551a36f1c8691d96ff01e58b0a071f0fc1a0e357fb1"", ""size"": 36.99, ""price"": 0.008, ""timestamp"": 1770172288, ""title"": ""Will LeBron James win the 2028 US Presidential Election?"", ""slug"": ""will-lebron-james-win-the-2028-us-presidential-election"", ""icon"": ""https://polymarket-upload.s3.us-east-2.amazonaws.com/Lebron_James.png"", ""eventSlug"": ""presidential-election-winner-2028"", ""outcome"": ""Yes"", ""outcomeIndex"": 0, ""name"": """", ""pseudonym"": """", ""bio"": """", ""profileImage"": """", ""profileImageOptimized"": """", ""transactionHash"": ""0xae92a480a4539294f4e43c3a9e4b8a07f711402b21c0332630f92bab8bc6b5da""}"
1770172276,2026-02-14T01:58:40.454132,0x677921699278c3a80f77c8ac1b5402c6e638b440fde369adfed3e432444fd5d9:1770172276,561251,39223330966352513418907732239455948906399882924787587183466504819170775983376,BUY,0.009,39460.0,355.14,0x677921699278c3a80f77c8ac1b5402c6e638b440fde369adfed3e432444fd5d9,"{""proxyWallet"": ""0x3679cbd606c154b8016c313017c04af4b417010f"", ""side"": ""BUY"", ""asset"": ""39223330966352513418907732239455948906399882924787587183466504819170775983376"", ""conditionId"": ""0x836b850fc838195374862551a36f1c8691d96ff01e58b0a071f0fc1a0e357fb1"", ""size"": 39460, ""price"": 0.009, ""timestamp"": 1770172276, ""title"": ""Will LeBron James win the 2028 US Presidential Election?"", ""slug"": ""will-lebron-james-win-the-2028-us-presidential-election"", ""icon"": ""https://polymarket-upload.s3.us-east-2.amazonaws.com/Lebron_James.png"", ""eventSlug"": ""presidential-election-winner-2028"", ""outcome"": ""Yes"", ""outcomeIndex"": 0, ""name"": ""NeonDreaam61"", ""pseudonym"": ""Lighthearted-Seed"", ""bio"": """", ""profileImage"": """", ""profileImageOptimized"": """", ""transactionHash"": ""0x677921699278c3a80f77c8ac1b5402c6e638b440fde369adfed3e432444fd5d9""}"
1770171780,2026-02-14T01:58:40.454155,0x6c05f5ff7cd7abf34d7faddef61c1cdf6f324093337bab04f8f1e240869c62e9:1770171780,561251,39223330966352513418907732239455948906399882924787587183466504819170775983376,SELL,0.008,36.99,0.29592,0x6c05f5ff7cd7abf34d7faddef61c1cdf6f324093337bab04f8f1e240869c62e9,"{""proxyWallet"": ""0x3955f21c21bc0ad6089b184151c243043a6f74ca"", ""side"": ""SELL"", ""asset"": ""39223330966352513418907732239455948906399882924787587183466504819170775983376"", ""conditionId"": ""0x836b850fc838195374862551a36f1c8691d96ff01e58b0a071f0fc1a0e357fb1"", ""size"": 36.99, ""price"": 0.008, ""timestamp"": 1770171780, ""title"": ""Will LeBron James win the 2028 US Presidential Election?"", ""slug"": ""will-lebron-james-win-the-2028-us-presidential-election"", ""icon"": ""https://polymarket-upload.s3.us-east-2.amazonaws.com/Lebron_James.png"", ""eventSlug"": ""presidential-election-winner-2028"", ""outcome"": ""Yes"", ""outcomeIndex"": 0, ""name"": """", ""pseudonym"": """", ""bio"": """", ""profileImage"": """", ""profileImageOptimized"": """", ""transactionHash"": ""0x6c05f5ff7cd7abf34d7faddef61c1cdf6f324093337bab04f8f1e240869c62e9""}"
1770171736,2026-02-14T01:58:40.454172,0xc0e5f104962b66d7e206c4cb244a1c40bbfb5038954157c0b20b4310433c7a22:1770171736,561251,39223330966352513418907732239455948906399882924787587183466504819170775983376,SELL,0.008,3961.0,31.688000000000002,0xc0e5f104962b66d7e206c4cb244a1c40bbfb5038954157c0b20b4310433c7a22,"{""proxyWallet"": ""0xcab85d206094c0a04c9be9dd7047b1da3764138d"", ""side"": ""SELL"", ""asset"": ""39223330966352513418907732239455948906399882924787587183466504819170775983376"", ""conditionId"": ""0x836b850fc838195374862551a36f1c8691d96ff01e58b0a071f0fc1a0e357fb1"", ""size"": 3961, ""price"": 0.008, ""timestamp"": 1770171736, ""title"": ""Will LeBron James win the 2028 US Presidential Election?"", ""slug"": ""will-lebron-james-win-the-2028-us-presidential-election"", ""icon"": ""https://polymarket-upload.s3.us-east-2.amazonaws.com/Lebron_James.png"", ""eventSlug"": ""presidential-election-winner-2028"", ""outcome"": ""Yes"", ""outcomeIndex"": 0, ""name"": ""Domharkoline"", ""pseudonym"": ""Traumatic-Raiment"", ""bio"": """", ""profileImage"": """", ""profileImageOptimized"": """", ""transactionHash"": ""0xc0e5f104962b66d7e206c4cb244a1c40bbfb5038954157c0b20b4310433c7a22""}"
1770171520,2026-02-14T01:58:40.454183,0x924b772ab4bb2619ee83b76ead1c488271aa4a2f18c9fe624ef2d8ba1a854e34:1770171520,561251,39223330966352513418907732239455948906399882924787587183466504819170775983376,SELL,0.008,3742.0,29.936,0x924b772ab4bb2619ee83b76ead1c488271aa4a2f18c9fe624ef2d8ba1a854e34,"{""proxyWallet"": ""0x94e3cefe2a0e2d75d0095947395de6ab20ec9efa"", ""side"": ""SELL"", ""asset"": ""39223330966352513418907732239455948906399882924787587183466504819170775983376"", ""conditionId"": ""0x836b850fc838195374862551a36f1c8691d96ff01e58b0a071f0fc1a0e357fb1"", ""size"": 3742, ""price"": 0.008, ""timestamp"": 1770171520, ""title"": ""Will LeBron James win the 2028 US Presidential Election?"", ""slug"": ""will-lebron-james-win-the-2028-us-presidential-election"", ""icon"": ""https://polymarket-upload.s3.us-east-2.amazonaws.com/Lebron_James.png"", ""eventSlug"": ""presidential-election-winner-2028"", ""outcome"": ""Yes"", ""outcomeIndex"": 0, ""name"": ""BlockWarden"", ""pseudonym"": ""Medium-Ideal"", ""bio"": """", ""profileImage"": """", ""profileImageOptimized"": """", ""transactionHash"": ""0x924b772ab4bb2619ee83b76ead1c488271aa4a2f18c9fe624ef2d8ba1a854e34""}"
1770170970,2026-02-14T01:58:40.454209,0xe3503649d8441fe18aa096be4d4129a29379a34563e4afd14f2442a2e2a2ae3d:1770170970,561251,39223330966352513418907732239455948906399882924787587183466504819170775983376,SELL,0.008,36.99,0.29592,0xe3503649d8441fe18aa096be4d4129a29379a34563e4afd14f2442a2e2a2ae3d,"{""proxyWallet"": ""0x3955f21c21bc0ad6089b184151c243043a6f74ca"", ""side"": ""SELL"", ""asset"": ""39223330966352513418907732239455948906399882924787587183466504819170775983376"", ""conditionId"": ""0x836b850fc838195374862551a36f1c8691d96ff01e58b0a071f0fc1a0e357fb1"", ""size"": 36.99, ""price"": 0.008, ""timestamp"": 1770170970, ""title"": ""Will LeBron James win the 2028 US Presidential Election?"", ""slug"": ""will-lebron-james-win-the-2028-us-presidential-election"", ""icon"": ""https://polymarket-upload.s3.us-east-2.amazonaws.com/Lebron_James.png"", ""eventSlug"": ""presidential-election-winner-2028"", ""outcome"": ""Yes"", ""outcomeIndex"": 0, ""name"": """", ""pseudonym"": """", ""bio"": """", ""profileImage"": """", ""profileImageOptimized"": """", ""transactionHash"": ""0xe3503649d8441fe18aa096be4d4129a29379a34563e4afd14f2442a2e2a2ae3d""}"
1770170954,2026-02-14T01:58:40.454222,0x87150a59a3bc7c8410ebd289d548ce5a6ff342a739c6abcaa1af01c4916f2b9c:1770170954,561251,39223330966352513418907732239455948906399882924787587183466504819170775983376,BUY,0.009,3798.0,34.181999999999995,0x87150a59a3bc7c8410ebd289d548ce5a6ff342a739c6abcaa1af01c4916f2b9c,"{""proxyWallet"": ""0x7bb11ab160e6aa191badcf5e7b8cfc12295c4698"", ""side"": ""BUY"", ""asset"": ""39223330966352513418907732239455948906399882924787587183466504819170775983376"", ""conditionId"": ""0x836b850fc838195374862551a36f1c8691d96ff01e58b0a071f0fc1a0e357fb1"", ""size"": 3798, ""price"": 0.009, ""timestamp"": 1770170954, ""title"": ""Will LeBron James win the 2028 US Presidential Election?"", ""slug"": ""will-lebron-james-win-the-2028-us-presidential-election"", ""icon"": ""https://polymarket-upload.s3.us-east-2.amazonaws.com/Lebron_James.png"", ""eventSlug"": ""presidential-election-winner-2028"", ""outcome"": ""Yes"", ""outcomeIndex"": 0, ""name"": ""Isaqwerbella"", ""pseudonym"": ""Stale-List"", ""bio"": """", ""profileImage"": """", ""profileImageOptimized"": """", ""transactionHash"": ""0x87150a59a3bc7c8410ebd289d548ce5a6ff342a739c6abcaa1af01c4916f2b9c""}"
1770169208,2026-02-14T01:58:40.454235,0x3eb97334a0c94793826a12d8da3ec2767471fa6dadc8a3fb7b146cbb3ff72ecb:1770169208,561251,39223330966352513418907732239455948906399882924787587183466504819170775983376,SELL,0.008,36.99,0.29592,0x3eb97334a0c94793826a12d8da3ec2767471fa6dadc8a3fb7b146cbb3ff72ecb,"{""proxyWallet"": ""0x3955f21c21bc0ad6089b184151c243043a6f74ca"", ""side"": ""SELL"", ""asset"": ""39223330966352513418907732239455948906399882924787587183466504819170775983376"", ""conditionId"": ""0x836b850fc838195374862551a36f1c8691d96ff01e58b0a071f0fc1a0e357fb1"", ""size"": 36.99, ""price"": 0.008, ""timestamp"": 1770169208, ""title"": ""Will LeBron James win the 2028 US Presidential Election?"", ""slug"": ""will-lebron-james-win-the-2028-us-presidential-election"", ""icon"": ""https://polymarket-upload.s3.us-east-2.amazonaws.com/Lebron_James.png"", ""eventSlug"": ""presidential-election-winner-2028"", ""outcome"": ""Yes"", ""outcomeIndex"": 0, ""name"": """", ""pseudonym"": """", ""bio"": """", ""profileImage"": """", ""profileImageOptimized"": """", ""transactionHash"": ""0x3eb97334a0c94793826a12d8da3ec2767471fa6dadc8a3fb7b146cbb3ff72ecb""}"
1770169196,2026-02-14T01:58:40.454247,0x7eaba54dafd39fbf65ace6529b0ac86c05da435a6d233d05da339d8d3090d5b4:1770169196,561251,39223330966352513418907732239455948906399882924787587183466504819170775983376,BUY,0.009,3593.0,32.336999999999996,0x7eaba54dafd39fbf65ace6529b0ac86c05da435a6d233d05da339d8d3090d5b4,"{""proxyWallet"": ""0x6fc19ae072cdfb61902a3e7583d77a6bb302fbaf"", ""side"": ""BUY"", ""asset"": ""39223330966352513418907732239455948906399882924787587183466504819170775983376"", ""conditionId"": ""0x836b850fc838195374862551a36f1c8691d96ff01e58b0a071f0fc1a0e357fb1"", ""size"": 3593, ""price"": 0.009, ""timestamp"": 1770169196, ""title"": ""Will LeBron James win the 2028 US Presidential Election?"", ""slug"": ""will-lebron-james-win-the-2028-us-presidential-election"", ""icon"": ""https://polymarket-upload.s3.us-east-2.amazonaws.com/Lebron_James.png"", ""eventSlug"": ""presidential-election-winner-2028"", ""outcome"": ""Yes"", ""outcomeIndex"": 0, ""name"": ""DAOGhostSeeker"", ""pseudonym"": ""Equal-Vote"", ""bio"": """", ""profileImage"": """", ""profileImageOptimized"": """", ""transactionHash"": ""0x7eaba54dafd39fbf65ace6529b0ac86c05da435a6d233d05da339d8d3090d5b4""}"
1770167396,2026-02-14T01:58:40.454258,0x11c87dacc94c78c2dde9dcef1e70ad8b49e701f783180bc1bfe99fdea5b31c0a:1770167396,561251,39223330966352513418907732239455948906399882924787587183466504819170775983376,SELL,0.008,36.99,0.29592,0x11c87dacc94c78c2dde9dcef1e70ad8b49e701f783180bc1bfe99fdea5b31c0a,"{""proxyWallet"": ""0x3955f21c21bc0ad6089b184151c243043a6f74ca"", ""side"": ""SELL"", ""asset"": ""39223330966352513418907732239455948906399882924787587183466504819170775983376"", ""conditionId"": ""0x836b850fc838195374862551a36f1c8691d96ff01e58b0a071f0fc1a0e357fb1"", ""size"": 36.99, ""price"": 0.008, ""timestamp"": 1770167396, ""title"": ""Will LeBron James win the 2028 US Presidential Election?"", ""slug"": ""will-lebron-james-win-the-2028-us-presidential-election"", ""icon"": ""https://polymarket-upload.s3.us-east-2.amazonaws.com/Lebron_James.png"", ""eventSlug"": ""presidential-election-winner-2028"", ""outcome"": ""Yes"", ""outcomeIndex"": 0, ""name"": """", ""pseudonym"": """", ""bio"": """", ""profileImage"": """", ""profileImageOptimized"": """", ""transactionHash"": ""0x11c87dacc94c78c2dde9dcef1e70ad8b49e701f783180bc1bfe99fdea5b31c0a""}"
1770167356,2026-02-14T01:58:40.454270,0x58194ab1f37d03ab339a4d997e802a83f97df032cc204bd2e7044938c1639d3f:1770167356,561251,39223330966352513418907732239455948906399882924787587183466504819170775983376,SELL,0.008,3837.0,30.696,0x58194ab1f37d03ab339a4d997e802a83f97df032cc204bd2e7044938c1639d3f,"{""proxyWallet"": ""0xc26b10811b0025ecb078d1e4383cb847321c0e0a"", ""side"": ""SELL"", ""asset"": ""39223330966352513418907732239455948906399882924787587183466504819170775983376"", ""conditionId"": ""0x836b850fc838195374862551a36f1c8691d96ff01e58b0a071f0fc1a0e357fb1"", ""size"": 3837, ""price"": 0.008, ""timestamp"": 1770167356, ""title"": ""Will LeBron James win the 2028 US Presidential Election?"", ""slug"": ""will-lebron-james-win-the-2028-us-presidential-election"", ""icon"": ""https://polymarket-upload.s3.us-east-2.amazonaws.com/Lebron_James.png"", ""eventSlug"": ""presidential-election-winner-2028"", ""outcome"": ""Yes"", ""outcomeIndex"": 0, ""name"": ""CryptoSpecterwq"", ""pseudonym"": ""Leafy-Gavel"", ""bio"": """", ""profileImage"": """", ""profileImageOptimized"": """", ""transactionHash"": ""0x58194ab1f37d03ab339a4d997e802a83f97df032cc204bd2e7044938c1639d3f""}"
1770156386,2026-02-14T01:58:40.454283,0xbb7281294ef5cc8d4b54d026d0d4b742a50706f77a126ba29cbfa162d1c140b0:1770156386,561251,39223330966352513418907732239455948906399882924787587183466504819170775983376,BUY,0.009,24.48,0.22032,0xbb7281294ef5cc8d4b54d026d0d4b742a50706f77a126ba29cbfa162d1c140b0,"{""proxyWallet"": ""0x146961c174fa6bae44322fae10fa9a50a7508233"", ""side"": ""BUY"", ""asset"": ""39223330966352513418907732239455948906399882924787587183466504819170775983376"", ""conditionId"": ""0x836b850fc838195374862551a36f1c8691d96ff01e58b0a071f0fc1a0e357fb1"", ""size"": 24.48, ""price"": 0.009, ""timestamp"": 1770156386, ""title"": ""Will LeBron James win the 2028 US Presidential Election?"", ""slug"": ""will-lebron-james-win-the-2028-us-presidential-election"", ""icon"": ""https://polymarket-upload.s3.us-east-2.amazonaws.com/Lebron_James.png"", ""eventSlug"": ""presidential-election-winner-2028"", ""outcome"": ""Yes"", ""outcomeIndex"": 0, ""name"": """", ""pseudonym"": """", ""bio"": """", ""profileImage"": """", ""profileImageOptimized"": """", ""transactionHash"": ""0xbb7281294ef5cc8d4b54d026d0d4b742a50706f77a126ba29cbfa162d1c140b0""}"
1770155120,2026-02-14T01:58:40.454296,0x08cfd659e26b6249d3d2fdf551aaec3a673a9e2e1ed7ae1defb93e4590bad428:1770155120,561251,39223330966352513418907732239455948906399882924787587183466504819170775983376,BUY,0.009,24.48,0.22032,0x08cfd659e26b6249d3d2fdf551aaec3a673a9e2e1ed7ae1defb93e4590bad428,"{""proxyWallet"": ""0x146961c174fa6bae44322fae10fa9a50a7508233"", ""side"": ""BUY"", ""asset"": ""39223330966352513418907732239455948906399882924787587183466504819170775983376"", ""conditionId"": ""0x836b850fc838195374862551a36f1c8691d96ff01e58b0a071f0fc1a0e357fb1"", ""size"": 24.48, ""price"": 0.009, ""timestamp"": 1770155120, ""title"": ""Will LeBron James win the 2028 US Presidential Election?"", ""slug"": ""will-lebron-james-win-the-2028-us-presidential-election"", ""icon"": ""https://polymarket-upload.s3.us-east-2.amazonaws.com/Lebron_James.png"", ""eventSlug"": ""presidential-election-winner-2028"", ""outcome"": ""Yes"", ""outcomeIndex"": 0, ""name"": """", ""pseudonym"": """", ""bio"": """", ""profileImage"": """", ""profileImageOptimized"": """", ""transactionHash"": ""0x08cfd659e26b6249d3d2fdf551aaec3a673a9e2e1ed7ae1defb93e4590bad428""}"
1770155092,2026-02-14T01:58:40.454307,0xf9377575fd1ca8e21adfcfdcb8da2b41b10cf3191013ebcd34c28d57c0549579:1770155092,561251,39223330966352513418907732239455948906399882924787587183466504819170775983376,BUY,0.009,24.48,0.22032,0xf9377575fd1ca8e21adfcfdcb8da2b41b10cf3191013ebcd34c28d57c0549579,"{""proxyWallet"": ""0x146961c174fa6bae44322fae10fa9a50a7508233"", ""side"": ""BUY"", ""asset"": ""39223330966352513418907732239455948906399882924787587183466504819170775983376"", ""conditionId"": ""0x836b850fc838195374862551a36f1c8691d96ff01e58b0a071f0fc1a0e357fb1"", ""size"": 24.48, ""price"": 0.009, ""timestamp"": 1770155092, ""title"": ""Will LeBron James win the 2028 US Presidential Election?"", ""slug"": ""will-lebron-james-win-the-2028-us-presidential-election"", ""icon"": ""https://polymarket-upload.s3.us-east-2.amazonaws.com/Lebron_James.png"", ""eventSlug"": ""presidential-election-winner-2028"", ""outcome"": ""Yes"", ""outcomeIndex"": 0, ""name"": """", ""pseudonym"": """", ""bio"": """", ""profileImage"": """", ""profileImageOptimized"": """", ""transactionHash"": ""0xf9377575fd1ca8e21adfcfdcb8da2b41b10cf3191013ebcd34c28d57c0549579""}"
1770154936,2026-02-14T01:58:40.454318,0x30f4a8cc67505c8e543c34605f8dc103ac326cf8d9c8c341d35ebde81b31e3eb:1770154936,561251,39223330966352513418907732239455948906399882924787587183466504819170775983376,SELL,0.008,1176.0,9.408,0x30f4a8cc67505c8e543c34605f8dc103ac326cf8d9c8c341d35ebde81b31e3eb,"{""proxyWallet"": ""0xe3e18d79e953ee68cd74e3697e8714299fd7f503"", ""side"": ""SELL"", ""asset"": ""39223330966352513418907732239455948906399882924787587183466504819170775983376"", ""conditionId"": ""0x836b850fc838195374862551a36f1c8691d96ff01e58b0a071f0fc1a0e357fb1"", ""size"": 1176, ""price"": 0.008, ""timestamp"": 1770154936, ""title"": ""Will LeBron James win the 2028 US Presidential Election?"", ""slug"": ""will-lebron-james-win-the-2028-us-presidential-election"", ""icon"": ""https://polymarket-upload.s3.us-east-2.amazonaws.com/Lebron_James.png"", ""eventSlug"": ""presidential-election-winner-2028"", ""outcome"": ""Yes"", ""outcomeIndex"": 0, ""name"": ""0xe3E18d79e953EE68cD74e3697e8714299FD7f503-1770075310006"", ""pseudonym"": ""Flamboyant-Disk"", ""bio"": """", ""profileImage"": """", ""profileImageOptimized"": """", ""transactionHash"": ""0x30f4a8cc67505c8e543c34605f8dc103ac326cf8d9c8c341d35ebde81b31e3eb""}"
1770151066,2026-02-14T01:58:40.454331,0x7f070f24ddd3e2e8b595baa7d46925272c1d76a9293bab3ef51dc309d1dfcacc:1770151066,561251,39223330966352513418907732239455948906399882924787587183466504819170775983376,BUY,0.009,1176.0,10.584,0x7f070f24ddd3e2e8b595baa7d46925272c1d76a9293bab3ef51dc309d1dfcacc,"{""proxyWallet"": ""0xe3e18d79e953ee68cd74e3697e8714299fd7f503"", ""side"": ""BUY"", ""asset"": ""39223330966352513418907732239455948906399882924787587183466504819170775983376"", ""conditionId"": ""0x836b850fc838195374862551a36f1c8691d96ff01e58b0a071f0fc1a0e357fb1"", ""size"": 1176, ""price"": 0.009, ""timestamp"": 1770151066, ""title"": ""Will LeBron James win the 2028 US Presidential Election?"", ""slug"": ""will-lebron-james-win-the-2028-us-presidential-election"", ""icon"": ""https://polymarket-upload.s3.us-east-2.amazonaws.com/Lebron_James.png"", ""eventSlug"": ""presidential-election-winner-2028"", ""outcome"": ""Yes"", ""outcomeIndex"": 0, ""name"": ""0xe3E18d79e953EE68cD74e3697e8714299FD7f503-1770075310006"", ""pseudonym"": ""Flamboyant-Disk"", ""bio"": """", ""profileImage"": """", ""profileImageOptimized"": """", ""transactionHash"": ""0x7f070f24ddd3e2e8b595baa7d46925272c1d76a9293bab3ef51dc309d1dfcacc""}"
1770149754,2026-02-14T01:58:40.454344,0x991b729b3200ce260b0296f68ed17531a25f3d8cdee0b0af67b846c11c8dfe1f:1770149754,561251,39223330966352513418907732239455948906399882924787587183466504819170775983376,BUY,0.009,2.05,0.018449999999999998,0x991b729b3200ce260b0296f68ed17531a25f3d8cdee0b0af67b846c11c8dfe1f,"{""proxyWallet"": ""0x146961c174fa6bae44322fae10fa9a50a7508233"", ""side"": ""BUY"", ""asset"": ""39223330966352513418907732239455948906399882924787587183466504819170775983376"", ""conditionId"": ""0x836b850fc838195374862551a36f1c8691d96ff01e58b0a071f0fc1a0e357fb1"", ""size"": 2.05, ""price"": 0.009, ""timestamp"": 1770149754, ""title"": ""Will LeBron James win the 2028 US Presidential Election?"", ""slug"": ""will-lebron-james-win-the-2028-us-presidential-election"", ""icon"": ""https://polymarket-upload.s3.us-east-2.amazonaws.com/Lebron_James.png"", ""eventSlug"": ""presidential-election-winner-2028"", ""outcome"": ""Yes"", ""outcomeIndex"": 0, ""name"": """", ""pseudonym"": """", ""bio"": """", ""profileImage"": """", ""profileImageOptimized"": """", ""transactionHash"": ""0x991b729b3200ce260b0296f68ed17531a25f3d8cdee0b0af67b846c11c8dfe1f""}"
1770149012,2026-02-14T01:58:40.454356,0x69a8cb701436695e7adef2d3fc56f92240d8bc0f0293e78f605f76eb566ad58c:1770149012,561251,39223330966352513418907732239455948906399882924787587183466504819170775983376,BUY,0.009,2.05,0.018449999999999998,0x69a8cb701436695e7adef2d3fc56f92240d8bc0f0293e78f605f76eb566ad58c,"{""proxyWallet"": ""0x146961c174fa6bae44322fae10fa9a50a7508233"", ""side"": ""BUY"", ""asset"": ""39223330966352513418907732239455948906399882924787587183466504819170775983376"", ""conditionId"": ""0x836b850fc838195374862551a36f1c8691d96ff01e58b0a071f0fc1a0e357fb1"", ""size"": 2.05, ""price"": 0.009, ""timestamp"": 1770149012, ""title"": ""Will LeBron James win the 2028 US Presidential Election?"", ""slug"": ""will-lebron-james-win-the-2028-us-presidential-election"", ""icon"": ""https://polymarket-upload.s3.us-east-2.amazonaws.com/Lebron_James.png"", ""eventSlug"": ""presidential-election-winner-2028"", ""outcome"": ""Yes"", ""outcomeIndex"": 0, ""name"": """", ""pseudonym"": """", ""bio"": """", ""profileImage"": """", ""profileImageOptimized"": """", ""transactionHash"": ""0x69a8cb701436695e7adef2d3fc56f92240d8bc0f0293e78f605f76eb566ad58c""}"
1770108312,2026-02-14T01:58:40.454376,0x480b0af5d1c24efb5a2101ae6076dd67477474fa8428210186f75cde0ac78803:1770108312,561251,39223330966352513418907732239455948906399882924787587183466504819170775983376,SELL,0.008,59194.51,473.55608,0x480b0af5d1c24efb5a2101ae6076dd67477474fa8428210186f75cde0ac78803,"{""proxyWallet"": ""0x3e1cc8602e255b04512a385c53ea596448d783c3"", ""side"": ""SELL"", ""asset"": ""39223330966352513418907732239455948906399882924787587183466504819170775983376"", ""conditionId"": ""0x836b850fc838195374862551a36f1c8691d96ff01e58b0a071f0fc1a0e357fb1"", ""size"": 59194.51, ""price"": 0.008, ""timestamp"": 1770108312, ""title"": ""Will LeBron James win the 2028 US Presidential Election?"", ""slug"": ""will-lebron-james-win-the-2028-us-presidential-election"", ""icon"": ""https://polymarket-upload.s3.us-east-2.amazonaws.com/Lebron_James.png"", ""eventSlug"": ""presidential-election-winner-2028"", ""outcome"": ""Yes"", ""outcomeIndex"": 0, ""name"": ""gdffds1"", ""pseudonym"": ""Petty-Relation"", ""bio"": """", ""profileImage"": """", ""profileImageOptimized"": """", ""transactionHash"": ""0x480b0af5d1c24efb5a2101ae6076dd67477474fa8428210186f75cde0ac78803""}"
1770107614,2026-02-14T01:58:40.454405,0x69eaa58f6845e67d7ae850c2f332c93fdc029670517661d88975ad149ef5b4e3:1770107614,561251,39223330966352513418907732239455948906399882924787587183466504819170775983376,SELL,0.008,34011.31,272.09048,0x69eaa58f6845e67d7ae850c2f332c93fdc029670517661d88975ad149ef5b4e3,"{""proxyWallet"": ""0xb84b82c70153a5b1bf64743d70a8f44396d70f89"", ""side"": ""SELL"", ""asset"": ""39223330966352513418907732239455948906399882924787587183466504819170775983376"", ""conditionId"": ""0x836b850fc838195374862551a36f1c8691d96ff01e58b0a071f0fc1a0e357fb1"", ""size"": 34011.31, ""price"": 0.008, ""timestamp"": 1770107614, ""title"": ""Will LeBron James win the 2028 US Presidential Election?"", ""slug"": ""will-lebron-james-win-the-2028-us-presidential-election"", ""icon"": ""https://polymarket-upload.s3.us-east-2.amazonaws.com/Lebron_James.png"", ""eventSlug"": ""presidential-election-winner-2028"", ""outcome"": ""Yes"", ""outcomeIndex"": 0, ""name"": ""asocpzxc7"", ""pseudonym"": ""Ornery-Heartache"", ""bio"": """", ""profileImage"": """", ""profileImageOptimized"": """", ""transactionHash"": ""0x69eaa58f6845e67d7ae850c2f332c93fdc029670517661d88975ad149ef5b4e3""}"
1770105592,2026-02-14T01:58:40.454430,0x4a83892a223aa1cbaaf401caee7ead57078d3f3294789cca6483da58edef7f5e:1770105592,561251,39223330966352513418907732239455948906399882924787587183466504819170775983376,BUY,0.009,1391.0,12.518999999999998,0x4a83892a223aa1cbaaf401caee7ead57078d3f3294789cca6483da58edef7f5e,"{""proxyWallet"": ""0xcce07be82150047669d7df763598d24d5dd0de12"", ""side"": ""BUY"", ""asset"": ""39223330966352513418907732239455948906399882924787587183466504819170775983376"", ""conditionId"": ""0x836b850fc838195374862551a36f1c8691d96ff01e58b0a071f0fc1a0e357fb1"", ""size"": 1391, ""price"": 0.009, ""timestamp"": 1770105592, ""title"": ""Will LeBron James win the 2028 US Presidential Election?"", ""slug"": ""will-lebron-james-win-the-2028-us-presidential-election"", ""icon"": ""https://polymarket-upload.s3.us-east-2.amazonaws.com/Lebron_James.png"", ""eventSlug"": ""presidential-election-winner-2028"", ""outcome"": ""Yes"", ""outcomeIndex"": 0, ""name"": ""4441414"", ""pseudonym"": ""Distinct-Spreadsheet"", ""bio"": """", ""profileImage"": """", ""profileImageOptimized"": """", ""transactionHash"": ""0x4a83892a223aa1cbaaf401caee7ead57078d3f3294789cca6483da58edef7f5e""}"
1770099258,2026-02-14T01:58:40.454453,0x74cf085d262bddb9333d65d6c795837c86e08c611ee3d6a67f0dffe4791769c9:1770099258,561251,39223330966352513418907732239455948906399882924787587183466504819170775983376,SELL,0.008,45.03,0.36024,0x74cf085d262bddb9333d65d6c795837c86e08c611ee3d6a67f0dffe4791769c9,"{""proxyWallet"": ""0x3955f21c21bc0ad6089b184151c243043a6f74ca"", ""side"": ""SELL"", ""asset"": ""39223330966352513418907732239455948906399882924787587183466504819170775983376"", ""conditionId"": ""0x836b850fc838195374862551a36f1c8691d96ff01e58b0a071f0fc1a0e357fb1"", ""size"": 45.03, ""price"": 0.008, ""timestamp"": 1770099258, ""title"": ""Will LeBron James win the 2028 US Presidential Election?"", ""slug"": ""will-lebron-james-win-the-2028-us-presidential-election"", ""icon"": ""https://polymarket-upload.s3.us-east-2.amazonaws.com/Lebron_James.png"", ""eventSlug"": ""presidential-election-winner-2028"", ""outcome"": ""Yes"", ""outcomeIndex"": 0, ""name"": """", ""pseudonym"": """", ""bio"": """", ""profileImage"": """", ""profileImageOptimized"": """", ""transactionHash"": ""0x74cf085d262bddb9333d65d6c795837c86e08c611ee3d6a67f0dffe4791769c9""}"
1770099248,2026-02-14T01:58:40.454465,0x980f687e371f4585fdd05d8a5548a75a93d7d6060780be06859fc185ffaedf5e:1770099248,561251,39223330966352513418907732239455948906399882924787587183466504819170775983376,BUY,0.009,3812.99,34.31690999999999,0x980f687e371f4585fdd05d8a5548a75a93d7d6060780be06859fc185ffaedf5e,"{""proxyWallet"": ""0x14c381fb0abc3ad7868f03666636bc6c8e31b655"", ""side"": ""BUY"", ""asset"": ""39223330966352513418907732239455948906399882924787587183466504819170775983376"", ""conditionId"": ""0x836b850fc838195374862551a36f1c8691d96ff01e58b0a071f0fc1a0e357fb1"", ""size"": 3812.99, ""price"": 0.009, ""timestamp"": 1770099248, ""title"": ""Will LeBron James win the 2028 US Presidential Election?"", ""slug"": ""will-lebron-james-win-the-2028-us-presidential-election"", ""icon"": ""https://polymarket-upload.s3.us-east-2.amazonaws.com/Lebron_James.png"", ""eventSlug"": ""presidential-election-winner-2028"", ""outcome"": ""Yes"", ""outcomeIndex"": 0, ""name"": ""AuroraDustRanger"", ""pseudonym"": ""Petty-Cut"", ""bio"": """", ""profileImage"": """", ""profileImageOptimized"": """", ""transactionHash"": ""0x980f687e371f4585fdd05d8a5548a75a93d7d6060780be06859fc185ffaedf5e""}"
1770099002,2026-02-14T01:58:40.454477,0x71334fb8a5fe7552e5959af7a98b17358e5398dfbc9b08ee999d3c9ab1cf723b:1770099002,561251,39223330966352513418907732239455948906399882924787587183466504819170775983376,SELL,0.008,3845.03,30.760240000000003,0x71334fb8a5fe7552e5959af7a98b17358e5398dfbc9b08ee999d3c9ab1cf723b,"{""proxyWallet"": ""0x8ca7f6217b9656987caf58b96df3ee65947e6082"", ""side"": ""SELL"", ""asset"": ""39223330966352513418907732239455948906399882924787587183466504819170775983376"", ""conditionId"": ""0x836b850fc838195374862551a36f1c8691d96ff01e58b0a071f0fc1a0e357fb1"", ""size"": 3845.03, ""price"": 0.008, ""timestamp"": 1770099002, ""title"": ""Will LeBron James win the 2028 US Presidential Election?"", ""slug"": ""will-lebron-james-win-the-2028-us-presidential-election"", ""icon"": ""https://polymarket-upload.s3.us-east-2.amazonaws.com/Lebron_James.png"", ""eventSlug"": ""presidential-election-winner-2028"", ""outcome"": ""Yes"", ""outcomeIndex"": 0, ""name"": ""RadiantFlameLock"", ""pseudonym"": ""Scratchy-Beggar"", ""bio"": """", ""profileImage"": """", ""profileImageOptimized"": """", ""transactionHash"": ""0x71334fb8a5fe7552e5959af7a98b17358e5398dfbc9b08ee999d3c9ab1cf723b""}"
1770097372,2026-02-14T01:58:40.454490,0x4f0b20214566c966619144fea249b419bee17fd7f471772732150bb68c5e7410:1770097372,561251,39223330966352513418907732239455948906399882924787587183466504819170775983376,SELL,0.008,3607.0,28.856,0x4f0b20214566c966619144fea249b419bee17fd7f471772732150bb68c5e7410,"{""proxyWallet"": ""0xa295a91a3eeaddfa26dca8594b522a12133142dd"", ""side"": ""SELL"", ""asset"": ""39223330966352513418907732239455948906399882924787587183466504819170775983376"", ""conditionId"": ""0x836b850fc838195374862551a36f1c8691d96ff01e58b0a071f0fc1a0e357fb1"", ""size"": 3607, ""price"": 0.008, ""timestamp"": 1770097372, ""title"": ""Will LeBron James win the 2028 US Presidential Election?"", ""slug"": ""will-lebron-james-win-the-2028-us-presidential-election"", ""icon"": ""https://polymarket-upload.s3.us-east-2.amazonaws.com/Lebron_James.png"", ""eventSlug"": ""presidential-election-winner-2028"", ""outcome"": ""Yes"", ""outcomeIndex"": 0, ""name"": ""MetaPulseSeeker"", ""pseudonym"": ""Rotating-Advocacy"", ""bio"": """", ""profileImage"": """", ""profileImageOptimized"": """", ""transactionHash"": ""0x4f0b20214566c966619144fea249b419bee17fd7f471772732150bb68c5e7410""}"
1770097368,2026-02-14T01:58:40.454501,0xe5e0a47ca88e60636b0d418adc812aff5debebcf1549e9cc1cacf29bddf5c6d7:1770097368,561251,39223330966352513418907732239455948906399882924787587183466504819170775983376,SELL,0.008,45.03,0.36024,0xe5e0a47ca88e60636b0d418adc812aff5debebcf1549e9cc1cacf29bddf5c6d7,"{""proxyWallet"": ""0x3955f21c21bc0ad6089b184151c243043a6f74ca"", ""side"": ""SELL"", ""asset"": ""39223330966352513418907732239455948906399882924787587183466504819170775983376"", ""conditionId"": ""0x836b850fc838195374862551a36f1c8691d96ff01e58b0a071f0fc1a0e357fb1"", ""size"": 45.03, ""price"": 0.008, ""timestamp"": 1770097368, ""title"": ""Will LeBron James win the 2028 US Presidential Election?"", ""slug"": ""will-lebron-james-win-the-2028-us-presidential-election"", ""icon"": ""https://polymarket-upload.s3.us-east-2.amazonaws.com/Lebron_James.png"", ""eventSlug"": ""presidential-election-winner-2028"", ""outcome"": ""Yes"", ""outcomeIndex"": 0, ""name"": """", ""pseudonym"": """", ""bio"": """", ""profileImage"": """", ""profileImageOptimized"": """", ""transactionHash"": ""0xe5e0a47ca88e60636b0d418adc812aff5debebcf1549e9cc1cacf29bddf5c6d7""}"
1770097358,2026-02-14T01:58:40.454512,0x4d9fecf59ff97ff2d6017b3025689fe4d0c1a1450a14230386514c70896717e9:1770097358,561251,39223330966352513418907732239455948906399882924787587183466504819170775983376,BUY,0.009,3585.0,32.265,0x4d9fecf59ff97ff2d6017b3025689fe4d0c1a1450a14230386514c70896717e9,"{""proxyWallet"": ""0x4ac937118f9b7b059fc1fcbcab1aabd0c4be6ea6"", ""side"": ""BUY"", ""asset"": ""39223330966352513418907732239455948906399882924787587183466504819170775983376"", ""conditionId"": ""0x836b850fc838195374862551a36f1c8691d96ff01e58b0a071f0fc1a0e357fb1"", ""size"": 3585, ""price"": 0.009, ""timestamp"": 1770097358, ""title"": ""Will LeBron James win the 2028 US Presidential Election?"", ""slug"": ""will-lebron-james-win-the-2028-us-presidential-election"", ""icon"": ""https://polymarket-upload.s3.us-east-2.amazonaws.com/Lebron_James.png"", ""eventSlug"": ""presidential-election-winner-2028"", ""outcome"": ""Yes"", ""outcomeIndex"": 0, ""name"": ""Web3Whizww"", ""pseudonym"": ""White-Alias"", ""bio"": """", ""profileImage"": """", ""profileImageOptimized"": """", ""transactionHash"": ""0x4d9fecf59ff97ff2d6017b3025689fe4d0c1a1450a14230386514c70896717e9""}"
1770096142,2026-02-14T01:58:40.454525,0x5e91e7e0afece2ee1ac2b87f4750eeb64c2378cc4c98925c0402f90578336db9:1770096142,561251,39223330966352513418907732239455948906399882924787587183466504819170775983376,SELL,0.008,3864.0,30.912,0x5e91e7e0afece2ee1ac2b87f4750eeb64c2378cc4c98925c0402f90578336db9,"{""proxyWallet"": ""0x90e094d93f7ce141132628847ca6af56023618c7"", ""side"": ""SELL"", ""asset"": ""39223330966352513418907732239455948906399882924787587183466504819170775983376"", ""conditionId"": ""0x836b850fc838195374862551a36f1c8691d96ff01e58b0a071f0fc1a0e357fb1"", ""size"": 3864, ""price"": 0.008, ""timestamp"": 1770096142, ""title"": ""Will LeBron James win the 2028 US Presidential Election?"", ""slug"": ""will-lebron-james-win-the-2028-us-presidential-election"", ""icon"": ""https://polymarket-upload.s3.us-east-2.amazonaws.com/Lebron_James.png"", ""eventSlug"": ""presidential-election-winner-2028"", ""outcome"": ""Yes"", ""outcomeIndex"": 0, ""name"": ""Web3Virtuoso"", ""pseudonym"": ""Kosher-Control"", ""bio"": """", ""profileImage"": """", ""profileImageOptimized"": """", ""transactionHash"": ""0x5e91e7e0afece2ee1ac2b87f4750eeb64c2378cc4c98925c0402f90578336db9""}"
1770095864,2026-02-14T01:58:40.454537,0x138e70a40cb6e8193c2d17551c5d17e421c906e3b0e9ecbbea026061947d0587:1770095864,561251,39223330966352513418907732239455948906399882924787587183466504819170775983376,SELL,0.008,3789.0,30.312,0x138e70a40cb6e8193c2d17551c5d17e421c906e3b0e9ecbbea026061947d0587,"{""proxyWallet"": ""0xb02e0e0632e12b806a2f476d84d97c50439c42f5"", ""side"": ""SELL"", ""asset"": ""39223330966352513418907732239455948906399882924787587183466504819170775983376"", ""conditionId"": ""0x836b850fc838195374862551a36f1c8691d96ff01e58b0a071f0fc1a0e357fb1"", ""size"": 3789, ""price"": 0.008, ""timestamp"": 1770095864, ""title"": ""Will LeBron James win the 2028 US Presidential Election?"", ""slug"": ""will-lebron-james-win-the-2028-us-presidential-election"", ""icon"": ""https://polymarket-upload.s3.us-east-2.amazonaws.com/Lebron_James.png"", ""eventSlug"": ""presidential-election-winner-2028"", ""outcome"": ""Yes"", ""outcomeIndex"": 0, ""name"": ""ZKVaultShifter"", ""pseudonym"": ""Untidy-Info"", ""bio"": """", ""profileImage"": """", ""profileImageOptimized"": """", ""transactionHash"": ""0x138e70a40cb6e8193c2d17551c5d17e421c906e3b0e9ecbbea026061947d0587""}"
1770094500,2026-02-14T01:58:40.454549,0x948b35f640048f092003ab6465f3d865b31c3e10b864cb25aab2b641256d6c26:1770094500,561251,39223330966352513418907732239455948906399882924787587183466504819170775983376,SELL,0.008,45.03,0.36024,0x948b35f640048f092003ab6465f3d865b31c3e10b864cb25aab2b641256d6c26,"{""proxyWallet"": ""0x3955f21c21bc0ad6089b184151c243043a6f74ca"", ""side"": ""SELL"", ""asset"": ""39223330966352513418907732239455948906399882924787587183466504819170775983376"", ""conditionId"": ""0x836b850fc838195374862551a36f1c8691d96ff01e58b0a071f0fc1a0e357fb1"", ""size"": 45.03, ""price"": 0.008, ""timestamp"": 1770094500, ""title"": ""Will LeBron James win the 2028 US Presidential Election?"", ""slug"": ""will-lebron-james-win-the-2028-us-presidential-election"", ""icon"": ""https://polymarket-upload.s3.us-east-2.amazonaws.com/Lebron_James.png"", ""eventSlug"": ""presidential-election-winner-2028"", ""outcome"": ""Yes"", ""outcomeIndex"": 0, ""name"": """", ""pseudonym"": """", ""bio"": """", ""profileImage"": """", ""profileImageOptimized"": """", ""transactionHash"": ""0x948b35f640048f092003ab6465f3d865b31c3e10b864cb25aab2b641256d6c26""}"
1770094490,2026-02-14T01:58:40.454560,0x37463b833b5a2e42722990d32ed76403d53053cbe8b42d3d0b3be283f03f961c:1770094490,561251,39223330966352513418907732239455948906399882924787587183466504819170775983376,BUY,0.009,3734.0,33.605999999999995,0x37463b833b5a2e42722990d32ed76403d53053cbe8b42d3d0b3be283f03f961c,"{""proxyWallet"": ""0xfda95e30e417a420ce93739f1546d52dfd427c0d"", ""side"": ""BUY"", ""asset"": ""39223330966352513418907732239455948906399882924787587183466504819170775983376"", ""conditionId"": ""0x836b850fc838195374862551a36f1c8691d96ff01e58b0a071f0fc1a0e357fb1"", ""size"": 3734, ""price"": 0.009, ""timestamp"": 1770094490, ""title"": ""Will LeBron James win the 2028 US Presidential Election?"", ""slug"": ""will-lebron-james-win-the-2028-us-presidential-election"", ""icon"": ""https://polymarket-upload.s3.us-east-2.amazonaws.com/Lebron_James.png"", ""eventSlug"": ""presidential-election-winner-2028"", ""outcome"": ""Yes"", ""outcomeIndex"": 0, ""name"": ""ChainDAOdrifter"", ""pseudonym"": ""Angry-Agreement"", ""bio"": """", ""profileImage"": """", ""profileImageOptimized"": """", ""transactionHash"": ""0x37463b833b5a2e42722990d32ed76403d53053cbe8b42d3d0b3be283f03f961c""}"
1770093904,2026-02-14T01:58:40.454573,0xddaf295cdb43fa71909a2c625a42887835fc64aef9415b922f75482f306c9706:1770093904,561251,39223330966352513418907732239455948906399882924787587183466504819170775983376,SELL,0.008,3821.0,30.568,0xddaf295cdb43fa71909a2c625a42887835fc64aef9415b922f75482f306c9706,"{""proxyWallet"": ""0xdf92c277a469b55577e6d83ff3c346f41e8992e6"", ""side"": ""SELL"", ""asset"": ""39223330966352513418907732239455948906399882924787587183466504819170775983376"", ""conditionId"": ""0x836b850fc838195374862551a36f1c8691d96ff01e58b0a071f0fc1a0e357fb1"", ""size"": 3821, ""price"": 0.008, ""timestamp"": 1770093904, ""title"": ""Will LeBron James win the 2028 US Presidential Election?"", ""slug"": ""will-lebron-james-win-the-2028-us-presidential-election"", ""icon"": ""https://polymarket-upload.s3.us-east-2.amazonaws.com/Lebron_James.png"", ""eventSlug"": ""presidential-election-winner-2028"", ""outcome"": ""Yes"", ""outcomeIndex"": 0, ""name"": ""BlockQuestor"", ""pseudonym"": ""Roasted-Waterfront"", ""bio"": """", ""profileImage"": """", ""profileImageOptimized"": """", ""transactionHash"": ""0xddaf295cdb43fa71909a2c625a42887835fc64aef9415b922f75482f306c9706""}"
1770092456,2026-02-14T01:58:40.454585,0x5f599aca8b6110b100f193bdf90b036583a5c7e0b868b2a559433911835aca9e:1770092456,561251,39223330966352513418907732239455948906399882924787587183466504819170775983376,SELL,0.008,3708.13,29.66504,0x5f599aca8b6110b100f193bdf90b036583a5c7e0b868b2a559433911835aca9e,"{""proxyWallet"": ""0x279d4fc85e9ca4dd1cdaab73929f0c772da69584"", ""side"": ""SELL"", ""asset"": ""39223330966352513418907732239455948906399882924787587183466504819170775983376"", ""conditionId"": ""0x836b850fc838195374862551a36f1c8691d96ff01e58b0a071f0fc1a0e357fb1"", ""size"": 3708.13, ""price"": 0.008, ""timestamp"": 1770092456, ""title"": ""Will LeBron James win the 2028 US Presidential Election?"", ""slug"": ""will-lebron-james-win-the-2028-us-presidential-election"", ""icon"": ""https://polymarket-upload.s3.us-east-2.amazonaws.com/Lebron_James.png"", ""eventSlug"": ""presidential-election-winner-2028"", ""outcome"": ""Yes"", ""outcomeIndex"": 0, ""name"": ""Evwpiksc"", ""pseudonym"": ""Muted-Turf"", ""bio"": """", ""profileImage"": """", ""profileImageOptimized"": """", ""transactionHash"": ""0x5f599aca8b6110b100f193bdf90b036583a5c7e0b868b2a559433911835aca9e""}"
1770092358,2026-02-14T01:58:40.454598,0xaa130cc6eca43bc848070fb427071547cc65be8ca976169122481d6fa4226379:1770092358,561251,39223330966352513418907732239455948906399882924787587183466504819170775983376,SELL,0.008,45.03,0.36024,0xaa130cc6eca43bc848070fb427071547cc65be8ca976169122481d6fa4226379,"{""proxyWallet"": ""0x3955f21c21bc0ad6089b184151c243043a6f74ca"", ""side"": ""SELL"", ""asset"": ""39223330966352513418907732239455948906399882924787587183466504819170775983376"", ""conditionId"": ""0x836b850fc838195374862551a36f1c8691d96ff01e58b0a071f0fc1a0e357fb1"", ""size"": 45.03, ""price"": 0.008, ""timestamp"": 1770092358, ""title"": ""Will LeBron James win the 2028 US Presidential Election?"", ""slug"": ""will-lebron-james-win-the-2028-us-presidential-election"", ""icon"": ""https://polymarket-upload.s3.us-east-2.amazonaws.com/Lebron_James.png"", ""eventSlug"": ""presidential-election-winner-2028"", ""outcome"": ""Yes"", ""outcomeIndex"": 0, ""name"": """", ""pseudonym"": """", ""bio"": """", ""profileImage"": """", ""profileImageOptimized"": """", ""transactionHash"": ""0xaa130cc6eca43bc848070fb427071547cc65be8ca976169122481d6fa4226379""}"
1770092254,2026-02-14T01:58:40.454615,0x668869c6a523fa1bfa07cf48856b69f8bd36b29977bdf02e72cbbc72cdb2596e:1770092254,561251,39223330966352513418907732239455948906399882924787587183466504819170775983376,SELL,0.008,45.03,0.36024,0x668869c6a523fa1bfa07cf48856b69f8bd36b29977bdf02e72cbbc72cdb2596e,"{""proxyWallet"": ""0x3955f21c21bc0ad6089b184151c243043a6f74ca"", ""side"": ""SELL"", ""asset"": ""39223330966352513418907732239455948906399882924787587183466504819170775983376"", ""conditionId"": ""0x836b850fc838195374862551a36f1c8691d96ff01e58b0a071f0fc1a0e357fb1"", ""size"": 45.03, ""price"": 0.008, ""timestamp"": 1770092254, ""title"": ""Will LeBron James win the 2028 US Presidential Election?"", ""slug"": ""will-lebron-james-win-the-2028-us-presidential-election"", ""icon"": ""https://polymarket-upload.s3.us-east-2.amazonaws.com/Lebron_James.png"", ""eventSlug"": ""presidential-election-winner-2028"", ""outcome"": ""Yes"", ""outcomeIndex"": 0, ""name"": """", ""pseudonym"": """", ""bio"": """", ""profileImage"": """", ""profileImageOptimized"": """", ""transactionHash"": ""0x668869c6a523fa1bfa07cf48856b69f8bd36b29977bdf02e72cbbc72cdb2596e""}"
1770090102,2026-02-14T01:58:40.454634,0xa5b1826085c98f48abc4f726fa19532891c1ff3582c120281c3023aacf020fac:1770090102,561251,39223330966352513418907732239455948906399882924787587183466504819170775983376,SELL,0.008,3839.0,30.712,0xa5b1826085c98f48abc4f726fa19532891c1ff3582c120281c3023aacf020fac,"{""proxyWallet"": ""0xed1f8b6cd853d4d09c4796dae3796fa729529570"", ""side"": ""SELL"", ""asset"": ""39223330966352513418907732239455948906399882924787587183466504819170775983376"", ""conditionId"": ""0x836b850fc838195374862551a36f1c8691d96ff01e58b0a071f0fc1a0e357fb1"", ""size"": 3839, ""price"": 0.008, ""timestamp"": 1770090102, ""title"": ""Will LeBron James win the 2028 US Presidential Election?"", ""slug"": ""will-lebron-james-win-the-2028-us-presidential-election"", ""icon"": ""https://polymarket-upload.s3.us-east-2.amazonaws.com/Lebron_James.png"", ""eventSlug"": ""presidential-election-winner-2028"", ""outcome"": ""Yes"", ""outcomeIndex"": 0, ""name"": ""NomadMystVault"", ""pseudonym"": ""Gorgeous-Hope"", ""bio"": """", ""profileImage"": """", ""profileImageOptimized"": """", ""transactionHash"": ""0xa5b1826085c98f48abc4f726fa19532891c1ff3582c120281c3023aacf020fac""}"
1770089630,2026-02-14T01:58:40.454650,0xeb5f16b8ed3649d9b425f4037d4f36293e444f7f02720664951f45de85027061:1770089630,561251,39223330966352513418907732239455948906399882924787587183466504819170775983376,SELL,0.008,45.03,0.36024,0xeb5f16b8ed3649d9b425f4037d4f36293e444f7f02720664951f45de85027061,"{""proxyWallet"": ""0x3955f21c21bc0ad6089b184151c243043a6f74ca"", ""side"": ""SELL"", ""asset"": ""39223330966352513418907732239455948906399882924787587183466504819170775983376"", ""conditionId"": ""0x836b850fc838195374862551a36f1c8691d96ff01e58b0a071f0fc1a0e357fb1"", ""size"": 45.03, ""price"": 0.008, ""timestamp"": 1770089630, ""title"": ""Will LeBron James win the 2028 US Presidential Election?"", ""slug"": ""will-lebron-james-win-the-2028-us-presidential-election"", ""icon"": ""https://polymarket-upload.s3.us-east-2.amazonaws.com/Lebron_James.png"", ""eventSlug"": ""presidential-election-winner-2028"", ""outcome"": ""Yes"", ""outcomeIndex"": 0, ""name"": """", ""pseudonym"": """", ""bio"": """", ""profileImage"": """", ""profileImageOptimized"": """", ""transactionHash"": ""0xeb5f16b8ed3649d9b425f4037d4f36293e444f7f02720664951f45de85027061""}"
1770089616,2026-02-14T01:58:40.454669,0x9a8fe392f75583de1f79b4bbd6f18ca805edb318f0f550911f5b9578201f79d8:1770089616,561251,39223330966352513418907732239455948906399882924787587183466504819170775983376,BUY,0.009,17477.07,157.29362999999998,0x9a8fe392f75583de1f79b4bbd6f18ca805edb318f0f550911f5b9578201f79d8,"{""proxyWallet"": ""0x9b448216ee930869880029b0a30987ba5fbf26ba"", ""side"": ""BUY"", ""asset"": ""39223330966352513418907732239455948906399882924787587183466504819170775983376"", ""conditionId"": ""0x836b850fc838195374862551a36f1c8691d96ff01e58b0a071f0fc1a0e357fb1"", ""size"": 17477.07, ""price"": 0.009, ""timestamp"": 1770089616, ""title"": ""Will LeBron James win the 2028 US Presidential Election?"", ""slug"": ""will-lebron-james-win-the-2028-us-presidential-election"", ""icon"": ""https://polymarket-upload.s3.us-east-2.amazonaws.com/Lebron_James.png"", ""eventSlug"": ""presidential-election-winner-2028"", ""outcome"": ""Yes"", ""outcomeIndex"": 0, ""name"": ""MonaGeoffrey"", ""pseudonym"": ""Measly-Therapy"", ""bio"": """", ""profileImage"": """", ""profileImageOptimized"": """", ""transactionHash"": ""0x9a8fe392f75583de1f79b4bbd6f18ca805edb318f0f550911f5b9578201f79d8""}"
1770089546,2026-02-14T01:58:40.454691,0x0bc2e8a0b19c5043165f75114af5ce9d368b78fd5d4b253f006b1a5af3b28175:1770089546,561251,39223330966352513418907732239455948906399882924787587183466504819170775983376,SELL,0.008,45.03,0.36024,0x0bc2e8a0b19c5043165f75114af5ce9d368b78fd5d4b253f006b1a5af3b28175,"{""proxyWallet"": ""0x3955f21c21bc0ad6089b184151c243043a6f74ca"", ""side"": ""SELL"", ""asset"": ""39223330966352513418907732239455948906399882924787587183466504819170775983376"", ""conditionId"": ""0x836b850fc838195374862551a36f1c8691d96ff01e58b0a071f0fc1a0e357fb1"", ""size"": 45.03, ""price"": 0.008, ""timestamp"": 1770089546, ""title"": ""Will LeBron James win the 2028 US Presidential Election?"", ""slug"": ""will-lebron-james-win-the-2028-us-presidential-election"", ""icon"": ""https://polymarket-upload.s3.us-east-2.amazonaws.com/Lebron_James.png"", ""eventSlug"": ""presidential-election-winner-2028"", ""outcome"": ""Yes"", ""outcomeIndex"": 0, ""name"": """", ""pseudonym"": """", ""bio"": """", ""profileImage"": """", ""profileImageOptimized"": """", ""transactionHash"": ""0x0bc2e8a0b19c5043165f75114af5ce9d368b78fd5d4b253f006b1a5af3b28175""}"
1770089532,2026-02-14T01:58:40.454708,0xfd97fbfff97086f122c9c77bdbc5fa6ecdac968ca7d3531fb59f5c3eb67d0da9:1770089532,561251,39223330966352513418907732239455948906399882924787587183466504819170775983376,BUY,0.009,3636.0,32.724,0xfd97fbfff97086f122c9c77bdbc5fa6ecdac968ca7d3531fb59f5c3eb67d0da9,"{""proxyWallet"": ""0x639a491e77cc08e5b41a5d844c238b7470cadf9d"", ""side"": ""BUY"", ""asset"": ""39223330966352513418907732239455948906399882924787587183466504819170775983376"", ""conditionId"": ""0x836b850fc838195374862551a36f1c8691d96ff01e58b0a071f0fc1a0e357fb1"", ""size"": 3636, ""price"": 0.009, ""timestamp"": 1770089532, ""title"": ""Will LeBron James win the 2028 US Presidential Election?"", ""slug"": ""will-lebron-james-win-the-2028-us-presidential-election"", ""icon"": ""https://polymarket-upload.s3.us-east-2.amazonaws.com/Lebron_James.png"", ""eventSlug"": ""presidential-election-winner-2028"", ""outcome"": ""Yes"", ""outcomeIndex"": 0, ""name"": ""TheresaWal35443"", ""pseudonym"": ""Brave-Choir"", ""bio"": """", ""profileImage"": """", ""profileImageOptimized"": """", ""transactionHash"": ""0xfd97fbfff97086f122c9c77bdbc5fa6ecdac968ca7d3531fb59f5c3eb67d0da9""}"
1770089434,2026-02-14T01:58:41.578112,0x80fc755c70b552cb56fb35c008dea8e841233acfacdd0d88c267ea72b2e5ed34:1770089434,561251,39223330966352513418907732239455948906399882924787587183466504819170775983376,SELL,0.008,45.03,0.36024,0x80fc755c70b552cb56fb35c008dea8e841233acfacdd0d88c267ea72b2e5ed34,"{""proxyWallet"": ""0x3955f21c21bc0ad6089b184151c243043a6f74ca"", ""side"": ""SELL"", ""asset"": ""39223330966352513418907732239455948906399882924787587183466504819170775983376"", ""conditionId"": ""0x836b850fc838195374862551a36f1c8691d96ff01e58b0a071f0fc1a0e357fb1"", ""size"": 45.03, ""price"": 0.008, ""timestamp"": 1770089434, ""title"": ""Will LeBron James win the 2028 US Presidential Election?"", ""slug"": ""will-lebron-james-win-the-2028-us-presidential-election"", ""icon"": ""https://polymarket-upload.s3.us-east-2.amazonaws.com/Lebron_James.png"", ""eventSlug"": ""presidential-election-winner-2028"", ""outcome"": ""Yes"", ""outcomeIndex"": 0, ""name"": """", ""pseudonym"": """", ""bio"": """", ""profileImage"": """", ""profileImageOptimized"": """", ""transactionHash"": ""0x80fc755c70b552cb56fb35c008dea8e841233acfacdd0d88c267ea72b2e5ed34""}"
1770089424,2026-02-14T01:58:41.578214,0x320212acc35902258e4af3d3590b8444eb6d638294e6f53b481b996191e056cc:1770089424,561251,39223330966352513418907732239455948906399882924787587183466504819170775983376,BUY,0.009,3868.0,34.812,0x320212acc35902258e4af3d3590b8444eb6d638294e6f53b481b996191e056cc,"{""proxyWallet"": ""0x80cdd9511b2899513a8191e6301f34be64bbdcfd"", ""side"": ""BUY"", ""asset"": ""39223330966352513418907732239455948906399882924787587183466504819170775983376"", ""conditionId"": ""0x836b850fc838195374862551a36f1c8691d96ff01e58b0a071f0fc1a0e357fb1"", ""size"": 3868, ""price"": 0.009, ""timestamp"": 1770089424, ""title"": ""Will LeBron James win the 2028 US Presidential Election?"", ""slug"": ""will-lebron-james-win-the-2028-us-presidential-election"", ""icon"": ""https://polymarket-upload.s3.us-east-2.amazonaws.com/Lebron_James.png"", ""eventSlug"": ""presidential-election-winner-2028"", ""outcome"": ""Yes"", ""outcomeIndex"": 0, ""name"": ""stefan93pp"", ""pseudonym"": ""Creepy-Axis"", ""bio"": """", ""profileImage"": """", ""profileImageOptimized"": """", ""transactionHash"": ""0x320212acc35902258e4af3d3590b8444eb6d638294e6f53b481b996191e056cc""}"
1770089086,2026-02-14T01:58:41.578268,0x711ae3a70e248a0f5706dbd00483220ed88ff5ba0f189fbf9914172fbf429f70:1770089086,561251,39223330966352513418907732239455948906399882924787587183466504819170775983376,SELL,0.008,45.03,0.36024,0x711ae3a70e248a0f5706dbd00483220ed88ff5ba0f189fbf9914172fbf429f70,"{""proxyWallet"": ""0x3955f21c21bc0ad6089b184151c243043a6f74ca"", ""side"": ""SELL"", ""asset"": ""39223330966352513418907732239455948906399882924787587183466504819170775983376"", ""conditionId"": ""0x836b850fc838195374862551a36f1c8691d96ff01e58b0a071f0fc1a0e357fb1"", ""size"": 45.03, ""price"": 0.008, ""timestamp"": 1770089086, ""title"": ""Will LeBron James win the 2028 US Presidential Election?"", ""slug"": ""will-lebron-james-win-the-2028-us-presidential-election"", ""icon"": ""https://polymarket-upload.s3.us-east-2.amazonaws.com/Lebron_James.png"", ""eventSlug"": ""presidential-election-winner-2028"", ""outcome"": ""Yes"", ""outcomeIndex"": 0, ""name"": """", ""pseudonym"": """", ""bio"": """", ""profileImage"": """", ""profileImageOptimized"": """", ""transactionHash"": ""0x711ae3a70e248a0f5706dbd00483220ed88ff5ba0f189fbf9914172fbf429f70""}"
1770089070,2026-02-14T01:58:41.578303,0x7ec11810d679f71e301dfc9889a4ed3b8dcaf052f662845a762b493008bb4977:1770089070,561251,39223330966352513418907732239455948906399882924787587183466504819170775983376,BUY,0.009,3600.0,32.4,0x7ec11810d679f71e301dfc9889a4ed3b8dcaf052f662845a762b493008bb4977,"{""proxyWallet"": ""0xa37f781c1e6a6c63058bf8b437b5483350a8e9c1"", ""side"": ""BUY"", ""asset"": ""39223330966352513418907732239455948906399882924787587183466504819170775983376"", ""conditionId"": ""0x836b850fc838195374862551a36f1c8691d96ff01e58b0a071f0fc1a0e357fb1"", ""size"": 3600, ""price"": 0.009, ""timestamp"": 1770089070, ""title"": ""Will LeBron James win the 2028 US Presidential Election?"", ""slug"": ""will-lebron-james-win-the-2028-us-presidential-election"", ""icon"": ""https://polymarket-upload.s3.us-east-2.amazonaws.com/Lebron_James.png"", ""eventSlug"": ""presidential-election-winner-2028"", ""outcome"": ""Yes"", ""outcomeIndex"": 0, ""name"": ""AlexandereX"", ""pseudonym"": ""Unnatural-Latte"", ""bio"": """", ""profileImage"": """", ""profileImageOptimized"": """", ""transactionHash"": ""0x7ec11810d679f71e301dfc9889a4ed3b8dcaf052f662845a762b493008bb4977""}"
1770088856,2026-02-14T01:58:41.578335,0x1d4701667e06c1c2ce5f4e680994ce59400037706356116008bd7401840dddd4:1770088856,561251,39223330966352513418907732239455948906399882924787587183466504819170775983376,SELL,0.008,45.03,0.36024,0x1d4701667e06c1c2ce5f4e680994ce59400037706356116008bd7401840dddd4,"{""proxyWallet"": ""0x3955f21c21bc0ad6089b184151c243043a6f74ca"", ""side"": ""SELL"", ""asset"": ""39223330966352513418907732239455948906399882924787587183466504819170775983376"", ""conditionId"": ""0x836b850fc838195374862551a36f1c8691d96ff01e58b0a071f0fc1a0e357fb1"", ""size"": 45.03, ""price"": 0.008, ""timestamp"": 1770088856, ""title"": ""Will LeBron James win the 2028 US Presidential Election?"", ""slug"": ""will-lebron-james-win-the-2028-us-presidential-election"", ""icon"": ""https://polymarket-upload.s3.us-east-2.amazonaws.com/Lebron_James.png"", ""eventSlug"": ""presidential-election-winner-2028"", ""outcome"": ""Yes"", ""outcomeIndex"": 0, ""name"": """", ""pseudonym"": """", ""bio"": """", ""profileImage"": """", ""profileImageOptimized"": """", ""transactionHash"": ""0x1d4701667e06c1c2ce5f4e680994ce59400037706356116008bd7401840dddd4""}"
1770088840,2026-02-14T01:58:41.578367,0xe340177e285744a4e036b820f1193e24c2b2328582e0ea0dba6ee75bea313eaf:1770088840,561251,39223330966352513418907732239455948906399882924787587183466504819170775983376,BUY,0.009,3742.0,33.678,0xe340177e285744a4e036b820f1193e24c2b2328582e0ea0dba6ee75bea313eaf,"{""proxyWallet"": ""0x94e3cefe2a0e2d75d0095947395de6ab20ec9efa"", ""side"": ""BUY"", ""asset"": ""39223330966352513418907732239455948906399882924787587183466504819170775983376"", ""conditionId"": ""0x836b850fc838195374862551a36f1c8691d96ff01e58b0a071f0fc1a0e357fb1"", ""size"": 3742, ""price"": 0.009, ""timestamp"": 1770088840, ""title"": ""Will LeBron James win the 2028 US Presidential Election?"", ""slug"": ""will-lebron-james-win-the-2028-us-presidential-election"", ""icon"": ""https://polymarket-upload.s3.us-east-2.amazonaws.com/Lebron_James.png"", ""eventSlug"": ""presidential-election-winner-2028"", ""outcome"": ""Yes"", ""outcomeIndex"": 0, ""name"": ""BlockWarden"", ""pseudonym"": ""Medium-Ideal"", ""bio"": """", ""profileImage"": """", ""profileImageOptimized"": """", ""transactionHash"": ""0xe340177e285744a4e036b820f1193e24c2b2328582e0ea0dba6ee75bea313eaf""}"
1770088588,2026-02-14T01:58:41.578396,0xfe6d63405ccd5d6b5e3f80275a07b291c318659ddf3af5718c7b47e39aefc842:1770088588,561251,39223330966352513418907732239455948906399882924787587183466504819170775983376,SELL,0.008,45.03,0.36024,0xfe6d63405ccd5d6b5e3f80275a07b291c318659ddf3af5718c7b47e39aefc842,"{""proxyWallet"": ""0x3955f21c21bc0ad6089b184151c243043a6f74ca"", ""side"": ""SELL"", ""asset"": ""39223330966352513418907732239455948906399882924787587183466504819170775983376"", ""conditionId"": ""0x836b850fc838195374862551a36f1c8691d96ff01e58b0a071f0fc1a0e357fb1"", ""size"": 45.03, ""price"": 0.008, ""timestamp"": 1770088588, ""title"": ""Will LeBron James win the 2028 US Presidential Election?"", ""slug"": ""will-lebron-james-win-the-2028-us-presidential-election"", ""icon"": ""https://polymarket-upload.s3.us-east-2.amazonaws.com/Lebron_James.png"", ""eventSlug"": ""presidential-election-winner-2028"", ""outcome"": ""Yes"", ""outcomeIndex"": 0, ""name"": """", ""pseudonym"": """", ""bio"": """", ""profileImage"": """", ""profileImageOptimized"": """", ""transactionHash"": ""0xfe6d63405ccd5d6b5e3f80275a07b291c318659ddf3af5718c7b47e39aefc842""}"
1770088568,2026-02-14T01:58:41.578427,0x73ed05ac5907ec8bb83b1d0b21bed2fff19f7145d01b2913f578005d6f808383:1770088568,561251,39223330966352513418907732239455948906399882924787587183466504819170775983376,SELL,0.008,45.03,0.36024,0x73ed05ac5907ec8bb83b1d0b21bed2fff19f7145d01b2913f578005d6f808383,"{""proxyWallet"": ""0x3955f21c21bc0ad6089b184151c243043a6f74ca"", ""side"": ""SELL"", ""asset"": ""39223330966352513418907732239455948906399882924787587183466504819170775983376"", ""conditionId"": ""0x836b850fc838195374862551a36f1c8691d96ff01e58b0a071f0fc1a0e357fb1"", ""size"": 45.03, ""price"": 0.008, ""timestamp"": 1770088568, ""title"": ""Will LeBron James win the 2028 US Presidential Election?"", ""slug"": ""will-lebron-james-win-the-2028-us-presidential-election"", ""icon"": ""https://polymarket-upload.s3.us-east-2.amazonaws.com/Lebron_James.png"", ""eventSlug"": ""presidential-election-winner-2028"", ""outcome"": ""Yes"", ""outcomeIndex"": 0, ""name"": """", ""pseudonym"": """", ""bio"": """", ""profileImage"": """", ""profileImageOptimized"": """", ""transactionHash"": ""0x73ed05ac5907ec8bb83b1d0b21bed2fff19f7145d01b2913f578005d6f808383""}"
1770088554,2026-02-14T01:58:41.578456,0x8881b4eae471782eeef8d444bfaa3d94c2a6c621b2a0d529b5e264ca7e67043a:1770088554,561251,39223330966352513418907732239455948906399882924787587183466504819170775983376,SELL,0.008,45.03,0.36024,0x8881b4eae471782eeef8d444bfaa3d94c2a6c621b2a0d529b5e264ca7e67043a,"{""proxyWallet"": ""0x3955f21c21bc0ad6089b184151c243043a6f74ca"", ""side"": ""SELL"", ""asset"": ""39223330966352513418907732239455948906399882924787587183466504819170775983376"", ""conditionId"": ""0x836b850fc838195374862551a36f1c8691d96ff01e58b0a071f0fc1a0e357fb1"", ""size"": 45.03, ""price"": 0.008, ""timestamp"": 1770088554, ""title"": ""Will LeBron James win the 2028 US Presidential Election?"", ""slug"": ""will-lebron-james-win-the-2028-us-presidential-election"", ""icon"": ""https://polymarket-upload.s3.us-east-2.amazonaws.com/Lebron_James.png"", ""eventSlug"": ""presidential-election-winner-2028"", ""outcome"": ""Yes"", ""outcomeIndex"": 0, ""name"": """", ""pseudonym"": """", ""bio"": """", ""profileImage"": """", ""profileImageOptimized"": """", ""transactionHash"": ""0x8881b4eae471782eeef8d444bfaa3d94c2a6c621b2a0d529b5e264ca7e67043a""}"
1770088538,2026-02-14T01:58:41.578485,0x0a518e9da7468508d2e99b69d11bd746be84192aeb38a434e5b07307e9936065:1770088538,561251,39223330966352513418907732239455948906399882924787587183466504819170775983376,SELL,0.008,45.03,0.36024,0x0a518e9da7468508d2e99b69d11bd746be84192aeb38a434e5b07307e9936065,"{""proxyWallet"": ""0x3955f21c21bc0ad6089b184151c243043a6f74ca"", ""side"": ""SELL"", ""asset"": ""39223330966352513418907732239455948906399882924787587183466504819170775983376"", ""conditionId"": ""0x836b850fc838195374862551a36f1c8691d96ff01e58b0a071f0fc1a0e357fb1"", ""size"": 45.03, ""price"": 0.008, ""timestamp"": 1770088538, ""title"": ""Will LeBron James win the 2028 US Presidential Election?"", ""slug"": ""will-lebron-james-win-the-2028-us-presidential-election"", ""icon"": ""https://polymarket-upload.s3.us-east-2.amazonaws.com/Lebron_James.png"", ""eventSlug"": ""presidential-election-winner-2028"", ""outcome"": ""Yes"", ""outcomeIndex"": 0, ""name"": """", ""pseudonym"": """", ""bio"": """", ""profileImage"": """", ""profileImageOptimized"": """", ""transactionHash"": ""0x0a518e9da7468508d2e99b69d11bd746be84192aeb38a434e5b07307e9936065""}"
1770088528,2026-02-14T01:58:41.578514,0x19d305e0e4847101e6f4436202744b61e600c0e239e8f5a322bfd2e92a7f04fe:1770088528,561251,39223330966352513418907732239455948906399882924787587183466504819170775983376,BUY,0.009,3972.0,35.748,0x19d305e0e4847101e6f4436202744b61e600c0e239e8f5a322bfd2e92a7f04fe,"{""proxyWallet"": ""0xbbd7bda0b49920e3d5e32f761b80acf0360b46ea"", ""side"": ""BUY"", ""asset"": ""39223330966352513418907732239455948906399882924787587183466504819170775983376"", ""conditionId"": ""0x836b850fc838195374862551a36f1c8691d96ff01e58b0a071f0fc1a0e357fb1"", ""size"": 3972, ""price"": 0.009, ""timestamp"": 1770088528, ""title"": ""Will LeBron James win the 2028 US Presidential Election?"", ""slug"": ""will-lebron-james-win-the-2028-us-presidential-election"", ""icon"": ""https://polymarket-upload.s3.us-east-2.amazonaws.com/Lebron_James.png"", ""eventSlug"": ""presidential-election-winner-2028"", ""outcome"": ""Yes"", ""outcomeIndex"": 0, ""name"": ""Chnmbarlie"", ""pseudonym"": ""Alarming-Buzz"", ""bio"": """", ""profileImage"": """", ""profileImageOptimized"": """", ""transactionHash"": ""0x19d305e0e4847101e6f4436202744b61e600c0e239e8f5a322bfd2e92a7f04fe""}"
1770086480,2026-02-14T01:58:41.578546,0xab175856d32e123b22f09f5fa9262de81babbd7a8c3689b3d321583e6ebfe76d:1770086480,561251,39223330966352513418907732239455948906399882924787587183466504819170775983376,SELL,0.008,45.03,0.36024,0xab175856d32e123b22f09f5fa9262de81babbd7a8c3689b3d321583e6ebfe76d,"{""proxyWallet"": ""0x3955f21c21bc0ad6089b184151c243043a6f74ca"", ""side"": ""SELL"", ""asset"": ""39223330966352513418907732239455948906399882924787587183466504819170775983376"", ""conditionId"": ""0x836b850fc838195374862551a36f1c8691d96ff01e58b0a071f0fc1a0e357fb1"", ""size"": 45.03, ""price"": 0.008, ""timestamp"": 1770086480, ""title"": ""Will LeBron James win the 2028 US Presidential Election?"", ""slug"": ""will-lebron-james-win-the-2028-us-presidential-election"", ""icon"": ""https://polymarket-upload.s3.us-east-2.amazonaws.com/Lebron_James.png"", ""eventSlug"": ""presidential-election-winner-2028"", ""outcome"": ""Yes"", ""outcomeIndex"": 0, ""name"": """", ""pseudonym"": """", ""bio"": """", ""profileImage"": """", ""profileImageOptimized"": """", ""transactionHash"": ""0xab175856d32e123b22f09f5fa9262de81babbd7a8c3689b3d321583e6ebfe76d""}"
1770086432,2026-02-14T01:58:41.578576,0xa91720b64ade8895ca622147b6ee0e53b7f974bdae5582d06db2fbe5ffffda03:1770086432,561251,39223330966352513418907732239455948906399882924787587183466504819170775983376,SELL,0.008,45.03,0.36024,0xa91720b64ade8895ca622147b6ee0e53b7f974bdae5582d06db2fbe5ffffda03,"{""proxyWallet"": ""0x3955f21c21bc0ad6089b184151c243043a6f74ca"", ""side"": ""SELL"", ""asset"": ""39223330966352513418907732239455948906399882924787587183466504819170775983376"", ""conditionId"": ""0x836b850fc838195374862551a36f1c8691d96ff01e58b0a071f0fc1a0e357fb1"", ""size"": 45.03, ""price"": 0.008, ""timestamp"": 1770086432, ""title"": ""Will LeBron James win the 2028 US Presidential Election?"", ""slug"": ""will-lebron-james-win-the-2028-us-presidential-election"", ""icon"": ""https://polymarket-upload.s3.us-east-2.amazonaws.com/Lebron_James.png"", ""eventSlug"": ""presidential-election-winner-2028"", ""outcome"": ""Yes"", ""outcomeIndex"": 0, ""name"": """", ""pseudonym"": """", ""bio"": """", ""profileImage"": """", ""profileImageOptimized"": """", ""transactionHash"": ""0xa91720b64ade8895ca622147b6ee0e53b7f974bdae5582d06db2fbe5ffffda03""}"
1770086418,2026-02-14T01:58:41.578641,0x860c0b36860a5f22bfeef8c886c9b0f5450f23833843412929c7c9481595c72d:1770086418,561251,39223330966352513418907732239455948906399882924787587183466504819170775983376,BUY,0.009,3961.0,35.648999999999994,0x860c0b36860a5f22bfeef8c886c9b0f5450f23833843412929c7c9481595c72d,"{""proxyWallet"": ""0xcab85d206094c0a04c9be9dd7047b1da3764138d"", ""side"": ""BUY"", ""asset"": ""39223330966352513418907732239455948906399882924787587183466504819170775983376"", ""conditionId"": ""0x836b850fc838195374862551a36f1c8691d96ff01e58b0a071f0fc1a0e357fb1"", ""size"": 3961, ""price"": 0.009, ""timestamp"": 1770086418, ""title"": ""Will LeBron James win the 2028 US Presidential Election?"", ""slug"": ""will-lebron-james-win-the-2028-us-presidential-election"", ""icon"": ""https://polymarket-upload.s3.us-east-2.amazonaws.com/Lebron_James.png"", ""eventSlug"": ""presidential-election-winner-2028"", ""outcome"": ""Yes"", ""outcomeIndex"": 0, ""name"": ""Domharkoline"", ""pseudonym"": ""Traumatic-Raiment"", ""bio"": """", ""profileImage"": """", ""profileImageOptimized"": """", ""transactionHash"": ""0x860c0b36860a5f22bfeef8c886c9b0f5450f23833843412929c7c9481595c72d""}"
1770086374,2026-02-14T01:58:41.578673,0x0c4a62d8116c158c660f2e715b3544b4b612a21eb8b565fc87fba15daedfcc4b:1770086374,561251,39223330966352513418907732239455948906399882924787587183466504819170775983376,SELL,0.008,45.03,0.36024,0x0c4a62d8116c158c660f2e715b3544b4b612a21eb8b565fc87fba15daedfcc4b,"{""proxyWallet"": ""0x3955f21c21bc0ad6089b184151c243043a6f74ca"", ""side"": ""SELL"", ""asset"": ""39223330966352513418907732239455948906399882924787587183466504819170775983376"", ""conditionId"": ""0x836b850fc838195374862551a36f1c8691d96ff01e58b0a071f0fc1a0e357fb1"", ""size"": 45.03, ""price"": 0.008, ""timestamp"": 1770086374, ""title"": ""Will LeBron James win the 2028 US Presidential Election?"", ""slug"": ""will-lebron-james-win-the-2028-us-presidential-election"", ""icon"": ""https://polymarket-upload.s3.us-east-2.amazonaws.com/Lebron_James.png"", ""eventSlug"": ""presidential-election-winner-2028"", ""outcome"": ""Yes"", ""outcomeIndex"": 0, ""name"": """", ""pseudonym"": """", ""bio"": """", ""profileImage"": """", ""profileImageOptimized"": """", ""transactionHash"": ""0x0c4a62d8116c158c660f2e715b3544b4b612a21eb8b565fc87fba15daedfcc4b""}"
1770086362,2026-02-14T01:58:41.578702,0xe58640c9cfaaeab076ad3479336216af58a49dc752261e17c3c725a8a12e4f6c:1770086362,561251,39223330966352513418907732239455948906399882924787587183466504819170775983376,BUY,0.009,3837.0,34.532999999999994,0xe58640c9cfaaeab076ad3479336216af58a49dc752261e17c3c725a8a12e4f6c,"{""proxyWallet"": ""0xc26b10811b0025ecb078d1e4383cb847321c0e0a"", ""side"": ""BUY"", ""asset"": ""39223330966352513418907732239455948906399882924787587183466504819170775983376"", ""conditionId"": ""0x836b850fc838195374862551a36f1c8691d96ff01e58b0a071f0fc1a0e357fb1"", ""size"": 3837, ""price"": 0.009, ""timestamp"": 1770086362, ""title"": ""Will LeBron James win the 2028 US Presidential Election?"", ""slug"": ""will-lebron-james-win-the-2028-us-presidential-election"", ""icon"": ""https://polymarket-upload.s3.us-east-2.amazonaws.com/Lebron_James.png"", ""eventSlug"": ""presidential-election-winner-2028"", ""outcome"": ""Yes"", ""outcomeIndex"": 0, ""name"": ""CryptoSpecterwq"", ""pseudonym"": ""Leafy-Gavel"", ""bio"": """", ""profileImage"": """", ""profileImageOptimized"": """", ""transactionHash"": ""0xe58640c9cfaaeab076ad3479336216af58a49dc752261e17c3c725a8a12e4f6c""}"
1770085970,2026-02-14T01:58:41.578736,0x4d485bd38b077b660690011b798cc8b35344763c7d1eaa6345b7e237fc3d4885:1770085970,561251,39223330966352513418907732239455948906399882924787587183466504819170775983376,SELL,0.008,3627.0,29.016000000000002,0x4d485bd38b077b660690011b798cc8b35344763c7d1eaa6345b7e237fc3d4885,"{""proxyWallet"": ""0x936e8c8165ec017a3bd4cbe76a4ca8f4a104d021"", ""side"": ""SELL"", ""asset"": ""39223330966352513418907732239455948906399882924787587183466504819170775983376"", ""conditionId"": ""0x836b850fc838195374862551a36f1c8691d96ff01e58b0a071f0fc1a0e357fb1"", ""size"": 3627, ""price"": 0.008, ""timestamp"": 1770085970, ""title"": ""Will LeBron James win the 2028 US Presidential Election?"", ""slug"": ""will-lebron-james-win-the-2028-us-presidential-election"", ""icon"": ""https://polymarket-upload.s3.us-east-2.amazonaws.com/Lebron_James.png"", ""eventSlug"": ""presidential-election-winner-2028"", ""outcome"": ""Yes"", ""outcomeIndex"": 0, ""name"": ""TokenZoraRunner"", ""pseudonym"": ""Infatuated-Lathe"", ""bio"": """", ""profileImage"": """", ""profileImageOptimized"": """", ""transactionHash"": ""0x4d485bd38b077b660690011b798cc8b35344763c7d1eaa6345b7e237fc3d4885""}"
1770082382,2026-02-14T01:58:41.578766,0xcaeb814f1765c1d93de08a2d95a7206e8d1a1254c239369a64e56e44ab219f76:1770082382,561251,39223330966352513418907732239455948906399882924787587183466504819170775983376,SELL,0.008,45.03,0.36024,0xcaeb814f1765c1d93de08a2d95a7206e8d1a1254c239369a64e56e44ab219f76,"{""proxyWallet"": ""0x3955f21c21bc0ad6089b184151c243043a6f74ca"", ""side"": ""SELL"", ""asset"": ""39223330966352513418907732239455948906399882924787587183466504819170775983376"", ""conditionId"": ""0x836b850fc838195374862551a36f1c8691d96ff01e58b0a071f0fc1a0e357fb1"", ""size"": 45.03, ""price"": 0.008, ""timestamp"": 1770082382, ""title"": ""Will LeBron James win the 2028 US Presidential Election?"", ""slug"": ""will-lebron-james-win-the-2028-us-presidential-election"", ""icon"": ""https://polymarket-upload.s3.us-east-2.amazonaws.com/Lebron_James.png"", ""eventSlug"": ""presidential-election-winner-2028"", ""outcome"": ""Yes"", ""outcomeIndex"": 0, ""name"": """", ""pseudonym"": """", ""bio"": """", ""profileImage"": """", ""profileImageOptimized"": """", ""transactionHash"": ""0xcaeb814f1765c1d93de08a2d95a7206e8d1a1254c239369a64e56e44ab219f76""}"
1770082370,2026-02-14T01:58:41.578796,0xf4e7dfc70976a421a2fc80ae5cf7500c05b92abefc14b09c2a8187f0377e1d08:1770082370,561251,39223330966352513418907732239455948906399882924787587183466504819170775983376,BUY,0.009,3536.0,31.823999999999998,0xf4e7dfc70976a421a2fc80ae5cf7500c05b92abefc14b09c2a8187f0377e1d08,"{""proxyWallet"": ""0xc8f3bb89c5836398dba72ce857edfc6cfaddb576"", ""side"": ""BUY"", ""asset"": ""39223330966352513418907732239455948906399882924787587183466504819170775983376"", ""conditionId"": ""0x836b850fc838195374862551a36f1c8691d96ff01e58b0a071f0fc1a0e357fb1"", ""size"": 3536, ""price"": 0.009, ""timestamp"": 1770082370, ""title"": ""Will LeBron James win the 2028 US Presidential Election?"", ""slug"": ""will-lebron-james-win-the-2028-us-presidential-election"", ""icon"": ""https://polymarket-upload.s3.us-east-2.amazonaws.com/Lebron_James.png"", ""eventSlug"": ""presidential-election-winner-2028"", ""outcome"": ""Yes"", ""outcomeIndex"": 0, ""name"": ""ChainCrafter"", ""pseudonym"": ""Rash-Shore"", ""bio"": """", ""profileImage"": """", ""profileImageOptimized"": """", ""transactionHash"": ""0xf4e7dfc70976a421a2fc80ae5cf7500c05b92abefc14b09c2a8187f0377e1d08""}"
1770050770,2026-02-14T01:58:41.578840,0xa958428323cc969cef2d8639ceef7e542b6750095b0defea43bd4ecb4adef979:1770050770,561251,39223330966352513418907732239455948906399882924787587183466504819170775983376,SELL,0.008,45.03,0.36024,0xa958428323cc969cef2d8639ceef7e542b6750095b0defea43bd4ecb4adef979,"{""proxyWallet"": ""0x3955f21c21bc0ad6089b184151c243043a6f74ca"", ""side"": ""SELL"", ""asset"": ""39223330966352513418907732239455948906399882924787587183466504819170775983376"", ""conditionId"": ""0x836b850fc838195374862551a36f1c8691d96ff01e58b0a071f0fc1a0e357fb1"", ""size"": 45.03, ""price"": 0.008, ""timestamp"": 1770050770, ""title"": ""Will LeBron James win the 2028 US Presidential Election?"", ""slug"": ""will-lebron-james-win-the-2028-us-presidential-election"", ""icon"": ""https://polymarket-upload.s3.us-east-2.amazonaws.com/Lebron_James.png"", ""eventSlug"": ""presidential-election-winner-2028"", ""outcome"": ""Yes"", ""outcomeIndex"": 0, ""name"": """", ""pseudonym"": """", ""bio"": """", ""profileImage"": """", ""profileImageOptimized"": """", ""transactionHash"": ""0xa958428323cc969cef2d8639ceef7e542b6750095b0defea43bd4ecb4adef979""}"
1770048554,2026-02-14T01:58:41.578879,0xdda3aa029d86ad124653954c746cc9db0ef474114b00abeda209a73b8c762cdf:1770048554,561251,39223330966352513418907732239455948906399882924787587183466504819170775983376,SELL,0.008,45.03,0.36024,0xdda3aa029d86ad124653954c746cc9db0ef474114b00abeda209a73b8c762cdf,"{""proxyWallet"": ""0x3955f21c21bc0ad6089b184151c243043a6f74ca"", ""side"": ""SELL"", ""asset"": ""39223330966352513418907732239455948906399882924787587183466504819170775983376"", ""conditionId"": ""0x836b850fc838195374862551a36f1c8691d96ff01e58b0a071f0fc1a0e357fb1"", ""size"": 45.03, ""price"": 0.008, ""timestamp"": 1770048554, ""title"": ""Will LeBron James win the 2028 US Presidential Election?"", ""slug"": ""will-lebron-james-win-the-2028-us-presidential-election"", ""icon"": ""https://polymarket-upload.s3.us-east-2.amazonaws.com/Lebron_James.png"", ""eventSlug"": ""presidential-election-winner-2028"", ""outcome"": ""Yes"", ""outcomeIndex"": 0, ""name"": """", ""pseudonym"": """", ""bio"": """", ""profileImage"": """", ""profileImageOptimized"": """", ""transactionHash"": ""0xdda3aa029d86ad124653954c746cc9db0ef474114b00abeda209a73b8c762cdf""}"
1770046248,2026-02-14T01:58:41.578910,0x4570cda1462749d63f1b91b9cd6387120a2457333f2815f68942a75ef4f966d8:1770046248,561251,39223330966352513418907732239455948906399882924787587183466504819170775983376,BUY,0.009,14.42,0.12977999999999998,0x4570cda1462749d63f1b91b9cd6387120a2457333f2815f68942a75ef4f966d8,"{""proxyWallet"": ""0x8cd714ca99eaac411ecc1f7602c952005527bbe2"", ""side"": ""BUY"", ""asset"": ""39223330966352513418907732239455948906399882924787587183466504819170775983376"", ""conditionId"": ""0x836b850fc838195374862551a36f1c8691d96ff01e58b0a071f0fc1a0e357fb1"", ""size"": 14.42, ""price"": 0.009, ""timestamp"": 1770046248, ""title"": ""Will LeBron James win the 2028 US Presidential Election?"", ""slug"": ""will-lebron-james-win-the-2028-us-presidential-election"", ""icon"": ""https://polymarket-upload.s3.us-east-2.amazonaws.com/Lebron_James.png"", ""eventSlug"": ""presidential-election-winner-2028"", ""outcome"": ""Yes"", ""outcomeIndex"": 0, ""name"": ""erz0r1"", ""pseudonym"": ""Minty-Eggnog"", ""bio"": """", ""profileImage"": """", ""profileImageOptimized"": """", ""transactionHash"": ""0x4570cda1462749d63f1b91b9cd6387120a2457333f2815f68942a75ef4f966d8""}"
1770044676,2026-02-14T01:58:41.578942,0xed0020b66964f6225473b20c5fb849fdc382edf26c496019428f4e25576fdd9b:1770044676,561251,39223330966352513418907732239455948906399882924787587183466504819170775983376,SELL,0.008,45.03,0.36024,0xed0020b66964f6225473b20c5fb849fdc382edf26c496019428f4e25576fdd9b,"{""proxyWallet"": ""0x3955f21c21bc0ad6089b184151c243043a6f74ca"", ""side"": ""SELL"", ""asset"": ""39223330966352513418907732239455948906399882924787587183466504819170775983376"", ""conditionId"": ""0x836b850fc838195374862551a36f1c8691d96ff01e58b0a071f0fc1a0e357fb1"", ""size"": 45.03, ""price"": 0.008, ""timestamp"": 1770044676, ""title"": ""Will LeBron James win the 2028 US Presidential Election?"", ""slug"": ""will-lebron-james-win-the-2028-us-presidential-election"", ""icon"": ""https://polymarket-upload.s3.us-east-2.amazonaws.com/Lebron_James.png"", ""eventSlug"": ""presidential-election-winner-2028"", ""outcome"": ""Yes"", ""outcomeIndex"": 0, ""name"": """", ""pseudonym"": """", ""bio"": """", ""profileImage"": """", ""profileImageOptimized"": """", ""transactionHash"": ""0xed0020b66964f6225473b20c5fb849fdc382edf26c496019428f4e25576fdd9b""}"
1770021710,2026-02-14T01:58:41.578972,0x76e724f18957025aca7f3c9779cc4cb0e72dca4b94fbcb06e06594ed6a292577:1770021710,561251,39223330966352513418907732239455948906399882924787587183466504819170775983376,BUY,0.009,59194.51,532.75059,0x76e724f18957025aca7f3c9779cc4cb0e72dca4b94fbcb06e06594ed6a292577,"{""proxyWallet"": ""0x3e1cc8602e255b04512a385c53ea596448d783c3"", ""side"": ""BUY"", ""asset"": ""39223330966352513418907732239455948906399882924787587183466504819170775983376"", ""conditionId"": ""0x836b850fc838195374862551a36f1c8691d96ff01e58b0a071f0fc1a0e357fb1"", ""size"": 59194.51, ""price"": 0.009, ""timestamp"": 1770021710, ""title"": ""Will LeBron James win the 2028 US Presidential Election?"", ""slug"": ""will-lebron-james-win-the-2028-us-presidential-election"", ""icon"": ""https://polymarket-upload.s3.us-east-2.amazonaws.com/Lebron_James.png"", ""eventSlug"": ""presidential-election-winner-2028"", ""outcome"": ""Yes"", ""outcomeIndex"": 0, ""name"": ""gdffds1"", ""pseudonym"": ""Petty-Relation"", ""bio"": """", ""profileImage"": """", ""profileImageOptimized"": """", ""transactionHash"": ""0x76e724f18957025aca7f3c9779cc4cb0e72dca4b94fbcb06e06594ed6a292577""}"
1770020908,2026-02-14T01:58:41.578998,0x5acac7629d20e5d08d3015432ed0263adc0a560976b5743a5ebd33ed6e0441d0:1770020908,561251,39223330966352513418907732239455948906399882924787587183466504819170775983376,BUY,0.009,34011.31,306.10178999999994,0x5acac7629d20e5d08d3015432ed0263adc0a560976b5743a5ebd33ed6e0441d0,"{""proxyWallet"": ""0xb84b82c70153a5b1bf64743d70a8f44396d70f89"", ""side"": ""BUY"", ""asset"": ""39223330966352513418907732239455948906399882924787587183466504819170775983376"", ""conditionId"": ""0x836b850fc838195374862551a36f1c8691d96ff01e58b0a071f0fc1a0e357fb1"", ""size"": 34011.31, ""price"": 0.009, ""timestamp"": 1770020908, ""title"": ""Will LeBron James win the 2028 US Presidential Election?"", ""slug"": ""will-lebron-james-win-the-2028-us-presidential-election"", ""icon"": ""https://polymarket-upload.s3.us-east-2.amazonaws.com/Lebron_James.png"", ""eventSlug"": ""presidential-election-winner-2028"", ""outcome"": ""Yes"", ""outcomeIndex"": 0, ""name"": ""asocpzxc7"", ""pseudonym"": ""Ornery-Heartache"", ""bio"": """", ""profileImage"": """", ""profileImageOptimized"": """", ""transactionHash"": ""0x5acac7629d20e5d08d3015432ed0263adc0a560976b5743a5ebd33ed6e0441d0""}"
1770014708,2026-02-14T01:58:41.579025,0x10c604f2ba3c2aec69fd6bbf89dc08637bb5001dd667a62edcb7f611082360b2:1770014708,561251,39223330966352513418907732239455948906399882924787587183466504819170775983376,SELL,0.008,24999.99,199.99992,0x10c604f2ba3c2aec69fd6bbf89dc08637bb5001dd667a62edcb7f611082360b2,"{""proxyWallet"": ""0x5aedd8fb09c5f71c54281546815d4700d9f6e7bb"", ""side"": ""SELL"", ""asset"": ""39223330966352513418907732239455948906399882924787587183466504819170775983376"", ""conditionId"": ""0x836b850fc838195374862551a36f1c8691d96ff01e58b0a071f0fc1a0e357fb1"", ""size"": 24999.99, ""price"": 0.008, ""timestamp"": 1770014708, ""title"": ""Will LeBron James win the 2028 US Presidential Election?"", ""slug"": ""will-lebron-james-win-the-2028-us-presidential-election"", ""icon"": ""https://polymarket-upload.s3.us-east-2.amazonaws.com/Lebron_James.png"", ""eventSlug"": ""presidential-election-winner-2028"", ""outcome"": ""Yes"", ""outcomeIndex"": 0, ""name"": ""Akke22224"", ""pseudonym"": ""Paltry-Emitter"", ""bio"": ""CHANCE-DD7F0C732C28A3C3"", ""profileImage"": """", ""profileImageOptimized"": """", ""transactionHash"": ""0x10c604f2ba3c2aec69fd6bbf89dc08637bb5001dd667a62edcb7f611082360b2""}"
1770011560,2026-02-14T01:58:41.579039,0x330d227742049ac0c2cb83e4c4b2f0074ab8eeda65b2efc09f096e71914e2efd:1770011560,561251,39223330966352513418907732239455948906399882924787587183466504819170775983376,BUY,0.009,3845.03,34.60527,0x330d227742049ac0c2cb83e4c4b2f0074ab8eeda65b2efc09f096e71914e2efd,"{""proxyWallet"": ""0x8ca7f6217b9656987caf58b96df3ee65947e6082"", ""side"": ""BUY"", ""asset"": ""39223330966352513418907732239455948906399882924787587183466504819170775983376"", ""conditionId"": ""0x836b850fc838195374862551a36f1c8691d96ff01e58b0a071f0fc1a0e357fb1"", ""size"": 3845.03, ""price"": 0.009, ""timestamp"": 1770011560, ""title"": ""Will LeBron James win the 2028 US Presidential Election?"", ""slug"": ""will-lebron-james-win-the-2028-us-presidential-election"", ""icon"": ""https://polymarket-upload.s3.us-east-2.amazonaws.com/Lebron_James.png"", ""eventSlug"": ""presidential-election-winner-2028"", ""outcome"": ""Yes"", ""outcomeIndex"": 0, ""name"": ""RadiantFlameLock"", ""pseudonym"": ""Scratchy-Beggar"", ""bio"": """", ""profileImage"": """", ""profileImageOptimized"": """", ""transactionHash"": ""0x330d227742049ac0c2cb83e4c4b2f0074ab8eeda65b2efc09f096e71914e2efd""}"
1770011004,2026-02-14T01:58:41.579054,0xd4caab4277017d6ab3ff3ee4fc1d34a8b7f29596c6aa2dd5dff97e3cc6a0a4f3:1770011004,561251,39223330966352513418907732239455948906399882924787587183466504819170775983376,SELL,0.008,3946.99,31.57592,0xd4caab4277017d6ab3ff3ee4fc1d34a8b7f29596c6aa2dd5dff97e3cc6a0a4f3,"{""proxyWallet"": ""0xbfa0c0e1af34ce529d3373c10da4bfd099a9a5b6"", ""side"": ""SELL"", ""asset"": ""39223330966352513418907732239455948906399882924787587183466504819170775983376"", ""conditionId"": ""0x836b850fc838195374862551a36f1c8691d96ff01e58b0a071f0fc1a0e357fb1"", ""size"": 3946.99, ""price"": 0.008, ""timestamp"": 1770011004, ""title"": ""Will LeBron James win the 2028 US Presidential Election?"", ""slug"": ""will-lebron-james-win-the-2028-us-presidential-election"", ""icon"": ""https://polymarket-upload.s3.us-east-2.amazonaws.com/Lebron_James.png"", ""eventSlug"": ""presidential-election-winner-2028"", ""outcome"": ""Yes"", ""outcomeIndex"": 0, ""name"": ""CrimsonFireWing"", ""pseudonym"": ""Yearly-Quantity"", ""bio"": """", ""profileImage"": """", ""profileImageOptimized"": """", ""transactionHash"": ""0xd4caab4277017d6ab3ff3ee4fc1d34a8b7f29596c6aa2dd5dff97e3cc6a0a4f3""}"
1770010986,2026-02-14T01:58:41.579068,0x463d01fd584e6907ca8e0744b36cbbef5cdc445c50c5596920dddb180d947d72:1770010986,561251,39223330966352513418907732239455948906399882924787587183466504819170775983376,BUY,0.009,3839.0,34.550999999999995,0x463d01fd584e6907ca8e0744b36cbbef5cdc445c50c5596920dddb180d947d72,"{""proxyWallet"": ""0xed1f8b6cd853d4d09c4796dae3796fa729529570"", ""side"": ""BUY"", ""asset"": ""39223330966352513418907732239455948906399882924787587183466504819170775983376"", ""conditionId"": ""0x836b850fc838195374862551a36f1c8691d96ff01e58b0a071f0fc1a0e357fb1"", ""size"": 3839, ""price"": 0.009, ""timestamp"": 1770010986, ""title"": ""Will LeBron James win the 2028 US Presidential Election?"", ""slug"": ""will-lebron-james-win-the-2028-us-presidential-election"", ""icon"": ""https://polymarket-upload.s3.us-east-2.amazonaws.com/Lebron_James.png"", ""eventSlug"": ""presidential-election-winner-2028"", ""outcome"": ""Yes"", ""outcomeIndex"": 0, ""name"": ""NomadMystVault"", ""pseudonym"": ""Gorgeous-Hope"", ""bio"": """", ""profileImage"": """", ""profileImageOptimized"": """", ""transactionHash"": ""0x463d01fd584e6907ca8e0744b36cbbef5cdc445c50c5596920dddb180d947d72""}"
1770009980,2026-02-14T01:58:41.579088,0xcc3dcaf7dc103223550975392084d62435cdbd70629463e452bce4fa94040323:1770009980,561251,39223330966352513418907732239455948906399882924787587183466504819170775983376,SELL,0.008,3872.0,30.976,0xcc3dcaf7dc103223550975392084d62435cdbd70629463e452bce4fa94040323,"{""proxyWallet"": ""0x6a520c480a2f0a702f6d93a00cf67c8a15de36e5"", ""side"": ""SELL"", ""asset"": ""39223330966352513418907732239455948906399882924787587183466504819170775983376"", ""conditionId"": ""0x836b850fc838195374862551a36f1c8691d96ff01e58b0a071f0fc1a0e357fb1"", ""size"": 3872, ""price"": 0.008, ""timestamp"": 1770009980, ""title"": ""Will LeBron James win the 2028 US Presidential Election?"", ""slug"": ""will-lebron-james-win-the-2028-us-presidential-election"", ""icon"": ""https://polymarket-upload.s3.us-east-2.amazonaws.com/Lebron_James.png"", ""eventSlug"": ""presidential-election-winner-2028"", ""outcome"": ""Yes"", ""outcomeIndex"": 0, ""name"": ""RollupDriftFi"", ""pseudonym"": ""Handy-Vengeance"", ""bio"": """", ""profileImage"": """", ""profileImageOptimized"": """", ""transactionHash"": ""0xcc3dcaf7dc103223550975392084d62435cdbd70629463e452bce4fa94040323""}"
1770009838,2026-02-14T01:58:41.579102,0x2c670f9d515960df55c31ed24760716c3595b38b84c612a6a009168209b1d215:1770009838,561251,39223330966352513418907732239455948906399882924787587183466504819170775983376,SELL,0.008,3567.0,28.536,0x2c670f9d515960df55c31ed24760716c3595b38b84c612a6a009168209b1d215,"{""proxyWallet"": ""0x71eb3a8bc0c2ca6087609df2453b98a2d78d4b1f"", ""side"": ""SELL"", ""asset"": ""39223330966352513418907732239455948906399882924787587183466504819170775983376"", ""conditionId"": ""0x836b850fc838195374862551a36f1c8691d96ff01e58b0a071f0fc1a0e357fb1"", ""size"": 3567, ""price"": 0.008, ""timestamp"": 1770009838, ""title"": ""Will LeBron James win the 2028 US Presidential Election?"", ""slug"": ""will-lebron-james-win-the-2028-us-presidential-election"", ""icon"": ""https://polymarket-upload.s3.us-east-2.amazonaws.com/Lebron_James.png"", ""eventSlug"": ""presidential-election-winner-2028"", ""outcome"": ""Yes"", ""outcomeIndex"": 0, ""name"": ""DeFiSagesfas"", ""pseudonym"": ""Rude-Tights"", ""bio"": """", ""profileImage"": """", ""profileImageOptimized"": """", ""transactionHash"": ""0x2c670f9d515960df55c31ed24760716c3595b38b84c612a6a009168209b1d215""}"
1770009606,2026-02-14T01:58:41.579116,0x56d3bdd2e2ee45a3bfa8a54bc1121dfc0397cf3451b2ef629fb98a62f7990a73:1770009606,561251,39223330966352513418907732239455948906399882924787587183466504819170775983376,SELL,0.008,3670.38,29.36304,0x56d3bdd2e2ee45a3bfa8a54bc1121dfc0397cf3451b2ef629fb98a62f7990a73,"{""proxyWallet"": ""0x8607f5a3baa26546a0de9cd26a6417d6072a7891"", ""side"": ""SELL"", ""asset"": ""39223330966352513418907732239455948906399882924787587183466504819170775983376"", ""conditionId"": ""0x836b850fc838195374862551a36f1c8691d96ff01e58b0a071f0fc1a0e357fb1"", ""size"": 3670.38, ""price"": 0.008, ""timestamp"": 1770009606, ""title"": ""Will LeBron James win the 2028 US Presidential Election?"", ""slug"": ""will-lebron-james-win-the-2028-us-presidential-election"", ""icon"": ""https://polymarket-upload.s3.us-east-2.amazonaws.com/Lebron_James.png"", ""eventSlug"": ""presidential-election-winner-2028"", ""outcome"": ""Yes"", ""outcomeIndex"": 0, ""name"": ""Johnwxtize"", ""pseudonym"": ""Little-Guilty"", ""bio"": """", ""profileImage"": """", ""profileImageOptimized"": """", ""transactionHash"": ""0x56d3bdd2e2ee45a3bfa8a54bc1121dfc0397cf3451b2ef629fb98a62f7990a73""}"
1770009398,2026-02-14T01:58:41.579132,0x8d6b83a7d2a48dd124c6e525c25608217b13fa9bf07604e40f74e2523afde773:1770009398,561251,39223330966352513418907732239455948906399882924787587183466504819170775983376,BUY,0.009,3864.0,34.775999999999996,0x8d6b83a7d2a48dd124c6e525c25608217b13fa9bf07604e40f74e2523afde773,"{""proxyWallet"": ""0x90e094d93f7ce141132628847ca6af56023618c7"", ""side"": ""BUY"", ""asset"": ""39223330966352513418907732239455948906399882924787587183466504819170775983376"", ""conditionId"": ""0x836b850fc838195374862551a36f1c8691d96ff01e58b0a071f0fc1a0e357fb1"", ""size"": 3864, ""price"": 0.009, ""timestamp"": 1770009398, ""title"": ""Will LeBron James win the 2028 US Presidential Election?"", ""slug"": ""will-lebron-james-win-the-2028-us-presidential-election"", ""icon"": ""https://polymarket-upload.s3.us-east-2.amazonaws.com/Lebron_James.png"", ""eventSlug"": ""presidential-election-winner-2028"", ""outcome"": ""Yes"", ""outcomeIndex"": 0, ""name"": ""Web3Virtuoso"", ""pseudonym"": ""Kosher-Control"", ""bio"": """", ""profileImage"": """", ""profileImageOptimized"": """", ""transactionHash"": ""0x8d6b83a7d2a48dd124c6e525c25608217b13fa9bf07604e40f74e2523afde773""}"
1770007054,2026-02-14T01:58:41.579151,0x36aae894f7c260c215a6b3292726c1276f4d44cc1c08f649ab57a94823a99139:1770007054,561251,39223330966352513418907732239455948906399882924787587183466504819170775983376,SELL,0.008,1138.92,9.111360000000001,0x36aae894f7c260c215a6b3292726c1276f4d44cc1c08f649ab57a94823a99139,"{""proxyWallet"": ""0x117a08f0ef460ffbc917bda6dd29b2f75b966dc8"", ""side"": ""SELL"", ""asset"": ""39223330966352513418907732239455948906399882924787587183466504819170775983376"", ""conditionId"": ""0x836b850fc838195374862551a36f1c8691d96ff01e58b0a071f0fc1a0e357fb1"", ""size"": 1138.92, ""price"": 0.008, ""timestamp"": 1770007054, ""title"": ""Will LeBron James win the 2028 US Presidential Election?"", ""slug"": ""will-lebron-james-win-the-2028-us-presidential-election"", ""icon"": ""https://polymarket-upload.s3.us-east-2.amazonaws.com/Lebron_James.png"", ""eventSlug"": ""presidential-election-winner-2028"", ""outcome"": ""Yes"", ""outcomeIndex"": 0, ""name"": ""Vexly"", ""pseudonym"": ""Vigorous-Life"", ""bio"": """", ""profileImage"": """", ""profileImageOptimized"": """", ""transactionHash"": ""0x36aae894f7c260c215a6b3292726c1276f4d44cc1c08f649ab57a94823a99139""}"
1770006244,2026-02-14T01:58:41.579166,0xbab14964465d6f26113a398974df0cfa226230fa6227cd78212149b155f2da3a:1770006244,561251,39223330966352513418907732239455948906399882924787587183466504819170775983376,SELL,0.008,1581.0,12.648,0xbab14964465d6f26113a398974df0cfa226230fa6227cd78212149b155f2da3a,"{""proxyWallet"": ""0x72fd969dc97c89d5e2d39c0f06590e49855c3ebb"", ""side"": ""SELL"", ""asset"": ""39223330966352513418907732239455948906399882924787587183466504819170775983376"", ""conditionId"": ""0x836b850fc838195374862551a36f1c8691d96ff01e58b0a071f0fc1a0e357fb1"", ""size"": 1581, ""price"": 0.008, ""timestamp"": 1770006244, ""title"": ""Will LeBron James win the 2028 US Presidential Election?"", ""slug"": ""will-lebron-james-win-the-2028-us-presidential-election"", ""icon"": ""https://polymarket-upload.s3.us-east-2.amazonaws.com/Lebron_James.png"", ""eventSlug"": ""presidential-election-winner-2028"", ""outcome"": ""Yes"", ""outcomeIndex"": 0, ""name"": ""vbmvhxfgfg"", ""pseudonym"": ""Descriptive-Honeybee"", ""bio"": """", ""profileImage"": """", ""profileImageOptimized"": """", ""transactionHash"": ""0xbab14964465d6f26113a398974df0cfa226230fa6227cd78212149b155f2da3a""}"
1770006124,2026-02-14T01:58:41.579182,0xb295b1a6840bea40a7852d2a12d22d38bb8d8f660b1fe8024652db3ac3e08e59:1770006124,561251,39223330966352513418907732239455948906399882924787587183466504819170775983376,BUY,0.009,3607.0,32.463,0xb295b1a6840bea40a7852d2a12d22d38bb8d8f660b1fe8024652db3ac3e08e59,"{""proxyWallet"": ""0xa295a91a3eeaddfa26dca8594b522a12133142dd"", ""side"": ""BUY"", ""asset"": ""39223330966352513418907732239455948906399882924787587183466504819170775983376"", ""conditionId"": ""0x836b850fc838195374862551a36f1c8691d96ff01e58b0a071f0fc1a0e357fb1"", ""size"": 3607, ""price"": 0.009, ""timestamp"": 1770006124, ""title"": ""Will LeBron James win the 2028 US Presidential Election?"", ""slug"": ""will-lebron-james-win-the-2028-us-presidential-election"", ""icon"": ""https://polymarket-upload.s3.us-east-2.amazonaws.com/Lebron_James.png"", ""eventSlug"": ""presidential-election-winner-2028"", ""outcome"": ""Yes"", ""outcomeIndex"": 0, ""name"": ""MetaPulseSeeker"", ""pseudonym"": ""Rotating-Advocacy"", ""bio"": """", ""profileImage"": """", ""profileImageOptimized"": """", ""transactionHash"": ""0xb295b1a6840bea40a7852d2a12d22d38bb8d8f660b1fe8024652db3ac3e08e59""}"
1770006072,2026-02-14T01:58:41.579199,0x2a7b497aeb6407feeac351b5b27af0f0c9022cf50a5f59b5ad0aeccdb6f4be9e:1770006072,561251,39223330966352513418907732239455948906399882924787587183466504819170775983376,SELL,0.008,1648.34,13.18672,0x2a7b497aeb6407feeac351b5b27af0f0c9022cf50a5f59b5ad0aeccdb6f4be9e,"{""proxyWallet"": ""0xaef9a3776a68e05e671092ebf670ea03d40f1c99"", ""side"": ""SELL"", ""asset"": ""39223330966352513418907732239455948906399882924787587183466504819170775983376"", ""conditionId"": ""0x836b850fc838195374862551a36f1c8691d96ff01e58b0a071f0fc1a0e357fb1"", ""size"": 1648.34, ""price"": 0.008, ""timestamp"": 1770006072, ""title"": ""Will LeBron James win the 2028 US Presidential Election?"", ""slug"": ""will-lebron-james-win-the-2028-us-presidential-election"", ""icon"": ""https://polymarket-upload.s3.us-east-2.amazonaws.com/Lebron_James.png"", ""eventSlug"": ""presidential-election-winner-2028"", ""outcome"": ""Yes"", ""outcomeIndex"": 0, ""name"": ""Vokshi"", ""pseudonym"": ""Worldly-Metronome"", ""bio"": """", ""profileImage"": """", ""profileImageOptimized"": """", ""transactionHash"": ""0x2a7b497aeb6407feeac351b5b27af0f0c9022cf50a5f59b5ad0aeccdb6f4be9e""}"
1770006012,2026-02-14T01:58:41.579214,0x05b94d820bdb498a345be26af61691897b8527c28d391a08f96e3071607f60e8:1770006012,561251,39223330966352513418907732239455948906399882924787587183466504819170775983376,SELL,0.008,1378.0,11.024000000000001,0x05b94d820bdb498a345be26af61691897b8527c28d391a08f96e3071607f60e8,"{""proxyWallet"": ""0xfa97d58a81cb55bc48f55b20c4a33db430d88d6a"", ""side"": ""SELL"", ""asset"": ""39223330966352513418907732239455948906399882924787587183466504819170775983376"", ""conditionId"": ""0x836b850fc838195374862551a36f1c8691d96ff01e58b0a071f0fc1a0e357fb1"", ""size"": 1378, ""price"": 0.008, ""timestamp"": 1770006012, ""title"": ""Will LeBron James win the 2028 US Presidential Election?"", ""slug"": ""will-lebron-james-win-the-2028-us-presidential-election"", ""icon"": ""https://polymarket-upload.s3.us-east-2.amazonaws.com/Lebron_James.png"", ""eventSlug"": ""presidential-election-winner-2028"", ""outcome"": ""Yes"", ""outcomeIndex"": 0, ""name"": ""0xfa97D58A81Cb55bC48F55B20c4a33db430d88D6a-1769769568232"", ""pseudonym"": ""Fair-Horizon"", ""bio"": """", ""profileImage"": """", ""profileImageOptimized"": """", ""transactionHash"": ""0x05b94d820bdb498a345be26af61691897b8527c28d391a08f96e3071607f60e8""}"
1770005864,2026-02-14T01:58:41.579230,0x75e4ade905408da347052a497f3762d64a20176fcb70324621784b9480210919:1770005864,561251,39223330966352513418907732239455948906399882924787587183466504819170775983376,SELL,0.008,1308.0,10.464,0x75e4ade905408da347052a497f3762d64a20176fcb70324621784b9480210919,"{""proxyWallet"": ""0xbe56b60f639e2bfc251da89e20c0cced8d0330e9"", ""side"": ""SELL"", ""asset"": ""39223330966352513418907732239455948906399882924787587183466504819170775983376"", ""conditionId"": ""0x836b850fc838195374862551a36f1c8691d96ff01e58b0a071f0fc1a0e357fb1"", ""size"": 1308, ""price"": 0.008, ""timestamp"": 1770005864, ""title"": ""Will LeBron James win the 2028 US Presidential Election?"", ""slug"": ""will-lebron-james-win-the-2028-us-presidential-election"", ""icon"": ""https://polymarket-upload.s3.us-east-2.amazonaws.com/Lebron_James.png"", ""eventSlug"": ""presidential-election-winner-2028"", ""outcome"": ""Yes"", ""outcomeIndex"": 0, ""name"": ""ghjkjhghkgh"", ""pseudonym"": ""Annual-Power"", ""bio"": """", ""profileImage"": """", ""profileImageOptimized"": """", ""transactionHash"": ""0x75e4ade905408da347052a497f3762d64a20176fcb70324621784b9480210919""}"
1770005792,2026-02-14T01:58:41.579243,0x104a575a600293316705ddf1d05f99ed5735043449277d5106dfc18212c07c6e:1770005792,561251,39223330966352513418907732239455948906399882924787587183466504819170775983376,SELL,0.008,1318.0,10.544,0x104a575a600293316705ddf1d05f99ed5735043449277d5106dfc18212c07c6e,"{""proxyWallet"": ""0x7142fbd74305aa1d3599f863718029ce29e15534"", ""side"": ""SELL"", ""asset"": ""39223330966352513418907732239455948906399882924787587183466504819170775983376"", ""conditionId"": ""0x836b850fc838195374862551a36f1c8691d96ff01e58b0a071f0fc1a0e357fb1"", ""size"": 1318, ""price"": 0.008, ""timestamp"": 1770005792, ""title"": ""Will LeBron James win the 2028 US Presidential Election?"", ""slug"": ""will-lebron-james-win-the-2028-us-presidential-election"", ""icon"": ""https://polymarket-upload.s3.us-east-2.amazonaws.com/Lebron_James.png"", ""eventSlug"": ""presidential-election-winner-2028"", ""outcome"": ""Yes"", ""outcomeIndex"": 0, ""name"": ""sfghjfg"", ""pseudonym"": ""Delicious-Button"", ""bio"": """", ""profileImage"": """", ""profileImageOptimized"": """", ""transactionHash"": ""0x104a575a600293316705ddf1d05f99ed5735043449277d5106dfc18212c07c6e""}"
1770005446,2026-02-14T01:58:41.579257,0x96b367da00add0861e321ede87803bb5daae9bd8a6c1ce48031da8627a08368c:1770005446,561251,39223330966352513418907732239455948906399882924787587183466504819170775983376,SELL,0.008,1559.0,12.472,0x96b367da00add0861e321ede87803bb5daae9bd8a6c1ce48031da8627a08368c,"{""proxyWallet"": ""0x5af1b2c0a19b9483d33a42269c47776d99bc0e9b"", ""side"": ""SELL"", ""asset"": ""39223330966352513418907732239455948906399882924787587183466504819170775983376"", ""conditionId"": ""0x836b850fc838195374862551a36f1c8691d96ff01e58b0a071f0fc1a0e357fb1"", ""size"": 1559, ""price"": 0.008, ""timestamp"": 1770005446, ""title"": ""Will LeBron James win the 2028 US Presidential Election?"", ""slug"": ""will-lebron-james-win-the-2028-us-presidential-election"", ""icon"": ""https://polymarket-upload.s3.us-east-2.amazonaws.com/Lebron_James.png"", ""eventSlug"": ""presidential-election-winner-2028"", ""outcome"": ""Yes"", ""outcomeIndex"": 0, ""name"": ""yktyyyrtrt"", ""pseudonym"": ""Moral-Eggnog"", ""bio"": """", ""profileImage"": """", ""profileImageOptimized"": """", ""transactionHash"": ""0x96b367da00add0861e321ede87803bb5daae9bd8a6c1ce48031da8627a08368c""}"
1770005342,2026-02-14T01:58:41.579270,0x2f5c744439f1f97a44daaed1c7c3900c2e961a95ab2374d1fca39f04cff4933e:1770005342,561251,39223330966352513418907732239455948906399882924787587183466504819170775983376,SELL,0.008,2489.25,19.914,0x2f5c744439f1f97a44daaed1c7c3900c2e961a95ab2374d1fca39f04cff4933e,"{""proxyWallet"": ""0xe424a7567b890ad8c179237da706849196ca59c8"", ""side"": ""SELL"", ""asset"": ""39223330966352513418907732239455948906399882924787587183466504819170775983376"", ""conditionId"": ""0x836b850fc838195374862551a36f1c8691d96ff01e58b0a071f0fc1a0e357fb1"", ""size"": 2489.25, ""price"": 0.008, ""timestamp"": 1770005342, ""title"": ""Will LeBron James win the 2028 US Presidential Election?"", ""slug"": ""will-lebron-james-win-the-2028-us-presidential-election"", ""icon"": ""https://polymarket-upload.s3.us-east-2.amazonaws.com/Lebron_James.png"", ""eventSlug"": ""presidential-election-winner-2028"", ""outcome"": ""Yes"", ""outcomeIndex"": 0, ""name"": ""0xe424a7567B890Ad8C179237Da706849196Ca59C8-1769114329541"", ""pseudonym"": ""Trifling-Acknowledgment"", ""bio"": """", ""profileImage"": """", ""profileImageOptimized"": """", ""transactionHash"": ""0x2f5c744439f1f97a44daaed1c7c3900c2e961a95ab2374d1fca39f04cff4933e""}"
1770005198,2026-02-14T01:58:41.579285,0xf0a809d221143707101e851c0ed0381c353ad055b95d61db9c0db3a5a2f4e425:1770005198,561251,39223330966352513418907732239455948906399882924787587183466504819170775983376,SELL,0.008,1500.0,12.0,0xf0a809d221143707101e851c0ed0381c353ad055b95d61db9c0db3a5a2f4e425,"{""proxyWallet"": ""0xaa117cf66e0312a6b2e113246e7c7b525ac46bdb"", ""side"": ""SELL"", ""asset"": ""39223330966352513418907732239455948906399882924787587183466504819170775983376"", ""conditionId"": ""0x836b850fc838195374862551a36f1c8691d96ff01e58b0a071f0fc1a0e357fb1"", ""size"": 1500, ""price"": 0.008, ""timestamp"": 1770005198, ""title"": ""Will LeBron James win the 2028 US Presidential Election?"", ""slug"": ""will-lebron-james-win-the-2028-us-presidential-election"", ""icon"": ""https://polymarket-upload.s3.us-east-2.amazonaws.com/Lebron_James.png"", ""eventSlug"": ""presidential-election-winner-2028"", ""outcome"": ""Yes"", ""outcomeIndex"": 0, ""name"": ""ftfjfffgjfg"", ""pseudonym"": ""Unique-Girl"", ""bio"": """", ""profileImage"": """", ""profileImageOptimized"": """", ""transactionHash"": ""0xf0a809d221143707101e851c0ed0381c353ad055b95d61db9c0db3a5a2f4e425""}"
1770004998,2026-02-14T01:58:41.579301,0xdeb8bd42340d3e35da3ad1ad6ee7b12a5b88cc86558a4cf58d67373bcc4501fb:1770004998,561251,39223330966352513418907732239455948906399882924787587183466504819170775983376,SELL,0.008,1342.0,10.736,0xdeb8bd42340d3e35da3ad1ad6ee7b12a5b88cc86558a4cf58d67373bcc4501fb,"{""proxyWallet"": ""0x3f5c70285ff66554134598e7e1dd5f9891f65543"", ""side"": ""SELL"", ""asset"": ""39223330966352513418907732239455948906399882924787587183466504819170775983376"", ""conditionId"": ""0x836b850fc838195374862551a36f1c8691d96ff01e58b0a071f0fc1a0e357fb1"", ""size"": 1342, ""price"": 0.008, ""timestamp"": 1770004998, ""title"": ""Will LeBron James win the 2028 US Presidential Election?"", ""slug"": ""will-lebron-james-win-the-2028-us-presidential-election"", ""icon"": ""https://polymarket-upload.s3.us-east-2.amazonaws.com/Lebron_James.png"", ""eventSlug"": ""presidential-election-winner-2028"", ""outcome"": ""Yes"", ""outcomeIndex"": 0, ""name"": ""zgcnzcgcv"", ""pseudonym"": ""Second-Grandmom"", ""bio"": """", ""profileImage"": """", ""profileImageOptimized"": """", ""transactionHash"": ""0xdeb8bd42340d3e35da3ad1ad6ee7b12a5b88cc86558a4cf58d67373bcc4501fb""}"
1770004986,2026-02-14T01:58:41.579318,0x9dd8fcbc1d78c6bc067535de2b8ad2a30d7092d5f55d3260b7120ee5d5799370:1770004986,561251,39223330966352513418907732239455948906399882924787587183466504819170775983376,SELL,0.008,1564.0,12.512,0x9dd8fcbc1d78c6bc067535de2b8ad2a30d7092d5f55d3260b7120ee5d5799370,"{""proxyWallet"": ""0xb2982bba111beebfbe60bb7d23cf568f496f0d28"", ""side"": ""SELL"", ""asset"": ""39223330966352513418907732239455948906399882924787587183466504819170775983376"", ""conditionId"": ""0x836b850fc838195374862551a36f1c8691d96ff01e58b0a071f0fc1a0e357fb1"", ""size"": 1564, ""price"": 0.008, ""timestamp"": 1770004986, ""title"": ""Will LeBron James win the 2028 US Presidential Election?"", ""slug"": ""will-lebron-james-win-the-2028-us-presidential-election"", ""icon"": ""https://polymarket-upload.s3.us-east-2.amazonaws.com/Lebron_James.png"", ""eventSlug"": ""presidential-election-winner-2028"", ""outcome"": ""Yes"", ""outcomeIndex"": 0, ""name"": ""drgsdrg"", ""pseudonym"": ""Noisy-Club"", ""bio"": """", ""profileImage"": """", ""profileImageOptimized"": """", ""transactionHash"": ""0x9dd8fcbc1d78c6bc067535de2b8ad2a30d7092d5f55d3260b7120ee5d5799370""}"
1770004740,2026-02-14T01:58:41.579336,0xe667d0ff86b0d93083c409c34e4cd3d08d5850e961f936c6f014762fb44fa789:1770004740,561251,39223330966352513418907732239455948906399882924787587183466504819170775983376,BUY,0.009,3708.13,33.37317,0xe667d0ff86b0d93083c409c34e4cd3d08d5850e961f936c6f014762fb44fa789,"{""proxyWallet"": ""0x279d4fc85e9ca4dd1cdaab73929f0c772da69584"", ""side"": ""BUY"", ""asset"": ""39223330966352513418907732239455948906399882924787587183466504819170775983376"", ""conditionId"": ""0x836b850fc838195374862551a36f1c8691d96ff01e58b0a071f0fc1a0e357fb1"", ""size"": 3708.13, ""price"": 0.009, ""timestamp"": 1770004740, ""title"": ""Will LeBron James win the 2028 US Presidential Election?"", ""slug"": ""will-lebron-james-win-the-2028-us-presidential-election"", ""icon"": ""https://polymarket-upload.s3.us-east-2.amazonaws.com/Lebron_James.png"", ""eventSlug"": ""presidential-election-winner-2028"", ""outcome"": ""Yes"", ""outcomeIndex"": 0, ""name"": ""Evwpiksc"", ""pseudonym"": ""Muted-Turf"", ""bio"": """", ""profileImage"": """", ""profileImageOptimized"": """", ""transactionHash"": ""0xe667d0ff86b0d93083c409c34e4cd3d08d5850e961f936c6f014762fb44fa789""}"
1770004444,2026-02-14T01:58:41.579350,0x7c3e4a7358bb6044230dd8676f70206c45ab58cb74f41138e8931221304342b6:1770004444,561251,39223330966352513418907732239455948906399882924787587183466504819170775983376,SELL,0.008,3862.0,30.896,0x7c3e4a7358bb6044230dd8676f70206c45ab58cb74f41138e8931221304342b6,"{""proxyWallet"": ""0x6a95d35049d867c88e9d68de899d442ed7902c15"", ""side"": ""SELL"", ""asset"": ""39223330966352513418907732239455948906399882924787587183466504819170775983376"", ""conditionId"": ""0x836b850fc838195374862551a36f1c8691d96ff01e58b0a071f0fc1a0e357fb1"", ""size"": 3862, ""price"": 0.008, ""timestamp"": 1770004444, ""title"": ""Will LeBron James win the 2028 US Presidential Election?"", ""slug"": ""will-lebron-james-win-the-2028-us-presidential-election"", ""icon"": ""https://polymarket-upload.s3.us-east-2.amazonaws.com/Lebron_James.png"", ""eventSlug"": ""presidential-election-winner-2028"", ""outcome"": ""Yes"", ""outcomeIndex"": 0, ""name"": ""StakeSpecterVault"", ""pseudonym"": ""Supportive-Destroyer"", ""bio"": """", ""profileImage"": """", ""profileImageOptimized"": """", ""transactionHash"": ""0x7c3e4a7358bb6044230dd8676f70206c45ab58cb74f41138e8931221304342b6""}"
1770003376,2026-02-14T01:58:41.579366,0x10fa9ea0f58a7ba693053fda58cf7ed64a322236a66ec26d37dbba308fa4d7fa:1770003376,561251,39223330966352513418907732239455948906399882924787587183466504819170775983376,SELL,0.008,4000.0,32.0,0x10fa9ea0f58a7ba693053fda58cf7ed64a322236a66ec26d37dbba308fa4d7fa,"{""proxyWallet"": ""0xb147c2f1cfe0a19013f04e60d8826643e6637c28"", ""side"": ""SELL"", ""asset"": ""39223330966352513418907732239455948906399882924787587183466504819170775983376"", ""conditionId"": ""0x836b850fc838195374862551a36f1c8691d96ff01e58b0a071f0fc1a0e357fb1"", ""size"": 4000, ""price"": 0.008, ""timestamp"": 1770003376, ""title"": ""Will LeBron James win the 2028 US Presidential Election?"", ""slug"": ""will-lebron-james-win-the-2028-us-presidential-election"", ""icon"": ""https://polymarket-upload.s3.us-east-2.amazonaws.com/Lebron_James.png"", ""eventSlug"": ""presidential-election-winner-2028"", ""outcome"": ""Yes"", ""outcomeIndex"": 0, ""name"": ""Liorzentakia"", ""pseudonym"": ""Puny-Daffodil"", ""bio"": """", ""profileImage"": """", ""profileImageOptimized"": """", ""transactionHash"": ""0x10fa9ea0f58a7ba693053fda58cf7ed64a322236a66ec26d37dbba308fa4d7fa""}"
1770002986,2026-02-14T01:58:41.579382,0xa8c4a687ed5f56e619afcced60d09ffc2eeb4072b3cc5555c3781a7a5bfc3c64:1770002986,561251,39223330966352513418907732239455948906399882924787587183466504819170775983376,SELL,0.008,1106.0,8.848,0xa8c4a687ed5f56e619afcced60d09ffc2eeb4072b3cc5555c3781a7a5bfc3c64,"{""proxyWallet"": ""0xa6771783bde8f446b3b01746bffcf7d595b1b886"", ""side"": ""SELL"", ""asset"": ""39223330966352513418907732239455948906399882924787587183466504819170775983376"", ""conditionId"": ""0x836b850fc838195374862551a36f1c8691d96ff01e58b0a071f0fc1a0e357fb1"", ""size"": 1106, ""price"": 0.008, ""timestamp"": 1770002986, ""title"": ""Will LeBron James win the 2028 US Presidential Election?"", ""slug"": ""will-lebron-james-win-the-2028-us-presidential-election"", ""icon"": ""https://polymarket-upload.s3.us-east-2.amazonaws.com/Lebron_James.png"", ""eventSlug"": ""presidential-election-winner-2028"", ""outcome"": ""Yes"", ""outcomeIndex"": 0, ""name"": ""sdgdfgpll"", ""pseudonym"": ""Informal-Fraud"", ""bio"": """", ""profileImage"": """", ""profileImageOptimized"": """", ""transactionHash"": ""0xa8c4a687ed5f56e619afcced60d09ffc2eeb4072b3cc5555c3781a7a5bfc3c64""}"
1770002976,2026-02-14T01:58:41.579397,0xee70474e22e556c12b3aceb7d7f4d9ce5d7775935a1c53df304aae23d565f003:1770002976,561251,39223330966352513418907732239455948906399882924787587183466504819170775983376,SELL,0.008,3838.0,30.704,0xee70474e22e556c12b3aceb7d7f4d9ce5d7775935a1c53df304aae23d565f003,"{""proxyWallet"": ""0x775c58af448b4f33c9b2c963f8827d7d08535372"", ""side"": ""SELL"", ""asset"": ""39223330966352513418907732239455948906399882924787587183466504819170775983376"", ""conditionId"": ""0x836b850fc838195374862551a36f1c8691d96ff01e58b0a071f0fc1a0e357fb1"", ""size"": 3838, ""price"": 0.008, ""timestamp"": 1770002976, ""title"": ""Will LeBron James win the 2028 US Presidential Election?"", ""slug"": ""will-lebron-james-win-the-2028-us-presidential-election"", ""icon"": ""https://polymarket-upload.s3.us-east-2.amazonaws.com/Lebron_James.png"", ""eventSlug"": ""presidential-election-winner-2028"", ""outcome"": ""Yes"", ""outcomeIndex"": 0, ""name"": ""EtherPulse"", ""pseudonym"": ""Spry-Disadvantage"", ""bio"": """", ""profileImage"": """", ""profileImageOptimized"": """", ""transactionHash"": ""0xee70474e22e556c12b3aceb7d7f4d9ce5d7775935a1c53df304aae23d565f003""}"
1770002724,2026-02-14T01:58:41.579410,0x0366b38c8612b71b73ae02f2b072270a6100b2a00b7b13e14aa1f6fabb2e4fc5:1770002724,561251,39223330966352513418907732239455948906399882924787587183466504819170775983376,SELL,0.008,1162.0,9.296,0x0366b38c8612b71b73ae02f2b072270a6100b2a00b7b13e14aa1f6fabb2e4fc5,"{""proxyWallet"": ""0x0bf8ea4b06bef4e28605678fa93d26925e0262fb"", ""side"": ""SELL"", ""asset"": ""39223330966352513418907732239455948906399882924787587183466504819170775983376"", ""conditionId"": ""0x836b850fc838195374862551a36f1c8691d96ff01e58b0a071f0fc1a0e357fb1"", ""size"": 1162, ""price"": 0.008, ""timestamp"": 1770002724, ""title"": ""Will LeBron James win the 2028 US Presidential Election?"", ""slug"": ""will-lebron-james-win-the-2028-us-presidential-election"", ""icon"": ""https://polymarket-upload.s3.us-east-2.amazonaws.com/Lebron_James.png"", ""eventSlug"": ""presidential-election-winner-2028"", ""outcome"": ""Yes"", ""outcomeIndex"": 0, ""name"": ""sderryttyty"", ""pseudonym"": ""Putrid-Gaffer"", ""bio"": """", ""profileImage"": """", ""profileImageOptimized"": """", ""transactionHash"": ""0x0366b38c8612b71b73ae02f2b072270a6100b2a00b7b13e14aa1f6fabb2e4fc5""}"
1770002660,2026-02-14T01:58:41.579426,0x5efde01de0e041993f566054aafb16c216a29139cffe327773d22bd2ec0c379e:1770002660,561251,39223330966352513418907732239455948906399882924787587183466504819170775983376,SELL,0.008,1564.0,12.512,0x5efde01de0e041993f566054aafb16c216a29139cffe327773d22bd2ec0c379e,"{""proxyWallet"": ""0xef7e5253b49aafc2e8c8472cdf0797838fe85362"", ""side"": ""SELL"", ""asset"": ""39223330966352513418907732239455948906399882924787587183466504819170775983376"", ""conditionId"": ""0x836b850fc838195374862551a36f1c8691d96ff01e58b0a071f0fc1a0e357fb1"", ""size"": 1564, ""price"": 0.008, ""timestamp"": 1770002660, ""title"": ""Will LeBron James win the 2028 US Presidential Election?"", ""slug"": ""will-lebron-james-win-the-2028-us-presidential-election"", ""icon"": ""https://polymarket-upload.s3.us-east-2.amazonaws.com/Lebron_James.png"", ""eventSlug"": ""presidential-election-winner-2028"", ""outcome"": ""Yes"", ""outcomeIndex"": 0, ""name"": ""dfgdfghdfhf"", ""pseudonym"": ""Chubby-Cave"", ""bio"": """", ""profileImage"": """", ""profileImageOptimized"": """", ""transactionHash"": ""0x5efde01de0e041993f566054aafb16c216a29139cffe327773d22bd2ec0c379e""}"
1770002380,2026-02-14T01:58:41.579440,0x1cd9968699964b71dbd90efd542b3495c1bf30f6f8fc606f5016e8e3068b300b:1770002380,561251,39223330966352513418907732239455948906399882924787587183466504819170775983376,SELL,0.008,1272.0,10.176,0x1cd9968699964b71dbd90efd542b3495c1bf30f6f8fc606f5016e8e3068b300b,"{""proxyWallet"": ""0x2406792b3849cacd488fbc131d3101a69ee24956"", ""side"": ""SELL"", ""asset"": ""39223330966352513418907732239455948906399882924787587183466504819170775983376"", ""conditionId"": ""0x836b850fc838195374862551a36f1c8691d96ff01e58b0a071f0fc1a0e357fb1"", ""size"": 1272, ""price"": 0.008, ""timestamp"": 1770002380, ""title"": ""Will LeBron James win the 2028 US Presidential Election?"", ""slug"": ""will-lebron-james-win-the-2028-us-presidential-election"", ""icon"": ""https://polymarket-upload.s3.us-east-2.amazonaws.com/Lebron_James.png"", ""eventSlug"": ""presidential-election-winner-2028"", ""outcome"": ""Yes"", ""outcomeIndex"": 0, ""name"": ""DFGfhfghfg"", ""pseudonym"": ""Lovable-Rhinoceros"", ""bio"": """", ""profileImage"": """", ""profileImageOptimized"": """", ""transactionHash"": ""0x1cd9968699964b71dbd90efd542b3495c1bf30f6f8fc606f5016e8e3068b300b""}"
1770002158,2026-02-14T01:58:41.579454,0xa8f5d15b562880bce46b80177ce732e44c51ba51247268c2d720039cead3b4f4:1770002158,561251,39223330966352513418907732239455948906399882924787587183466504819170775983376,SELL,0.008,1219.0,9.752,0xa8f5d15b562880bce46b80177ce732e44c51ba51247268c2d720039cead3b4f4,"{""proxyWallet"": ""0x6286581c4fad9c3845ad99846e96f388c60a6a51"", ""side"": ""SELL"", ""asset"": ""39223330966352513418907732239455948906399882924787587183466504819170775983376"", ""conditionId"": ""0x836b850fc838195374862551a36f1c8691d96ff01e58b0a071f0fc1a0e357fb1"", ""size"": 1219, ""price"": 0.008, ""timestamp"": 1770002158, ""title"": ""Will LeBron James win the 2028 US Presidential Election?"", ""slug"": ""will-lebron-james-win-the-2028-us-presidential-election"", ""icon"": ""https://polymarket-upload.s3.us-east-2.amazonaws.com/Lebron_James.png"", ""eventSlug"": ""presidential-election-winner-2028"", ""outcome"": ""Yes"", ""outcomeIndex"": 0, ""name"": ""jkjkjllpooo"", ""pseudonym"": ""Identical-Everybody"", ""bio"": """", ""profileImage"": """", ""profileImageOptimized"": """", ""transactionHash"": ""0xa8f5d15b562880bce46b80177ce732e44c51ba51247268c2d720039cead3b4f4""}"
1770001924,2026-02-14T01:58:41.579467,0x0ec9f1794170f917e4596e768344a4264e51b0392b483836235f86a8b4caadcf:1770001924,561251,39223330966352513418907732239455948906399882924787587183466504819170775983376,BUY,0.009,3789.0,34.101,0x0ec9f1794170f917e4596e768344a4264e51b0392b483836235f86a8b4caadcf,"{""proxyWallet"": ""0xb02e0e0632e12b806a2f476d84d97c50439c42f5"", ""side"": ""BUY"", ""asset"": ""39223330966352513418907732239455948906399882924787587183466504819170775983376"", ""conditionId"": ""0x836b850fc838195374862551a36f1c8691d96ff01e58b0a071f0fc1a0e357fb1"", ""size"": 3789, ""price"": 0.009, ""timestamp"": 1770001924, ""title"": ""Will LeBron James win the 2028 US Presidential Election?"", ""slug"": ""will-lebron-james-win-the-2028-us-presidential-election"", ""icon"": ""https://polymarket-upload.s3.us-east-2.amazonaws.com/Lebron_James.png"", ""eventSlug"": ""presidential-election-winner-2028"", ""outcome"": ""Yes"", ""outcomeIndex"": 0, ""name"": ""ZKVaultShifter"", ""pseudonym"": ""Untidy-Info"", ""bio"": """", ""profileImage"": """", ""profileImageOptimized"": """", ""transactionHash"": ""0x0ec9f1794170f917e4596e768344a4264e51b0392b483836235f86a8b4caadcf""}"
1770001538,2026-02-14T01:58:41.579481,0x0d4861e0a6ab3b44976090a1217a4040962653d9e283df3db1beb02b15c114be:1770001538,561251,39223330966352513418907732239455948906399882924787587183466504819170775983376,SELL,0.008,2445.75,19.566,0x0d4861e0a6ab3b44976090a1217a4040962653d9e283df3db1beb02b15c114be,"{""proxyWallet"": ""0xa9a324193df0525201977b2c48afa6730fc06c97"", ""side"": ""SELL"", ""asset"": ""39223330966352513418907732239455948906399882924787587183466504819170775983376"", ""conditionId"": ""0x836b850fc838195374862551a36f1c8691d96ff01e58b0a071f0fc1a0e357fb1"", ""size"": 2445.75, ""price"": 0.008, ""timestamp"": 1770001538, ""title"": ""Will LeBron James win the 2028 US Presidential Election?"", ""slug"": ""will-lebron-james-win-the-2028-us-presidential-election"", ""icon"": ""https://polymarket-upload.s3.us-east-2.amazonaws.com/Lebron_James.png"", ""eventSlug"": ""presidential-election-winner-2028"", ""outcome"": ""Yes"", ""outcomeIndex"": 0, ""name"": ""0xA9A324193dF0525201977B2c48afA6730Fc06c97-1769111450158"", ""pseudonym"": ""Austere-Somebody"", ""bio"": """", ""profileImage"": """", ""profileImageOptimized"": """", ""transactionHash"": ""0x0d4861e0a6ab3b44976090a1217a4040962653d9e283df3db1beb02b15c114be""}"
1770001358,2026-02-14T01:58:41.579498,0x627429fde769e658cf301eab4e2dbc7ce5ee14f8f2831c95a2e5ded9b7c9dd1e:1770001358,561251,39223330966352513418907732239455948906399882924787587183466504819170775983376,SELL,0.008,3502.0,28.016000000000002,0x627429fde769e658cf301eab4e2dbc7ce5ee14f8f2831c95a2e5ded9b7c9dd1e,"{""proxyWallet"": ""0x80bd4dcf13de6122f81c169394ea62743156b733"", ""side"": ""SELL"", ""asset"": ""39223330966352513418907732239455948906399882924787587183466504819170775983376"", ""conditionId"": ""0x836b850fc838195374862551a36f1c8691d96ff01e58b0a071f0fc1a0e357fb1"", ""size"": 3502, ""price"": 0.008, ""timestamp"": 1770001358, ""title"": ""Will LeBron James win the 2028 US Presidential Election?"", ""slug"": ""will-lebron-james-win-the-2028-us-presidential-election"", ""icon"": ""https://polymarket-upload.s3.us-east-2.amazonaws.com/Lebron_James.png"", ""eventSlug"": ""presidential-election-winner-2028"", ""outcome"": ""Yes"", ""outcomeIndex"": 0, ""name"": ""SharonH88839"", ""pseudonym"": ""Innocent-Glory"", ""bio"": """", ""profileImage"": """", ""profileImageOptimized"": """", ""transactionHash"": ""0x627429fde769e658cf301eab4e2dbc7ce5ee14f8f2831c95a2e5ded9b7c9dd1e""}"
1770001326,2026-02-14T01:58:41.579511,0x9a380f3804bfe3e53806fdf5b46fcf73758e85cbe0bb98af820942a6c6fc06cb:1770001326,561251,39223330966352513418907732239455948906399882924787587183466504819170775983376,SELL,0.008,3961.0,31.688000000000002,0x9a380f3804bfe3e53806fdf5b46fcf73758e85cbe0bb98af820942a6c6fc06cb,"{""proxyWallet"": ""0x15c3cbfbc7c7af956caa8c9e32a731334e47b700"", ""side"": ""SELL"", ""asset"": ""39223330966352513418907732239455948906399882924787587183466504819170775983376"", ""conditionId"": ""0x836b850fc838195374862551a36f1c8691d96ff01e58b0a071f0fc1a0e357fb1"", ""size"": 3961, ""price"": 0.008, ""timestamp"": 1770001326, ""title"": ""Will LeBron James win the 2028 US Presidential Election?"", ""slug"": ""will-lebron-james-win-the-2028-us-presidential-election"", ""icon"": ""https://polymarket-upload.s3.us-east-2.amazonaws.com/Lebron_James.png"", ""eventSlug"": ""presidential-election-winner-2028"", ""outcome"": ""Yes"", ""outcomeIndex"": 0, ""name"": ""AshleyDixo14774"", ""pseudonym"": ""Glass-Collard"", ""bio"": """", ""profileImage"": """", ""profileImageOptimized"": """", ""transactionHash"": ""0x9a380f3804bfe3e53806fdf5b46fcf73758e85cbe0bb98af820942a6c6fc06cb""}"
1770000652,2026-02-14T01:58:41.579525,0xf5046c63267a39e5b1a564fadd60cd1c2d3cfd8df3b6e9211f3aec4851cafc77:1770000652,561251,39223330966352513418907732239455948906399882924787587183466504819170775983376,SELL,0.008,1365.0,10.92,0xf5046c63267a39e5b1a564fadd60cd1c2d3cfd8df3b6e9211f3aec4851cafc77,"{""proxyWallet"": ""0xfd8373703a087ad11d0e84acf616f844c854c002"", ""side"": ""SELL"", ""asset"": ""39223330966352513418907732239455948906399882924787587183466504819170775983376"", ""conditionId"": ""0x836b850fc838195374862551a36f1c8691d96ff01e58b0a071f0fc1a0e357fb1"", ""size"": 1365, ""price"": 0.008, ""timestamp"": 1770000652, ""title"": ""Will LeBron James win the 2028 US Presidential Election?"", ""slug"": ""will-lebron-james-win-the-2028-us-presidential-election"", ""icon"": ""https://polymarket-upload.s3.us-east-2.amazonaws.com/Lebron_James.png"", ""eventSlug"": ""presidential-election-winner-2028"", ""outcome"": ""Yes"", ""outcomeIndex"": 0, ""name"": ""k1hk1h3k1h3"", ""pseudonym"": ""Vicious-Outhouse"", ""bio"": """", ""profileImage"": """", ""profileImageOptimized"": """", ""transactionHash"": ""0xf5046c63267a39e5b1a564fadd60cd1c2d3cfd8df3b6e9211f3aec4851cafc77""}"
1770000252,2026-02-14T01:58:41.579540,0x5be1d4af029b354704b1ae558ef2721e6937b165220327e49ff49f9477590605:1770000252,561251,39223330966352513418907732239455948906399882924787587183466504819170775983376,SELL,0.008,1208.0,9.664,0x5be1d4af029b354704b1ae558ef2721e6937b165220327e49ff49f9477590605,"{""proxyWallet"": ""0x8aa9193c4d9b5d03d847c0e42f3f265c80ecd1b4"", ""side"": ""SELL"", ""asset"": ""39223330966352513418907732239455948906399882924787587183466504819170775983376"", ""conditionId"": ""0x836b850fc838195374862551a36f1c8691d96ff01e58b0a071f0fc1a0e357fb1"", ""size"": 1208, ""price"": 0.008, ""timestamp"": 1770000252, ""title"": ""Will LeBron James win the 2028 US Presidential Election?"", ""slug"": ""will-lebron-james-win-the-2028-us-presidential-election"", ""icon"": ""https://polymarket-upload.s3.us-east-2.amazonaws.com/Lebron_James.png"", ""eventSlug"": ""presidential-election-winner-2028"", ""outcome"": ""Yes"", ""outcomeIndex"": 0, ""name"": ""r74y89rtyr"", ""pseudonym"": ""Wiry-Shortage"", ""bio"": """", ""profileImage"": """", ""profileImageOptimized"": """", ""transactionHash"": ""0x5be1d4af029b354704b1ae558ef2721e6937b165220327e49ff49f9477590605""}"
1769999876,2026-02-14T01:58:41.579555,0x2ac0ee347fabc8f35fd88ee3ae2fb2454dfbd165da4300efdd1d426f09a16e4a:1769999876,561251,39223330966352513418907732239455948906399882924787587183466504819170775983376,SELL,0.008,1474.0,11.792,0x2ac0ee347fabc8f35fd88ee3ae2fb2454dfbd165da4300efdd1d426f09a16e4a,"{""proxyWallet"": ""0x71894a191a12b51401620b8ea63367ebf4ba39b1"", ""side"": ""SELL"", ""asset"": ""39223330966352513418907732239455948906399882924787587183466504819170775983376"", ""conditionId"": ""0x836b850fc838195374862551a36f1c8691d96ff01e58b0a071f0fc1a0e357fb1"", ""size"": 1474, ""price"": 0.008, ""timestamp"": 1769999876, ""title"": ""Will LeBron James win the 2028 US Presidential Election?"", ""slug"": ""will-lebron-james-win-the-2028-us-presidential-election"", ""icon"": ""https://polymarket-upload.s3.us-east-2.amazonaws.com/Lebron_James.png"", ""eventSlug"": ""presidential-election-winner-2028"", ""outcome"": ""Yes"", ""outcomeIndex"": 0, ""name"": ""fgh56k4gh63k1g"", ""pseudonym"": ""Cold-Shoreline"", ""bio"": """", ""profileImage"": """", ""profileImageOptimized"": """", ""transactionHash"": ""0x2ac0ee347fabc8f35fd88ee3ae2fb2454dfbd165da4300efdd1d426f09a16e4a""}"
1769999600,2026-02-14T01:58:41.579573,0x7790f040cb13f4dbb1b13bd6075ba96e662607e5dd87f669dc3512398e4ab500:1769999600,561251,39223330966352513418907732239455948906399882924787587183466504819170775983376,SELL,0.008,1297.0,10.376,0x7790f040cb13f4dbb1b13bd6075ba96e662607e5dd87f669dc3512398e4ab500,"{""proxyWallet"": ""0x143b674ea7942b3aef0f51f4df7149af33c6b343"", ""side"": ""SELL"", ""asset"": ""39223330966352513418907732239455948906399882924787587183466504819170775983376"", ""conditionId"": ""0x836b850fc838195374862551a36f1c8691d96ff01e58b0a071f0fc1a0e357fb1"", ""size"": 1297, ""price"": 0.008, ""timestamp"": 1769999600, ""title"": ""Will LeBron James win the 2028 US Presidential Election?"", ""slug"": ""will-lebron-james-win-the-2028-us-presidential-election"", ""icon"": ""https://polymarket-upload.s3.us-east-2.amazonaws.com/Lebron_James.png"", ""eventSlug"": ""presidential-election-winner-2028"", ""outcome"": ""Yes"", ""outcomeIndex"": 0, ""name"": ""fhgjfjfghjkhjgdfgertyert"", ""pseudonym"": ""Misty-Hierarchy"", ""bio"": """", ""profileImage"": """", ""profileImageOptimized"": """", ""transactionHash"": ""0x7790f040cb13f4dbb1b13bd6075ba96e662607e5dd87f669dc3512398e4ab500""}"
1769999446,2026-02-14T01:58:41.579586,0x6bc2acc2f6c2ec482de5ed566649424c8059156d4d529ef25b68bdc4fd89b123:1769999446,561251,39223330966352513418907732239455948906399882924787587183466504819170775983376,SELL,0.008,1336.0,10.688,0x6bc2acc2f6c2ec482de5ed566649424c8059156d4d529ef25b68bdc4fd89b123,"{""proxyWallet"": ""0xab26113d0cecda9098967aef270b9758b69fdf60"", ""side"": ""SELL"", ""asset"": ""39223330966352513418907732239455948906399882924787587183466504819170775983376"", ""conditionId"": ""0x836b850fc838195374862551a36f1c8691d96ff01e58b0a071f0fc1a0e357fb1"", ""size"": 1336, ""price"": 0.008, ""timestamp"": 1769999446, ""title"": ""Will LeBron James win the 2028 US Presidential Election?"", ""slug"": ""will-lebron-james-win-the-2028-us-presidential-election"", ""icon"": ""https://polymarket-upload.s3.us-east-2.amazonaws.com/Lebron_James.png"", ""eventSlug"": ""presidential-election-winner-2028"", ""outcome"": ""Yes"", ""outcomeIndex"": 0, ""name"": ""ryrtyrtdghd"", ""pseudonym"": ""Irritating-Cope"", ""bio"": """", ""profileImage"": """", ""profileImageOptimized"": """", ""transactionHash"": ""0x6bc2acc2f6c2ec482de5ed566649424c8059156d4d529ef25b68bdc4fd89b123""}"
1769999204,2026-02-14T01:58:41.579601,0x6812b9c2c68fb493c269cdc221111065a29122f49547ecdeca8d24627fdf2b45:1769999204,561251,39223330966352513418907732239455948906399882924787587183466504819170775983376,SELL,0.008,1509.0,12.072000000000001,0x6812b9c2c68fb493c269cdc221111065a29122f49547ecdeca8d24627fdf2b45,"{""proxyWallet"": ""0x3c728d9c365d6e7c4ac52b79647309b322f318ef"", ""side"": ""SELL"", ""asset"": ""39223330966352513418907732239455948906399882924787587183466504819170775983376"", ""conditionId"": ""0x836b850fc838195374862551a36f1c8691d96ff01e58b0a071f0fc1a0e357fb1"", ""size"": 1509, ""price"": 0.008, ""timestamp"": 1769999204, ""title"": ""Will LeBron James win the 2028 US Presidential Election?"", ""slug"": ""will-lebron-james-win-the-2028-us-presidential-election"", ""icon"": ""https://polymarket-upload.s3.us-east-2.amazonaws.com/Lebron_James.png"", ""eventSlug"": ""presidential-election-winner-2028"", ""outcome"": ""Yes"", ""outcomeIndex"": 0, ""name"": ""trurtfhfh"", ""pseudonym"": ""Amused-Ambiguity"", ""bio"": """", ""profileImage"": """", ""profileImageOptimized"": """", ""transactionHash"": ""0x6812b9c2c68fb493c269cdc221111065a29122f49547ecdeca8d24627fdf2b45""}"
1769998652,2026-02-14T01:58:41.579614,0x47a6afd17f45a36d1e21a54cf58966d264128e6e80c37def130fe5080dbde7dc:1769998652,561251,39223330966352513418907732239455948906399882924787587183466504819170775983376,SELL,0.008,3684.0,29.472,0x47a6afd17f45a36d1e21a54cf58966d264128e6e80c37def130fe5080dbde7dc,"{""proxyWallet"": ""0x6e7a5d4839315a5f19c581966c0185920d9400ff"", ""side"": ""SELL"", ""asset"": ""39223330966352513418907732239455948906399882924787587183466504819170775983376"", ""conditionId"": ""0x836b850fc838195374862551a36f1c8691d96ff01e58b0a071f0fc1a0e357fb1"", ""size"": 3684, ""price"": 0.008, ""timestamp"": 1769998652, ""title"": ""Will LeBron James win the 2028 US Presidential Election?"", ""slug"": ""will-lebron-james-win-the-2028-us-presidential-election"", ""icon"": ""https://polymarket-upload.s3.us-east-2.amazonaws.com/Lebron_James.png"", ""eventSlug"": ""presidential-election-winner-2028"", ""outcome"": ""Yes"", ""outcomeIndex"": 0, ""name"": ""YieldOracle"", ""pseudonym"": ""Puzzling-Taco"", ""bio"": """", ""profileImage"": """", ""profileImageOptimized"": """", ""transactionHash"": ""0x47a6afd17f45a36d1e21a54cf58966d264128e6e80c37def130fe5080dbde7dc""}"
1769998362,2026-02-14T01:58:41.579629,0x0f1f6cd0c58cd25245984e900ea162b8c675957d44e77d9aac13727e1794b7b0:1769998362,561251,39223330966352513418907732239455948906399882924787587183466504819170775983376,BUY,0.009,3821.0,34.388999999999996,0x0f1f6cd0c58cd25245984e900ea162b8c675957d44e77d9aac13727e1794b7b0,"{""proxyWallet"": ""0xdf92c277a469b55577e6d83ff3c346f41e8992e6"", ""side"": ""BUY"", ""asset"": ""39223330966352513418907732239455948906399882924787587183466504819170775983376"", ""conditionId"": ""0x836b850fc838195374862551a36f1c8691d96ff01e58b0a071f0fc1a0e357fb1"", ""size"": 3821, ""price"": 0.009, ""timestamp"": 1769998362, ""title"": ""Will LeBron James win the 2028 US Presidential Election?"", ""slug"": ""will-lebron-james-win-the-2028-us-presidential-election"", ""icon"": ""https://polymarket-upload.s3.us-east-2.amazonaws.com/Lebron_James.png"", ""eventSlug"": ""presidential-election-winner-2028"", ""outcome"": ""Yes"", ""outcomeIndex"": 0, ""name"": ""BlockQuestor"", ""pseudonym"": ""Roasted-Waterfront"", ""bio"": """", ""profileImage"": """", ""profileImageOptimized"": """", ""transactionHash"": ""0x0f1f6cd0c58cd25245984e900ea162b8c675957d44e77d9aac13727e1794b7b0""}"
1769996756,2026-02-14T01:58:42.805208,0xdce746a5967e797942d9cb7cca50bfc046ccc1b634b866b5a30788ff046b3510:1769996756,561251,39223330966352513418907732239455948906399882924787587183466504819170775983376,BUY,0.009,3627.0,32.643,0xdce746a5967e797942d9cb7cca50bfc046ccc1b634b866b5a30788ff046b3510,"{""proxyWallet"": ""0x936e8c8165ec017a3bd4cbe76a4ca8f4a104d021"", ""side"": ""BUY"", ""asset"": ""39223330966352513418907732239455948906399882924787587183466504819170775983376"", ""conditionId"": ""0x836b850fc838195374862551a36f1c8691d96ff01e58b0a071f0fc1a0e357fb1"", ""size"": 3627, ""price"": 0.009, ""timestamp"": 1769996756, ""title"": ""Will LeBron James win the 2028 US Presidential Election?"", ""slug"": ""will-lebron-james-win-the-2028-us-presidential-election"", ""icon"": ""https://polymarket-upload.s3.us-east-2.amazonaws.com/Lebron_James.png"", ""eventSlug"": ""presidential-election-winner-2028"", ""outcome"": ""Yes"", ""outcomeIndex"": 0, ""name"": ""TokenZoraRunner"", ""pseudonym"": ""Infatuated-Lathe"", ""bio"": """", ""profileImage"": """", ""profileImageOptimized"": """", ""transactionHash"": ""0xdce746a5967e797942d9cb7cca50bfc046ccc1b634b866b5a30788ff046b3510""}"
1769996080,2026-02-14T01:58:42.805277,0x71ac4a818b16e1cd548f144750d07d402cac45d928ac8829b4de396f30389e46:1769996080,561251,39223330966352513418907732239455948906399882924787587183466504819170775983376,SELL,0.008,7478.0,59.824,0x71ac4a818b16e1cd548f144750d07d402cac45d928ac8829b4de396f30389e46,"{""proxyWallet"": ""0x2a670f87c73a6e01a0f1935bffe538c1bdc40c1d"", ""side"": ""SELL"", ""asset"": ""39223330966352513418907732239455948906399882924787587183466504819170775983376"", ""conditionId"": ""0x836b850fc838195374862551a36f1c8691d96ff01e58b0a071f0fc1a0e357fb1"", ""size"": 7478, ""price"": 0.008, ""timestamp"": 1769996080, ""title"": ""Will LeBron James win the 2028 US Presidential Election?"", ""slug"": ""will-lebron-james-win-the-2028-us-presidential-election"", ""icon"": ""https://polymarket-upload.s3.us-east-2.amazonaws.com/Lebron_James.png"", ""eventSlug"": ""presidential-election-winner-2028"", ""outcome"": ""Yes"", ""outcomeIndex"": 0, ""name"": ""Emebjii"", ""pseudonym"": ""Livid-Nourishment"", ""bio"": """", ""profileImage"": """", ""profileImageOptimized"": """", ""transactionHash"": ""0x71ac4a818b16e1cd548f144750d07d402cac45d928ac8829b4de396f30389e46""}"
1769995534,2026-02-14T01:58:42.805299,0x03da74f2ad0566c3ba9d9b2fd34773f8c0efb826c5d3d34aef3b5bc96d37b465:1769995534,561251,39223330966352513418907732239455948906399882924787587183466504819170775983376,SELL,0.008,3750.0,30.0,0x03da74f2ad0566c3ba9d9b2fd34773f8c0efb826c5d3d34aef3b5bc96d37b465,"{""proxyWallet"": ""0xe0f07bbe658e2ab94741977d4125cadfc4e02eb6"", ""side"": ""SELL"", ""asset"": ""39223330966352513418907732239455948906399882924787587183466504819170775983376"", ""conditionId"": ""0x836b850fc838195374862551a36f1c8691d96ff01e58b0a071f0fc1a0e357fb1"", ""size"": 3750, ""price"": 0.008, ""timestamp"": 1769995534, ""title"": ""Will LeBron James win the 2028 US Presidential Election?"", ""slug"": ""will-lebron-james-win-the-2028-us-presidential-election"", ""icon"": ""https://polymarket-upload.s3.us-east-2.amazonaws.com/Lebron_James.png"", ""eventSlug"": ""presidential-election-winner-2028"", ""outcome"": ""Yes"", ""outcomeIndex"": 0, ""name"": ""BridgeChainPulse"", ""pseudonym"": ""Terrible-Afternoon"", ""bio"": """", ""profileImage"": """", ""profileImageOptimized"": """", ""transactionHash"": ""0x03da74f2ad0566c3ba9d9b2fd34773f8c0efb826c5d3d34aef3b5bc96d37b465""}"
1769985768,2026-02-14T01:58:42.805318,0xea7a462836bed06cc65aa99b2b7318d749cd731d175ee5e33f644b5c5ba8756d:1769985768,561251,39223330966352513418907732239455948906399882924787587183466504819170775983376,SELL,0.008,288.62,2.30896,0xea7a462836bed06cc65aa99b2b7318d749cd731d175ee5e33f644b5c5ba8756d,"{""proxyWallet"": ""0xa66790e2b0075e73c3781ddaf1d0b875a3aaceb3"", ""side"": ""SELL"", ""asset"": ""39223330966352513418907732239455948906399882924787587183466504819170775983376"", ""conditionId"": ""0x836b850fc838195374862551a36f1c8691d96ff01e58b0a071f0fc1a0e357fb1"", ""size"": 288.62, ""price"": 0.008, ""timestamp"": 1769985768, ""title"": ""Will LeBron James win the 2028 US Presidential Election?"", ""slug"": ""will-lebron-james-win-the-2028-us-presidential-election"", ""icon"": ""https://polymarket-upload.s3.us-east-2.amazonaws.com/Lebron_James.png"", ""eventSlug"": ""presidential-election-winner-2028"", ""outcome"": ""Yes"", ""outcomeIndex"": 0, ""name"": ""Elias.Thornwell"", ""pseudonym"": ""Arctic-Kickoff"", ""bio"": """", ""profileImage"": """", ""profileImageOptimized"": """", ""transactionHash"": ""0xea7a462836bed06cc65aa99b2b7318d749cd731d175ee5e33f644b5c5ba8756d""}"
1769966122,2026-02-14T01:58:42.805337,0x9f9dadcbb897b9dc8f4bf85de517b933f4cd912443c17a8cd2832e82b3aedc43:1769966122,561251,39223330966352513418907732239455948906399882924787587183466504819170775983376,SELL,0.008,150.94,1.20752,0x9f9dadcbb897b9dc8f4bf85de517b933f4cd912443c17a8cd2832e82b3aedc43,"{""proxyWallet"": ""0x7403cbe08f386021b8a1607cbf882f61be515cdc"", ""side"": ""SELL"", ""asset"": ""39223330966352513418907732239455948906399882924787587183466504819170775983376"", ""conditionId"": ""0x836b850fc838195374862551a36f1c8691d96ff01e58b0a071f0fc1a0e357fb1"", ""size"": 150.94, ""price"": 0.008, ""timestamp"": 1769966122, ""title"": ""Will LeBron James win the 2028 US Presidential Election?"", ""slug"": ""will-lebron-james-win-the-2028-us-presidential-election"", ""icon"": ""https://polymarket-upload.s3.us-east-2.amazonaws.com/Lebron_James.png"", ""eventSlug"": ""presidential-election-winner-2028"", ""outcome"": ""Yes"", ""outcomeIndex"": 0, ""name"": """", ""pseudonym"": """", ""bio"": """", ""profileImage"": """", ""profileImageOptimized"": """", ""transactionHash"": ""0x9f9dadcbb897b9dc8f4bf85de517b933f4cd912443c17a8cd2832e82b3aedc43""}"
1769962536,2026-02-14T01:58:42.805357,0xc8ab813d0e20f7d0d15aea7b00722a4a96f9629b26eb245329a2a1981df0b627:1769962536,561251,39223330966352513418907732239455948906399882924787587183466504819170775983376,SELL,0.008,2445.75,19.566,0xc8ab813d0e20f7d0d15aea7b00722a4a96f9629b26eb245329a2a1981df0b627,"{""proxyWallet"": ""0xa9a324193df0525201977b2c48afa6730fc06c97"", ""side"": ""SELL"", ""asset"": ""39223330966352513418907732239455948906399882924787587183466504819170775983376"", ""conditionId"": ""0x836b850fc838195374862551a36f1c8691d96ff01e58b0a071f0fc1a0e357fb1"", ""size"": 2445.75, ""price"": 0.008, ""timestamp"": 1769962536, ""title"": ""Will LeBron James win the 2028 US Presidential Election?"", ""slug"": ""will-lebron-james-win-the-2028-us-presidential-election"", ""icon"": ""https://polymarket-upload.s3.us-east-2.amazonaws.com/Lebron_James.png"", ""eventSlug"": ""presidential-election-winner-2028"", ""outcome"": ""Yes"", ""outcomeIndex"": 0, ""name"": ""0xA9A324193dF0525201977B2c48afA6730Fc06c97-1769111450158"", ""pseudonym"": ""Austere-Somebody"", ""bio"": """", ""profileImage"": """", ""profileImageOptimized"": """", ""transactionHash"": ""0xc8ab813d0e20f7d0d15aea7b00722a4a96f9629b26eb245329a2a1981df0b627""}"
1769961830,2026-02-14T01:58:42.805374,0x6dce09ef1fdbd56b6355bb20f72f1f8e24cc67a2ef493efcd13c8ec7a7fca9f2:1769961830,561251,39223330966352513418907732239455948906399882924787587183466504819170775983376,SELL,0.008,10.0,0.08,0x6dce09ef1fdbd56b6355bb20f72f1f8e24cc67a2ef493efcd13c8ec7a7fca9f2,"{""proxyWallet"": ""0xb0aad58ca1e00ed69b6c1c683ec173d576894b27"", ""side"": ""SELL"", ""asset"": ""39223330966352513418907732239455948906399882924787587183466504819170775983376"", ""conditionId"": ""0x836b850fc838195374862551a36f1c8691d96ff01e58b0a071f0fc1a0e357fb1"", ""size"": 10, ""price"": 0.008, ""timestamp"": 1769961830, ""title"": ""Will LeBron James win the 2028 US Presidential Election?"", ""slug"": ""will-lebron-james-win-the-2028-us-presidential-election"", ""icon"": ""https://polymarket-upload.s3.us-east-2.amazonaws.com/Lebron_James.png"", ""eventSlug"": ""presidential-election-winner-2028"", ""outcome"": ""Yes"", ""outcomeIndex"": 0, ""name"": ""user2561111"", ""pseudonym"": ""Elegant-Prosecution"", ""bio"": """", ""profileImage"": """", ""profileImageOptimized"": """", ""transactionHash"": ""0x6dce09ef1fdbd56b6355bb20f72f1f8e24cc67a2ef493efcd13c8ec7a7fca9f2""}"
1769958410,2026-02-14T01:58:42.805391,0x552988231595f967b66f9049ae18b25f0f290a97c47c3461c66f3e18f771703e:1769958410,561251,39223330966352513418907732239455948906399882924787587183466504819170775983376,SELL,0.008,2489.25,19.914,0x552988231595f967b66f9049ae18b25f0f290a97c47c3461c66f3e18f771703e,"{""proxyWallet"": ""0xe424a7567b890ad8c179237da706849196ca59c8"", ""side"": ""SELL"", ""asset"": ""39223330966352513418907732239455948906399882924787587183466504819170775983376"", ""conditionId"": ""0x836b850fc838195374862551a36f1c8691d96ff01e58b0a071f0fc1a0e357fb1"", ""size"": 2489.25, ""price"": 0.008, ""timestamp"": 1769958410, ""title"": ""Will LeBron James win the 2028 US Presidential Election?"", ""slug"": ""will-lebron-james-win-the-2028-us-presidential-election"", ""icon"": ""https://polymarket-upload.s3.us-east-2.amazonaws.com/Lebron_James.png"", ""eventSlug"": ""presidential-election-winner-2028"", ""outcome"": ""Yes"", ""outcomeIndex"": 0, ""name"": ""0xe424a7567B890Ad8C179237Da706849196Ca59C8-1769114329541"", ""pseudonym"": ""Trifling-Acknowledgment"", ""bio"": """", ""profileImage"": """", ""profileImageOptimized"": """", ""transactionHash"": ""0x552988231595f967b66f9049ae18b25f0f290a97c47c3461c66f3e18f771703e""}"
1769954026,2026-02-14T01:58:42.805415,0x52d2a0273ec122ffc1155b0d4d95b1c396e4a8f60d85582f9f132b25ecb2add4:1769954026,561251,39223330966352513418907732239455948906399882924787587183466504819170775983376,SELL,0.008,1529.71,12.237680000000001,0x52d2a0273ec122ffc1155b0d4d95b1c396e4a8f60d85582f9f132b25ecb2add4,"{""proxyWallet"": ""0x9d84ce0306f8551e02efef1680475fc0f1dc1344"", ""side"": ""SELL"", ""asset"": ""39223330966352513418907732239455948906399882924787587183466504819170775983376"", ""conditionId"": ""0x836b850fc838195374862551a36f1c8691d96ff01e58b0a071f0fc1a0e357fb1"", ""size"": 1529.71, ""price"": 0.008, ""timestamp"": 1769954026, ""title"": ""Will LeBron James win the 2028 US Presidential Election?"", ""slug"": ""will-lebron-james-win-the-2028-us-presidential-election"", ""icon"": ""https://polymarket-upload.s3.us-east-2.amazonaws.com/Lebron_James.png"", ""eventSlug"": ""presidential-election-winner-2028"", ""outcome"": ""Yes"", ""outcomeIndex"": 0, ""name"": ""ImJustKen"", ""pseudonym"": ""Ample-Instance"", ""bio"": """", ""profileImage"": ""https://polymarket-upload.s3.us-east-2.amazonaws.com/profile-image-82662-8ddbc8e8-0500-44b7-bb13-c0b32a40a45d.jpg"", ""profileImageOptimized"": """", ""transactionHash"": ""0x52d2a0273ec122ffc1155b0d4d95b1c396e4a8f60d85582f9f132b25ecb2add4""}"
1769952748,2026-02-14T01:58:42.805435,0x6001431996c3f31394d061854cde5f7fb3fe1ea250e05a678c1f4c2d2e31c603:1769952748,561251,39223330966352513418907732239455948906399882924787587183466504819170775983376,BUY,0.009,382.0,3.4379999999999997,0x6001431996c3f31394d061854cde5f7fb3fe1ea250e05a678c1f4c2d2e31c603,"{""proxyWallet"": ""0x691110e25faed75db4707b301e1dbe37b6d997ff"", ""side"": ""BUY"", ""asset"": ""39223330966352513418907732239455948906399882924787587183466504819170775983376"", ""conditionId"": ""0x836b850fc838195374862551a36f1c8691d96ff01e58b0a071f0fc1a0e357fb1"", ""size"": 382, ""price"": 0.009, ""timestamp"": 1769952748, ""title"": ""Will LeBron James win the 2028 US Presidential Election?"", ""slug"": ""will-lebron-james-win-the-2028-us-presidential-election"", ""icon"": ""https://polymarket-upload.s3.us-east-2.amazonaws.com/Lebron_James.png"", ""eventSlug"": ""presidential-election-winner-2028"", ""outcome"": ""Yes"", ""outcomeIndex"": 0, ""name"": ""turnerlori"", ""pseudonym"": ""Entire-Transition"", ""bio"": """", ""profileImage"": """", ""profileImageOptimized"": """", ""transactionHash"": ""0x6001431996c3f31394d061854cde5f7fb3fe1ea250e05a678c1f4c2d2e31c603""}"
1769951762,2026-02-14T01:58:42.805452,0xb4ca9070a86fc5c22c9ee7b09250dcfd27ef121baa7991a1be05e35ef1604a26:1769951762,561251,39223330966352513418907732239455948906399882924787587183466504819170775983376,SELL,0.008,4978.5,39.828,0xb4ca9070a86fc5c22c9ee7b09250dcfd27ef121baa7991a1be05e35ef1604a26,"{""proxyWallet"": ""0xe424a7567b890ad8c179237da706849196ca59c8"", ""side"": ""SELL"", ""asset"": ""39223330966352513418907732239455948906399882924787587183466504819170775983376"", ""conditionId"": ""0x836b850fc838195374862551a36f1c8691d96ff01e58b0a071f0fc1a0e357fb1"", ""size"": 4978.5, ""price"": 0.008, ""timestamp"": 1769951762, ""title"": ""Will LeBron James win the 2028 US Presidential Election?"", ""slug"": ""will-lebron-james-win-the-2028-us-presidential-election"", ""icon"": ""https://polymarket-upload.s3.us-east-2.amazonaws.com/Lebron_James.png"", ""eventSlug"": ""presidential-election-winner-2028"", ""outcome"": ""Yes"", ""outcomeIndex"": 0, ""name"": ""0xe424a7567B890Ad8C179237Da706849196Ca59C8-1769114329541"", ""pseudonym"": ""Trifling-Acknowledgment"", ""bio"": """", ""profileImage"": """", ""profileImageOptimized"": """", ""transactionHash"": ""0xb4ca9070a86fc5c22c9ee7b09250dcfd27ef121baa7991a1be05e35ef1604a26""}"
1769940142,2026-02-14T01:58:42.805477,0x1374c4c6adb234e191039a7204df919049bcad3acac0e975c2887b3351f7b4e7:1769940142,561251,39223330966352513418907732239455948906399882924787587183466504819170775983376,SELL,0.008,20.0,0.16,0x1374c4c6adb234e191039a7204df919049bcad3acac0e975c2887b3351f7b4e7,"{""proxyWallet"": ""0x5d8c492c9a059c9f85532336591c548eb9bb07e6"", ""side"": ""SELL"", ""asset"": ""39223330966352513418907732239455948906399882924787587183466504819170775983376"", ""conditionId"": ""0x836b850fc838195374862551a36f1c8691d96ff01e58b0a071f0fc1a0e357fb1"", ""size"": 20, ""price"": 0.008, ""timestamp"": 1769940142, ""title"": ""Will LeBron James win the 2028 US Presidential Election?"", ""slug"": ""will-lebron-james-win-the-2028-us-presidential-election"", ""icon"": ""https://polymarket-upload.s3.us-east-2.amazonaws.com/Lebron_James.png"", ""eventSlug"": ""presidential-election-winner-2028"", ""outcome"": ""Yes"", ""outcomeIndex"": 0, ""name"": ""asdfqwefouhasdwv"", ""pseudonym"": ""Chief-Banyan"", ""bio"": """", ""profileImage"": """", ""profileImageOptimized"": """", ""transactionHash"": ""0x1374c4c6adb234e191039a7204df919049bcad3acac0e975c2887b3351f7b4e7""}"
1769936458,2026-02-14T01:58:42.805527,0x07daf66342ca7c8dfe12da13388ab63f84945e1bd20bc8b8b99729968f778e91:1769936458,561251,39223330966352513418907732239455948906399882924787587183466504819170775983376,BUY,0.009,20.0,0.18,0x07daf66342ca7c8dfe12da13388ab63f84945e1bd20bc8b8b99729968f778e91,"{""proxyWallet"": ""0x5d8c492c9a059c9f85532336591c548eb9bb07e6"", ""side"": ""BUY"", ""asset"": ""39223330966352513418907732239455948906399882924787587183466504819170775983376"", ""conditionId"": ""0x836b850fc838195374862551a36f1c8691d96ff01e58b0a071f0fc1a0e357fb1"", ""size"": 20, ""price"": 0.009, ""timestamp"": 1769936458, ""title"": ""Will LeBron James win the 2028 US Presidential Election?"", ""slug"": ""will-lebron-james-win-the-2028-us-presidential-election"", ""icon"": ""https://polymarket-upload.s3.us-east-2.amazonaws.com/Lebron_James.png"", ""eventSlug"": ""presidential-election-winner-2028"", ""outcome"": ""Yes"", ""outcomeIndex"": 0, ""name"": ""asdfqwefouhasdwv"", ""pseudonym"": ""Chief-Banyan"", ""bio"": """", ""profileImage"": """", ""profileImageOptimized"": """", ""transactionHash"": ""0x07daf66342ca7c8dfe12da13388ab63f84945e1bd20bc8b8b99729968f778e91""}"
1769936286,2026-02-14T01:58:42.805544,0x99e590d06db8f32c4bd9d9e3f1a4480b5ba2be04c1d5b24dd38c3653199a57cc:1769936286,561251,39223330966352513418907732239455948906399882924787587183466504819170775983376,SELL,0.008,3286.66,26.29328,0x99e590d06db8f32c4bd9d9e3f1a4480b5ba2be04c1d5b24dd38c3653199a57cc,"{""proxyWallet"": ""0x6b63db5c9d813c054dc80d96adf653dd5371ae98"", ""side"": ""SELL"", ""asset"": ""39223330966352513418907732239455948906399882924787587183466504819170775983376"", ""conditionId"": ""0x836b850fc838195374862551a36f1c8691d96ff01e58b0a071f0fc1a0e357fb1"", ""size"": 3286.66, ""price"": 0.008, ""timestamp"": 1769936286, ""title"": ""Will LeBron James win the 2028 US Presidential Election?"", ""slug"": ""will-lebron-james-win-the-2028-us-presidential-election"", ""icon"": ""https://polymarket-upload.s3.us-east-2.amazonaws.com/Lebron_James.png"", ""eventSlug"": ""presidential-election-winner-2028"", ""outcome"": ""Yes"", ""outcomeIndex"": 0, ""name"": ""lindama"", ""pseudonym"": ""Lumpy-Drink"", ""bio"": """", ""profileImage"": """", ""profileImageOptimized"": """", ""transactionHash"": ""0x99e590d06db8f32c4bd9d9e3f1a4480b5ba2be04c1d5b24dd38c3653199a57cc""}"
1769929786,2026-02-14T01:58:42.805568,0x654d876a5775ba508d7bad975d67704e4c501018446db93bf28f8074cfe5d218:1769929786,561251,39223330966352513418907732239455948906399882924787587183466504819170775983376,SELL,0.008,4515.49,36.12392,0x654d876a5775ba508d7bad975d67704e4c501018446db93bf28f8074cfe5d218,"{""proxyWallet"": ""0xb50c33f36000413e9ab011dea29eacd8550a46c7"", ""side"": ""SELL"", ""asset"": ""39223330966352513418907732239455948906399882924787587183466504819170775983376"", ""conditionId"": ""0x836b850fc838195374862551a36f1c8691d96ff01e58b0a071f0fc1a0e357fb1"", ""size"": 4515.49, ""price"": 0.008, ""timestamp"": 1769929786, ""title"": ""Will LeBron James win the 2028 US Presidential Election?"", ""slug"": ""will-lebron-james-win-the-2028-us-presidential-election"", ""icon"": ""https://polymarket-upload.s3.us-east-2.amazonaws.com/Lebron_James.png"", ""eventSlug"": ""presidential-election-winner-2028"", ""outcome"": ""Yes"", ""outcomeIndex"": 0, ""name"": ""0xb50c33F36000413e9ab011dEa29eaCD8550A46C7-1768499214788"", ""pseudonym"": ""Pricey-Composition"", ""bio"": """", ""profileImage"": """", ""profileImageOptimized"": """", ""transactionHash"": ""0x654d876a5775ba508d7bad975d67704e4c501018446db93bf28f8074cfe5d218""}"
1769928340,2026-02-14T01:58:42.805586,0x954d91e56588cec3874788b520a135254710cf9b67aa09229db9554520f4f094:1769928340,561251,39223330966352513418907732239455948906399882924787587183466504819170775983376,BUY,0.009,230.0,2.07,0x954d91e56588cec3874788b520a135254710cf9b67aa09229db9554520f4f094,"{""proxyWallet"": ""0x8e2911a2727ae87ed08af65a134992ce87c48a71"", ""side"": ""BUY"", ""asset"": ""39223330966352513418907732239455948906399882924787587183466504819170775983376"", ""conditionId"": ""0x836b850fc838195374862551a36f1c8691d96ff01e58b0a071f0fc1a0e357fb1"", ""size"": 230, ""price"": 0.009, ""timestamp"": 1769928340, ""title"": ""Will LeBron James win the 2028 US Presidential Election?"", ""slug"": ""will-lebron-james-win-the-2028-us-presidential-election"", ""icon"": ""https://polymarket-upload.s3.us-east-2.amazonaws.com/Lebron_James.png"", ""eventSlug"": ""presidential-election-winner-2028"", ""outcome"": ""Yes"", ""outcomeIndex"": 0, ""name"": ""heidi36"", ""pseudonym"": ""Artistic-Stack"", ""bio"": """", ""profileImage"": """", ""profileImageOptimized"": """", ""transactionHash"": ""0x954d91e56588cec3874788b520a135254710cf9b67aa09229db9554520f4f094""}"
1769927416,2026-02-14T01:58:42.805603,0x58fc2e3986fd83468802cb2b32e1435e2a84905459e2df7c71c7b6110afd30fc:1769927416,561251,39223330966352513418907732239455948906399882924787587183466504819170775983376,SELL,0.008,45.41,0.36328,0x58fc2e3986fd83468802cb2b32e1435e2a84905459e2df7c71c7b6110afd30fc,"{""proxyWallet"": ""0x3955f21c21bc0ad6089b184151c243043a6f74ca"", ""side"": ""SELL"", ""asset"": ""39223330966352513418907732239455948906399882924787587183466504819170775983376"", ""conditionId"": ""0x836b850fc838195374862551a36f1c8691d96ff01e58b0a071f0fc1a0e357fb1"", ""size"": 45.41, ""price"": 0.008, ""timestamp"": 1769927416, ""title"": ""Will LeBron James win the 2028 US Presidential Election?"", ""slug"": ""will-lebron-james-win-the-2028-us-presidential-election"", ""icon"": ""https://polymarket-upload.s3.us-east-2.amazonaws.com/Lebron_James.png"", ""eventSlug"": ""presidential-election-winner-2028"", ""outcome"": ""Yes"", ""outcomeIndex"": 0, ""name"": """", ""pseudonym"": """", ""bio"": """", ""profileImage"": """", ""profileImageOptimized"": """", ""transactionHash"": ""0x58fc2e3986fd83468802cb2b32e1435e2a84905459e2df7c71c7b6110afd30fc""}"
1769927100,2026-02-14T01:58:42.805619,0x366d03753a8136bf03f55c903706188b3dd0ac98e8cf57040b2c568ef5fc143a:1769927100,561251,39223330966352513418907732239455948906399882924787587183466504819170775983376,BUY,0.009,3946.99,35.522909999999996,0x366d03753a8136bf03f55c903706188b3dd0ac98e8cf57040b2c568ef5fc143a,"{""proxyWallet"": ""0xbfa0c0e1af34ce529d3373c10da4bfd099a9a5b6"", ""side"": ""BUY"", ""asset"": ""39223330966352513418907732239455948906399882924787587183466504819170775983376"", ""conditionId"": ""0x836b850fc838195374862551a36f1c8691d96ff01e58b0a071f0fc1a0e357fb1"", ""size"": 3946.99, ""price"": 0.009, ""timestamp"": 1769927100, ""title"": ""Will LeBron James win the 2028 US Presidential Election?"", ""slug"": ""will-lebron-james-win-the-2028-us-presidential-election"", ""icon"": ""https://polymarket-upload.s3.us-east-2.amazonaws.com/Lebron_James.png"", ""eventSlug"": ""presidential-election-winner-2028"", ""outcome"": ""Yes"", ""outcomeIndex"": 0, ""name"": ""CrimsonFireWing"", ""pseudonym"": ""Yearly-Quantity"", ""bio"": """", ""profileImage"": """", ""profileImageOptimized"": """", ""transactionHash"": ""0x366d03753a8136bf03f55c903706188b3dd0ac98e8cf57040b2c568ef5fc143a""}"
1769926418,2026-02-14T01:58:42.805635,0x48741f5a50709908adc9257edee879f0c6bf346765d925b08488912b548cca68:1769926418,561251,39223330966352513418907732239455948906399882924787587183466504819170775983376,SELL,0.008,106.25,0.85,0x48741f5a50709908adc9257edee879f0c6bf346765d925b08488912b548cca68,"{""proxyWallet"": ""0x3955f21c21bc0ad6089b184151c243043a6f74ca"", ""side"": ""SELL"", ""asset"": ""39223330966352513418907732239455948906399882924787587183466504819170775983376"", ""conditionId"": ""0x836b850fc838195374862551a36f1c8691d96ff01e58b0a071f0fc1a0e357fb1"", ""size"": 106.25, ""price"": 0.008, ""timestamp"": 1769926418, ""title"": ""Will LeBron James win the 2028 US Presidential Election?"", ""slug"": ""will-lebron-james-win-the-2028-us-presidential-election"", ""icon"": ""https://polymarket-upload.s3.us-east-2.amazonaws.com/Lebron_James.png"", ""eventSlug"": ""presidential-election-winner-2028"", ""outcome"": ""Yes"", ""outcomeIndex"": 0, ""name"": """", ""pseudonym"": """", ""bio"": """", ""profileImage"": """", ""profileImageOptimized"": """", ""transactionHash"": ""0x48741f5a50709908adc9257edee879f0c6bf346765d925b08488912b548cca68""}"
1769926410,2026-02-14T01:58:42.805651,0x679ad14700755aecb3b35a79e9be033e05abe765d61aa1dc72f8c5ddf5890b3e:1769926410,561251,39223330966352513418907732239455948906399882924787587183466504819170775983376,BUY,0.009,3670.38,33.03342,0x679ad14700755aecb3b35a79e9be033e05abe765d61aa1dc72f8c5ddf5890b3e,"{""proxyWallet"": ""0x8607f5a3baa26546a0de9cd26a6417d6072a7891"", ""side"": ""BUY"", ""asset"": ""39223330966352513418907732239455948906399882924787587183466504819170775983376"", ""conditionId"": ""0x836b850fc838195374862551a36f1c8691d96ff01e58b0a071f0fc1a0e357fb1"", ""size"": 3670.38, ""price"": 0.009, ""timestamp"": 1769926410, ""title"": ""Will LeBron James win the 2028 US Presidential Election?"", ""slug"": ""will-lebron-james-win-the-2028-us-presidential-election"", ""icon"": ""https://polymarket-upload.s3.us-east-2.amazonaws.com/Lebron_James.png"", ""eventSlug"": ""presidential-election-winner-2028"", ""outcome"": ""Yes"", ""outcomeIndex"": 0, ""name"": ""Johnwxtize"", ""pseudonym"": ""Little-Guilty"", ""bio"": """", ""profileImage"": """", ""profileImageOptimized"": """", ""transactionHash"": ""0x679ad14700755aecb3b35a79e9be033e05abe765d61aa1dc72f8c5ddf5890b3e""}"
1769926252,2026-02-14T01:58:42.805668,0x26c339d7374d7a42eaf574316ba5827378336a05e83fbba6043a0ccba7e2bb03:1769926252,561251,39223330966352513418907732239455948906399882924787587183466504819170775983376,BUY,0.009,10.0,0.09,0x26c339d7374d7a42eaf574316ba5827378336a05e83fbba6043a0ccba7e2bb03,"{""proxyWallet"": ""0xb0aad58ca1e00ed69b6c1c683ec173d576894b27"", ""side"": ""BUY"", ""asset"": ""39223330966352513418907732239455948906399882924787587183466504819170775983376"", ""conditionId"": ""0x836b850fc838195374862551a36f1c8691d96ff01e58b0a071f0fc1a0e357fb1"", ""size"": 10, ""price"": 0.009, ""timestamp"": 1769926252, ""title"": ""Will LeBron James win the 2028 US Presidential Election?"", ""slug"": ""will-lebron-james-win-the-2028-us-presidential-election"", ""icon"": ""https://polymarket-upload.s3.us-east-2.amazonaws.com/Lebron_James.png"", ""eventSlug"": ""presidential-election-winner-2028"", ""outcome"": ""Yes"", ""outcomeIndex"": 0, ""name"": ""user2561111"", ""pseudonym"": ""Elegant-Prosecution"", ""bio"": """", ""profileImage"": """", ""profileImageOptimized"": """", ""transactionHash"": ""0x26c339d7374d7a42eaf574316ba5827378336a05e83fbba6043a0ccba7e2bb03""}"
1769925488,2026-02-14T01:58:42.805684,0x89e816b842692ca99d22df2afc91bbdfe1eede60d3f6aa06b65d66e36a079989:1769925488,561251,39223330966352513418907732239455948906399882924787587183466504819170775983376,SELL,0.008,3625.92,29.007360000000002,0x89e816b842692ca99d22df2afc91bbdfe1eede60d3f6aa06b65d66e36a079989,"{""proxyWallet"": ""0x31f2ca99f5d72ee0b7baefa95ec6623177bec98a"", ""side"": ""SELL"", ""asset"": ""39223330966352513418907732239455948906399882924787587183466504819170775983376"", ""conditionId"": ""0x836b850fc838195374862551a36f1c8691d96ff01e58b0a071f0fc1a0e357fb1"", ""size"": 3625.92, ""price"": 0.008, ""timestamp"": 1769925488, ""title"": ""Will LeBron James win the 2028 US Presidential Election?"", ""slug"": ""will-lebron-james-win-the-2028-us-presidential-election"", ""icon"": ""https://polymarket-upload.s3.us-east-2.amazonaws.com/Lebron_James.png"", ""eventSlug"": ""presidential-election-winner-2028"", ""outcome"": ""Yes"", ""outcomeIndex"": 0, ""name"": ""Rzryltloberts"", ""pseudonym"": ""Zigzag-Entirety"", ""bio"": """", ""profileImage"": """", ""profileImageOptimized"": """", ""transactionHash"": ""0x89e816b842692ca99d22df2afc91bbdfe1eede60d3f6aa06b65d66e36a079989""}"
1769924606,2026-02-14T01:58:42.805700,0x42decb2db6d92470ff1adc25bcf1fb126947056bc8d9a184827d98bf0f9b526c:1769924606,561251,39223330966352513418907732239455948906399882924787587183466504819170775983376,BUY,0.009,1106.0,9.953999999999999,0x42decb2db6d92470ff1adc25bcf1fb126947056bc8d9a184827d98bf0f9b526c,"{""proxyWallet"": ""0xa6771783bde8f446b3b01746bffcf7d595b1b886"", ""side"": ""BUY"", ""asset"": ""39223330966352513418907732239455948906399882924787587183466504819170775983376"", ""conditionId"": ""0x836b850fc838195374862551a36f1c8691d96ff01e58b0a071f0fc1a0e357fb1"", ""size"": 1106, ""price"": 0.009, ""timestamp"": 1769924606, ""title"": ""Will LeBron James win the 2028 US Presidential Election?"", ""slug"": ""will-lebron-james-win-the-2028-us-presidential-election"", ""icon"": ""https://polymarket-upload.s3.us-east-2.amazonaws.com/Lebron_James.png"", ""eventSlug"": ""presidential-election-winner-2028"", ""outcome"": ""Yes"", ""outcomeIndex"": 0, ""name"": ""sdgdfgpll"", ""pseudonym"": ""Informal-Fraud"", ""bio"": """", ""profileImage"": """", ""profileImageOptimized"": """", ""transactionHash"": ""0x42decb2db6d92470ff1adc25bcf1fb126947056bc8d9a184827d98bf0f9b526c""}"
1769924560,2026-02-14T01:58:42.805715,0xd11b5a12c82cf64d1fa0e10804e0be2195ee91933031fbdd66a16862192bd285:1769924560,561251,39223330966352513418907732239455948906399882924787587183466504819170775983376,SELL,0.008,106.25,0.85,0xd11b5a12c82cf64d1fa0e10804e0be2195ee91933031fbdd66a16862192bd285,"{""proxyWallet"": ""0x3955f21c21bc0ad6089b184151c243043a6f74ca"", ""side"": ""SELL"", ""asset"": ""39223330966352513418907732239455948906399882924787587183466504819170775983376"", ""conditionId"": ""0x836b850fc838195374862551a36f1c8691d96ff01e58b0a071f0fc1a0e357fb1"", ""size"": 106.25, ""price"": 0.008, ""timestamp"": 1769924560, ""title"": ""Will LeBron James win the 2028 US Presidential Election?"", ""slug"": ""will-lebron-james-win-the-2028-us-presidential-election"", ""icon"": ""https://polymarket-upload.s3.us-east-2.amazonaws.com/Lebron_James.png"", ""eventSlug"": ""presidential-election-winner-2028"", ""outcome"": ""Yes"", ""outcomeIndex"": 0, ""name"": """", ""pseudonym"": """", ""bio"": """", ""profileImage"": """", ""profileImageOptimized"": """", ""transactionHash"": ""0xd11b5a12c82cf64d1fa0e10804e0be2195ee91933031fbdd66a16862192bd285""}"
1769924548,2026-02-14T01:58:42.805731,0x717f2417bb9d46e19c3adb8c69f55a64e7d7a7e075698504d6cfc8ad5af7657b:1769924548,561251,39223330966352513418907732239455948906399882924787587183466504819170775983376,BUY,0.0090000000009,5555.555555,50.0,0x717f2417bb9d46e19c3adb8c69f55a64e7d7a7e075698504d6cfc8ad5af7657b,"{""proxyWallet"": ""0x3955f21c21bc0ad6089b184151c243043a6f74ca"", ""side"": ""BUY"", ""asset"": ""39223330966352513418907732239455948906399882924787587183466504819170775983376"", ""conditionId"": ""0x836b850fc838195374862551a36f1c8691d96ff01e58b0a071f0fc1a0e357fb1"", ""size"": 5555.555555, ""price"": 0.0090000000009, ""timestamp"": 1769924548, ""title"": ""Will LeBron James win the 2028 US Presidential Election?"", ""slug"": ""will-lebron-james-win-the-2028-us-presidential-election"", ""icon"": ""https://polymarket-upload.s3.us-east-2.amazonaws.com/Lebron_James.png"", ""eventSlug"": ""presidential-election-winner-2028"", ""outcome"": ""Yes"", ""outcomeIndex"": 0, ""name"": """", ""pseudonym"": """", ""bio"": """", ""profileImage"": """", ""profileImageOptimized"": """", ""transactionHash"": ""0x717f2417bb9d46e19c3adb8c69f55a64e7d7a7e075698504d6cfc8ad5af7657b""}"
1769924538,2026-02-14T01:58:42.805758,0x8abe0d346621e57da1d599804bbd4361614786fc759364dc5dee5addd123c8ae:1769924538,561251,39223330966352513418907732239455948906399882924787587183466504819170775983376,SELL,0.008,5502.44,44.01952,0x8abe0d346621e57da1d599804bbd4361614786fc759364dc5dee5addd123c8ae,"{""proxyWallet"": ""0x3955f21c21bc0ad6089b184151c243043a6f74ca"", ""side"": ""SELL"", ""asset"": ""39223330966352513418907732239455948906399882924787587183466504819170775983376"", ""conditionId"": ""0x836b850fc838195374862551a36f1c8691d96ff01e58b0a071f0fc1a0e357fb1"", ""size"": 5502.44, ""price"": 0.008, ""timestamp"": 1769924538, ""title"": ""Will LeBron James win the 2028 US Presidential Election?"", ""slug"": ""will-lebron-james-win-the-2028-us-presidential-election"", ""icon"": ""https://polymarket-upload.s3.us-east-2.amazonaws.com/Lebron_James.png"", ""eventSlug"": ""presidential-election-winner-2028"", ""outcome"": ""Yes"", ""outcomeIndex"": 0, ""name"": """", ""pseudonym"": """", ""bio"": """", ""profileImage"": """", ""profileImageOptimized"": """", ""transactionHash"": ""0x8abe0d346621e57da1d599804bbd4361614786fc759364dc5dee5addd123c8ae""}"
1769924490,2026-02-14T01:58:42.805774,0x90eb29cb9e837d634ae68e1aadaf079dd7a941b790d653102f5972ce5ff7ab55:1769924490,561251,39223330966352513418907732239455948906399882924787587183466504819170775983376,SELL,0.008,53.12,0.42496,0x90eb29cb9e837d634ae68e1aadaf079dd7a941b790d653102f5972ce5ff7ab55,"{""proxyWallet"": ""0x3955f21c21bc0ad6089b184151c243043a6f74ca"", ""side"": ""SELL"", ""asset"": ""39223330966352513418907732239455948906399882924787587183466504819170775983376"", ""conditionId"": ""0x836b850fc838195374862551a36f1c8691d96ff01e58b0a071f0fc1a0e357fb1"", ""size"": 53.12, ""price"": 0.008, ""timestamp"": 1769924490, ""title"": ""Will LeBron James win the 2028 US Presidential Election?"", ""slug"": ""will-lebron-james-win-the-2028-us-presidential-election"", ""icon"": ""https://polymarket-upload.s3.us-east-2.amazonaws.com/Lebron_James.png"", ""eventSlug"": ""presidential-election-winner-2028"", ""outcome"": ""Yes"", ""outcomeIndex"": 0, ""name"": """", ""pseudonym"": """", ""bio"": """", ""profileImage"": """", ""profileImageOptimized"": """", ""transactionHash"": ""0x90eb29cb9e837d634ae68e1aadaf079dd7a941b790d653102f5972ce5ff7ab55""}"
1769924478,2026-02-14T01:58:42.805798,0x8365abca8ac56c4cd50117d71ed8763d513d7533d4ab9e678f2430802a663672:1769924478,561251,39223330966352513418907732239455948906399882924787587183466504819170775983376,BUY,0.0090000000009,5555.555555,50.0,0x8365abca8ac56c4cd50117d71ed8763d513d7533d4ab9e678f2430802a663672,"{""proxyWallet"": ""0x3955f21c21bc0ad6089b184151c243043a6f74ca"", ""side"": ""BUY"", ""asset"": ""39223330966352513418907732239455948906399882924787587183466504819170775983376"", ""conditionId"": ""0x836b850fc838195374862551a36f1c8691d96ff01e58b0a071f0fc1a0e357fb1"", ""size"": 5555.555555, ""price"": 0.0090000000009, ""timestamp"": 1769924478, ""title"": ""Will LeBron James win the 2028 US Presidential Election?"", ""slug"": ""will-lebron-james-win-the-2028-us-presidential-election"", ""icon"": ""https://polymarket-upload.s3.us-east-2.amazonaws.com/Lebron_James.png"", ""eventSlug"": ""presidential-election-winner-2028"", ""outcome"": ""Yes"", ""outcomeIndex"": 0, ""name"": """", ""pseudonym"": """", ""bio"": """", ""profileImage"": """", ""profileImageOptimized"": """", ""transactionHash"": ""0x8365abca8ac56c4cd50117d71ed8763d513d7533d4ab9e678f2430802a663672""}"
1769924464,2026-02-14T01:58:42.805816,0x19df898c59006be9cce61cd61f00b153b88a1b968bacee2586b48cca7bc82b0a:1769924464,561251,39223330966352513418907732239455948906399882924787587183466504819170775983376,SELL,0.008,16082.3,128.6584,0x19df898c59006be9cce61cd61f00b153b88a1b968bacee2586b48cca7bc82b0a,"{""proxyWallet"": ""0x3955f21c21bc0ad6089b184151c243043a6f74ca"", ""side"": ""SELL"", ""asset"": ""39223330966352513418907732239455948906399882924787587183466504819170775983376"", ""conditionId"": ""0x836b850fc838195374862551a36f1c8691d96ff01e58b0a071f0fc1a0e357fb1"", ""size"": 16082.3, ""price"": 0.008, ""timestamp"": 1769924464, ""title"": ""Will LeBron James win the 2028 US Presidential Election?"", ""slug"": ""will-lebron-james-win-the-2028-us-presidential-election"", ""icon"": ""https://polymarket-upload.s3.us-east-2.amazonaws.com/Lebron_James.png"", ""eventSlug"": ""presidential-election-winner-2028"", ""outcome"": ""Yes"", ""outcomeIndex"": 0, ""name"": """", ""pseudonym"": """", ""bio"": """", ""profileImage"": """", ""profileImageOptimized"": """", ""transactionHash"": ""0x19df898c59006be9cce61cd61f00b153b88a1b968bacee2586b48cca7bc82b0a""}"
1769924452,2026-02-14T01:58:42.805834,0x6c723e0f9803f7b4379f46db37a5c25c327cc58ec4556bf3357fd8690c1752d4:1769924452,561251,39223330966352513418907732239455948906399882924787587183466504819170775983376,BUY,0.009,3862.0,34.757999999999996,0x6c723e0f9803f7b4379f46db37a5c25c327cc58ec4556bf3357fd8690c1752d4,"{""proxyWallet"": ""0x6a95d35049d867c88e9d68de899d442ed7902c15"", ""side"": ""BUY"", ""asset"": ""39223330966352513418907732239455948906399882924787587183466504819170775983376"", ""conditionId"": ""0x836b850fc838195374862551a36f1c8691d96ff01e58b0a071f0fc1a0e357fb1"", ""size"": 3862, ""price"": 0.009, ""timestamp"": 1769924452, ""title"": ""Will LeBron James win the 2028 US Presidential Election?"", ""slug"": ""will-lebron-james-win-the-2028-us-presidential-election"", ""icon"": ""https://polymarket-upload.s3.us-east-2.amazonaws.com/Lebron_James.png"", ""eventSlug"": ""presidential-election-winner-2028"", ""outcome"": ""Yes"", ""outcomeIndex"": 0, ""name"": ""StakeSpecterVault"", ""pseudonym"": ""Supportive-Destroyer"", ""bio"": """", ""profileImage"": """", ""profileImageOptimized"": """", ""transactionHash"": ""0x6c723e0f9803f7b4379f46db37a5c25c327cc58ec4556bf3357fd8690c1752d4""}"
1769924402,2026-02-14T01:58:42.805856,0x181db0543eee757b14263c093f8f5a313a5a7aa4220a8e1c545c12dd6f3f5ce5:1769924402,561251,39223330966352513418907732239455948906399882924787587183466504819170775983376,BUY,0.009,1564.0,14.075999999999999,0x181db0543eee757b14263c093f8f5a313a5a7aa4220a8e1c545c12dd6f3f5ce5,"{""proxyWallet"": ""0xef7e5253b49aafc2e8c8472cdf0797838fe85362"", ""side"": ""BUY"", ""asset"": ""39223330966352513418907732239455948906399882924787587183466504819170775983376"", ""conditionId"": ""0x836b850fc838195374862551a36f1c8691d96ff01e58b0a071f0fc1a0e357fb1"", ""size"": 1564, ""price"": 0.009, ""timestamp"": 1769924402, ""title"": ""Will LeBron James win the 2028 US Presidential Election?"", ""slug"": ""will-lebron-james-win-the-2028-us-presidential-election"", ""icon"": ""https://polymarket-upload.s3.us-east-2.amazonaws.com/Lebron_James.png"", ""eventSlug"": ""presidential-election-winner-2028"", ""outcome"": ""Yes"", ""outcomeIndex"": 0, ""name"": ""dfgdfghdfhf"", ""pseudonym"": ""Chubby-Cave"", ""bio"": """", ""profileImage"": """", ""profileImageOptimized"": """", ""transactionHash"": ""0x181db0543eee757b14263c093f8f5a313a5a7aa4220a8e1c545c12dd6f3f5ce5""}"
1769923970,2026-02-14T01:58:42.805872,0x09b69463c5a902cb21a29245b30dec67e899d013dec20d6356bc189b3b97efe5:1769923970,561251,39223330966352513418907732239455948906399882924787587183466504819170775983376,BUY,0.009,1162.0,10.457999999999998,0x09b69463c5a902cb21a29245b30dec67e899d013dec20d6356bc189b3b97efe5,"{""proxyWallet"": ""0x0bf8ea4b06bef4e28605678fa93d26925e0262fb"", ""side"": ""BUY"", ""asset"": ""39223330966352513418907732239455948906399882924787587183466504819170775983376"", ""conditionId"": ""0x836b850fc838195374862551a36f1c8691d96ff01e58b0a071f0fc1a0e357fb1"", ""size"": 1162, ""price"": 0.009, ""timestamp"": 1769923970, ""title"": ""Will LeBron James win the 2028 US Presidential Election?"", ""slug"": ""will-lebron-james-win-the-2028-us-presidential-election"", ""icon"": ""https://polymarket-upload.s3.us-east-2.amazonaws.com/Lebron_James.png"", ""eventSlug"": ""presidential-election-winner-2028"", ""outcome"": ""Yes"", ""outcomeIndex"": 0, ""name"": ""sderryttyty"", ""pseudonym"": ""Putrid-Gaffer"", ""bio"": """", ""profileImage"": """", ""profileImageOptimized"": """", ""transactionHash"": ""0x09b69463c5a902cb21a29245b30dec67e899d013dec20d6356bc189b3b97efe5""}"
1769923736,2026-02-14T01:58:42.805892,0xdb1479a0e0018cbc6537dcd0f9b588436a4ffb3bbc18629f5fbe8504afa06bc0:1769923736,561251,39223330966352513418907732239455948906399882924787587183466504819170775983376,BUY,0.009,1272.0,11.447999999999999,0xdb1479a0e0018cbc6537dcd0f9b588436a4ffb3bbc18629f5fbe8504afa06bc0,"{""proxyWallet"": ""0x2406792b3849cacd488fbc131d3101a69ee24956"", ""side"": ""BUY"", ""asset"": ""39223330966352513418907732239455948906399882924787587183466504819170775983376"", ""conditionId"": ""0x836b850fc838195374862551a36f1c8691d96ff01e58b0a071f0fc1a0e357fb1"", ""size"": 1272, ""price"": 0.009, ""timestamp"": 1769923736, ""title"": ""Will LeBron James win the 2028 US Presidential Election?"", ""slug"": ""will-lebron-james-win-the-2028-us-presidential-election"", ""icon"": ""https://polymarket-upload.s3.us-east-2.amazonaws.com/Lebron_James.png"", ""eventSlug"": ""presidential-election-winner-2028"", ""outcome"": ""Yes"", ""outcomeIndex"": 0, ""name"": ""DFGfhfghfg"", ""pseudonym"": ""Lovable-Rhinoceros"", ""bio"": """", ""profileImage"": """", ""profileImageOptimized"": """", ""transactionHash"": ""0xdb1479a0e0018cbc6537dcd0f9b588436a4ffb3bbc18629f5fbe8504afa06bc0""}"
1769923518,2026-02-14T01:58:42.805907,0x1f285ac425a778c532e9ee629256309327222c100d204e13998a1c9974aee5f3:1769923518,561251,39223330966352513418907732239455948906399882924787587183466504819170775983376,SELL,0.008,3644.0,29.152,0x1f285ac425a778c532e9ee629256309327222c100d204e13998a1c9974aee5f3,"{""proxyWallet"": ""0xa20cbffbc10c76da728d799f2c136a6f2dd047e9"", ""side"": ""SELL"", ""asset"": ""39223330966352513418907732239455948906399882924787587183466504819170775983376"", ""conditionId"": ""0x836b850fc838195374862551a36f1c8691d96ff01e58b0a071f0fc1a0e357fb1"", ""size"": 3644, ""price"": 0.008, ""timestamp"": 1769923518, ""title"": ""Will LeBron James win the 2028 US Presidential Election?"", ""slug"": ""will-lebron-james-win-the-2028-us-presidential-election"", ""icon"": ""https://polymarket-upload.s3.us-east-2.amazonaws.com/Lebron_James.png"", ""eventSlug"": ""presidential-election-winner-2028"", ""outcome"": ""Yes"", ""outcomeIndex"": 0, ""name"": ""Sarplinxitha"", ""pseudonym"": ""Inferior-Oil"", ""bio"": """", ""profileImage"": """", ""profileImageOptimized"": """", ""transactionHash"": ""0x1f285ac425a778c532e9ee629256309327222c100d204e13998a1c9974aee5f3""}"
1769923422,2026-02-14T01:58:42.805923,0xb1deaec18a7f2ca4e710978b23737212fb72bc82ca6710a9404bfe97252ea53d:1769923422,561251,39223330966352513418907732239455948906399882924787587183466504819170775983376,BUY,0.009,3684.0,33.156,0xb1deaec18a7f2ca4e710978b23737212fb72bc82ca6710a9404bfe97252ea53d,"{""proxyWallet"": ""0x6e7a5d4839315a5f19c581966c0185920d9400ff"", ""side"": ""BUY"", ""asset"": ""39223330966352513418907732239455948906399882924787587183466504819170775983376"", ""conditionId"": ""0x836b850fc838195374862551a36f1c8691d96ff01e58b0a071f0fc1a0e357fb1"", ""size"": 3684, ""price"": 0.009, ""timestamp"": 1769923422, ""title"": ""Will LeBron James win the 2028 US Presidential Election?"", ""slug"": ""will-lebron-james-win-the-2028-us-presidential-election"", ""icon"": ""https://polymarket-upload.s3.us-east-2.amazonaws.com/Lebron_James.png"", ""eventSlug"": ""presidential-election-winner-2028"", ""outcome"": ""Yes"", ""outcomeIndex"": 0, ""name"": ""YieldOracle"", ""pseudonym"": ""Puzzling-Taco"", ""bio"": """", ""profileImage"": """", ""profileImageOptimized"": """", ""transactionHash"": ""0xb1deaec18a7f2ca4e710978b23737212fb72bc82ca6710a9404bfe97252ea53d""}"
1769923098,2026-02-14T01:58:42.805938,0xe349220f018e16df7576a7fc49599586eb8aca7fe2d16a7a100e2e03249c0a0d:1769923098,561251,39223330966352513418907732239455948906399882924787587183466504819170775983376,BUY,0.009,1219.0,10.970999999999998,0xe349220f018e16df7576a7fc49599586eb8aca7fe2d16a7a100e2e03249c0a0d,"{""proxyWallet"": ""0x6286581c4fad9c3845ad99846e96f388c60a6a51"", ""side"": ""BUY"", ""asset"": ""39223330966352513418907732239455948906399882924787587183466504819170775983376"", ""conditionId"": ""0x836b850fc838195374862551a36f1c8691d96ff01e58b0a071f0fc1a0e357fb1"", ""size"": 1219, ""price"": 0.009, ""timestamp"": 1769923098, ""title"": ""Will LeBron James win the 2028 US Presidential Election?"", ""slug"": ""will-lebron-james-win-the-2028-us-presidential-election"", ""icon"": ""https://polymarket-upload.s3.us-east-2.amazonaws.com/Lebron_James.png"", ""eventSlug"": ""presidential-election-winner-2028"", ""outcome"": ""Yes"", ""outcomeIndex"": 0, ""name"": ""jkjkjllpooo"", ""pseudonym"": ""Identical-Everybody"", ""bio"": """", ""profileImage"": """", ""profileImageOptimized"": """", ""transactionHash"": ""0xe349220f018e16df7576a7fc49599586eb8aca7fe2d16a7a100e2e03249c0a0d""}"
1769922648,2026-02-14T01:58:42.805954,0x779a6a1d58be64de8eb60535ef217b0cf68d262a6fc33029f4b5803261f59805:1769922648,561251,39223330966352513418907732239455948906399882924787587183466504819170775983376,SELL,0.008,159.37,1.27496,0x779a6a1d58be64de8eb60535ef217b0cf68d262a6fc33029f4b5803261f59805,"{""proxyWallet"": ""0x3955f21c21bc0ad6089b184151c243043a6f74ca"", ""side"": ""SELL"", ""asset"": ""39223330966352513418907732239455948906399882924787587183466504819170775983376"", ""conditionId"": ""0x836b850fc838195374862551a36f1c8691d96ff01e58b0a071f0fc1a0e357fb1"", ""size"": 159.37, ""price"": 0.008, ""timestamp"": 1769922648, ""title"": ""Will LeBron James win the 2028 US Presidential Election?"", ""slug"": ""will-lebron-james-win-the-2028-us-presidential-election"", ""icon"": ""https://polymarket-upload.s3.us-east-2.amazonaws.com/Lebron_James.png"", ""eventSlug"": ""presidential-election-winner-2028"", ""outcome"": ""Yes"", ""outcomeIndex"": 0, ""name"": """", ""pseudonym"": """", ""bio"": """", ""profileImage"": """", ""profileImageOptimized"": """", ""transactionHash"": ""0x779a6a1d58be64de8eb60535ef217b0cf68d262a6fc33029f4b5803261f59805""}"
1769922642,2026-02-14T01:58:42.805970,0x49f1997522359385a7874fbdf4496553233ec439611905f0e15ecbd9f9605087:1769922642,561251,39223330966352513418907732239455948906399882924787587183466504819170775983376,SELL,0.008,159.37,1.27496,0x49f1997522359385a7874fbdf4496553233ec439611905f0e15ecbd9f9605087,"{""proxyWallet"": ""0x3955f21c21bc0ad6089b184151c243043a6f74ca"", ""side"": ""SELL"", ""asset"": ""39223330966352513418907732239455948906399882924787587183466504819170775983376"", ""conditionId"": ""0x836b850fc838195374862551a36f1c8691d96ff01e58b0a071f0fc1a0e357fb1"", ""size"": 159.37, ""price"": 0.008, ""timestamp"": 1769922642, ""title"": ""Will LeBron James win the 2028 US Presidential Election?"", ""slug"": ""will-lebron-james-win-the-2028-us-presidential-election"", ""icon"": ""https://polymarket-upload.s3.us-east-2.amazonaws.com/Lebron_James.png"", ""eventSlug"": ""presidential-election-winner-2028"", ""outcome"": ""Yes"", ""outcomeIndex"": 0, ""name"": """", ""pseudonym"": """", ""bio"": """", ""profileImage"": """", ""profileImageOptimized"": """", ""transactionHash"": ""0x49f1997522359385a7874fbdf4496553233ec439611905f0e15ecbd9f9605087""}"
1769922638,2026-02-14T01:58:42.805985,0xc9fa3fc826528643f204fdd29d3c9124532e05abda5b840eefc4e2991949d167:1769922638,561251,39223330966352513418907732239455948906399882924787587183466504819170775983376,BUY,0.0090000000009,5555.555555,50.0,0xc9fa3fc826528643f204fdd29d3c9124532e05abda5b840eefc4e2991949d167,"{""proxyWallet"": ""0x3955f21c21bc0ad6089b184151c243043a6f74ca"", ""side"": ""BUY"", ""asset"": ""39223330966352513418907732239455948906399882924787587183466504819170775983376"", ""conditionId"": ""0x836b850fc838195374862551a36f1c8691d96ff01e58b0a071f0fc1a0e357fb1"", ""size"": 5555.555555, ""price"": 0.0090000000009, ""timestamp"": 1769922638, ""title"": ""Will LeBron James win the 2028 US Presidential Election?"", ""slug"": ""will-lebron-james-win-the-2028-us-presidential-election"", ""icon"": ""https://polymarket-upload.s3.us-east-2.amazonaws.com/Lebron_James.png"", ""eventSlug"": ""presidential-election-winner-2028"", ""outcome"": ""Yes"", ""outcomeIndex"": 0, ""name"": """", ""pseudonym"": """", ""bio"": """", ""profileImage"": """", ""profileImageOptimized"": """", ""transactionHash"": ""0xc9fa3fc826528643f204fdd29d3c9124532e05abda5b840eefc4e2991949d167""}"
1769922616,2026-02-14T01:58:42.806000,0x97e2377e395f6fb790da11c320e0997c85797a50e31f054fdafeb2108395b0e3:1769922616,561251,39223330966352513418907732239455948906399882924787587183466504819170775983376,SELL,0.008,106.25,0.85,0x97e2377e395f6fb790da11c320e0997c85797a50e31f054fdafeb2108395b0e3,"{""proxyWallet"": ""0x3955f21c21bc0ad6089b184151c243043a6f74ca"", ""side"": ""SELL"", ""asset"": ""39223330966352513418907732239455948906399882924787587183466504819170775983376"", ""conditionId"": ""0x836b850fc838195374862551a36f1c8691d96ff01e58b0a071f0fc1a0e357fb1"", ""size"": 106.25, ""price"": 0.008, ""timestamp"": 1769922616, ""title"": ""Will LeBron James win the 2028 US Presidential Election?"", ""slug"": ""will-lebron-james-win-the-2028-us-presidential-election"", ""icon"": ""https://polymarket-upload.s3.us-east-2.amazonaws.com/Lebron_James.png"", ""eventSlug"": ""presidential-election-winner-2028"", ""outcome"": ""Yes"", ""outcomeIndex"": 0, ""name"": """", ""pseudonym"": """", ""bio"": """", ""profileImage"": """", ""profileImageOptimized"": """", ""transactionHash"": ""0x97e2377e395f6fb790da11c320e0997c85797a50e31f054fdafeb2108395b0e3""}"
1769922610,2026-02-14T01:58:42.806016,0x2fe9eb052f25ecc1380bf51e7052e48d693b540055b0ab9f2f882fb7e90f4c79:1769922610,561251,39223330966352513418907732239455948906399882924787587183466504819170775983376,SELL,0.008,106.25,0.85,0x2fe9eb052f25ecc1380bf51e7052e48d693b540055b0ab9f2f882fb7e90f4c79,"{""proxyWallet"": ""0x3955f21c21bc0ad6089b184151c243043a6f74ca"", ""side"": ""SELL"", ""asset"": ""39223330966352513418907732239455948906399882924787587183466504819170775983376"", ""conditionId"": ""0x836b850fc838195374862551a36f1c8691d96ff01e58b0a071f0fc1a0e357fb1"", ""size"": 106.25, ""price"": 0.008, ""timestamp"": 1769922610, ""title"": ""Will LeBron James win the 2028 US Presidential Election?"", ""slug"": ""will-lebron-james-win-the-2028-us-presidential-election"", ""icon"": ""https://polymarket-upload.s3.us-east-2.amazonaws.com/Lebron_James.png"", ""eventSlug"": ""presidential-election-winner-2028"", ""outcome"": ""Yes"", ""outcomeIndex"": 0, ""name"": """", ""pseudonym"": """", ""bio"": """", ""profileImage"": """", ""profileImageOptimized"": """", ""transactionHash"": ""0x2fe9eb052f25ecc1380bf51e7052e48d693b540055b0ab9f2f882fb7e90f4c79""}"
1769922604,2026-02-14T01:58:42.806030,0x1119e7562a8164f4c414d9dc88d509684072b90f1fc765d7900d4f0013d4b09e:1769922604,561251,39223330966352513418907732239455948906399882924787587183466504819170775983376,BUY,0.0090000000009,5555.555555,50.0,0x1119e7562a8164f4c414d9dc88d509684072b90f1fc765d7900d4f0013d4b09e,"{""proxyWallet"": ""0x3955f21c21bc0ad6089b184151c243043a6f74ca"", ""side"": ""BUY"", ""asset"": ""39223330966352513418907732239455948906399882924787587183466504819170775983376"", ""conditionId"": ""0x836b850fc838195374862551a36f1c8691d96ff01e58b0a071f0fc1a0e357fb1"", ""size"": 5555.555555, ""price"": 0.0090000000009, ""timestamp"": 1769922604, ""title"": ""Will LeBron James win the 2028 US Presidential Election?"", ""slug"": ""will-lebron-james-win-the-2028-us-presidential-election"", ""icon"": ""https://polymarket-upload.s3.us-east-2.amazonaws.com/Lebron_James.png"", ""eventSlug"": ""presidential-election-winner-2028"", ""outcome"": ""Yes"", ""outcomeIndex"": 0, ""name"": """", ""pseudonym"": """", ""bio"": """", ""profileImage"": """", ""profileImageOptimized"": """", ""transactionHash"": ""0x1119e7562a8164f4c414d9dc88d509684072b90f1fc765d7900d4f0013d4b09e""}"
1769922598,2026-02-14T01:58:42.806048,0xb549ebd4e4c6d5d31b02fef5dff646b7fc84334e6edefbfd6e5139e2d0c7d704:1769922598,561251,39223330966352513418907732239455948906399882924787587183466504819170775983376,SELL,0.008,53.12,0.42496,0xb549ebd4e4c6d5d31b02fef5dff646b7fc84334e6edefbfd6e5139e2d0c7d704,"{""proxyWallet"": ""0x3955f21c21bc0ad6089b184151c243043a6f74ca"", ""side"": ""SELL"", ""asset"": ""39223330966352513418907732239455948906399882924787587183466504819170775983376"", ""conditionId"": ""0x836b850fc838195374862551a36f1c8691d96ff01e58b0a071f0fc1a0e357fb1"", ""size"": 53.12, ""price"": 0.008, ""timestamp"": 1769922598, ""title"": ""Will LeBron James win the 2028 US Presidential Election?"", ""slug"": ""will-lebron-james-win-the-2028-us-presidential-election"", ""icon"": ""https://polymarket-upload.s3.us-east-2.amazonaws.com/Lebron_James.png"", ""eventSlug"": ""presidential-election-winner-2028"", ""outcome"": ""Yes"", ""outcomeIndex"": 0, ""name"": """", ""pseudonym"": """", ""bio"": """", ""profileImage"": """", ""profileImageOptimized"": """", ""transactionHash"": ""0xb549ebd4e4c6d5d31b02fef5dff646b7fc84334e6edefbfd6e5139e2d0c7d704""}"
1769922586,2026-02-14T01:58:42.806064,0x0ae1edf2ef1cda95354b66d36f66e4e89f8258d013a4f4f5accee1153a727cae:1769922586,561251,39223330966352513418907732239455948906399882924787587183466504819170775983376,BUY,0.0090000000009,5555.555555,50.0,0x0ae1edf2ef1cda95354b66d36f66e4e89f8258d013a4f4f5accee1153a727cae,"{""proxyWallet"": ""0x3955f21c21bc0ad6089b184151c243043a6f74ca"", ""side"": ""BUY"", ""asset"": ""39223330966352513418907732239455948906399882924787587183466504819170775983376"", ""conditionId"": ""0x836b850fc838195374862551a36f1c8691d96ff01e58b0a071f0fc1a0e357fb1"", ""size"": 5555.555555, ""price"": 0.0090000000009, ""timestamp"": 1769922586, ""title"": ""Will LeBron James win the 2028 US Presidential Election?"", ""slug"": ""will-lebron-james-win-the-2028-us-presidential-election"", ""icon"": ""https://polymarket-upload.s3.us-east-2.amazonaws.com/Lebron_James.png"", ""eventSlug"": ""presidential-election-winner-2028"", ""outcome"": ""Yes"", ""outcomeIndex"": 0, ""name"": """", ""pseudonym"": """", ""bio"": """", ""profileImage"": """", ""profileImageOptimized"": """", ""transactionHash"": ""0x0ae1edf2ef1cda95354b66d36f66e4e89f8258d013a4f4f5accee1153a727cae""}"
1769922570,2026-02-14T01:58:42.806081,0xeb88d2d364d2b07b2f9591db2f14130964dd9f196a95faddaa627071f59ef1b1:1769922570,561251,39223330966352513418907732239455948906399882924787587183466504819170775983376,SELL,0.008,3786.0,30.288,0xeb88d2d364d2b07b2f9591db2f14130964dd9f196a95faddaa627071f59ef1b1,"{""proxyWallet"": ""0x56fe58bb7f8c100167f1b5ae23ea35ed6e4f0759"", ""side"": ""SELL"", ""asset"": ""39223330966352513418907732239455948906399882924787587183466504819170775983376"", ""conditionId"": ""0x836b850fc838195374862551a36f1c8691d96ff01e58b0a071f0fc1a0e357fb1"", ""size"": 3786, ""price"": 0.008, ""timestamp"": 1769922570, ""title"": ""Will LeBron James win the 2028 US Presidential Election?"", ""slug"": ""will-lebron-james-win-the-2028-us-presidential-election"", ""icon"": ""https://polymarket-upload.s3.us-east-2.amazonaws.com/Lebron_James.png"", ""eventSlug"": ""presidential-election-winner-2028"", ""outcome"": ""Yes"", ""outcomeIndex"": 0, ""name"": ""ZoraScrollDropper"", ""pseudonym"": ""Soulful-Conductor"", ""bio"": """", ""profileImage"": """", ""profileImageOptimized"": """", ""transactionHash"": ""0xeb88d2d364d2b07b2f9591db2f14130964dd9f196a95faddaa627071f59ef1b1""}"
1769922016,2026-02-14T01:58:42.806097,0x989e4ee80dda3314b23ccda588186f99f926445d8ab6f0cf9564f4494e1e1398:1769922016,561251,39223330966352513418907732239455948906399882924787587183466504819170775983376,BUY,0.009,1365.0,12.284999999999998,0x989e4ee80dda3314b23ccda588186f99f926445d8ab6f0cf9564f4494e1e1398,"{""proxyWallet"": ""0xfd8373703a087ad11d0e84acf616f844c854c002"", ""side"": ""BUY"", ""asset"": ""39223330966352513418907732239455948906399882924787587183466504819170775983376"", ""conditionId"": ""0x836b850fc838195374862551a36f1c8691d96ff01e58b0a071f0fc1a0e357fb1"", ""size"": 1365, ""price"": 0.009, ""timestamp"": 1769922016, ""title"": ""Will LeBron James win the 2028 US Presidential Election?"", ""slug"": ""will-lebron-james-win-the-2028-us-presidential-election"", ""icon"": ""https://polymarket-upload.s3.us-east-2.amazonaws.com/Lebron_James.png"", ""eventSlug"": ""presidential-election-winner-2028"", ""outcome"": ""Yes"", ""outcomeIndex"": 0, ""name"": ""k1hk1h3k1h3"", ""pseudonym"": ""Vicious-Outhouse"", ""bio"": """", ""profileImage"": """", ""profileImageOptimized"": """", ""transactionHash"": ""0x989e4ee80dda3314b23ccda588186f99f926445d8ab6f0cf9564f4494e1e1398""}"
1769921340,2026-02-14T01:58:42.806113,0x13643bb3b6f7f736870741debd44c45e5daa3104ad8493f339029954b8193093:1769921340,561251,39223330966352513418907732239455948906399882924787587183466504819170775983376,BUY,0.009,1208.0,10.872,0x13643bb3b6f7f736870741debd44c45e5daa3104ad8493f339029954b8193093,"{""proxyWallet"": ""0x8aa9193c4d9b5d03d847c0e42f3f265c80ecd1b4"", ""side"": ""BUY"", ""asset"": ""39223330966352513418907732239455948906399882924787587183466504819170775983376"", ""conditionId"": ""0x836b850fc838195374862551a36f1c8691d96ff01e58b0a071f0fc1a0e357fb1"", ""size"": 1208, ""price"": 0.009, ""timestamp"": 1769921340, ""title"": ""Will LeBron James win the 2028 US Presidential Election?"", ""slug"": ""will-lebron-james-win-the-2028-us-presidential-election"", ""icon"": ""https://polymarket-upload.s3.us-east-2.amazonaws.com/Lebron_James.png"", ""eventSlug"": ""presidential-election-winner-2028"", ""outcome"": ""Yes"", ""outcomeIndex"": 0, ""name"": ""r74y89rtyr"", ""pseudonym"": ""Wiry-Shortage"", ""bio"": """", ""profileImage"": """", ""profileImageOptimized"": """", ""transactionHash"": ""0x13643bb3b6f7f736870741debd44c45e5daa3104ad8493f339029954b8193093""}"
1769921300,2026-02-14T01:58:42.806128,0x6c23b52686cdf5af7ff88bf96bed5ba61fef34c770acb610b59bd5485a4d4101:1769921300,561251,39223330966352513418907732239455948906399882924787587183466504819170775983376,BUY,0.009,1581.0,14.229,0x6c23b52686cdf5af7ff88bf96bed5ba61fef34c770acb610b59bd5485a4d4101,"{""proxyWallet"": ""0x72fd969dc97c89d5e2d39c0f06590e49855c3ebb"", ""side"": ""BUY"", ""asset"": ""39223330966352513418907732239455948906399882924787587183466504819170775983376"", ""conditionId"": ""0x836b850fc838195374862551a36f1c8691d96ff01e58b0a071f0fc1a0e357fb1"", ""size"": 1581, ""price"": 0.009, ""timestamp"": 1769921300, ""title"": ""Will LeBron James win the 2028 US Presidential Election?"", ""slug"": ""will-lebron-james-win-the-2028-us-presidential-election"", ""icon"": ""https://polymarket-upload.s3.us-east-2.amazonaws.com/Lebron_James.png"", ""eventSlug"": ""presidential-election-winner-2028"", ""outcome"": ""Yes"", ""outcomeIndex"": 0, ""name"": ""vbmvhxfgfg"", ""pseudonym"": ""Descriptive-Honeybee"", ""bio"": """", ""profileImage"": """", ""profileImageOptimized"": """", ""transactionHash"": ""0x6c23b52686cdf5af7ff88bf96bed5ba61fef34c770acb610b59bd5485a4d4101""}"
1769920908,2026-02-14T01:58:42.806144,0xfbef28f8e1dc9f6d5ee390deece8ca351aeb4e68beabc711f9ddbb6a854d9b82:1769920908,561251,39223330966352513418907732239455948906399882924787587183466504819170775983376,BUY,0.009,1474.0,13.265999999999998,0xfbef28f8e1dc9f6d5ee390deece8ca351aeb4e68beabc711f9ddbb6a854d9b82,"{""proxyWallet"": ""0x71894a191a12b51401620b8ea63367ebf4ba39b1"", ""side"": ""BUY"", ""asset"": ""39223330966352513418907732239455948906399882924787587183466504819170775983376"", ""conditionId"": ""0x836b850fc838195374862551a36f1c8691d96ff01e58b0a071f0fc1a0e357fb1"", ""size"": 1474, ""price"": 0.009, ""timestamp"": 1769920908, ""title"": ""Will LeBron James win the 2028 US Presidential Election?"", ""slug"": ""will-lebron-james-win-the-2028-us-presidential-election"", ""icon"": ""https://polymarket-upload.s3.us-east-2.amazonaws.com/Lebron_James.png"", ""eventSlug"": ""presidential-election-winner-2028"", ""outcome"": ""Yes"", ""outcomeIndex"": 0, ""name"": ""fgh56k4gh63k1g"", ""pseudonym"": ""Cold-Shoreline"", ""bio"": """", ""profileImage"": """", ""profileImageOptimized"": """", ""transactionHash"": ""0xfbef28f8e1dc9f6d5ee390deece8ca351aeb4e68beabc711f9ddbb6a854d9b82""}"
1769920742,2026-02-14T01:58:42.806168,0xa10108be95ef9c4f69c3ddc59da186da3772820ae72485a5e9bedf32b29e72ae:1769920742,561251,39223330966352513418907732239455948906399882924787587183466504819170775983376,BUY,0.009,123.0,1.107,0xa10108be95ef9c4f69c3ddc59da186da3772820ae72485a5e9bedf32b29e72ae,"{""proxyWallet"": ""0x5ee41f9016248b2b14fc47bae2e322a99badf1b2"", ""side"": ""BUY"", ""asset"": ""39223330966352513418907732239455948906399882924787587183466504819170775983376"", ""conditionId"": ""0x836b850fc838195374862551a36f1c8691d96ff01e58b0a071f0fc1a0e357fb1"", ""size"": 123, ""price"": 0.009, ""timestamp"": 1769920742, ""title"": ""Will LeBron James win the 2028 US Presidential Election?"", ""slug"": ""will-lebron-james-win-the-2028-us-presidential-election"", ""icon"": ""https://polymarket-upload.s3.us-east-2.amazonaws.com/Lebron_James.png"", ""eventSlug"": ""presidential-election-winner-2028"", ""outcome"": ""Yes"", ""outcomeIndex"": 0, ""name"": ""qgilmore"", ""pseudonym"": ""Authentic-Candy"", ""bio"": """", ""profileImage"": """", ""profileImageOptimized"": """", ""transactionHash"": ""0xa10108be95ef9c4f69c3ddc59da186da3772820ae72485a5e9bedf32b29e72ae""}"
1769920568,2026-02-14T01:58:42.806185,0x2db12bf5a9f4efbc66c52ec137ce7149f51bdb7c312a64c4bdb7a6d3f8c6596e:1769920568,561251,39223330966352513418907732239455948906399882924787587183466504819170775983376,BUY,0.009,1297.0,11.672999999999998,0x2db12bf5a9f4efbc66c52ec137ce7149f51bdb7c312a64c4bdb7a6d3f8c6596e,"{""proxyWallet"": ""0x143b674ea7942b3aef0f51f4df7149af33c6b343"", ""side"": ""BUY"", ""asset"": ""39223330966352513418907732239455948906399882924787587183466504819170775983376"", ""conditionId"": ""0x836b850fc838195374862551a36f1c8691d96ff01e58b0a071f0fc1a0e357fb1"", ""size"": 1297, ""price"": 0.009, ""timestamp"": 1769920568, ""title"": ""Will LeBron James win the 2028 US Presidential Election?"", ""slug"": ""will-lebron-james-win-the-2028-us-presidential-election"", ""icon"": ""https://polymarket-upload.s3.us-east-2.amazonaws.com/Lebron_James.png"", ""eventSlug"": ""presidential-election-winner-2028"", ""outcome"": ""Yes"", ""outcomeIndex"": 0, ""name"": ""fhgjfjfghjkhjgdfgertyert"", ""pseudonym"": ""Misty-Hierarchy"", ""bio"": """", ""profileImage"": """", ""profileImageOptimized"": """", ""transactionHash"": ""0x2db12bf5a9f4efbc66c52ec137ce7149f51bdb7c312a64c4bdb7a6d3f8c6596e""}"
1769920262,2026-02-14T01:58:42.806200,0xa09f71887ebf07be9b07e410ae0cabdc036d78b7e7c470315b0fe7504d6fa72a:1769920262,561251,39223330966352513418907732239455948906399882924787587183466504819170775983376,BUY,0.009,1336.0,12.024,0xa09f71887ebf07be9b07e410ae0cabdc036d78b7e7c470315b0fe7504d6fa72a,"{""proxyWallet"": ""0xab26113d0cecda9098967aef270b9758b69fdf60"", ""side"": ""BUY"", ""asset"": ""39223330966352513418907732239455948906399882924787587183466504819170775983376"", ""conditionId"": ""0x836b850fc838195374862551a36f1c8691d96ff01e58b0a071f0fc1a0e357fb1"", ""size"": 1336, ""price"": 0.009, ""timestamp"": 1769920262, ""title"": ""Will LeBron James win the 2028 US Presidential Election?"", ""slug"": ""will-lebron-james-win-the-2028-us-presidential-election"", ""icon"": ""https://polymarket-upload.s3.us-east-2.amazonaws.com/Lebron_James.png"", ""eventSlug"": ""presidential-election-winner-2028"", ""outcome"": ""Yes"", ""outcomeIndex"": 0, ""name"": ""ryrtyrtdghd"", ""pseudonym"": ""Irritating-Cope"", ""bio"": """", ""profileImage"": """", ""profileImageOptimized"": """", ""transactionHash"": ""0xa09f71887ebf07be9b07e410ae0cabdc036d78b7e7c470315b0fe7504d6fa72a""}"
1769919772,2026-02-14T01:58:42.806216,0x9c70ffb22c412ca4b43c21437c5956ab3c7dd9142dc1e3e22f0759f87e7ef0ca:1769919772,561251,39223330966352513418907732239455948906399882924787587183466504819170775983376,BUY,0.009,1509.0,13.581,0x9c70ffb22c412ca4b43c21437c5956ab3c7dd9142dc1e3e22f0759f87e7ef0ca,"{""proxyWallet"": ""0x3c728d9c365d6e7c4ac52b79647309b322f318ef"", ""side"": ""BUY"", ""asset"": ""39223330966352513418907732239455948906399882924787587183466504819170775983376"", ""conditionId"": ""0x836b850fc838195374862551a36f1c8691d96ff01e58b0a071f0fc1a0e357fb1"", ""size"": 1509, ""price"": 0.009, ""timestamp"": 1769919772, ""title"": ""Will LeBron James win the 2028 US Presidential Election?"", ""slug"": ""will-lebron-james-win-the-2028-us-presidential-election"", ""icon"": ""https://polymarket-upload.s3.us-east-2.amazonaws.com/Lebron_James.png"", ""eventSlug"": ""presidential-election-winner-2028"", ""outcome"": ""Yes"", ""outcomeIndex"": 0, ""name"": ""trurtfhfh"", ""pseudonym"": ""Amused-Ambiguity"", ""bio"": """", ""profileImage"": """", ""profileImageOptimized"": """", ""transactionHash"": ""0x9c70ffb22c412ca4b43c21437c5956ab3c7dd9142dc1e3e22f0759f87e7ef0ca""}"
1769919336,2026-02-14T01:58:42.806232,0x47312293e6a7247e1baee1776481c10b9e4e8d7d55a8f5dbd3c7adfa8fd643e0:1769919336,561251,39223330966352513418907732239455948906399882924787587183466504819170775983376,BUY,0.009,1378.0,12.402,0x47312293e6a7247e1baee1776481c10b9e4e8d7d55a8f5dbd3c7adfa8fd643e0,"{""proxyWallet"": ""0xfa97d58a81cb55bc48f55b20c4a33db430d88d6a"", ""side"": ""BUY"", ""asset"": ""39223330966352513418907732239455948906399882924787587183466504819170775983376"", ""conditionId"": ""0x836b850fc838195374862551a36f1c8691d96ff01e58b0a071f0fc1a0e357fb1"", ""size"": 1378, ""price"": 0.009, ""timestamp"": 1769919336, ""title"": ""Will LeBron James win the 2028 US Presidential Election?"", ""slug"": ""will-lebron-james-win-the-2028-us-presidential-election"", ""icon"": ""https://polymarket-upload.s3.us-east-2.amazonaws.com/Lebron_James.png"", ""eventSlug"": ""presidential-election-winner-2028"", ""outcome"": ""Yes"", ""outcomeIndex"": 0, ""name"": ""0xfa97D58A81Cb55bC48F55B20c4a33db430d88D6a-1769769568232"", ""pseudonym"": ""Fair-Horizon"", ""bio"": """", ""profileImage"": """", ""profileImageOptimized"": """", ""transactionHash"": ""0x47312293e6a7247e1baee1776481c10b9e4e8d7d55a8f5dbd3c7adfa8fd643e0""}"
1769918694,2026-02-14T01:58:42.806249,0xf6c2b161887b7125f2608ec0d55221e4cff4bc1f503ba80ecc0a71eab8b381d4:1769918694,561251,39223330966352513418907732239455948906399882924787587183466504819170775983376,BUY,0.009,1318.0,11.861999999999998,0xf6c2b161887b7125f2608ec0d55221e4cff4bc1f503ba80ecc0a71eab8b381d4,"{""proxyWallet"": ""0x7142fbd74305aa1d3599f863718029ce29e15534"", ""side"": ""BUY"", ""asset"": ""39223330966352513418907732239455948906399882924787587183466504819170775983376"", ""conditionId"": ""0x836b850fc838195374862551a36f1c8691d96ff01e58b0a071f0fc1a0e357fb1"", ""size"": 1318, ""price"": 0.009, ""timestamp"": 1769918694, ""title"": ""Will LeBron James win the 2028 US Presidential Election?"", ""slug"": ""will-lebron-james-win-the-2028-us-presidential-election"", ""icon"": ""https://polymarket-upload.s3.us-east-2.amazonaws.com/Lebron_James.png"", ""eventSlug"": ""presidential-election-winner-2028"", ""outcome"": ""Yes"", ""outcomeIndex"": 0, ""name"": ""sfghjfg"", ""pseudonym"": ""Delicious-Button"", ""bio"": """", ""profileImage"": """", ""profileImageOptimized"": """", ""transactionHash"": ""0xf6c2b161887b7125f2608ec0d55221e4cff4bc1f503ba80ecc0a71eab8b381d4""}"
1769918660,2026-02-14T01:58:42.806265,0x681cbd931ea5430a980ab5eb457e6759588c0b36034c39430bcb050f094bb812:1769918660,561251,39223330966352513418907732239455948906399882924787587183466504819170775983376,SELL,0.008,3814.0,30.512,0x681cbd931ea5430a980ab5eb457e6759588c0b36034c39430bcb050f094bb812,"{""proxyWallet"": ""0xeaba04af88eff1cfc320fefb7af855cebf9a7897"", ""side"": ""SELL"", ""asset"": ""39223330966352513418907732239455948906399882924787587183466504819170775983376"", ""conditionId"": ""0x836b850fc838195374862551a36f1c8691d96ff01e58b0a071f0fc1a0e357fb1"", ""size"": 3814, ""price"": 0.008, ""timestamp"": 1769918660, ""title"": ""Will LeBron James win the 2028 US Presidential Election?"", ""slug"": ""will-lebron-james-win-the-2028-us-presidential-election"", ""icon"": ""https://polymarket-upload.s3.us-east-2.amazonaws.com/Lebron_James.png"", ""eventSlug"": ""presidential-election-winner-2028"", ""outcome"": ""Yes"", ""outcomeIndex"": 0, ""name"": ""Clarwenvinia"", ""pseudonym"": ""Detailed-Pacemaker"", ""bio"": """", ""profileImage"": """", ""profileImageOptimized"": """", ""transactionHash"": ""0x681cbd931ea5430a980ab5eb457e6759588c0b36034c39430bcb050f094bb812""}"
1769918460,2026-02-14T01:58:42.806281,0x22f957fa3b0c012367a10b5d92eadf3756ba72b2ee433df3acab1596870a4fca:1769918460,561251,39223330966352513418907732239455948906399882924787587183466504819170775983376,BUY,0.009,1308.0,11.771999999999998,0x22f957fa3b0c012367a10b5d92eadf3756ba72b2ee433df3acab1596870a4fca,"{""proxyWallet"": ""0xbe56b60f639e2bfc251da89e20c0cced8d0330e9"", ""side"": ""BUY"", ""asset"": ""39223330966352513418907732239455948906399882924787587183466504819170775983376"", ""conditionId"": ""0x836b850fc838195374862551a36f1c8691d96ff01e58b0a071f0fc1a0e357fb1"", ""size"": 1308, ""price"": 0.009, ""timestamp"": 1769918460, ""title"": ""Will LeBron James win the 2028 US Presidential Election?"", ""slug"": ""will-lebron-james-win-the-2028-us-presidential-election"", ""icon"": ""https://polymarket-upload.s3.us-east-2.amazonaws.com/Lebron_James.png"", ""eventSlug"": ""presidential-election-winner-2028"", ""outcome"": ""Yes"", ""outcomeIndex"": 0, ""name"": ""ghjkjhghkgh"", ""pseudonym"": ""Annual-Power"", ""bio"": """", ""profileImage"": """", ""profileImageOptimized"": """", ""transactionHash"": ""0x22f957fa3b0c012367a10b5d92eadf3756ba72b2ee433df3acab1596870a4fca""}"
1769918034,2026-02-14T01:58:42.806297,0xfefba56ff99155e29d938dfb0699fb9dc6da49204ce9d56b9bc7af96fe3fb784:1769918034,561251,39223330966352513418907732239455948906399882924787587183466504819170775983376,BUY,0.009,4000.0,36.0,0xfefba56ff99155e29d938dfb0699fb9dc6da49204ce9d56b9bc7af96fe3fb784,"{""proxyWallet"": ""0xb147c2f1cfe0a19013f04e60d8826643e6637c28"", ""side"": ""BUY"", ""asset"": ""39223330966352513418907732239455948906399882924787587183466504819170775983376"", ""conditionId"": ""0x836b850fc838195374862551a36f1c8691d96ff01e58b0a071f0fc1a0e357fb1"", ""size"": 4000, ""price"": 0.009, ""timestamp"": 1769918034, ""title"": ""Will LeBron James win the 2028 US Presidential Election?"", ""slug"": ""will-lebron-james-win-the-2028-us-presidential-election"", ""icon"": ""https://polymarket-upload.s3.us-east-2.amazonaws.com/Lebron_James.png"", ""eventSlug"": ""presidential-election-winner-2028"", ""outcome"": ""Yes"", ""outcomeIndex"": 0, ""name"": ""Liorzentakia"", ""pseudonym"": ""Puny-Daffodil"", ""bio"": """", ""profileImage"": """", ""profileImageOptimized"": """", ""transactionHash"": ""0xfefba56ff99155e29d938dfb0699fb9dc6da49204ce9d56b9bc7af96fe3fb784""}"
1769917654,2026-02-14T01:58:42.806313,0xcb7c0f27ee4c64b23e25d13d0b24df3f7fab11234a84892f2e6d2a26806b9440:1769917654,561251,39223330966352513418907732239455948906399882924787587183466504819170775983376,SELL,0.008,3869.0,30.952,0xcb7c0f27ee4c64b23e25d13d0b24df3f7fab11234a84892f2e6d2a26806b9440,"{""proxyWallet"": ""0x873a2e55c730b0752417cab710bd39a07faf7954"", ""side"": ""SELL"", ""asset"": ""39223330966352513418907732239455948906399882924787587183466504819170775983376"", ""conditionId"": ""0x836b850fc838195374862551a36f1c8691d96ff01e58b0a071f0fc1a0e357fb1"", ""size"": 3869, ""price"": 0.008, ""timestamp"": 1769917654, ""title"": ""Will LeBron James win the 2028 US Presidential Election?"", ""slug"": ""will-lebron-james-win-the-2028-us-presidential-election"", ""icon"": ""https://polymarket-upload.s3.us-east-2.amazonaws.com/Lebron_James.png"", ""eventSlug"": ""presidential-election-winner-2028"", ""outcome"": ""Yes"", ""outcomeIndex"": 0, ""name"": ""ylegfhd"", ""pseudonym"": ""Illustrious-Jazz"", ""bio"": """", ""profileImage"": """", ""profileImageOptimized"": """", ""transactionHash"": ""0xcb7c0f27ee4c64b23e25d13d0b24df3f7fab11234a84892f2e6d2a26806b9440""}"
1769917644,2026-02-14T01:58:42.806330,0xc62c58265aadfd28b7df5870747fe6d5e8c2ff661e11d29b681c20615f5560ad:1769917644,561251,39223330966352513418907732239455948906399882924787587183466504819170775983376,BUY,0.009,3838.0,34.541999999999994,0xc62c58265aadfd28b7df5870747fe6d5e8c2ff661e11d29b681c20615f5560ad,"{""proxyWallet"": ""0x775c58af448b4f33c9b2c963f8827d7d08535372"", ""side"": ""BUY"", ""asset"": ""39223330966352513418907732239455948906399882924787587183466504819170775983376"", ""conditionId"": ""0x836b850fc838195374862551a36f1c8691d96ff01e58b0a071f0fc1a0e357fb1"", ""size"": 3838, ""price"": 0.009, ""timestamp"": 1769917644, ""title"": ""Will LeBron James win the 2028 US Presidential Election?"", ""slug"": ""will-lebron-james-win-the-2028-us-presidential-election"", ""icon"": ""https://polymarket-upload.s3.us-east-2.amazonaws.com/Lebron_James.png"", ""eventSlug"": ""presidential-election-winner-2028"", ""outcome"": ""Yes"", ""outcomeIndex"": 0, ""name"": ""EtherPulse"", ""pseudonym"": ""Spry-Disadvantage"", ""bio"": """", ""profileImage"": """", ""profileImageOptimized"": """", ""transactionHash"": ""0xc62c58265aadfd28b7df5870747fe6d5e8c2ff661e11d29b681c20615f5560ad""}"
1769917632,2026-02-14T01:58:42.806346,0xbba9b535ab16de270f178711285f4b24e828bf5356dcd315772100fb033a7d24:1769917632,561251,39223330966352513418907732239455948906399882924787587183466504819170775983376,BUY,0.009,1559.0,14.030999999999999,0xbba9b535ab16de270f178711285f4b24e828bf5356dcd315772100fb033a7d24,"{""proxyWallet"": ""0x5af1b2c0a19b9483d33a42269c47776d99bc0e9b"", ""side"": ""BUY"", ""asset"": ""39223330966352513418907732239455948906399882924787587183466504819170775983376"", ""conditionId"": ""0x836b850fc838195374862551a36f1c8691d96ff01e58b0a071f0fc1a0e357fb1"", ""size"": 1559, ""price"": 0.009, ""timestamp"": 1769917632, ""title"": ""Will LeBron James win the 2028 US Presidential Election?"", ""slug"": ""will-lebron-james-win-the-2028-us-presidential-election"", ""icon"": ""https://polymarket-upload.s3.us-east-2.amazonaws.com/Lebron_James.png"", ""eventSlug"": ""presidential-election-winner-2028"", ""outcome"": ""Yes"", ""outcomeIndex"": 0, ""name"": ""yktyyyrtrt"", ""pseudonym"": ""Moral-Eggnog"", ""bio"": """", ""profileImage"": """", ""profileImageOptimized"": """", ""transactionHash"": ""0xbba9b535ab16de270f178711285f4b24e828bf5356dcd315772100fb033a7d24""}"
1769917320,2026-02-14T01:58:42.806362,0x066772ea0523233b0e84bdd9330ca647618e4d78baffd9de117de86caf53db62:1769917320,561251,39223330966352513418907732239455948906399882924787587183466504819170775983376,SELL,0.008,3550.0,28.400000000000002,0x066772ea0523233b0e84bdd9330ca647618e4d78baffd9de117de86caf53db62,"{""proxyWallet"": ""0x25bc5f567b539fe12546f9b3e82148b8cbe5da6f"", ""side"": ""SELL"", ""asset"": ""39223330966352513418907732239455948906399882924787587183466504819170775983376"", ""conditionId"": ""0x836b850fc838195374862551a36f1c8691d96ff01e58b0a071f0fc1a0e357fb1"", ""size"": 3550, ""price"": 0.008, ""timestamp"": 1769917320, ""title"": ""Will LeBron James win the 2028 US Presidential Election?"", ""slug"": ""will-lebron-james-win-the-2028-us-presidential-election"", ""icon"": ""https://polymarket-upload.s3.us-east-2.amazonaws.com/Lebron_James.png"", ""eventSlug"": ""presidential-election-winner-2028"", ""outcome"": ""Yes"", ""outcomeIndex"": 0, ""name"": ""0x25Bc5f567b539fe12546F9b3e82148b8CbE5dA6f-1770086685272"", ""pseudonym"": ""Enchanting-Shape"", ""bio"": """", ""profileImage"": """", ""profileImageOptimized"": """", ""transactionHash"": ""0x066772ea0523233b0e84bdd9330ca647618e4d78baffd9de117de86caf53db62""}"
1769917320,2026-02-14T01:58:42.806378,0x1c6b4e85c20539ce9f5e102d9e6590d333c21b560f574d6ed05b820fb7718e00:1769917320,561251,39223330966352513418907732239455948906399882924787587183466504819170775983376,SELL,0.008,3842.0,30.736,0x1c6b4e85c20539ce9f5e102d9e6590d333c21b560f574d6ed05b820fb7718e00,"{""proxyWallet"": ""0x693e10354f0ef376d499cd1e19300495f70dbd91"", ""side"": ""SELL"", ""asset"": ""39223330966352513418907732239455948906399882924787587183466504819170775983376"", ""conditionId"": ""0x836b850fc838195374862551a36f1c8691d96ff01e58b0a071f0fc1a0e357fb1"", ""size"": 3842, ""price"": 0.008, ""timestamp"": 1769917320, ""title"": ""Will LeBron James win the 2028 US Presidential Election?"", ""slug"": ""will-lebron-james-win-the-2028-us-presidential-election"", ""icon"": ""https://polymarket-upload.s3.us-east-2.amazonaws.com/Lebron_James.png"", ""eventSlug"": ""presidential-election-winner-2028"", ""outcome"": ""Yes"", ""outcomeIndex"": 0, ""name"": ""MetaMaskDrifter"", ""pseudonym"": ""Previous-Penny"", ""bio"": """", ""profileImage"": """", ""profileImageOptimized"": """", ""transactionHash"": ""0x1c6b4e85c20539ce9f5e102d9e6590d333c21b560f574d6ed05b820fb7718e00""}"
1769917140,2026-02-14T01:58:42.806395,0xb608d3db844bdb3a14fbaa69615676980f1d0b663752a4b6e89b0175495fe4b7:1769917140,561251,39223330966352513418907732239455948906399882924787587183466504819170775983376,BUY,0.009,1500.0,13.499999999999998,0xb608d3db844bdb3a14fbaa69615676980f1d0b663752a4b6e89b0175495fe4b7,"{""proxyWallet"": ""0xaa117cf66e0312a6b2e113246e7c7b525ac46bdb"", ""side"": ""BUY"", ""asset"": ""39223330966352513418907732239455948906399882924787587183466504819170775983376"", ""conditionId"": ""0x836b850fc838195374862551a36f1c8691d96ff01e58b0a071f0fc1a0e357fb1"", ""size"": 1500, ""price"": 0.009, ""timestamp"": 1769917140, ""title"": ""Will LeBron James win the 2028 US Presidential Election?"", ""slug"": ""will-lebron-james-win-the-2028-us-presidential-election"", ""icon"": ""https://polymarket-upload.s3.us-east-2.amazonaws.com/Lebron_James.png"", ""eventSlug"": ""presidential-election-winner-2028"", ""outcome"": ""Yes"", ""outcomeIndex"": 0, ""name"": ""ftfjfffgjfg"", ""pseudonym"": ""Unique-Girl"", ""bio"": """", ""profileImage"": """", ""profileImageOptimized"": """", ""transactionHash"": ""0xb608d3db844bdb3a14fbaa69615676980f1d0b663752a4b6e89b0175495fe4b7""}"
1769916796,2026-02-14T01:58:42.806412,0xc7c60b055221d0eb568158283dc6de883d27a66118c0c3650b8a3422f24617f9:1769916796,561251,39223330966352513418907732239455948906399882924787587183466504819170775983376,BUY,0.009,3872.0,34.848,0xc7c60b055221d0eb568158283dc6de883d27a66118c0c3650b8a3422f24617f9,"{""proxyWallet"": ""0x6a520c480a2f0a702f6d93a00cf67c8a15de36e5"", ""side"": ""BUY"", ""asset"": ""39223330966352513418907732239455948906399882924787587183466504819170775983376"", ""conditionId"": ""0x836b850fc838195374862551a36f1c8691d96ff01e58b0a071f0fc1a0e357fb1"", ""size"": 3872, ""price"": 0.009, ""timestamp"": 1769916796, ""title"": ""Will LeBron James win the 2028 US Presidential Election?"", ""slug"": ""will-lebron-james-win-the-2028-us-presidential-election"", ""icon"": ""https://polymarket-upload.s3.us-east-2.amazonaws.com/Lebron_James.png"", ""eventSlug"": ""presidential-election-winner-2028"", ""outcome"": ""Yes"", ""outcomeIndex"": 0, ""name"": ""RollupDriftFi"", ""pseudonym"": ""Handy-Vengeance"", ""bio"": """", ""profileImage"": """", ""profileImageOptimized"": """", ""transactionHash"": ""0xc7c60b055221d0eb568158283dc6de883d27a66118c0c3650b8a3422f24617f9""}"
1769916602,2026-02-14T01:58:42.806435,0x13e5d19679d1c4563b83f58b353a3045621155bc1e03af8cd83ff168b0f8d20d:1769916602,561251,39223330966352513418907732239455948906399882924787587183466504819170775983376,BUY,0.009,1342.0,12.078,0x13e5d19679d1c4563b83f58b353a3045621155bc1e03af8cd83ff168b0f8d20d,"{""proxyWallet"": ""0x3f5c70285ff66554134598e7e1dd5f9891f65543"", ""side"": ""BUY"", ""asset"": ""39223330966352513418907732239455948906399882924787587183466504819170775983376"", ""conditionId"": ""0x836b850fc838195374862551a36f1c8691d96ff01e58b0a071f0fc1a0e357fb1"", ""size"": 1342, ""price"": 0.009, ""timestamp"": 1769916602, ""title"": ""Will LeBron James win the 2028 US Presidential Election?"", ""slug"": ""will-lebron-james-win-the-2028-us-presidential-election"", ""icon"": ""https://polymarket-upload.s3.us-east-2.amazonaws.com/Lebron_James.png"", ""eventSlug"": ""presidential-election-winner-2028"", ""outcome"": ""Yes"", ""outcomeIndex"": 0, ""name"": ""zgcnzcgcv"", ""pseudonym"": ""Second-Grandmom"", ""bio"": """", ""profileImage"": """", ""profileImageOptimized"": """", ""transactionHash"": ""0x13e5d19679d1c4563b83f58b353a3045621155bc1e03af8cd83ff168b0f8d20d""}"
1769916408,2026-02-14T01:58:42.806451,0x5f00483df556000bb328680b902d9de0691ad9d467467999d120d48a188cbe6b:1769916408,561251,39223330966352513418907732239455948906399882924787587183466504819170775983376,BUY,0.009,3961.0,35.648999999999994,0x5f00483df556000bb328680b902d9de0691ad9d467467999d120d48a188cbe6b,"{""proxyWallet"": ""0x15c3cbfbc7c7af956caa8c9e32a731334e47b700"", ""side"": ""BUY"", ""asset"": ""39223330966352513418907732239455948906399882924787587183466504819170775983376"", ""conditionId"": ""0x836b850fc838195374862551a36f1c8691d96ff01e58b0a071f0fc1a0e357fb1"", ""size"": 3961, ""price"": 0.009, ""timestamp"": 1769916408, ""title"": ""Will LeBron James win the 2028 US Presidential Election?"", ""slug"": ""will-lebron-james-win-the-2028-us-presidential-election"", ""icon"": ""https://polymarket-upload.s3.us-east-2.amazonaws.com/Lebron_James.png"", ""eventSlug"": ""presidential-election-winner-2028"", ""outcome"": ""Yes"", ""outcomeIndex"": 0, ""name"": ""AshleyDixo14774"", ""pseudonym"": ""Glass-Collard"", ""bio"": """", ""profileImage"": """", ""profileImageOptimized"": """", ""transactionHash"": ""0x5f00483df556000bb328680b902d9de0691ad9d467467999d120d48a188cbe6b""}"
1769916368,2026-02-14T01:58:42.806467,0x9cd3e19bfa28f13d0886c23fe3315b4098885084a5a40fb79c90e804d42bac46:1769916368,561251,39223330966352513418907732239455948906399882924787587183466504819170775983376,BUY,0.009,3502.0,31.517999999999997,0x9cd3e19bfa28f13d0886c23fe3315b4098885084a5a40fb79c90e804d42bac46,"{""proxyWallet"": ""0x80bd4dcf13de6122f81c169394ea62743156b733"", ""side"": ""BUY"", ""asset"": ""39223330966352513418907732239455948906399882924787587183466504819170775983376"", ""conditionId"": ""0x836b850fc838195374862551a36f1c8691d96ff01e58b0a071f0fc1a0e357fb1"", ""size"": 3502, ""price"": 0.009, ""timestamp"": 1769916368, ""title"": ""Will LeBron James win the 2028 US Presidential Election?"", ""slug"": ""will-lebron-james-win-the-2028-us-presidential-election"", ""icon"": ""https://polymarket-upload.s3.us-east-2.amazonaws.com/Lebron_James.png"", ""eventSlug"": ""presidential-election-winner-2028"", ""outcome"": ""Yes"", ""outcomeIndex"": 0, ""name"": ""SharonH88839"", ""pseudonym"": ""Innocent-Glory"", ""bio"": """", ""profileImage"": """", ""profileImageOptimized"": """", ""transactionHash"": ""0x9cd3e19bfa28f13d0886c23fe3315b4098885084a5a40fb79c90e804d42bac46""}"
1769916352,2026-02-14T01:58:42.806482,0x25bdc0c437b5c0251934bbcce33985a5fc6525ce43fc7dc1081640ee1e6914d6:1769916352,561251,39223330966352513418907732239455948906399882924787587183466504819170775983376,BUY,0.009,1564.0,14.075999999999999,0x25bdc0c437b5c0251934bbcce33985a5fc6525ce43fc7dc1081640ee1e6914d6,"{""proxyWallet"": ""0xb2982bba111beebfbe60bb7d23cf568f496f0d28"", ""side"": ""BUY"", ""asset"": ""39223330966352513418907732239455948906399882924787587183466504819170775983376"", ""conditionId"": ""0x836b850fc838195374862551a36f1c8691d96ff01e58b0a071f0fc1a0e357fb1"", ""size"": 1564, ""price"": 0.009, ""timestamp"": 1769916352, ""title"": ""Will LeBron James win the 2028 US Presidential Election?"", ""slug"": ""will-lebron-james-win-the-2028-us-presidential-election"", ""icon"": ""https://polymarket-upload.s3.us-east-2.amazonaws.com/Lebron_James.png"", ""eventSlug"": ""presidential-election-winner-2028"", ""outcome"": ""Yes"", ""outcomeIndex"": 0, ""name"": ""drgsdrg"", ""pseudonym"": ""Noisy-Club"", ""bio"": """", ""profileImage"": """", ""profileImageOptimized"": """", ""transactionHash"": ""0x25bdc0c437b5c0251934bbcce33985a5fc6525ce43fc7dc1081640ee1e6914d6""}"
1769916186,2026-02-14T01:58:42.806499,0x827462767dc57a0c7ecd9010d6fd29deaa06d01535c882d1495794b544d910ef:1769916186,561251,39223330966352513418907732239455948906399882924787587183466504819170775983376,SELL,0.008,4515.48,36.123839999999994,0x827462767dc57a0c7ecd9010d6fd29deaa06d01535c882d1495794b544d910ef,"{""proxyWallet"": ""0xb50c33f36000413e9ab011dea29eacd8550a46c7"", ""side"": ""SELL"", ""asset"": ""39223330966352513418907732239455948906399882924787587183466504819170775983376"", ""conditionId"": ""0x836b850fc838195374862551a36f1c8691d96ff01e58b0a071f0fc1a0e357fb1"", ""size"": 4515.48, ""price"": 0.008, ""timestamp"": 1769916186, ""title"": ""Will LeBron James win the 2028 US Presidential Election?"", ""slug"": ""will-lebron-james-win-the-2028-us-presidential-election"", ""icon"": ""https://polymarket-upload.s3.us-east-2.amazonaws.com/Lebron_James.png"", ""eventSlug"": ""presidential-election-winner-2028"", ""outcome"": ""Yes"", ""outcomeIndex"": 0, ""name"": ""0xb50c33F36000413e9ab011dEa29eaCD8550A46C7-1768499214788"", ""pseudonym"": ""Pricey-Composition"", ""bio"": """", ""profileImage"": """", ""profileImageOptimized"": """", ""transactionHash"": ""0x827462767dc57a0c7ecd9010d6fd29deaa06d01535c882d1495794b544d910ef""}"
1769914910,2026-02-14T01:58:42.806519,0x021ab1a13d824b7afc305e53e168e363b6a0f00fbeb4dc911c95de5cba33c417:1769914910,561251,39223330966352513418907732239455948906399882924787587183466504819170775983376,BUY,0.009,309.0,2.7809999999999997,0x021ab1a13d824b7afc305e53e168e363b6a0f00fbeb4dc911c95de5cba33c417,"{""proxyWallet"": ""0x9cace9090723efd56a13ace2e3f4e2eddf542d4e"", ""side"": ""BUY"", ""asset"": ""39223330966352513418907732239455948906399882924787587183466504819170775983376"", ""conditionId"": ""0x836b850fc838195374862551a36f1c8691d96ff01e58b0a071f0fc1a0e357fb1"", ""size"": 309, ""price"": 0.009, ""timestamp"": 1769914910, ""title"": ""Will LeBron James win the 2028 US Presidential Election?"", ""slug"": ""will-lebron-james-win-the-2028-us-presidential-election"", ""icon"": ""https://polymarket-upload.s3.us-east-2.amazonaws.com/Lebron_James.png"", ""eventSlug"": ""presidential-election-winner-2028"", ""outcome"": ""Yes"", ""outcomeIndex"": 0, ""name"": ""richardmarquez"", ""pseudonym"": ""Ringed-Interchange"", ""bio"": """", ""profileImage"": """", ""profileImageOptimized"": """", ""transactionHash"": ""0x021ab1a13d824b7afc305e53e168e363b6a0f00fbeb4dc911c95de5cba33c417""}"
1769914266,2026-02-14T01:58:42.806540,0xd541af2f9ab7ab4384e9de766fb1938898cc57d8f5d1a85c0236ffaac17403c6:1769914266,561251,39223330966352513418907732239455948906399882924787587183466504819170775983376,BUY,0.009,7478.0,67.30199999999999,0xd541af2f9ab7ab4384e9de766fb1938898cc57d8f5d1a85c0236ffaac17403c6,"{""proxyWallet"": ""0x2a670f87c73a6e01a0f1935bffe538c1bdc40c1d"", ""side"": ""BUY"", ""asset"": ""39223330966352513418907732239455948906399882924787587183466504819170775983376"", ""conditionId"": ""0x836b850fc838195374862551a36f1c8691d96ff01e58b0a071f0fc1a0e357fb1"", ""size"": 7478, ""price"": 0.009, ""timestamp"": 1769914266, ""title"": ""Will LeBron James win the 2028 US Presidential Election?"", ""slug"": ""will-lebron-james-win-the-2028-us-presidential-election"", ""icon"": ""https://polymarket-upload.s3.us-east-2.amazonaws.com/Lebron_James.png"", ""eventSlug"": ""presidential-election-winner-2028"", ""outcome"": ""Yes"", ""outcomeIndex"": 0, ""name"": ""Emebjii"", ""pseudonym"": ""Livid-Nourishment"", ""bio"": """", ""profileImage"": """", ""profileImageOptimized"": """", ""transactionHash"": ""0xd541af2f9ab7ab4384e9de766fb1938898cc57d8f5d1a85c0236ffaac17403c6""}"
1769913710,2026-02-14T01:58:42.806559,0xf8d37b2b0920aeed6f8c8e30f0a521d14cdc45561b870ed3aa9c47a18a2a62c7:1769913710,561251,39223330966352513418907732239455948906399882924787587183466504819170775983376,SELL,0.008,3750.0,30.0,0xf8d37b2b0920aeed6f8c8e30f0a521d14cdc45561b870ed3aa9c47a18a2a62c7,"{""proxyWallet"": ""0x56e51290a6d0fc7aa526fef7ce83a1eec4c621bd"", ""side"": ""SELL"", ""asset"": ""39223330966352513418907732239455948906399882924787587183466504819170775983376"", ""conditionId"": ""0x836b850fc838195374862551a36f1c8691d96ff01e58b0a071f0fc1a0e357fb1"", ""size"": 3750, ""price"": 0.008, ""timestamp"": 1769913710, ""title"": ""Will LeBron James win the 2028 US Presidential Election?"", ""slug"": ""will-lebron-james-win-the-2028-us-presidential-election"", ""icon"": ""https://polymarket-upload.s3.us-east-2.amazonaws.com/Lebron_James.png"", ""eventSlug"": ""presidential-election-winner-2028"", ""outcome"": ""Yes"", ""outcomeIndex"": 0, ""name"": ""0x56e51290A6d0fc7aA526fEf7cE83A1eeC4C621Bd-1770082900463"", ""pseudonym"": ""Joint-Graft"", ""bio"": """", ""profileImage"": """", ""profileImageOptimized"": """", ""transactionHash"": ""0xf8d37b2b0920aeed6f8c8e30f0a521d14cdc45561b870ed3aa9c47a18a2a62c7""}"
1769913250,2026-02-14T01:58:42.806576,0x30a2ae7c01e333cb8b32c3fa4ffe06447364e224ffe80fc669d7f91b1388e7df:1769913250,561251,39223330966352513418907732239455948906399882924787587183466504819170775983376,SELL,0.008,3749.0,29.992,0x30a2ae7c01e333cb8b32c3fa4ffe06447364e224ffe80fc669d7f91b1388e7df,"{""proxyWallet"": ""0x2dfd5c1217243fe899eaced952d370bb5a6f1f9a"", ""side"": ""SELL"", ""asset"": ""39223330966352513418907732239455948906399882924787587183466504819170775983376"", ""conditionId"": ""0x836b850fc838195374862551a36f1c8691d96ff01e58b0a071f0fc1a0e357fb1"", ""size"": 3749, ""price"": 0.008, ""timestamp"": 1769913250, ""title"": ""Will LeBron James win the 2028 US Presidential Election?"", ""slug"": ""will-lebron-james-win-the-2028-us-presidential-election"", ""icon"": ""https://polymarket-upload.s3.us-east-2.amazonaws.com/Lebron_James.png"", ""eventSlug"": ""presidential-election-winner-2028"", ""outcome"": ""Yes"", ""outcomeIndex"": 0, ""name"": ""Henriettajaneann"", ""pseudonym"": ""Dazzling-Table"", ""bio"": """", ""profileImage"": """", ""profileImageOptimized"": """", ""transactionHash"": ""0x30a2ae7c01e333cb8b32c3fa4ffe06447364e224ffe80fc669d7f91b1388e7df""}"
1769912818,2026-02-14T01:58:42.806592,0xa808a2008137f4e1100328e988435fda59bcd149bef7cbe66b00d86e6acf198f:1769912818,561251,39223330966352513418907732239455948906399882924787587183466504819170775983376,SELL,0.008,220.0,1.76,0xa808a2008137f4e1100328e988435fda59bcd149bef7cbe66b00d86e6acf198f,"{""proxyWallet"": ""0x82ff11545b90af42b740e78f811cc14deecd720b"", ""side"": ""SELL"", ""asset"": ""39223330966352513418907732239455948906399882924787587183466504819170775983376"", ""conditionId"": ""0x836b850fc838195374862551a36f1c8691d96ff01e58b0a071f0fc1a0e357fb1"", ""size"": 220, ""price"": 0.008, ""timestamp"": 1769912818, ""title"": ""Will LeBron James win the 2028 US Presidential Election?"", ""slug"": ""will-lebron-james-win-the-2028-us-presidential-election"", ""icon"": ""https://polymarket-upload.s3.us-east-2.amazonaws.com/Lebron_James.png"", ""eventSlug"": ""presidential-election-winner-2028"", ""outcome"": ""Yes"", ""outcomeIndex"": 0, ""name"": ""tamara49"", ""pseudonym"": ""Harmful-Octet"", ""bio"": """", ""profileImage"": """", ""profileImageOptimized"": """", ""transactionHash"": ""0xa808a2008137f4e1100328e988435fda59bcd149bef7cbe66b00d86e6acf198f""}"
1769912062,2026-02-14T01:58:42.806608,0x4956ba5a5757236a87f6d46e8a050e80f72077f3cb466e12e3a796539f8096e8:1769912062,561251,39223330966352513418907732239455948906399882924787587183466504819170775983376,BUY,0.009000000009,111.111111,0.9999999999999999,0x4956ba5a5757236a87f6d46e8a050e80f72077f3cb466e12e3a796539f8096e8,"{""proxyWallet"": ""0x82fc3f085e56afd260dc2c023c86d529edb227d0"", ""side"": ""BUY"", ""asset"": ""39223330966352513418907732239455948906399882924787587183466504819170775983376"", ""conditionId"": ""0x836b850fc838195374862551a36f1c8691d96ff01e58b0a071f0fc1a0e357fb1"", ""size"": 111.111111, ""price"": 0.009000000009, ""timestamp"": 1769912062, ""title"": ""Will LeBron James win the 2028 US Presidential Election?"", ""slug"": ""will-lebron-james-win-the-2028-us-presidential-election"", ""icon"": ""https://polymarket-upload.s3.us-east-2.amazonaws.com/Lebron_James.png"", ""eventSlug"": ""presidential-election-winner-2028"", ""outcome"": ""Yes"", ""outcomeIndex"": 0, ""name"": """", ""pseudonym"": """", ""bio"": """", ""profileImage"": """", ""profileImageOptimized"": """", ""transactionHash"": ""0x4956ba5a5757236a87f6d46e8a050e80f72077f3cb466e12e3a796539f8096e8""}"
1769911580,2026-02-14T01:58:42.806625,0x4860644741ce443b895de7a18169b1ea52e32d6d56e40c6b00f58139d1ac13ab:1769911580,561251,39223330966352513418907732239455948906399882924787587183466504819170775983376,SELL,0.008,1308.0,10.464,0x4860644741ce443b895de7a18169b1ea52e32d6d56e40c6b00f58139d1ac13ab,"{""proxyWallet"": ""0x07da205ccb25196db06ffa3d10e7f655b13fa0cc"", ""side"": ""SELL"", ""asset"": ""39223330966352513418907732239455948906399882924787587183466504819170775983376"", ""conditionId"": ""0x836b850fc838195374862551a36f1c8691d96ff01e58b0a071f0fc1a0e357fb1"", ""size"": 1308, ""price"": 0.008, ""timestamp"": 1769911580, ""title"": ""Will LeBron James win the 2028 US Presidential Election?"", ""slug"": ""will-lebron-james-win-the-2028-us-presidential-election"", ""icon"": ""https://polymarket-upload.s3.us-east-2.amazonaws.com/Lebron_James.png"", ""eventSlug"": ""presidential-election-winner-2028"", ""outcome"": ""Yes"", ""outcomeIndex"": 0, ""name"": ""3fg1hfg13h3f"", ""pseudonym"": ""Well-Documented-Spear"", ""bio"": """", ""profileImage"": """", ""profileImageOptimized"": """", ""transactionHash"": ""0x4860644741ce443b895de7a18169b1ea52e32d6d56e40c6b00f58139d1ac13ab""}"
1769911394,2026-02-14T01:58:42.806640,0x1fba9fedf662526bd2f2715219df82e1c2d0344d8977698d85eebc2dd7128798:1769911394,561251,39223330966352513418907732239455948906399882924787587183466504819170775983376,SELL,0.008,1299.0,10.392,0x1fba9fedf662526bd2f2715219df82e1c2d0344d8977698d85eebc2dd7128798,"{""proxyWallet"": ""0x843b3e8a499c4873bd92581d84d9d38d858206c3"", ""side"": ""SELL"", ""asset"": ""39223330966352513418907732239455948906399882924787587183466504819170775983376"", ""conditionId"": ""0x836b850fc838195374862551a36f1c8691d96ff01e58b0a071f0fc1a0e357fb1"", ""size"": 1299, ""price"": 0.008, ""timestamp"": 1769911394, ""title"": ""Will LeBron James win the 2028 US Presidential Election?"", ""slug"": ""will-lebron-james-win-the-2028-us-presidential-election"", ""icon"": ""https://polymarket-upload.s3.us-east-2.amazonaws.com/Lebron_James.png"", ""eventSlug"": ""presidential-election-winner-2028"", ""outcome"": ""Yes"", ""outcomeIndex"": 0, ""name"": ""fgjfgdfh"", ""pseudonym"": ""Feline-Gladiolus"", ""bio"": """", ""profileImage"": """", ""profileImageOptimized"": """", ""transactionHash"": ""0x1fba9fedf662526bd2f2715219df82e1c2d0344d8977698d85eebc2dd7128798""}"
1769910976,2026-02-14T01:58:42.806656,0x2e7bb3ec1a8088183fa996ce569ba39a8bd0d82788fb93c04813f546bacfc2bd:1769910976,561251,39223330966352513418907732239455948906399882924787587183466504819170775983376,SELL,0.008,1295.0,10.36,0x2e7bb3ec1a8088183fa996ce569ba39a8bd0d82788fb93c04813f546bacfc2bd,"{""proxyWallet"": ""0xc4469324c3983564bd127951cd8ca30db01fc974"", ""side"": ""SELL"", ""asset"": ""39223330966352513418907732239455948906399882924787587183466504819170775983376"", ""conditionId"": ""0x836b850fc838195374862551a36f1c8691d96ff01e58b0a071f0fc1a0e357fb1"", ""size"": 1295, ""price"": 0.008, ""timestamp"": 1769910976, ""title"": ""Will LeBron James win the 2028 US Presidential Election?"", ""slug"": ""will-lebron-james-win-the-2028-us-presidential-election"", ""icon"": ""https://polymarket-upload.s3.us-east-2.amazonaws.com/Lebron_James.png"", ""eventSlug"": ""presidential-election-winner-2028"", ""outcome"": ""Yes"", ""outcomeIndex"": 0, ""name"": ""fghndfg"", ""pseudonym"": ""Flippant-Brownie"", ""bio"": """", ""profileImage"": """", ""profileImageOptimized"": """", ""transactionHash"": ""0x2e7bb3ec1a8088183fa996ce569ba39a8bd0d82788fb93c04813f546bacfc2bd""}"
1769910946,2026-02-14T01:58:42.806671,0xd24504c71be861b7951e08e24fbffe93e97ff59811c2d28377d88c23184298f9:1769910946,561251,39223330966352513418907732239455948906399882924787587183466504819170775983376,SELL,0.008,1489.0,11.912,0xd24504c71be861b7951e08e24fbffe93e97ff59811c2d28377d88c23184298f9,"{""proxyWallet"": ""0xea64aa86302ce15a54d962f1b415f9870ef11815"", ""side"": ""SELL"", ""asset"": ""39223330966352513418907732239455948906399882924787587183466504819170775983376"", ""conditionId"": ""0x836b850fc838195374862551a36f1c8691d96ff01e58b0a071f0fc1a0e357fb1"", ""size"": 1489, ""price"": 0.008, ""timestamp"": 1769910946, ""title"": ""Will LeBron James win the 2028 US Presidential Election?"", ""slug"": ""will-lebron-james-win-the-2028-us-presidential-election"", ""icon"": ""https://polymarket-upload.s3.us-east-2.amazonaws.com/Lebron_James.png"", ""eventSlug"": ""presidential-election-winner-2028"", ""outcome"": ""Yes"", ""outcomeIndex"": 0, ""name"": ""g2j1gh52kl46gh"", ""pseudonym"": ""Lanky-Anatomy"", ""bio"": """", ""profileImage"": """", ""profileImageOptimized"": """", ""transactionHash"": ""0xd24504c71be861b7951e08e24fbffe93e97ff59811c2d28377d88c23184298f9""}"
1769910838,2026-02-14T01:58:42.806687,0x0410a75ef54b1407d7598b40e8f46584a59d0ee21281de0c77fdb9dc8003c0a7:1769910838,561251,39223330966352513418907732239455948906399882924787587183466504819170775983376,SELL,0.008,2349.0,18.792,0x0410a75ef54b1407d7598b40e8f46584a59d0ee21281de0c77fdb9dc8003c0a7,"{""proxyWallet"": ""0xf0dc5c33e78cda0cd7d21cb52925c1cc448eac4c"", ""side"": ""SELL"", ""asset"": ""39223330966352513418907732239455948906399882924787587183466504819170775983376"", ""conditionId"": ""0x836b850fc838195374862551a36f1c8691d96ff01e58b0a071f0fc1a0e357fb1"", ""size"": 2349, ""price"": 0.008, ""timestamp"": 1769910838, ""title"": ""Will LeBron James win the 2028 US Presidential Election?"", ""slug"": ""will-lebron-james-win-the-2028-us-presidential-election"", ""icon"": ""https://polymarket-upload.s3.us-east-2.amazonaws.com/Lebron_James.png"", ""eventSlug"": ""presidential-election-winner-2028"", ""outcome"": ""Yes"", ""outcomeIndex"": 0, ""name"": ""wqesdsyiyi"", ""pseudonym"": ""Exotic-Dandelion"", ""bio"": """", ""profileImage"": """", ""profileImageOptimized"": """", ""transactionHash"": ""0x0410a75ef54b1407d7598b40e8f46584a59d0ee21281de0c77fdb9dc8003c0a7""}"
1769910714,2026-02-14T01:58:42.806710,0xe1ed6ddba4804eb54acdbe61f496bafbb7b4d0ba8795223c2f4fa26ae0843bfe:1769910714,561251,39223330966352513418907732239455948906399882924787587183466504819170775983376,SELL,0.008,1479.0,11.832,0xe1ed6ddba4804eb54acdbe61f496bafbb7b4d0ba8795223c2f4fa26ae0843bfe,"{""proxyWallet"": ""0xb92c09e0c1e9dd206f43f90825bc550e26e09620"", ""side"": ""SELL"", ""asset"": ""39223330966352513418907732239455948906399882924787587183466504819170775983376"", ""conditionId"": ""0x836b850fc838195374862551a36f1c8691d96ff01e58b0a071f0fc1a0e357fb1"", ""size"": 1479, ""price"": 0.008, ""timestamp"": 1769910714, ""title"": ""Will LeBron James win the 2028 US Presidential Election?"", ""slug"": ""will-lebron-james-win-the-2028-us-presidential-election"", ""icon"": ""https://polymarket-upload.s3.us-east-2.amazonaws.com/Lebron_James.png"", ""eventSlug"": ""presidential-election-winner-2028"", ""outcome"": ""Yes"", ""outcomeIndex"": 0, ""name"": ""0xB92c09E0c1E9Dd206F43f90825BC550e26e09620-1769769509846"", ""pseudonym"": ""Ironclad-Halt"", ""bio"": """", ""profileImage"": """", ""profileImageOptimized"": """", ""transactionHash"": ""0xe1ed6ddba4804eb54acdbe61f496bafbb7b4d0ba8795223c2f4fa26ae0843bfe""}"
1769910684,2026-02-14T01:58:42.806727,0xbf6444e77d47be9d9e034e26c494646c3ea57674a462448dd3ae836e5260fcc2:1769910684,561251,39223330966352513418907732239455948906399882924787587183466504819170775983376,SELL,0.008,3740.0,29.92,0xbf6444e77d47be9d9e034e26c494646c3ea57674a462448dd3ae836e5260fcc2,"{""proxyWallet"": ""0xb849e7d7510c3f37ae06e3074b3c4d1fa71eaabc"", ""side"": ""SELL"", ""asset"": ""39223330966352513418907732239455948906399882924787587183466504819170775983376"", ""conditionId"": ""0x836b850fc838195374862551a36f1c8691d96ff01e58b0a071f0fc1a0e357fb1"", ""size"": 3740, ""price"": 0.008, ""timestamp"": 1769910684, ""title"": ""Will LeBron James win the 2028 US Presidential Election?"", ""slug"": ""will-lebron-james-win-the-2028-us-presidential-election"", ""icon"": ""https://polymarket-upload.s3.us-east-2.amazonaws.com/Lebron_James.png"", ""eventSlug"": ""presidential-election-winner-2028"", ""outcome"": ""Yes"", ""outcomeIndex"": 0, ""name"": ""DeFiShaman"", ""pseudonym"": ""Rude-Mastoid"", ""bio"": """", ""profileImage"": """", ""profileImageOptimized"": """", ""transactionHash"": ""0xbf6444e77d47be9d9e034e26c494646c3ea57674a462448dd3ae836e5260fcc2""}"
1769910676,2026-02-14T01:58:42.806742,0x21f783c6366c664a088437532e5a0a8792ec81275025d3db5af4565426e3035f:1769910676,561251,39223330966352513418907732239455948906399882924787587183466504819170775983376,SELL,0.008,1277.0,10.216000000000001,0x21f783c6366c664a088437532e5a0a8792ec81275025d3db5af4565426e3035f,"{""proxyWallet"": ""0xf1ff6c9286eaf4e486115fa38fd19cc3d925eae7"", ""side"": ""SELL"", ""asset"": ""39223330966352513418907732239455948906399882924787587183466504819170775983376"", ""conditionId"": ""0x836b850fc838195374862551a36f1c8691d96ff01e58b0a071f0fc1a0e357fb1"", ""size"": 1277, ""price"": 0.008, ""timestamp"": 1769910676, ""title"": ""Will LeBron James win the 2028 US Presidential Election?"", ""slug"": ""will-lebron-james-win-the-2028-us-presidential-election"", ""icon"": ""https://polymarket-upload.s3.us-east-2.amazonaws.com/Lebron_James.png"", ""eventSlug"": ""presidential-election-winner-2028"", ""outcome"": ""Yes"", ""outcomeIndex"": 0, ""name"": ""fgjhjhgkjgj"", ""pseudonym"": ""Impartial-Sphere"", ""bio"": """", ""profileImage"": """", ""profileImageOptimized"": """", ""transactionHash"": ""0x21f783c6366c664a088437532e5a0a8792ec81275025d3db5af4565426e3035f""}"
1769910116,2026-02-14T01:58:42.806760,0x934fbffd341dde2ac0a308455401e10dafca932726f101ea2858912e792c254a:1769910116,561251,39223330966352513418907732239455948906399882924787587183466504819170775983376,SELL,0.008,1261.0,10.088000000000001,0x934fbffd341dde2ac0a308455401e10dafca932726f101ea2858912e792c254a,"{""proxyWallet"": ""0xbd81aa1b9fbd48cafce150360cf1072f5c96ff66"", ""side"": ""SELL"", ""asset"": ""39223330966352513418907732239455948906399882924787587183466504819170775983376"", ""conditionId"": ""0x836b850fc838195374862551a36f1c8691d96ff01e58b0a071f0fc1a0e357fb1"", ""size"": 1261, ""price"": 0.008, ""timestamp"": 1769910116, ""title"": ""Will LeBron James win the 2028 US Presidential Election?"", ""slug"": ""will-lebron-james-win-the-2028-us-presidential-election"", ""icon"": ""https://polymarket-upload.s3.us-east-2.amazonaws.com/Lebron_James.png"", ""eventSlug"": ""presidential-election-winner-2028"", ""outcome"": ""Yes"", ""outcomeIndex"": 0, ""name"": ""gfhftryrty"", ""pseudonym"": ""Fresh-Rebellion"", ""bio"": """", ""profileImage"": """", ""profileImageOptimized"": """", ""transactionHash"": ""0x934fbffd341dde2ac0a308455401e10dafca932726f101ea2858912e792c254a""}"
1769910084,2026-02-14T01:58:42.806776,0xb701d26965e94c442ff9498b62dc7dc23fecc4f50bb22d9b1905d33b8032ded6:1769910084,561251,39223330966352513418907732239455948906399882924787587183466504819170775983376,SELL,0.008,1362.0,10.896,0xb701d26965e94c442ff9498b62dc7dc23fecc4f50bb22d9b1905d33b8032ded6,"{""proxyWallet"": ""0x2764aafccad29585879e7314b29b98101905fdd3"", ""side"": ""SELL"", ""asset"": ""39223330966352513418907732239455948906399882924787587183466504819170775983376"", ""conditionId"": ""0x836b850fc838195374862551a36f1c8691d96ff01e58b0a071f0fc1a0e357fb1"", ""size"": 1362, ""price"": 0.008, ""timestamp"": 1769910084, ""title"": ""Will LeBron James win the 2028 US Presidential Election?"", ""slug"": ""will-lebron-james-win-the-2028-us-presidential-election"", ""icon"": ""https://polymarket-upload.s3.us-east-2.amazonaws.com/Lebron_James.png"", ""eventSlug"": ""presidential-election-winner-2028"", ""outcome"": ""Yes"", ""outcomeIndex"": 0, ""name"": ""ghjjdfggh"", ""pseudonym"": ""Dark-Den"", ""bio"": """", ""profileImage"": """", ""profileImageOptimized"": """", ""transactionHash"": ""0xb701d26965e94c442ff9498b62dc7dc23fecc4f50bb22d9b1905d33b8032ded6""}"
1769909980,2026-02-14T01:58:42.806792,0x392f47bcc8b65da968993c54ca538503c1c03897a5008e9d2c5743f6c5e1580f:1769909980,561251,39223330966352513418907732239455948906399882924787587183466504819170775983376,BUY,0.009,3567.0,32.102999999999994,0x392f47bcc8b65da968993c54ca538503c1c03897a5008e9d2c5743f6c5e1580f,"{""proxyWallet"": ""0x71eb3a8bc0c2ca6087609df2453b98a2d78d4b1f"", ""side"": ""BUY"", ""asset"": ""39223330966352513418907732239455948906399882924787587183466504819170775983376"", ""conditionId"": ""0x836b850fc838195374862551a36f1c8691d96ff01e58b0a071f0fc1a0e357fb1"", ""size"": 3567, ""price"": 0.009, ""timestamp"": 1769909980, ""title"": ""Will LeBron James win the 2028 US Presidential Election?"", ""slug"": ""will-lebron-james-win-the-2028-us-presidential-election"", ""icon"": ""https://polymarket-upload.s3.us-east-2.amazonaws.com/Lebron_James.png"", ""eventSlug"": ""presidential-election-winner-2028"", ""outcome"": ""Yes"", ""outcomeIndex"": 0, ""name"": ""DeFiSagesfas"", ""pseudonym"": ""Rude-Tights"", ""bio"": """", ""profileImage"": """", ""profileImageOptimized"": """", ""transactionHash"": ""0x392f47bcc8b65da968993c54ca538503c1c03897a5008e9d2c5743f6c5e1580f""}"
1769909974,2026-02-14T01:58:42.806808,0xf6ea35760bb3b343f4fafcddff95e9100735bd87fb671e62dc06f5469e705f44:1769909974,561251,39223330966352513418907732239455948906399882924787587183466504819170775983376,SELL,0.008,1231.0,9.848,0xf6ea35760bb3b343f4fafcddff95e9100735bd87fb671e62dc06f5469e705f44,"{""proxyWallet"": ""0xf52e7791c433b014ae58e1a0ac2b6812b44c2a95"", ""side"": ""SELL"", ""asset"": ""39223330966352513418907732239455948906399882924787587183466504819170775983376"", ""conditionId"": ""0x836b850fc838195374862551a36f1c8691d96ff01e58b0a071f0fc1a0e357fb1"", ""size"": 1231, ""price"": 0.008, ""timestamp"": 1769909974, ""title"": ""Will LeBron James win the 2028 US Presidential Election?"", ""slug"": ""will-lebron-james-win-the-2028-us-presidential-election"", ""icon"": ""https://polymarket-upload.s3.us-east-2.amazonaws.com/Lebron_James.png"", ""eventSlug"": ""presidential-election-winner-2028"", ""outcome"": ""Yes"", ""outcomeIndex"": 0, ""name"": ""gdfhfghjfghjf"", ""pseudonym"": ""Trivial-Motivation"", ""bio"": """", ""profileImage"": """", ""profileImageOptimized"": """", ""transactionHash"": ""0xf6ea35760bb3b343f4fafcddff95e9100735bd87fb671e62dc06f5469e705f44""}"
1769909954,2026-02-14T01:58:42.806824,0x7015f4714145b711fdfed2d14e7d2766a8b1c6bddb032fa1c26a7e0907d019ac:1769909954,561251,39223330966352513418907732239455948906399882924787587183466504819170775983376,BUY,0.009,3750.0,33.75,0x7015f4714145b711fdfed2d14e7d2766a8b1c6bddb032fa1c26a7e0907d019ac,"{""proxyWallet"": ""0xe0f07bbe658e2ab94741977d4125cadfc4e02eb6"", ""side"": ""BUY"", ""asset"": ""39223330966352513418907732239455948906399882924787587183466504819170775983376"", ""conditionId"": ""0x836b850fc838195374862551a36f1c8691d96ff01e58b0a071f0fc1a0e357fb1"", ""size"": 3750, ""price"": 0.009, ""timestamp"": 1769909954, ""title"": ""Will LeBron James win the 2028 US Presidential Election?"", ""slug"": ""will-lebron-james-win-the-2028-us-presidential-election"", ""icon"": ""https://polymarket-upload.s3.us-east-2.amazonaws.com/Lebron_James.png"", ""eventSlug"": ""presidential-election-winner-2028"", ""outcome"": ""Yes"", ""outcomeIndex"": 0, ""name"": ""BridgeChainPulse"", ""pseudonym"": ""Terrible-Afternoon"", ""bio"": """", ""profileImage"": """", ""profileImageOptimized"": """", ""transactionHash"": ""0x7015f4714145b711fdfed2d14e7d2766a8b1c6bddb032fa1c26a7e0907d019ac""}"
1769909780,2026-02-14T01:58:42.806843,0x1d1c589cc82c0f6d1d18893089599b32f4a513724b56e948c303048ccc486148:1769909780,561251,39223330966352513418907732239455948906399882924787587183466504819170775983376,SELL,0.008,1225.0,9.8,0x1d1c589cc82c0f6d1d18893089599b32f4a513724b56e948c303048ccc486148,"{""proxyWallet"": ""0x9be98b2fa28f13e4dcfd15b00484686086bde0e1"", ""side"": ""SELL"", ""asset"": ""39223330966352513418907732239455948906399882924787587183466504819170775983376"", ""conditionId"": ""0x836b850fc838195374862551a36f1c8691d96ff01e58b0a071f0fc1a0e357fb1"", ""size"": 1225, ""price"": 0.008, ""timestamp"": 1769909780, ""title"": ""Will LeBron James win the 2028 US Presidential Election?"", ""slug"": ""will-lebron-james-win-the-2028-us-presidential-election"", ""icon"": ""https://polymarket-upload.s3.us-east-2.amazonaws.com/Lebron_James.png"", ""eventSlug"": ""presidential-election-winner-2028"", ""outcome"": ""Yes"", ""outcomeIndex"": 0, ""name"": ""sdfvghjnjmk"", ""pseudonym"": ""Flustered-Reporting"", ""bio"": """", ""profileImage"": """", ""profileImageOptimized"": """", ""transactionHash"": ""0x1d1c589cc82c0f6d1d18893089599b32f4a513724b56e948c303048ccc486148""}"
1769909482,2026-02-14T01:58:42.806860,0xe6ddfa37a4d7fafe9cfe95a03a7d81e9e61353b13afaf9b02560a1968d2f0d26:1769909482,561251,39223330966352513418907732239455948906399882924787587183466504819170775983376,SELL,0.008,1340.0,10.72,0xe6ddfa37a4d7fafe9cfe95a03a7d81e9e61353b13afaf9b02560a1968d2f0d26,"{""proxyWallet"": ""0xedd76cfb39ab82e34f7a811c947fbf3fd1d4ef17"", ""side"": ""SELL"", ""asset"": ""39223330966352513418907732239455948906399882924787587183466504819170775983376"", ""conditionId"": ""0x836b850fc838195374862551a36f1c8691d96ff01e58b0a071f0fc1a0e357fb1"", ""size"": 1340, ""price"": 0.008, ""timestamp"": 1769909482, ""title"": ""Will LeBron James win the 2028 US Presidential Election?"", ""slug"": ""will-lebron-james-win-the-2028-us-presidential-election"", ""icon"": ""https://polymarket-upload.s3.us-east-2.amazonaws.com/Lebron_James.png"", ""eventSlug"": ""presidential-election-winner-2028"", ""outcome"": ""Yes"", ""outcomeIndex"": 0, ""name"": ""uioiplkhjth"", ""pseudonym"": ""Teeming-Grid"", ""bio"": """", ""profileImage"": """", ""profileImageOptimized"": """", ""transactionHash"": ""0xe6ddfa37a4d7fafe9cfe95a03a7d81e9e61353b13afaf9b02560a1968d2f0d26""}"
1769909120,2026-02-14T01:58:42.806878,0x775fd8b3c67c0808f52ee22d1c08b07ada0af8c2b0561ba2251ffe40177e4096:1769909120,561251,39223330966352513418907732239455948906399882924787587183466504819170775983376,SELL,0.008,1580.0,12.64,0x775fd8b3c67c0808f52ee22d1c08b07ada0af8c2b0561ba2251ffe40177e4096,"{""proxyWallet"": ""0xdc4fce7a86b32f7d9f0442478804391156016971"", ""side"": ""SELL"", ""asset"": ""39223330966352513418907732239455948906399882924787587183466504819170775983376"", ""conditionId"": ""0x836b850fc838195374862551a36f1c8691d96ff01e58b0a071f0fc1a0e357fb1"", ""size"": 1580, ""price"": 0.008, ""timestamp"": 1769909120, ""title"": ""Will LeBron James win the 2028 US Presidential Election?"", ""slug"": ""will-lebron-james-win-the-2028-us-presidential-election"", ""icon"": ""https://polymarket-upload.s3.us-east-2.amazonaws.com/Lebron_James.png"", ""eventSlug"": ""presidential-election-winner-2028"", ""outcome"": ""Yes"", ""outcomeIndex"": 0, ""name"": ""dfdgfdcvvbnu"", ""pseudonym"": ""Wiggly-Meaning"", ""bio"": """", ""profileImage"": """", ""profileImageOptimized"": """", ""transactionHash"": ""0x775fd8b3c67c0808f52ee22d1c08b07ada0af8c2b0561ba2251ffe40177e4096""}"
1769909110,2026-02-14T01:58:42.806894,0x4aaac33a507accb821835167c7b0958379221702b6fadd98f0cd380a28116582:1769909110,561251,39223330966352513418907732239455948906399882924787587183466504819170775983376,SELL,0.008,1473.0,11.784,0x4aaac33a507accb821835167c7b0958379221702b6fadd98f0cd380a28116582,"{""proxyWallet"": ""0xd1779423bf52d94c1cce7bdddf3eb6ebbf05e7d0"", ""side"": ""SELL"", ""asset"": ""39223330966352513418907732239455948906399882924787587183466504819170775983376"", ""conditionId"": ""0x836b850fc838195374862551a36f1c8691d96ff01e58b0a071f0fc1a0e357fb1"", ""size"": 1473, ""price"": 0.008, ""timestamp"": 1769909110, ""title"": ""Will LeBron James win the 2028 US Presidential Election?"", ""slug"": ""will-lebron-james-win-the-2028-us-presidential-election"", ""icon"": ""https://polymarket-upload.s3.us-east-2.amazonaws.com/Lebron_James.png"", ""eventSlug"": ""presidential-election-winner-2028"", ""outcome"": ""Yes"", ""outcomeIndex"": 0, ""name"": ""wqrewteryt"", ""pseudonym"": ""Amused-Toughguy"", ""bio"": """", ""profileImage"": """", ""profileImageOptimized"": """", ""transactionHash"": ""0x4aaac33a507accb821835167c7b0958379221702b6fadd98f0cd380a28116582""}"
1769909072,2026-02-14T01:58:42.806909,0x9da11e03fc1832508027693d11cff5a877aaa0de24b830aa4ed04d64ef4bc280:1769909072,561251,39223330966352513418907732239455948906399882924787587183466504819170775983376,SELL,0.008,3696.0,29.568,0x9da11e03fc1832508027693d11cff5a877aaa0de24b830aa4ed04d64ef4bc280,"{""proxyWallet"": ""0x88e6a21d8660d5529f0d9381dee456dfd19ee932"", ""side"": ""SELL"", ""asset"": ""39223330966352513418907732239455948906399882924787587183466504819170775983376"", ""conditionId"": ""0x836b850fc838195374862551a36f1c8691d96ff01e58b0a071f0fc1a0e357fb1"", ""size"": 3696, ""price"": 0.008, ""timestamp"": 1769909072, ""title"": ""Will LeBron James win the 2028 US Presidential Election?"", ""slug"": ""will-lebron-james-win-the-2028-us-presidential-election"", ""icon"": ""https://polymarket-upload.s3.us-east-2.amazonaws.com/Lebron_James.png"", ""eventSlug"": ""presidential-election-winner-2028"", ""outcome"": ""Yes"", ""outcomeIndex"": 0, ""name"": ""ChainXplorer"", ""pseudonym"": ""Punctual-Reservation"", ""bio"": """", ""profileImage"": """", ""profileImageOptimized"": """", ""transactionHash"": ""0x9da11e03fc1832508027693d11cff5a877aaa0de24b830aa4ed04d64ef4bc280""}"
1769909058,2026-02-14T01:58:42.806925,0xbfe945d0e76033915113326d6813a43796c30280cb3e034176fbf61862ba22a1:1769909058,561251,39223330966352513418907732239455948906399882924787587183466504819170775983376,SELL,0.008,1324.0,10.592,0xbfe945d0e76033915113326d6813a43796c30280cb3e034176fbf61862ba22a1,"{""proxyWallet"": ""0xb4a07b96c890f5aa2bcf20186a52a849a35154eb"", ""side"": ""SELL"", ""asset"": ""39223330966352513418907732239455948906399882924787587183466504819170775983376"", ""conditionId"": ""0x836b850fc838195374862551a36f1c8691d96ff01e58b0a071f0fc1a0e357fb1"", ""size"": 1324, ""price"": 0.008, ""timestamp"": 1769909058, ""title"": ""Will LeBron James win the 2028 US Presidential Election?"", ""slug"": ""will-lebron-james-win-the-2028-us-presidential-election"", ""icon"": ""https://polymarket-upload.s3.us-east-2.amazonaws.com/Lebron_James.png"", ""eventSlug"": ""presidential-election-winner-2028"", ""outcome"": ""Yes"", ""outcomeIndex"": 0, ""name"": ""fgdfgf"", ""pseudonym"": ""Yellow-Mortise"", ""bio"": """", ""profileImage"": """", ""profileImageOptimized"": """", ""transactionHash"": ""0xbfe945d0e76033915113326d6813a43796c30280cb3e034176fbf61862ba22a1""}"
1769903632,2026-02-14T01:58:44.249951,0xa23db2ca51e0f3232ebd7827dabdb91ba0e15b77caf938a6377e6e3b05485e59:1769903632,561251,39223330966352513418907732239455948906399882924787587183466504819170775983376,BUY,0.009000000009,111.111111,0.9999999999999999,0xa23db2ca51e0f3232ebd7827dabdb91ba0e15b77caf938a6377e6e3b05485e59,"{""proxyWallet"": ""0x82fc3f085e56afd260dc2c023c86d529edb227d0"", ""side"": ""BUY"", ""asset"": ""39223330966352513418907732239455948906399882924787587183466504819170775983376"", ""conditionId"": ""0x836b850fc838195374862551a36f1c8691d96ff01e58b0a071f0fc1a0e357fb1"", ""size"": 111.111111, ""price"": 0.009000000009, ""timestamp"": 1769903632, ""title"": ""Will LeBron James win the 2028 US Presidential Election?"", ""slug"": ""will-lebron-james-win-the-2028-us-presidential-election"", ""icon"": ""https://polymarket-upload.s3.us-east-2.amazonaws.com/Lebron_James.png"", ""eventSlug"": ""presidential-election-winner-2028"", ""outcome"": ""Yes"", ""outcomeIndex"": 0, ""name"": """", ""pseudonym"": """", ""bio"": """", ""profileImage"": """", ""profileImageOptimized"": """", ""transactionHash"": ""0xa23db2ca51e0f3232ebd7827dabdb91ba0e15b77caf938a6377e6e3b05485e59""}"
1769900820,2026-02-14T01:58:44.250003,0xca0828df1a83a152607ea9a22fca1b10cb1f1aaf54975f438a7cafc2c1390690:1769900820,561251,39223330966352513418907732239455948906399882924787587183466504819170775983376,SELL,0.008,52.0,0.41600000000000004,0xca0828df1a83a152607ea9a22fca1b10cb1f1aaf54975f438a7cafc2c1390690,"{""proxyWallet"": ""0xef691adc33709ac823464450e00882c3a224f59f"", ""side"": ""SELL"", ""asset"": ""39223330966352513418907732239455948906399882924787587183466504819170775983376"", ""conditionId"": ""0x836b850fc838195374862551a36f1c8691d96ff01e58b0a071f0fc1a0e357fb1"", ""size"": 52, ""price"": 0.008, ""timestamp"": 1769900820, ""title"": ""Will LeBron James win the 2028 US Presidential Election?"", ""slug"": ""will-lebron-james-win-the-2028-us-presidential-election"", ""icon"": ""https://polymarket-upload.s3.us-east-2.amazonaws.com/Lebron_James.png"", ""eventSlug"": ""presidential-election-winner-2028"", ""outcome"": ""Yes"", ""outcomeIndex"": 0, ""name"": ""qhale"", ""pseudonym"": ""Willing-Expense"", ""bio"": """", ""profileImage"": """", ""profileImageOptimized"": """", ""transactionHash"": ""0xca0828df1a83a152607ea9a22fca1b10cb1f1aaf54975f438a7cafc2c1390690""}"
1769888584,2026-02-14T01:58:44.250037,0x370dc73b9ef0eb8c0424722c6fa6ed0dc99b2a370e9c1f17a6ea53f32e215d32:1769888584,561251,39223330966352513418907732239455948906399882924787587183466504819170775983376,BUY,0.009000000009,111.111111,0.9999999999999999,0x370dc73b9ef0eb8c0424722c6fa6ed0dc99b2a370e9c1f17a6ea53f32e215d32,"{""proxyWallet"": ""0x82fc3f085e56afd260dc2c023c86d529edb227d0"", ""side"": ""BUY"", ""asset"": ""39223330966352513418907732239455948906399882924787587183466504819170775983376"", ""conditionId"": ""0x836b850fc838195374862551a36f1c8691d96ff01e58b0a071f0fc1a0e357fb1"", ""size"": 111.111111, ""price"": 0.009000000009, ""timestamp"": 1769888584, ""title"": ""Will LeBron James win the 2028 US Presidential Election?"", ""slug"": ""will-lebron-james-win-the-2028-us-presidential-election"", ""icon"": ""https://polymarket-upload.s3.us-east-2.amazonaws.com/Lebron_James.png"", ""eventSlug"": ""presidential-election-winner-2028"", ""outcome"": ""Yes"", ""outcomeIndex"": 0, ""name"": """", ""pseudonym"": """", ""bio"": """", ""profileImage"": """", ""profileImageOptimized"": """", ""transactionHash"": ""0x370dc73b9ef0eb8c0424722c6fa6ed0dc99b2a370e9c1f17a6ea53f32e215d32""}"
1769888404,2026-02-14T01:58:44.250055,0xc1ad87c4591bd90ad259693d3882325c84d4665106e82b8c8cafa01e4c890abf:1769888404,561251,39223330966352513418907732239455948906399882924787587183466504819170775983376,BUY,0.009000000009,111.111111,0.9999999999999999,0xc1ad87c4591bd90ad259693d3882325c84d4665106e82b8c8cafa01e4c890abf,"{""proxyWallet"": ""0x82fc3f085e56afd260dc2c023c86d529edb227d0"", ""side"": ""BUY"", ""asset"": ""39223330966352513418907732239455948906399882924787587183466504819170775983376"", ""conditionId"": ""0x836b850fc838195374862551a36f1c8691d96ff01e58b0a071f0fc1a0e357fb1"", ""size"": 111.111111, ""price"": 0.009000000009, ""timestamp"": 1769888404, ""title"": ""Will LeBron James win the 2028 US Presidential Election?"", ""slug"": ""will-lebron-james-win-the-2028-us-presidential-election"", ""icon"": ""https://polymarket-upload.s3.us-east-2.amazonaws.com/Lebron_James.png"", ""eventSlug"": ""presidential-election-winner-2028"", ""outcome"": ""Yes"", ""outcomeIndex"": 0, ""name"": """", ""pseudonym"": """", ""bio"": """", ""profileImage"": """", ""profileImageOptimized"": """", ""transactionHash"": ""0xc1ad87c4591bd90ad259693d3882325c84d4665106e82b8c8cafa01e4c890abf""}"
1769885474,2026-02-14T01:58:44.250072,0x51dcf790458c85a489d0970913414a18866cfb07970cde2389f6e1d47f3107bf:1769885474,561251,39223330966352513418907732239455948906399882924787587183466504819170775983376,BUY,0.009,149.0,1.341,0x51dcf790458c85a489d0970913414a18866cfb07970cde2389f6e1d47f3107bf,"{""proxyWallet"": ""0x1ffbd604c476838f8b902bf698ab18415f121e65"", ""side"": ""BUY"", ""asset"": ""39223330966352513418907732239455948906399882924787587183466504819170775983376"", ""conditionId"": ""0x836b850fc838195374862551a36f1c8691d96ff01e58b0a071f0fc1a0e357fb1"", ""size"": 149, ""price"": 0.009, ""timestamp"": 1769885474, ""title"": ""Will LeBron James win the 2028 US Presidential Election?"", ""slug"": ""will-lebron-james-win-the-2028-us-presidential-election"", ""icon"": ""https://polymarket-upload.s3.us-east-2.amazonaws.com/Lebron_James.png"", ""eventSlug"": ""presidential-election-winner-2028"", ""outcome"": ""Yes"", ""outcomeIndex"": 0, ""name"": ""ereilly"", ""pseudonym"": ""Unlined-Surname"", ""bio"": """", ""profileImage"": """", ""profileImageOptimized"": """", ""transactionHash"": ""0x51dcf790458c85a489d0970913414a18866cfb07970cde2389f6e1d47f3107bf""}"
1769883140,2026-02-14T01:58:44.250089,0x0c15f99b67f4840d349c888f9570db6c058239ad51ff02075d94b2d06a8b255a:1769883140,561251,39223330966352513418907732239455948906399882924787587183466504819170775983376,SELL,0.008,4891.5,39.132,0x0c15f99b67f4840d349c888f9570db6c058239ad51ff02075d94b2d06a8b255a,"{""proxyWallet"": ""0xa9a324193df0525201977b2c48afa6730fc06c97"", ""side"": ""SELL"", ""asset"": ""39223330966352513418907732239455948906399882924787587183466504819170775983376"", ""conditionId"": ""0x836b850fc838195374862551a36f1c8691d96ff01e58b0a071f0fc1a0e357fb1"", ""size"": 4891.5, ""price"": 0.008, ""timestamp"": 1769883140, ""title"": ""Will LeBron James win the 2028 US Presidential Election?"", ""slug"": ""will-lebron-james-win-the-2028-us-presidential-election"", ""icon"": ""https://polymarket-upload.s3.us-east-2.amazonaws.com/Lebron_James.png"", ""eventSlug"": ""presidential-election-winner-2028"", ""outcome"": ""Yes"", ""outcomeIndex"": 0, ""name"": ""0xA9A324193dF0525201977B2c48afA6730Fc06c97-1769111450158"", ""pseudonym"": ""Austere-Somebody"", ""bio"": """", ""profileImage"": """", ""profileImageOptimized"": """", ""transactionHash"": ""0x0c15f99b67f4840d349c888f9570db6c058239ad51ff02075d94b2d06a8b255a""}"
1769876258,2026-02-14T01:58:44.250108,0xb346bd8151271ef2d63b9364067acdcf9d4957a35877f026670ea96fe7baf2e0:1769876258,561251,39223330966352513418907732239455948906399882924787587183466504819170775983376,SELL,0.008,2578.25,20.626,0xb346bd8151271ef2d63b9364067acdcf9d4957a35877f026670ea96fe7baf2e0,"{""proxyWallet"": ""0xd9621b779549da7eb20762ea835c03d288ce8e0f"", ""side"": ""SELL"", ""asset"": ""39223330966352513418907732239455948906399882924787587183466504819170775983376"", ""conditionId"": ""0x836b850fc838195374862551a36f1c8691d96ff01e58b0a071f0fc1a0e357fb1"", ""size"": 2578.25, ""price"": 0.008, ""timestamp"": 1769876258, ""title"": ""Will LeBron James win the 2028 US Presidential Election?"", ""slug"": ""will-lebron-james-win-the-2028-us-presidential-election"", ""icon"": ""https://polymarket-upload.s3.us-east-2.amazonaws.com/Lebron_James.png"", ""eventSlug"": ""presidential-election-winner-2028"", ""outcome"": ""Yes"", ""outcomeIndex"": 0, ""name"": ""0xd9621B779549da7Eb20762eA835c03d288CE8E0F-1769115125262"", ""pseudonym"": ""Scornful-Pod"", ""bio"": """", ""profileImage"": """", ""profileImageOptimized"": """", ""transactionHash"": ""0xb346bd8151271ef2d63b9364067acdcf9d4957a35877f026670ea96fe7baf2e0""}"
1769856380,2026-02-14T01:58:44.250126,0x3105d73f3a867c4d8510b5eddbc30a5b27e83472efa308a1670f547bf1a937e1:1769856380,561251,39223330966352513418907732239455948906399882924787587183466504819170775983376,SELL,0.008,12.0,0.096,0x3105d73f3a867c4d8510b5eddbc30a5b27e83472efa308a1670f547bf1a937e1,"{""proxyWallet"": ""0xd621f59da12f5f83819f91071e9b5c0fb189c3de"", ""side"": ""SELL"", ""asset"": ""39223330966352513418907732239455948906399882924787587183466504819170775983376"", ""conditionId"": ""0x836b850fc838195374862551a36f1c8691d96ff01e58b0a071f0fc1a0e357fb1"", ""size"": 12, ""price"": 0.008, ""timestamp"": 1769856380, ""title"": ""Will LeBron James win the 2028 US Presidential Election?"", ""slug"": ""will-lebron-james-win-the-2028-us-presidential-election"", ""icon"": ""https://polymarket-upload.s3.us-east-2.amazonaws.com/Lebron_James.png"", ""eventSlug"": ""presidential-election-winner-2028"", ""outcome"": ""Yes"", ""outcomeIndex"": 0, ""name"": ""cindy39"", ""pseudonym"": ""Immaculate-Moonlight"", ""bio"": """", ""profileImage"": """", ""profileImageOptimized"": """", ""transactionHash"": ""0x3105d73f3a867c4d8510b5eddbc30a5b27e83472efa308a1670f547bf1a937e1""}"
1769849480,2026-02-14T01:58:44.250142,0x3d7e71abee461f8d76b767ac0b54a83baffe93dcb1470edbbf18aad9b0ac5d9a:1769849480,561251,39223330966352513418907732239455948906399882924787587183466504819170775983376,BUY,0.009,2349.0,21.141,0x3d7e71abee461f8d76b767ac0b54a83baffe93dcb1470edbbf18aad9b0ac5d9a,"{""proxyWallet"": ""0xf0dc5c33e78cda0cd7d21cb52925c1cc448eac4c"", ""side"": ""BUY"", ""asset"": ""39223330966352513418907732239455948906399882924787587183466504819170775983376"", ""conditionId"": ""0x836b850fc838195374862551a36f1c8691d96ff01e58b0a071f0fc1a0e357fb1"", ""size"": 2349, ""price"": 0.009, ""timestamp"": 1769849480, ""title"": ""Will LeBron James win the 2028 US Presidential Election?"", ""slug"": ""will-lebron-james-win-the-2028-us-presidential-election"", ""icon"": ""https://polymarket-upload.s3.us-east-2.amazonaws.com/Lebron_James.png"", ""eventSlug"": ""presidential-election-winner-2028"", ""outcome"": ""Yes"", ""outcomeIndex"": 0, ""name"": ""wqesdsyiyi"", ""pseudonym"": ""Exotic-Dandelion"", ""bio"": """", ""profileImage"": """", ""profileImageOptimized"": """", ""transactionHash"": ""0x3d7e71abee461f8d76b767ac0b54a83baffe93dcb1470edbbf18aad9b0ac5d9a""}"
1769849134,2026-02-14T01:58:44.250156,0xb3de91e391eeb5fc16d87f311f680342ded8d4eb5d29a092e0458ad8e8b7c0eb:1769849134,561251,39223330966352513418907732239455948906399882924787587183466504819170775983376,BUY,0.009,1261.0,11.348999999999998,0xb3de91e391eeb5fc16d87f311f680342ded8d4eb5d29a092e0458ad8e8b7c0eb,"{""proxyWallet"": ""0xbd81aa1b9fbd48cafce150360cf1072f5c96ff66"", ""side"": ""BUY"", ""asset"": ""39223330966352513418907732239455948906399882924787587183466504819170775983376"", ""conditionId"": ""0x836b850fc838195374862551a36f1c8691d96ff01e58b0a071f0fc1a0e357fb1"", ""size"": 1261, ""price"": 0.009, ""timestamp"": 1769849134, ""title"": ""Will LeBron James win the 2028 US Presidential Election?"", ""slug"": ""will-lebron-james-win-the-2028-us-presidential-election"", ""icon"": ""https://polymarket-upload.s3.us-east-2.amazonaws.com/Lebron_James.png"", ""eventSlug"": ""presidential-election-winner-2028"", ""outcome"": ""Yes"", ""outcomeIndex"": 0, ""name"": ""gfhftryrty"", ""pseudonym"": ""Fresh-Rebellion"", ""bio"": """", ""profileImage"": """", ""profileImageOptimized"": """", ""transactionHash"": ""0xb3de91e391eeb5fc16d87f311f680342ded8d4eb5d29a092e0458ad8e8b7c0eb""}"
1769848150,2026-02-14T01:58:44.250170,0x8e8a37ec2054c54c87a2d14a6f6c8b8c097b75dc6b1a83315fa67eaf1772d1e3:1769848150,561251,39223330966352513418907732239455948906399882924787587183466504819170775983376,BUY,0.009,1225.0,11.024999999999999,0x8e8a37ec2054c54c87a2d14a6f6c8b8c097b75dc6b1a83315fa67eaf1772d1e3,"{""proxyWallet"": ""0x9be98b2fa28f13e4dcfd15b00484686086bde0e1"", ""side"": ""BUY"", ""asset"": ""39223330966352513418907732239455948906399882924787587183466504819170775983376"", ""conditionId"": ""0x836b850fc838195374862551a36f1c8691d96ff01e58b0a071f0fc1a0e357fb1"", ""size"": 1225, ""price"": 0.009, ""timestamp"": 1769848150, ""title"": ""Will LeBron James win the 2028 US Presidential Election?"", ""slug"": ""will-lebron-james-win-the-2028-us-presidential-election"", ""icon"": ""https://polymarket-upload.s3.us-east-2.amazonaws.com/Lebron_James.png"", ""eventSlug"": ""presidential-election-winner-2028"", ""outcome"": ""Yes"", ""outcomeIndex"": 0, ""name"": ""sdfvghjnjmk"", ""pseudonym"": ""Flustered-Reporting"", ""bio"": """", ""profileImage"": """", ""profileImageOptimized"": """", ""transactionHash"": ""0x8e8a37ec2054c54c87a2d14a6f6c8b8c097b75dc6b1a83315fa67eaf1772d1e3""}"
1769847524,2026-02-14T01:58:44.250184,0xd01e4401502b1a3e0b33cc7fa954fcb88c8d16cf1b8919048ade36fc7901aaac:1769847524,561251,39223330966352513418907732239455948906399882924787587183466504819170775983376,BUY,0.009,1340.0,12.059999999999999,0xd01e4401502b1a3e0b33cc7fa954fcb88c8d16cf1b8919048ade36fc7901aaac,"{""proxyWallet"": ""0xedd76cfb39ab82e34f7a811c947fbf3fd1d4ef17"", ""side"": ""BUY"", ""asset"": ""39223330966352513418907732239455948906399882924787587183466504819170775983376"", ""conditionId"": ""0x836b850fc838195374862551a36f1c8691d96ff01e58b0a071f0fc1a0e357fb1"", ""size"": 1340, ""price"": 0.009, ""timestamp"": 1769847524, ""title"": ""Will LeBron James win the 2028 US Presidential Election?"", ""slug"": ""will-lebron-james-win-the-2028-us-presidential-election"", ""icon"": ""https://polymarket-upload.s3.us-east-2.amazonaws.com/Lebron_James.png"", ""eventSlug"": ""presidential-election-winner-2028"", ""outcome"": ""Yes"", ""outcomeIndex"": 0, ""name"": ""uioiplkhjth"", ""pseudonym"": ""Teeming-Grid"", ""bio"": """", ""profileImage"": """", ""profileImageOptimized"": """", ""transactionHash"": ""0xd01e4401502b1a3e0b33cc7fa954fcb88c8d16cf1b8919048ade36fc7901aaac""}"
1769847198,2026-02-14T01:58:44.250197,0x34bb0af3d85885c455ff13751ca25f2c5b8ad2ee853ee9ec0e7eae05d4be996a:1769847198,561251,39223330966352513418907732239455948906399882924787587183466504819170775983376,BUY,0.009,1299.0,11.690999999999999,0x34bb0af3d85885c455ff13751ca25f2c5b8ad2ee853ee9ec0e7eae05d4be996a,"{""proxyWallet"": ""0x843b3e8a499c4873bd92581d84d9d38d858206c3"", ""side"": ""BUY"", ""asset"": ""39223330966352513418907732239455948906399882924787587183466504819170775983376"", ""conditionId"": ""0x836b850fc838195374862551a36f1c8691d96ff01e58b0a071f0fc1a0e357fb1"", ""size"": 1299, ""price"": 0.009, ""timestamp"": 1769847198, ""title"": ""Will LeBron James win the 2028 US Presidential Election?"", ""slug"": ""will-lebron-james-win-the-2028-us-presidential-election"", ""icon"": ""https://polymarket-upload.s3.us-east-2.amazonaws.com/Lebron_James.png"", ""eventSlug"": ""presidential-election-winner-2028"", ""outcome"": ""Yes"", ""outcomeIndex"": 0, ""name"": ""fgjfgdfh"", ""pseudonym"": ""Feline-Gladiolus"", ""bio"": """", ""profileImage"": """", ""profileImageOptimized"": """", ""transactionHash"": ""0x34bb0af3d85885c455ff13751ca25f2c5b8ad2ee853ee9ec0e7eae05d4be996a""}"
1769847150,2026-02-14T01:58:44.250211,0x5db57c8523e8612a80afa39c51993fd233d3d4263af52fd7bbbfa6108576c64a:1769847150,561251,39223330966352513418907732239455948906399882924787587183466504819170775983376,BUY,0.009,1473.0,13.257,0x5db57c8523e8612a80afa39c51993fd233d3d4263af52fd7bbbfa6108576c64a,"{""proxyWallet"": ""0xd1779423bf52d94c1cce7bdddf3eb6ebbf05e7d0"", ""side"": ""BUY"", ""asset"": ""39223330966352513418907732239455948906399882924787587183466504819170775983376"", ""conditionId"": ""0x836b850fc838195374862551a36f1c8691d96ff01e58b0a071f0fc1a0e357fb1"", ""size"": 1473, ""price"": 0.009, ""timestamp"": 1769847150, ""title"": ""Will LeBron James win the 2028 US Presidential Election?"", ""slug"": ""will-lebron-james-win-the-2028-us-presidential-election"", ""icon"": ""https://polymarket-upload.s3.us-east-2.amazonaws.com/Lebron_James.png"", ""eventSlug"": ""presidential-election-winner-2028"", ""outcome"": ""Yes"", ""outcomeIndex"": 0, ""name"": ""wqrewteryt"", ""pseudonym"": ""Amused-Toughguy"", ""bio"": """", ""profileImage"": """", ""profileImageOptimized"": """", ""transactionHash"": ""0x5db57c8523e8612a80afa39c51993fd233d3d4263af52fd7bbbfa6108576c64a""}"
1769846384,2026-02-14T01:58:44.250225,0x9a6cba7c5e794820bd9687e98f850332512f6039222495ba14c6432736bba71b:1769846384,561251,39223330966352513418907732239455948906399882924787587183466504819170775983376,BUY,0.009,1580.0,14.219999999999999,0x9a6cba7c5e794820bd9687e98f850332512f6039222495ba14c6432736bba71b,"{""proxyWallet"": ""0xdc4fce7a86b32f7d9f0442478804391156016971"", ""side"": ""BUY"", ""asset"": ""39223330966352513418907732239455948906399882924787587183466504819170775983376"", ""conditionId"": ""0x836b850fc838195374862551a36f1c8691d96ff01e58b0a071f0fc1a0e357fb1"", ""size"": 1580, ""price"": 0.009, ""timestamp"": 1769846384, ""title"": ""Will LeBron James win the 2028 US Presidential Election?"", ""slug"": ""will-lebron-james-win-the-2028-us-presidential-election"", ""icon"": ""https://polymarket-upload.s3.us-east-2.amazonaws.com/Lebron_James.png"", ""eventSlug"": ""presidential-election-winner-2028"", ""outcome"": ""Yes"", ""outcomeIndex"": 0, ""name"": ""dfdgfdcvvbnu"", ""pseudonym"": ""Wiggly-Meaning"", ""bio"": """", ""profileImage"": """", ""profileImageOptimized"": """", ""transactionHash"": ""0x9a6cba7c5e794820bd9687e98f850332512f6039222495ba14c6432736bba71b""}"
1769846252,2026-02-14T01:58:44.250238,0x52636760e14662ab4f75d993fb4d3f6164b89faff28dce83b1a1aac589adca67:1769846252,561251,39223330966352513418907732239455948906399882924787587183466504819170775983376,BUY,0.009,1308.0,11.771999999999998,0x52636760e14662ab4f75d993fb4d3f6164b89faff28dce83b1a1aac589adca67,"{""proxyWallet"": ""0x07da205ccb25196db06ffa3d10e7f655b13fa0cc"", ""side"": ""BUY"", ""asset"": ""39223330966352513418907732239455948906399882924787587183466504819170775983376"", ""conditionId"": ""0x836b850fc838195374862551a36f1c8691d96ff01e58b0a071f0fc1a0e357fb1"", ""size"": 1308, ""price"": 0.009, ""timestamp"": 1769846252, ""title"": ""Will LeBron James win the 2028 US Presidential Election?"", ""slug"": ""will-lebron-james-win-the-2028-us-presidential-election"", ""icon"": ""https://polymarket-upload.s3.us-east-2.amazonaws.com/Lebron_James.png"", ""eventSlug"": ""presidential-election-winner-2028"", ""outcome"": ""Yes"", ""outcomeIndex"": 0, ""name"": ""3fg1hfg13h3f"", ""pseudonym"": ""Well-Documented-Spear"", ""bio"": """", ""profileImage"": """", ""profileImageOptimized"": """", ""transactionHash"": ""0x52636760e14662ab4f75d993fb4d3f6164b89faff28dce83b1a1aac589adca67""}"
1769846240,2026-02-14T01:58:44.250252,0xed371132512c383be6d256efc6cdcf8e790bfcad027c11d8171c7b3229c5a475:1769846240,561251,39223330966352513418907732239455948906399882924787587183466504819170775983376,BUY,0.009,1277.0,11.492999999999999,0xed371132512c383be6d256efc6cdcf8e790bfcad027c11d8171c7b3229c5a475,"{""proxyWallet"": ""0xf1ff6c9286eaf4e486115fa38fd19cc3d925eae7"", ""side"": ""BUY"", ""asset"": ""39223330966352513418907732239455948906399882924787587183466504819170775983376"", ""conditionId"": ""0x836b850fc838195374862551a36f1c8691d96ff01e58b0a071f0fc1a0e357fb1"", ""size"": 1277, ""price"": 0.009, ""timestamp"": 1769846240, ""title"": ""Will LeBron James win the 2028 US Presidential Election?"", ""slug"": ""will-lebron-james-win-the-2028-us-presidential-election"", ""icon"": ""https://polymarket-upload.s3.us-east-2.amazonaws.com/Lebron_James.png"", ""eventSlug"": ""presidential-election-winner-2028"", ""outcome"": ""Yes"", ""outcomeIndex"": 0, ""name"": ""fgjhjhgkjgj"", ""pseudonym"": ""Impartial-Sphere"", ""bio"": """", ""profileImage"": """", ""profileImageOptimized"": """", ""transactionHash"": ""0xed371132512c383be6d256efc6cdcf8e790bfcad027c11d8171c7b3229c5a475""}"
1769845960,2026-02-14T01:58:44.250265,0x2bb6dbf71ed63d79c8db59c6d28babb80c81bec0b8e2e2c9804c95c6c7ee4c1a:1769845960,561251,39223330966352513418907732239455948906399882924787587183466504819170775983376,BUY,0.009,1295.0,11.655,0x2bb6dbf71ed63d79c8db59c6d28babb80c81bec0b8e2e2c9804c95c6c7ee4c1a,"{""proxyWallet"": ""0xc4469324c3983564bd127951cd8ca30db01fc974"", ""side"": ""BUY"", ""asset"": ""39223330966352513418907732239455948906399882924787587183466504819170775983376"", ""conditionId"": ""0x836b850fc838195374862551a36f1c8691d96ff01e58b0a071f0fc1a0e357fb1"", ""size"": 1295, ""price"": 0.009, ""timestamp"": 1769845960, ""title"": ""Will LeBron James win the 2028 US Presidential Election?"", ""slug"": ""will-lebron-james-win-the-2028-us-presidential-election"", ""icon"": ""https://polymarket-upload.s3.us-east-2.amazonaws.com/Lebron_James.png"", ""eventSlug"": ""presidential-election-winner-2028"", ""outcome"": ""Yes"", ""outcomeIndex"": 0, ""name"": ""fghndfg"", ""pseudonym"": ""Flippant-Brownie"", ""bio"": """", ""profileImage"": """", ""profileImageOptimized"": """", ""transactionHash"": ""0x2bb6dbf71ed63d79c8db59c6d28babb80c81bec0b8e2e2c9804c95c6c7ee4c1a""}"
1769845736,2026-02-14T01:58:44.250376,0xf75842a565fb22b2405b147b9f1de5ddea2b734a279ccab8ce92c6ae24f42d64:1769845736,561251,39223330966352513418907732239455948906399882924787587183466504819170775983376,BUY,0.009,1489.0,13.401,0xf75842a565fb22b2405b147b9f1de5ddea2b734a279ccab8ce92c6ae24f42d64,"{""proxyWallet"": ""0xea64aa86302ce15a54d962f1b415f9870ef11815"", ""side"": ""BUY"", ""asset"": ""39223330966352513418907732239455948906399882924787587183466504819170775983376"", ""conditionId"": ""0x836b850fc838195374862551a36f1c8691d96ff01e58b0a071f0fc1a0e357fb1"", ""size"": 1489, ""price"": 0.009, ""timestamp"": 1769845736, ""title"": ""Will LeBron James win the 2028 US Presidential Election?"", ""slug"": ""will-lebron-james-win-the-2028-us-presidential-election"", ""icon"": ""https://polymarket-upload.s3.us-east-2.amazonaws.com/Lebron_James.png"", ""eventSlug"": ""presidential-election-winner-2028"", ""outcome"": ""Yes"", ""outcomeIndex"": 0, ""name"": ""g2j1gh52kl46gh"", ""pseudonym"": ""Lanky-Anatomy"", ""bio"": """", ""profileImage"": """", ""profileImageOptimized"": """", ""transactionHash"": ""0xf75842a565fb22b2405b147b9f1de5ddea2b734a279ccab8ce92c6ae24f42d64""}"
1769845452,2026-02-14T01:58:44.250397,0x542bf042841cea662a869b98405bf63212314ed10d58a70d625faa8551559cd7:1769845452,561251,39223330966352513418907732239455948906399882924787587183466504819170775983376,BUY,0.009,1362.0,12.258,0x542bf042841cea662a869b98405bf63212314ed10d58a70d625faa8551559cd7,"{""proxyWallet"": ""0x2764aafccad29585879e7314b29b98101905fdd3"", ""side"": ""BUY"", ""asset"": ""39223330966352513418907732239455948906399882924787587183466504819170775983376"", ""conditionId"": ""0x836b850fc838195374862551a36f1c8691d96ff01e58b0a071f0fc1a0e357fb1"", ""size"": 1362, ""price"": 0.009, ""timestamp"": 1769845452, ""title"": ""Will LeBron James win the 2028 US Presidential Election?"", ""slug"": ""will-lebron-james-win-the-2028-us-presidential-election"", ""icon"": ""https://polymarket-upload.s3.us-east-2.amazonaws.com/Lebron_James.png"", ""eventSlug"": ""presidential-election-winner-2028"", ""outcome"": ""Yes"", ""outcomeIndex"": 0, ""name"": ""ghjjdfggh"", ""pseudonym"": ""Dark-Den"", ""bio"": """", ""profileImage"": """", ""profileImageOptimized"": """", ""transactionHash"": ""0x542bf042841cea662a869b98405bf63212314ed10d58a70d625faa8551559cd7""}"
1769845384,2026-02-14T01:58:44.250412,0xeddd9708f84787b4711cd1a253c5717613531c1fa3e3286fe241578d88eebdc8:1769845384,561251,39223330966352513418907732239455948906399882924787587183466504819170775983376,BUY,0.009,1479.0,13.310999999999998,0xeddd9708f84787b4711cd1a253c5717613531c1fa3e3286fe241578d88eebdc8,"{""proxyWallet"": ""0xb92c09e0c1e9dd206f43f90825bc550e26e09620"", ""side"": ""BUY"", ""asset"": ""39223330966352513418907732239455948906399882924787587183466504819170775983376"", ""conditionId"": ""0x836b850fc838195374862551a36f1c8691d96ff01e58b0a071f0fc1a0e357fb1"", ""size"": 1479, ""price"": 0.009, ""timestamp"": 1769845384, ""title"": ""Will LeBron James win the 2028 US Presidential Election?"", ""slug"": ""will-lebron-james-win-the-2028-us-presidential-election"", ""icon"": ""https://polymarket-upload.s3.us-east-2.amazonaws.com/Lebron_James.png"", ""eventSlug"": ""presidential-election-winner-2028"", ""outcome"": ""Yes"", ""outcomeIndex"": 0, ""name"": ""0xB92c09E0c1E9Dd206F43f90825BC550e26e09620-1769769509846"", ""pseudonym"": ""Ironclad-Halt"", ""bio"": """", ""profileImage"": """", ""profileImageOptimized"": """", ""transactionHash"": ""0xeddd9708f84787b4711cd1a253c5717613531c1fa3e3286fe241578d88eebdc8""}"
1769844202,2026-02-14T01:58:44.250426,0xcab17e80a2b63635ab3c1ea4092edee62be698440d6a8d19c52b11eb5b2f4d0f:1769844202,561251,39223330966352513418907732239455948906399882924787587183466504819170775983376,BUY,0.009,1231.0,11.078999999999999,0xcab17e80a2b63635ab3c1ea4092edee62be698440d6a8d19c52b11eb5b2f4d0f,"{""proxyWallet"": ""0xf52e7791c433b014ae58e1a0ac2b6812b44c2a95"", ""side"": ""BUY"", ""asset"": ""39223330966352513418907732239455948906399882924787587183466504819170775983376"", ""conditionId"": ""0x836b850fc838195374862551a36f1c8691d96ff01e58b0a071f0fc1a0e357fb1"", ""size"": 1231, ""price"": 0.009, ""timestamp"": 1769844202, ""title"": ""Will LeBron James win the 2028 US Presidential Election?"", ""slug"": ""will-lebron-james-win-the-2028-us-presidential-election"", ""icon"": ""https://polymarket-upload.s3.us-east-2.amazonaws.com/Lebron_James.png"", ""eventSlug"": ""presidential-election-winner-2028"", ""outcome"": ""Yes"", ""outcomeIndex"": 0, ""name"": ""gdfhfghjfghjf"", ""pseudonym"": ""Trivial-Motivation"", ""bio"": """", ""profileImage"": """", ""profileImageOptimized"": """", ""transactionHash"": ""0xcab17e80a2b63635ab3c1ea4092edee62be698440d6a8d19c52b11eb5b2f4d0f""}"
1769843938,2026-02-14T01:58:44.250440,0x9b576f615e472835932e878ed601a9258aa395475b803eb9cc34937abbeba9c4:1769843938,561251,39223330966352513418907732239455948906399882924787587183466504819170775983376,BUY,0.009,1324.0,11.915999999999999,0x9b576f615e472835932e878ed601a9258aa395475b803eb9cc34937abbeba9c4,"{""proxyWallet"": ""0xb4a07b96c890f5aa2bcf20186a52a849a35154eb"", ""side"": ""BUY"", ""asset"": ""39223330966352513418907732239455948906399882924787587183466504819170775983376"", ""conditionId"": ""0x836b850fc838195374862551a36f1c8691d96ff01e58b0a071f0fc1a0e357fb1"", ""size"": 1324, ""price"": 0.009, ""timestamp"": 1769843938, ""title"": ""Will LeBron James win the 2028 US Presidential Election?"", ""slug"": ""will-lebron-james-win-the-2028-us-presidential-election"", ""icon"": ""https://polymarket-upload.s3.us-east-2.amazonaws.com/Lebron_James.png"", ""eventSlug"": ""presidential-election-winner-2028"", ""outcome"": ""Yes"", ""outcomeIndex"": 0, ""name"": ""fgdfgf"", ""pseudonym"": ""Yellow-Mortise"", ""bio"": """", ""profileImage"": """", ""profileImageOptimized"": """", ""transactionHash"": ""0x9b576f615e472835932e878ed601a9258aa395475b803eb9cc34937abbeba9c4""}"
1769843056,2026-02-14T01:58:44.250456,0x132a2c16782bd732a1a4c13ede1b9933b21c6c67a18c09fbbc7b788f76179304:1769843056,561251,39223330966352513418907732239455948906399882924787587183466504819170775983376,SELL,0.008,3839.0,30.712,0x132a2c16782bd732a1a4c13ede1b9933b21c6c67a18c09fbbc7b788f76179304,"{""proxyWallet"": ""0xdf92c277a469b55577e6d83ff3c346f41e8992e6"", ""side"": ""SELL"", ""asset"": ""39223330966352513418907732239455948906399882924787587183466504819170775983376"", ""conditionId"": ""0x836b850fc838195374862551a36f1c8691d96ff01e58b0a071f0fc1a0e357fb1"", ""size"": 3839, ""price"": 0.008, ""timestamp"": 1769843056, ""title"": ""Will LeBron James win the 2028 US Presidential Election?"", ""slug"": ""will-lebron-james-win-the-2028-us-presidential-election"", ""icon"": ""https://polymarket-upload.s3.us-east-2.amazonaws.com/Lebron_James.png"", ""eventSlug"": ""presidential-election-winner-2028"", ""outcome"": ""Yes"", ""outcomeIndex"": 0, ""name"": ""BlockQuestor"", ""pseudonym"": ""Roasted-Waterfront"", ""bio"": """", ""profileImage"": """", ""profileImageOptimized"": """", ""transactionHash"": ""0x132a2c16782bd732a1a4c13ede1b9933b21c6c67a18c09fbbc7b788f76179304""}"
1769842740,2026-02-14T01:58:44.250470,0x9d31cf64f704f8d73856866b43ae900b679f52720cfa3206a2e9684d10731a03:1769842740,561251,39223330966352513418907732239455948906399882924787587183466504819170775983376,BUY,0.009,3750.0,33.75,0x9d31cf64f704f8d73856866b43ae900b679f52720cfa3206a2e9684d10731a03,"{""proxyWallet"": ""0x56e51290a6d0fc7aa526fef7ce83a1eec4c621bd"", ""side"": ""BUY"", ""asset"": ""39223330966352513418907732239455948906399882924787587183466504819170775983376"", ""conditionId"": ""0x836b850fc838195374862551a36f1c8691d96ff01e58b0a071f0fc1a0e357fb1"", ""size"": 3750, ""price"": 0.009, ""timestamp"": 1769842740, ""title"": ""Will LeBron James win the 2028 US Presidential Election?"", ""slug"": ""will-lebron-james-win-the-2028-us-presidential-election"", ""icon"": ""https://polymarket-upload.s3.us-east-2.amazonaws.com/Lebron_James.png"", ""eventSlug"": ""presidential-election-winner-2028"", ""outcome"": ""Yes"", ""outcomeIndex"": 0, ""name"": ""0x56e51290A6d0fc7aA526fEf7cE83A1eeC4C621Bd-1770082900463"", ""pseudonym"": ""Joint-Graft"", ""bio"": """", ""profileImage"": """", ""profileImageOptimized"": """", ""transactionHash"": ""0x9d31cf64f704f8d73856866b43ae900b679f52720cfa3206a2e9684d10731a03""}"
1769842556,2026-02-14T01:58:44.250483,0x28cbb5239018df382f81c579806f5ee0a740cac12040fa1a23ebba1d572e7aa3:1769842556,561251,39223330966352513418907732239455948906399882924787587183466504819170775983376,BUY,0.009,3696.0,33.263999999999996,0x28cbb5239018df382f81c579806f5ee0a740cac12040fa1a23ebba1d572e7aa3,"{""proxyWallet"": ""0x88e6a21d8660d5529f0d9381dee456dfd19ee932"", ""side"": ""BUY"", ""asset"": ""39223330966352513418907732239455948906399882924787587183466504819170775983376"", ""conditionId"": ""0x836b850fc838195374862551a36f1c8691d96ff01e58b0a071f0fc1a0e357fb1"", ""size"": 3696, ""price"": 0.009, ""timestamp"": 1769842556, ""title"": ""Will LeBron James win the 2028 US Presidential Election?"", ""slug"": ""will-lebron-james-win-the-2028-us-presidential-election"", ""icon"": ""https://polymarket-upload.s3.us-east-2.amazonaws.com/Lebron_James.png"", ""eventSlug"": ""presidential-election-winner-2028"", ""outcome"": ""Yes"", ""outcomeIndex"": 0, ""name"": ""ChainXplorer"", ""pseudonym"": ""Punctual-Reservation"", ""bio"": """", ""profileImage"": """", ""profileImageOptimized"": """", ""transactionHash"": ""0x28cbb5239018df382f81c579806f5ee0a740cac12040fa1a23ebba1d572e7aa3""}"
1769842004,2026-02-14T01:58:44.250498,0x90dfeebca6e60b2721efc4c71c91a8739ca4164ac42ab887941b5685310cd043:1769842004,561251,39223330966352513418907732239455948906399882924787587183466504819170775983376,SELL,0.008,3955.0,31.64,0x90dfeebca6e60b2721efc4c71c91a8739ca4164ac42ab887941b5685310cd043,"{""proxyWallet"": ""0x89ed19da8ef561dc4939ad2c34dedab142753c06"", ""side"": ""SELL"", ""asset"": ""39223330966352513418907732239455948906399882924787587183466504819170775983376"", ""conditionId"": ""0x836b850fc838195374862551a36f1c8691d96ff01e58b0a071f0fc1a0e357fb1"", ""size"": 3955, ""price"": 0.008, ""timestamp"": 1769842004, ""title"": ""Will LeBron James win the 2028 US Presidential Election?"", ""slug"": ""will-lebron-james-win-the-2028-us-presidential-election"", ""icon"": ""https://polymarket-upload.s3.us-east-2.amazonaws.com/Lebron_James.png"", ""eventSlug"": ""presidential-election-winner-2028"", ""outcome"": ""Yes"", ""outcomeIndex"": 0, ""name"": ""DecentralizedDreamer"", ""pseudonym"": ""Arctic-Semicolon"", ""bio"": """", ""profileImage"": """", ""profileImageOptimized"": """", ""transactionHash"": ""0x90dfeebca6e60b2721efc4c71c91a8739ca4164ac42ab887941b5685310cd043""}"
1769841930,2026-02-14T01:58:44.250511,0xaf9e72feb5ae796234fee858e2cba1d0093e2766a9803c0745c4e5dc4061326c:1769841930,561251,39223330966352513418907732239455948906399882924787587183466504819170775983376,SELL,0.008,3671.0,29.368000000000002,0xaf9e72feb5ae796234fee858e2cba1d0093e2766a9803c0745c4e5dc4061326c,"{""proxyWallet"": ""0x1df1b8cb3a835edb37b4b8e73bd06dfa0189df2e"", ""side"": ""SELL"", ""asset"": ""39223330966352513418907732239455948906399882924787587183466504819170775983376"", ""conditionId"": ""0x836b850fc838195374862551a36f1c8691d96ff01e58b0a071f0fc1a0e357fb1"", ""size"": 3671, ""price"": 0.008, ""timestamp"": 1769841930, ""title"": ""Will LeBron James win the 2028 US Presidential Election?"", ""slug"": ""will-lebron-james-win-the-2028-us-presidential-election"", ""icon"": ""https://polymarket-upload.s3.us-east-2.amazonaws.com/Lebron_James.png"", ""eventSlug"": ""presidential-election-winner-2028"", ""outcome"": ""Yes"", ""outcomeIndex"": 0, ""name"": ""ZoraScrollFi"", ""pseudonym"": ""Tempting-Figure"", ""bio"": """", ""profileImage"": """", ""profileImageOptimized"": """", ""transactionHash"": ""0xaf9e72feb5ae796234fee858e2cba1d0093e2766a9803c0745c4e5dc4061326c""}"
1769841110,2026-02-14T01:58:44.250525,0xc915e9c14d0f3590cca2fde5b161a861cc34d0a9a8c83c911fd4ab91ffeea96e:1769841110,561251,39223330966352513418907732239455948906399882924787587183466504819170775983376,SELL,0.008,147.0,1.176,0xc915e9c14d0f3590cca2fde5b161a861cc34d0a9a8c83c911fd4ab91ffeea96e,"{""proxyWallet"": ""0xef691adc33709ac823464450e00882c3a224f59f"", ""side"": ""SELL"", ""asset"": ""39223330966352513418907732239455948906399882924787587183466504819170775983376"", ""conditionId"": ""0x836b850fc838195374862551a36f1c8691d96ff01e58b0a071f0fc1a0e357fb1"", ""size"": 147, ""price"": 0.008, ""timestamp"": 1769841110, ""title"": ""Will LeBron James win the 2028 US Presidential Election?"", ""slug"": ""will-lebron-james-win-the-2028-us-presidential-election"", ""icon"": ""https://polymarket-upload.s3.us-east-2.amazonaws.com/Lebron_James.png"", ""eventSlug"": ""presidential-election-winner-2028"", ""outcome"": ""Yes"", ""outcomeIndex"": 0, ""name"": ""qhale"", ""pseudonym"": ""Willing-Expense"", ""bio"": """", ""profileImage"": """", ""profileImageOptimized"": """", ""transactionHash"": ""0xc915e9c14d0f3590cca2fde5b161a861cc34d0a9a8c83c911fd4ab91ffeea96e""}"
1769841044,2026-02-14T01:58:44.250539,0xa28c5bd6c9bb7987fcbfaf73ce1e1e3db6a4c8643d2ce3476c1d2d91d713a81e:1769841044,561251,39223330966352513418907732239455948906399882924787587183466504819170775983376,BUY,0.009,3550.0,31.95,0xa28c5bd6c9bb7987fcbfaf73ce1e1e3db6a4c8643d2ce3476c1d2d91d713a81e,"{""proxyWallet"": ""0x25bc5f567b539fe12546f9b3e82148b8cbe5da6f"", ""side"": ""BUY"", ""asset"": ""39223330966352513418907732239455948906399882924787587183466504819170775983376"", ""conditionId"": ""0x836b850fc838195374862551a36f1c8691d96ff01e58b0a071f0fc1a0e357fb1"", ""size"": 3550, ""price"": 0.009, ""timestamp"": 1769841044, ""title"": ""Will LeBron James win the 2028 US Presidential Election?"", ""slug"": ""will-lebron-james-win-the-2028-us-presidential-election"", ""icon"": ""https://polymarket-upload.s3.us-east-2.amazonaws.com/Lebron_James.png"", ""eventSlug"": ""presidential-election-winner-2028"", ""outcome"": ""Yes"", ""outcomeIndex"": 0, ""name"": ""0x25Bc5f567b539fe12546F9b3e82148b8CbE5dA6f-1770086685272"", ""pseudonym"": ""Enchanting-Shape"", ""bio"": """", ""profileImage"": """", ""profileImageOptimized"": """", ""transactionHash"": ""0xa28c5bd6c9bb7987fcbfaf73ce1e1e3db6a4c8643d2ce3476c1d2d91d713a81e""}"
1769840894,2026-02-14T01:58:44.250559,0x263341d878eb21c52f299501e1f9d7f55648f26a8c91f4499033650dcfd5dbd4:1769840894,561251,39223330966352513418907732239455948906399882924787587183466504819170775983376,BUY,0.009,3814.0,34.326,0x263341d878eb21c52f299501e1f9d7f55648f26a8c91f4499033650dcfd5dbd4,"{""proxyWallet"": ""0xeaba04af88eff1cfc320fefb7af855cebf9a7897"", ""side"": ""BUY"", ""asset"": ""39223330966352513418907732239455948906399882924787587183466504819170775983376"", ""conditionId"": ""0x836b850fc838195374862551a36f1c8691d96ff01e58b0a071f0fc1a0e357fb1"", ""size"": 3814, ""price"": 0.009, ""timestamp"": 1769840894, ""title"": ""Will LeBron James win the 2028 US Presidential Election?"", ""slug"": ""will-lebron-james-win-the-2028-us-presidential-election"", ""icon"": ""https://polymarket-upload.s3.us-east-2.amazonaws.com/Lebron_James.png"", ""eventSlug"": ""presidential-election-winner-2028"", ""outcome"": ""Yes"", ""outcomeIndex"": 0, ""name"": ""Clarwenvinia"", ""pseudonym"": ""Detailed-Pacemaker"", ""bio"": """", ""profileImage"": """", ""profileImageOptimized"": """", ""transactionHash"": ""0x263341d878eb21c52f299501e1f9d7f55648f26a8c91f4499033650dcfd5dbd4""}"
1769840754,2026-02-14T01:58:44.250573,0x3c6c4dfdfc069417a91952a757a1a27e04d1cff99093b2ed8e6faddb0e69b5e7:1769840754,561251,39223330966352513418907732239455948906399882924787587183466504819170775983376,BUY,0.009,150.94,1.3584599999999998,0x3c6c4dfdfc069417a91952a757a1a27e04d1cff99093b2ed8e6faddb0e69b5e7,"{""proxyWallet"": ""0x7403cbe08f386021b8a1607cbf882f61be515cdc"", ""side"": ""BUY"", ""asset"": ""39223330966352513418907732239455948906399882924787587183466504819170775983376"", ""conditionId"": ""0x836b850fc838195374862551a36f1c8691d96ff01e58b0a071f0fc1a0e357fb1"", ""size"": 150.94, ""price"": 0.009, ""timestamp"": 1769840754, ""title"": ""Will LeBron James win the 2028 US Presidential Election?"", ""slug"": ""will-lebron-james-win-the-2028-us-presidential-election"", ""icon"": ""https://polymarket-upload.s3.us-east-2.amazonaws.com/Lebron_James.png"", ""eventSlug"": ""presidential-election-winner-2028"", ""outcome"": ""Yes"", ""outcomeIndex"": 0, ""name"": """", ""pseudonym"": """", ""bio"": """", ""profileImage"": """", ""profileImageOptimized"": """", ""transactionHash"": ""0x3c6c4dfdfc069417a91952a757a1a27e04d1cff99093b2ed8e6faddb0e69b5e7""}"
1769840360,2026-02-14T01:58:44.250588,0xb2cce4ee26fe48e51744d4307a204d5a3795bb85e4662b6f61322aab17b9e843:1769840360,561251,39223330966352513418907732239455948906399882924787587183466504819170775983376,BUY,0.009,3842.0,34.577999999999996,0xb2cce4ee26fe48e51744d4307a204d5a3795bb85e4662b6f61322aab17b9e843,"{""proxyWallet"": ""0x693e10354f0ef376d499cd1e19300495f70dbd91"", ""side"": ""BUY"", ""asset"": ""39223330966352513418907732239455948906399882924787587183466504819170775983376"", ""conditionId"": ""0x836b850fc838195374862551a36f1c8691d96ff01e58b0a071f0fc1a0e357fb1"", ""size"": 3842, ""price"": 0.009, ""timestamp"": 1769840360, ""title"": ""Will LeBron James win the 2028 US Presidential Election?"", ""slug"": ""will-lebron-james-win-the-2028-us-presidential-election"", ""icon"": ""https://polymarket-upload.s3.us-east-2.amazonaws.com/Lebron_James.png"", ""eventSlug"": ""presidential-election-winner-2028"", ""outcome"": ""Yes"", ""outcomeIndex"": 0, ""name"": ""MetaMaskDrifter"", ""pseudonym"": ""Previous-Penny"", ""bio"": """", ""profileImage"": """", ""profileImageOptimized"": """", ""transactionHash"": ""0xb2cce4ee26fe48e51744d4307a204d5a3795bb85e4662b6f61322aab17b9e843""}"
1769839936,2026-02-14T01:58:44.250602,0xb9ea4d365b0be60345d14b3f0240c9a808a0172edc5a4556a4cca6bd6e61708f:1769839936,561251,39223330966352513418907732239455948906399882924787587183466504819170775983376,BUY,0.009,3644.0,32.796,0xb9ea4d365b0be60345d14b3f0240c9a808a0172edc5a4556a4cca6bd6e61708f,"{""proxyWallet"": ""0xa20cbffbc10c76da728d799f2c136a6f2dd047e9"", ""side"": ""BUY"", ""asset"": ""39223330966352513418907732239455948906399882924787587183466504819170775983376"", ""conditionId"": ""0x836b850fc838195374862551a36f1c8691d96ff01e58b0a071f0fc1a0e357fb1"", ""size"": 3644, ""price"": 0.009, ""timestamp"": 1769839936, ""title"": ""Will LeBron James win the 2028 US Presidential Election?"", ""slug"": ""will-lebron-james-win-the-2028-us-presidential-election"", ""icon"": ""https://polymarket-upload.s3.us-east-2.amazonaws.com/Lebron_James.png"", ""eventSlug"": ""presidential-election-winner-2028"", ""outcome"": ""Yes"", ""outcomeIndex"": 0, ""name"": ""Sarplinxitha"", ""pseudonym"": ""Inferior-Oil"", ""bio"": """", ""profileImage"": """", ""profileImageOptimized"": """", ""transactionHash"": ""0xb9ea4d365b0be60345d14b3f0240c9a808a0172edc5a4556a4cca6bd6e61708f""}"
1769839486,2026-02-14T01:58:44.250620,0xcd55f86df64475d87d1631396bf0fa01c6144bc734311c375ac853f83de9832e:1769839486,561251,39223330966352513418907732239455948906399882924787587183466504819170775983376,BUY,0.009,3625.92,32.63328,0xcd55f86df64475d87d1631396bf0fa01c6144bc734311c375ac853f83de9832e,"{""proxyWallet"": ""0x31f2ca99f5d72ee0b7baefa95ec6623177bec98a"", ""side"": ""BUY"", ""asset"": ""39223330966352513418907732239455948906399882924787587183466504819170775983376"", ""conditionId"": ""0x836b850fc838195374862551a36f1c8691d96ff01e58b0a071f0fc1a0e357fb1"", ""size"": 3625.92, ""price"": 0.009, ""timestamp"": 1769839486, ""title"": ""Will LeBron James win the 2028 US Presidential Election?"", ""slug"": ""will-lebron-james-win-the-2028-us-presidential-election"", ""icon"": ""https://polymarket-upload.s3.us-east-2.amazonaws.com/Lebron_James.png"", ""eventSlug"": ""presidential-election-winner-2028"", ""outcome"": ""Yes"", ""outcomeIndex"": 0, ""name"": ""Rzryltloberts"", ""pseudonym"": ""Zigzag-Entirety"", ""bio"": """", ""profileImage"": """", ""profileImageOptimized"": """", ""transactionHash"": ""0xcd55f86df64475d87d1631396bf0fa01c6144bc734311c375ac853f83de9832e""}"
1769838726,2026-02-14T01:58:44.250634,0xdec7a47acf451c8b47fe8c6a5c76bb0d230b10850673791db226c156f0e83dae:1769838726,561251,39223330966352513418907732239455948906399882924787587183466504819170775983376,BUY,0.009,3786.0,34.074,0xdec7a47acf451c8b47fe8c6a5c76bb0d230b10850673791db226c156f0e83dae,"{""proxyWallet"": ""0x56fe58bb7f8c100167f1b5ae23ea35ed6e4f0759"", ""side"": ""BUY"", ""asset"": ""39223330966352513418907732239455948906399882924787587183466504819170775983376"", ""conditionId"": ""0x836b850fc838195374862551a36f1c8691d96ff01e58b0a071f0fc1a0e357fb1"", ""size"": 3786, ""price"": 0.009, ""timestamp"": 1769838726, ""title"": ""Will LeBron James win the 2028 US Presidential Election?"", ""slug"": ""will-lebron-james-win-the-2028-us-presidential-election"", ""icon"": ""https://polymarket-upload.s3.us-east-2.amazonaws.com/Lebron_James.png"", ""eventSlug"": ""presidential-election-winner-2028"", ""outcome"": ""Yes"", ""outcomeIndex"": 0, ""name"": ""ZoraScrollDropper"", ""pseudonym"": ""Soulful-Conductor"", ""bio"": """", ""profileImage"": """", ""profileImageOptimized"": """", ""transactionHash"": ""0xdec7a47acf451c8b47fe8c6a5c76bb0d230b10850673791db226c156f0e83dae""}"
1769838142,2026-02-14T01:58:44.250647,0xba7a8c201064b8eab1214430b606938ed9123ac0626aab3bf63483e189c7ef1f:1769838142,561251,39223330966352513418907732239455948906399882924787587183466504819170775983376,SELL,0.008,1589.0,12.712,0xba7a8c201064b8eab1214430b606938ed9123ac0626aab3bf63483e189c7ef1f,"{""proxyWallet"": ""0xa3b120ffefbe507922aca850aba8a65517b9ab73"", ""side"": ""SELL"", ""asset"": ""39223330966352513418907732239455948906399882924787587183466504819170775983376"", ""conditionId"": ""0x836b850fc838195374862551a36f1c8691d96ff01e58b0a071f0fc1a0e357fb1"", ""size"": 1589, ""price"": 0.008, ""timestamp"": 1769838142, ""title"": ""Will LeBron James win the 2028 US Presidential Election?"", ""slug"": ""will-lebron-james-win-the-2028-us-presidential-election"", ""icon"": ""https://polymarket-upload.s3.us-east-2.amazonaws.com/Lebron_James.png"", ""eventSlug"": ""presidential-election-winner-2028"", ""outcome"": ""Yes"", ""outcomeIndex"": 0, ""name"": ""vgmvcvbn"", ""pseudonym"": ""Negligible-Omission"", ""bio"": """", ""profileImage"": """", ""profileImageOptimized"": """", ""transactionHash"": ""0xba7a8c201064b8eab1214430b606938ed9123ac0626aab3bf63483e189c7ef1f""}"
1769838088,2026-02-14T01:58:44.250660,0xbdaffd6fb558f04a854987a0338925105520492b1c9db767532f879ea2b72238:1769838088,561251,39223330966352513418907732239455948906399882924787587183466504819170775983376,BUY,0.009,1648.34,14.835059999999999,0xbdaffd6fb558f04a854987a0338925105520492b1c9db767532f879ea2b72238,"{""proxyWallet"": ""0xaef9a3776a68e05e671092ebf670ea03d40f1c99"", ""side"": ""BUY"", ""asset"": ""39223330966352513418907732239455948906399882924787587183466504819170775983376"", ""conditionId"": ""0x836b850fc838195374862551a36f1c8691d96ff01e58b0a071f0fc1a0e357fb1"", ""size"": 1648.34, ""price"": 0.009, ""timestamp"": 1769838088, ""title"": ""Will LeBron James win the 2028 US Presidential Election?"", ""slug"": ""will-lebron-james-win-the-2028-us-presidential-election"", ""icon"": ""https://polymarket-upload.s3.us-east-2.amazonaws.com/Lebron_James.png"", ""eventSlug"": ""presidential-election-winner-2028"", ""outcome"": ""Yes"", ""outcomeIndex"": 0, ""name"": ""Vokshi"", ""pseudonym"": ""Worldly-Metronome"", ""bio"": """", ""profileImage"": """", ""profileImageOptimized"": """", ""transactionHash"": ""0xbdaffd6fb558f04a854987a0338925105520492b1c9db767532f879ea2b72238""}"
1769837276,2026-02-14T01:58:44.250674,0xd1950e464fc2ca071f1ae0f1ceb2978061ac88ae18f02c5e7f27b8dc1d73be24:1769837276,561251,39223330966352513418907732239455948906399882924787587183466504819170775983376,SELL,0.008,1510.0,12.08,0xd1950e464fc2ca071f1ae0f1ceb2978061ac88ae18f02c5e7f27b8dc1d73be24,"{""proxyWallet"": ""0xbe56b60f639e2bfc251da89e20c0cced8d0330e9"", ""side"": ""SELL"", ""asset"": ""39223330966352513418907732239455948906399882924787587183466504819170775983376"", ""conditionId"": ""0x836b850fc838195374862551a36f1c8691d96ff01e58b0a071f0fc1a0e357fb1"", ""size"": 1510, ""price"": 0.008, ""timestamp"": 1769837276, ""title"": ""Will LeBron James win the 2028 US Presidential Election?"", ""slug"": ""will-lebron-james-win-the-2028-us-presidential-election"", ""icon"": ""https://polymarket-upload.s3.us-east-2.amazonaws.com/Lebron_James.png"", ""eventSlug"": ""presidential-election-winner-2028"", ""outcome"": ""Yes"", ""outcomeIndex"": 0, ""name"": ""ghjkjhghkgh"", ""pseudonym"": ""Annual-Power"", ""bio"": """", ""profileImage"": """", ""profileImageOptimized"": """", ""transactionHash"": ""0xd1950e464fc2ca071f1ae0f1ceb2978061ac88ae18f02c5e7f27b8dc1d73be24""}"
1769836800,2026-02-14T01:58:44.250687,0xcd78049c242cd83fc2497babca1fc14c4568b300780d373776d0e9b65eaca2e3:1769836800,561251,39223330966352513418907732239455948906399882924787587183466504819170775983376,SELL,0.008,1283.0,10.264,0xcd78049c242cd83fc2497babca1fc14c4568b300780d373776d0e9b65eaca2e3,"{""proxyWallet"": ""0xb0963addcd7dbbcb486e8b98a9352ccd698863c7"", ""side"": ""SELL"", ""asset"": ""39223330966352513418907732239455948906399882924787587183466504819170775983376"", ""conditionId"": ""0x836b850fc838195374862551a36f1c8691d96ff01e58b0a071f0fc1a0e357fb1"", ""size"": 1283, ""price"": 0.008, ""timestamp"": 1769836800, ""title"": ""Will LeBron James win the 2028 US Presidential Election?"", ""slug"": ""will-lebron-james-win-the-2028-us-presidential-election"", ""icon"": ""https://polymarket-upload.s3.us-east-2.amazonaws.com/Lebron_James.png"", ""eventSlug"": ""presidential-election-winner-2028"", ""outcome"": ""Yes"", ""outcomeIndex"": 0, ""name"": ""gjgjgjdjfg"", ""pseudonym"": ""Finished-Video"", ""bio"": """", ""profileImage"": """", ""profileImageOptimized"": """", ""transactionHash"": ""0xcd78049c242cd83fc2497babca1fc14c4568b300780d373776d0e9b65eaca2e3""}"
1769836606,2026-02-14T01:58:44.250701,0xf8fc1561c11bceb1d45be439dfd9836d718c320712cb77db4a01a1dd144152c8:1769836606,561251,39223330966352513418907732239455948906399882924787587183466504819170775983376,SELL,0.008,2846.0,22.768,0xf8fc1561c11bceb1d45be439dfd9836d718c320712cb77db4a01a1dd144152c8,"{""proxyWallet"": ""0x2dde4527fdd26b55c322252a0ed89579e2f9473a"", ""side"": ""SELL"", ""asset"": ""39223330966352513418907732239455948906399882924787587183466504819170775983376"", ""conditionId"": ""0x836b850fc838195374862551a36f1c8691d96ff01e58b0a071f0fc1a0e357fb1"", ""size"": 2846, ""price"": 0.008, ""timestamp"": 1769836606, ""title"": ""Will LeBron James win the 2028 US Presidential Election?"", ""slug"": ""will-lebron-james-win-the-2028-us-presidential-election"", ""icon"": ""https://polymarket-upload.s3.us-east-2.amazonaws.com/Lebron_James.png"", ""eventSlug"": ""presidential-election-winner-2028"", ""outcome"": ""Yes"", ""outcomeIndex"": 0, ""name"": ""bnmcfvcbc"", ""pseudonym"": ""Miniature-Thistle"", ""bio"": """", ""profileImage"": """", ""profileImageOptimized"": """", ""transactionHash"": ""0xf8fc1561c11bceb1d45be439dfd9836d718c320712cb77db4a01a1dd144152c8""}"
1769836588,2026-02-14T01:58:44.250714,0xa6f8297093c7f6493130b930b4e51e57929b075ee1519b7242bd7aaeb0b016b8:1769836588,561251,39223330966352513418907732239455948906399882924787587183466504819170775983376,SELL,0.008,3690.0,29.52,0xa6f8297093c7f6493130b930b4e51e57929b075ee1519b7242bd7aaeb0b016b8,"{""proxyWallet"": ""0xe4de8ddd6e4cd631a88e9f645b1cb5a7b7231cbc"", ""side"": ""SELL"", ""asset"": ""39223330966352513418907732239455948906399882924787587183466504819170775983376"", ""conditionId"": ""0x836b850fc838195374862551a36f1c8691d96ff01e58b0a071f0fc1a0e357fb1"", ""size"": 3690, ""price"": 0.008, ""timestamp"": 1769836588, ""title"": ""Will LeBron James win the 2028 US Presidential Election?"", ""slug"": ""will-lebron-james-win-the-2028-us-presidential-election"", ""icon"": ""https://polymarket-upload.s3.us-east-2.amazonaws.com/Lebron_James.png"", ""eventSlug"": ""presidential-election-winner-2028"", ""outcome"": ""Yes"", ""outcomeIndex"": 0, ""name"": ""TokenNomadCore"", ""pseudonym"": ""Able-Certification"", ""bio"": """", ""profileImage"": """", ""profileImageOptimized"": """", ""transactionHash"": ""0xa6f8297093c7f6493130b930b4e51e57929b075ee1519b7242bd7aaeb0b016b8""}"
1769836530,2026-02-14T01:58:44.250727,0xf4a586e19f7be81fc1dbd9242fc14ba82282e5e1263db184704b5c5ba39a8aad:1769836530,561251,39223330966352513418907732239455948906399882924787587183466504819170775983376,SELL,0.008,1335.0,10.68,0xf4a586e19f7be81fc1dbd9242fc14ba82282e5e1263db184704b5c5ba39a8aad,"{""proxyWallet"": ""0xfda7286cf85e62fca3904b637e7c8bef279c58c5"", ""side"": ""SELL"", ""asset"": ""39223330966352513418907732239455948906399882924787587183466504819170775983376"", ""conditionId"": ""0x836b850fc838195374862551a36f1c8691d96ff01e58b0a071f0fc1a0e357fb1"", ""size"": 1335, ""price"": 0.008, ""timestamp"": 1769836530, ""title"": ""Will LeBron James win the 2028 US Presidential Election?"", ""slug"": ""will-lebron-james-win-the-2028-us-presidential-election"", ""icon"": ""https://polymarket-upload.s3.us-east-2.amazonaws.com/Lebron_James.png"", ""eventSlug"": ""presidential-election-winner-2028"", ""outcome"": ""Yes"", ""outcomeIndex"": 0, ""name"": ""ghfgdfss"", ""pseudonym"": ""High-Level-Confirmation"", ""bio"": """", ""profileImage"": """", ""profileImageOptimized"": """", ""transactionHash"": ""0xf4a586e19f7be81fc1dbd9242fc14ba82282e5e1263db184704b5c5ba39a8aad""}"
1769836392,2026-02-14T01:58:44.250740,0x3252a0913bacc9305f4a000d06d342b305fbb6c4943d49ee83ca5ce1974ba08c:1769836392,561251,39223330966352513418907732239455948906399882924787587183466504819170775983376,SELL,0.008,2159.0,17.272000000000002,0x3252a0913bacc9305f4a000d06d342b305fbb6c4943d49ee83ca5ce1974ba08c,"{""proxyWallet"": ""0xb4009439b8569ac07884fc9401a6265a21d5fd87"", ""side"": ""SELL"", ""asset"": ""39223330966352513418907732239455948906399882924787587183466504819170775983376"", ""conditionId"": ""0x836b850fc838195374862551a36f1c8691d96ff01e58b0a071f0fc1a0e357fb1"", ""size"": 2159, ""price"": 0.008, ""timestamp"": 1769836392, ""title"": ""Will LeBron James win the 2028 US Presidential Election?"", ""slug"": ""will-lebron-james-win-the-2028-us-presidential-election"", ""icon"": ""https://polymarket-upload.s3.us-east-2.amazonaws.com/Lebron_James.png"", ""eventSlug"": ""presidential-election-winner-2028"", ""outcome"": ""Yes"", ""outcomeIndex"": 0, ""name"": ""saqweweer"", ""pseudonym"": ""Tall-Eggnog"", ""bio"": """", ""profileImage"": """", ""profileImageOptimized"": """", ""transactionHash"": ""0x3252a0913bacc9305f4a000d06d342b305fbb6c4943d49ee83ca5ce1974ba08c""}"
1769836384,2026-02-14T01:58:44.250753,0xf7a30759049acb6df10571d7a0fbcb7425a74f40168ccecf604877c7da9a6ecd:1769836384,561251,39223330966352513418907732239455948906399882924787587183466504819170775983376,SELL,0.008,1547.0,12.376,0xf7a30759049acb6df10571d7a0fbcb7425a74f40168ccecf604877c7da9a6ecd,"{""proxyWallet"": ""0xf585598ddcc577b0dce28f25b176e2f84710fc73"", ""side"": ""SELL"", ""asset"": ""39223330966352513418907732239455948906399882924787587183466504819170775983376"", ""conditionId"": ""0x836b850fc838195374862551a36f1c8691d96ff01e58b0a071f0fc1a0e357fb1"", ""size"": 1547, ""price"": 0.008, ""timestamp"": 1769836384, ""title"": ""Will LeBron James win the 2028 US Presidential Election?"", ""slug"": ""will-lebron-james-win-the-2028-us-presidential-election"", ""icon"": ""https://polymarket-upload.s3.us-east-2.amazonaws.com/Lebron_James.png"", ""eventSlug"": ""presidential-election-winner-2028"", ""outcome"": ""Yes"", ""outcomeIndex"": 0, ""name"": ""jklopmmnn"", ""pseudonym"": ""Troubled-Objective"", ""bio"": """", ""profileImage"": """", ""profileImageOptimized"": """", ""transactionHash"": ""0xf7a30759049acb6df10571d7a0fbcb7425a74f40168ccecf604877c7da9a6ecd""}"
1769836206,2026-02-14T01:58:44.250767,0x8a619b9dc60fbbbd7e9da8fc5dda632cc52aa0173d4bf755927078ba6bd4194a:1769836206,561251,39223330966352513418907732239455948906399882924787587183466504819170775983376,SELL,0.008,1266.0,10.128,0x8a619b9dc60fbbbd7e9da8fc5dda632cc52aa0173d4bf755927078ba6bd4194a,"{""proxyWallet"": ""0xb7c1e99418e46ced0613f5bd853d349df8964cc8"", ""side"": ""SELL"", ""asset"": ""39223330966352513418907732239455948906399882924787587183466504819170775983376"", ""conditionId"": ""0x836b850fc838195374862551a36f1c8691d96ff01e58b0a071f0fc1a0e357fb1"", ""size"": 1266, ""price"": 0.008, ""timestamp"": 1769836206, ""title"": ""Will LeBron James win the 2028 US Presidential Election?"", ""slug"": ""will-lebron-james-win-the-2028-us-presidential-election"", ""icon"": ""https://polymarket-upload.s3.us-east-2.amazonaws.com/Lebron_James.png"", ""eventSlug"": ""presidential-election-winner-2028"", ""outcome"": ""Yes"", ""outcomeIndex"": 0, ""name"": ""6g3jg31k3hg"", ""pseudonym"": ""Weird-Seeder"", ""bio"": """", ""profileImage"": """", ""profileImageOptimized"": """", ""transactionHash"": ""0x8a619b9dc60fbbbd7e9da8fc5dda632cc52aa0173d4bf755927078ba6bd4194a""}"
1769836128,2026-02-14T01:58:44.250780,0xb0c13186bb939d7a30a933961dfc6111a66386ca135506b60176420c0ae8853e:1769836128,561251,39223330966352513418907732239455948906399882924787587183466504819170775983376,SELL,0.008,1277.0,10.216000000000001,0xb0c13186bb939d7a30a933961dfc6111a66386ca135506b60176420c0ae8853e,"{""proxyWallet"": ""0xbc5faa7bb025f839340210c81f4f2c7410412ae8"", ""side"": ""SELL"", ""asset"": ""39223330966352513418907732239455948906399882924787587183466504819170775983376"", ""conditionId"": ""0x836b850fc838195374862551a36f1c8691d96ff01e58b0a071f0fc1a0e357fb1"", ""size"": 1277, ""price"": 0.008, ""timestamp"": 1769836128, ""title"": ""Will LeBron James win the 2028 US Presidential Election?"", ""slug"": ""will-lebron-james-win-the-2028-us-presidential-election"", ""icon"": ""https://polymarket-upload.s3.us-east-2.amazonaws.com/Lebron_James.png"", ""eventSlug"": ""presidential-election-winner-2028"", ""outcome"": ""Yes"", ""outcomeIndex"": 0, ""name"": ""tutyuytuyu"", ""pseudonym"": ""Scholarly-Baboon"", ""bio"": """", ""profileImage"": """", ""profileImageOptimized"": """", ""transactionHash"": ""0xb0c13186bb939d7a30a933961dfc6111a66386ca135506b60176420c0ae8853e""}"
1769836086,2026-02-14T01:58:44.250793,0x0ac0e54c3c139fbd45ab15bbb39085a5a08e44ba38e4ecd00a0226f9bf00f894:1769836086,561251,39223330966352513418907732239455948906399882924787587183466504819170775983376,SELL,0.008,1315.0,10.52,0x0ac0e54c3c139fbd45ab15bbb39085a5a08e44ba38e4ecd00a0226f9bf00f894,"{""proxyWallet"": ""0xb4a07b96c890f5aa2bcf20186a52a849a35154eb"", ""side"": ""SELL"", ""asset"": ""39223330966352513418907732239455948906399882924787587183466504819170775983376"", ""conditionId"": ""0x836b850fc838195374862551a36f1c8691d96ff01e58b0a071f0fc1a0e357fb1"", ""size"": 1315, ""price"": 0.008, ""timestamp"": 1769836086, ""title"": ""Will LeBron James win the 2028 US Presidential Election?"", ""slug"": ""will-lebron-james-win-the-2028-us-presidential-election"", ""icon"": ""https://polymarket-upload.s3.us-east-2.amazonaws.com/Lebron_James.png"", ""eventSlug"": ""presidential-election-winner-2028"", ""outcome"": ""Yes"", ""outcomeIndex"": 0, ""name"": ""fgdfgf"", ""pseudonym"": ""Yellow-Mortise"", ""bio"": """", ""profileImage"": """", ""profileImageOptimized"": """", ""transactionHash"": ""0x0ac0e54c3c139fbd45ab15bbb39085a5a08e44ba38e4ecd00a0226f9bf00f894""}"
1769835996,2026-02-14T01:58:44.250807,0x35760ab672ac2447d85e33df7cdca62af2b02415eb644a792052c677c13f83d8:1769835996,561251,39223330966352513418907732239455948906399882924787587183466504819170775983376,SELL,0.008,1564.0,12.512,0x35760ab672ac2447d85e33df7cdca62af2b02415eb644a792052c677c13f83d8,"{""proxyWallet"": ""0x0bf8ea4b06bef4e28605678fa93d26925e0262fb"", ""side"": ""SELL"", ""asset"": ""39223330966352513418907732239455948906399882924787587183466504819170775983376"", ""conditionId"": ""0x836b850fc838195374862551a36f1c8691d96ff01e58b0a071f0fc1a0e357fb1"", ""size"": 1564, ""price"": 0.008, ""timestamp"": 1769835996, ""title"": ""Will LeBron James win the 2028 US Presidential Election?"", ""slug"": ""will-lebron-james-win-the-2028-us-presidential-election"", ""icon"": ""https://polymarket-upload.s3.us-east-2.amazonaws.com/Lebron_James.png"", ""eventSlug"": ""presidential-election-winner-2028"", ""outcome"": ""Yes"", ""outcomeIndex"": 0, ""name"": ""sderryttyty"", ""pseudonym"": ""Putrid-Gaffer"", ""bio"": """", ""profileImage"": """", ""profileImageOptimized"": """", ""transactionHash"": ""0x35760ab672ac2447d85e33df7cdca62af2b02415eb644a792052c677c13f83d8""}"
1769835834,2026-02-14T01:58:44.250820,0x9abd414d908da0a465ae93e10cafef33c25050bf77b72f09cfd2067dea554465:1769835834,561251,39223330966352513418907732239455948906399882924787587183466504819170775983376,SELL,0.008,1513.0,12.104000000000001,0x9abd414d908da0a465ae93e10cafef33c25050bf77b72f09cfd2067dea554465,"{""proxyWallet"": ""0x8aa9193c4d9b5d03d847c0e42f3f265c80ecd1b4"", ""side"": ""SELL"", ""asset"": ""39223330966352513418907732239455948906399882924787587183466504819170775983376"", ""conditionId"": ""0x836b850fc838195374862551a36f1c8691d96ff01e58b0a071f0fc1a0e357fb1"", ""size"": 1513, ""price"": 0.008, ""timestamp"": 1769835834, ""title"": ""Will LeBron James win the 2028 US Presidential Election?"", ""slug"": ""will-lebron-james-win-the-2028-us-presidential-election"", ""icon"": ""https://polymarket-upload.s3.us-east-2.amazonaws.com/Lebron_James.png"", ""eventSlug"": ""presidential-election-winner-2028"", ""outcome"": ""Yes"", ""outcomeIndex"": 0, ""name"": ""r74y89rtyr"", ""pseudonym"": ""Wiry-Shortage"", ""bio"": """", ""profileImage"": """", ""profileImageOptimized"": """", ""transactionHash"": ""0x9abd414d908da0a465ae93e10cafef33c25050bf77b72f09cfd2067dea554465""}"
1769835744,2026-02-14T01:58:44.250837,0x54572eb5f167d12f508edaabbe967d3632a82d035112792f6245145dd376208a:1769835744,561251,39223330966352513418907732239455948906399882924787587183466504819170775983376,BUY,0.009,3740.0,33.66,0x54572eb5f167d12f508edaabbe967d3632a82d035112792f6245145dd376208a,"{""proxyWallet"": ""0xb849e7d7510c3f37ae06e3074b3c4d1fa71eaabc"", ""side"": ""BUY"", ""asset"": ""39223330966352513418907732239455948906399882924787587183466504819170775983376"", ""conditionId"": ""0x836b850fc838195374862551a36f1c8691d96ff01e58b0a071f0fc1a0e357fb1"", ""size"": 3740, ""price"": 0.009, ""timestamp"": 1769835744, ""title"": ""Will LeBron James win the 2028 US Presidential Election?"", ""slug"": ""will-lebron-james-win-the-2028-us-presidential-election"", ""icon"": ""https://polymarket-upload.s3.us-east-2.amazonaws.com/Lebron_James.png"", ""eventSlug"": ""presidential-election-winner-2028"", ""outcome"": ""Yes"", ""outcomeIndex"": 0, ""name"": ""DeFiShaman"", ""pseudonym"": ""Rude-Mastoid"", ""bio"": """", ""profileImage"": """", ""profileImageOptimized"": """", ""transactionHash"": ""0x54572eb5f167d12f508edaabbe967d3632a82d035112792f6245145dd376208a""}"
1769835736,2026-02-14T01:58:44.250851,0xa117793dcad56ec255c10098ba1558ad1541669f3857c27c40cdc48b0d9b3125:1769835736,561251,39223330966352513418907732239455948906399882924787587183466504819170775983376,SELL,0.008,1233.0,9.864,0xa117793dcad56ec255c10098ba1558ad1541669f3857c27c40cdc48b0d9b3125,"{""proxyWallet"": ""0xb808fce3bcedf616f84dbec2a11a1e7443ab80a3"", ""side"": ""SELL"", ""asset"": ""39223330966352513418907732239455948906399882924787587183466504819170775983376"", ""conditionId"": ""0x836b850fc838195374862551a36f1c8691d96ff01e58b0a071f0fc1a0e357fb1"", ""size"": 1233, ""price"": 0.008, ""timestamp"": 1769835736, ""title"": ""Will LeBron James win the 2028 US Presidential Election?"", ""slug"": ""will-lebron-james-win-the-2028-us-presidential-election"", ""icon"": ""https://polymarket-upload.s3.us-east-2.amazonaws.com/Lebron_James.png"", ""eventSlug"": ""presidential-election-winner-2028"", ""outcome"": ""Yes"", ""outcomeIndex"": 0, ""name"": ""bnnmklopih"", ""pseudonym"": ""Hasty-Ephyra"", ""bio"": """", ""profileImage"": """", ""profileImageOptimized"": """", ""transactionHash"": ""0xa117793dcad56ec255c10098ba1558ad1541669f3857c27c40cdc48b0d9b3125""}"
1769835268,2026-02-14T01:58:44.250864,0x8a3d1eecd4ec744f2e3c668fe3b3d422c451a3e80749f790fd3bc8e3f3201b0a:1769835268,561251,39223330966352513418907732239455948906399882924787587183466504819170775983376,BUY,0.009,220.0,1.9799999999999998,0x8a3d1eecd4ec744f2e3c668fe3b3d422c451a3e80749f790fd3bc8e3f3201b0a,"{""proxyWallet"": ""0x82ff11545b90af42b740e78f811cc14deecd720b"", ""side"": ""BUY"", ""asset"": ""39223330966352513418907732239455948906399882924787587183466504819170775983376"", ""conditionId"": ""0x836b850fc838195374862551a36f1c8691d96ff01e58b0a071f0fc1a0e357fb1"", ""size"": 220, ""price"": 0.009, ""timestamp"": 1769835268, ""title"": ""Will LeBron James win the 2028 US Presidential Election?"", ""slug"": ""will-lebron-james-win-the-2028-us-presidential-election"", ""icon"": ""https://polymarket-upload.s3.us-east-2.amazonaws.com/Lebron_James.png"", ""eventSlug"": ""presidential-election-winner-2028"", ""outcome"": ""Yes"", ""outcomeIndex"": 0, ""name"": ""tamara49"", ""pseudonym"": ""Harmful-Octet"", ""bio"": """", ""profileImage"": """", ""profileImageOptimized"": """", ""transactionHash"": ""0x8a3d1eecd4ec744f2e3c668fe3b3d422c451a3e80749f790fd3bc8e3f3201b0a""}"
1769834712,2026-02-14T01:58:44.250877,0xebec811cb16f8d2330f627ffc7417213640e7969fc9af85893eae06ab55f6b8d:1769834712,561251,39223330966352513418907732239455948906399882924787587183466504819170775983376,SELL,0.008,1295.0,10.36,0xebec811cb16f8d2330f627ffc7417213640e7969fc9af85893eae06ab55f6b8d,"{""proxyWallet"": ""0x2d7270e280ca10e0be66833e9caff7fff45dc16f"", ""side"": ""SELL"", ""asset"": ""39223330966352513418907732239455948906399882924787587183466504819170775983376"", ""conditionId"": ""0x836b850fc838195374862551a36f1c8691d96ff01e58b0a071f0fc1a0e357fb1"", ""size"": 1295, ""price"": 0.008, ""timestamp"": 1769834712, ""title"": ""Will LeBron James win the 2028 US Presidential Election?"", ""slug"": ""will-lebron-james-win-the-2028-us-presidential-election"", ""icon"": ""https://polymarket-upload.s3.us-east-2.amazonaws.com/Lebron_James.png"", ""eventSlug"": ""presidential-election-winner-2028"", ""outcome"": ""Yes"", ""outcomeIndex"": 0, ""name"": ""dfhghgjhg"", ""pseudonym"": ""Steep-Gale"", ""bio"": """", ""profileImage"": """", ""profileImageOptimized"": """", ""transactionHash"": ""0xebec811cb16f8d2330f627ffc7417213640e7969fc9af85893eae06ab55f6b8d""}"
1769834606,2026-02-14T01:58:44.250890,0x19e3a54bbe3bf2de8f26a8fab3edadc867f4a3ae2b10908c185087936f382060:1769834606,561251,39223330966352513418907732239455948906399882924787587183466504819170775983376,BUY,0.009,3869.0,34.821,0x19e3a54bbe3bf2de8f26a8fab3edadc867f4a3ae2b10908c185087936f382060,"{""proxyWallet"": ""0x873a2e55c730b0752417cab710bd39a07faf7954"", ""side"": ""BUY"", ""asset"": ""39223330966352513418907732239455948906399882924787587183466504819170775983376"", ""conditionId"": ""0x836b850fc838195374862551a36f1c8691d96ff01e58b0a071f0fc1a0e357fb1"", ""size"": 3869, ""price"": 0.009, ""timestamp"": 1769834606, ""title"": ""Will LeBron James win the 2028 US Presidential Election?"", ""slug"": ""will-lebron-james-win-the-2028-us-presidential-election"", ""icon"": ""https://polymarket-upload.s3.us-east-2.amazonaws.com/Lebron_James.png"", ""eventSlug"": ""presidential-election-winner-2028"", ""outcome"": ""Yes"", ""outcomeIndex"": 0, ""name"": ""ylegfhd"", ""pseudonym"": ""Illustrious-Jazz"", ""bio"": """", ""profileImage"": """", ""profileImageOptimized"": """", ""transactionHash"": ""0x19e3a54bbe3bf2de8f26a8fab3edadc867f4a3ae2b10908c185087936f382060""}"
1769833302,2026-02-14T01:58:44.250904,0x3cfe72fe0c93663c3b732b02a2207428127c25aaa353b72d12ad252a0e278c65:1769833302,561251,39223330966352513418907732239455948906399882924787587183466504819170775983376,BUY,0.009,1138.92,10.25028,0x3cfe72fe0c93663c3b732b02a2207428127c25aaa353b72d12ad252a0e278c65,"{""proxyWallet"": ""0x117a08f0ef460ffbc917bda6dd29b2f75b966dc8"", ""side"": ""BUY"", ""asset"": ""39223330966352513418907732239455948906399882924787587183466504819170775983376"", ""conditionId"": ""0x836b850fc838195374862551a36f1c8691d96ff01e58b0a071f0fc1a0e357fb1"", ""size"": 1138.92, ""price"": 0.009, ""timestamp"": 1769833302, ""title"": ""Will LeBron James win the 2028 US Presidential Election?"", ""slug"": ""will-lebron-james-win-the-2028-us-presidential-election"", ""icon"": ""https://polymarket-upload.s3.us-east-2.amazonaws.com/Lebron_James.png"", ""eventSlug"": ""presidential-election-winner-2028"", ""outcome"": ""Yes"", ""outcomeIndex"": 0, ""name"": ""Vexly"", ""pseudonym"": ""Vigorous-Life"", ""bio"": """", ""profileImage"": """", ""profileImageOptimized"": """", ""transactionHash"": ""0x3cfe72fe0c93663c3b732b02a2207428127c25aaa353b72d12ad252a0e278c65""}"
1769827766,2026-02-14T01:58:44.250922,0x3e74fe997d7baf7eedc4eea35cce1c1785ff7a4d57d4404569b490a6a091a2f6:1769827766,561251,39223330966352513418907732239455948906399882924787587183466504819170775983376,SELL,0.008,3847.0,30.776,0x3e74fe997d7baf7eedc4eea35cce1c1785ff7a4d57d4404569b490a6a091a2f6,"{""proxyWallet"": ""0xa3ee5a8d439d5363976f45adfe4c5e0a3e4fd9fb"", ""side"": ""SELL"", ""asset"": ""39223330966352513418907732239455948906399882924787587183466504819170775983376"", ""conditionId"": ""0x836b850fc838195374862551a36f1c8691d96ff01e58b0a071f0fc1a0e357fb1"", ""size"": 3847, ""price"": 0.008, ""timestamp"": 1769827766, ""title"": ""Will LeBron James win the 2028 US Presidential Election?"", ""slug"": ""will-lebron-james-win-the-2028-us-presidential-election"", ""icon"": ""https://polymarket-upload.s3.us-east-2.amazonaws.com/Lebron_James.png"", ""eventSlug"": ""presidential-election-winner-2028"", ""outcome"": ""Yes"", ""outcomeIndex"": 0, ""name"": ""graclyngeorge"", ""pseudonym"": ""Little-Round"", ""bio"": """", ""profileImage"": """", ""profileImageOptimized"": """", ""transactionHash"": ""0x3e74fe997d7baf7eedc4eea35cce1c1785ff7a4d57d4404569b490a6a091a2f6""}"
1769827758,2026-02-14T01:58:44.250936,0x9e98cbcbc24b3b01937f6a107340d2ed5ede445f2499df4fe65d26df89935f18:1769827758,561251,39223330966352513418907732239455948906399882924787587183466504819170775983376,SELL,0.008,3697.0,29.576,0x9e98cbcbc24b3b01937f6a107340d2ed5ede445f2499df4fe65d26df89935f18,"{""proxyWallet"": ""0x301b0c32a3f1cc6f3b052c9fe203a5394c22e944"", ""side"": ""SELL"", ""asset"": ""39223330966352513418907732239455948906399882924787587183466504819170775983376"", ""conditionId"": ""0x836b850fc838195374862551a36f1c8691d96ff01e58b0a071f0fc1a0e357fb1"", ""size"": 3697, ""price"": 0.008, ""timestamp"": 1769827758, ""title"": ""Will LeBron James win the 2028 US Presidential Election?"", ""slug"": ""will-lebron-james-win-the-2028-us-presidential-election"", ""icon"": ""https://polymarket-upload.s3.us-east-2.amazonaws.com/Lebron_James.png"", ""eventSlug"": ""presidential-election-winner-2028"", ""outcome"": ""Yes"", ""outcomeIndex"": 0, ""name"": ""Shubhamobroy"", ""pseudonym"": ""Worst-Bongo"", ""bio"": """", ""profileImage"": """", ""profileImageOptimized"": """", ""transactionHash"": ""0x9e98cbcbc24b3b01937f6a107340d2ed5ede445f2499df4fe65d26df89935f18""}"
1769826876,2026-02-14T01:58:44.250949,0x4948dc7067a7984887ffcfb5dcedd9f8b8a88d8d73472f77b9128583dbaabcd4:1769826876,561251,39223330966352513418907732239455948906399882924787587183466504819170775983376,SELL,0.008,3689.0,29.512,0x4948dc7067a7984887ffcfb5dcedd9f8b8a88d8d73472f77b9128583dbaabcd4,"{""proxyWallet"": ""0x8b532eebbfe1108189362ce445edc883daac6ec1"", ""side"": ""SELL"", ""asset"": ""39223330966352513418907732239455948906399882924787587183466504819170775983376"", ""conditionId"": ""0x836b850fc838195374862551a36f1c8691d96ff01e58b0a071f0fc1a0e357fb1"", ""size"": 3689, ""price"": 0.008, ""timestamp"": 1769826876, ""title"": ""Will LeBron James win the 2028 US Presidential Election?"", ""slug"": ""will-lebron-james-win-the-2028-us-presidential-election"", ""icon"": ""https://polymarket-upload.s3.us-east-2.amazonaws.com/Lebron_James.png"", ""eventSlug"": ""presidential-election-winner-2028"", ""outcome"": ""Yes"", ""outcomeIndex"": 0, ""name"": ""Christophaniel"", ""pseudonym"": ""Unknown-Pitcher"", ""bio"": """", ""profileImage"": """", ""profileImageOptimized"": """", ""transactionHash"": ""0x4948dc7067a7984887ffcfb5dcedd9f8b8a88d8d73472f77b9128583dbaabcd4""}"
1769824990,2026-02-14T01:58:44.250963,0x723e88bffc596b00b34f0dfe6d9afa9ec1dabaf9f9ce95cfe3fca41604882116:1769824990,561251,39223330966352513418907732239455948906399882924787587183466504819170775983376,BUY,0.009,3749.0,33.741,0x723e88bffc596b00b34f0dfe6d9afa9ec1dabaf9f9ce95cfe3fca41604882116,"{""proxyWallet"": ""0x2dfd5c1217243fe899eaced952d370bb5a6f1f9a"", ""side"": ""BUY"", ""asset"": ""39223330966352513418907732239455948906399882924787587183466504819170775983376"", ""conditionId"": ""0x836b850fc838195374862551a36f1c8691d96ff01e58b0a071f0fc1a0e357fb1"", ""size"": 3749, ""price"": 0.009, ""timestamp"": 1769824990, ""title"": ""Will LeBron James win the 2028 US Presidential Election?"", ""slug"": ""will-lebron-james-win-the-2028-us-presidential-election"", ""icon"": ""https://polymarket-upload.s3.us-east-2.amazonaws.com/Lebron_James.png"", ""eventSlug"": ""presidential-election-winner-2028"", ""outcome"": ""Yes"", ""outcomeIndex"": 0, ""name"": ""Henriettajaneann"", ""pseudonym"": ""Dazzling-Table"", ""bio"": """", ""profileImage"": """", ""profileImageOptimized"": """", ""transactionHash"": ""0x723e88bffc596b00b34f0dfe6d9afa9ec1dabaf9f9ce95cfe3fca41604882116""}"
1769823558,2026-02-14T01:58:44.250977,0xcc07bcbcee9e3b83db1aefc0ed195cb3fa307c3b79d1201cc57b6c1912eea1ff:1769823558,561251,39223330966352513418907732239455948906399882924787587183466504819170775983376,SELL,0.008,3896.0,31.168,0xcc07bcbcee9e3b83db1aefc0ed195cb3fa307c3b79d1201cc57b6c1912eea1ff,"{""proxyWallet"": ""0x8067a7df3648a140924437f1912dbacb99b07443"", ""side"": ""SELL"", ""asset"": ""39223330966352513418907732239455948906399882924787587183466504819170775983376"", ""conditionId"": ""0x836b850fc838195374862551a36f1c8691d96ff01e58b0a071f0fc1a0e357fb1"", ""size"": 3896, ""price"": 0.008, ""timestamp"": 1769823558, ""title"": ""Will LeBron James win the 2028 US Presidential Election?"", ""slug"": ""will-lebron-james-win-the-2028-us-presidential-election"", ""icon"": ""https://polymarket-upload.s3.us-east-2.amazonaws.com/Lebron_James.png"", ""eventSlug"": ""presidential-election-winner-2028"", ""outcome"": ""Yes"", ""outcomeIndex"": 0, ""name"": ""Isabellacatherin"", ""pseudonym"": ""Impassioned-Supervision"", ""bio"": """", ""profileImage"": """", ""profileImageOptimized"": """", ""transactionHash"": ""0xcc07bcbcee9e3b83db1aefc0ed195cb3fa307c3b79d1201cc57b6c1912eea1ff""}"
1769822304,2026-02-14T01:58:44.250990,0x3c50fb83c7255f8083a854c019f0c74bc002c465f55a54c964485e0ccb48a34a:1769822304,561251,39223330966352513418907732239455948906399882924787587183466504819170775983376,SELL,0.008,1257.0,10.056000000000001,0x3c50fb83c7255f8083a854c019f0c74bc002c465f55a54c964485e0ccb48a34a,"{""proxyWallet"": ""0x1d47a6be540114fbd636b3bcae68af944bb66de9"", ""side"": ""SELL"", ""asset"": ""39223330966352513418907732239455948906399882924787587183466504819170775983376"", ""conditionId"": ""0x836b850fc838195374862551a36f1c8691d96ff01e58b0a071f0fc1a0e357fb1"", ""size"": 1257, ""price"": 0.008, ""timestamp"": 1769822304, ""title"": ""Will LeBron James win the 2028 US Presidential Election?"", ""slug"": ""will-lebron-james-win-the-2028-us-presidential-election"", ""icon"": ""https://polymarket-upload.s3.us-east-2.amazonaws.com/Lebron_James.png"", ""eventSlug"": ""presidential-election-winner-2028"", ""outcome"": ""Yes"", ""outcomeIndex"": 0, ""name"": ""ghlkhjlk"", ""pseudonym"": ""Pristine-Parachute"", ""bio"": """", ""profileImage"": """", ""profileImageOptimized"": """", ""transactionHash"": ""0x3c50fb83c7255f8083a854c019f0c74bc002c465f55a54c964485e0ccb48a34a""}"
1769821924,2026-02-14T01:58:44.251003,0x5c0688dbb704309589dd3fd6c813ed3acf745f399a4941e8a8d2c6a2af088358:1769821924,561251,39223330966352513418907732239455948906399882924787587183466504819170775983376,SELL,0.008,1249.0,9.992,0x5c0688dbb704309589dd3fd6c813ed3acf745f399a4941e8a8d2c6a2af088358,"{""proxyWallet"": ""0x2a1a17fb8507dad4b06542f2190641de5ac7fc06"", ""side"": ""SELL"", ""asset"": ""39223330966352513418907732239455948906399882924787587183466504819170775983376"", ""conditionId"": ""0x836b850fc838195374862551a36f1c8691d96ff01e58b0a071f0fc1a0e357fb1"", ""size"": 1249, ""price"": 0.008, ""timestamp"": 1769821924, ""title"": ""Will LeBron James win the 2028 US Presidential Election?"", ""slug"": ""will-lebron-james-win-the-2028-us-presidential-election"", ""icon"": ""https://polymarket-upload.s3.us-east-2.amazonaws.com/Lebron_James.png"", ""eventSlug"": ""presidential-election-winner-2028"", ""outcome"": ""Yes"", ""outcomeIndex"": 0, ""name"": ""hjkteyfg"", ""pseudonym"": ""Low-Subject"", ""bio"": """", ""profileImage"": """", ""profileImageOptimized"": """", ""transactionHash"": ""0x5c0688dbb704309589dd3fd6c813ed3acf745f399a4941e8a8d2c6a2af088358""}"
1769820832,2026-02-14T01:58:44.251016,0x3effbb2232da721aced308f8332a6b4985eebcbdf728e737ab4641d15ca18caf:1769820832,561251,39223330966352513418907732239455948906399882924787587183466504819170775983376,SELL,0.008,2578.25,20.626,0x3effbb2232da721aced308f8332a6b4985eebcbdf728e737ab4641d15ca18caf,"{""proxyWallet"": ""0xd9621b779549da7eb20762ea835c03d288ce8e0f"", ""side"": ""SELL"", ""asset"": ""39223330966352513418907732239455948906399882924787587183466504819170775983376"", ""conditionId"": ""0x836b850fc838195374862551a36f1c8691d96ff01e58b0a071f0fc1a0e357fb1"", ""size"": 2578.25, ""price"": 0.008, ""timestamp"": 1769820832, ""title"": ""Will LeBron James win the 2028 US Presidential Election?"", ""slug"": ""will-lebron-james-win-the-2028-us-presidential-election"", ""icon"": ""https://polymarket-upload.s3.us-east-2.amazonaws.com/Lebron_James.png"", ""eventSlug"": ""presidential-election-winner-2028"", ""outcome"": ""Yes"", ""outcomeIndex"": 0, ""name"": ""0xd9621B779549da7Eb20762eA835c03d288CE8E0F-1769115125262"", ""pseudonym"": ""Scornful-Pod"", ""bio"": """", ""profileImage"": """", ""profileImageOptimized"": """", ""transactionHash"": ""0x3effbb2232da721aced308f8332a6b4985eebcbdf728e737ab4641d15ca18caf""}"
1769814144,2026-02-14T01:58:44.251039,0x33d206ddd09a131edba3e55736222fad71e09b2058967f28b5e034204e790aef:1769814144,561251,39223330966352513418907732239455948906399882924787587183466504819170775983376,BUY,0.009000000009,111.111111,0.9999999999999999,0x33d206ddd09a131edba3e55736222fad71e09b2058967f28b5e034204e790aef,"{""proxyWallet"": ""0x301a266c895420537c1e210a6a3cc676e0ca82f0"", ""side"": ""BUY"", ""asset"": ""39223330966352513418907732239455948906399882924787587183466504819170775983376"", ""conditionId"": ""0x836b850fc838195374862551a36f1c8691d96ff01e58b0a071f0fc1a0e357fb1"", ""size"": 111.111111, ""price"": 0.009000000009, ""timestamp"": 1769814144, ""title"": ""Will LeBron James win the 2028 US Presidential Election?"", ""slug"": ""will-lebron-james-win-the-2028-us-presidential-election"", ""icon"": ""https://polymarket-upload.s3.us-east-2.amazonaws.com/Lebron_James.png"", ""eventSlug"": ""presidential-election-winner-2028"", ""outcome"": ""Yes"", ""outcomeIndex"": 0, ""name"": ""0x301a266c895420537c1E210A6a3CC676e0CA82F0-1769710101253"", ""pseudonym"": ""Profitable-Nylon"", ""bio"": """", ""profileImage"": """", ""profileImageOptimized"": """", ""transactionHash"": ""0x33d206ddd09a131edba3e55736222fad71e09b2058967f28b5e034204e790aef""}"
1769790094,2026-02-14T01:58:44.251059,0xd062266fdf44a993504955d0a7422c7d58945de2f9fa02c9bdc67a3a4845ccad:1769790094,561251,39223330966352513418907732239455948906399882924787587183466504819170775983376,SELL,0.008,506.66,4.05328,0xd062266fdf44a993504955d0a7422c7d58945de2f9fa02c9bdc67a3a4845ccad,"{""proxyWallet"": ""0xc9895757e62f5c559ea5ab753f17904b6c650d45"", ""side"": ""SELL"", ""asset"": ""39223330966352513418907732239455948906399882924787587183466504819170775983376"", ""conditionId"": ""0x836b850fc838195374862551a36f1c8691d96ff01e58b0a071f0fc1a0e357fb1"", ""size"": 506.66, ""price"": 0.008, ""timestamp"": 1769790094, ""title"": ""Will LeBron James win the 2028 US Presidential Election?"", ""slug"": ""will-lebron-james-win-the-2028-us-presidential-election"", ""icon"": ""https://polymarket-upload.s3.us-east-2.amazonaws.com/Lebron_James.png"", ""eventSlug"": ""presidential-election-winner-2028"", ""outcome"": ""Yes"", ""outcomeIndex"": 0, ""name"": ""samantinfrakq"", ""pseudonym"": ""Impartial-Duration"", ""bio"": """", ""profileImage"": """", ""profileImageOptimized"": """", ""transactionHash"": ""0xd062266fdf44a993504955d0a7422c7d58945de2f9fa02c9bdc67a3a4845ccad""}"
1769787692,2026-02-14T01:58:44.251083,0xbfa4f5a91106bffb45b6839b2aa9b546481749e886a38acbf4355f9011a8826a:1769787692,561251,39223330966352513418907732239455948906399882924787587183466504819170775983376,SELL,0.008,5156.5,41.252,0xbfa4f5a91106bffb45b6839b2aa9b546481749e886a38acbf4355f9011a8826a,"{""proxyWallet"": ""0xd9621b779549da7eb20762ea835c03d288ce8e0f"", ""side"": ""SELL"", ""asset"": ""39223330966352513418907732239455948906399882924787587183466504819170775983376"", ""conditionId"": ""0x836b850fc838195374862551a36f1c8691d96ff01e58b0a071f0fc1a0e357fb1"", ""size"": 5156.5, ""price"": 0.008, ""timestamp"": 1769787692, ""title"": ""Will LeBron James win the 2028 US Presidential Election?"", ""slug"": ""will-lebron-james-win-the-2028-us-presidential-election"", ""icon"": ""https://polymarket-upload.s3.us-east-2.amazonaws.com/Lebron_James.png"", ""eventSlug"": ""presidential-election-winner-2028"", ""outcome"": ""Yes"", ""outcomeIndex"": 0, ""name"": ""0xd9621B779549da7Eb20762eA835c03d288CE8E0F-1769115125262"", ""pseudonym"": ""Scornful-Pod"", ""bio"": """", ""profileImage"": """", ""profileImageOptimized"": """", ""transactionHash"": ""0xbfa4f5a91106bffb45b6839b2aa9b546481749e886a38acbf4355f9011a8826a""}"
1769782320,2026-02-14T01:58:44.251098,0xcdcaf3ba7bbc20b076d90a375b8c88b45ca604f12e538a8a90b05fe7212c1d77:1769782320,561251,39223330966352513418907732239455948906399882924787587183466504819170775983376,SELL,0.008,59.0,0.47200000000000003,0xcdcaf3ba7bbc20b076d90a375b8c88b45ca604f12e538a8a90b05fe7212c1d77,"{""proxyWallet"": ""0xef691adc33709ac823464450e00882c3a224f59f"", ""side"": ""SELL"", ""asset"": ""39223330966352513418907732239455948906399882924787587183466504819170775983376"", ""conditionId"": ""0x836b850fc838195374862551a36f1c8691d96ff01e58b0a071f0fc1a0e357fb1"", ""size"": 59, ""price"": 0.008, ""timestamp"": 1769782320, ""title"": ""Will LeBron James win the 2028 US Presidential Election?"", ""slug"": ""will-lebron-james-win-the-2028-us-presidential-election"", ""icon"": ""https://polymarket-upload.s3.us-east-2.amazonaws.com/Lebron_James.png"", ""eventSlug"": ""presidential-election-winner-2028"", ""outcome"": ""Yes"", ""outcomeIndex"": 0, ""name"": ""qhale"", ""pseudonym"": ""Willing-Expense"", ""bio"": """", ""profileImage"": """", ""profileImageOptimized"": """", ""transactionHash"": ""0xcdcaf3ba7bbc20b076d90a375b8c88b45ca604f12e538a8a90b05fe7212c1d77""}"
1769779142,2026-02-14T01:58:44.251112,0x8d26d8170dc99c97d486808f3c1b4f088322a023f91c0747f1d591acea2e9f13:1769779142,561251,39223330966352513418907732239455948906399882924787587183466504819170775983376,SELL,0.008,1888.88,15.111040000000001,0x8d26d8170dc99c97d486808f3c1b4f088322a023f91c0747f1d591acea2e9f13,"{""proxyWallet"": ""0x144c1f1a1fe82457825fc41bb76cf85a9032d683"", ""side"": ""SELL"", ""asset"": ""39223330966352513418907732239455948906399882924787587183466504819170775983376"", ""conditionId"": ""0x836b850fc838195374862551a36f1c8691d96ff01e58b0a071f0fc1a0e357fb1"", ""size"": 1888.88, ""price"": 0.008, ""timestamp"": 1769779142, ""title"": ""Will LeBron James win the 2028 US Presidential Election?"", ""slug"": ""will-lebron-james-win-the-2028-us-presidential-election"", ""icon"": ""https://polymarket-upload.s3.us-east-2.amazonaws.com/Lebron_James.png"", ""eventSlug"": ""presidential-election-winner-2028"", ""outcome"": ""Yes"", ""outcomeIndex"": 0, ""name"": ""Gwndolyn"", ""pseudonym"": ""Well-Lit-Innervation"", ""bio"": """", ""profileImage"": """", ""profileImageOptimized"": """", ""transactionHash"": ""0x8d26d8170dc99c97d486808f3c1b4f088322a023f91c0747f1d591acea2e9f13""}"
1769776428,2026-02-14T01:58:44.251126,0x7e0b389f110496c51dfd236bf4821e73fc5b06d5fef158ef95e63795f81623d2:1769776428,561251,39223330966352513418907732239455948906399882924787587183466504819170775983376,SELL,0.008,1433.33,11.46664,0x7e0b389f110496c51dfd236bf4821e73fc5b06d5fef158ef95e63795f81623d2,"{""proxyWallet"": ""0x8f07e69500326820155e5bc25ec88049d62fe5ae"", ""side"": ""SELL"", ""asset"": ""39223330966352513418907732239455948906399882924787587183466504819170775983376"", ""conditionId"": ""0x836b850fc838195374862551a36f1c8691d96ff01e58b0a071f0fc1a0e357fb1"", ""size"": 1433.33, ""price"": 0.008, ""timestamp"": 1769776428, ""title"": ""Will LeBron James win the 2028 US Presidential Election?"", ""slug"": ""will-lebron-james-win-the-2028-us-presidential-election"", ""icon"": ""https://polymarket-upload.s3.us-east-2.amazonaws.com/Lebron_James.png"", ""eventSlug"": ""presidential-election-winner-2028"", ""outcome"": ""Yes"", ""outcomeIndex"": 0, ""name"": ""Wallisr"", ""pseudonym"": ""Last-Task"", ""bio"": """", ""profileImage"": """", ""profileImageOptimized"": """", ""transactionHash"": ""0x7e0b389f110496c51dfd236bf4821e73fc5b06d5fef158ef95e63795f81623d2""}"
1769772284,2026-02-14T01:58:44.251141,0x77da91605f0e830dd037191d1c34e0b63cc305d86f6a9123df6adc31b8119490:1769772284,561251,39223330966352513418907732239455948906399882924787587183466504819170775983376,BUY,0.009,1564.0,14.075999999999999,0x77da91605f0e830dd037191d1c34e0b63cc305d86f6a9123df6adc31b8119490,"{""proxyWallet"": ""0x0bf8ea4b06bef4e28605678fa93d26925e0262fb"", ""side"": ""BUY"", ""asset"": ""39223330966352513418907732239455948906399882924787587183466504819170775983376"", ""conditionId"": ""0x836b850fc838195374862551a36f1c8691d96ff01e58b0a071f0fc1a0e357fb1"", ""size"": 1564, ""price"": 0.009, ""timestamp"": 1769772284, ""title"": ""Will LeBron James win the 2028 US Presidential Election?"", ""slug"": ""will-lebron-james-win-the-2028-us-presidential-election"", ""icon"": ""https://polymarket-upload.s3.us-east-2.amazonaws.com/Lebron_James.png"", ""eventSlug"": ""presidential-election-winner-2028"", ""outcome"": ""Yes"", ""outcomeIndex"": 0, ""name"": ""sderryttyty"", ""pseudonym"": ""Putrid-Gaffer"", ""bio"": """", ""profileImage"": """", ""profileImageOptimized"": """", ""transactionHash"": ""0x77da91605f0e830dd037191d1c34e0b63cc305d86f6a9123df6adc31b8119490""}"
1769772280,2026-02-14T01:58:44.251154,0x65bb5537a66975304aa6370585ba4877c1c0014584365d12b39c6824748abcfb:1769772280,561251,39223330966352513418907732239455948906399882924787587183466504819170775983376,BUY,0.009,1277.0,11.492999999999999,0x65bb5537a66975304aa6370585ba4877c1c0014584365d12b39c6824748abcfb,"{""proxyWallet"": ""0xbc5faa7bb025f839340210c81f4f2c7410412ae8"", ""side"": ""BUY"", ""asset"": ""39223330966352513418907732239455948906399882924787587183466504819170775983376"", ""conditionId"": ""0x836b850fc838195374862551a36f1c8691d96ff01e58b0a071f0fc1a0e357fb1"", ""size"": 1277, ""price"": 0.009, ""timestamp"": 1769772280, ""title"": ""Will LeBron James win the 2028 US Presidential Election?"", ""slug"": ""will-lebron-james-win-the-2028-us-presidential-election"", ""icon"": ""https://polymarket-upload.s3.us-east-2.amazonaws.com/Lebron_James.png"", ""eventSlug"": ""presidential-election-winner-2028"", ""outcome"": ""Yes"", ""outcomeIndex"": 0, ""name"": ""tutyuytuyu"", ""pseudonym"": ""Scholarly-Baboon"", ""bio"": """", ""profileImage"": """", ""profileImageOptimized"": """", ""transactionHash"": ""0x65bb5537a66975304aa6370585ba4877c1c0014584365d12b39c6824748abcfb""}"
1769772180,2026-02-14T01:58:44.251168,0x5d61860e6fedc7169c1b580aae283bcfafc630dc2423058ef3655f7ad9c09986:1769772180,561251,39223330966352513418907732239455948906399882924787587183466504819170775983376,SELL,0.008,5.0,0.04,0x5d61860e6fedc7169c1b580aae283bcfafc630dc2423058ef3655f7ad9c09986,"{""proxyWallet"": ""0x434bfcbbe2c4540c2981c89199c9b221778f8c01"", ""side"": ""SELL"", ""asset"": ""39223330966352513418907732239455948906399882924787587183466504819170775983376"", ""conditionId"": ""0x836b850fc838195374862551a36f1c8691d96ff01e58b0a071f0fc1a0e357fb1"", ""size"": 5, ""price"": 0.008, ""timestamp"": 1769772180, ""title"": ""Will LeBron James win the 2028 US Presidential Election?"", ""slug"": ""will-lebron-james-win-the-2028-us-presidential-election"", ""icon"": ""https://polymarket-upload.s3.us-east-2.amazonaws.com/Lebron_James.png"", ""eventSlug"": ""presidential-election-winner-2028"", ""outcome"": ""Yes"", ""outcomeIndex"": 0, ""name"": ""Mscldbt"", ""pseudonym"": ""Nimble-Decency"", ""bio"": """", ""profileImage"": """", ""profileImageOptimized"": """", ""transactionHash"": ""0x5d61860e6fedc7169c1b580aae283bcfafc630dc2423058ef3655f7ad9c09986""}"
1769772168,2026-02-14T01:58:44.251181,0x321e10a9932a242eb1de3d281231fcacaa93c450c79bd3c6697ad9bae8d62af6:1769772168,561251,39223330966352513418907732239455948906399882924787587183466504819170775983376,BUY,0.009,1589.0,14.300999999999998,0x321e10a9932a242eb1de3d281231fcacaa93c450c79bd3c6697ad9bae8d62af6,"{""proxyWallet"": ""0xa3b120ffefbe507922aca850aba8a65517b9ab73"", ""side"": ""BUY"", ""asset"": ""39223330966352513418907732239455948906399882924787587183466504819170775983376"", ""conditionId"": ""0x836b850fc838195374862551a36f1c8691d96ff01e58b0a071f0fc1a0e357fb1"", ""size"": 1589, ""price"": 0.009, ""timestamp"": 1769772168, ""title"": ""Will LeBron James win the 2028 US Presidential Election?"", ""slug"": ""will-lebron-james-win-the-2028-us-presidential-election"", ""icon"": ""https://polymarket-upload.s3.us-east-2.amazonaws.com/Lebron_James.png"", ""eventSlug"": ""presidential-election-winner-2028"", ""outcome"": ""Yes"", ""outcomeIndex"": 0, ""name"": ""vgmvcvbn"", ""pseudonym"": ""Negligible-Omission"", ""bio"": """", ""profileImage"": """", ""profileImageOptimized"": """", ""transactionHash"": ""0x321e10a9932a242eb1de3d281231fcacaa93c450c79bd3c6697ad9bae8d62af6""}"
1769772018,2026-02-14T01:58:44.251196,0x1553fcbf16b2874e190c627312c3cfcd081b0ffb59a16adb7d97affe6957bea1:1769772018,561251,39223330966352513418907732239455948906399882924787587183466504819170775983376,BUY,0.009,1266.0,11.393999999999998,0x1553fcbf16b2874e190c627312c3cfcd081b0ffb59a16adb7d97affe6957bea1,"{""proxyWallet"": ""0xb7c1e99418e46ced0613f5bd853d349df8964cc8"", ""side"": ""BUY"", ""asset"": ""39223330966352513418907732239455948906399882924787587183466504819170775983376"", ""conditionId"": ""0x836b850fc838195374862551a36f1c8691d96ff01e58b0a071f0fc1a0e357fb1"", ""size"": 1266, ""price"": 0.009, ""timestamp"": 1769772018, ""title"": ""Will LeBron James win the 2028 US Presidential Election?"", ""slug"": ""will-lebron-james-win-the-2028-us-presidential-election"", ""icon"": ""https://polymarket-upload.s3.us-east-2.amazonaws.com/Lebron_James.png"", ""eventSlug"": ""presidential-election-winner-2028"", ""outcome"": ""Yes"", ""outcomeIndex"": 0, ""name"": ""6g3jg31k3hg"", ""pseudonym"": ""Weird-Seeder"", ""bio"": """", ""profileImage"": """", ""profileImageOptimized"": """", ""transactionHash"": ""0x1553fcbf16b2874e190c627312c3cfcd081b0ffb59a16adb7d97affe6957bea1""}"
1769771980,2026-02-14T01:58:44.251210,0xc0bf05523a15d6a11cec522bb2e979db5d14d28ab109203e63d7bd152aed2a95:1769771980,561251,39223330966352513418907732239455948906399882924787587183466504819170775983376,BUY,0.009,5.0,0.045,0xc0bf05523a15d6a11cec522bb2e979db5d14d28ab109203e63d7bd152aed2a95,"{""proxyWallet"": ""0x434bfcbbe2c4540c2981c89199c9b221778f8c01"", ""side"": ""BUY"", ""asset"": ""39223330966352513418907732239455948906399882924787587183466504819170775983376"", ""conditionId"": ""0x836b850fc838195374862551a36f1c8691d96ff01e58b0a071f0fc1a0e357fb1"", ""size"": 5, ""price"": 0.009, ""timestamp"": 1769771980, ""title"": ""Will LeBron James win the 2028 US Presidential Election?"", ""slug"": ""will-lebron-james-win-the-2028-us-presidential-election"", ""icon"": ""https://polymarket-upload.s3.us-east-2.amazonaws.com/Lebron_James.png"", ""eventSlug"": ""presidential-election-winner-2028"", ""outcome"": ""Yes"", ""outcomeIndex"": 0, ""name"": ""Mscldbt"", ""pseudonym"": ""Nimble-Decency"", ""bio"": """", ""profileImage"": """", ""profileImageOptimized"": """", ""transactionHash"": ""0xc0bf05523a15d6a11cec522bb2e979db5d14d28ab109203e63d7bd152aed2a95""}"
1769771486,2026-02-14T01:58:44.251223,0xc805f07f00086b89c71a02bb4d88f6f2b8e1ce36fe487401751939b4da7fed9a:1769771486,561251,39223330966352513418907732239455948906399882924787587183466504819170775983376,BUY,0.009,1513.0,13.616999999999999,0xc805f07f00086b89c71a02bb4d88f6f2b8e1ce36fe487401751939b4da7fed9a,"{""proxyWallet"": ""0x8aa9193c4d9b5d03d847c0e42f3f265c80ecd1b4"", ""side"": ""BUY"", ""asset"": ""39223330966352513418907732239455948906399882924787587183466504819170775983376"", ""conditionId"": ""0x836b850fc838195374862551a36f1c8691d96ff01e58b0a071f0fc1a0e357fb1"", ""size"": 1513, ""price"": 0.009, ""timestamp"": 1769771486, ""title"": ""Will LeBron James win the 2028 US Presidential Election?"", ""slug"": ""will-lebron-james-win-the-2028-us-presidential-election"", ""icon"": ""https://polymarket-upload.s3.us-east-2.amazonaws.com/Lebron_James.png"", ""eventSlug"": ""presidential-election-winner-2028"", ""outcome"": ""Yes"", ""outcomeIndex"": 0, ""name"": ""r74y89rtyr"", ""pseudonym"": ""Wiry-Shortage"", ""bio"": """", ""profileImage"": """", ""profileImageOptimized"": """", ""transactionHash"": ""0xc805f07f00086b89c71a02bb4d88f6f2b8e1ce36fe487401751939b4da7fed9a""}"
1769771454,2026-02-14T01:58:44.251236,0x16c24b93b2cc3d008d9f081328c7dc11415f18ee0deb1ea6d8183ce1991d00ed:1769771454,561251,39223330966352513418907732239455948906399882924787587183466504819170775983376,BUY,0.009,2846.0,25.613999999999997,0x16c24b93b2cc3d008d9f081328c7dc11415f18ee0deb1ea6d8183ce1991d00ed,"{""proxyWallet"": ""0x2dde4527fdd26b55c322252a0ed89579e2f9473a"", ""side"": ""BUY"", ""asset"": ""39223330966352513418907732239455948906399882924787587183466504819170775983376"", ""conditionId"": ""0x836b850fc838195374862551a36f1c8691d96ff01e58b0a071f0fc1a0e357fb1"", ""size"": 2846, ""price"": 0.009, ""timestamp"": 1769771454, ""title"": ""Will LeBron James win the 2028 US Presidential Election?"", ""slug"": ""will-lebron-james-win-the-2028-us-presidential-election"", ""icon"": ""https://polymarket-upload.s3.us-east-2.amazonaws.com/Lebron_James.png"", ""eventSlug"": ""presidential-election-winner-2028"", ""outcome"": ""Yes"", ""outcomeIndex"": 0, ""name"": ""bnmcfvcbc"", ""pseudonym"": ""Miniature-Thistle"", ""bio"": """", ""profileImage"": """", ""profileImageOptimized"": """", ""transactionHash"": ""0x16c24b93b2cc3d008d9f081328c7dc11415f18ee0deb1ea6d8183ce1991d00ed""}"
1769771444,2026-02-14T01:58:44.251249,0x4e7a98d479fbd6e604eefa7910fafdb7f7a1d420f95bb7e0463bb241fe6805ab:1769771444,561251,39223330966352513418907732239455948906399882924787587183466504819170775983376,BUY,0.009,2159.0,19.430999999999997,0x4e7a98d479fbd6e604eefa7910fafdb7f7a1d420f95bb7e0463bb241fe6805ab,"{""proxyWallet"": ""0xb4009439b8569ac07884fc9401a6265a21d5fd87"", ""side"": ""BUY"", ""asset"": ""39223330966352513418907732239455948906399882924787587183466504819170775983376"", ""conditionId"": ""0x836b850fc838195374862551a36f1c8691d96ff01e58b0a071f0fc1a0e357fb1"", ""size"": 2159, ""price"": 0.009, ""timestamp"": 1769771444, ""title"": ""Will LeBron James win the 2028 US Presidential Election?"", ""slug"": ""will-lebron-james-win-the-2028-us-presidential-election"", ""icon"": ""https://polymarket-upload.s3.us-east-2.amazonaws.com/Lebron_James.png"", ""eventSlug"": ""presidential-election-winner-2028"", ""outcome"": ""Yes"", ""outcomeIndex"": 0, ""name"": ""saqweweer"", ""pseudonym"": ""Tall-Eggnog"", ""bio"": """", ""profileImage"": """", ""profileImageOptimized"": """", ""transactionHash"": ""0x4e7a98d479fbd6e604eefa7910fafdb7f7a1d420f95bb7e0463bb241fe6805ab""}"
1769771060,2026-02-14T01:58:44.251262,0x2fb2e8e3f518780b7cc7fe65e21581d9cbc1814d535a233a97684482e2e38b93:1769771060,561251,39223330966352513418907732239455948906399882924787587183466504819170775983376,BUY,0.009,1547.0,13.922999999999998,0x2fb2e8e3f518780b7cc7fe65e21581d9cbc1814d535a233a97684482e2e38b93,"{""proxyWallet"": ""0xf585598ddcc577b0dce28f25b176e2f84710fc73"", ""side"": ""BUY"", ""asset"": ""39223330966352513418907732239455948906399882924787587183466504819170775983376"", ""conditionId"": ""0x836b850fc838195374862551a36f1c8691d96ff01e58b0a071f0fc1a0e357fb1"", ""size"": 1547, ""price"": 0.009, ""timestamp"": 1769771060, ""title"": ""Will LeBron James win the 2028 US Presidential Election?"", ""slug"": ""will-lebron-james-win-the-2028-us-presidential-election"", ""icon"": ""https://polymarket-upload.s3.us-east-2.amazonaws.com/Lebron_James.png"", ""eventSlug"": ""presidential-election-winner-2028"", ""outcome"": ""Yes"", ""outcomeIndex"": 0, ""name"": ""jklopmmnn"", ""pseudonym"": ""Troubled-Objective"", ""bio"": """", ""profileImage"": """", ""profileImageOptimized"": """", ""transactionHash"": ""0x2fb2e8e3f518780b7cc7fe65e21581d9cbc1814d535a233a97684482e2e38b93""}"
1769770598,2026-02-14T01:58:44.251276,0x864593d6fb2985b3ea22a9425d06290d33a5eecef6be0af141c55700f1c2f62d:1769770598,561251,39223330966352513418907732239455948906399882924787587183466504819170775983376,BUY,0.009,1510.0,13.59,0x864593d6fb2985b3ea22a9425d06290d33a5eecef6be0af141c55700f1c2f62d,"{""proxyWallet"": ""0xbe56b60f639e2bfc251da89e20c0cced8d0330e9"", ""side"": ""BUY"", ""asset"": ""39223330966352513418907732239455948906399882924787587183466504819170775983376"", ""conditionId"": ""0x836b850fc838195374862551a36f1c8691d96ff01e58b0a071f0fc1a0e357fb1"", ""size"": 1510, ""price"": 0.009, ""timestamp"": 1769770598, ""title"": ""Will LeBron James win the 2028 US Presidential Election?"", ""slug"": ""will-lebron-james-win-the-2028-us-presidential-election"", ""icon"": ""https://polymarket-upload.s3.us-east-2.amazonaws.com/Lebron_James.png"", ""eventSlug"": ""presidential-election-winner-2028"", ""outcome"": ""Yes"", ""outcomeIndex"": 0, ""name"": ""ghjkjhghkgh"", ""pseudonym"": ""Annual-Power"", ""bio"": """", ""profileImage"": """", ""profileImageOptimized"": """", ""transactionHash"": ""0x864593d6fb2985b3ea22a9425d06290d33a5eecef6be0af141c55700f1c2f62d""}"
1769769852,2026-02-14T01:58:44.251290,0x9bc71e8c53148ea829f4f67fb9412dd6ae3a7e4050402c66e55d1d807499fb2e:1769769852,561251,39223330966352513418907732239455948906399882924787587183466504819170775983376,SELL,0.008,111.11,0.88888,0x9bc71e8c53148ea829f4f67fb9412dd6ae3a7e4050402c66e55d1d807499fb2e,"{""proxyWallet"": ""0x0b549f02126fa7a47a70d3ea796c7c0011efd42d"", ""side"": ""SELL"", ""asset"": ""39223330966352513418907732239455948906399882924787587183466504819170775983376"", ""conditionId"": ""0x836b850fc838195374862551a36f1c8691d96ff01e58b0a071f0fc1a0e357fb1"", ""size"": 111.11, ""price"": 0.008, ""timestamp"": 1769769852, ""title"": ""Will LeBron James win the 2028 US Presidential Election?"", ""slug"": ""will-lebron-james-win-the-2028-us-presidential-election"", ""icon"": ""https://polymarket-upload.s3.us-east-2.amazonaws.com/Lebron_James.png"", ""eventSlug"": ""presidential-election-winner-2028"", ""outcome"": ""Yes"", ""outcomeIndex"": 0, ""name"": """", ""pseudonym"": """", ""bio"": """", ""profileImage"": """", ""profileImageOptimized"": """", ""transactionHash"": ""0x9bc71e8c53148ea829f4f67fb9412dd6ae3a7e4050402c66e55d1d807499fb2e""}"
1769766244,2026-02-14T01:58:44.251307,0xae48d62fb3c8dfb42a8769e9b1960c99f12c7711889bad6a2cf17bfcc61fc6d1:1769766244,561251,39223330966352513418907732239455948906399882924787587183466504819170775983376,SELL,0.008,700.0,5.6000000000000005,0xae48d62fb3c8dfb42a8769e9b1960c99f12c7711889bad6a2cf17bfcc61fc6d1,"{""proxyWallet"": ""0x612f07e76abb9d4d1804264a088a37a666ecaa53"", ""side"": ""SELL"", ""asset"": ""39223330966352513418907732239455948906399882924787587183466504819170775983376"", ""conditionId"": ""0x836b850fc838195374862551a36f1c8691d96ff01e58b0a071f0fc1a0e357fb1"", ""size"": 700, ""price"": 0.008, ""timestamp"": 1769766244, ""title"": ""Will LeBron James win the 2028 US Presidential Election?"", ""slug"": ""will-lebron-james-win-the-2028-us-presidential-election"", ""icon"": ""https://polymarket-upload.s3.us-east-2.amazonaws.com/Lebron_James.png"", ""eventSlug"": ""presidential-election-winner-2028"", ""outcome"": ""Yes"", ""outcomeIndex"": 0, ""name"": ""J-E-R"", ""pseudonym"": ""Near-Epauliere"", ""bio"": """", ""profileImage"": """", ""profileImageOptimized"": """", ""transactionHash"": ""0xae48d62fb3c8dfb42a8769e9b1960c99f12c7711889bad6a2cf17bfcc61fc6d1""}"
1769765578,2026-02-14T01:58:44.251320,0x5fb669dd1de5ef20ccd234ccf1df65190bf2751edc3bdfd15c97b82f08e59e97:1769765578,561251,39223330966352513418907732239455948906399882924787587183466504819170775983376,BUY,0.009,1283.0,11.546999999999999,0x5fb669dd1de5ef20ccd234ccf1df65190bf2751edc3bdfd15c97b82f08e59e97,"{""proxyWallet"": ""0xb0963addcd7dbbcb486e8b98a9352ccd698863c7"", ""side"": ""BUY"", ""asset"": ""39223330966352513418907732239455948906399882924787587183466504819170775983376"", ""conditionId"": ""0x836b850fc838195374862551a36f1c8691d96ff01e58b0a071f0fc1a0e357fb1"", ""size"": 1283, ""price"": 0.009, ""timestamp"": 1769765578, ""title"": ""Will LeBron James win the 2028 US Presidential Election?"", ""slug"": ""will-lebron-james-win-the-2028-us-presidential-election"", ""icon"": ""https://polymarket-upload.s3.us-east-2.amazonaws.com/Lebron_James.png"", ""eventSlug"": ""presidential-election-winner-2028"", ""outcome"": ""Yes"", ""outcomeIndex"": 0, ""name"": ""gjgjgjdjfg"", ""pseudonym"": ""Finished-Video"", ""bio"": """", ""profileImage"": """", ""profileImageOptimized"": """", ""transactionHash"": ""0x5fb669dd1de5ef20ccd234ccf1df65190bf2751edc3bdfd15c97b82f08e59e97""}"
1769765526,2026-02-14T01:58:44.251333,0x83f9be0d3db586640c53d9425442a03d8d699853e9267a92f252e829d42a64a3:1769765526,561251,39223330966352513418907732239455948906399882924787587183466504819170775983376,BUY,0.009,1233.0,11.097,0x83f9be0d3db586640c53d9425442a03d8d699853e9267a92f252e829d42a64a3,"{""proxyWallet"": ""0xb808fce3bcedf616f84dbec2a11a1e7443ab80a3"", ""side"": ""BUY"", ""asset"": ""39223330966352513418907732239455948906399882924787587183466504819170775983376"", ""conditionId"": ""0x836b850fc838195374862551a36f1c8691d96ff01e58b0a071f0fc1a0e357fb1"", ""size"": 1233, ""price"": 0.009, ""timestamp"": 1769765526, ""title"": ""Will LeBron James win the 2028 US Presidential Election?"", ""slug"": ""will-lebron-james-win-the-2028-us-presidential-election"", ""icon"": ""https://polymarket-upload.s3.us-east-2.amazonaws.com/Lebron_James.png"", ""eventSlug"": ""presidential-election-winner-2028"", ""outcome"": ""Yes"", ""outcomeIndex"": 0, ""name"": ""bnnmklopih"", ""pseudonym"": ""Hasty-Ephyra"", ""bio"": """", ""profileImage"": """", ""profileImageOptimized"": """", ""transactionHash"": ""0x83f9be0d3db586640c53d9425442a03d8d699853e9267a92f252e829d42a64a3""}"
1769764670,2026-02-14T01:58:44.251360,0xef644ab9502482683ba31d85ad980a8e4ee8d71576ed5c22e333a9489af68d00:1769764670,561251,39223330966352513418907732239455948906399882924787587183466504819170775983376,BUY,0.009,1335.0,12.014999999999999,0xef644ab9502482683ba31d85ad980a8e4ee8d71576ed5c22e333a9489af68d00,"{""proxyWallet"": ""0xfda7286cf85e62fca3904b637e7c8bef279c58c5"", ""side"": ""BUY"", ""asset"": ""39223330966352513418907732239455948906399882924787587183466504819170775983376"", ""conditionId"": ""0x836b850fc838195374862551a36f1c8691d96ff01e58b0a071f0fc1a0e357fb1"", ""size"": 1335, ""price"": 0.009, ""timestamp"": 1769764670, ""title"": ""Will LeBron James win the 2028 US Presidential Election?"", ""slug"": ""will-lebron-james-win-the-2028-us-presidential-election"", ""icon"": ""https://polymarket-upload.s3.us-east-2.amazonaws.com/Lebron_James.png"", ""eventSlug"": ""presidential-election-winner-2028"", ""outcome"": ""Yes"", ""outcomeIndex"": 0, ""name"": ""ghfgdfss"", ""pseudonym"": ""High-Level-Confirmation"", ""bio"": """", ""profileImage"": """", ""profileImageOptimized"": """", ""transactionHash"": ""0xef644ab9502482683ba31d85ad980a8e4ee8d71576ed5c22e333a9489af68d00""}"
1769764204,2026-02-14T01:58:44.251374,0xf99f4362228c09ea2503841255d705c5914edc500d4e71ab6535f01c3dc409e3:1769764204,561251,39223330966352513418907732239455948906399882924787587183466504819170775983376,SELL,0.008,560.0,4.48,0xf99f4362228c09ea2503841255d705c5914edc500d4e71ab6535f01c3dc409e3,"{""proxyWallet"": ""0x32404d4f753465c9f8e6ea0f3fd30e1c5dd6bcc9"", ""side"": ""SELL"", ""asset"": ""39223330966352513418907732239455948906399882924787587183466504819170775983376"", ""conditionId"": ""0x836b850fc838195374862551a36f1c8691d96ff01e58b0a071f0fc1a0e357fb1"", ""size"": 560, ""price"": 0.008, ""timestamp"": 1769764204, ""title"": ""Will LeBron James win the 2028 US Presidential Election?"", ""slug"": ""will-lebron-james-win-the-2028-us-presidential-election"", ""icon"": ""https://polymarket-upload.s3.us-east-2.amazonaws.com/Lebron_James.png"", ""eventSlug"": ""presidential-election-winner-2028"", ""outcome"": ""Yes"", ""outcomeIndex"": 0, ""name"": ""sigama57"", ""pseudonym"": ""Responsible-Chow"", ""bio"": """", ""profileImage"": ""https://polymarket-upload.s3.us-east-2.amazonaws.com/profile-image-5319799-3b98ed62-93e0-4bbe-b7fb-ae43d40cfa5e.png"", ""profileImageOptimized"": """", ""transactionHash"": ""0xf99f4362228c09ea2503841255d705c5914edc500d4e71ab6535f01c3dc409e3""}"
1769764094,2026-02-14T01:58:44.251388,0x19e7f0d171be4740e519421ee68ddde65180ad4a937ab1de94263f942f51d409:1769764094,561251,39223330966352513418907732239455948906399882924787587183466504819170775983376,BUY,0.009,1315.0,11.834999999999999,0x19e7f0d171be4740e519421ee68ddde65180ad4a937ab1de94263f942f51d409,"{""proxyWallet"": ""0xb4a07b96c890f5aa2bcf20186a52a849a35154eb"", ""side"": ""BUY"", ""asset"": ""39223330966352513418907732239455948906399882924787587183466504819170775983376"", ""conditionId"": ""0x836b850fc838195374862551a36f1c8691d96ff01e58b0a071f0fc1a0e357fb1"", ""size"": 1315, ""price"": 0.009, ""timestamp"": 1769764094, ""title"": ""Will LeBron James win the 2028 US Presidential Election?"", ""slug"": ""will-lebron-james-win-the-2028-us-presidential-election"", ""icon"": ""https://polymarket-upload.s3.us-east-2.amazonaws.com/Lebron_James.png"", ""eventSlug"": ""presidential-election-winner-2028"", ""outcome"": ""Yes"", ""outcomeIndex"": 0, ""name"": ""fgdfgf"", ""pseudonym"": ""Yellow-Mortise"", ""bio"": """", ""profileImage"": """", ""profileImageOptimized"": """", ""transactionHash"": ""0x19e7f0d171be4740e519421ee68ddde65180ad4a937ab1de94263f942f51d409""}"
1769763132,2026-02-14T01:58:44.251403,0x6b408d938423ff5c87263d0943f800f0c5e6b59e60a5297ff84d790f73c0a506:1769763132,561251,39223330966352513418907732239455948906399882924787587183466504819170775983376,BUY,0.009,1295.0,11.655,0x6b408d938423ff5c87263d0943f800f0c5e6b59e60a5297ff84d790f73c0a506,"{""proxyWallet"": ""0x2d7270e280ca10e0be66833e9caff7fff45dc16f"", ""side"": ""BUY"", ""asset"": ""39223330966352513418907732239455948906399882924787587183466504819170775983376"", ""conditionId"": ""0x836b850fc838195374862551a36f1c8691d96ff01e58b0a071f0fc1a0e357fb1"", ""size"": 1295, ""price"": 0.009, ""timestamp"": 1769763132, ""title"": ""Will LeBron James win the 2028 US Presidential Election?"", ""slug"": ""will-lebron-james-win-the-2028-us-presidential-election"", ""icon"": ""https://polymarket-upload.s3.us-east-2.amazonaws.com/Lebron_James.png"", ""eventSlug"": ""presidential-election-winner-2028"", ""outcome"": ""Yes"", ""outcomeIndex"": 0, ""name"": ""dfhghgjhg"", ""pseudonym"": ""Steep-Gale"", ""bio"": """", ""profileImage"": """", ""profileImageOptimized"": """", ""transactionHash"": ""0x6b408d938423ff5c87263d0943f800f0c5e6b59e60a5297ff84d790f73c0a506""}"
1769762284,2026-02-14T01:58:44.251418,0xdb072a2631fd46fcba53041b35bc0012b557ae0d55f856a2d72b6f7e5ecf7c9b:1769762284,561251,39223330966352513418907732239455948906399882924787587183466504819170775983376,BUY,0.009,1257.0,11.312999999999999,0xdb072a2631fd46fcba53041b35bc0012b557ae0d55f856a2d72b6f7e5ecf7c9b,"{""proxyWallet"": ""0x1d47a6be540114fbd636b3bcae68af944bb66de9"", ""side"": ""BUY"", ""asset"": ""39223330966352513418907732239455948906399882924787587183466504819170775983376"", ""conditionId"": ""0x836b850fc838195374862551a36f1c8691d96ff01e58b0a071f0fc1a0e357fb1"", ""size"": 1257, ""price"": 0.009, ""timestamp"": 1769762284, ""title"": ""Will LeBron James win the 2028 US Presidential Election?"", ""slug"": ""will-lebron-james-win-the-2028-us-presidential-election"", ""icon"": ""https://polymarket-upload.s3.us-east-2.amazonaws.com/Lebron_James.png"", ""eventSlug"": ""presidential-election-winner-2028"", ""outcome"": ""Yes"", ""outcomeIndex"": 0, ""name"": ""ghlkhjlk"", ""pseudonym"": ""Pristine-Parachute"", ""bio"": """", ""profileImage"": """", ""profileImageOptimized"": """", ""transactionHash"": ""0xdb072a2631fd46fcba53041b35bc0012b557ae0d55f856a2d72b6f7e5ecf7c9b""}"
1769761706,2026-02-14T01:58:44.251435,0x12225ec37ba6ba8fd07243114e5236598e3cbc11423687244b9013ff994b909c:1769761706,561251,39223330966352513418907732239455948906399882924787587183466504819170775983376,BUY,0.009,1249.0,11.241,0x12225ec37ba6ba8fd07243114e5236598e3cbc11423687244b9013ff994b909c,"{""proxyWallet"": ""0x2a1a17fb8507dad4b06542f2190641de5ac7fc06"", ""side"": ""BUY"", ""asset"": ""39223330966352513418907732239455948906399882924787587183466504819170775983376"", ""conditionId"": ""0x836b850fc838195374862551a36f1c8691d96ff01e58b0a071f0fc1a0e357fb1"", ""size"": 1249, ""price"": 0.009, ""timestamp"": 1769761706, ""title"": ""Will LeBron James win the 2028 US Presidential Election?"", ""slug"": ""will-lebron-james-win-the-2028-us-presidential-election"", ""icon"": ""https://polymarket-upload.s3.us-east-2.amazonaws.com/Lebron_James.png"", ""eventSlug"": ""presidential-election-winner-2028"", ""outcome"": ""Yes"", ""outcomeIndex"": 0, ""name"": ""hjkteyfg"", ""pseudonym"": ""Low-Subject"", ""bio"": """", ""profileImage"": """", ""profileImageOptimized"": """", ""transactionHash"": ""0x12225ec37ba6ba8fd07243114e5236598e3cbc11423687244b9013ff994b909c""}"
1769756794,2026-02-14T01:58:45.467390,0xed421f3761bed7a2326448896d1db824214663a07c672a42ba3ba4d2a3e256f6:1769756794,561251,39223330966352513418907732239455948906399882924787587183466504819170775983376,SELL,0.008,1474.0,11.792,0xed421f3761bed7a2326448896d1db824214663a07c672a42ba3ba4d2a3e256f6,"{""proxyWallet"": ""0x51b3fd9e8ad957a26b245c3a19cdccb2ce746b96"", ""side"": ""SELL"", ""asset"": ""39223330966352513418907732239455948906399882924787587183466504819170775983376"", ""conditionId"": ""0x836b850fc838195374862551a36f1c8691d96ff01e58b0a071f0fc1a0e357fb1"", ""size"": 1474, ""price"": 0.008, ""timestamp"": 1769756794, ""title"": ""Will LeBron James win the 2028 US Presidential Election?"", ""slug"": ""will-lebron-james-win-the-2028-us-presidential-election"", ""icon"": ""https://polymarket-upload.s3.us-east-2.amazonaws.com/Lebron_James.png"", ""eventSlug"": ""presidential-election-winner-2028"", ""outcome"": ""Yes"", ""outcomeIndex"": 0, ""name"": ""cgncgzzncg"", ""pseudonym"": ""Bossy-Wifi"", ""bio"": """", ""profileImage"": """", ""profileImageOptimized"": """", ""transactionHash"": ""0xed421f3761bed7a2326448896d1db824214663a07c672a42ba3ba4d2a3e256f6""}"
1769755664,2026-02-14T01:58:45.467447,0x33a72733679b47ee6a08b821a0d0c0f18c0ed23d78000da8cc6126bce8379b36:1769755664,561251,39223330966352513418907732239455948906399882924787587183466504819170775983376,BUY,0.009,3896.0,35.064,0x33a72733679b47ee6a08b821a0d0c0f18c0ed23d78000da8cc6126bce8379b36,"{""proxyWallet"": ""0x8067a7df3648a140924437f1912dbacb99b07443"", ""side"": ""BUY"", ""asset"": ""39223330966352513418907732239455948906399882924787587183466504819170775983376"", ""conditionId"": ""0x836b850fc838195374862551a36f1c8691d96ff01e58b0a071f0fc1a0e357fb1"", ""size"": 3896, ""price"": 0.009, ""timestamp"": 1769755664, ""title"": ""Will LeBron James win the 2028 US Presidential Election?"", ""slug"": ""will-lebron-james-win-the-2028-us-presidential-election"", ""icon"": ""https://polymarket-upload.s3.us-east-2.amazonaws.com/Lebron_James.png"", ""eventSlug"": ""presidential-election-winner-2028"", ""outcome"": ""Yes"", ""outcomeIndex"": 0, ""name"": ""Isabellacatherin"", ""pseudonym"": ""Impassioned-Supervision"", ""bio"": """", ""profileImage"": """", ""profileImageOptimized"": """", ""transactionHash"": ""0x33a72733679b47ee6a08b821a0d0c0f18c0ed23d78000da8cc6126bce8379b36""}"
1769755262,2026-02-14T01:58:45.467467,0x6e7d1ac509f4e0dec718769ff659c777fb6ed2862507b273d2b729cb7c958bab:1769755262,561251,39223330966352513418907732239455948906399882924787587183466504819170775983376,SELL,0.008,3055.55,24.4444,0x6e7d1ac509f4e0dec718769ff659c777fb6ed2862507b273d2b729cb7c958bab,"{""proxyWallet"": ""0x02aad5150bf80f2590bf1635da296abe98603b06"", ""side"": ""SELL"", ""asset"": ""39223330966352513418907732239455948906399882924787587183466504819170775983376"", ""conditionId"": ""0x836b850fc838195374862551a36f1c8691d96ff01e58b0a071f0fc1a0e357fb1"", ""size"": 3055.55, ""price"": 0.008, ""timestamp"": 1769755262, ""title"": ""Will LeBron James win the 2028 US Presidential Election?"", ""slug"": ""will-lebron-james-win-the-2028-us-presidential-election"", ""icon"": ""https://polymarket-upload.s3.us-east-2.amazonaws.com/Lebron_James.png"", ""eventSlug"": ""presidential-election-winner-2028"", ""outcome"": ""Yes"", ""outcomeIndex"": 0, ""name"": ""treytet"", ""pseudonym"": ""Unhappy-Maracas"", ""bio"": """", ""profileImage"": """", ""profileImageOptimized"": """", ""transactionHash"": ""0x6e7d1ac509f4e0dec718769ff659c777fb6ed2862507b273d2b729cb7c958bab""}"
1769755066,2026-02-14T01:58:45.467483,0xcf24cfdfcf12c90d92c58bb6c790d330271d3deeb87101f8fdf5ee62230b5076:1769755066,561251,39223330966352513418907732239455948906399882924787587183466504819170775983376,SELL,0.008,25000.04,200.00032000000002,0xcf24cfdfcf12c90d92c58bb6c790d330271d3deeb87101f8fdf5ee62230b5076,"{""proxyWallet"": ""0xcd2913732146e7ce2bc12fc9a524e932abd5fd24"", ""side"": ""SELL"", ""asset"": ""39223330966352513418907732239455948906399882924787587183466504819170775983376"", ""conditionId"": ""0x836b850fc838195374862551a36f1c8691d96ff01e58b0a071f0fc1a0e357fb1"", ""size"": 25000.04, ""price"": 0.008, ""timestamp"": 1769755066, ""title"": ""Will LeBron James win the 2028 US Presidential Election?"", ""slug"": ""will-lebron-james-win-the-2028-us-presidential-election"", ""icon"": ""https://polymarket-upload.s3.us-east-2.amazonaws.com/Lebron_James.png"", ""eventSlug"": ""presidential-election-winner-2028"", ""outcome"": ""Yes"", ""outcomeIndex"": 0, ""name"": ""daojones"", ""pseudonym"": ""Spiteful-Senior"", ""bio"": ""Messing around and finding out"", ""profileImage"": ""https://polymarket-upload.s3.us-east-2.amazonaws.com/profile-image-2926855-827ee9f5-5744-4790-9a1e-8e39b4bd6eae.png"", ""profileImageOptimized"": """", ""transactionHash"": ""0xcf24cfdfcf12c90d92c58bb6c790d330271d3deeb87101f8fdf5ee62230b5076""}"
1769754120,2026-02-14T01:58:45.467500,0x85f33d6e6cd057bcaa158073a592ecfb760fc61aaa9e32a8d6cd11e06dd825a4:1769754120,561251,39223330966352513418907732239455948906399882924787587183466504819170775983376,SELL,0.008,3545.0,28.36,0x85f33d6e6cd057bcaa158073a592ecfb760fc61aaa9e32a8d6cd11e06dd825a4,"{""proxyWallet"": ""0xc029f2dbc28b1b41292808caac83b39d1872a540"", ""side"": ""SELL"", ""asset"": ""39223330966352513418907732239455948906399882924787587183466504819170775983376"", ""conditionId"": ""0x836b850fc838195374862551a36f1c8691d96ff01e58b0a071f0fc1a0e357fb1"", ""size"": 3545, ""price"": 0.008, ""timestamp"": 1769754120, ""title"": ""Will LeBron James win the 2028 US Presidential Election?"", ""slug"": ""will-lebron-james-win-the-2028-us-presidential-election"", ""icon"": ""https://polymarket-upload.s3.us-east-2.amazonaws.com/Lebron_James.png"", ""eventSlug"": ""presidential-election-winner-2028"", ""outcome"": ""Yes"", ""outcomeIndex"": 0, ""name"": ""BlockBender"", ""pseudonym"": ""Oily-Panpipe"", ""bio"": """", ""profileImage"": """", ""profileImageOptimized"": """", ""transactionHash"": ""0x85f33d6e6cd057bcaa158073a592ecfb760fc61aaa9e32a8d6cd11e06dd825a4""}"
1769753810,2026-02-14T01:58:45.467514,0x2c8aaf310af0b6b2aca6ce6e4a84a14f924c68937c534271a9e065ea3d9baf96:1769753810,561251,39223330966352513418907732239455948906399882924787587183466504819170775983376,SELL,0.008,1402.0,11.216000000000001,0x2c8aaf310af0b6b2aca6ce6e4a84a14f924c68937c534271a9e065ea3d9baf96,"{""proxyWallet"": ""0xc0d625359ddcdeb7d62acd73fb8164874f56f968"", ""side"": ""SELL"", ""asset"": ""39223330966352513418907732239455948906399882924787587183466504819170775983376"", ""conditionId"": ""0x836b850fc838195374862551a36f1c8691d96ff01e58b0a071f0fc1a0e357fb1"", ""size"": 1402, ""price"": 0.008, ""timestamp"": 1769753810, ""title"": ""Will LeBron James win the 2028 US Presidential Election?"", ""slug"": ""will-lebron-james-win-the-2028-us-presidential-election"", ""icon"": ""https://polymarket-upload.s3.us-east-2.amazonaws.com/Lebron_James.png"", ""eventSlug"": ""presidential-election-winner-2028"", ""outcome"": ""Yes"", ""outcomeIndex"": 0, ""name"": ""hddfhfgjfgjyuyuoy"", ""pseudonym"": ""Right-Harmonise"", ""bio"": """", ""profileImage"": """", ""profileImageOptimized"": """", ""transactionHash"": ""0x2c8aaf310af0b6b2aca6ce6e4a84a14f924c68937c534271a9e065ea3d9baf96""}"
1769753760,2026-02-14T01:58:45.467528,0x06a3ca6c406a112a2efe8f58993032efa157c940e348cdd1c9df7917f13276da:1769753760,561251,39223330966352513418907732239455948906399882924787587183466504819170775983376,SELL,0.008,1453.0,11.624,0x06a3ca6c406a112a2efe8f58993032efa157c940e348cdd1c9df7917f13276da,"{""proxyWallet"": ""0x40da296922cf138d65af6b39ac089e54d48967d9"", ""side"": ""SELL"", ""asset"": ""39223330966352513418907732239455948906399882924787587183466504819170775983376"", ""conditionId"": ""0x836b850fc838195374862551a36f1c8691d96ff01e58b0a071f0fc1a0e357fb1"", ""size"": 1453, ""price"": 0.008, ""timestamp"": 1769753760, ""title"": ""Will LeBron James win the 2028 US Presidential Election?"", ""slug"": ""will-lebron-james-win-the-2028-us-presidential-election"", ""icon"": ""https://polymarket-upload.s3.us-east-2.amazonaws.com/Lebron_James.png"", ""eventSlug"": ""presidential-election-winner-2028"", ""outcome"": ""Yes"", ""outcomeIndex"": 0, ""name"": ""hjmjkuytrgfbf"", ""pseudonym"": ""Twin-Delay"", ""bio"": """", ""profileImage"": """", ""profileImageOptimized"": """", ""transactionHash"": ""0x06a3ca6c406a112a2efe8f58993032efa157c940e348cdd1c9df7917f13276da""}"
1769753396,2026-02-14T01:58:45.467542,0x05637f355f6afc99e748ad88eb713d6627fd5762a6c6b2c86456a907f441c3d1:1769753396,561251,39223330966352513418907732239455948906399882924787587183466504819170775983376,SELL,0.008,1273.0,10.184000000000001,0x05637f355f6afc99e748ad88eb713d6627fd5762a6c6b2c86456a907f441c3d1,"{""proxyWallet"": ""0x987650c3c6c0231e67d4cbe9d327d5a1a9851a4a"", ""side"": ""SELL"", ""asset"": ""39223330966352513418907732239455948906399882924787587183466504819170775983376"", ""conditionId"": ""0x836b850fc838195374862551a36f1c8691d96ff01e58b0a071f0fc1a0e357fb1"", ""size"": 1273, ""price"": 0.008, ""timestamp"": 1769753396, ""title"": ""Will LeBron James win the 2028 US Presidential Election?"", ""slug"": ""will-lebron-james-win-the-2028-us-presidential-election"", ""icon"": ""https://polymarket-upload.s3.us-east-2.amazonaws.com/Lebron_James.png"", ""eventSlug"": ""presidential-election-winner-2028"", ""outcome"": ""Yes"", ""outcomeIndex"": 0, ""name"": ""hgjlhjlyu"", ""pseudonym"": ""Compassionate-Airline"", ""bio"": """", ""profileImage"": """", ""profileImageOptimized"": """", ""transactionHash"": ""0x05637f355f6afc99e748ad88eb713d6627fd5762a6c6b2c86456a907f441c3d1""}"
1769753184,2026-02-14T01:58:45.467555,0x9a2f0246e647dc20bab474cb40f53f9542cea468090e2b3b2e1862c8a74381f3:1769753184,561251,39223330966352513418907732239455948906399882924787587183466504819170775983376,BUY,0.009,3689.0,33.201,0x9a2f0246e647dc20bab474cb40f53f9542cea468090e2b3b2e1862c8a74381f3,"{""proxyWallet"": ""0x8b532eebbfe1108189362ce445edc883daac6ec1"", ""side"": ""BUY"", ""asset"": ""39223330966352513418907732239455948906399882924787587183466504819170775983376"", ""conditionId"": ""0x836b850fc838195374862551a36f1c8691d96ff01e58b0a071f0fc1a0e357fb1"", ""size"": 3689, ""price"": 0.009, ""timestamp"": 1769753184, ""title"": ""Will LeBron James win the 2028 US Presidential Election?"", ""slug"": ""will-lebron-james-win-the-2028-us-presidential-election"", ""icon"": ""https://polymarket-upload.s3.us-east-2.amazonaws.com/Lebron_James.png"", ""eventSlug"": ""presidential-election-winner-2028"", ""outcome"": ""Yes"", ""outcomeIndex"": 0, ""name"": ""Christophaniel"", ""pseudonym"": ""Unknown-Pitcher"", ""bio"": """", ""profileImage"": """", ""profileImageOptimized"": """", ""transactionHash"": ""0x9a2f0246e647dc20bab474cb40f53f9542cea468090e2b3b2e1862c8a74381f3""}"
1769752644,2026-02-14T01:58:45.467581,0xde06da429e35b5ecd75612e4a6514f0a97fc448412151ff3f091f818662a1cea:1769752644,561251,39223330966352513418907732239455948906399882924787587183466504819170775983376,BUY,0.009,3545.0,31.904999999999998,0xde06da429e35b5ecd75612e4a6514f0a97fc448412151ff3f091f818662a1cea,"{""proxyWallet"": ""0xc029f2dbc28b1b41292808caac83b39d1872a540"", ""side"": ""BUY"", ""asset"": ""39223330966352513418907732239455948906399882924787587183466504819170775983376"", ""conditionId"": ""0x836b850fc838195374862551a36f1c8691d96ff01e58b0a071f0fc1a0e357fb1"", ""size"": 3545, ""price"": 0.009, ""timestamp"": 1769752644, ""title"": ""Will LeBron James win the 2028 US Presidential Election?"", ""slug"": ""will-lebron-james-win-the-2028-us-presidential-election"", ""icon"": ""https://polymarket-upload.s3.us-east-2.amazonaws.com/Lebron_James.png"", ""eventSlug"": ""presidential-election-winner-2028"", ""outcome"": ""Yes"", ""outcomeIndex"": 0, ""name"": ""BlockBender"", ""pseudonym"": ""Oily-Panpipe"", ""bio"": """", ""profileImage"": """", ""profileImageOptimized"": """", ""transactionHash"": ""0xde06da429e35b5ecd75612e4a6514f0a97fc448412151ff3f091f818662a1cea""}"
1769750772,2026-02-14T01:58:45.467599,0xe74d6032aa19595919dd86350b604b90f5decc8f79452462ba9cd1349f93d77a:1769750772,561251,39223330966352513418907732239455948906399882924787587183466504819170775983376,SELL,0.008,39879.93,319.03944,0xe74d6032aa19595919dd86350b604b90f5decc8f79452462ba9cd1349f93d77a,"{""proxyWallet"": ""0x3723c90fd4eb46a71b342b9467572c858442fe8e"", ""side"": ""SELL"", ""asset"": ""39223330966352513418907732239455948906399882924787587183466504819170775983376"", ""conditionId"": ""0x836b850fc838195374862551a36f1c8691d96ff01e58b0a071f0fc1a0e357fb1"", ""size"": 39879.93, ""price"": 0.008, ""timestamp"": 1769750772, ""title"": ""Will LeBron James win the 2028 US Presidential Election?"", ""slug"": ""will-lebron-james-win-the-2028-us-presidential-election"", ""icon"": ""https://polymarket-upload.s3.us-east-2.amazonaws.com/Lebron_James.png"", ""eventSlug"": ""presidential-election-winner-2028"", ""outcome"": ""Yes"", ""outcomeIndex"": 0, ""name"": ""aszxczxczxcvv5"", ""pseudonym"": ""Intelligent-Population"", ""bio"": """", ""profileImage"": """", ""profileImageOptimized"": """", ""transactionHash"": ""0xe74d6032aa19595919dd86350b604b90f5decc8f79452462ba9cd1349f93d77a""}"
1769750122,2026-02-14T01:58:45.467620,0x3a0fbc9a12906a791b7bac729897edad27a888a32fbc269b1829839229e7f25b:1769750122,561251,39223330966352513418907732239455948906399882924787587183466504819170775983376,BUY,0.009,3955.0,35.595,0x3a0fbc9a12906a791b7bac729897edad27a888a32fbc269b1829839229e7f25b,"{""proxyWallet"": ""0x89ed19da8ef561dc4939ad2c34dedab142753c06"", ""side"": ""BUY"", ""asset"": ""39223330966352513418907732239455948906399882924787587183466504819170775983376"", ""conditionId"": ""0x836b850fc838195374862551a36f1c8691d96ff01e58b0a071f0fc1a0e357fb1"", ""size"": 3955, ""price"": 0.009, ""timestamp"": 1769750122, ""title"": ""Will LeBron James win the 2028 US Presidential Election?"", ""slug"": ""will-lebron-james-win-the-2028-us-presidential-election"", ""icon"": ""https://polymarket-upload.s3.us-east-2.amazonaws.com/Lebron_James.png"", ""eventSlug"": ""presidential-election-winner-2028"", ""outcome"": ""Yes"", ""outcomeIndex"": 0, ""name"": ""DecentralizedDreamer"", ""pseudonym"": ""Arctic-Semicolon"", ""bio"": """", ""profileImage"": """", ""profileImageOptimized"": """", ""transactionHash"": ""0x3a0fbc9a12906a791b7bac729897edad27a888a32fbc269b1829839229e7f25b""}"
1769747468,2026-02-14T01:58:45.467635,0x0a154a451ee29dee5906f6f06b619389c0083ddfc40006f9a84889f81924f073:1769747468,561251,39223330966352513418907732239455948906399882924787587183466504819170775983376,SELL,0.008,3782.0,30.256,0x0a154a451ee29dee5906f6f06b619389c0083ddfc40006f9a84889f81924f073,"{""proxyWallet"": ""0x4e660b5b57c2c6555e22866c460a9900c73061f8"", ""side"": ""SELL"", ""asset"": ""39223330966352513418907732239455948906399882924787587183466504819170775983376"", ""conditionId"": ""0x836b850fc838195374862551a36f1c8691d96ff01e58b0a071f0fc1a0e357fb1"", ""size"": 3782, ""price"": 0.008, ""timestamp"": 1769747468, ""title"": ""Will LeBron James win the 2028 US Presidential Election?"", ""slug"": ""will-lebron-james-win-the-2028-us-presidential-election"", ""icon"": ""https://polymarket-upload.s3.us-east-2.amazonaws.com/Lebron_James.png"", ""eventSlug"": ""presidential-election-winner-2028"", ""outcome"": ""Yes"", ""outcomeIndex"": 0, ""name"": ""BridgeMintWanderer"", ""pseudonym"": ""Cumbersome-Airforce"", ""bio"": """", ""profileImage"": """", ""profileImageOptimized"": """", ""transactionHash"": ""0x0a154a451ee29dee5906f6f06b619389c0083ddfc40006f9a84889f81924f073""}"
1769744278,2026-02-14T01:58:45.467649,0xbf4670c6162bbdcbffe0a7dd25bf896b6360e80b1c2438f48df4c0d6fbd8408b:1769744278,561251,39223330966352513418907732239455948906399882924787587183466504819170775983376,BUY,0.009,3690.0,33.21,0xbf4670c6162bbdcbffe0a7dd25bf896b6360e80b1c2438f48df4c0d6fbd8408b,"{""proxyWallet"": ""0xe4de8ddd6e4cd631a88e9f645b1cb5a7b7231cbc"", ""side"": ""BUY"", ""asset"": ""39223330966352513418907732239455948906399882924787587183466504819170775983376"", ""conditionId"": ""0x836b850fc838195374862551a36f1c8691d96ff01e58b0a071f0fc1a0e357fb1"", ""size"": 3690, ""price"": 0.009, ""timestamp"": 1769744278, ""title"": ""Will LeBron James win the 2028 US Presidential Election?"", ""slug"": ""will-lebron-james-win-the-2028-us-presidential-election"", ""icon"": ""https://polymarket-upload.s3.us-east-2.amazonaws.com/Lebron_James.png"", ""eventSlug"": ""presidential-election-winner-2028"", ""outcome"": ""Yes"", ""outcomeIndex"": 0, ""name"": ""TokenNomadCore"", ""pseudonym"": ""Able-Certification"", ""bio"": """", ""profileImage"": """", ""profileImageOptimized"": """", ""transactionHash"": ""0xbf4670c6162bbdcbffe0a7dd25bf896b6360e80b1c2438f48df4c0d6fbd8408b""}"
1769742338,2026-02-14T01:58:45.467665,0xb114bb098cc2dda9da544c276ad18dab29e51b3a39a14abe2eac6a332765beb5:1769742338,561251,39223330966352513418907732239455948906399882924787587183466504819170775983376,SELL,0.008,3923.0,31.384,0xb114bb098cc2dda9da544c276ad18dab29e51b3a39a14abe2eac6a332765beb5,"{""proxyWallet"": ""0x43cd2363fa90b1094f699b81177416a0ea9eab5c"", ""side"": ""SELL"", ""asset"": ""39223330966352513418907732239455948906399882924787587183466504819170775983376"", ""conditionId"": ""0x836b850fc838195374862551a36f1c8691d96ff01e58b0a071f0fc1a0e357fb1"", ""size"": 3923, ""price"": 0.008, ""timestamp"": 1769742338, ""title"": ""Will LeBron James win the 2028 US Presidential Election?"", ""slug"": ""will-lebron-james-win-the-2028-us-presidential-election"", ""icon"": ""https://polymarket-upload.s3.us-east-2.amazonaws.com/Lebron_James.png"", ""eventSlug"": ""presidential-election-winner-2028"", ""outcome"": ""Yes"", ""outcomeIndex"": 0, ""name"": ""BridgeZKhunter"", ""pseudonym"": ""Thorny-Exwife"", ""bio"": """", ""profileImage"": """", ""profileImageOptimized"": """", ""transactionHash"": ""0xb114bb098cc2dda9da544c276ad18dab29e51b3a39a14abe2eac6a332765beb5""}"
1769742170,2026-02-14T01:58:45.467679,0xaf5ba0c1b72689c9df3e9ff11af152f4f9ab7d2278bf77b41a8287f3aabfc451:1769742170,561251,39223330966352513418907732239455948906399882924787587183466504819170775983376,SELL,0.008,3850.0,30.8,0xaf5ba0c1b72689c9df3e9ff11af152f4f9ab7d2278bf77b41a8287f3aabfc451,"{""proxyWallet"": ""0x49a52b2531b70cdeb20141a7f5c82daf757fe89b"", ""side"": ""SELL"", ""asset"": ""39223330966352513418907732239455948906399882924787587183466504819170775983376"", ""conditionId"": ""0x836b850fc838195374862551a36f1c8691d96ff01e58b0a071f0fc1a0e357fb1"", ""size"": 3850, ""price"": 0.008, ""timestamp"": 1769742170, ""title"": ""Will LeBron James win the 2028 US Presidential Election?"", ""slug"": ""will-lebron-james-win-the-2028-us-presidential-election"", ""icon"": ""https://polymarket-upload.s3.us-east-2.amazonaws.com/Lebron_James.png"", ""eventSlug"": ""presidential-election-winner-2028"", ""outcome"": ""Yes"", ""outcomeIndex"": 0, ""name"": ""abellaolton"", ""pseudonym"": ""Well-Documented-Manor"", ""bio"": """", ""profileImage"": """", ""profileImageOptimized"": """", ""transactionHash"": ""0xaf5ba0c1b72689c9df3e9ff11af152f4f9ab7d2278bf77b41a8287f3aabfc451""}"
1769741562,2026-02-14T01:58:45.467693,0xe563f194861bc805daab9bae2b29b468404e8e829f17293bf3214c2a394f94e6:1769741562,561251,39223330966352513418907732239455948906399882924787587183466504819170775983376,BUY,0.009,3847.0,34.623,0xe563f194861bc805daab9bae2b29b468404e8e829f17293bf3214c2a394f94e6,"{""proxyWallet"": ""0xa3ee5a8d439d5363976f45adfe4c5e0a3e4fd9fb"", ""side"": ""BUY"", ""asset"": ""39223330966352513418907732239455948906399882924787587183466504819170775983376"", ""conditionId"": ""0x836b850fc838195374862551a36f1c8691d96ff01e58b0a071f0fc1a0e357fb1"", ""size"": 3847, ""price"": 0.009, ""timestamp"": 1769741562, ""title"": ""Will LeBron James win the 2028 US Presidential Election?"", ""slug"": ""will-lebron-james-win-the-2028-us-presidential-election"", ""icon"": ""https://polymarket-upload.s3.us-east-2.amazonaws.com/Lebron_James.png"", ""eventSlug"": ""presidential-election-winner-2028"", ""outcome"": ""Yes"", ""outcomeIndex"": 0, ""name"": ""graclyngeorge"", ""pseudonym"": ""Little-Round"", ""bio"": """", ""profileImage"": """", ""profileImageOptimized"": """", ""transactionHash"": ""0xe563f194861bc805daab9bae2b29b468404e8e829f17293bf3214c2a394f94e6""}"
1769741554,2026-02-14T01:58:45.467707,0x71eab86901297d12d55e5745b10330f1c8f9d585003734c8fe6f3aff0a3849d1:1769741554,561251,39223330966352513418907732239455948906399882924787587183466504819170775983376,BUY,0.009,3697.0,33.272999999999996,0x71eab86901297d12d55e5745b10330f1c8f9d585003734c8fe6f3aff0a3849d1,"{""proxyWallet"": ""0x301b0c32a3f1cc6f3b052c9fe203a5394c22e944"", ""side"": ""BUY"", ""asset"": ""39223330966352513418907732239455948906399882924787587183466504819170775983376"", ""conditionId"": ""0x836b850fc838195374862551a36f1c8691d96ff01e58b0a071f0fc1a0e357fb1"", ""size"": 3697, ""price"": 0.009, ""timestamp"": 1769741554, ""title"": ""Will LeBron James win the 2028 US Presidential Election?"", ""slug"": ""will-lebron-james-win-the-2028-us-presidential-election"", ""icon"": ""https://polymarket-upload.s3.us-east-2.amazonaws.com/Lebron_James.png"", ""eventSlug"": ""presidential-election-winner-2028"", ""outcome"": ""Yes"", ""outcomeIndex"": 0, ""name"": ""Shubhamobroy"", ""pseudonym"": ""Worst-Bongo"", ""bio"": """", ""profileImage"": """", ""profileImageOptimized"": """", ""transactionHash"": ""0x71eab86901297d12d55e5745b10330f1c8f9d585003734c8fe6f3aff0a3849d1""}"
1769741426,2026-02-14T01:58:45.467720,0x30689e2d3ff14ee9f4efa272a4cbae43dcbbd5f7ae4d7e43ab2d0560f595cbe6:1769741426,561251,39223330966352513418907732239455948906399882924787587183466504819170775983376,SELL,0.008,3514.0,28.112000000000002,0x30689e2d3ff14ee9f4efa272a4cbae43dcbbd5f7ae4d7e43ab2d0560f595cbe6,"{""proxyWallet"": ""0x42e2805e26c8937d19c16fa5da7eb9591a99ee40"", ""side"": ""SELL"", ""asset"": ""39223330966352513418907732239455948906399882924787587183466504819170775983376"", ""conditionId"": ""0x836b850fc838195374862551a36f1c8691d96ff01e58b0a071f0fc1a0e357fb1"", ""size"": 3514, ""price"": 0.008, ""timestamp"": 1769741426, ""title"": ""Will LeBron James win the 2028 US Presidential Election?"", ""slug"": ""will-lebron-james-win-the-2028-us-presidential-election"", ""icon"": ""https://polymarket-upload.s3.us-east-2.amazonaws.com/Lebron_James.png"", ""eventSlug"": ""presidential-election-winner-2028"", ""outcome"": ""Yes"", ""outcomeIndex"": 0, ""name"": ""Luxtrenthory"", ""pseudonym"": ""Innocent-Tomtom"", ""bio"": """", ""profileImage"": """", ""profileImageOptimized"": """", ""transactionHash"": ""0x30689e2d3ff14ee9f4efa272a4cbae43dcbbd5f7ae4d7e43ab2d0560f595cbe6""}"
1769741070,2026-02-14T01:58:45.467733,0x58b77c026d32012756ac78d8db11f9362213143bc8599e0028560d9605c7613b:1769741070,561251,39223330966352513418907732239455948906399882924787587183466504819170775983376,SELL,0.008,3644.01,29.15208,0x58b77c026d32012756ac78d8db11f9362213143bc8599e0028560d9605c7613b,"{""proxyWallet"": ""0xe67d294a3c490e0842f217fee9a049b89f647d89"", ""side"": ""SELL"", ""asset"": ""39223330966352513418907732239455948906399882924787587183466504819170775983376"", ""conditionId"": ""0x836b850fc838195374862551a36f1c8691d96ff01e58b0a071f0fc1a0e357fb1"", ""size"": 3644.01, ""price"": 0.008, ""timestamp"": 1769741070, ""title"": ""Will LeBron James win the 2028 US Presidential Election?"", ""slug"": ""will-lebron-james-win-the-2028-us-presidential-election"", ""icon"": ""https://polymarket-upload.s3.us-east-2.amazonaws.com/Lebron_James.png"", ""eventSlug"": ""presidential-election-winner-2028"", ""outcome"": ""Yes"", ""outcomeIndex"": 0, ""name"": ""Hadgxrjiion"", ""pseudonym"": ""Elaborate-Millennium"", ""bio"": """", ""profileImage"": """", ""profileImageOptimized"": """", ""transactionHash"": ""0x58b77c026d32012756ac78d8db11f9362213143bc8599e0028560d9605c7613b""}"
1769739114,2026-02-14T01:58:45.467749,0x52c921a13bd2839fe73d2151484331c5d2fcbec605edf2447e723c7df5412c51:1769739114,561251,39223330966352513418907732239455948906399882924787587183466504819170775983376,BUY,0.009,3839.0,34.550999999999995,0x52c921a13bd2839fe73d2151484331c5d2fcbec605edf2447e723c7df5412c51,"{""proxyWallet"": ""0xdf92c277a469b55577e6d83ff3c346f41e8992e6"", ""side"": ""BUY"", ""asset"": ""39223330966352513418907732239455948906399882924787587183466504819170775983376"", ""conditionId"": ""0x836b850fc838195374862551a36f1c8691d96ff01e58b0a071f0fc1a0e357fb1"", ""size"": 3839, ""price"": 0.009, ""timestamp"": 1769739114, ""title"": ""Will LeBron James win the 2028 US Presidential Election?"", ""slug"": ""will-lebron-james-win-the-2028-us-presidential-election"", ""icon"": ""https://polymarket-upload.s3.us-east-2.amazonaws.com/Lebron_James.png"", ""eventSlug"": ""presidential-election-winner-2028"", ""outcome"": ""Yes"", ""outcomeIndex"": 0, ""name"": ""BlockQuestor"", ""pseudonym"": ""Roasted-Waterfront"", ""bio"": """", ""profileImage"": """", ""profileImageOptimized"": """", ""transactionHash"": ""0x52c921a13bd2839fe73d2151484331c5d2fcbec605edf2447e723c7df5412c51""}"
1769739062,2026-02-14T01:58:45.467764,0x5add17dafbfc3ddfe79666f17561db45805767918117463e5aebff66ba196f89:1769739062,561251,39223330966352513418907732239455948906399882924787587183466504819170775983376,SELL,0.008,144.26,1.15408,0x5add17dafbfc3ddfe79666f17561db45805767918117463e5aebff66ba196f89,"{""proxyWallet"": ""0x04c509368d3a799fc294d570482e032f0ff67766"", ""side"": ""SELL"", ""asset"": ""39223330966352513418907732239455948906399882924787587183466504819170775983376"", ""conditionId"": ""0x836b850fc838195374862551a36f1c8691d96ff01e58b0a071f0fc1a0e357fb1"", ""size"": 144.26, ""price"": 0.008, ""timestamp"": 1769739062, ""title"": ""Will LeBron James win the 2028 US Presidential Election?"", ""slug"": ""will-lebron-james-win-the-2028-us-presidential-election"", ""icon"": ""https://polymarket-upload.s3.us-east-2.amazonaws.com/Lebron_James.png"", ""eventSlug"": ""presidential-election-winner-2028"", ""outcome"": ""Yes"", ""outcomeIndex"": 0, ""name"": """", ""pseudonym"": """", ""bio"": """", ""profileImage"": """", ""profileImageOptimized"": """", ""transactionHash"": ""0x5add17dafbfc3ddfe79666f17561db45805767918117463e5aebff66ba196f89""}"
1769737164,2026-02-14T01:58:45.467778,0x7d22359eebc61793647788705e27c4fad13e51f8f5561ebfd99a3107756303e0:1769737164,561251,39223330966352513418907732239455948906399882924787587183466504819170775983376,BUY,0.009,3671.0,33.038999999999994,0x7d22359eebc61793647788705e27c4fad13e51f8f5561ebfd99a3107756303e0,"{""proxyWallet"": ""0x1df1b8cb3a835edb37b4b8e73bd06dfa0189df2e"", ""side"": ""BUY"", ""asset"": ""39223330966352513418907732239455948906399882924787587183466504819170775983376"", ""conditionId"": ""0x836b850fc838195374862551a36f1c8691d96ff01e58b0a071f0fc1a0e357fb1"", ""size"": 3671, ""price"": 0.009, ""timestamp"": 1769737164, ""title"": ""Will LeBron James win the 2028 US Presidential Election?"", ""slug"": ""will-lebron-james-win-the-2028-us-presidential-election"", ""icon"": ""https://polymarket-upload.s3.us-east-2.amazonaws.com/Lebron_James.png"", ""eventSlug"": ""presidential-election-winner-2028"", ""outcome"": ""Yes"", ""outcomeIndex"": 0, ""name"": ""ZoraScrollFi"", ""pseudonym"": ""Tempting-Figure"", ""bio"": """", ""profileImage"": """", ""profileImageOptimized"": """", ""transactionHash"": ""0x7d22359eebc61793647788705e27c4fad13e51f8f5561ebfd99a3107756303e0""}"
1769735542,2026-02-14T01:58:45.467793,0x3523027c610c233fec70a0a035bd33a11b1c9ad62d8f8e24b764341c4a9fcc82:1769735542,561251,39223330966352513418907732239455948906399882924787587183466504819170775983376,SELL,0.008,1.0,0.008,0x3523027c610c233fec70a0a035bd33a11b1c9ad62d8f8e24b764341c4a9fcc82,"{""proxyWallet"": ""0x58b07509b00df7866ad224577cb3391c1bfbd593"", ""side"": ""SELL"", ""asset"": ""39223330966352513418907732239455948906399882924787587183466504819170775983376"", ""conditionId"": ""0x836b850fc838195374862551a36f1c8691d96ff01e58b0a071f0fc1a0e357fb1"", ""size"": 1, ""price"": 0.008, ""timestamp"": 1769735542, ""title"": ""Will LeBron James win the 2028 US Presidential Election?"", ""slug"": ""will-lebron-james-win-the-2028-us-presidential-election"", ""icon"": ""https://polymarket-upload.s3.us-east-2.amazonaws.com/Lebron_James.png"", ""eventSlug"": ""presidential-election-winner-2028"", ""outcome"": ""Yes"", ""outcomeIndex"": 0, ""name"": ""0x58B075045"", ""pseudonym"": ""Fake-Event"", ""bio"": ""5152414112121"", ""profileImage"": """", ""profileImageOptimized"": """", ""transactionHash"": ""0x3523027c610c233fec70a0a035bd33a11b1c9ad62d8f8e24b764341c4a9fcc82""}"
1769721620,2026-02-14T01:58:45.467811,0xd5f1037a1e3cd1cec1abd387c75b731895e404d3795bb472a49ac2450755334d:1769721620,561251,39223330966352513418907732239455948906399882924787587183466504819170775983376,SELL,0.008,100.0,0.8,0xd5f1037a1e3cd1cec1abd387c75b731895e404d3795bb472a49ac2450755334d,"{""proxyWallet"": ""0x5838589bdaf1580271a05e72d71aacf716cc3636"", ""side"": ""SELL"", ""asset"": ""39223330966352513418907732239455948906399882924787587183466504819170775983376"", ""conditionId"": ""0x836b850fc838195374862551a36f1c8691d96ff01e58b0a071f0fc1a0e357fb1"", ""size"": 100, ""price"": 0.008, ""timestamp"": 1769721620, ""title"": ""Will LeBron James win the 2028 US Presidential Election?"", ""slug"": ""will-lebron-james-win-the-2028-us-presidential-election"", ""icon"": ""https://polymarket-upload.s3.us-east-2.amazonaws.com/Lebron_James.png"", ""eventSlug"": ""presidential-election-winner-2028"", ""outcome"": ""Yes"", ""outcomeIndex"": 0, ""name"": ""tocr"", ""pseudonym"": ""Close-Adaptation"", ""bio"": """", ""profileImage"": ""https://polymarket-upload.s3.us-east-2.amazonaws.com/steal_gunter_3a1f0382-08c2-4e53-9cb8-38a944e0e834_1735368162436.png"", ""profileImageOptimized"": """", ""transactionHash"": ""0xd5f1037a1e3cd1cec1abd387c75b731895e404d3795bb472a49ac2450755334d""}"
1769716010,2026-02-14T01:58:45.467827,0xd8e2c0b3157d03902b0c827328ca17e1393f8f980592f549939e5c9443df5df0:1769716010,561251,39223330966352513418907732239455948906399882924787587183466504819170775983376,SELL,0.008,111.11,0.88888,0xd8e2c0b3157d03902b0c827328ca17e1393f8f980592f549939e5c9443df5df0,"{""proxyWallet"": ""0x3ea0220cdf8c38abdc9e2eb398da84b095770377"", ""side"": ""SELL"", ""asset"": ""39223330966352513418907732239455948906399882924787587183466504819170775983376"", ""conditionId"": ""0x836b850fc838195374862551a36f1c8691d96ff01e58b0a071f0fc1a0e357fb1"", ""size"": 111.11, ""price"": 0.008, ""timestamp"": 1769716010, ""title"": ""Will LeBron James win the 2028 US Presidential Election?"", ""slug"": ""will-lebron-james-win-the-2028-us-presidential-election"", ""icon"": ""https://polymarket-upload.s3.us-east-2.amazonaws.com/Lebron_James.png"", ""eventSlug"": ""presidential-election-winner-2028"", ""outcome"": ""Yes"", ""outcomeIndex"": 0, ""name"": ""ravgrg"", ""pseudonym"": ""Shiny-Sage"", ""bio"": """", ""profileImage"": ""https://polymarket-upload.s3.us-east-2.amazonaws.com/profile-image-3099554-fb693344-c90c-4692-8738-47027b4bfb87.jpg"", ""profileImageOptimized"": """", ""transactionHash"": ""0xd8e2c0b3157d03902b0c827328ca17e1393f8f980592f549939e5c9443df5df0""}"
1769715974,2026-02-14T01:58:45.467842,0xce86c2c280398d587232e327a78f10135d7dbe2c75782098819944e06f15147e:1769715974,561251,39223330966352513418907732239455948906399882924787587183466504819170775983376,BUY,0.009000000009,111.111111,0.9999999999999999,0xce86c2c280398d587232e327a78f10135d7dbe2c75782098819944e06f15147e,"{""proxyWallet"": ""0x3ea0220cdf8c38abdc9e2eb398da84b095770377"", ""side"": ""BUY"", ""asset"": ""39223330966352513418907732239455948906399882924787587183466504819170775983376"", ""conditionId"": ""0x836b850fc838195374862551a36f1c8691d96ff01e58b0a071f0fc1a0e357fb1"", ""size"": 111.111111, ""price"": 0.009000000009, ""timestamp"": 1769715974, ""title"": ""Will LeBron James win the 2028 US Presidential Election?"", ""slug"": ""will-lebron-james-win-the-2028-us-presidential-election"", ""icon"": ""https://polymarket-upload.s3.us-east-2.amazonaws.com/Lebron_James.png"", ""eventSlug"": ""presidential-election-winner-2028"", ""outcome"": ""Yes"", ""outcomeIndex"": 0, ""name"": ""ravgrg"", ""pseudonym"": ""Shiny-Sage"", ""bio"": """", ""profileImage"": ""https://polymarket-upload.s3.us-east-2.amazonaws.com/profile-image-3099554-fb693344-c90c-4692-8738-47027b4bfb87.jpg"", ""profileImageOptimized"": """", ""transactionHash"": ""0xce86c2c280398d587232e327a78f10135d7dbe2c75782098819944e06f15147e""}"
1769690320,2026-02-14T01:58:45.467859,0xf7cd322a5b7f27fac827b1a9b2d914c4f1aa2b1537b88764e7e2805e0d7250a3:1769690320,561251,39223330966352513418907732239455948906399882924787587183466504819170775983376,SELL,0.008,1500.0,12.0,0xf7cd322a5b7f27fac827b1a9b2d914c4f1aa2b1537b88764e7e2805e0d7250a3,"{""proxyWallet"": ""0x612f07e76abb9d4d1804264a088a37a666ecaa53"", ""side"": ""SELL"", ""asset"": ""39223330966352513418907732239455948906399882924787587183466504819170775983376"", ""conditionId"": ""0x836b850fc838195374862551a36f1c8691d96ff01e58b0a071f0fc1a0e357fb1"", ""size"": 1500, ""price"": 0.008, ""timestamp"": 1769690320, ""title"": ""Will LeBron James win the 2028 US Presidential Election?"", ""slug"": ""will-lebron-james-win-the-2028-us-presidential-election"", ""icon"": ""https://polymarket-upload.s3.us-east-2.amazonaws.com/Lebron_James.png"", ""eventSlug"": ""presidential-election-winner-2028"", ""outcome"": ""Yes"", ""outcomeIndex"": 0, ""name"": ""J-E-R"", ""pseudonym"": ""Near-Epauliere"", ""bio"": """", ""profileImage"": """", ""profileImageOptimized"": """", ""transactionHash"": ""0xf7cd322a5b7f27fac827b1a9b2d914c4f1aa2b1537b88764e7e2805e0d7250a3""}"
1769689118,2026-02-14T01:58:45.467879,0x382ee9f9968426cf2ee79119ad857f8f2271902d82d73b54e1928d225496b987:1769689118,561251,39223330966352513418907732239455948906399882924787587183466504819170775983376,SELL,0.008,1410.0,11.28,0x382ee9f9968426cf2ee79119ad857f8f2271902d82d73b54e1928d225496b987,"{""proxyWallet"": ""0x612f07e76abb9d4d1804264a088a37a666ecaa53"", ""side"": ""SELL"", ""asset"": ""39223330966352513418907732239455948906399882924787587183466504819170775983376"", ""conditionId"": ""0x836b850fc838195374862551a36f1c8691d96ff01e58b0a071f0fc1a0e357fb1"", ""size"": 1410, ""price"": 0.008, ""timestamp"": 1769689118, ""title"": ""Will LeBron James win the 2028 US Presidential Election?"", ""slug"": ""will-lebron-james-win-the-2028-us-presidential-election"", ""icon"": ""https://polymarket-upload.s3.us-east-2.amazonaws.com/Lebron_James.png"", ""eventSlug"": ""presidential-election-winner-2028"", ""outcome"": ""Yes"", ""outcomeIndex"": 0, ""name"": ""J-E-R"", ""pseudonym"": ""Near-Epauliere"", ""bio"": """", ""profileImage"": """", ""profileImageOptimized"": """", ""transactionHash"": ""0x382ee9f9968426cf2ee79119ad857f8f2271902d82d73b54e1928d225496b987""}"
1769688824,2026-02-14T01:58:45.467893,0xfd4f7a1d0ced5553e64c68e13f24c3ec0f03bbf766a024cf81aa99a555657319:1769688824,561251,39223330966352513418907732239455948906399882924787587183466504819170775983376,BUY,0.009,144.26,1.2983399999999998,0xfd4f7a1d0ced5553e64c68e13f24c3ec0f03bbf766a024cf81aa99a555657319,"{""proxyWallet"": ""0x04c509368d3a799fc294d570482e032f0ff67766"", ""side"": ""BUY"", ""asset"": ""39223330966352513418907732239455948906399882924787587183466504819170775983376"", ""conditionId"": ""0x836b850fc838195374862551a36f1c8691d96ff01e58b0a071f0fc1a0e357fb1"", ""size"": 144.26, ""price"": 0.009, ""timestamp"": 1769688824, ""title"": ""Will LeBron James win the 2028 US Presidential Election?"", ""slug"": ""will-lebron-james-win-the-2028-us-presidential-election"", ""icon"": ""https://polymarket-upload.s3.us-east-2.amazonaws.com/Lebron_James.png"", ""eventSlug"": ""presidential-election-winner-2028"", ""outcome"": ""Yes"", ""outcomeIndex"": 0, ""name"": """", ""pseudonym"": """", ""bio"": """", ""profileImage"": """", ""profileImageOptimized"": """", ""transactionHash"": ""0xfd4f7a1d0ced5553e64c68e13f24c3ec0f03bbf766a024cf81aa99a555657319""}"
1769685208,2026-02-14T01:58:45.467912,0x9cdf5a665ca2d23f744bffd1139514c29dbafb4e4c21c104c579f2e2040d09de:1769685208,561251,39223330966352513418907732239455948906399882924787587183466504819170775983376,BUY,0.009,1402.0,12.617999999999999,0x9cdf5a665ca2d23f744bffd1139514c29dbafb4e4c21c104c579f2e2040d09de,"{""proxyWallet"": ""0xc0d625359ddcdeb7d62acd73fb8164874f56f968"", ""side"": ""BUY"", ""asset"": ""39223330966352513418907732239455948906399882924787587183466504819170775983376"", ""conditionId"": ""0x836b850fc838195374862551a36f1c8691d96ff01e58b0a071f0fc1a0e357fb1"", ""size"": 1402, ""price"": 0.009, ""timestamp"": 1769685208, ""title"": ""Will LeBron James win the 2028 US Presidential Election?"", ""slug"": ""will-lebron-james-win-the-2028-us-presidential-election"", ""icon"": ""https://polymarket-upload.s3.us-east-2.amazonaws.com/Lebron_James.png"", ""eventSlug"": ""presidential-election-winner-2028"", ""outcome"": ""Yes"", ""outcomeIndex"": 0, ""name"": ""hddfhfgjfgjyuyuoy"", ""pseudonym"": ""Right-Harmonise"", ""bio"": """", ""profileImage"": """", ""profileImageOptimized"": """", ""transactionHash"": ""0x9cdf5a665ca2d23f744bffd1139514c29dbafb4e4c21c104c579f2e2040d09de""}"
1769684206,2026-02-14T01:58:45.467928,0xe049f45c832dd58d01fcdae42026156cbc41e1ca55e7f51b544ded282243770f:1769684206,561251,39223330966352513418907732239455948906399882924787587183466504819170775983376,BUY,0.009,1273.0,11.456999999999999,0xe049f45c832dd58d01fcdae42026156cbc41e1ca55e7f51b544ded282243770f,"{""proxyWallet"": ""0x987650c3c6c0231e67d4cbe9d327d5a1a9851a4a"", ""side"": ""BUY"", ""asset"": ""39223330966352513418907732239455948906399882924787587183466504819170775983376"", ""conditionId"": ""0x836b850fc838195374862551a36f1c8691d96ff01e58b0a071f0fc1a0e357fb1"", ""size"": 1273, ""price"": 0.009, ""timestamp"": 1769684206, ""title"": ""Will LeBron James win the 2028 US Presidential Election?"", ""slug"": ""will-lebron-james-win-the-2028-us-presidential-election"", ""icon"": ""https://polymarket-upload.s3.us-east-2.amazonaws.com/Lebron_James.png"", ""eventSlug"": ""presidential-election-winner-2028"", ""outcome"": ""Yes"", ""outcomeIndex"": 0, ""name"": ""hgjlhjlyu"", ""pseudonym"": ""Compassionate-Airline"", ""bio"": """", ""profileImage"": """", ""profileImageOptimized"": """", ""transactionHash"": ""0xe049f45c832dd58d01fcdae42026156cbc41e1ca55e7f51b544ded282243770f""}"
1769681472,2026-02-14T01:58:45.467947,0x2d83e8851c2c220b8a5207f5468a7f8cb92dcd1e443c0c385a5b487d5c382b7a:1769681472,561251,39223330966352513418907732239455948906399882924787587183466504819170775983376,BUY,0.009,1453.0,13.076999999999998,0x2d83e8851c2c220b8a5207f5468a7f8cb92dcd1e443c0c385a5b487d5c382b7a,"{""proxyWallet"": ""0x40da296922cf138d65af6b39ac089e54d48967d9"", ""side"": ""BUY"", ""asset"": ""39223330966352513418907732239455948906399882924787587183466504819170775983376"", ""conditionId"": ""0x836b850fc838195374862551a36f1c8691d96ff01e58b0a071f0fc1a0e357fb1"", ""size"": 1453, ""price"": 0.009, ""timestamp"": 1769681472, ""title"": ""Will LeBron James win the 2028 US Presidential Election?"", ""slug"": ""will-lebron-james-win-the-2028-us-presidential-election"", ""icon"": ""https://polymarket-upload.s3.us-east-2.amazonaws.com/Lebron_James.png"", ""eventSlug"": ""presidential-election-winner-2028"", ""outcome"": ""Yes"", ""outcomeIndex"": 0, ""name"": ""hjmjkuytrgfbf"", ""pseudonym"": ""Twin-Delay"", ""bio"": """", ""profileImage"": """", ""profileImageOptimized"": """", ""transactionHash"": ""0x2d83e8851c2c220b8a5207f5468a7f8cb92dcd1e443c0c385a5b487d5c382b7a""}"
1769678626,2026-02-14T01:58:45.467961,0x242bf0c9d7b0eeec3ac55f418b9f29f92dfde0119d8b8b5d53a63a26dede8959:1769678626,561251,39223330966352513418907732239455948906399882924787587183466504819170775983376,BUY,0.009,1474.0,13.265999999999998,0x242bf0c9d7b0eeec3ac55f418b9f29f92dfde0119d8b8b5d53a63a26dede8959,"{""proxyWallet"": ""0x51b3fd9e8ad957a26b245c3a19cdccb2ce746b96"", ""side"": ""BUY"", ""asset"": ""39223330966352513418907732239455948906399882924787587183466504819170775983376"", ""conditionId"": ""0x836b850fc838195374862551a36f1c8691d96ff01e58b0a071f0fc1a0e357fb1"", ""size"": 1474, ""price"": 0.009, ""timestamp"": 1769678626, ""title"": ""Will LeBron James win the 2028 US Presidential Election?"", ""slug"": ""will-lebron-james-win-the-2028-us-presidential-election"", ""icon"": ""https://polymarket-upload.s3.us-east-2.amazonaws.com/Lebron_James.png"", ""eventSlug"": ""presidential-election-winner-2028"", ""outcome"": ""Yes"", ""outcomeIndex"": 0, ""name"": ""cgncgzzncg"", ""pseudonym"": ""Bossy-Wifi"", ""bio"": """", ""profileImage"": """", ""profileImageOptimized"": """", ""transactionHash"": ""0x242bf0c9d7b0eeec3ac55f418b9f29f92dfde0119d8b8b5d53a63a26dede8959""}"
1769677542,2026-02-14T01:58:45.467976,0xb64696788dd4eabccdc7f8fc0bf1ad5c519340040e7fe0556b86e1fa73eaf6ff:1769677542,561251,39223330966352513418907732239455948906399882924787587183466504819170775983376,SELL,0.008,560.0,4.48,0xb64696788dd4eabccdc7f8fc0bf1ad5c519340040e7fe0556b86e1fa73eaf6ff,"{""proxyWallet"": ""0x4e160e3978c5aee3019c6823db9c9844fcc0376b"", ""side"": ""SELL"", ""asset"": ""39223330966352513418907732239455948906399882924787587183466504819170775983376"", ""conditionId"": ""0x836b850fc838195374862551a36f1c8691d96ff01e58b0a071f0fc1a0e357fb1"", ""size"": 560, ""price"": 0.008, ""timestamp"": 1769677542, ""title"": ""Will LeBron James win the 2028 US Presidential Election?"", ""slug"": ""will-lebron-james-win-the-2028-us-presidential-election"", ""icon"": ""https://polymarket-upload.s3.us-east-2.amazonaws.com/Lebron_James.png"", ""eventSlug"": ""presidential-election-winner-2028"", ""outcome"": ""Yes"", ""outcomeIndex"": 0, ""name"": ""spaked"", ""pseudonym"": ""Prickly-Decimal"", ""bio"": """", ""profileImage"": ""https://polymarket-upload.s3.us-east-2.amazonaws.com/profile-image-5518953-745fa148-bb9d-48b2-a4aa-8f167f17e235.png"", ""profileImageOptimized"": """", ""transactionHash"": ""0xb64696788dd4eabccdc7f8fc0bf1ad5c519340040e7fe0556b86e1fa73eaf6ff""}"
1769673064,2026-02-14T01:58:45.467992,0x83850221a92028992816b617d1eaa5c293b157444ad7bdb635aa07977918ead3:1769673064,561251,39223330966352513418907732239455948906399882924787587183466504819170775983376,SELL,0.008,1611.35,12.890799999999999,0x83850221a92028992816b617d1eaa5c293b157444ad7bdb635aa07977918ead3,"{""proxyWallet"": ""0x44d304e8543ca9f38bf53f368015293f985c853e"", ""side"": ""SELL"", ""asset"": ""39223330966352513418907732239455948906399882924787587183466504819170775983376"", ""conditionId"": ""0x836b850fc838195374862551a36f1c8691d96ff01e58b0a071f0fc1a0e357fb1"", ""size"": 1611.35, ""price"": 0.008, ""timestamp"": 1769673064, ""title"": ""Will LeBron James win the 2028 US Presidential Election?"", ""slug"": ""will-lebron-james-win-the-2028-us-presidential-election"", ""icon"": ""https://polymarket-upload.s3.us-east-2.amazonaws.com/Lebron_James.png"", ""eventSlug"": ""presidential-election-winner-2028"", ""outcome"": ""Yes"", ""outcomeIndex"": 0, ""name"": ""Xan4dor"", ""pseudonym"": ""Thick-Methane"", ""bio"": """", ""profileImage"": """", ""profileImageOptimized"": """", ""transactionHash"": ""0x83850221a92028992816b617d1eaa5c293b157444ad7bdb635aa07977918ead3""}"
1769673036,2026-02-14T01:58:45.468006,0x277cd777521286874974b7abae1afe59007d11f2c0b17c0c4c1267c0d82a51af:1769673036,561251,39223330966352513418907732239455948906399882924787587183466504819170775983376,SELL,0.008,1503.19,12.02552,0x277cd777521286874974b7abae1afe59007d11f2c0b17c0c4c1267c0d82a51af,"{""proxyWallet"": ""0xd69ffd1c1f364f561c52f17e848973fca402ffcc"", ""side"": ""SELL"", ""asset"": ""39223330966352513418907732239455948906399882924787587183466504819170775983376"", ""conditionId"": ""0x836b850fc838195374862551a36f1c8691d96ff01e58b0a071f0fc1a0e357fb1"", ""size"": 1503.19, ""price"": 0.008, ""timestamp"": 1769673036, ""title"": ""Will LeBron James win the 2028 US Presidential Election?"", ""slug"": ""will-lebron-james-win-the-2028-us-presidential-election"", ""icon"": ""https://polymarket-upload.s3.us-east-2.amazonaws.com/Lebron_James.png"", ""eventSlug"": ""presidential-election-winner-2028"", ""outcome"": ""Yes"", ""outcomeIndex"": 0, ""name"": ""Flumiq"", ""pseudonym"": ""Required-Bat"", ""bio"": """", ""profileImage"": """", ""profileImageOptimized"": """", ""transactionHash"": ""0x277cd777521286874974b7abae1afe59007d11f2c0b17c0c4c1267c0d82a51af""}"
1769672162,2026-02-14T01:58:45.468021,0x79438cea18ccffb3ce44aa6b32799c2c0c575355568c4799eb9c858148f46806:1769672162,561251,39223330966352513418907732239455948906399882924787587183466504819170775983376,SELL,0.008,25.0,0.2,0x79438cea18ccffb3ce44aa6b32799c2c0c575355568c4799eb9c858148f46806,"{""proxyWallet"": ""0xb167155707198ea368ae565ef1223f13a9df1bd1"", ""side"": ""SELL"", ""asset"": ""39223330966352513418907732239455948906399882924787587183466504819170775983376"", ""conditionId"": ""0x836b850fc838195374862551a36f1c8691d96ff01e58b0a071f0fc1a0e357fb1"", ""size"": 25, ""price"": 0.008, ""timestamp"": 1769672162, ""title"": ""Will LeBron James win the 2028 US Presidential Election?"", ""slug"": ""will-lebron-james-win-the-2028-us-presidential-election"", ""icon"": ""https://polymarket-upload.s3.us-east-2.amazonaws.com/Lebron_James.png"", ""eventSlug"": ""presidential-election-winner-2028"", ""outcome"": ""Yes"", ""outcomeIndex"": 0, ""name"": ""robertscraig"", ""pseudonym"": ""Black-And-White-Atelier"", ""bio"": """", ""profileImage"": """", ""profileImageOptimized"": """", ""transactionHash"": ""0x79438cea18ccffb3ce44aa6b32799c2c0c575355568c4799eb9c858148f46806""}"
1769672110,2026-02-14T01:58:45.468034,0xc24bc368cf7a1b9a7269c3b89d568d77b44f0bc3b278dbf7bb64e630cb61fcdc:1769672110,561251,39223330966352513418907732239455948906399882924787587183466504819170775983376,SELL,0.008,1329.6,10.6368,0xc24bc368cf7a1b9a7269c3b89d568d77b44f0bc3b278dbf7bb64e630cb61fcdc,"{""proxyWallet"": ""0x3048b2ea832458fd22b9e68d49c16dd74a56f793"", ""side"": ""SELL"", ""asset"": ""39223330966352513418907732239455948906399882924787587183466504819170775983376"", ""conditionId"": ""0x836b850fc838195374862551a36f1c8691d96ff01e58b0a071f0fc1a0e357fb1"", ""size"": 1329.6, ""price"": 0.008, ""timestamp"": 1769672110, ""title"": ""Will LeBron James win the 2028 US Presidential Election?"", ""slug"": ""will-lebron-james-win-the-2028-us-presidential-election"", ""icon"": ""https://polymarket-upload.s3.us-east-2.amazonaws.com/Lebron_James.png"", ""eventSlug"": ""presidential-election-winner-2028"", ""outcome"": ""Yes"", ""outcomeIndex"": 0, ""name"": ""Qormak"", ""pseudonym"": ""Critical-Athlete"", ""bio"": """", ""profileImage"": """", ""profileImageOptimized"": """", ""transactionHash"": ""0xc24bc368cf7a1b9a7269c3b89d568d77b44f0bc3b278dbf7bb64e630cb61fcdc""}"
1769670904,2026-02-14T01:58:45.468049,0xaa4440721f409db3f85a251c0770d7c8f941994c9116222bbbd4e41179505fef:1769670904,561251,39223330966352513418907732239455948906399882924787587183466504819170775983376,SELL,0.008,3648.13,29.18504,0xaa4440721f409db3f85a251c0770d7c8f941994c9116222bbbd4e41179505fef,"{""proxyWallet"": ""0x4d5647a5ec6d682e18b696d27ac1c6062d39deb2"", ""side"": ""SELL"", ""asset"": ""39223330966352513418907732239455948906399882924787587183466504819170775983376"", ""conditionId"": ""0x836b850fc838195374862551a36f1c8691d96ff01e58b0a071f0fc1a0e357fb1"", ""size"": 3648.13, ""price"": 0.008, ""timestamp"": 1769670904, ""title"": ""Will LeBron James win the 2028 US Presidential Election?"", ""slug"": ""will-lebron-james-win-the-2028-us-presidential-election"", ""icon"": ""https://polymarket-upload.s3.us-east-2.amazonaws.com/Lebron_James.png"", ""eventSlug"": ""presidential-election-winner-2028"", ""outcome"": ""Yes"", ""outcomeIndex"": 0, ""name"": ""Danrkmwieh"", ""pseudonym"": ""Concerned-Logistics"", ""bio"": """", ""profileImage"": """", ""profileImageOptimized"": """", ""transactionHash"": ""0xaa4440721f409db3f85a251c0770d7c8f941994c9116222bbbd4e41179505fef""}"
1769670508,2026-02-14T01:58:45.468063,0x14e61983f74128b6f935eb236f00b046d18f179c0af09ff9be652f5ba3d2b94f:1769670508,561251,39223330966352513418907732239455948906399882924787587183466504819170775983376,SELL,0.008,1229.0,9.832,0x14e61983f74128b6f935eb236f00b046d18f179c0af09ff9be652f5ba3d2b94f,"{""proxyWallet"": ""0xd9e679b5bcc765558d9634847eb601641525070a"", ""side"": ""SELL"", ""asset"": ""39223330966352513418907732239455948906399882924787587183466504819170775983376"", ""conditionId"": ""0x836b850fc838195374862551a36f1c8691d96ff01e58b0a071f0fc1a0e357fb1"", ""size"": 1229, ""price"": 0.008, ""timestamp"": 1769670508, ""title"": ""Will LeBron James win the 2028 US Presidential Election?"", ""slug"": ""will-lebron-james-win-the-2028-us-presidential-election"", ""icon"": ""https://polymarket-upload.s3.us-east-2.amazonaws.com/Lebron_James.png"", ""eventSlug"": ""presidential-election-winner-2028"", ""outcome"": ""Yes"", ""outcomeIndex"": 0, ""name"": ""wwwewertdfgdf"", ""pseudonym"": ""Made-Up-Road"", ""bio"": """", ""profileImage"": """", ""profileImageOptimized"": """", ""transactionHash"": ""0x14e61983f74128b6f935eb236f00b046d18f179c0af09ff9be652f5ba3d2b94f""}"
1769670480,2026-02-14T01:58:45.468076,0x025155fc3da9907474c46e3139e2e0c4efb1b1617a48a4d31650b70d3d845845:1769670480,561251,39223330966352513418907732239455948906399882924787587183466504819170775983376,SELL,0.008,1384.0,11.072000000000001,0x025155fc3da9907474c46e3139e2e0c4efb1b1617a48a4d31650b70d3d845845,"{""proxyWallet"": ""0x1a6d3976e5d690b942dc22736daebe6e0c1b4b2a"", ""side"": ""SELL"", ""asset"": ""39223330966352513418907732239455948906399882924787587183466504819170775983376"", ""conditionId"": ""0x836b850fc838195374862551a36f1c8691d96ff01e58b0a071f0fc1a0e357fb1"", ""size"": 1384, ""price"": 0.008, ""timestamp"": 1769670480, ""title"": ""Will LeBron James win the 2028 US Presidential Election?"", ""slug"": ""will-lebron-james-win-the-2028-us-presidential-election"", ""icon"": ""https://polymarket-upload.s3.us-east-2.amazonaws.com/Lebron_James.png"", ""eventSlug"": ""presidential-election-winner-2028"", ""outcome"": ""Yes"", ""outcomeIndex"": 0, ""name"": ""yuytjghjghj"", ""pseudonym"": ""Monumental-Warrior"", ""bio"": """", ""profileImage"": """", ""profileImageOptimized"": """", ""transactionHash"": ""0x025155fc3da9907474c46e3139e2e0c4efb1b1617a48a4d31650b70d3d845845""}"
1769669816,2026-02-14T01:58:45.468091,0xda65b09a53089d6028694611280838276d431570709655196a1a29e852d1ea75:1769669816,561251,39223330966352513418907732239455948906399882924787587183466504819170775983376,SELL,0.008,1210.0,9.68,0xda65b09a53089d6028694611280838276d431570709655196a1a29e852d1ea75,"{""proxyWallet"": ""0xa6581a41c3c1ab3c8103a2d25178024904296643"", ""side"": ""SELL"", ""asset"": ""39223330966352513418907732239455948906399882924787587183466504819170775983376"", ""conditionId"": ""0x836b850fc838195374862551a36f1c8691d96ff01e58b0a071f0fc1a0e357fb1"", ""size"": 1210, ""price"": 0.008, ""timestamp"": 1769669816, ""title"": ""Will LeBron James win the 2028 US Presidential Election?"", ""slug"": ""will-lebron-james-win-the-2028-us-presidential-election"", ""icon"": ""https://polymarket-upload.s3.us-east-2.amazonaws.com/Lebron_James.png"", ""eventSlug"": ""presidential-election-winner-2028"", ""outcome"": ""Yes"", ""outcomeIndex"": 0, ""name"": ""gyjhghknmlll"", ""pseudonym"": ""Ragged-Empowerment"", ""bio"": """", ""profileImage"": """", ""profileImageOptimized"": """", ""transactionHash"": ""0xda65b09a53089d6028694611280838276d431570709655196a1a29e852d1ea75""}"
1769669544,2026-02-14T01:58:45.468104,0xe2ab2cf45cf1219e46221ecd13e0afd83d04c081d3efec7fa8ca48462805d6c7:1769669544,561251,39223330966352513418907732239455948906399882924787587183466504819170775983376,BUY,0.009,3782.0,34.038,0xe2ab2cf45cf1219e46221ecd13e0afd83d04c081d3efec7fa8ca48462805d6c7,"{""proxyWallet"": ""0x4e660b5b57c2c6555e22866c460a9900c73061f8"", ""side"": ""BUY"", ""asset"": ""39223330966352513418907732239455948906399882924787587183466504819170775983376"", ""conditionId"": ""0x836b850fc838195374862551a36f1c8691d96ff01e58b0a071f0fc1a0e357fb1"", ""size"": 3782, ""price"": 0.009, ""timestamp"": 1769669544, ""title"": ""Will LeBron James win the 2028 US Presidential Election?"", ""slug"": ""will-lebron-james-win-the-2028-us-presidential-election"", ""icon"": ""https://polymarket-upload.s3.us-east-2.amazonaws.com/Lebron_James.png"", ""eventSlug"": ""presidential-election-winner-2028"", ""outcome"": ""Yes"", ""outcomeIndex"": 0, ""name"": ""BridgeMintWanderer"", ""pseudonym"": ""Cumbersome-Airforce"", ""bio"": """", ""profileImage"": """", ""profileImageOptimized"": """", ""transactionHash"": ""0xe2ab2cf45cf1219e46221ecd13e0afd83d04c081d3efec7fa8ca48462805d6c7""}"
1769667946,2026-02-14T01:58:45.468118,0x9df635f552b9e9e6aa578aaf62da042f4649ca60257fb785fc8777a939fdaaf9:1769667946,561251,39223330966352513418907732239455948906399882924787587183466504819170775983376,SELL,0.008,3561.0,28.488,0x9df635f552b9e9e6aa578aaf62da042f4649ca60257fb785fc8777a939fdaaf9,"{""proxyWallet"": ""0xaf86714b14372210d0d13d2f10f3de54c74fa733"", ""side"": ""SELL"", ""asset"": ""39223330966352513418907732239455948906399882924787587183466504819170775983376"", ""conditionId"": ""0x836b850fc838195374862551a36f1c8691d96ff01e58b0a071f0fc1a0e357fb1"", ""size"": 3561, ""price"": 0.008, ""timestamp"": 1769667946, ""title"": ""Will LeBron James win the 2028 US Presidential Election?"", ""slug"": ""will-lebron-james-win-the-2028-us-presidential-election"", ""icon"": ""https://polymarket-upload.s3.us-east-2.amazonaws.com/Lebron_James.png"", ""eventSlug"": ""presidential-election-winner-2028"", ""outcome"": ""Yes"", ""outcomeIndex"": 0, ""name"": ""CryptoCraftr"", ""pseudonym"": ""Small-Alloy"", ""bio"": """", ""profileImage"": """", ""profileImageOptimized"": """", ""transactionHash"": ""0x9df635f552b9e9e6aa578aaf62da042f4649ca60257fb785fc8777a939fdaaf9""}"
1769667342,2026-02-14T01:58:45.468134,0xf634a45ff3bb2b8a3f84a43e78a5f68be33e06c44642ad34f7d9c20e31eb99d4:1769667342,561251,39223330966352513418907732239455948906399882924787587183466504819170775983376,BUY,0.009,39879.93,358.91936999999996,0xf634a45ff3bb2b8a3f84a43e78a5f68be33e06c44642ad34f7d9c20e31eb99d4,"{""proxyWallet"": ""0x3723c90fd4eb46a71b342b9467572c858442fe8e"", ""side"": ""BUY"", ""asset"": ""39223330966352513418907732239455948906399882924787587183466504819170775983376"", ""conditionId"": ""0x836b850fc838195374862551a36f1c8691d96ff01e58b0a071f0fc1a0e357fb1"", ""size"": 39879.93, ""price"": 0.009, ""timestamp"": 1769667342, ""title"": ""Will LeBron James win the 2028 US Presidential Election?"", ""slug"": ""will-lebron-james-win-the-2028-us-presidential-election"", ""icon"": ""https://polymarket-upload.s3.us-east-2.amazonaws.com/Lebron_James.png"", ""eventSlug"": ""presidential-election-winner-2028"", ""outcome"": ""Yes"", ""outcomeIndex"": 0, ""name"": ""aszxczxczxcvv5"", ""pseudonym"": ""Intelligent-Population"", ""bio"": """", ""profileImage"": """", ""profileImageOptimized"": """", ""transactionHash"": ""0xf634a45ff3bb2b8a3f84a43e78a5f68be33e06c44642ad34f7d9c20e31eb99d4""}"
1769666840,2026-02-14T01:58:45.468152,0x6f4606c736e4fe5b76f1d8c8e91c90cca624d5f3a78c87a0e7ba839ce2b7e5af:1769666840,561251,39223330966352513418907732239455948906399882924787587183466504819170775983376,BUY,0.009,3644.01,32.79609,0x6f4606c736e4fe5b76f1d8c8e91c90cca624d5f3a78c87a0e7ba839ce2b7e5af,"{""proxyWallet"": ""0xe67d294a3c490e0842f217fee9a049b89f647d89"", ""side"": ""BUY"", ""asset"": ""39223330966352513418907732239455948906399882924787587183466504819170775983376"", ""conditionId"": ""0x836b850fc838195374862551a36f1c8691d96ff01e58b0a071f0fc1a0e357fb1"", ""size"": 3644.01, ""price"": 0.009, ""timestamp"": 1769666840, ""title"": ""Will LeBron James win the 2028 US Presidential Election?"", ""slug"": ""will-lebron-james-win-the-2028-us-presidential-election"", ""icon"": ""https://polymarket-upload.s3.us-east-2.amazonaws.com/Lebron_James.png"", ""eventSlug"": ""presidential-election-winner-2028"", ""outcome"": ""Yes"", ""outcomeIndex"": 0, ""name"": ""Hadgxrjiion"", ""pseudonym"": ""Elaborate-Millennium"", ""bio"": """", ""profileImage"": """", ""profileImageOptimized"": """", ""transactionHash"": ""0x6f4606c736e4fe5b76f1d8c8e91c90cca624d5f3a78c87a0e7ba839ce2b7e5af""}"
1769666514,2026-02-14T01:58:45.468169,0xffac0459f54912e7669a9937a5982226c14d1effee27e090b14da70dc59698f6:1769666514,561251,39223330966352513418907732239455948906399882924787587183466504819170775983376,BUY,0.009,3923.0,35.306999999999995,0xffac0459f54912e7669a9937a5982226c14d1effee27e090b14da70dc59698f6,"{""proxyWallet"": ""0x43cd2363fa90b1094f699b81177416a0ea9eab5c"", ""side"": ""BUY"", ""asset"": ""39223330966352513418907732239455948906399882924787587183466504819170775983376"", ""conditionId"": ""0x836b850fc838195374862551a36f1c8691d96ff01e58b0a071f0fc1a0e357fb1"", ""size"": 3923, ""price"": 0.009, ""timestamp"": 1769666514, ""title"": ""Will LeBron James win the 2028 US Presidential Election?"", ""slug"": ""will-lebron-james-win-the-2028-us-presidential-election"", ""icon"": ""https://polymarket-upload.s3.us-east-2.amazonaws.com/Lebron_James.png"", ""eventSlug"": ""presidential-election-winner-2028"", ""outcome"": ""Yes"", ""outcomeIndex"": 0, ""name"": ""BridgeZKhunter"", ""pseudonym"": ""Thorny-Exwife"", ""bio"": """", ""profileImage"": """", ""profileImageOptimized"": """", ""transactionHash"": ""0xffac0459f54912e7669a9937a5982226c14d1effee27e090b14da70dc59698f6""}"
1769665614,2026-02-14T01:58:45.468186,0xd2d8a8ec12ea534011c3e904d32ac38fc607492187d376029a6c7ea1349ef0e5:1769665614,561251,39223330966352513418907732239455948906399882924787587183466504819170775983376,SELL,0.008,3756.0,30.048000000000002,0xd2d8a8ec12ea534011c3e904d32ac38fc607492187d376029a6c7ea1349ef0e5,"{""proxyWallet"": ""0x67a4c61daf30e3f233bb243f066d287e9bf09a81"", ""side"": ""SELL"", ""asset"": ""39223330966352513418907732239455948906399882924787587183466504819170775983376"", ""conditionId"": ""0x836b850fc838195374862551a36f1c8691d96ff01e58b0a071f0fc1a0e357fb1"", ""size"": 3756, ""price"": 0.008, ""timestamp"": 1769665614, ""title"": ""Will LeBron James win the 2028 US Presidential Election?"", ""slug"": ""will-lebron-james-win-the-2028-us-presidential-election"", ""icon"": ""https://polymarket-upload.s3.us-east-2.amazonaws.com/Lebron_James.png"", ""eventSlug"": ""presidential-election-winner-2028"", ""outcome"": ""Yes"", ""outcomeIndex"": 0, ""name"": ""BlockSpecter"", ""pseudonym"": ""Vigilant-Innovation"", ""bio"": """", ""profileImage"": """", ""profileImageOptimized"": """", ""transactionHash"": ""0xd2d8a8ec12ea534011c3e904d32ac38fc607492187d376029a6c7ea1349ef0e5""}"
1769665378,2026-02-14T01:58:45.468201,0x2e23531e8048eb2ef3cba8e4433d3dfd7915d938227d136b0dffd2027b9a4649:1769665378,561251,39223330966352513418907732239455948906399882924787587183466504819170775983376,BUY,0.009,3850.0,34.65,0x2e23531e8048eb2ef3cba8e4433d3dfd7915d938227d136b0dffd2027b9a4649,"{""proxyWallet"": ""0x49a52b2531b70cdeb20141a7f5c82daf757fe89b"", ""side"": ""BUY"", ""asset"": ""39223330966352513418907732239455948906399882924787587183466504819170775983376"", ""conditionId"": ""0x836b850fc838195374862551a36f1c8691d96ff01e58b0a071f0fc1a0e357fb1"", ""size"": 3850, ""price"": 0.009, ""timestamp"": 1769665378, ""title"": ""Will LeBron James win the 2028 US Presidential Election?"", ""slug"": ""will-lebron-james-win-the-2028-us-presidential-election"", ""icon"": ""https://polymarket-upload.s3.us-east-2.amazonaws.com/Lebron_James.png"", ""eventSlug"": ""presidential-election-winner-2028"", ""outcome"": ""Yes"", ""outcomeIndex"": 0, ""name"": ""abellaolton"", ""pseudonym"": ""Well-Documented-Manor"", ""bio"": """", ""profileImage"": """", ""profileImageOptimized"": """", ""transactionHash"": ""0x2e23531e8048eb2ef3cba8e4433d3dfd7915d938227d136b0dffd2027b9a4649""}"
1769663864,2026-02-14T01:58:45.468217,0x42bf8b06dec248dc01351eb5d8ceceaf18ad17e6aeabbd937453f281cd5bac7e:1769663864,561251,39223330966352513418907732239455948906399882924787587183466504819170775983376,BUY,0.009,3514.0,31.625999999999998,0x42bf8b06dec248dc01351eb5d8ceceaf18ad17e6aeabbd937453f281cd5bac7e,"{""proxyWallet"": ""0x42e2805e26c8937d19c16fa5da7eb9591a99ee40"", ""side"": ""BUY"", ""asset"": ""39223330966352513418907732239455948906399882924787587183466504819170775983376"", ""conditionId"": ""0x836b850fc838195374862551a36f1c8691d96ff01e58b0a071f0fc1a0e357fb1"", ""size"": 3514, ""price"": 0.009, ""timestamp"": 1769663864, ""title"": ""Will LeBron James win the 2028 US Presidential Election?"", ""slug"": ""will-lebron-james-win-the-2028-us-presidential-election"", ""icon"": ""https://polymarket-upload.s3.us-east-2.amazonaws.com/Lebron_James.png"", ""eventSlug"": ""presidential-election-winner-2028"", ""outcome"": ""Yes"", ""outcomeIndex"": 0, ""name"": ""Luxtrenthory"", ""pseudonym"": ""Innocent-Tomtom"", ""bio"": """", ""profileImage"": """", ""profileImageOptimized"": """", ""transactionHash"": ""0x42bf8b06dec248dc01351eb5d8ceceaf18ad17e6aeabbd937453f281cd5bac7e""}"
1769663026,2026-02-14T01:58:45.468231,0xebc89cd0f5befd8e27ed49e65ed6809665a0dbc9c9be5ac0e5be545deef6bbc7:1769663026,561251,39223330966352513418907732239455948906399882924787587183466504819170775983376,BUY,0.009,258.0,2.3219999999999996,0xebc89cd0f5befd8e27ed49e65ed6809665a0dbc9c9be5ac0e5be545deef6bbc7,"{""proxyWallet"": ""0xef691adc33709ac823464450e00882c3a224f59f"", ""side"": ""BUY"", ""asset"": ""39223330966352513418907732239455948906399882924787587183466504819170775983376"", ""conditionId"": ""0x836b850fc838195374862551a36f1c8691d96ff01e58b0a071f0fc1a0e357fb1"", ""size"": 258, ""price"": 0.009, ""timestamp"": 1769663026, ""title"": ""Will LeBron James win the 2028 US Presidential Election?"", ""slug"": ""will-lebron-james-win-the-2028-us-presidential-election"", ""icon"": ""https://polymarket-upload.s3.us-east-2.amazonaws.com/Lebron_James.png"", ""eventSlug"": ""presidential-election-winner-2028"", ""outcome"": ""Yes"", ""outcomeIndex"": 0, ""name"": ""qhale"", ""pseudonym"": ""Willing-Expense"", ""bio"": """", ""profileImage"": """", ""profileImageOptimized"": """", ""transactionHash"": ""0xebc89cd0f5befd8e27ed49e65ed6809665a0dbc9c9be5ac0e5be545deef6bbc7""}"
1769662466,2026-02-14T01:58:46.574915,0x6700ba5e19236ea19a4a6690a5a62a5ca4c2bb258635089d7a4e092160157ac2:1769662466,561251,39223330966352513418907732239455948906399882924787587183466504819170775983376,SELL,0.008,87.0,0.6960000000000001,0x6700ba5e19236ea19a4a6690a5a62a5ca4c2bb258635089d7a4e092160157ac2,"{""proxyWallet"": ""0x2f85037672d8b6f158328cfa9d9119974cb3b86d"", ""side"": ""SELL"", ""asset"": ""39223330966352513418907732239455948906399882924787587183466504819170775983376"", ""conditionId"": ""0x836b850fc838195374862551a36f1c8691d96ff01e58b0a071f0fc1a0e357fb1"", ""size"": 87, ""price"": 0.008, ""timestamp"": 1769662466, ""title"": ""Will LeBron James win the 2028 US Presidential Election?"", ""slug"": ""will-lebron-james-win-the-2028-us-presidential-election"", ""icon"": ""https://polymarket-upload.s3.us-east-2.amazonaws.com/Lebron_James.png"", ""eventSlug"": ""presidential-election-winner-2028"", ""outcome"": ""Yes"", ""outcomeIndex"": 0, ""name"": ""kennethgriffin"", ""pseudonym"": ""Cute-Eviction"", ""bio"": """", ""profileImage"": """", ""profileImageOptimized"": """", ""transactionHash"": ""0x6700ba5e19236ea19a4a6690a5a62a5ca4c2bb258635089d7a4e092160157ac2""}"
1769660442,2026-02-14T01:58:46.575022,0xdf3b855fc9cde86055dcea62f4cd98ccaefcff21e1a6d53c115327bfa84d7838:1769660442,561251,39223330966352513418907732239455948906399882924787587183466504819170775983376,SELL,0.008,1888.88,15.111040000000001,0xdf3b855fc9cde86055dcea62f4cd98ccaefcff21e1a6d53c115327bfa84d7838,"{""proxyWallet"": ""0xada5f0892ef1ddb2b613a6b062318816795636d0"", ""side"": ""SELL"", ""asset"": ""39223330966352513418907732239455948906399882924787587183466504819170775983376"", ""conditionId"": ""0x836b850fc838195374862551a36f1c8691d96ff01e58b0a071f0fc1a0e357fb1"", ""size"": 1888.88, ""price"": 0.008, ""timestamp"": 1769660442, ""title"": ""Will LeBron James win the 2028 US Presidential Election?"", ""slug"": ""will-lebron-james-win-the-2028-us-presidential-election"", ""icon"": ""https://polymarket-upload.s3.us-east-2.amazonaws.com/Lebron_James.png"", ""eventSlug"": ""presidential-election-winner-2028"", ""outcome"": ""Yes"", ""outcomeIndex"": 0, ""name"": ""Valenine"", ""pseudonym"": ""Squiggly-Orient"", ""bio"": """", ""profileImage"": """", ""profileImageOptimized"": """", ""transactionHash"": ""0xdf3b855fc9cde86055dcea62f4cd98ccaefcff21e1a6d53c115327bfa84d7838""}"
1769654494,2026-02-14T01:58:46.575066,0xec4ee92c3e43971850ead5b83f2af66b0ebd35cf00908935c78427ae947562a3:1769654494,561251,39223330966352513418907732239455948906399882924787587183466504819170775983376,SELL,0.008,3533.0,28.264,0xec4ee92c3e43971850ead5b83f2af66b0ebd35cf00908935c78427ae947562a3,"{""proxyWallet"": ""0x120032b5e84ef09d2880125f9d1f968437c3cb3a"", ""side"": ""SELL"", ""asset"": ""39223330966352513418907732239455948906399882924787587183466504819170775983376"", ""conditionId"": ""0x836b850fc838195374862551a36f1c8691d96ff01e58b0a071f0fc1a0e357fb1"", ""size"": 3533, ""price"": 0.008, ""timestamp"": 1769654494, ""title"": ""Will LeBron James win the 2028 US Presidential Election?"", ""slug"": ""will-lebron-james-win-the-2028-us-presidential-election"", ""icon"": ""https://polymarket-upload.s3.us-east-2.amazonaws.com/Lebron_James.png"", ""eventSlug"": ""presidential-election-winner-2028"", ""outcome"": ""Yes"", ""outcomeIndex"": 0, ""name"": ""520033"", ""pseudonym"": ""Descriptive-Fanlight"", ""bio"": """", ""profileImage"": """", ""profileImageOptimized"": """", ""transactionHash"": ""0xec4ee92c3e43971850ead5b83f2af66b0ebd35cf00908935c78427ae947562a3""}"
1769654486,2026-02-14T01:58:46.575089,0xa63868b2c7650f7982a0d4eb7fef97677d455162d4aafeea24ca478424aabceb:1769654486,561251,39223330966352513418907732239455948906399882924787587183466504819170775983376,SELL,0.008,1855.55,14.8444,0xa63868b2c7650f7982a0d4eb7fef97677d455162d4aafeea24ca478424aabceb,"{""proxyWallet"": ""0xe2956e542aaf6cf080af219dd1e5d11fe8378f10"", ""side"": ""SELL"", ""asset"": ""39223330966352513418907732239455948906399882924787587183466504819170775983376"", ""conditionId"": ""0x836b850fc838195374862551a36f1c8691d96ff01e58b0a071f0fc1a0e357fb1"", ""size"": 1855.55, ""price"": 0.008, ""timestamp"": 1769654486, ""title"": ""Will LeBron James win the 2028 US Presidential Election?"", ""slug"": ""will-lebron-james-win-the-2028-us-presidential-election"", ""icon"": ""https://polymarket-upload.s3.us-east-2.amazonaws.com/Lebron_James.png"", ""eventSlug"": ""presidential-election-winner-2028"", ""outcome"": ""Yes"", ""outcomeIndex"": 0, ""name"": ""cjr14hxu"", ""pseudonym"": ""Boring-Norm"", ""bio"": """", ""profileImage"": """", ""profileImageOptimized"": """", ""transactionHash"": ""0xa63868b2c7650f7982a0d4eb7fef97677d455162d4aafeea24ca478424aabceb""}"
1769653804,2026-02-14T01:58:46.575109,0x8a683340a0c5967fbfc963faf3873b53b2a1ec34872f280cf0164a31b484ee0c:1769653804,561251,39223330966352513418907732239455948906399882924787587183466504819170775983376,SELL,0.008,7167.0,57.336,0x8a683340a0c5967fbfc963faf3873b53b2a1ec34872f280cf0164a31b484ee0c,"{""proxyWallet"": ""0x153353e550ccbbfd2da13785532530722f127945"", ""side"": ""SELL"", ""asset"": ""39223330966352513418907732239455948906399882924787587183466504819170775983376"", ""conditionId"": ""0x836b850fc838195374862551a36f1c8691d96ff01e58b0a071f0fc1a0e357fb1"", ""size"": 7167, ""price"": 0.008, ""timestamp"": 1769653804, ""title"": ""Will LeBron James win the 2028 US Presidential Election?"", ""slug"": ""will-lebron-james-win-the-2028-us-presidential-election"", ""icon"": ""https://polymarket-upload.s3.us-east-2.amazonaws.com/Lebron_James.png"", ""eventSlug"": ""presidential-election-winner-2028"", ""outcome"": ""Yes"", ""outcomeIndex"": 0, ""name"": ""LihbjuLi"", ""pseudonym"": ""Crushing-Proportion"", ""bio"": """", ""profileImage"": """", ""profileImageOptimized"": """", ""transactionHash"": ""0x8a683340a0c5967fbfc963faf3873b53b2a1ec34872f280cf0164a31b484ee0c""}"
1769650054,2026-02-14T01:58:46.575139,0xf256c121710f22f828df3a7fc670b931218da6df621d178f6f15ccce43f0f3a5:1769650054,561251,39223330966352513418907732239455948906399882924787587183466504819170775983376,SELL,0.008,4245.0,33.96,0xf256c121710f22f828df3a7fc670b931218da6df621d178f6f15ccce43f0f3a5,"{""proxyWallet"": ""0x25faf37a147b4b651d4f51b677061a4d6c477af0"", ""side"": ""SELL"", ""asset"": ""39223330966352513418907732239455948906399882924787587183466504819170775983376"", ""conditionId"": ""0x836b850fc838195374862551a36f1c8691d96ff01e58b0a071f0fc1a0e357fb1"", ""size"": 4245, ""price"": 0.008, ""timestamp"": 1769650054, ""title"": ""Will LeBron James win the 2028 US Presidential Election?"", ""slug"": ""will-lebron-james-win-the-2028-us-presidential-election"", ""icon"": ""https://polymarket-upload.s3.us-east-2.amazonaws.com/Lebron_James.png"", ""eventSlug"": ""presidential-election-winner-2028"", ""outcome"": ""Yes"", ""outcomeIndex"": 0, ""name"": ""0x25fAF37a147b4b651d4f51B677061a4D6C477Af0-1768497374497"", ""pseudonym"": ""Disloyal-Example"", ""bio"": """", ""profileImage"": """", ""profileImageOptimized"": """", ""transactionHash"": ""0xf256c121710f22f828df3a7fc670b931218da6df621d178f6f15ccce43f0f3a5""}"
1769639040,2026-02-14T01:58:46.575165,0x5d8d4fdebc860446afbbdd74fb2d05c147fef777efeb2e41c5386c7a76ade168:1769639040,561251,39223330966352513418907732239455948906399882924787587183466504819170775983376,SELL,0.008,76.18,0.6094400000000001,0x5d8d4fdebc860446afbbdd74fb2d05c147fef777efeb2e41c5386c7a76ade168,"{""proxyWallet"": ""0xb680fa4f1be6bb564fd0f46f4c5f1c293cdeb8f4"", ""side"": ""SELL"", ""asset"": ""39223330966352513418907732239455948906399882924787587183466504819170775983376"", ""conditionId"": ""0x836b850fc838195374862551a36f1c8691d96ff01e58b0a071f0fc1a0e357fb1"", ""size"": 76.18, ""price"": 0.008, ""timestamp"": 1769639040, ""title"": ""Will LeBron James win the 2028 US Presidential Election?"", ""slug"": ""will-lebron-james-win-the-2028-us-presidential-election"", ""icon"": ""https://polymarket-upload.s3.us-east-2.amazonaws.com/Lebron_James.png"", ""eventSlug"": ""presidential-election-winner-2028"", ""outcome"": ""Yes"", ""outcomeIndex"": 0, ""name"": ""anab"", ""pseudonym"": ""Profuse-Brushing"", ""bio"": """", ""profileImage"": """", ""profileImageOptimized"": """", ""transactionHash"": ""0x5d8d4fdebc860446afbbdd74fb2d05c147fef777efeb2e41c5386c7a76ade168""}"
1769638902,2026-02-14T01:58:46.575185,0x5154e79f4b9a29e293ee348c7618a73807c4c1c4dcc139cddb156a0f115c8b07:1769638902,561251,39223330966352513418907732239455948906399882924787587183466504819170775983376,BUY,0.009,76.18,0.68562,0x5154e79f4b9a29e293ee348c7618a73807c4c1c4dcc139cddb156a0f115c8b07,"{""proxyWallet"": ""0xb680fa4f1be6bb564fd0f46f4c5f1c293cdeb8f4"", ""side"": ""BUY"", ""asset"": ""39223330966352513418907732239455948906399882924787587183466504819170775983376"", ""conditionId"": ""0x836b850fc838195374862551a36f1c8691d96ff01e58b0a071f0fc1a0e357fb1"", ""size"": 76.18, ""price"": 0.009, ""timestamp"": 1769638902, ""title"": ""Will LeBron James win the 2028 US Presidential Election?"", ""slug"": ""will-lebron-james-win-the-2028-us-presidential-election"", ""icon"": ""https://polymarket-upload.s3.us-east-2.amazonaws.com/Lebron_James.png"", ""eventSlug"": ""presidential-election-winner-2028"", ""outcome"": ""Yes"", ""outcomeIndex"": 0, ""name"": ""anab"", ""pseudonym"": ""Profuse-Brushing"", ""bio"": """", ""profileImage"": """", ""profileImageOptimized"": """", ""transactionHash"": ""0x5154e79f4b9a29e293ee348c7618a73807c4c1c4dcc139cddb156a0f115c8b07""}"
1769626002,2026-02-14T01:58:46.575205,0xbdd3b5e6dc55fadf4c9f44aaa37336bfc3ab784bd831594154b9d4d32f118482:1769626002,561251,39223330966352513418907732239455948906399882924787587183466504819170775983376,SELL,0.008,147.01,1.17608,0xbdd3b5e6dc55fadf4c9f44aaa37336bfc3ab784bd831594154b9d4d32f118482,"{""proxyWallet"": ""0x7c46f1fae99376cc05ac6083598332e39c8ed67a"", ""side"": ""SELL"", ""asset"": ""39223330966352513418907732239455948906399882924787587183466504819170775983376"", ""conditionId"": ""0x836b850fc838195374862551a36f1c8691d96ff01e58b0a071f0fc1a0e357fb1"", ""size"": 147.01, ""price"": 0.008, ""timestamp"": 1769626002, ""title"": ""Will LeBron James win the 2028 US Presidential Election?"", ""slug"": ""will-lebron-james-win-the-2028-us-presidential-election"", ""icon"": ""https://polymarket-upload.s3.us-east-2.amazonaws.com/Lebron_James.png"", ""eventSlug"": ""presidential-election-winner-2028"", ""outcome"": ""Yes"", ""outcomeIndex"": 0, ""name"": """", ""pseudonym"": """", ""bio"": """", ""profileImage"": """", ""profileImageOptimized"": """", ""transactionHash"": ""0xbdd3b5e6dc55fadf4c9f44aaa37336bfc3ab784bd831594154b9d4d32f118482""}"
1769623494,2026-02-14T01:58:46.575235,0x4effc691c284ea7bb0e8dd1f693401bde06166d886baa6ce873423c8a6aa5531:1769623494,561251,39223330966352513418907732239455948906399882924787587183466504819170775983376,SELL,0.008,200.0,1.6,0x4effc691c284ea7bb0e8dd1f693401bde06166d886baa6ce873423c8a6aa5531,"{""proxyWallet"": ""0x0d097318ea10c5f82d32eb1499b2a53c0487dd55"", ""side"": ""SELL"", ""asset"": ""39223330966352513418907732239455948906399882924787587183466504819170775983376"", ""conditionId"": ""0x836b850fc838195374862551a36f1c8691d96ff01e58b0a071f0fc1a0e357fb1"", ""size"": 200, ""price"": 0.008, ""timestamp"": 1769623494, ""title"": ""Will LeBron James win the 2028 US Presidential Election?"", ""slug"": ""will-lebron-james-win-the-2028-us-presidential-election"", ""icon"": ""https://polymarket-upload.s3.us-east-2.amazonaws.com/Lebron_James.png"", ""eventSlug"": ""presidential-election-winner-2028"", ""outcome"": ""Yes"", ""outcomeIndex"": 0, ""name"": ""Fermatter"", ""pseudonym"": ""Proper-Opening"", ""bio"": """", ""profileImage"": """", ""profileImageOptimized"": """", ""transactionHash"": ""0x4effc691c284ea7bb0e8dd1f693401bde06166d886baa6ce873423c8a6aa5531""}"
1769619104,2026-02-14T01:58:46.575254,0xc423cf79cf31bad8d8bfde13261b34c9249ea9e195e313df4470cdf9a4a8eca6:1769619104,561251,39223330966352513418907732239455948906399882924787587183466504819170775983376,SELL,0.008,68.0,0.544,0xc423cf79cf31bad8d8bfde13261b34c9249ea9e195e313df4470cdf9a4a8eca6,"{""proxyWallet"": ""0x219bb6f3fc80445182f25d1b6d457919a1d678b1"", ""side"": ""SELL"", ""asset"": ""39223330966352513418907732239455948906399882924787587183466504819170775983376"", ""conditionId"": ""0x836b850fc838195374862551a36f1c8691d96ff01e58b0a071f0fc1a0e357fb1"", ""size"": 68, ""price"": 0.008, ""timestamp"": 1769619104, ""title"": ""Will LeBron James win the 2028 US Presidential Election?"", ""slug"": ""will-lebron-james-win-the-2028-us-presidential-election"", ""icon"": ""https://polymarket-upload.s3.us-east-2.amazonaws.com/Lebron_James.png"", ""eventSlug"": ""presidential-election-winner-2028"", ""outcome"": ""Yes"", ""outcomeIndex"": 0, ""name"": ""carsonjennifer"", ""pseudonym"": ""Stylish-Detour"", ""bio"": """", ""profileImage"": """", ""profileImageOptimized"": """", ""transactionHash"": ""0xc423cf79cf31bad8d8bfde13261b34c9249ea9e195e313df4470cdf9a4a8eca6""}"
1769605229,2026-02-14T01:58:46.575280,0x679b1395929c38a5bbd39da2161e32aadb02b8cbb3f17e9196857bdfebf3bfa2:1769605229,561251,39223330966352513418907732239455948906399882924787587183466504819170775983376,BUY,0.009000000011842105,506.666666,4.56,0x679b1395929c38a5bbd39da2161e32aadb02b8cbb3f17e9196857bdfebf3bfa2,"{""proxyWallet"": ""0xc9895757e62f5c559ea5ab753f17904b6c650d45"", ""side"": ""BUY"", ""asset"": ""39223330966352513418907732239455948906399882924787587183466504819170775983376"", ""conditionId"": ""0x836b850fc838195374862551a36f1c8691d96ff01e58b0a071f0fc1a0e357fb1"", ""size"": 506.666666, ""price"": 0.009000000011842105, ""timestamp"": 1769605229, ""title"": ""Will LeBron James win the 2028 US Presidential Election?"", ""slug"": ""will-lebron-james-win-the-2028-us-presidential-election"", ""icon"": ""https://polymarket-upload.s3.us-east-2.amazonaws.com/Lebron_James.png"", ""eventSlug"": ""presidential-election-winner-2028"", ""outcome"": ""Yes"", ""outcomeIndex"": 0, ""name"": ""samantinfrakq"", ""pseudonym"": ""Impartial-Duration"", ""bio"": """", ""profileImage"": """", ""profileImageOptimized"": """", ""transactionHash"": ""0x679b1395929c38a5bbd39da2161e32aadb02b8cbb3f17e9196857bdfebf3bfa2""}"
1769600883,2026-02-14T01:58:46.575302,0xfe1905df1a6eb4e6b680f98fe28c116d1797802d838766b377e0dfc7a16e0ee6:1769600883,561251,39223330966352513418907732239455948906399882924787587183466504819170775983376,SELL,0.008,4244.99,33.95992,0xfe1905df1a6eb4e6b680f98fe28c116d1797802d838766b377e0dfc7a16e0ee6,"{""proxyWallet"": ""0x25faf37a147b4b651d4f51b677061a4d6c477af0"", ""side"": ""SELL"", ""asset"": ""39223330966352513418907732239455948906399882924787587183466504819170775983376"", ""conditionId"": ""0x836b850fc838195374862551a36f1c8691d96ff01e58b0a071f0fc1a0e357fb1"", ""size"": 4244.99, ""price"": 0.008, ""timestamp"": 1769600883, ""title"": ""Will LeBron James win the 2028 US Presidential Election?"", ""slug"": ""will-lebron-james-win-the-2028-us-presidential-election"", ""icon"": ""https://polymarket-upload.s3.us-east-2.amazonaws.com/Lebron_James.png"", ""eventSlug"": ""presidential-election-winner-2028"", ""outcome"": ""Yes"", ""outcomeIndex"": 0, ""name"": ""0x25fAF37a147b4b651d4f51B677061a4D6C477Af0-1768497374497"", ""pseudonym"": ""Disloyal-Example"", ""bio"": """", ""profileImage"": """", ""profileImageOptimized"": """", ""transactionHash"": ""0xfe1905df1a6eb4e6b680f98fe28c116d1797802d838766b377e0dfc7a16e0ee6""}"
1769599231,2026-02-14T01:58:46.575322,0x4935cb7e2800b24125da0f6f33995b3803ad34cfabc8f0a501d92deae21332b9:1769599231,561251,39223330966352513418907732239455948906399882924787587183466504819170775983376,SELL,0.008,2822.22,22.577759999999998,0x4935cb7e2800b24125da0f6f33995b3803ad34cfabc8f0a501d92deae21332b9,"{""proxyWallet"": ""0x1344c7eb638498934a4a6363b49badb01126e908"", ""side"": ""SELL"", ""asset"": ""39223330966352513418907732239455948906399882924787587183466504819170775983376"", ""conditionId"": ""0x836b850fc838195374862551a36f1c8691d96ff01e58b0a071f0fc1a0e357fb1"", ""size"": 2822.22, ""price"": 0.008, ""timestamp"": 1769599231, ""title"": ""Will LeBron James win the 2028 US Presidential Election?"", ""slug"": ""will-lebron-james-win-the-2028-us-presidential-election"", ""icon"": ""https://polymarket-upload.s3.us-east-2.amazonaws.com/Lebron_James.png"", ""eventSlug"": ""presidential-election-winner-2028"", ""outcome"": ""Yes"", ""outcomeIndex"": 0, ""name"": ""sherrymom"", ""pseudonym"": ""Wild-Dress"", ""bio"": """", ""profileImage"": """", ""profileImageOptimized"": """", ""transactionHash"": ""0x4935cb7e2800b24125da0f6f33995b3803ad34cfabc8f0a501d92deae21332b9""}"
1769592059,2026-02-14T01:58:46.575343,0xdc3c35a13b7e80b70f6f4773543404495af63c753784906dc5b7c40bd14714f8:1769592059,561251,39223330966352513418907732239455948906399882924787587183466504819170775983376,BUY,0.009,1123.6,10.1124,0xdc3c35a13b7e80b70f6f4773543404495af63c753784906dc5b7c40bd14714f8,"{""proxyWallet"": ""0x469c7f793fa34a154f2d378b2397daa9eb65309b"", ""side"": ""BUY"", ""asset"": ""39223330966352513418907732239455948906399882924787587183466504819170775983376"", ""conditionId"": ""0x836b850fc838195374862551a36f1c8691d96ff01e58b0a071f0fc1a0e357fb1"", ""size"": 1123.6, ""price"": 0.009, ""timestamp"": 1769592059, ""title"": ""Will LeBron James win the 2028 US Presidential Election?"", ""slug"": ""will-lebron-james-win-the-2028-us-presidential-election"", ""icon"": ""https://polymarket-upload.s3.us-east-2.amazonaws.com/Lebron_James.png"", ""eventSlug"": ""presidential-election-winner-2028"", ""outcome"": ""Yes"", ""outcomeIndex"": 0, ""name"": ""flyip"", ""pseudonym"": ""Sugary-Peen"", ""bio"": """", ""profileImage"": """", ""profileImageOptimized"": """", ""transactionHash"": ""0xdc3c35a13b7e80b70f6f4773543404495af63c753784906dc5b7c40bd14714f8""}"
1769585099,2026-02-14T01:58:46.575368,0x8cbb896f39b256ff0b3992aaf996f25763be6fd19a04228e4a48203ed97a1152:1769585099,561251,39223330966352513418907732239455948906399882924787587183466504819170775983376,SELL,0.008,1319.0,10.552,0x8cbb896f39b256ff0b3992aaf996f25763be6fd19a04228e4a48203ed97a1152,"{""proxyWallet"": ""0xab26113d0cecda9098967aef270b9758b69fdf60"", ""side"": ""SELL"", ""asset"": ""39223330966352513418907732239455948906399882924787587183466504819170775983376"", ""conditionId"": ""0x836b850fc838195374862551a36f1c8691d96ff01e58b0a071f0fc1a0e357fb1"", ""size"": 1319, ""price"": 0.008, ""timestamp"": 1769585099, ""title"": ""Will LeBron James win the 2028 US Presidential Election?"", ""slug"": ""will-lebron-james-win-the-2028-us-presidential-election"", ""icon"": ""https://polymarket-upload.s3.us-east-2.amazonaws.com/Lebron_James.png"", ""eventSlug"": ""presidential-election-winner-2028"", ""outcome"": ""Yes"", ""outcomeIndex"": 0, ""name"": ""ryrtyrtdghd"", ""pseudonym"": ""Irritating-Cope"", ""bio"": """", ""profileImage"": """", ""profileImageOptimized"": """", ""transactionHash"": ""0x8cbb896f39b256ff0b3992aaf996f25763be6fd19a04228e4a48203ed97a1152""}"
1769584741,2026-02-14T01:58:46.575387,0x55ca75f293a8ac3e293009c8cc705a1f94a243609be4d0aaa4e88473a1a3f962:1769584741,561251,39223330966352513418907732239455948906399882924787587183466504819170775983376,SELL,0.008,1410.0,11.28,0x55ca75f293a8ac3e293009c8cc705a1f94a243609be4d0aaa4e88473a1a3f962,"{""proxyWallet"": ""0x723cd1060f208f3c786d6e7d866e4f571eba56ce"", ""side"": ""SELL"", ""asset"": ""39223330966352513418907732239455948906399882924787587183466504819170775983376"", ""conditionId"": ""0x836b850fc838195374862551a36f1c8691d96ff01e58b0a071f0fc1a0e357fb1"", ""size"": 1410, ""price"": 0.008, ""timestamp"": 1769584741, ""title"": ""Will LeBron James win the 2028 US Presidential Election?"", ""slug"": ""will-lebron-james-win-the-2028-us-presidential-election"", ""icon"": ""https://polymarket-upload.s3.us-east-2.amazonaws.com/Lebron_James.png"", ""eventSlug"": ""presidential-election-winner-2028"", ""outcome"": ""Yes"", ""outcomeIndex"": 0, ""name"": ""dhrturtj"", ""pseudonym"": ""Generous-Detail"", ""bio"": """", ""profileImage"": """", ""profileImageOptimized"": """", ""transactionHash"": ""0x55ca75f293a8ac3e293009c8cc705a1f94a243609be4d0aaa4e88473a1a3f962""}"
1769584655,2026-02-14T01:58:46.575405,0xa752665defbc36cfa033d899336b32d7d1b04a9fe42bd0542a59a777c2006ee8:1769584655,561251,39223330966352513418907732239455948906399882924787587183466504819170775983376,SELL,0.008,3800.26,30.40208,0xa752665defbc36cfa033d899336b32d7d1b04a9fe42bd0542a59a777c2006ee8,"{""proxyWallet"": ""0xa3e1829cd5c0b926deb4705022c17ea7f409f6d9"", ""side"": ""SELL"", ""asset"": ""39223330966352513418907732239455948906399882924787587183466504819170775983376"", ""conditionId"": ""0x836b850fc838195374862551a36f1c8691d96ff01e58b0a071f0fc1a0e357fb1"", ""size"": 3800.26, ""price"": 0.008, ""timestamp"": 1769584655, ""title"": ""Will LeBron James win the 2028 US Presidential Election?"", ""slug"": ""will-lebron-james-win-the-2028-us-presidential-election"", ""icon"": ""https://polymarket-upload.s3.us-east-2.amazonaws.com/Lebron_James.png"", ""eventSlug"": ""presidential-election-winner-2028"", ""outcome"": ""Yes"", ""outcomeIndex"": 0, ""name"": ""Robeygwhxurt"", ""pseudonym"": ""Mature-Decryption"", ""bio"": """", ""profileImage"": """", ""profileImageOptimized"": """", ""transactionHash"": ""0xa752665defbc36cfa033d899336b32d7d1b04a9fe42bd0542a59a777c2006ee8""}"
1769584419,2026-02-14T01:58:46.575422,0xe4ee76aae7de68eded19851fa6a157e155b53a8179635e2c017fe1e42797ceab:1769584419,561251,39223330966352513418907732239455948906399882924787587183466504819170775983376,SELL,0.008,1222.0,9.776,0xe4ee76aae7de68eded19851fa6a157e155b53a8179635e2c017fe1e42797ceab,"{""proxyWallet"": ""0x1707631d31ee1cbb82450bf162657a8eec77c110"", ""side"": ""SELL"", ""asset"": ""39223330966352513418907732239455948906399882924787587183466504819170775983376"", ""conditionId"": ""0x836b850fc838195374862551a36f1c8691d96ff01e58b0a071f0fc1a0e357fb1"", ""size"": 1222, ""price"": 0.008, ""timestamp"": 1769584419, ""title"": ""Will LeBron James win the 2028 US Presidential Election?"", ""slug"": ""will-lebron-james-win-the-2028-us-presidential-election"", ""icon"": ""https://polymarket-upload.s3.us-east-2.amazonaws.com/Lebron_James.png"", ""eventSlug"": ""presidential-election-winner-2028"", ""outcome"": ""Yes"", ""outcomeIndex"": 0, ""name"": ""jfghjkghkg"", ""pseudonym"": ""Focused-Licorice"", ""bio"": """", ""profileImage"": """", ""profileImageOptimized"": """", ""transactionHash"": ""0xe4ee76aae7de68eded19851fa6a157e155b53a8179635e2c017fe1e42797ceab""}"
1769584233,2026-02-14T01:58:46.575443,0xde8076bdb3dba81483280ac49648a9ce7d3eaf43c0f2a8e0bfe57f88f6027c4b:1769584233,561251,39223330966352513418907732239455948906399882924787587183466504819170775983376,BUY,0.009,3648.13,32.833169999999996,0xde8076bdb3dba81483280ac49648a9ce7d3eaf43c0f2a8e0bfe57f88f6027c4b,"{""proxyWallet"": ""0x4d5647a5ec6d682e18b696d27ac1c6062d39deb2"", ""side"": ""BUY"", ""asset"": ""39223330966352513418907732239455948906399882924787587183466504819170775983376"", ""conditionId"": ""0x836b850fc838195374862551a36f1c8691d96ff01e58b0a071f0fc1a0e357fb1"", ""size"": 3648.13, ""price"": 0.009, ""timestamp"": 1769584233, ""title"": ""Will LeBron James win the 2028 US Presidential Election?"", ""slug"": ""will-lebron-james-win-the-2028-us-presidential-election"", ""icon"": ""https://polymarket-upload.s3.us-east-2.amazonaws.com/Lebron_James.png"", ""eventSlug"": ""presidential-election-winner-2028"", ""outcome"": ""Yes"", ""outcomeIndex"": 0, ""name"": ""Danrkmwieh"", ""pseudonym"": ""Concerned-Logistics"", ""bio"": """", ""profileImage"": """", ""profileImageOptimized"": """", ""transactionHash"": ""0xde8076bdb3dba81483280ac49648a9ce7d3eaf43c0f2a8e0bfe57f88f6027c4b""}"
1769583927,2026-02-14T01:58:46.575461,0x1a437dd59781697585fa18ba6c3c5604ee117fb5c00c3f4528d6a7a24cd7113a:1769583927,561251,39223330966352513418907732239455948906399882924787587183466504819170775983376,SELL,0.008,3784.0,30.272000000000002,0x1a437dd59781697585fa18ba6c3c5604ee117fb5c00c3f4528d6a7a24cd7113a,"{""proxyWallet"": ""0x0bab9a291c8e4c5c21095bf4401ecc7bffcbaf3d"", ""side"": ""SELL"", ""asset"": ""39223330966352513418907732239455948906399882924787587183466504819170775983376"", ""conditionId"": ""0x836b850fc838195374862551a36f1c8691d96ff01e58b0a071f0fc1a0e357fb1"", ""size"": 3784, ""price"": 0.008, ""timestamp"": 1769583927, ""title"": ""Will LeBron James win the 2028 US Presidential Election?"", ""slug"": ""will-lebron-james-win-the-2028-us-presidential-election"", ""icon"": ""https://polymarket-upload.s3.us-east-2.amazonaws.com/Lebron_James.png"", ""eventSlug"": ""presidential-election-winner-2028"", ""outcome"": ""Yes"", ""outcomeIndex"": 0, ""name"": ""SwapGhostCraze"", ""pseudonym"": ""Dishonest-Sepal"", ""bio"": """", ""profileImage"": """", ""profileImageOptimized"": """", ""transactionHash"": ""0x1a437dd59781697585fa18ba6c3c5604ee117fb5c00c3f4528d6a7a24cd7113a""}"
1769580763,2026-02-14T01:58:46.575482,0xc8fc2b57dcf70aa210021b1d0ef87583fd6ed3b5a8710ef3fe69c3388d0a8745:1769580763,561251,39223330966352513418907732239455948906399882924787587183466504819170775983376,BUY,0.009,1229.0,11.061,0xc8fc2b57dcf70aa210021b1d0ef87583fd6ed3b5a8710ef3fe69c3388d0a8745,"{""proxyWallet"": ""0xd9e679b5bcc765558d9634847eb601641525070a"", ""side"": ""BUY"", ""asset"": ""39223330966352513418907732239455948906399882924787587183466504819170775983376"", ""conditionId"": ""0x836b850fc838195374862551a36f1c8691d96ff01e58b0a071f0fc1a0e357fb1"", ""size"": 1229, ""price"": 0.009, ""timestamp"": 1769580763, ""title"": ""Will LeBron James win the 2028 US Presidential Election?"", ""slug"": ""will-lebron-james-win-the-2028-us-presidential-election"", ""icon"": ""https://polymarket-upload.s3.us-east-2.amazonaws.com/Lebron_James.png"", ""eventSlug"": ""presidential-election-winner-2028"", ""outcome"": ""Yes"", ""outcomeIndex"": 0, ""name"": ""wwwewertdfgdf"", ""pseudonym"": ""Made-Up-Road"", ""bio"": """", ""profileImage"": """", ""profileImageOptimized"": """", ""transactionHash"": ""0xc8fc2b57dcf70aa210021b1d0ef87583fd6ed3b5a8710ef3fe69c3388d0a8745""}"
1769579917,2026-02-14T01:58:46.575504,0x709f5b6beb74ea0c72fff636b2ba812c03427e8c6989f92fb7e16d594510ddb6:1769579917,561251,39223330966352513418907732239455948906399882924787587183466504819170775983376,BUY,0.009,1384.0,12.456,0x709f5b6beb74ea0c72fff636b2ba812c03427e8c6989f92fb7e16d594510ddb6,"{""proxyWallet"": ""0x1a6d3976e5d690b942dc22736daebe6e0c1b4b2a"", ""side"": ""BUY"", ""asset"": ""39223330966352513418907732239455948906399882924787587183466504819170775983376"", ""conditionId"": ""0x836b850fc838195374862551a36f1c8691d96ff01e58b0a071f0fc1a0e357fb1"", ""size"": 1384, ""price"": 0.009, ""timestamp"": 1769579917, ""title"": ""Will LeBron James win the 2028 US Presidential Election?"", ""slug"": ""will-lebron-james-win-the-2028-us-presidential-election"", ""icon"": ""https://polymarket-upload.s3.us-east-2.amazonaws.com/Lebron_James.png"", ""eventSlug"": ""presidential-election-winner-2028"", ""outcome"": ""Yes"", ""outcomeIndex"": 0, ""name"": ""yuytjghjghj"", ""pseudonym"": ""Monumental-Warrior"", ""bio"": """", ""profileImage"": """", ""profileImageOptimized"": """", ""transactionHash"": ""0x709f5b6beb74ea0c72fff636b2ba812c03427e8c6989f92fb7e16d594510ddb6""}"
1769578839,2026-02-14T01:58:46.575528,0xa67f3b96e7fbeed7367b305c67204ccfbcb4712fedf91ad51b046314278885b3:1769578839,561251,39223330966352513418907732239455948906399882924787587183466504819170775983376,BUY,0.009,3756.0,33.803999999999995,0xa67f3b96e7fbeed7367b305c67204ccfbcb4712fedf91ad51b046314278885b3,"{""proxyWallet"": ""0x67a4c61daf30e3f233bb243f066d287e9bf09a81"", ""side"": ""BUY"", ""asset"": ""39223330966352513418907732239455948906399882924787587183466504819170775983376"", ""conditionId"": ""0x836b850fc838195374862551a36f1c8691d96ff01e58b0a071f0fc1a0e357fb1"", ""size"": 3756, ""price"": 0.009, ""timestamp"": 1769578839, ""title"": ""Will LeBron James win the 2028 US Presidential Election?"", ""slug"": ""will-lebron-james-win-the-2028-us-presidential-election"", ""icon"": ""https://polymarket-upload.s3.us-east-2.amazonaws.com/Lebron_James.png"", ""eventSlug"": ""presidential-election-winner-2028"", ""outcome"": ""Yes"", ""outcomeIndex"": 0, ""name"": ""BlockSpecter"", ""pseudonym"": ""Vigilant-Innovation"", ""bio"": """", ""profileImage"": """", ""profileImageOptimized"": """", ""transactionHash"": ""0xa67f3b96e7fbeed7367b305c67204ccfbcb4712fedf91ad51b046314278885b3""}"
1769578783,2026-02-14T01:58:46.575545,0xe28b13ce2e86e8314986950d1bae5954322f91b0088afe0955e7a3e48a90b9c4:1769578783,561251,39223330966352513418907732239455948906399882924787587183466504819170775983376,SELL,0.008,3694.0,29.552,0xe28b13ce2e86e8314986950d1bae5954322f91b0088afe0955e7a3e48a90b9c4,"{""proxyWallet"": ""0xf80cc39c3b992ed64572fdced339e02f2c23e710"", ""side"": ""SELL"", ""asset"": ""39223330966352513418907732239455948906399882924787587183466504819170775983376"", ""conditionId"": ""0x836b850fc838195374862551a36f1c8691d96ff01e58b0a071f0fc1a0e357fb1"", ""size"": 3694, ""price"": 0.008, ""timestamp"": 1769578783, ""title"": ""Will LeBron James win the 2028 US Presidential Election?"", ""slug"": ""will-lebron-james-win-the-2028-us-presidential-election"", ""icon"": ""https://polymarket-upload.s3.us-east-2.amazonaws.com/Lebron_James.png"", ""eventSlug"": ""presidential-election-winner-2028"", ""outcome"": ""Yes"", ""outcomeIndex"": 0, ""name"": ""kazrokz"", ""pseudonym"": ""Terrific-Gunpowder"", ""bio"": """", ""profileImage"": """", ""profileImageOptimized"": """", ""transactionHash"": ""0xe28b13ce2e86e8314986950d1bae5954322f91b0088afe0955e7a3e48a90b9c4""}"
1769578275,2026-02-14T01:58:46.575568,0x3f9c4e700c9caa6cdbc41a23cd1a6778edfaf5c732de696179d4be8e85ae840d:1769578275,561251,39223330966352513418907732239455948906399882924787587183466504819170775983376,BUY,0.009,1210.0,10.889999999999999,0x3f9c4e700c9caa6cdbc41a23cd1a6778edfaf5c732de696179d4be8e85ae840d,"{""proxyWallet"": ""0xa6581a41c3c1ab3c8103a2d25178024904296643"", ""side"": ""BUY"", ""asset"": ""39223330966352513418907732239455948906399882924787587183466504819170775983376"", ""conditionId"": ""0x836b850fc838195374862551a36f1c8691d96ff01e58b0a071f0fc1a0e357fb1"", ""size"": 1210, ""price"": 0.009, ""timestamp"": 1769578275, ""title"": ""Will LeBron James win the 2028 US Presidential Election?"", ""slug"": ""will-lebron-james-win-the-2028-us-presidential-election"", ""icon"": ""https://polymarket-upload.s3.us-east-2.amazonaws.com/Lebron_James.png"", ""eventSlug"": ""presidential-election-winner-2028"", ""outcome"": ""Yes"", ""outcomeIndex"": 0, ""name"": ""gyjhghknmlll"", ""pseudonym"": ""Ragged-Empowerment"", ""bio"": """", ""profileImage"": """", ""profileImageOptimized"": """", ""transactionHash"": ""0x3f9c4e700c9caa6cdbc41a23cd1a6778edfaf5c732de696179d4be8e85ae840d""}"
1769577851,2026-02-14T01:58:46.575585,0xdec7e60a751d235047692eb9483dd84409c6943864670cff5f6c8b61bdbf6c3c:1769577851,561251,39223330966352513418907732239455948906399882924787587183466504819170775983376,BUY,0.009,3533.0,31.796999999999997,0xdec7e60a751d235047692eb9483dd84409c6943864670cff5f6c8b61bdbf6c3c,"{""proxyWallet"": ""0x120032b5e84ef09d2880125f9d1f968437c3cb3a"", ""side"": ""BUY"", ""asset"": ""39223330966352513418907732239455948906399882924787587183466504819170775983376"", ""conditionId"": ""0x836b850fc838195374862551a36f1c8691d96ff01e58b0a071f0fc1a0e357fb1"", ""size"": 3533, ""price"": 0.009, ""timestamp"": 1769577851, ""title"": ""Will LeBron James win the 2028 US Presidential Election?"", ""slug"": ""will-lebron-james-win-the-2028-us-presidential-election"", ""icon"": ""https://polymarket-upload.s3.us-east-2.amazonaws.com/Lebron_James.png"", ""eventSlug"": ""presidential-election-winner-2028"", ""outcome"": ""Yes"", ""outcomeIndex"": 0, ""name"": ""520033"", ""pseudonym"": ""Descriptive-Fanlight"", ""bio"": """", ""profileImage"": """", ""profileImageOptimized"": """", ""transactionHash"": ""0xdec7e60a751d235047692eb9483dd84409c6943864670cff5f6c8b61bdbf6c3c""}"
1769571405,2026-02-14T01:58:46.575605,0xaab5945607db50ae6faeb870fa1933c21410b9c5308e95518a5e4f3adae16963:1769571405,561251,39223330966352513418907732239455948906399882924787587183466504819170775983376,SELL,0.008,3693.0,29.544,0xaab5945607db50ae6faeb870fa1933c21410b9c5308e95518a5e4f3adae16963,"{""proxyWallet"": ""0xe4ca5d48b05ba7a5410eff5264658859835a8c9b"", ""side"": ""SELL"", ""asset"": ""39223330966352513418907732239455948906399882924787587183466504819170775983376"", ""conditionId"": ""0x836b850fc838195374862551a36f1c8691d96ff01e58b0a071f0fc1a0e357fb1"", ""size"": 3693, ""price"": 0.008, ""timestamp"": 1769571405, ""title"": ""Will LeBron James win the 2028 US Presidential Election?"", ""slug"": ""will-lebron-james-win-the-2028-us-presidential-election"", ""icon"": ""https://polymarket-upload.s3.us-east-2.amazonaws.com/Lebron_James.png"", ""eventSlug"": ""presidential-election-winner-2028"", ""outcome"": ""Yes"", ""outcomeIndex"": 0, ""name"": ""TokenEchoPulse"", ""pseudonym"": ""Burly-Commotion"", ""bio"": """", ""profileImage"": """", ""profileImageOptimized"": """", ""transactionHash"": ""0xaab5945607db50ae6faeb870fa1933c21410b9c5308e95518a5e4f3adae16963""}"
1769570301,2026-02-14T01:58:46.575623,0xd5d8e06351f6027418a8792aaaafc00d7946841901b3c294c6e09244ea10c5c6:1769570301,561251,39223330966352513418907732239455948906399882924787587183466504819170775983376,SELL,0.008,1441.11,11.52888,0xd5d8e06351f6027418a8792aaaafc00d7946841901b3c294c6e09244ea10c5c6,"{""proxyWallet"": ""0x47e6e6deaddd2a760fad701bdeb0dc5b938b09d7"", ""side"": ""SELL"", ""asset"": ""39223330966352513418907732239455948906399882924787587183466504819170775983376"", ""conditionId"": ""0x836b850fc838195374862551a36f1c8691d96ff01e58b0a071f0fc1a0e357fb1"", ""size"": 1441.11, ""price"": 0.008, ""timestamp"": 1769570301, ""title"": ""Will LeBron James win the 2028 US Presidential Election?"", ""slug"": ""will-lebron-james-win-the-2028-us-presidential-election"", ""icon"": ""https://polymarket-upload.s3.us-east-2.amazonaws.com/Lebron_James.png"", ""eventSlug"": ""presidential-election-winner-2028"", ""outcome"": ""Yes"", ""outcomeIndex"": 0, ""name"": ""Lydia632F"", ""pseudonym"": ""Serious-Orangutan"", ""bio"": """", ""profileImage"": """", ""profileImageOptimized"": """", ""transactionHash"": ""0xd5d8e06351f6027418a8792aaaafc00d7946841901b3c294c6e09244ea10c5c6""}"
1769570297,2026-02-14T01:58:46.575643,0xd7d4091bf135616e49eb964231bb1da5de9d401bb966f819a6c4f511042bf8d4:1769570297,561251,39223330966352513418907732239455948906399882924787587183466504819170775983376,SELL,0.008,1430.0,11.44,0xd7d4091bf135616e49eb964231bb1da5de9d401bb966f819a6c4f511042bf8d4,"{""proxyWallet"": ""0x0d6cb7659e3404d8145ea5531cb4cb6fc7209ef8"", ""side"": ""SELL"", ""asset"": ""39223330966352513418907732239455948906399882924787587183466504819170775983376"", ""conditionId"": ""0x836b850fc838195374862551a36f1c8691d96ff01e58b0a071f0fc1a0e357fb1"", ""size"": 1430, ""price"": 0.008, ""timestamp"": 1769570297, ""title"": ""Will LeBron James win the 2028 US Presidential Election?"", ""slug"": ""will-lebron-james-win-the-2028-us-presidential-election"", ""icon"": ""https://polymarket-upload.s3.us-east-2.amazonaws.com/Lebron_James.png"", ""eventSlug"": ""presidential-election-winner-2028"", ""outcome"": ""Yes"", ""outcomeIndex"": 0, ""name"": ""Eli729"", ""pseudonym"": ""Pushy-Harald"", ""bio"": """", ""profileImage"": """", ""profileImageOptimized"": """", ""transactionHash"": ""0xd7d4091bf135616e49eb964231bb1da5de9d401bb966f819a6c4f511042bf8d4""}"
1769570261,2026-02-14T01:58:46.575660,0x5c7c59868205ac02ff07cc3f58c209f5ff881bf66417c0ac8fb2d555ced249eb:1769570261,561251,39223330966352513418907732239455948906399882924787587183466504819170775983376,BUY,0.00900000000069391,1441.111111,12.97,0x5c7c59868205ac02ff07cc3f58c209f5ff881bf66417c0ac8fb2d555ced249eb,"{""proxyWallet"": ""0x47e6e6deaddd2a760fad701bdeb0dc5b938b09d7"", ""side"": ""BUY"", ""asset"": ""39223330966352513418907732239455948906399882924787587183466504819170775983376"", ""conditionId"": ""0x836b850fc838195374862551a36f1c8691d96ff01e58b0a071f0fc1a0e357fb1"", ""size"": 1441.111111, ""price"": 0.00900000000069391, ""timestamp"": 1769570261, ""title"": ""Will LeBron James win the 2028 US Presidential Election?"", ""slug"": ""will-lebron-james-win-the-2028-us-presidential-election"", ""icon"": ""https://polymarket-upload.s3.us-east-2.amazonaws.com/Lebron_James.png"", ""eventSlug"": ""presidential-election-winner-2028"", ""outcome"": ""Yes"", ""outcomeIndex"": 0, ""name"": ""Lydia632F"", ""pseudonym"": ""Serious-Orangutan"", ""bio"": """", ""profileImage"": """", ""profileImageOptimized"": """", ""transactionHash"": ""0x5c7c59868205ac02ff07cc3f58c209f5ff881bf66417c0ac8fb2d555ced249eb""}"
1769570255,2026-02-14T01:58:46.575679,0x5cc47d8157d84b24a24ee6a7d70ce005e0ca15b1b1138a6e841f68e34b05d334:1769570255,561251,39223330966352513418907732239455948906399882924787587183466504819170775983376,BUY,0.009,1430.0,12.87,0x5cc47d8157d84b24a24ee6a7d70ce005e0ca15b1b1138a6e841f68e34b05d334,"{""proxyWallet"": ""0x0d6cb7659e3404d8145ea5531cb4cb6fc7209ef8"", ""side"": ""BUY"", ""asset"": ""39223330966352513418907732239455948906399882924787587183466504819170775983376"", ""conditionId"": ""0x836b850fc838195374862551a36f1c8691d96ff01e58b0a071f0fc1a0e357fb1"", ""size"": 1430, ""price"": 0.009, ""timestamp"": 1769570255, ""title"": ""Will LeBron James win the 2028 US Presidential Election?"", ""slug"": ""will-lebron-james-win-the-2028-us-presidential-election"", ""icon"": ""https://polymarket-upload.s3.us-east-2.amazonaws.com/Lebron_James.png"", ""eventSlug"": ""presidential-election-winner-2028"", ""outcome"": ""Yes"", ""outcomeIndex"": 0, ""name"": ""Eli729"", ""pseudonym"": ""Pushy-Harald"", ""bio"": """", ""profileImage"": """", ""profileImageOptimized"": """", ""transactionHash"": ""0x5cc47d8157d84b24a24ee6a7d70ce005e0ca15b1b1138a6e841f68e34b05d334""}"
1769569059,2026-02-14T01:58:46.575698,0xe8fcef822bd9a2e736a2539988970eeaa42807371355bb4eaada748acb473a5c:1769569059,561251,39223330966352513418907732239455948906399882924787587183466504819170775983376,SELL,0.008,1422.22,11.37776,0xe8fcef822bd9a2e736a2539988970eeaa42807371355bb4eaada748acb473a5c,"{""proxyWallet"": ""0x13bd41982c4db4a5c124c8d264af500273e51f5b"", ""side"": ""SELL"", ""asset"": ""39223330966352513418907732239455948906399882924787587183466504819170775983376"", ""conditionId"": ""0x836b850fc838195374862551a36f1c8691d96ff01e58b0a071f0fc1a0e357fb1"", ""size"": 1422.22, ""price"": 0.008, ""timestamp"": 1769569059, ""title"": ""Will LeBron James win the 2028 US Presidential Election?"", ""slug"": ""will-lebron-james-win-the-2028-us-presidential-election"", ""icon"": ""https://polymarket-upload.s3.us-east-2.amazonaws.com/Lebron_James.png"", ""eventSlug"": ""presidential-election-winner-2028"", ""outcome"": ""Yes"", ""outcomeIndex"": 0, ""name"": ""Wyatt623"", ""pseudonym"": ""Dim-Lobster"", ""bio"": """", ""profileImage"": """", ""profileImageOptimized"": """", ""transactionHash"": ""0xe8fcef822bd9a2e736a2539988970eeaa42807371355bb4eaada748acb473a5c""}"
1769569053,2026-02-14T01:58:46.575716,0xdfd20be1576c86578bd5c354d5bf5887fe07640669560e7daae10c7e082d7790:1769569053,561251,39223330966352513418907732239455948906399882924787587183466504819170775983376,SELL,0.008,1642.22,13.13776,0xdfd20be1576c86578bd5c354d5bf5887fe07640669560e7daae10c7e082d7790,"{""proxyWallet"": ""0x4fe4509bf8717cb80aa296fa46bcc6de84f30555"", ""side"": ""SELL"", ""asset"": ""39223330966352513418907732239455948906399882924787587183466504819170775983376"", ""conditionId"": ""0x836b850fc838195374862551a36f1c8691d96ff01e58b0a071f0fc1a0e357fb1"", ""size"": 1642.22, ""price"": 0.008, ""timestamp"": 1769569053, ""title"": ""Will LeBron James win the 2028 US Presidential Election?"", ""slug"": ""will-lebron-james-win-the-2028-us-presidential-election"", ""icon"": ""https://polymarket-upload.s3.us-east-2.amazonaws.com/Lebron_James.png"", ""eventSlug"": ""presidential-election-winner-2028"", ""outcome"": ""Yes"", ""outcomeIndex"": 0, ""name"": ""Leo754"", ""pseudonym"": ""Bare-Thief"", ""bio"": """", ""profileImage"": """", ""profileImageOptimized"": """", ""transactionHash"": ""0xdfd20be1576c86578bd5c354d5bf5887fe07640669560e7daae10c7e082d7790""}"
1769569017,2026-02-14T01:58:46.575733,0x4535a1854fa9f1e12bc3e722e30f652006c61c3da62c9771ffeef9c462dad781:1769569017,561251,39223330966352513418907732239455948906399882924787587183466504819170775983376,BUY,0.009000000001217862,1642.222222,14.780000000000001,0x4535a1854fa9f1e12bc3e722e30f652006c61c3da62c9771ffeef9c462dad781,"{""proxyWallet"": ""0x4fe4509bf8717cb80aa296fa46bcc6de84f30555"", ""side"": ""BUY"", ""asset"": ""39223330966352513418907732239455948906399882924787587183466504819170775983376"", ""conditionId"": ""0x836b850fc838195374862551a36f1c8691d96ff01e58b0a071f0fc1a0e357fb1"", ""size"": 1642.222222, ""price"": 0.009000000001217862, ""timestamp"": 1769569017, ""title"": ""Will LeBron James win the 2028 US Presidential Election?"", ""slug"": ""will-lebron-james-win-the-2028-us-presidential-election"", ""icon"": ""https://polymarket-upload.s3.us-east-2.amazonaws.com/Lebron_James.png"", ""eventSlug"": ""presidential-election-winner-2028"", ""outcome"": ""Yes"", ""outcomeIndex"": 0, ""name"": ""Leo754"", ""pseudonym"": ""Bare-Thief"", ""bio"": """", ""profileImage"": """", ""profileImageOptimized"": """", ""transactionHash"": ""0x4535a1854fa9f1e12bc3e722e30f652006c61c3da62c9771ffeef9c462dad781""}"
1769569015,2026-02-14T01:58:46.575753,0x040c0dca2dee1e108c431a42613772f7fc51d685efb02764922ee175f3ee20e4:1769569015,561251,39223330966352513418907732239455948906399882924787587183466504819170775983376,BUY,0.00900000000140625,1422.222222,12.8,0x040c0dca2dee1e108c431a42613772f7fc51d685efb02764922ee175f3ee20e4,"{""proxyWallet"": ""0x13bd41982c4db4a5c124c8d264af500273e51f5b"", ""side"": ""BUY"", ""asset"": ""39223330966352513418907732239455948906399882924787587183466504819170775983376"", ""conditionId"": ""0x836b850fc838195374862551a36f1c8691d96ff01e58b0a071f0fc1a0e357fb1"", ""size"": 1422.222222, ""price"": 0.00900000000140625, ""timestamp"": 1769569015, ""title"": ""Will LeBron James win the 2028 US Presidential Election?"", ""slug"": ""will-lebron-james-win-the-2028-us-presidential-election"", ""icon"": ""https://polymarket-upload.s3.us-east-2.amazonaws.com/Lebron_James.png"", ""eventSlug"": ""presidential-election-winner-2028"", ""outcome"": ""Yes"", ""outcomeIndex"": 0, ""name"": ""Wyatt623"", ""pseudonym"": ""Dim-Lobster"", ""bio"": """", ""profileImage"": """", ""profileImageOptimized"": """", ""transactionHash"": ""0x040c0dca2dee1e108c431a42613772f7fc51d685efb02764922ee175f3ee20e4""}"
1769567259,2026-02-14T01:58:46.575777,0xf91dd38a5422736e4755d6275d076055a9d6a4868408ff72888a8e118e1efa6d:1769567259,561251,39223330966352513418907732239455948906399882924787587183466504819170775983376,BUY,0.009,3561.0,32.049,0xf91dd38a5422736e4755d6275d076055a9d6a4868408ff72888a8e118e1efa6d,"{""proxyWallet"": ""0xaf86714b14372210d0d13d2f10f3de54c74fa733"", ""side"": ""BUY"", ""asset"": ""39223330966352513418907732239455948906399882924787587183466504819170775983376"", ""conditionId"": ""0x836b850fc838195374862551a36f1c8691d96ff01e58b0a071f0fc1a0e357fb1"", ""size"": 3561, ""price"": 0.009, ""timestamp"": 1769567259, ""title"": ""Will LeBron James win the 2028 US Presidential Election?"", ""slug"": ""will-lebron-james-win-the-2028-us-presidential-election"", ""icon"": ""https://polymarket-upload.s3.us-east-2.amazonaws.com/Lebron_James.png"", ""eventSlug"": ""presidential-election-winner-2028"", ""outcome"": ""Yes"", ""outcomeIndex"": 0, ""name"": ""CryptoCraftr"", ""pseudonym"": ""Small-Alloy"", ""bio"": """", ""profileImage"": """", ""profileImageOptimized"": """", ""transactionHash"": ""0xf91dd38a5422736e4755d6275d076055a9d6a4868408ff72888a8e118e1efa6d""}"
1769566709,2026-02-14T01:58:46.575797,0x58f2d6af32adb03ef90f5d11aad981049d36fcd6c9e514284945e5ca11f3cec2:1769566709,561251,39223330966352513418907732239455948906399882924787587183466504819170775983376,BUY,0.009,7167.0,64.503,0x58f2d6af32adb03ef90f5d11aad981049d36fcd6c9e514284945e5ca11f3cec2,"{""proxyWallet"": ""0x153353e550ccbbfd2da13785532530722f127945"", ""side"": ""BUY"", ""asset"": ""39223330966352513418907732239455948906399882924787587183466504819170775983376"", ""conditionId"": ""0x836b850fc838195374862551a36f1c8691d96ff01e58b0a071f0fc1a0e357fb1"", ""size"": 7167, ""price"": 0.009, ""timestamp"": 1769566709, ""title"": ""Will LeBron James win the 2028 US Presidential Election?"", ""slug"": ""will-lebron-james-win-the-2028-us-presidential-election"", ""icon"": ""https://polymarket-upload.s3.us-east-2.amazonaws.com/Lebron_James.png"", ""eventSlug"": ""presidential-election-winner-2028"", ""outcome"": ""Yes"", ""outcomeIndex"": 0, ""name"": ""LihbjuLi"", ""pseudonym"": ""Crushing-Proportion"", ""bio"": """", ""profileImage"": """", ""profileImageOptimized"": """", ""transactionHash"": ""0x58f2d6af32adb03ef90f5d11aad981049d36fcd6c9e514284945e5ca11f3cec2""}"
1769563647,2026-02-14T01:58:46.575821,0xe872fd85fd2338f2e5c54451953e096bc4c2e511acf02558964eccb3f8cbc3f4:1769563647,561251,39223330966352513418907732239455948906399882924787587183466504819170775983376,SELL,0.008,1271.0,10.168000000000001,0xe872fd85fd2338f2e5c54451953e096bc4c2e511acf02558964eccb3f8cbc3f4,"{""proxyWallet"": ""0xa253e68e89fd69d7b588ec61bcb55fa43996217a"", ""side"": ""SELL"", ""asset"": ""39223330966352513418907732239455948906399882924787587183466504819170775983376"", ""conditionId"": ""0x836b850fc838195374862551a36f1c8691d96ff01e58b0a071f0fc1a0e357fb1"", ""size"": 1271, ""price"": 0.008, ""timestamp"": 1769563647, ""title"": ""Will LeBron James win the 2028 US Presidential Election?"", ""slug"": ""will-lebron-james-win-the-2028-us-presidential-election"", ""icon"": ""https://polymarket-upload.s3.us-east-2.amazonaws.com/Lebron_James.png"", ""eventSlug"": ""presidential-election-winner-2028"", ""outcome"": ""Yes"", ""outcomeIndex"": 0, ""name"": ""asxedcfgvg"", ""pseudonym"": ""Selfish-Turf"", ""bio"": """", ""profileImage"": """", ""profileImageOptimized"": """", ""transactionHash"": ""0xe872fd85fd2338f2e5c54451953e096bc4c2e511acf02558964eccb3f8cbc3f4""}"
1769563297,2026-02-14T01:58:46.575841,0x72b00fd1d3c03f7c7520403919c57186cbd3aa26fcb8c3f14b07064835c285ef:1769563297,561251,39223330966352513418907732239455948906399882924787587183466504819170775983376,SELL,0.008,1480.0,11.84,0x72b00fd1d3c03f7c7520403919c57186cbd3aa26fcb8c3f14b07064835c285ef,"{""proxyWallet"": ""0x7b149c0d68d950f088f4344b3f7ddd4bc9c18792"", ""side"": ""SELL"", ""asset"": ""39223330966352513418907732239455948906399882924787587183466504819170775983376"", ""conditionId"": ""0x836b850fc838195374862551a36f1c8691d96ff01e58b0a071f0fc1a0e357fb1"", ""size"": 1480, ""price"": 0.008, ""timestamp"": 1769563297, ""title"": ""Will LeBron James win the 2028 US Presidential Election?"", ""slug"": ""will-lebron-james-win-the-2028-us-presidential-election"", ""icon"": ""https://polymarket-upload.s3.us-east-2.amazonaws.com/Lebron_James.png"", ""eventSlug"": ""presidential-election-winner-2028"", ""outcome"": ""Yes"", ""outcomeIndex"": 0, ""name"": ""dfdtgryyyhh"", ""pseudonym"": ""Homely-Dynamics"", ""bio"": """", ""profileImage"": """", ""profileImageOptimized"": """", ""transactionHash"": ""0x72b00fd1d3c03f7c7520403919c57186cbd3aa26fcb8c3f14b07064835c285ef""}"
1769563097,2026-02-14T01:58:46.575860,0x61e87aa19cd4ebaa7b5998037c587ce1f5afbfa3e7a9e5a579f97c33bf510337:1769563097,561251,39223330966352513418907732239455948906399882924787587183466504819170775983376,SELL,0.008,7551.0,60.408,0x61e87aa19cd4ebaa7b5998037c587ce1f5afbfa3e7a9e5a579f97c33bf510337,"{""proxyWallet"": ""0x4c41f1d0293cd777473e42f41df9c9241d9ba78b"", ""side"": ""SELL"", ""asset"": ""39223330966352513418907732239455948906399882924787587183466504819170775983376"", ""conditionId"": ""0x836b850fc838195374862551a36f1c8691d96ff01e58b0a071f0fc1a0e357fb1"", ""size"": 7551, ""price"": 0.008, ""timestamp"": 1769563097, ""title"": ""Will LeBron James win the 2028 US Presidential Election?"", ""slug"": ""will-lebron-james-win-the-2028-us-presidential-election"", ""icon"": ""https://polymarket-upload.s3.us-east-2.amazonaws.com/Lebron_James.png"", ""eventSlug"": ""presidential-election-winner-2028"", ""outcome"": ""Yes"", ""outcomeIndex"": 0, ""name"": ""iron86sorcer"", ""pseudonym"": ""Another-Enterprise"", ""bio"": """", ""profileImage"": """", ""profileImageOptimized"": """", ""transactionHash"": ""0x61e87aa19cd4ebaa7b5998037c587ce1f5afbfa3e7a9e5a579f97c33bf510337""}"
1769562957,2026-02-14T01:58:46.575878,0x1d5acc654c0000a8ab9fd3751439a8ae6e97a9a2a5752d4c8987e7a554f8f060:1769562957,561251,39223330966352513418907732239455948906399882924787587183466504819170775983376,SELL,0.008,2930.0,23.44,0x1d5acc654c0000a8ab9fd3751439a8ae6e97a9a2a5752d4c8987e7a554f8f060,"{""proxyWallet"": ""0xb4a07b96c890f5aa2bcf20186a52a849a35154eb"", ""side"": ""SELL"", ""asset"": ""39223330966352513418907732239455948906399882924787587183466504819170775983376"", ""conditionId"": ""0x836b850fc838195374862551a36f1c8691d96ff01e58b0a071f0fc1a0e357fb1"", ""size"": 2930, ""price"": 0.008, ""timestamp"": 1769562957, ""title"": ""Will LeBron James win the 2028 US Presidential Election?"", ""slug"": ""will-lebron-james-win-the-2028-us-presidential-election"", ""icon"": ""https://polymarket-upload.s3.us-east-2.amazonaws.com/Lebron_James.png"", ""eventSlug"": ""presidential-election-winner-2028"", ""outcome"": ""Yes"", ""outcomeIndex"": 0, ""name"": ""fgdfgf"", ""pseudonym"": ""Yellow-Mortise"", ""bio"": """", ""profileImage"": """", ""profileImageOptimized"": """", ""transactionHash"": ""0x1d5acc654c0000a8ab9fd3751439a8ae6e97a9a2a5752d4c8987e7a554f8f060""}"
1769550429,2026-02-14T01:58:46.575897,0xaca3403e6454364f7049529de60e57d74134ef325f03ed3946869c5e5288f9a1:1769550429,561251,39223330966352513418907732239455948906399882924787587183466504819170775983376,SELL,0.008,55.0,0.44,0xaca3403e6454364f7049529de60e57d74134ef325f03ed3946869c5e5288f9a1,"{""proxyWallet"": ""0xb167155707198ea368ae565ef1223f13a9df1bd1"", ""side"": ""SELL"", ""asset"": ""39223330966352513418907732239455948906399882924787587183466504819170775983376"", ""conditionId"": ""0x836b850fc838195374862551a36f1c8691d96ff01e58b0a071f0fc1a0e357fb1"", ""size"": 55, ""price"": 0.008, ""timestamp"": 1769550429, ""title"": ""Will LeBron James win the 2028 US Presidential Election?"", ""slug"": ""will-lebron-james-win-the-2028-us-presidential-election"", ""icon"": ""https://polymarket-upload.s3.us-east-2.amazonaws.com/Lebron_James.png"", ""eventSlug"": ""presidential-election-winner-2028"", ""outcome"": ""Yes"", ""outcomeIndex"": 0, ""name"": ""robertscraig"", ""pseudonym"": ""Black-And-White-Atelier"", ""bio"": """", ""profileImage"": """", ""profileImageOptimized"": """", ""transactionHash"": ""0xaca3403e6454364f7049529de60e57d74134ef325f03ed3946869c5e5288f9a1""}"
1769548915,2026-02-14T01:58:47.725762,0xc3b4f03db6dd8f027e6d8e6a6d42bdd3abbb1e66aaa05c362f91e5cb6b58ce7f:1769548915,561251,39223330966352513418907732239455948906399882924787587183466504819170775983376,SELL,0.008,24999.82,199.99856,0xc3b4f03db6dd8f027e6d8e6a6d42bdd3abbb1e66aaa05c362f91e5cb6b58ce7f,"{""proxyWallet"": ""0x5aedd8fb09c5f71c54281546815d4700d9f6e7bb"", ""side"": ""SELL"", ""asset"": ""39223330966352513418907732239455948906399882924787587183466504819170775983376"", ""conditionId"": ""0x836b850fc838195374862551a36f1c8691d96ff01e58b0a071f0fc1a0e357fb1"", ""size"": 24999.82, ""price"": 0.008, ""timestamp"": 1769548915, ""title"": ""Will LeBron James win the 2028 US Presidential Election?"", ""slug"": ""will-lebron-james-win-the-2028-us-presidential-election"", ""icon"": ""https://polymarket-upload.s3.us-east-2.amazonaws.com/Lebron_James.png"", ""eventSlug"": ""presidential-election-winner-2028"", ""outcome"": ""Yes"", ""outcomeIndex"": 0, ""name"": ""Akke22224"", ""pseudonym"": ""Paltry-Emitter"", ""bio"": ""CHANCE-DD7F0C732C28A3C3"", ""profileImage"": """", ""profileImageOptimized"": """", ""transactionHash"": ""0xc3b4f03db6dd8f027e6d8e6a6d42bdd3abbb1e66aaa05c362f91e5cb6b58ce7f""}"
1769539653,2026-02-14T01:58:47.725792,0xbd165fa85a2a5a1b20f08bbb526fcb447b8ac9dc0556a3d8b1e372890b8459ba:1769539653,561251,39223330966352513418907732239455948906399882924787587183466504819170775983376,SELL,0.008,139.0,1.112,0xbd165fa85a2a5a1b20f08bbb526fcb447b8ac9dc0556a3d8b1e372890b8459ba,"{""proxyWallet"": ""0xd621f59da12f5f83819f91071e9b5c0fb189c3de"", ""side"": ""SELL"", ""asset"": ""39223330966352513418907732239455948906399882924787587183466504819170775983376"", ""conditionId"": ""0x836b850fc838195374862551a36f1c8691d96ff01e58b0a071f0fc1a0e357fb1"", ""size"": 139, ""price"": 0.008, ""timestamp"": 1769539653, ""title"": ""Will LeBron James win the 2028 US Presidential Election?"", ""slug"": ""will-lebron-james-win-the-2028-us-presidential-election"", ""icon"": ""https://polymarket-upload.s3.us-east-2.amazonaws.com/Lebron_James.png"", ""eventSlug"": ""presidential-election-winner-2028"", ""outcome"": ""Yes"", ""outcomeIndex"": 0, ""name"": ""cindy39"", ""pseudonym"": ""Immaculate-Moonlight"", ""bio"": """", ""profileImage"": """", ""profileImageOptimized"": """", ""transactionHash"": ""0xbd165fa85a2a5a1b20f08bbb526fcb447b8ac9dc0556a3d8b1e372890b8459ba""}"
1769538465,2026-02-14T01:58:47.725804,0x3146f39ba8f44c89f6368522babf6f44cd8b6aa30816e3065c3ba78bd0823606:1769538465,561251,39223330966352513418907732239455948906399882924787587183466504819170775983376,SELL,0.008,106.0,0.848,0x3146f39ba8f44c89f6368522babf6f44cd8b6aa30816e3065c3ba78bd0823606,"{""proxyWallet"": ""0xebe36f5fcd1d62172d582e2e28ccccb989877218"", ""side"": ""SELL"", ""asset"": ""39223330966352513418907732239455948906399882924787587183466504819170775983376"", ""conditionId"": ""0x836b850fc838195374862551a36f1c8691d96ff01e58b0a071f0fc1a0e357fb1"", ""size"": 106, ""price"": 0.008, ""timestamp"": 1769538465, ""title"": ""Will LeBron James win the 2028 US Presidential Election?"", ""slug"": ""will-lebron-james-win-the-2028-us-presidential-election"", ""icon"": ""https://polymarket-upload.s3.us-east-2.amazonaws.com/Lebron_James.png"", ""eventSlug"": ""presidential-election-winner-2028"", ""outcome"": ""Yes"", ""outcomeIndex"": 0, ""name"": ""reginabanks"", ""pseudonym"": ""Whirlwind-Fang"", ""bio"": """", ""profileImage"": """", ""profileImageOptimized"": """", ""transactionHash"": ""0x3146f39ba8f44c89f6368522babf6f44cd8b6aa30816e3065c3ba78bd0823606""}"
1769516383,2026-02-14T01:58:47.725816,0x973373d0e629a5ade80a013f23592ead4b8a597586ec7296d5eb84a2d7bf8f50:1769516383,561251,39223330966352513418907732239455948906399882924787587183466504819170775983376,SELL,0.008,5999.98,47.99984,0x973373d0e629a5ade80a013f23592ead4b8a597586ec7296d5eb84a2d7bf8f50,"{""proxyWallet"": ""0x656583ba5ba740aa89597e1b5aa1cf6152932c02"", ""side"": ""SELL"", ""asset"": ""39223330966352513418907732239455948906399882924787587183466504819170775983376"", ""conditionId"": ""0x836b850fc838195374862551a36f1c8691d96ff01e58b0a071f0fc1a0e357fb1"", ""size"": 5999.98, ""price"": 0.008, ""timestamp"": 1769516383, ""title"": ""Will LeBron James win the 2028 US Presidential Election?"", ""slug"": ""will-lebron-james-win-the-2028-us-presidential-election"", ""icon"": ""https://polymarket-upload.s3.us-east-2.amazonaws.com/Lebron_James.png"", ""eventSlug"": ""presidential-election-winner-2028"", ""outcome"": ""Yes"", ""outcomeIndex"": 0, ""name"": ""Empe"", ""pseudonym"": ""Lonely-Leap"", ""bio"": """", ""profileImage"": """", ""profileImageOptimized"": """", ""transactionHash"": ""0x973373d0e629a5ade80a013f23592ead4b8a597586ec7296d5eb84a2d7bf8f50""}"
1769502409,2026-02-14T01:58:47.725830,0xb3f075533196745b114d3e135b0e59b4ada8b6c75f47ee4eabf40e1a5c87a116:1769502409,561251,39223330966352513418907732239455948906399882924787587183466504819170775983376,SELL,0.008,1422.22,11.37776,0xb3f075533196745b114d3e135b0e59b4ada8b6c75f47ee4eabf40e1a5c87a116,"{""proxyWallet"": ""0x72d2b0cbf3c2639e9fb66842e91ab4850c79941f"", ""side"": ""SELL"", ""asset"": ""39223330966352513418907732239455948906399882924787587183466504819170775983376"", ""conditionId"": ""0x836b850fc838195374862551a36f1c8691d96ff01e58b0a071f0fc1a0e357fb1"", ""size"": 1422.22, ""price"": 0.008, ""timestamp"": 1769502409, ""title"": ""Will LeBron James win the 2028 US Presidential Election?"", ""slug"": ""will-lebron-james-win-the-2028-us-presidential-election"", ""icon"": ""https://polymarket-upload.s3.us-east-2.amazonaws.com/Lebron_James.png"", ""eventSlug"": ""presidential-election-winner-2028"", ""outcome"": ""Yes"", ""outcomeIndex"": 0, ""name"": ""tywert45"", ""pseudonym"": ""Awkward-Instant"", ""bio"": """", ""profileImage"": """", ""profileImageOptimized"": """", ""transactionHash"": ""0xb3f075533196745b114d3e135b0e59b4ada8b6c75f47ee4eabf40e1a5c87a116""}"
1769500467,2026-02-14T01:58:47.725839,0x6c34d73f1fa75d9dac6be4aa7f15d5aa653fef1b1bf65fa8d5b876ac33772446:1769500467,561251,39223330966352513418907732239455948906399882924787587183466504819170775983376,BUY,0.009,1271.0,11.438999999999998,0x6c34d73f1fa75d9dac6be4aa7f15d5aa653fef1b1bf65fa8d5b876ac33772446,"{""proxyWallet"": ""0xa253e68e89fd69d7b588ec61bcb55fa43996217a"", ""side"": ""BUY"", ""asset"": ""39223330966352513418907732239455948906399882924787587183466504819170775983376"", ""conditionId"": ""0x836b850fc838195374862551a36f1c8691d96ff01e58b0a071f0fc1a0e357fb1"", ""size"": 1271, ""price"": 0.009, ""timestamp"": 1769500467, ""title"": ""Will LeBron James win the 2028 US Presidential Election?"", ""slug"": ""will-lebron-james-win-the-2028-us-presidential-election"", ""icon"": ""https://polymarket-upload.s3.us-east-2.amazonaws.com/Lebron_James.png"", ""eventSlug"": ""presidential-election-winner-2028"", ""outcome"": ""Yes"", ""outcomeIndex"": 0, ""name"": ""asxedcfgvg"", ""pseudonym"": ""Selfish-Turf"", ""bio"": """", ""profileImage"": """", ""profileImageOptimized"": """", ""transactionHash"": ""0x6c34d73f1fa75d9dac6be4aa7f15d5aa653fef1b1bf65fa8d5b876ac33772446""}"
1769500249,2026-02-14T01:58:47.725847,0xf39339edf1e6f853c0810dd8c09087ce88bea7b72e9c3968f658cd37a9381cc1:1769500249,561251,39223330966352513418907732239455948906399882924787587183466504819170775983376,BUY,0.009,3800.26,34.20234,0xf39339edf1e6f853c0810dd8c09087ce88bea7b72e9c3968f658cd37a9381cc1,"{""proxyWallet"": ""0xa3e1829cd5c0b926deb4705022c17ea7f409f6d9"", ""side"": ""BUY"", ""asset"": ""39223330966352513418907732239455948906399882924787587183466504819170775983376"", ""conditionId"": ""0x836b850fc838195374862551a36f1c8691d96ff01e58b0a071f0fc1a0e357fb1"", ""size"": 3800.26, ""price"": 0.009, ""timestamp"": 1769500249, ""title"": ""Will LeBron James win the 2028 US Presidential Election?"", ""slug"": ""will-lebron-james-win-the-2028-us-presidential-election"", ""icon"": ""https://polymarket-upload.s3.us-east-2.amazonaws.com/Lebron_James.png"", ""eventSlug"": ""presidential-election-winner-2028"", ""outcome"": ""Yes"", ""outcomeIndex"": 0, ""name"": ""Robeygwhxurt"", ""pseudonym"": ""Mature-Decryption"", ""bio"": """", ""profileImage"": """", ""profileImageOptimized"": """", ""transactionHash"": ""0xf39339edf1e6f853c0810dd8c09087ce88bea7b72e9c3968f658cd37a9381cc1""}"
1769499547,2026-02-14T01:58:47.725855,0x9f014056403897d2e3ae616fa2f4cccd9cd7d4d5e62b44afa337444e914cc5a7:1769499547,561251,39223330966352513418907732239455948906399882924787587183466504819170775983376,BUY,0.009,1480.0,13.319999999999999,0x9f014056403897d2e3ae616fa2f4cccd9cd7d4d5e62b44afa337444e914cc5a7,"{""proxyWallet"": ""0x7b149c0d68d950f088f4344b3f7ddd4bc9c18792"", ""side"": ""BUY"", ""asset"": ""39223330966352513418907732239455948906399882924787587183466504819170775983376"", ""conditionId"": ""0x836b850fc838195374862551a36f1c8691d96ff01e58b0a071f0fc1a0e357fb1"", ""size"": 1480, ""price"": 0.009, ""timestamp"": 1769499547, ""title"": ""Will LeBron James win the 2028 US Presidential Election?"", ""slug"": ""will-lebron-james-win-the-2028-us-presidential-election"", ""icon"": ""https://polymarket-upload.s3.us-east-2.amazonaws.com/Lebron_James.png"", ""eventSlug"": ""presidential-election-winner-2028"", ""outcome"": ""Yes"", ""outcomeIndex"": 0, ""name"": ""dfdtgryyyhh"", ""pseudonym"": ""Homely-Dynamics"", ""bio"": """", ""profileImage"": """", ""profileImageOptimized"": """", ""transactionHash"": ""0x9f014056403897d2e3ae616fa2f4cccd9cd7d4d5e62b44afa337444e914cc5a7""}"
1769498743,2026-02-14T01:58:47.725863,0x4f5867038cf9eda349a15b6cbd797d4b10c5f0b96de054a37e8f9e3eb7e5b608:1769498743,561251,39223330966352513418907732239455948906399882924787587183466504819170775983376,BUY,0.009,1319.0,11.870999999999999,0x4f5867038cf9eda349a15b6cbd797d4b10c5f0b96de054a37e8f9e3eb7e5b608,"{""proxyWallet"": ""0xab26113d0cecda9098967aef270b9758b69fdf60"", ""side"": ""BUY"", ""asset"": ""39223330966352513418907732239455948906399882924787587183466504819170775983376"", ""conditionId"": ""0x836b850fc838195374862551a36f1c8691d96ff01e58b0a071f0fc1a0e357fb1"", ""size"": 1319, ""price"": 0.009, ""timestamp"": 1769498743, ""title"": ""Will LeBron James win the 2028 US Presidential Election?"", ""slug"": ""will-lebron-james-win-the-2028-us-presidential-election"", ""icon"": ""https://polymarket-upload.s3.us-east-2.amazonaws.com/Lebron_James.png"", ""eventSlug"": ""presidential-election-winner-2028"", ""outcome"": ""Yes"", ""outcomeIndex"": 0, ""name"": ""ryrtyrtdghd"", ""pseudonym"": ""Irritating-Cope"", ""bio"": """", ""profileImage"": """", ""profileImageOptimized"": """", ""transactionHash"": ""0x4f5867038cf9eda349a15b6cbd797d4b10c5f0b96de054a37e8f9e3eb7e5b608""}"
1769498503,2026-02-14T01:58:47.725871,0x023ead9cdda4c547ef451af3843701ef486eb5b21e83d30de25c0301db7f824a:1769498503,561251,39223330966352513418907732239455948906399882924787587183466504819170775983376,BUY,0.009,1410.0,12.69,0x023ead9cdda4c547ef451af3843701ef486eb5b21e83d30de25c0301db7f824a,"{""proxyWallet"": ""0x723cd1060f208f3c786d6e7d866e4f571eba56ce"", ""side"": ""BUY"", ""asset"": ""39223330966352513418907732239455948906399882924787587183466504819170775983376"", ""conditionId"": ""0x836b850fc838195374862551a36f1c8691d96ff01e58b0a071f0fc1a0e357fb1"", ""size"": 1410, ""price"": 0.009, ""timestamp"": 1769498503, ""title"": ""Will LeBron James win the 2028 US Presidential Election?"", ""slug"": ""will-lebron-james-win-the-2028-us-presidential-election"", ""icon"": ""https://polymarket-upload.s3.us-east-2.amazonaws.com/Lebron_James.png"", ""eventSlug"": ""presidential-election-winner-2028"", ""outcome"": ""Yes"", ""outcomeIndex"": 0, ""name"": ""dhrturtj"", ""pseudonym"": ""Generous-Detail"", ""bio"": """", ""profileImage"": """", ""profileImageOptimized"": """", ""transactionHash"": ""0x023ead9cdda4c547ef451af3843701ef486eb5b21e83d30de25c0301db7f824a""}"
1769498277,2026-02-14T01:58:47.725878,0xfb1bfd03364ab580ac2c32a8f1ff7fd5020c07a8a14da2832c12ba56c08bd0ac:1769498277,561251,39223330966352513418907732239455948906399882924787587183466504819170775983376,SELL,0.008,88.0,0.704,0xfb1bfd03364ab580ac2c32a8f1ff7fd5020c07a8a14da2832c12ba56c08bd0ac,"{""proxyWallet"": ""0x2f85037672d8b6f158328cfa9d9119974cb3b86d"", ""side"": ""SELL"", ""asset"": ""39223330966352513418907732239455948906399882924787587183466504819170775983376"", ""conditionId"": ""0x836b850fc838195374862551a36f1c8691d96ff01e58b0a071f0fc1a0e357fb1"", ""size"": 88, ""price"": 0.008, ""timestamp"": 1769498277, ""title"": ""Will LeBron James win the 2028 US Presidential Election?"", ""slug"": ""will-lebron-james-win-the-2028-us-presidential-election"", ""icon"": ""https://polymarket-upload.s3.us-east-2.amazonaws.com/Lebron_James.png"", ""eventSlug"": ""presidential-election-winner-2028"", ""outcome"": ""Yes"", ""outcomeIndex"": 0, ""name"": ""kennethgriffin"", ""pseudonym"": ""Cute-Eviction"", ""bio"": """", ""profileImage"": """", ""profileImageOptimized"": """", ""transactionHash"": ""0xfb1bfd03364ab580ac2c32a8f1ff7fd5020c07a8a14da2832c12ba56c08bd0ac""}"
1769497935,2026-02-14T01:58:47.725886,0x81eab7e5d50485ea6c8f038a718a08894d40174239a2c3b437906d498c56bf6b:1769497935,561251,39223330966352513418907732239455948906399882924787587183466504819170775983376,BUY,0.009,1222.0,10.998,0x81eab7e5d50485ea6c8f038a718a08894d40174239a2c3b437906d498c56bf6b,"{""proxyWallet"": ""0x1707631d31ee1cbb82450bf162657a8eec77c110"", ""side"": ""BUY"", ""asset"": ""39223330966352513418907732239455948906399882924787587183466504819170775983376"", ""conditionId"": ""0x836b850fc838195374862551a36f1c8691d96ff01e58b0a071f0fc1a0e357fb1"", ""size"": 1222, ""price"": 0.009, ""timestamp"": 1769497935, ""title"": ""Will LeBron James win the 2028 US Presidential Election?"", ""slug"": ""will-lebron-james-win-the-2028-us-presidential-election"", ""icon"": ""https://polymarket-upload.s3.us-east-2.amazonaws.com/Lebron_James.png"", ""eventSlug"": ""presidential-election-winner-2028"", ""outcome"": ""Yes"", ""outcomeIndex"": 0, ""name"": ""jfghjkghkg"", ""pseudonym"": ""Focused-Licorice"", ""bio"": """", ""profileImage"": """", ""profileImageOptimized"": """", ""transactionHash"": ""0x81eab7e5d50485ea6c8f038a718a08894d40174239a2c3b437906d498c56bf6b""}"
1769496351,2026-02-14T01:58:47.725893,0x27abcf9ad4a5a8a3b692724df240f149921c79e3c2af8ee4a148143c00ed8f64:1769496351,561251,39223330966352513418907732239455948906399882924787587183466504819170775983376,BUY,0.009000000001825558,3286.666666,29.580000000000002,0x27abcf9ad4a5a8a3b692724df240f149921c79e3c2af8ee4a148143c00ed8f64,"{""proxyWallet"": ""0x6b63db5c9d813c054dc80d96adf653dd5371ae98"", ""side"": ""BUY"", ""asset"": ""39223330966352513418907732239455948906399882924787587183466504819170775983376"", ""conditionId"": ""0x836b850fc838195374862551a36f1c8691d96ff01e58b0a071f0fc1a0e357fb1"", ""size"": 3286.666666, ""price"": 0.009000000001825558, ""timestamp"": 1769496351, ""title"": ""Will LeBron James win the 2028 US Presidential Election?"", ""slug"": ""will-lebron-james-win-the-2028-us-presidential-election"", ""icon"": ""https://polymarket-upload.s3.us-east-2.amazonaws.com/Lebron_James.png"", ""eventSlug"": ""presidential-election-winner-2028"", ""outcome"": ""Yes"", ""outcomeIndex"": 0, ""name"": ""lindama"", ""pseudonym"": ""Lumpy-Drink"", ""bio"": """", ""profileImage"": """", ""profileImageOptimized"": """", ""transactionHash"": ""0x27abcf9ad4a5a8a3b692724df240f149921c79e3c2af8ee4a148143c00ed8f64""}"
1769495503,2026-02-14T01:58:47.725902,0xee2c33cfd4755caf92a3d28e798bfd7913e4b03b2b9f428562cea8d74c374717:1769495503,561251,39223330966352513418907732239455948906399882924787587183466504819170775983376,BUY,0.009,3784.0,34.056,0xee2c33cfd4755caf92a3d28e798bfd7913e4b03b2b9f428562cea8d74c374717,"{""proxyWallet"": ""0x0bab9a291c8e4c5c21095bf4401ecc7bffcbaf3d"", ""side"": ""BUY"", ""asset"": ""39223330966352513418907732239455948906399882924787587183466504819170775983376"", ""conditionId"": ""0x836b850fc838195374862551a36f1c8691d96ff01e58b0a071f0fc1a0e357fb1"", ""size"": 3784, ""price"": 0.009, ""timestamp"": 1769495503, ""title"": ""Will LeBron James win the 2028 US Presidential Election?"", ""slug"": ""will-lebron-james-win-the-2028-us-presidential-election"", ""icon"": ""https://polymarket-upload.s3.us-east-2.amazonaws.com/Lebron_James.png"", ""eventSlug"": ""presidential-election-winner-2028"", ""outcome"": ""Yes"", ""outcomeIndex"": 0, ""name"": ""SwapGhostCraze"", ""pseudonym"": ""Dishonest-Sepal"", ""bio"": """", ""profileImage"": """", ""profileImageOptimized"": """", ""transactionHash"": ""0xee2c33cfd4755caf92a3d28e798bfd7913e4b03b2b9f428562cea8d74c374717""}"
1769493171,2026-02-14T01:58:47.725909,0xf32d4229d68189d9da07b8aa7b1932dfdcc282fdac3153c2c777b94c98de9797:1769493171,561251,39223330966352513418907732239455948906399882924787587183466504819170775983376,BUY,0.009,2930.0,26.369999999999997,0xf32d4229d68189d9da07b8aa7b1932dfdcc282fdac3153c2c777b94c98de9797,"{""proxyWallet"": ""0xb4a07b96c890f5aa2bcf20186a52a849a35154eb"", ""side"": ""BUY"", ""asset"": ""39223330966352513418907732239455948906399882924787587183466504819170775983376"", ""conditionId"": ""0x836b850fc838195374862551a36f1c8691d96ff01e58b0a071f0fc1a0e357fb1"", ""size"": 2930, ""price"": 0.009, ""timestamp"": 1769493171, ""title"": ""Will LeBron James win the 2028 US Presidential Election?"", ""slug"": ""will-lebron-james-win-the-2028-us-presidential-election"", ""icon"": ""https://polymarket-upload.s3.us-east-2.amazonaws.com/Lebron_James.png"", ""eventSlug"": ""presidential-election-winner-2028"", ""outcome"": ""Yes"", ""outcomeIndex"": 0, ""name"": ""fgdfgf"", ""pseudonym"": ""Yellow-Mortise"", ""bio"": """", ""profileImage"": """", ""profileImageOptimized"": """", ""transactionHash"": ""0xf32d4229d68189d9da07b8aa7b1932dfdcc282fdac3153c2c777b94c98de9797""}"
1769492413,2026-02-14T01:58:47.725917,0x261056f412e13e577da11abead83b24573dc4eec296bd14ab5fefee6c8f21f59:1769492413,561251,39223330966352513418907732239455948906399882924787587183466504819170775983376,BUY,0.009,3694.0,33.245999999999995,0x261056f412e13e577da11abead83b24573dc4eec296bd14ab5fefee6c8f21f59,"{""proxyWallet"": ""0xf80cc39c3b992ed64572fdced339e02f2c23e710"", ""side"": ""BUY"", ""asset"": ""39223330966352513418907732239455948906399882924787587183466504819170775983376"", ""conditionId"": ""0x836b850fc838195374862551a36f1c8691d96ff01e58b0a071f0fc1a0e357fb1"", ""size"": 3694, ""price"": 0.009, ""timestamp"": 1769492413, ""title"": ""Will LeBron James win the 2028 US Presidential Election?"", ""slug"": ""will-lebron-james-win-the-2028-us-presidential-election"", ""icon"": ""https://polymarket-upload.s3.us-east-2.amazonaws.com/Lebron_James.png"", ""eventSlug"": ""presidential-election-winner-2028"", ""outcome"": ""Yes"", ""outcomeIndex"": 0, ""name"": ""kazrokz"", ""pseudonym"": ""Terrific-Gunpowder"", ""bio"": """", ""profileImage"": """", ""profileImageOptimized"": """", ""transactionHash"": ""0x261056f412e13e577da11abead83b24573dc4eec296bd14ab5fefee6c8f21f59""}"
1769491869,2026-02-14T01:58:47.725934,0xab23833f74148a5348b8f56473fc9ac840b206c48b18303220faf9a6ff2e21fe:1769491869,561251,39223330966352513418907732239455948906399882924787587183466504819170775983376,SELL,0.008,4737.65,37.901199999999996,0xab23833f74148a5348b8f56473fc9ac840b206c48b18303220faf9a6ff2e21fe,"{""proxyWallet"": ""0xc543538c358b3d9cf45770ba9806a4ba9f275637"", ""side"": ""SELL"", ""asset"": ""39223330966352513418907732239455948906399882924787587183466504819170775983376"", ""conditionId"": ""0x836b850fc838195374862551a36f1c8691d96ff01e58b0a071f0fc1a0e357fb1"", ""size"": 4737.65, ""price"": 0.008, ""timestamp"": 1769491869, ""title"": ""Will LeBron James win the 2028 US Presidential Election?"", ""slug"": ""will-lebron-james-win-the-2028-us-presidential-election"", ""icon"": ""https://polymarket-upload.s3.us-east-2.amazonaws.com/Lebron_James.png"", ""eventSlug"": ""presidential-election-winner-2028"", ""outcome"": ""Yes"", ""outcomeIndex"": 0, ""name"": ""EileenRyan"", ""pseudonym"": ""Internal-Mantel"", ""bio"": """", ""profileImage"": """", ""profileImageOptimized"": """", ""transactionHash"": ""0xab23833f74148a5348b8f56473fc9ac840b206c48b18303220faf9a6ff2e21fe""}"
1769488235,2026-02-14T01:58:47.725944,0xcb54f364290678e57d76a4f35d861f4969723d94391c2973124c7b780e0f5eed:1769488235,561251,39223330966352513418907732239455948906399882924787587183466504819170775983376,SELL,0.008,147.32,1.17856,0xcb54f364290678e57d76a4f35d861f4969723d94391c2973124c7b780e0f5eed,"{""proxyWallet"": ""0xdd8927817ceddedc2c03ea4869ec1262f2c979ef"", ""side"": ""SELL"", ""asset"": ""39223330966352513418907732239455948906399882924787587183466504819170775983376"", ""conditionId"": ""0x836b850fc838195374862551a36f1c8691d96ff01e58b0a071f0fc1a0e357fb1"", ""size"": 147.32, ""price"": 0.008, ""timestamp"": 1769488235, ""title"": ""Will LeBron James win the 2028 US Presidential Election?"", ""slug"": ""will-lebron-james-win-the-2028-us-presidential-election"", ""icon"": ""https://polymarket-upload.s3.us-east-2.amazonaws.com/Lebron_James.png"", ""eventSlug"": ""presidential-election-winner-2028"", ""outcome"": ""Yes"", ""outcomeIndex"": 0, ""name"": """", ""pseudonym"": """", ""bio"": """", ""profileImage"": """", ""profileImageOptimized"": """", ""transactionHash"": ""0xcb54f364290678e57d76a4f35d861f4969723d94391c2973124c7b780e0f5eed""}"
1769488205,2026-02-14T01:58:47.725951,0x316b233ae397e8d8720b8de8fa452df7d4a075487b481973cfadba42e1329806:1769488205,561251,39223330966352513418907732239455948906399882924787587183466504819170775983376,SELL,0.008,107.0,0.856,0x316b233ae397e8d8720b8de8fa452df7d4a075487b481973cfadba42e1329806,"{""proxyWallet"": ""0xb167155707198ea368ae565ef1223f13a9df1bd1"", ""side"": ""SELL"", ""asset"": ""39223330966352513418907732239455948906399882924787587183466504819170775983376"", ""conditionId"": ""0x836b850fc838195374862551a36f1c8691d96ff01e58b0a071f0fc1a0e357fb1"", ""size"": 107, ""price"": 0.008, ""timestamp"": 1769488205, ""title"": ""Will LeBron James win the 2028 US Presidential Election?"", ""slug"": ""will-lebron-james-win-the-2028-us-presidential-election"", ""icon"": ""https://polymarket-upload.s3.us-east-2.amazonaws.com/Lebron_James.png"", ""eventSlug"": ""presidential-election-winner-2028"", ""outcome"": ""Yes"", ""outcomeIndex"": 0, ""name"": ""robertscraig"", ""pseudonym"": ""Black-And-White-Atelier"", ""bio"": """", ""profileImage"": """", ""profileImageOptimized"": """", ""transactionHash"": ""0x316b233ae397e8d8720b8de8fa452df7d4a075487b481973cfadba42e1329806""}"
1769485933,2026-02-14T01:58:47.725959,0x0602bddc6ed8bd477fc11664b3d7ea54c7333f4dac10556d76fc59497318942c:1769485933,561251,39223330966352513418907732239455948906399882924787587183466504819170775983376,SELL,0.008,4042.0,32.336,0x0602bddc6ed8bd477fc11664b3d7ea54c7333f4dac10556d76fc59497318942c,"{""proxyWallet"": ""0x488ad8183f97d8ad1149716c44c209ae389b297b"", ""side"": ""SELL"", ""asset"": ""39223330966352513418907732239455948906399882924787587183466504819170775983376"", ""conditionId"": ""0x836b850fc838195374862551a36f1c8691d96ff01e58b0a071f0fc1a0e357fb1"", ""size"": 4042, ""price"": 0.008, ""timestamp"": 1769485933, ""title"": ""Will LeBron James win the 2028 US Presidential Election?"", ""slug"": ""will-lebron-james-win-the-2028-us-presidential-election"", ""icon"": ""https://polymarket-upload.s3.us-east-2.amazonaws.com/Lebron_James.png"", ""eventSlug"": ""presidential-election-winner-2028"", ""outcome"": ""Yes"", ""outcomeIndex"": 0, ""name"": ""LunarEchoesV"", ""pseudonym"": ""Nautical-Sesame"", ""bio"": """", ""profileImage"": """", ""profileImageOptimized"": """", ""transactionHash"": ""0x0602bddc6ed8bd477fc11664b3d7ea54c7333f4dac10556d76fc59497318942c""}"
1769485707,2026-02-14T01:58:47.725966,0x90d658954b5a00e39cddb70a2c7153f9020a6edb7dcceca7c50f4f4cde66ea33:1769485707,561251,39223330966352513418907732239455948906399882924787587183466504819170775983376,SELL,0.008,558.88,4.47104,0x90d658954b5a00e39cddb70a2c7153f9020a6edb7dcceca7c50f4f4cde66ea33,"{""proxyWallet"": ""0x80a3f7d87f0d0b2bc3e5a0acf9244606abc90c1d"", ""side"": ""SELL"", ""asset"": ""39223330966352513418907732239455948906399882924787587183466504819170775983376"", ""conditionId"": ""0x836b850fc838195374862551a36f1c8691d96ff01e58b0a071f0fc1a0e357fb1"", ""size"": 558.88, ""price"": 0.008, ""timestamp"": 1769485707, ""title"": ""Will LeBron James win the 2028 US Presidential Election?"", ""slug"": ""will-lebron-james-win-the-2028-us-presidential-election"", ""icon"": ""https://polymarket-upload.s3.us-east-2.amazonaws.com/Lebron_James.png"", ""eventSlug"": ""presidential-election-winner-2028"", ""outcome"": ""Yes"", ""outcomeIndex"": 0, ""name"": ""Caroline84"", ""pseudonym"": ""Wee-Gander"", ""bio"": """", ""profileImage"": """", ""profileImageOptimized"": """", ""transactionHash"": ""0x90d658954b5a00e39cddb70a2c7153f9020a6edb7dcceca7c50f4f4cde66ea33""}"
1769485649,2026-02-14T01:58:47.725974,0xd0b6d06e9d3164959e62e01c7c219334dd44fe9463515fd3806981fdff515b5c:1769485649,561251,39223330966352513418907732239455948906399882924787587183466504819170775983376,BUY,0.009000000014314115,558.888888,5.029999999999999,0xd0b6d06e9d3164959e62e01c7c219334dd44fe9463515fd3806981fdff515b5c,"{""proxyWallet"": ""0x80a3f7d87f0d0b2bc3e5a0acf9244606abc90c1d"", ""side"": ""BUY"", ""asset"": ""39223330966352513418907732239455948906399882924787587183466504819170775983376"", ""conditionId"": ""0x836b850fc838195374862551a36f1c8691d96ff01e58b0a071f0fc1a0e357fb1"", ""size"": 558.888888, ""price"": 0.009000000014314115, ""timestamp"": 1769485649, ""title"": ""Will LeBron James win the 2028 US Presidential Election?"", ""slug"": ""will-lebron-james-win-the-2028-us-presidential-election"", ""icon"": ""https://polymarket-upload.s3.us-east-2.amazonaws.com/Lebron_James.png"", ""eventSlug"": ""presidential-election-winner-2028"", ""outcome"": ""Yes"", ""outcomeIndex"": 0, ""name"": ""Caroline84"", ""pseudonym"": ""Wee-Gander"", ""bio"": """", ""profileImage"": """", ""profileImageOptimized"": """", ""transactionHash"": ""0xd0b6d06e9d3164959e62e01c7c219334dd44fe9463515fd3806981fdff515b5c""}"
1769485563,2026-02-14T01:58:47.725982,0x6458e7d5b58ea561c61c52149ceda17cb73f0bb8dc7fd79b7ed22ef5a7a6355d:1769485563,561251,39223330966352513418907732239455948906399882924787587183466504819170775983376,SELL,0.008,4040.0,32.32,0x6458e7d5b58ea561c61c52149ceda17cb73f0bb8dc7fd79b7ed22ef5a7a6355d,"{""proxyWallet"": ""0x00f9d40149a4b8026208d76a2b4d458c616f6a8f"", ""side"": ""SELL"", ""asset"": ""39223330966352513418907732239455948906399882924787587183466504819170775983376"", ""conditionId"": ""0x836b850fc838195374862551a36f1c8691d96ff01e58b0a071f0fc1a0e357fb1"", ""size"": 4040, ""price"": 0.008, ""timestamp"": 1769485563, ""title"": ""Will LeBron James win the 2028 US Presidential Election?"", ""slug"": ""will-lebron-james-win-the-2028-us-presidential-election"", ""icon"": ""https://polymarket-upload.s3.us-east-2.amazonaws.com/Lebron_James.png"", ""eventSlug"": ""presidential-election-winner-2028"", ""outcome"": ""Yes"", ""outcomeIndex"": 0, ""name"": ""carmeenb4"", ""pseudonym"": ""Bewitched-Smith"", ""bio"": """", ""profileImage"": """", ""profileImageOptimized"": """", ""transactionHash"": ""0x6458e7d5b58ea561c61c52149ceda17cb73f0bb8dc7fd79b7ed22ef5a7a6355d""}"
1769483755,2026-02-14T01:58:47.725991,0x807addea78ab5d1237df709017412987b9dc4183602ab9f3115ed0cd78a0a10b:1769483755,561251,39223330966352513418907732239455948906399882924787587183466504819170775983376,BUY,0.009,1329.6,11.966399999999998,0x807addea78ab5d1237df709017412987b9dc4183602ab9f3115ed0cd78a0a10b,"{""proxyWallet"": ""0x3048b2ea832458fd22b9e68d49c16dd74a56f793"", ""side"": ""BUY"", ""asset"": ""39223330966352513418907732239455948906399882924787587183466504819170775983376"", ""conditionId"": ""0x836b850fc838195374862551a36f1c8691d96ff01e58b0a071f0fc1a0e357fb1"", ""size"": 1329.6, ""price"": 0.009, ""timestamp"": 1769483755, ""title"": ""Will LeBron James win the 2028 US Presidential Election?"", ""slug"": ""will-lebron-james-win-the-2028-us-presidential-election"", ""icon"": ""https://polymarket-upload.s3.us-east-2.amazonaws.com/Lebron_James.png"", ""eventSlug"": ""presidential-election-winner-2028"", ""outcome"": ""Yes"", ""outcomeIndex"": 0, ""name"": ""Qormak"", ""pseudonym"": ""Critical-Athlete"", ""bio"": """", ""profileImage"": """", ""profileImageOptimized"": """", ""transactionHash"": ""0x807addea78ab5d1237df709017412987b9dc4183602ab9f3115ed0cd78a0a10b""}"
1769483303,2026-02-14T01:58:47.725998,0x9a3452ee398a322d90ab97a933f6814d83f541a6fa656102d1240823421f6453:1769483303,561251,39223330966352513418907732239455948906399882924787587183466504819170775983376,BUY,0.009,1611.36,14.502239999999999,0x9a3452ee398a322d90ab97a933f6814d83f541a6fa656102d1240823421f6453,"{""proxyWallet"": ""0x44d304e8543ca9f38bf53f368015293f985c853e"", ""side"": ""BUY"", ""asset"": ""39223330966352513418907732239455948906399882924787587183466504819170775983376"", ""conditionId"": ""0x836b850fc838195374862551a36f1c8691d96ff01e58b0a071f0fc1a0e357fb1"", ""size"": 1611.36, ""price"": 0.009, ""timestamp"": 1769483303, ""title"": ""Will LeBron James win the 2028 US Presidential Election?"", ""slug"": ""will-lebron-james-win-the-2028-us-presidential-election"", ""icon"": ""https://polymarket-upload.s3.us-east-2.amazonaws.com/Lebron_James.png"", ""eventSlug"": ""presidential-election-winner-2028"", ""outcome"": ""Yes"", ""outcomeIndex"": 0, ""name"": ""Xan4dor"", ""pseudonym"": ""Thick-Methane"", ""bio"": """", ""profileImage"": """", ""profileImageOptimized"": """", ""transactionHash"": ""0x9a3452ee398a322d90ab97a933f6814d83f541a6fa656102d1240823421f6453""}"
1769483277,2026-02-14T01:58:47.726005,0xbbe6c40fd9128df70b4da93af1f50741914973c3b3befd6be8f89682b47d495a:1769483277,561251,39223330966352513418907732239455948906399882924787587183466504819170775983376,BUY,0.009,1503.19,13.52871,0xbbe6c40fd9128df70b4da93af1f50741914973c3b3befd6be8f89682b47d495a,"{""proxyWallet"": ""0xd69ffd1c1f364f561c52f17e848973fca402ffcc"", ""side"": ""BUY"", ""asset"": ""39223330966352513418907732239455948906399882924787587183466504819170775983376"", ""conditionId"": ""0x836b850fc838195374862551a36f1c8691d96ff01e58b0a071f0fc1a0e357fb1"", ""size"": 1503.19, ""price"": 0.009, ""timestamp"": 1769483277, ""title"": ""Will LeBron James win the 2028 US Presidential Election?"", ""slug"": ""will-lebron-james-win-the-2028-us-presidential-election"", ""icon"": ""https://polymarket-upload.s3.us-east-2.amazonaws.com/Lebron_James.png"", ""eventSlug"": ""presidential-election-winner-2028"", ""outcome"": ""Yes"", ""outcomeIndex"": 0, ""name"": ""Flumiq"", ""pseudonym"": ""Required-Bat"", ""bio"": """", ""profileImage"": """", ""profileImageOptimized"": """", ""transactionHash"": ""0xbbe6c40fd9128df70b4da93af1f50741914973c3b3befd6be8f89682b47d495a""}"
1769482981,2026-02-14T01:58:47.726012,0x7df87f424342666079309ab1ee88c487386acaf3448caf59a5f1fa8d1039a526:1769482981,561251,39223330966352513418907732239455948906399882924787587183466504819170775983376,SELL,0.008,2569.0,20.552,0x7df87f424342666079309ab1ee88c487386acaf3448caf59a5f1fa8d1039a526,"{""proxyWallet"": ""0x1a6d3976e5d690b942dc22736daebe6e0c1b4b2a"", ""side"": ""SELL"", ""asset"": ""39223330966352513418907732239455948906399882924787587183466504819170775983376"", ""conditionId"": ""0x836b850fc838195374862551a36f1c8691d96ff01e58b0a071f0fc1a0e357fb1"", ""size"": 2569, ""price"": 0.008, ""timestamp"": 1769482981, ""title"": ""Will LeBron James win the 2028 US Presidential Election?"", ""slug"": ""will-lebron-james-win-the-2028-us-presidential-election"", ""icon"": ""https://polymarket-upload.s3.us-east-2.amazonaws.com/Lebron_James.png"", ""eventSlug"": ""presidential-election-winner-2028"", ""outcome"": ""Yes"", ""outcomeIndex"": 0, ""name"": ""yuytjghjghj"", ""pseudonym"": ""Monumental-Warrior"", ""bio"": """", ""profileImage"": """", ""profileImageOptimized"": """", ""transactionHash"": ""0x7df87f424342666079309ab1ee88c487386acaf3448caf59a5f1fa8d1039a526""}"
1769482637,2026-02-14T01:58:47.726021,0x5ed760db4c0292d105b6da247b85ad757eda36954ba0fe3574908aaccd42f159:1769482637,561251,39223330966352513418907732239455948906399882924787587183466504819170775983376,BUY,0.009,7551.0,67.95899999999999,0x5ed760db4c0292d105b6da247b85ad757eda36954ba0fe3574908aaccd42f159,"{""proxyWallet"": ""0x4c41f1d0293cd777473e42f41df9c9241d9ba78b"", ""side"": ""BUY"", ""asset"": ""39223330966352513418907732239455948906399882924787587183466504819170775983376"", ""conditionId"": ""0x836b850fc838195374862551a36f1c8691d96ff01e58b0a071f0fc1a0e357fb1"", ""size"": 7551, ""price"": 0.009, ""timestamp"": 1769482637, ""title"": ""Will LeBron James win the 2028 US Presidential Election?"", ""slug"": ""will-lebron-james-win-the-2028-us-presidential-election"", ""icon"": ""https://polymarket-upload.s3.us-east-2.amazonaws.com/Lebron_James.png"", ""eventSlug"": ""presidential-election-winner-2028"", ""outcome"": ""Yes"", ""outcomeIndex"": 0, ""name"": ""iron86sorcer"", ""pseudonym"": ""Another-Enterprise"", ""bio"": """", ""profileImage"": """", ""profileImageOptimized"": """", ""transactionHash"": ""0x5ed760db4c0292d105b6da247b85ad757eda36954ba0fe3574908aaccd42f159""}"
1769482277,2026-02-14T01:58:47.726028,0xb930391a6e9415208a24d458d348246626715cf3bea80423428cb1515acac6aa:1769482277,561251,39223330966352513418907732239455948906399882924787587183466504819170775983376,SELL,0.008,3520.0,28.16,0xb930391a6e9415208a24d458d348246626715cf3bea80423428cb1515acac6aa,"{""proxyWallet"": ""0xed9d3c82dd2396b6fda0993c5b33513449b87689"", ""side"": ""SELL"", ""asset"": ""39223330966352513418907732239455948906399882924787587183466504819170775983376"", ""conditionId"": ""0x836b850fc838195374862551a36f1c8691d96ff01e58b0a071f0fc1a0e357fb1"", ""size"": 3520, ""price"": 0.008, ""timestamp"": 1769482277, ""title"": ""Will LeBron James win the 2028 US Presidential Election?"", ""slug"": ""will-lebron-james-win-the-2028-us-presidential-election"", ""icon"": ""https://polymarket-upload.s3.us-east-2.amazonaws.com/Lebron_James.png"", ""eventSlug"": ""presidential-election-winner-2028"", ""outcome"": ""Yes"", ""outcomeIndex"": 0, ""name"": ""NodeNomadgee"", ""pseudonym"": ""Dramatic-Espadrille"", ""bio"": """", ""profileImage"": """", ""profileImageOptimized"": """", ""transactionHash"": ""0xb930391a6e9415208a24d458d348246626715cf3bea80423428cb1515acac6aa""}"
1769481129,2026-02-14T01:58:47.726036,0xd2a7548b156c2638685bda34e45bf75ce6fd64ba1a92c58f8e181c7303be1499:1769481129,561251,39223330966352513418907732239455948906399882924787587183466504819170775983376,SELL,0.008,60.0,0.48,0xd2a7548b156c2638685bda34e45bf75ce6fd64ba1a92c58f8e181c7303be1499,"{""proxyWallet"": ""0xd621f59da12f5f83819f91071e9b5c0fb189c3de"", ""side"": ""SELL"", ""asset"": ""39223330966352513418907732239455948906399882924787587183466504819170775983376"", ""conditionId"": ""0x836b850fc838195374862551a36f1c8691d96ff01e58b0a071f0fc1a0e357fb1"", ""size"": 60, ""price"": 0.008, ""timestamp"": 1769481129, ""title"": ""Will LeBron James win the 2028 US Presidential Election?"", ""slug"": ""will-lebron-james-win-the-2028-us-presidential-election"", ""icon"": ""https://polymarket-upload.s3.us-east-2.amazonaws.com/Lebron_James.png"", ""eventSlug"": ""presidential-election-winner-2028"", ""outcome"": ""Yes"", ""outcomeIndex"": 0, ""name"": ""cindy39"", ""pseudonym"": ""Immaculate-Moonlight"", ""bio"": """", ""profileImage"": """", ""profileImageOptimized"": """", ""transactionHash"": ""0xd2a7548b156c2638685bda34e45bf75ce6fd64ba1a92c58f8e181c7303be1499""}"
1769480875,2026-02-14T01:58:47.726043,0x884631764bc2b0ffaceed64df99a78d0816a03c9976ce8e4962e6260f9dacb58:1769480875,561251,39223330966352513418907732239455948906399882924787587183466504819170775983376,SELL,0.008,1374.0,10.992,0x884631764bc2b0ffaceed64df99a78d0816a03c9976ce8e4962e6260f9dacb58,"{""proxyWallet"": ""0x81e85bcd9bb583398eebb728e84c74b17e203f95"", ""side"": ""SELL"", ""asset"": ""39223330966352513418907732239455948906399882924787587183466504819170775983376"", ""conditionId"": ""0x836b850fc838195374862551a36f1c8691d96ff01e58b0a071f0fc1a0e357fb1"", ""size"": 1374, ""price"": 0.008, ""timestamp"": 1769480875, ""title"": ""Will LeBron James win the 2028 US Presidential Election?"", ""slug"": ""will-lebron-james-win-the-2028-us-presidential-election"", ""icon"": ""https://polymarket-upload.s3.us-east-2.amazonaws.com/Lebron_James.png"", ""eventSlug"": ""presidential-election-winner-2028"", ""outcome"": ""Yes"", ""outcomeIndex"": 0, ""name"": ""ghkghklhjldfhdfhdf"", ""pseudonym"": ""Late-Decline"", ""bio"": """", ""profileImage"": """", ""profileImageOptimized"": """", ""transactionHash"": ""0x884631764bc2b0ffaceed64df99a78d0816a03c9976ce8e4962e6260f9dacb58""}"
1769480803,2026-02-14T01:58:47.726050,0xec4536cd08d8230a107ac06a64b4769c9224b8762301deedf6d81ed1202eca7a:1769480803,561251,39223330966352513418907732239455948906399882924787587183466504819170775983376,BUY,0.009,3693.0,33.236999999999995,0xec4536cd08d8230a107ac06a64b4769c9224b8762301deedf6d81ed1202eca7a,"{""proxyWallet"": ""0xe4ca5d48b05ba7a5410eff5264658859835a8c9b"", ""side"": ""BUY"", ""asset"": ""39223330966352513418907732239455948906399882924787587183466504819170775983376"", ""conditionId"": ""0x836b850fc838195374862551a36f1c8691d96ff01e58b0a071f0fc1a0e357fb1"", ""size"": 3693, ""price"": 0.009, ""timestamp"": 1769480803, ""title"": ""Will LeBron James win the 2028 US Presidential Election?"", ""slug"": ""will-lebron-james-win-the-2028-us-presidential-election"", ""icon"": ""https://polymarket-upload.s3.us-east-2.amazonaws.com/Lebron_James.png"", ""eventSlug"": ""presidential-election-winner-2028"", ""outcome"": ""Yes"", ""outcomeIndex"": 0, ""name"": ""TokenEchoPulse"", ""pseudonym"": ""Burly-Commotion"", ""bio"": """", ""profileImage"": """", ""profileImageOptimized"": """", ""transactionHash"": ""0xec4536cd08d8230a107ac06a64b4769c9224b8762301deedf6d81ed1202eca7a""}"
1769480633,2026-02-14T01:58:47.726057,0xc79a2025520b2b325d233fa90db403ed573e86f7759812323d380bf57c3d293a:1769480633,561251,39223330966352513418907732239455948906399882924787587183466504819170775983376,SELL,0.008,85.0,0.68,0xc79a2025520b2b325d233fa90db403ed573e86f7759812323d380bf57c3d293a,"{""proxyWallet"": ""0xebe36f5fcd1d62172d582e2e28ccccb989877218"", ""side"": ""SELL"", ""asset"": ""39223330966352513418907732239455948906399882924787587183466504819170775983376"", ""conditionId"": ""0x836b850fc838195374862551a36f1c8691d96ff01e58b0a071f0fc1a0e357fb1"", ""size"": 85, ""price"": 0.008, ""timestamp"": 1769480633, ""title"": ""Will LeBron James win the 2028 US Presidential Election?"", ""slug"": ""will-lebron-james-win-the-2028-us-presidential-election"", ""icon"": ""https://polymarket-upload.s3.us-east-2.amazonaws.com/Lebron_James.png"", ""eventSlug"": ""presidential-election-winner-2028"", ""outcome"": ""Yes"", ""outcomeIndex"": 0, ""name"": ""reginabanks"", ""pseudonym"": ""Whirlwind-Fang"", ""bio"": """", ""profileImage"": """", ""profileImageOptimized"": """", ""transactionHash"": ""0xc79a2025520b2b325d233fa90db403ed573e86f7759812323d380bf57c3d293a""}"
1769479061,2026-02-14T01:58:47.726069,0xd972ccb253014ac8dea657cb58ff79758816b06b7653c689f918a7116fa95ed4:1769479061,561251,39223330966352513418907732239455948906399882924787587183466504819170775983376,BUY,0.009,147.01,1.3230899999999999,0xd972ccb253014ac8dea657cb58ff79758816b06b7653c689f918a7116fa95ed4,"{""proxyWallet"": ""0x7c46f1fae99376cc05ac6083598332e39c8ed67a"", ""side"": ""BUY"", ""asset"": ""39223330966352513418907732239455948906399882924787587183466504819170775983376"", ""conditionId"": ""0x836b850fc838195374862551a36f1c8691d96ff01e58b0a071f0fc1a0e357fb1"", ""size"": 147.01, ""price"": 0.009, ""timestamp"": 1769479061, ""title"": ""Will LeBron James win the 2028 US Presidential Election?"", ""slug"": ""will-lebron-james-win-the-2028-us-presidential-election"", ""icon"": ""https://polymarket-upload.s3.us-east-2.amazonaws.com/Lebron_James.png"", ""eventSlug"": ""presidential-election-winner-2028"", ""outcome"": ""Yes"", ""outcomeIndex"": 0, ""name"": """", ""pseudonym"": """", ""bio"": """", ""profileImage"": """", ""profileImageOptimized"": """", ""transactionHash"": ""0xd972ccb253014ac8dea657cb58ff79758816b06b7653c689f918a7116fa95ed4""}"
1769468871,2026-02-14T01:58:47.726078,0x49ca6f53fe322c1f79cb7952470e174f11e42bbf3bd3176337cfc8e0ace6642a:1769468871,561251,39223330966352513418907732239455948906399882924787587183466504819170775983376,SELL,0.008,500.0,4.0,0x49ca6f53fe322c1f79cb7952470e174f11e42bbf3bd3176337cfc8e0ace6642a,"{""proxyWallet"": ""0x143a87f8be94f57041e474c2d3a5223507618438"", ""side"": ""SELL"", ""asset"": ""39223330966352513418907732239455948906399882924787587183466504819170775983376"", ""conditionId"": ""0x836b850fc838195374862551a36f1c8691d96ff01e58b0a071f0fc1a0e357fb1"", ""size"": 500, ""price"": 0.008, ""timestamp"": 1769468871, ""title"": ""Will LeBron James win the 2028 US Presidential Election?"", ""slug"": ""will-lebron-james-win-the-2028-us-presidential-election"", ""icon"": ""https://polymarket-upload.s3.us-east-2.amazonaws.com/Lebron_James.png"", ""eventSlug"": ""presidential-election-winner-2028"", ""outcome"": ""Yes"", ""outcomeIndex"": 0, ""name"": ""frequencycs"", ""pseudonym"": ""Different-Attempt"", ""bio"": """", ""profileImage"": """", ""profileImageOptimized"": """", ""transactionHash"": ""0x49ca6f53fe322c1f79cb7952470e174f11e42bbf3bd3176337cfc8e0ace6642a""}"
1769468641,2026-02-14T01:58:47.726085,0x2b7dbd7b668f8662eed734ed36692c2b250ffc9b93ab12bc1401faf375924d80:1769468641,561251,39223330966352513418907732239455948906399882924787587183466504819170775983376,BUY,0.009,500.0,4.5,0x2b7dbd7b668f8662eed734ed36692c2b250ffc9b93ab12bc1401faf375924d80,"{""proxyWallet"": ""0x143a87f8be94f57041e474c2d3a5223507618438"", ""side"": ""BUY"", ""asset"": ""39223330966352513418907732239455948906399882924787587183466504819170775983376"", ""conditionId"": ""0x836b850fc838195374862551a36f1c8691d96ff01e58b0a071f0fc1a0e357fb1"", ""size"": 500, ""price"": 0.009, ""timestamp"": 1769468641, ""title"": ""Will LeBron James win the 2028 US Presidential Election?"", ""slug"": ""will-lebron-james-win-the-2028-us-presidential-election"", ""icon"": ""https://polymarket-upload.s3.us-east-2.amazonaws.com/Lebron_James.png"", ""eventSlug"": ""presidential-election-winner-2028"", ""outcome"": ""Yes"", ""outcomeIndex"": 0, ""name"": ""frequencycs"", ""pseudonym"": ""Different-Attempt"", ""bio"": """", ""profileImage"": """", ""profileImageOptimized"": """", ""transactionHash"": ""0x2b7dbd7b668f8662eed734ed36692c2b250ffc9b93ab12bc1401faf375924d80""}"
1769464327,2026-02-14T01:58:47.726092,0xc1f0d89bcec9338d2f385871f90b259d1c028d90e9c86644345b275895e0ed22:1769464327,561251,39223330966352513418907732239455948906399882924787587183466504819170775983376,SELL,0.008,218.0,1.744,0xc1f0d89bcec9338d2f385871f90b259d1c028d90e9c86644345b275895e0ed22,"{""proxyWallet"": ""0xcc0a7b22d2871231b22c28d2b36286f135ee2973"", ""side"": ""SELL"", ""asset"": ""39223330966352513418907732239455948906399882924787587183466504819170775983376"", ""conditionId"": ""0x836b850fc838195374862551a36f1c8691d96ff01e58b0a071f0fc1a0e357fb1"", ""size"": 218, ""price"": 0.008, ""timestamp"": 1769464327, ""title"": ""Will LeBron James win the 2028 US Presidential Election?"", ""slug"": ""will-lebron-james-win-the-2028-us-presidential-election"", ""icon"": ""https://polymarket-upload.s3.us-east-2.amazonaws.com/Lebron_James.png"", ""eventSlug"": ""presidential-election-winner-2028"", ""outcome"": ""Yes"", ""outcomeIndex"": 0, ""name"": ""galvanmatthew"", ""pseudonym"": ""Bronze-Relation"", ""bio"": """", ""profileImage"": """", ""profileImageOptimized"": """", ""transactionHash"": ""0xc1f0d89bcec9338d2f385871f90b259d1c028d90e9c86644345b275895e0ed22""}"
1769430675,2026-02-14T01:58:47.726103,0x7c4848ecbd069c00eae27c6968ab8c9ddeec91067abeaa93017a1603b8aaf14e:1769430675,561251,39223330966352513418907732239455948906399882924787587183466504819170775983376,BUY,0.009,175.0,1.575,0x7c4848ecbd069c00eae27c6968ab8c9ddeec91067abeaa93017a1603b8aaf14e,"{""proxyWallet"": ""0x2f85037672d8b6f158328cfa9d9119974cb3b86d"", ""side"": ""BUY"", ""asset"": ""39223330966352513418907732239455948906399882924787587183466504819170775983376"", ""conditionId"": ""0x836b850fc838195374862551a36f1c8691d96ff01e58b0a071f0fc1a0e357fb1"", ""size"": 175, ""price"": 0.009, ""timestamp"": 1769430675, ""title"": ""Will LeBron James win the 2028 US Presidential Election?"", ""slug"": ""will-lebron-james-win-the-2028-us-presidential-election"", ""icon"": ""https://polymarket-upload.s3.us-east-2.amazonaws.com/Lebron_James.png"", ""eventSlug"": ""presidential-election-winner-2028"", ""outcome"": ""Yes"", ""outcomeIndex"": 0, ""name"": ""kennethgriffin"", ""pseudonym"": ""Cute-Eviction"", ""bio"": """", ""profileImage"": """", ""profileImageOptimized"": """", ""transactionHash"": ""0x7c4848ecbd069c00eae27c6968ab8c9ddeec91067abeaa93017a1603b8aaf14e""}"
1769427455,2026-02-14T01:58:47.726110,0xd36e46f66155f92768e0cfedde1e44658cd6c99fbf5662b3db2082091c910c6c:1769427455,561251,39223330966352513418907732239455948906399882924787587183466504819170775983376,SELL,0.008,84.0,0.672,0xd36e46f66155f92768e0cfedde1e44658cd6c99fbf5662b3db2082091c910c6c,"{""proxyWallet"": ""0xb167155707198ea368ae565ef1223f13a9df1bd1"", ""side"": ""SELL"", ""asset"": ""39223330966352513418907732239455948906399882924787587183466504819170775983376"", ""conditionId"": ""0x836b850fc838195374862551a36f1c8691d96ff01e58b0a071f0fc1a0e357fb1"", ""size"": 84, ""price"": 0.008, ""timestamp"": 1769427455, ""title"": ""Will LeBron James win the 2028 US Presidential Election?"", ""slug"": ""will-lebron-james-win-the-2028-us-presidential-election"", ""icon"": ""https://polymarket-upload.s3.us-east-2.amazonaws.com/Lebron_James.png"", ""eventSlug"": ""presidential-election-winner-2028"", ""outcome"": ""Yes"", ""outcomeIndex"": 0, ""name"": ""robertscraig"", ""pseudonym"": ""Black-And-White-Atelier"", ""bio"": """", ""profileImage"": """", ""profileImageOptimized"": """", ""transactionHash"": ""0xd36e46f66155f92768e0cfedde1e44658cd6c99fbf5662b3db2082091c910c6c""}"
1769422307,2026-02-14T01:58:47.726118,0x07298d0329cfc084008b55d87cccf4f3048a5da7887645c4f5787766cb46825e:1769422307,561251,39223330966352513418907732239455948906399882924787587183466504819170775983376,SELL,0.008,16999.77,135.99816,0x07298d0329cfc084008b55d87cccf4f3048a5da7887645c4f5787766cb46825e,"{""proxyWallet"": ""0x8298d2a9c05718f543645083590a7aefe887b978"", ""side"": ""SELL"", ""asset"": ""39223330966352513418907732239455948906399882924787587183466504819170775983376"", ""conditionId"": ""0x836b850fc838195374862551a36f1c8691d96ff01e58b0a071f0fc1a0e357fb1"", ""size"": 16999.77, ""price"": 0.008, ""timestamp"": 1769422307, ""title"": ""Will LeBron James win the 2028 US Presidential Election?"", ""slug"": ""will-lebron-james-win-the-2028-us-presidential-election"", ""icon"": ""https://polymarket-upload.s3.us-east-2.amazonaws.com/Lebron_James.png"", ""eventSlug"": ""presidential-election-winner-2028"", ""outcome"": ""Yes"", ""outcomeIndex"": 0, ""name"": ""32132321312213"", ""pseudonym"": ""Natural-Harald"", ""bio"": """", ""profileImage"": """", ""profileImageOptimized"": """", ""transactionHash"": ""0x07298d0329cfc084008b55d87cccf4f3048a5da7887645c4f5787766cb46825e""}"
