timestamp,datetime,trade_id,market_id,token_id,side,price,size,amount,tx_hash,raw
1771005091,2026-02-14T01:56:20.457703,0xd352890ffb108a55d5c552a16dbda9f8062457189e21e95cd05df84a98443ee3:1771005091,572473,5031084282167950494806674428243037744881029417420880897305642929037077494331,BUY,0.02600000007296539,411.153845,10.69,0xd352890ffb108a55d5c552a16dbda9f8062457189e21e95cd05df84a98443ee3,"{""proxyWallet"": ""0x3a0ae9946ddb7ddfc5c3b9b6e1d6a7230b12c473"", ""side"": ""BUY"", ""asset"": ""5031084282167950494806674428243037744881029417420880897305642929037077494331"", ""conditionId"": ""0x46d40e851b24d9b0af4bc1942ccd86439cae82a9011767da14950df0ad997adf"", ""size"": 411.153845, ""price"": 0.02600000007296539, ""timestamp"": 1771005091, ""title"": ""Will Trump nominate Judy Shelton as the next Fed chair?"", ""slug"": ""will-trump-nominate-judy-shelton-as-the-next-fed-chair"", ""icon"": ""https://polymarket-upload.s3.us-east-2.amazonaws.com/judy-shelton-15c5dd306b.png"", ""eventSlug"": ""who-will-trump-nominate-as-fed-chair"", ""outcome"": ""Yes"", ""outcomeIndex"": 0, ""name"": ""0x3A0AE9946dDB7DDFC5c3b9b6e1D6a7230B12C473-1770837281452"", ""pseudonym"": ""Insubstantial-Teller"", ""bio"": """", ""profileImage"": """", ""profileImageOptimized"": """", ""transactionHash"": ""0xd352890ffb108a55d5c552a16dbda9f8062457189e21e95cd05df84a98443ee3""}"
1771005029,2026-02-14T01:56:20.457769,0xcf09c06fe569fdf187ec05305fa1b080d9d2a12bb2b63d28474ef3616cf87a79:1771005029,572473,5031084282167950494806674428243037744881029417420880897305642929037077494331,SELL,0.025,151.5,3.7875,0xcf09c06fe569fdf187ec05305fa1b080d9d2a12bb2b63d28474ef3616cf87a79,"{""proxyWallet"": ""0x8dcc8b1b1f11e99925d8f8a3e3755855ae473650"", ""side"": ""SELL"", ""asset"": ""5031084282167950494806674428243037744881029417420880897305642929037077494331"", ""conditionId"": ""0x46d40e851b24d9b0af4bc1942ccd86439cae82a9011767da14950df0ad997adf"", ""size"": 151.5, ""price"": 0.025, ""timestamp"": 1771005029, ""title"": ""Will Trump nominate Judy Shelton as the next Fed chair?"", ""slug"": ""will-trump-nominate-judy-shelton-as-the-next-fed-chair"", ""icon"": ""https://polymarket-upload.s3.us-east-2.amazonaws.com/judy-shelton-15c5dd306b.png"", ""eventSlug"": ""who-will-trump-nominate-as-fed-chair"", ""outcome"": ""Yes"", ""outcomeIndex"": 0, ""name"": ""yuru-trader"", ""pseudonym"": ""Scratchy-Embossing"", ""bio"": """", ""profileImage"": """", ""profileImageOptimized"": """", ""transactionHash"": ""0xcf09c06fe569fdf187ec05305fa1b080d9d2a12bb2b63d28474ef3616cf87a79""}"
1771004369,2026-02-14T01:56:20.457789,0x8b6ba5d681c80d0325f6f9012a8e9a3d56432f546400670cf60676bdb2a7bdc8:1771004369,572473,5031084282167950494806674428243037744881029417420880897305642929037077494331,SELL,0.024,750.0,18.0,0x8b6ba5d681c80d0325f6f9012a8e9a3d56432f546400670cf60676bdb2a7bdc8,"{""proxyWallet"": ""0xd4d5fa13ed9993c93f788f0dd3132d2b004a33d8"", ""side"": ""SELL"", ""asset"": ""5031084282167950494806674428243037744881029417420880897305642929037077494331"", ""conditionId"": ""0x46d40e851b24d9b0af4bc1942ccd86439cae82a9011767da14950df0ad997adf"", ""size"": 750, ""price"": 0.024, ""timestamp"": 1771004369, ""title"": ""Will Trump nominate Judy Shelton as the next Fed chair?"", ""slug"": ""will-trump-nominate-judy-shelton-as-the-next-fed-chair"", ""icon"": ""https://polymarket-upload.s3.us-east-2.amazonaws.com/judy-shelton-15c5dd306b.png"", ""eventSlug"": ""who-will-trump-nominate-as-fed-chair"", ""outcome"": ""Yes"", ""outcomeIndex"": 0, ""name"": ""amit0"", ""pseudonym"": ""Dreary-Role"", ""bio"": """", ""profileImage"": """", ""profileImageOptimized"": """", ""transactionHash"": ""0x8b6ba5d681c80d0325f6f9012a8e9a3d56432f546400670cf60676bdb2a7bdc8""}"
1771004335,2026-02-14T01:56:20.457803,0x138de72037442430e08bc5a515836e6c0849e91abf992c6c42538eb4a46b83e8:1771004335,572473,5031084282167950494806674428243037744881029417420880897305642929037077494331,SELL,0.025,41552.86,1038.8215,0x138de72037442430e08bc5a515836e6c0849e91abf992c6c42538eb4a46b83e8,"{""proxyWallet"": ""0xb4253ed325dcf080cb3d5a2e62470922cddfc80b"", ""side"": ""SELL"", ""asset"": ""5031084282167950494806674428243037744881029417420880897305642929037077494331"", ""conditionId"": ""0x46d40e851b24d9b0af4bc1942ccd86439cae82a9011767da14950df0ad997adf"", ""size"": 41552.86, ""price"": 0.025, ""timestamp"": 1771004335, ""title"": ""Will Trump nominate Judy Shelton as the next Fed chair?"", ""slug"": ""will-trump-nominate-judy-shelton-as-the-next-fed-chair"", ""icon"": ""https://polymarket-upload.s3.us-east-2.amazonaws.com/judy-shelton-15c5dd306b.png"", ""eventSlug"": ""who-will-trump-nominate-as-fed-chair"", ""outcome"": ""Yes"", ""outcomeIndex"": 0, ""name"": ""0xb4253eD325dCf080cB3D5a2e62470922cDDFC80B-1761222442262"", ""pseudonym"": ""Judicious-Comportment"", ""bio"": """", ""profileImage"": """", ""profileImageOptimized"": """", ""transactionHash"": ""0x138de72037442430e08bc5a515836e6c0849e91abf992c6c42538eb4a46b83e8""}"
1771004333,2026-02-14T01:56:20.457829,0xdbad45b6a264dac5f18f4c9ea19c3f70b65cf564964be49ac1e73417d80d24c6:1771004333,572473,5031084282167950494806674428243037744881029417420880897305642929037077494331,BUY,0.026,1000.0,26.0,0xdbad45b6a264dac5f18f4c9ea19c3f70b65cf564964be49ac1e73417d80d24c6,"{""proxyWallet"": ""0x60879474b10465b70176f812b1649a0e65dc61e8"", ""side"": ""BUY"", ""asset"": ""5031084282167950494806674428243037744881029417420880897305642929037077494331"", ""conditionId"": ""0x46d40e851b24d9b0af4bc1942ccd86439cae82a9011767da14950df0ad997adf"", ""size"": 1000, ""price"": 0.026, ""timestamp"": 1771004333, ""title"": ""Will Trump nominate Judy Shelton as the next Fed chair?"", ""slug"": ""will-trump-nominate-judy-shelton-as-the-next-fed-chair"", ""icon"": ""https://polymarket-upload.s3.us-east-2.amazonaws.com/judy-shelton-15c5dd306b.png"", ""eventSlug"": ""who-will-trump-nominate-as-fed-chair"", ""outcome"": ""Yes"", ""outcomeIndex"": 0, ""name"": ""spring431"", ""pseudonym"": ""Fatherly-Nightclub"", ""bio"": """", ""profileImage"": """", ""profileImageOptimized"": """", ""transactionHash"": ""0xdbad45b6a264dac5f18f4c9ea19c3f70b65cf564964be49ac1e73417d80d24c6""}"
1771004325,2026-02-14T01:56:20.457841,0xea5bdcd6dbfcdf73d8114e722a8f9ca20a3b5fad907dbc78dd7d1d0dfc022174:1771004325,572473,5031084282167950494806674428243037744881029417420880897305642929037077494331,SELL,0.025,1000.0,25.0,0xea5bdcd6dbfcdf73d8114e722a8f9ca20a3b5fad907dbc78dd7d1d0dfc022174,"{""proxyWallet"": ""0xb4253ed325dcf080cb3d5a2e62470922cddfc80b"", ""side"": ""SELL"", ""asset"": ""5031084282167950494806674428243037744881029417420880897305642929037077494331"", ""conditionId"": ""0x46d40e851b24d9b0af4bc1942ccd86439cae82a9011767da14950df0ad997adf"", ""size"": 1000, ""price"": 0.025, ""timestamp"": 1771004325, ""title"": ""Will Trump nominate Judy Shelton as the next Fed chair?"", ""slug"": ""will-trump-nominate-judy-shelton-as-the-next-fed-chair"", ""icon"": ""https://polymarket-upload.s3.us-east-2.amazonaws.com/judy-shelton-15c5dd306b.png"", ""eventSlug"": ""who-will-trump-nominate-as-fed-chair"", ""outcome"": ""Yes"", ""outcomeIndex"": 0, ""name"": ""0xb4253eD325dCf080cB3D5a2e62470922cDDFC80B-1761222442262"", ""pseudonym"": ""Judicious-Comportment"", ""bio"": """", ""profileImage"": """", ""profileImageOptimized"": """", ""transactionHash"": ""0xea5bdcd6dbfcdf73d8114e722a8f9ca20a3b5fad907dbc78dd7d1d0dfc022174""}"
1771004305,2026-02-14T01:56:20.457854,0x4acd5b019982a35e382f8bc5a5f335db1d4f1798398a4ca468eb9849f695945c:1771004305,572473,5031084282167950494806674428243037744881029417420880897305642929037077494331,BUY,0.026,500.0,13.0,0x4acd5b019982a35e382f8bc5a5f335db1d4f1798398a4ca468eb9849f695945c,"{""proxyWallet"": ""0x60879474b10465b70176f812b1649a0e65dc61e8"", ""side"": ""BUY"", ""asset"": ""5031084282167950494806674428243037744881029417420880897305642929037077494331"", ""conditionId"": ""0x46d40e851b24d9b0af4bc1942ccd86439cae82a9011767da14950df0ad997adf"", ""size"": 500, ""price"": 0.026, ""timestamp"": 1771004305, ""title"": ""Will Trump nominate Judy Shelton as the next Fed chair?"", ""slug"": ""will-trump-nominate-judy-shelton-as-the-next-fed-chair"", ""icon"": ""https://polymarket-upload.s3.us-east-2.amazonaws.com/judy-shelton-15c5dd306b.png"", ""eventSlug"": ""who-will-trump-nominate-as-fed-chair"", ""outcome"": ""Yes"", ""outcomeIndex"": 0, ""name"": ""spring431"", ""pseudonym"": ""Fatherly-Nightclub"", ""bio"": """", ""profileImage"": """", ""profileImageOptimized"": """", ""transactionHash"": ""0x4acd5b019982a35e382f8bc5a5f335db1d4f1798398a4ca468eb9849f695945c""}"
1771004221,2026-02-14T01:56:20.457869,0x839a4cd8b5e6198caf975d85e7635cedc5371331732a4b6ff6f5c9a67718870e:1771004221,572473,5031084282167950494806674428243037744881029417420880897305642929037077494331,SELL,0.025,5.0,0.125,0x839a4cd8b5e6198caf975d85e7635cedc5371331732a4b6ff6f5c9a67718870e,"{""proxyWallet"": ""0x0b01d14b4f91acdf61534543d4a645f142238f47"", ""side"": ""SELL"", ""asset"": ""5031084282167950494806674428243037744881029417420880897305642929037077494331"", ""conditionId"": ""0x46d40e851b24d9b0af4bc1942ccd86439cae82a9011767da14950df0ad997adf"", ""size"": 5, ""price"": 0.025, ""timestamp"": 1771004221, ""title"": ""Will Trump nominate Judy Shelton as the next Fed chair?"", ""slug"": ""will-trump-nominate-judy-shelton-as-the-next-fed-chair"", ""icon"": ""https://polymarket-upload.s3.us-east-2.amazonaws.com/judy-shelton-15c5dd306b.png"", ""eventSlug"": ""who-will-trump-nominate-as-fed-chair"", ""outcome"": ""Yes"", ""outcomeIndex"": 0, ""name"": ""0x0B01d14B4f91ACdf61534543d4a645f142238F47-1766685782640"", ""pseudonym"": ""Radiant-Dahlia"", ""bio"": """", ""profileImage"": """", ""profileImageOptimized"": """", ""transactionHash"": ""0x839a4cd8b5e6198caf975d85e7635cedc5371331732a4b6ff6f5c9a67718870e""}"
1771004185,2026-02-14T01:56:20.457883,0xe661e355a9ee36095db2fd089deaaf7a5d5065f04e834a184d5a13ff817d6946:1771004185,572473,5031084282167950494806674428243037744881029417420880897305642929037077494331,SELL,0.025,0.24,0.006,0xe661e355a9ee36095db2fd089deaaf7a5d5065f04e834a184d5a13ff817d6946,"{""proxyWallet"": ""0xf375ffb557851c38695e3bc67b81e6ae46cc1c0e"", ""side"": ""SELL"", ""asset"": ""5031084282167950494806674428243037744881029417420880897305642929037077494331"", ""conditionId"": ""0x46d40e851b24d9b0af4bc1942ccd86439cae82a9011767da14950df0ad997adf"", ""size"": 0.24, ""price"": 0.025, ""timestamp"": 1771004185, ""title"": ""Will Trump nominate Judy Shelton as the next Fed chair?"", ""slug"": ""will-trump-nominate-judy-shelton-as-the-next-fed-chair"", ""icon"": ""https://polymarket-upload.s3.us-east-2.amazonaws.com/judy-shelton-15c5dd306b.png"", ""eventSlug"": ""who-will-trump-nominate-as-fed-chair"", ""outcome"": ""Yes"", ""outcomeIndex"": 0, ""name"": """", ""pseudonym"": """", ""bio"": """", ""profileImage"": """", ""profileImageOptimized"": """", ""transactionHash"": ""0xe661e355a9ee36095db2fd089deaaf7a5d5065f04e834a184d5a13ff817d6946""}"
1771004185,2026-02-14T01:56:20.457895,0x4475f5cbd36693fe89faa0ce486d361c0d0222e304aa27770507ae78bdae044e:1771004185,572473,5031084282167950494806674428243037744881029417420880897305642929037077494331,SELL,0.025,35.42,0.8855000000000001,0x4475f5cbd36693fe89faa0ce486d361c0d0222e304aa27770507ae78bdae044e,"{""proxyWallet"": ""0xc56b61ce690f82552f3266e88e46893d524cfe0a"", ""side"": ""SELL"", ""asset"": ""5031084282167950494806674428243037744881029417420880897305642929037077494331"", ""conditionId"": ""0x46d40e851b24d9b0af4bc1942ccd86439cae82a9011767da14950df0ad997adf"", ""size"": 35.42, ""price"": 0.025, ""timestamp"": 1771004185, ""title"": ""Will Trump nominate Judy Shelton as the next Fed chair?"", ""slug"": ""will-trump-nominate-judy-shelton-as-the-next-fed-chair"", ""icon"": ""https://polymarket-upload.s3.us-east-2.amazonaws.com/judy-shelton-15c5dd306b.png"", ""eventSlug"": ""who-will-trump-nominate-as-fed-chair"", ""outcome"": ""Yes"", ""outcomeIndex"": 0, ""name"": """", ""pseudonym"": """", ""bio"": """", ""profileImage"": """", ""profileImageOptimized"": """", ""transactionHash"": ""0x4475f5cbd36693fe89faa0ce486d361c0d0222e304aa27770507ae78bdae044e""}"
1771004183,2026-02-14T01:56:20.457906,0x1f32ca68a43453e09dec215a4239c68174a3e105e8549b4b9c66ef3decee1b83:1771004183,572473,5031084282167950494806674428243037744881029417420880897305642929037077494331,SELL,0.025,0.21,0.00525,0x1f32ca68a43453e09dec215a4239c68174a3e105e8549b4b9c66ef3decee1b83,"{""proxyWallet"": ""0x8997a3f3c1138b8a585856bf07db8bdd7aa869fa"", ""side"": ""SELL"", ""asset"": ""5031084282167950494806674428243037744881029417420880897305642929037077494331"", ""conditionId"": ""0x46d40e851b24d9b0af4bc1942ccd86439cae82a9011767da14950df0ad997adf"", ""size"": 0.21, ""price"": 0.025, ""timestamp"": 1771004183, ""title"": ""Will Trump nominate Judy Shelton as the next Fed chair?"", ""slug"": ""will-trump-nominate-judy-shelton-as-the-next-fed-chair"", ""icon"": ""https://polymarket-upload.s3.us-east-2.amazonaws.com/judy-shelton-15c5dd306b.png"", ""eventSlug"": ""who-will-trump-nominate-as-fed-chair"", ""outcome"": ""Yes"", ""outcomeIndex"": 0, ""name"": """", ""pseudonym"": """", ""bio"": """", ""profileImage"": """", ""profileImageOptimized"": """", ""transactionHash"": ""0x1f32ca68a43453e09dec215a4239c68174a3e105e8549b4b9c66ef3decee1b83""}"
1771004183,2026-02-14T01:56:20.457917,0x52df2db3a613e06094684e8a56b12433ec7fba31becb8898de6500df02f80c4d:1771004183,572473,5031084282167950494806674428243037744881029417420880897305642929037077494331,SELL,0.025,0.06,0.0015,0x52df2db3a613e06094684e8a56b12433ec7fba31becb8898de6500df02f80c4d,"{""proxyWallet"": ""0xff0931866aa744cc4f4e71d89055244adfff25ab"", ""side"": ""SELL"", ""asset"": ""5031084282167950494806674428243037744881029417420880897305642929037077494331"", ""conditionId"": ""0x46d40e851b24d9b0af4bc1942ccd86439cae82a9011767da14950df0ad997adf"", ""size"": 0.06, ""price"": 0.025, ""timestamp"": 1771004183, ""title"": ""Will Trump nominate Judy Shelton as the next Fed chair?"", ""slug"": ""will-trump-nominate-judy-shelton-as-the-next-fed-chair"", ""icon"": ""https://polymarket-upload.s3.us-east-2.amazonaws.com/judy-shelton-15c5dd306b.png"", ""eventSlug"": ""who-will-trump-nominate-as-fed-chair"", ""outcome"": ""Yes"", ""outcomeIndex"": 0, ""name"": """", ""pseudonym"": """", ""bio"": """", ""profileImage"": """", ""profileImageOptimized"": """", ""transactionHash"": ""0x52df2db3a613e06094684e8a56b12433ec7fba31becb8898de6500df02f80c4d""}"
1771004179,2026-02-14T01:56:20.457929,0xf12213286a9bf8219f5a0978bac70d2ae519bdae3d642b7ecd837abee7bfc26f:1771004179,572473,5031084282167950494806674428243037744881029417420880897305642929037077494331,SELL,0.025,0.92,0.023000000000000003,0xf12213286a9bf8219f5a0978bac70d2ae519bdae3d642b7ecd837abee7bfc26f,"{""proxyWallet"": ""0xec05c999787c8d42d3c5c8646ce0e89522d6054c"", ""side"": ""SELL"", ""asset"": ""5031084282167950494806674428243037744881029417420880897305642929037077494331"", ""conditionId"": ""0x46d40e851b24d9b0af4bc1942ccd86439cae82a9011767da14950df0ad997adf"", ""size"": 0.92, ""price"": 0.025, ""timestamp"": 1771004179, ""title"": ""Will Trump nominate Judy Shelton as the next Fed chair?"", ""slug"": ""will-trump-nominate-judy-shelton-as-the-next-fed-chair"", ""icon"": ""https://polymarket-upload.s3.us-east-2.amazonaws.com/judy-shelton-15c5dd306b.png"", ""eventSlug"": ""who-will-trump-nominate-as-fed-chair"", ""outcome"": ""Yes"", ""outcomeIndex"": 0, ""name"": """", ""pseudonym"": """", ""bio"": """", ""profileImage"": """", ""profileImageOptimized"": """", ""transactionHash"": ""0xf12213286a9bf8219f5a0978bac70d2ae519bdae3d642b7ecd837abee7bfc26f""}"
1771004179,2026-02-14T01:56:20.457940,0x69bfeba1ad1e26c4f39c5b09655d7f98814ab99fe1f6104d249e006ad4270155:1771004179,572473,5031084282167950494806674428243037744881029417420880897305642929037077494331,SELL,0.025,0.48,0.012,0x69bfeba1ad1e26c4f39c5b09655d7f98814ab99fe1f6104d249e006ad4270155,"{""proxyWallet"": ""0xc994dcb62aeaf55e6935c3771a68a1506f9b7120"", ""side"": ""SELL"", ""asset"": ""5031084282167950494806674428243037744881029417420880897305642929037077494331"", ""conditionId"": ""0x46d40e851b24d9b0af4bc1942ccd86439cae82a9011767da14950df0ad997adf"", ""size"": 0.48, ""price"": 0.025, ""timestamp"": 1771004179, ""title"": ""Will Trump nominate Judy Shelton as the next Fed chair?"", ""slug"": ""will-trump-nominate-judy-shelton-as-the-next-fed-chair"", ""icon"": ""https://polymarket-upload.s3.us-east-2.amazonaws.com/judy-shelton-15c5dd306b.png"", ""eventSlug"": ""who-will-trump-nominate-as-fed-chair"", ""outcome"": ""Yes"", ""outcomeIndex"": 0, ""name"": """", ""pseudonym"": """", ""bio"": """", ""profileImage"": """", ""profileImageOptimized"": """", ""transactionHash"": ""0x69bfeba1ad1e26c4f39c5b09655d7f98814ab99fe1f6104d249e006ad4270155""}"
1771004179,2026-02-14T01:56:20.457954,0xbb67639325f26aa68a55920ac15c6536d4e945a20fdbceb26ce8999cd1a006e9:1771004179,572473,5031084282167950494806674428243037744881029417420880897305642929037077494331,SELL,0.025,0.13,0.0032500000000000003,0xbb67639325f26aa68a55920ac15c6536d4e945a20fdbceb26ce8999cd1a006e9,"{""proxyWallet"": ""0xf0cec0251d1828d5deed1019f78b6e8f75744aa1"", ""side"": ""SELL"", ""asset"": ""5031084282167950494806674428243037744881029417420880897305642929037077494331"", ""conditionId"": ""0x46d40e851b24d9b0af4bc1942ccd86439cae82a9011767da14950df0ad997adf"", ""size"": 0.13, ""price"": 0.025, ""timestamp"": 1771004179, ""title"": ""Will Trump nominate Judy Shelton as the next Fed chair?"", ""slug"": ""will-trump-nominate-judy-shelton-as-the-next-fed-chair"", ""icon"": ""https://polymarket-upload.s3.us-east-2.amazonaws.com/judy-shelton-15c5dd306b.png"", ""eventSlug"": ""who-will-trump-nominate-as-fed-chair"", ""outcome"": ""Yes"", ""outcomeIndex"": 0, ""name"": """", ""pseudonym"": """", ""bio"": """", ""profileImage"": """", ""profileImageOptimized"": """", ""transactionHash"": ""0xbb67639325f26aa68a55920ac15c6536d4e945a20fdbceb26ce8999cd1a006e9""}"
1771004179,2026-02-14T01:56:20.457965,0x4ec9f0ba1b6cffa32039375db3e9e0168f3d1c5ad138ef4541ce3704946716ee:1771004179,572473,5031084282167950494806674428243037744881029417420880897305642929037077494331,SELL,0.025,0.31,0.00775,0x4ec9f0ba1b6cffa32039375db3e9e0168f3d1c5ad138ef4541ce3704946716ee,"{""proxyWallet"": ""0xdbc25056e9b960a6677856053a3b7694b95b93fb"", ""side"": ""SELL"", ""asset"": ""5031084282167950494806674428243037744881029417420880897305642929037077494331"", ""conditionId"": ""0x46d40e851b24d9b0af4bc1942ccd86439cae82a9011767da14950df0ad997adf"", ""size"": 0.31, ""price"": 0.025, ""timestamp"": 1771004179, ""title"": ""Will Trump nominate Judy Shelton as the next Fed chair?"", ""slug"": ""will-trump-nominate-judy-shelton-as-the-next-fed-chair"", ""icon"": ""https://polymarket-upload.s3.us-east-2.amazonaws.com/judy-shelton-15c5dd306b.png"", ""eventSlug"": ""who-will-trump-nominate-as-fed-chair"", ""outcome"": ""Yes"", ""outcomeIndex"": 0, ""name"": ""IMightBeWrong"", ""pseudonym"": ""Secret-Dessert"", ""bio"": """", ""profileImage"": """", ""profileImageOptimized"": """", ""transactionHash"": ""0x4ec9f0ba1b6cffa32039375db3e9e0168f3d1c5ad138ef4541ce3704946716ee""}"
1771004177,2026-02-14T01:56:20.457977,0x0ceb2548a842bc04828754984e9471d2d835604c0bfcd7ec917cdf58f45cf2c1:1771004177,572473,5031084282167950494806674428243037744881029417420880897305642929037077494331,BUY,0.026765245760645037,462.913702,12.389999,0x0ceb2548a842bc04828754984e9471d2d835604c0bfcd7ec917cdf58f45cf2c1,"{""proxyWallet"": ""0x3833b11f7cb6305ab4cc5f6aba3d2d27594c1bd0"", ""side"": ""BUY"", ""asset"": ""5031084282167950494806674428243037744881029417420880897305642929037077494331"", ""conditionId"": ""0x46d40e851b24d9b0af4bc1942ccd86439cae82a9011767da14950df0ad997adf"", ""size"": 462.913702, ""price"": 0.026765245760645037, ""timestamp"": 1771004177, ""title"": ""Will Trump nominate Judy Shelton as the next Fed chair?"", ""slug"": ""will-trump-nominate-judy-shelton-as-the-next-fed-chair"", ""icon"": ""https://polymarket-upload.s3.us-east-2.amazonaws.com/judy-shelton-15c5dd306b.png"", ""eventSlug"": ""who-will-trump-nominate-as-fed-chair"", ""outcome"": ""Yes"", ""outcomeIndex"": 0, ""name"": ""Ozzymenace"", ""pseudonym"": ""Flimsy-Client"", ""bio"": """", ""profileImage"": """", ""profileImageOptimized"": """", ""transactionHash"": ""0x0ceb2548a842bc04828754984e9471d2d835604c0bfcd7ec917cdf58f45cf2c1""}"
1771004177,2026-02-14T01:56:20.457990,0x19f611b9f3bd91c986346b11ef417136fa7d92dc779efcb5490feff7f17eb437:1771004177,572473,5031084282167950494806674428243037744881029417420880897305642929037077494331,SELL,0.025,58.33,1.45825,0x19f611b9f3bd91c986346b11ef417136fa7d92dc779efcb5490feff7f17eb437,"{""proxyWallet"": ""0x611d6190ad080e7c8fe75f59eb9b74a50c61b23c"", ""side"": ""SELL"", ""asset"": ""5031084282167950494806674428243037744881029417420880897305642929037077494331"", ""conditionId"": ""0x46d40e851b24d9b0af4bc1942ccd86439cae82a9011767da14950df0ad997adf"", ""size"": 58.33, ""price"": 0.025, ""timestamp"": 1771004177, ""title"": ""Will Trump nominate Judy Shelton as the next Fed chair?"", ""slug"": ""will-trump-nominate-judy-shelton-as-the-next-fed-chair"", ""icon"": ""https://polymarket-upload.s3.us-east-2.amazonaws.com/judy-shelton-15c5dd306b.png"", ""eventSlug"": ""who-will-trump-nominate-as-fed-chair"", ""outcome"": ""Yes"", ""outcomeIndex"": 0, ""name"": ""ninomazzz"", ""pseudonym"": ""Neighboring-Laughter"", ""bio"": """", ""profileImage"": """", ""profileImageOptimized"": """", ""transactionHash"": ""0x19f611b9f3bd91c986346b11ef417136fa7d92dc779efcb5490feff7f17eb437""}"
1771004177,2026-02-14T01:56:20.458002,0x4fcf8b98c6b04412e3b7ebb0e7bdb930c0ebf2fc64ca5a01d333ca2bc249577c:1771004177,572473,5031084282167950494806674428243037744881029417420880897305642929037077494331,SELL,0.025,0.51,0.012750000000000001,0x4fcf8b98c6b04412e3b7ebb0e7bdb930c0ebf2fc64ca5a01d333ca2bc249577c,"{""proxyWallet"": ""0xb22326c1770aa89dfb2b372137e570a360433772"", ""side"": ""SELL"", ""asset"": ""5031084282167950494806674428243037744881029417420880897305642929037077494331"", ""conditionId"": ""0x46d40e851b24d9b0af4bc1942ccd86439cae82a9011767da14950df0ad997adf"", ""size"": 0.51, ""price"": 0.025, ""timestamp"": 1771004177, ""title"": ""Will Trump nominate Judy Shelton as the next Fed chair?"", ""slug"": ""will-trump-nominate-judy-shelton-as-the-next-fed-chair"", ""icon"": ""https://polymarket-upload.s3.us-east-2.amazonaws.com/judy-shelton-15c5dd306b.png"", ""eventSlug"": ""who-will-trump-nominate-as-fed-chair"", ""outcome"": ""Yes"", ""outcomeIndex"": 0, ""name"": """", ""pseudonym"": """", ""bio"": """", ""profileImage"": """", ""profileImageOptimized"": """", ""transactionHash"": ""0x4fcf8b98c6b04412e3b7ebb0e7bdb930c0ebf2fc64ca5a01d333ca2bc249577c""}"
1771004131,2026-02-14T01:56:20.458014,0x253c4e35017ff19ace22ec5151d7311eb6d366acfb8e73458ad9f15bb13c87cc:1771004131,572473,5031084282167950494806674428243037744881029417420880897305642929037077494331,SELL,0.025,196.29,4.90725,0x253c4e35017ff19ace22ec5151d7311eb6d366acfb8e73458ad9f15bb13c87cc,"{""proxyWallet"": ""0x94cf12f33cc258208d641836c5d4741c0ac7d339"", ""side"": ""SELL"", ""asset"": ""5031084282167950494806674428243037744881029417420880897305642929037077494331"", ""conditionId"": ""0x46d40e851b24d9b0af4bc1942ccd86439cae82a9011767da14950df0ad997adf"", ""size"": 196.29, ""price"": 0.025, ""timestamp"": 1771004131, ""title"": ""Will Trump nominate Judy Shelton as the next Fed chair?"", ""slug"": ""will-trump-nominate-judy-shelton-as-the-next-fed-chair"", ""icon"": ""https://polymarket-upload.s3.us-east-2.amazonaws.com/judy-shelton-15c5dd306b.png"", ""eventSlug"": ""who-will-trump-nominate-as-fed-chair"", ""outcome"": ""Yes"", ""outcomeIndex"": 0, ""name"": ""Zowiezo"", ""pseudonym"": ""Trustworthy-Vignette"", ""bio"": """", ""profileImage"": """", ""profileImageOptimized"": """", ""transactionHash"": ""0x253c4e35017ff19ace22ec5151d7311eb6d366acfb8e73458ad9f15bb13c87cc""}"
1771004129,2026-02-14T01:56:20.458031,0x3139afd862aedb35d25a53551c451e7aa3a92381694de39eb94a870c91907644:1771004129,572473,5031084282167950494806674428243037744881029417420880897305642929037077494331,SELL,0.025,177.0,4.425,0x3139afd862aedb35d25a53551c451e7aa3a92381694de39eb94a870c91907644,"{""proxyWallet"": ""0xd1a7e23445b943f14baeca0fb0d1692c160507cd"", ""side"": ""SELL"", ""asset"": ""5031084282167950494806674428243037744881029417420880897305642929037077494331"", ""conditionId"": ""0x46d40e851b24d9b0af4bc1942ccd86439cae82a9011767da14950df0ad997adf"", ""size"": 177, ""price"": 0.025, ""timestamp"": 1771004129, ""title"": ""Will Trump nominate Judy Shelton as the next Fed chair?"", ""slug"": ""will-trump-nominate-judy-shelton-as-the-next-fed-chair"", ""icon"": ""https://polymarket-upload.s3.us-east-2.amazonaws.com/judy-shelton-15c5dd306b.png"", ""eventSlug"": ""who-will-trump-nominate-as-fed-chair"", ""outcome"": ""Yes"", ""outcomeIndex"": 0, ""name"": ""FrozenCop"", ""pseudonym"": ""Stale-Affiliate"", ""bio"": """", ""profileImage"": """", ""profileImageOptimized"": """", ""transactionHash"": ""0x3139afd862aedb35d25a53551c451e7aa3a92381694de39eb94a870c91907644""}"
1771004125,2026-02-14T01:56:20.458043,0x5aa2aa63d37e40e1d330351c19c4ee6d05c43ac31b98fded33f87563a59804be:1771004125,572473,5031084282167950494806674428243037744881029417420880897305642929037077494331,SELL,0.025,5.0,0.125,0x5aa2aa63d37e40e1d330351c19c4ee6d05c43ac31b98fded33f87563a59804be,"{""proxyWallet"": ""0x0b01d14b4f91acdf61534543d4a645f142238f47"", ""side"": ""SELL"", ""asset"": ""5031084282167950494806674428243037744881029417420880897305642929037077494331"", ""conditionId"": ""0x46d40e851b24d9b0af4bc1942ccd86439cae82a9011767da14950df0ad997adf"", ""size"": 5, ""price"": 0.025, ""timestamp"": 1771004125, ""title"": ""Will Trump nominate Judy Shelton as the next Fed chair?"", ""slug"": ""will-trump-nominate-judy-shelton-as-the-next-fed-chair"", ""icon"": ""https://polymarket-upload.s3.us-east-2.amazonaws.com/judy-shelton-15c5dd306b.png"", ""eventSlug"": ""who-will-trump-nominate-as-fed-chair"", ""outcome"": ""Yes"", ""outcomeIndex"": 0, ""name"": ""0x0B01d14B4f91ACdf61534543d4a645f142238F47-1766685782640"", ""pseudonym"": ""Radiant-Dahlia"", ""bio"": """", ""profileImage"": """", ""profileImageOptimized"": """", ""transactionHash"": ""0x5aa2aa63d37e40e1d330351c19c4ee6d05c43ac31b98fded33f87563a59804be""}"
1771004125,2026-02-14T01:56:20.458055,0x98a1538c083f1d6f07181490697963a0eaa84b1e5c546b20f377d7175e192d08:1771004125,572473,5031084282167950494806674428243037744881029417420880897305642929037077494331,SELL,0.025,1.17,0.029249999999999998,0x98a1538c083f1d6f07181490697963a0eaa84b1e5c546b20f377d7175e192d08,"{""proxyWallet"": ""0x8997a3f3c1138b8a585856bf07db8bdd7aa869fa"", ""side"": ""SELL"", ""asset"": ""5031084282167950494806674428243037744881029417420880897305642929037077494331"", ""conditionId"": ""0x46d40e851b24d9b0af4bc1942ccd86439cae82a9011767da14950df0ad997adf"", ""size"": 1.17, ""price"": 0.025, ""timestamp"": 1771004125, ""title"": ""Will Trump nominate Judy Shelton as the next Fed chair?"", ""slug"": ""will-trump-nominate-judy-shelton-as-the-next-fed-chair"", ""icon"": ""https://polymarket-upload.s3.us-east-2.amazonaws.com/judy-shelton-15c5dd306b.png"", ""eventSlug"": ""who-will-trump-nominate-as-fed-chair"", ""outcome"": ""Yes"", ""outcomeIndex"": 0, ""name"": """", ""pseudonym"": """", ""bio"": """", ""profileImage"": """", ""profileImageOptimized"": """", ""transactionHash"": ""0x98a1538c083f1d6f07181490697963a0eaa84b1e5c546b20f377d7175e192d08""}"
1771004125,2026-02-14T01:56:20.458067,0xd478fbca5910df92dcaee5ef26df5b7eb77847c610bd52f859a4a25d9b136dcd:1771004125,572473,5031084282167950494806674428243037744881029417420880897305642929037077494331,SELL,0.025,1.34,0.0335,0xd478fbca5910df92dcaee5ef26df5b7eb77847c610bd52f859a4a25d9b136dcd,"{""proxyWallet"": ""0xf375ffb557851c38695e3bc67b81e6ae46cc1c0e"", ""side"": ""SELL"", ""asset"": ""5031084282167950494806674428243037744881029417420880897305642929037077494331"", ""conditionId"": ""0x46d40e851b24d9b0af4bc1942ccd86439cae82a9011767da14950df0ad997adf"", ""size"": 1.34, ""price"": 0.025, ""timestamp"": 1771004125, ""title"": ""Will Trump nominate Judy Shelton as the next Fed chair?"", ""slug"": ""will-trump-nominate-judy-shelton-as-the-next-fed-chair"", ""icon"": ""https://polymarket-upload.s3.us-east-2.amazonaws.com/judy-shelton-15c5dd306b.png"", ""eventSlug"": ""who-will-trump-nominate-as-fed-chair"", ""outcome"": ""Yes"", ""outcomeIndex"": 0, ""name"": """", ""pseudonym"": """", ""bio"": """", ""profileImage"": """", ""profileImageOptimized"": """", ""transactionHash"": ""0xd478fbca5910df92dcaee5ef26df5b7eb77847c610bd52f859a4a25d9b136dcd""}"
1771004125,2026-02-14T01:56:20.458078,0x64d445ccaf58d8537f48826e7b168fa965d3a96c4117492cdc1a86340f6b5e57:1771004125,572473,5031084282167950494806674428243037744881029417420880897305642929037077494331,SELL,0.025,196.29,4.90725,0x64d445ccaf58d8537f48826e7b168fa965d3a96c4117492cdc1a86340f6b5e57,"{""proxyWallet"": ""0xc56b61ce690f82552f3266e88e46893d524cfe0a"", ""side"": ""SELL"", ""asset"": ""5031084282167950494806674428243037744881029417420880897305642929037077494331"", ""conditionId"": ""0x46d40e851b24d9b0af4bc1942ccd86439cae82a9011767da14950df0ad997adf"", ""size"": 196.29, ""price"": 0.025, ""timestamp"": 1771004125, ""title"": ""Will Trump nominate Judy Shelton as the next Fed chair?"", ""slug"": ""will-trump-nominate-judy-shelton-as-the-next-fed-chair"", ""icon"": ""https://polymarket-upload.s3.us-east-2.amazonaws.com/judy-shelton-15c5dd306b.png"", ""eventSlug"": ""who-will-trump-nominate-as-fed-chair"", ""outcome"": ""Yes"", ""outcomeIndex"": 0, ""name"": """", ""pseudonym"": """", ""bio"": """", ""profileImage"": """", ""profileImageOptimized"": """", ""transactionHash"": ""0x64d445ccaf58d8537f48826e7b168fa965d3a96c4117492cdc1a86340f6b5e57""}"
1771004125,2026-02-14T01:56:20.458090,0x28cf51133874b3949793880cafff54ae0f4237938561d132988f83f5b6c8a9b4:1771004125,572473,5031084282167950494806674428243037744881029417420880897305642929037077494331,SELL,0.025,0.36,0.009,0x28cf51133874b3949793880cafff54ae0f4237938561d132988f83f5b6c8a9b4,"{""proxyWallet"": ""0xff0931866aa744cc4f4e71d89055244adfff25ab"", ""side"": ""SELL"", ""asset"": ""5031084282167950494806674428243037744881029417420880897305642929037077494331"", ""conditionId"": ""0x46d40e851b24d9b0af4bc1942ccd86439cae82a9011767da14950df0ad997adf"", ""size"": 0.36, ""price"": 0.025, ""timestamp"": 1771004125, ""title"": ""Will Trump nominate Judy Shelton as the next Fed chair?"", ""slug"": ""will-trump-nominate-judy-shelton-as-the-next-fed-chair"", ""icon"": ""https://polymarket-upload.s3.us-east-2.amazonaws.com/judy-shelton-15c5dd306b.png"", ""eventSlug"": ""who-will-trump-nominate-as-fed-chair"", ""outcome"": ""Yes"", ""outcomeIndex"": 0, ""name"": """", ""pseudonym"": """", ""bio"": """", ""profileImage"": """", ""profileImageOptimized"": """", ""transactionHash"": ""0x28cf51133874b3949793880cafff54ae0f4237938561d132988f83f5b6c8a9b4""}"
1771004119,2026-02-14T01:56:20.458102,0x757b341eebd202af93118c88e0794160c639411920af4c441808be9371bbc5ce:1771004119,572473,5031084282167950494806674428243037744881029417420880897305642929037077494331,SELL,0.025,1.76,0.044000000000000004,0x757b341eebd202af93118c88e0794160c639411920af4c441808be9371bbc5ce,"{""proxyWallet"": ""0xdbc25056e9b960a6677856053a3b7694b95b93fb"", ""side"": ""SELL"", ""asset"": ""5031084282167950494806674428243037744881029417420880897305642929037077494331"", ""conditionId"": ""0x46d40e851b24d9b0af4bc1942ccd86439cae82a9011767da14950df0ad997adf"", ""size"": 1.76, ""price"": 0.025, ""timestamp"": 1771004119, ""title"": ""Will Trump nominate Judy Shelton as the next Fed chair?"", ""slug"": ""will-trump-nominate-judy-shelton-as-the-next-fed-chair"", ""icon"": ""https://polymarket-upload.s3.us-east-2.amazonaws.com/judy-shelton-15c5dd306b.png"", ""eventSlug"": ""who-will-trump-nominate-as-fed-chair"", ""outcome"": ""Yes"", ""outcomeIndex"": 0, ""name"": ""IMightBeWrong"", ""pseudonym"": ""Secret-Dessert"", ""bio"": """", ""profileImage"": """", ""profileImageOptimized"": """", ""transactionHash"": ""0x757b341eebd202af93118c88e0794160c639411920af4c441808be9371bbc5ce""}"
1771004119,2026-02-14T01:56:20.458113,0xa24df46bd0838fff7cc5ecf15390097c5591c4102c776a5612ca2d5516bc5c45:1771004119,572473,5031084282167950494806674428243037744881029417420880897305642929037077494331,SELL,0.025,528.75,13.21875,0xa24df46bd0838fff7cc5ecf15390097c5591c4102c776a5612ca2d5516bc5c45,"{""proxyWallet"": ""0xef14cb4d77c0ac350c6e6ef38b73d7bfa657a90f"", ""side"": ""SELL"", ""asset"": ""5031084282167950494806674428243037744881029417420880897305642929037077494331"", ""conditionId"": ""0x46d40e851b24d9b0af4bc1942ccd86439cae82a9011767da14950df0ad997adf"", ""size"": 528.75, ""price"": 0.025, ""timestamp"": 1771004119, ""title"": ""Will Trump nominate Judy Shelton as the next Fed chair?"", ""slug"": ""will-trump-nominate-judy-shelton-as-the-next-fed-chair"", ""icon"": ""https://polymarket-upload.s3.us-east-2.amazonaws.com/judy-shelton-15c5dd306b.png"", ""eventSlug"": ""who-will-trump-nominate-as-fed-chair"", ""outcome"": ""Yes"", ""outcomeIndex"": 0, ""name"": """", ""pseudonym"": """", ""bio"": """", ""profileImage"": """", ""profileImageOptimized"": """", ""transactionHash"": ""0xa24df46bd0838fff7cc5ecf15390097c5591c4102c776a5612ca2d5516bc5c45""}"
1771004119,2026-02-14T01:56:20.458126,0x2ed5ab1ffa7bbcc9158d4c0b17084b7f0f90eb1972f1a8e7fb6043d09fc38147:1771004119,572473,5031084282167950494806674428243037744881029417420880897305642929037077494331,SELL,0.025,5.13,0.12825,0x2ed5ab1ffa7bbcc9158d4c0b17084b7f0f90eb1972f1a8e7fb6043d09fc38147,"{""proxyWallet"": ""0xec05c999787c8d42d3c5c8646ce0e89522d6054c"", ""side"": ""SELL"", ""asset"": ""5031084282167950494806674428243037744881029417420880897305642929037077494331"", ""conditionId"": ""0x46d40e851b24d9b0af4bc1942ccd86439cae82a9011767da14950df0ad997adf"", ""size"": 5.13, ""price"": 0.025, ""timestamp"": 1771004119, ""title"": ""Will Trump nominate Judy Shelton as the next Fed chair?"", ""slug"": ""will-trump-nominate-judy-shelton-as-the-next-fed-chair"", ""icon"": ""https://polymarket-upload.s3.us-east-2.amazonaws.com/judy-shelton-15c5dd306b.png"", ""eventSlug"": ""who-will-trump-nominate-as-fed-chair"", ""outcome"": ""Yes"", ""outcomeIndex"": 0, ""name"": """", ""pseudonym"": """", ""bio"": """", ""profileImage"": """", ""profileImageOptimized"": """", ""transactionHash"": ""0x2ed5ab1ffa7bbcc9158d4c0b17084b7f0f90eb1972f1a8e7fb6043d09fc38147""}"
1771004119,2026-02-14T01:56:20.458139,0x9c4994fa499396f179e706cca0215f0d0681a5d15b93859cc2213eb0a2f6a8b7:1771004119,572473,5031084282167950494806674428243037744881029417420880897305642929037077494331,SELL,0.025,2.69,0.06725,0x9c4994fa499396f179e706cca0215f0d0681a5d15b93859cc2213eb0a2f6a8b7,"{""proxyWallet"": ""0xc994dcb62aeaf55e6935c3771a68a1506f9b7120"", ""side"": ""SELL"", ""asset"": ""5031084282167950494806674428243037744881029417420880897305642929037077494331"", ""conditionId"": ""0x46d40e851b24d9b0af4bc1942ccd86439cae82a9011767da14950df0ad997adf"", ""size"": 2.69, ""price"": 0.025, ""timestamp"": 1771004119, ""title"": ""Will Trump nominate Judy Shelton as the next Fed chair?"", ""slug"": ""will-trump-nominate-judy-shelton-as-the-next-fed-chair"", ""icon"": ""https://polymarket-upload.s3.us-east-2.amazonaws.com/judy-shelton-15c5dd306b.png"", ""eventSlug"": ""who-will-trump-nominate-as-fed-chair"", ""outcome"": ""Yes"", ""outcomeIndex"": 0, ""name"": """", ""pseudonym"": """", ""bio"": """", ""profileImage"": """", ""profileImageOptimized"": """", ""transactionHash"": ""0x9c4994fa499396f179e706cca0215f0d0681a5d15b93859cc2213eb0a2f6a8b7""}"
1771004119,2026-02-14T01:56:20.458151,0xc172b5601844ba3fd86079536604d772da402e7744c1799424656e135c356a11:1771004119,572473,5031084282167950494806674428243037744881029417420880897305642929037077494331,SELL,0.025,100.0,2.5,0xc172b5601844ba3fd86079536604d772da402e7744c1799424656e135c356a11,"{""proxyWallet"": ""0xc56b61ce690f82552f3266e88e46893d524cfe0a"", ""side"": ""SELL"", ""asset"": ""5031084282167950494806674428243037744881029417420880897305642929037077494331"", ""conditionId"": ""0x46d40e851b24d9b0af4bc1942ccd86439cae82a9011767da14950df0ad997adf"", ""size"": 100, ""price"": 0.025, ""timestamp"": 1771004119, ""title"": ""Will Trump nominate Judy Shelton as the next Fed chair?"", ""slug"": ""will-trump-nominate-judy-shelton-as-the-next-fed-chair"", ""icon"": ""https://polymarket-upload.s3.us-east-2.amazonaws.com/judy-shelton-15c5dd306b.png"", ""eventSlug"": ""who-will-trump-nominate-as-fed-chair"", ""outcome"": ""Yes"", ""outcomeIndex"": 0, ""name"": """", ""pseudonym"": """", ""bio"": """", ""profileImage"": """", ""profileImageOptimized"": """", ""transactionHash"": ""0xc172b5601844ba3fd86079536604d772da402e7744c1799424656e135c356a11""}"
1771004119,2026-02-14T01:56:20.458164,0x4f9c6c8cc5e6cb7518a86d9d3e9db32a50db0df7d9a43d8cec4910e8d5077f51:1771004119,572473,5031084282167950494806674428243037744881029417420880897305642929037077494331,SELL,0.025,0.74,0.0185,0x4f9c6c8cc5e6cb7518a86d9d3e9db32a50db0df7d9a43d8cec4910e8d5077f51,"{""proxyWallet"": ""0xf0cec0251d1828d5deed1019f78b6e8f75744aa1"", ""side"": ""SELL"", ""asset"": ""5031084282167950494806674428243037744881029417420880897305642929037077494331"", ""conditionId"": ""0x46d40e851b24d9b0af4bc1942ccd86439cae82a9011767da14950df0ad997adf"", ""size"": 0.74, ""price"": 0.025, ""timestamp"": 1771004119, ""title"": ""Will Trump nominate Judy Shelton as the next Fed chair?"", ""slug"": ""will-trump-nominate-judy-shelton-as-the-next-fed-chair"", ""icon"": ""https://polymarket-upload.s3.us-east-2.amazonaws.com/judy-shelton-15c5dd306b.png"", ""eventSlug"": ""who-will-trump-nominate-as-fed-chair"", ""outcome"": ""Yes"", ""outcomeIndex"": 0, ""name"": """", ""pseudonym"": """", ""bio"": """", ""profileImage"": """", ""profileImageOptimized"": """", ""transactionHash"": ""0x4f9c6c8cc5e6cb7518a86d9d3e9db32a50db0df7d9a43d8cec4910e8d5077f51""}"
1771004119,2026-02-14T01:56:20.458178,0xc4ab105726db165255617f817102d72fabeb0f4b321e8f5d46857bf446428507:1771004119,572473,5031084282167950494806674428243037744881029417420880897305642929037077494331,SELL,0.025,0.59,0.01475,0xc4ab105726db165255617f817102d72fabeb0f4b321e8f5d46857bf446428507,"{""proxyWallet"": ""0x8997a3f3c1138b8a585856bf07db8bdd7aa869fa"", ""side"": ""SELL"", ""asset"": ""5031084282167950494806674428243037744881029417420880897305642929037077494331"", ""conditionId"": ""0x46d40e851b24d9b0af4bc1942ccd86439cae82a9011767da14950df0ad997adf"", ""size"": 0.59, ""price"": 0.025, ""timestamp"": 1771004119, ""title"": ""Will Trump nominate Judy Shelton as the next Fed chair?"", ""slug"": ""will-trump-nominate-judy-shelton-as-the-next-fed-chair"", ""icon"": ""https://polymarket-upload.s3.us-east-2.amazonaws.com/judy-shelton-15c5dd306b.png"", ""eventSlug"": ""who-will-trump-nominate-as-fed-chair"", ""outcome"": ""Yes"", ""outcomeIndex"": 0, ""name"": """", ""pseudonym"": """", ""bio"": """", ""profileImage"": """", ""profileImageOptimized"": """", ""transactionHash"": ""0xc4ab105726db165255617f817102d72fabeb0f4b321e8f5d46857bf446428507""}"
1771004119,2026-02-14T01:56:20.458190,0x1f27f4a24766452671b36bfc66d1e1648bff80fdcef849038398af1e52921fcd:1771004119,572473,5031084282167950494806674428243037744881029417420880897305642929037077494331,SELL,0.025,2.83,0.07075000000000001,0x1f27f4a24766452671b36bfc66d1e1648bff80fdcef849038398af1e52921fcd,"{""proxyWallet"": ""0xb22326c1770aa89dfb2b372137e570a360433772"", ""side"": ""SELL"", ""asset"": ""5031084282167950494806674428243037744881029417420880897305642929037077494331"", ""conditionId"": ""0x46d40e851b24d9b0af4bc1942ccd86439cae82a9011767da14950df0ad997adf"", ""size"": 2.83, ""price"": 0.025, ""timestamp"": 1771004119, ""title"": ""Will Trump nominate Judy Shelton as the next Fed chair?"", ""slug"": ""will-trump-nominate-judy-shelton-as-the-next-fed-chair"", ""icon"": ""https://polymarket-upload.s3.us-east-2.amazonaws.com/judy-shelton-15c5dd306b.png"", ""eventSlug"": ""who-will-trump-nominate-as-fed-chair"", ""outcome"": ""Yes"", ""outcomeIndex"": 0, ""name"": """", ""pseudonym"": """", ""bio"": """", ""profileImage"": """", ""profileImageOptimized"": """", ""transactionHash"": ""0x1f27f4a24766452671b36bfc66d1e1648bff80fdcef849038398af1e52921fcd""}"
1771004119,2026-02-14T01:56:20.458201,0x1f680755fc22d7855b37ff98385c74aca12c359226e2b33e35f5df39795b22bd:1771004119,572473,5031084282167950494806674428243037744881029417420880897305642929037077494331,SELL,0.025,0.68,0.017,0x1f680755fc22d7855b37ff98385c74aca12c359226e2b33e35f5df39795b22bd,"{""proxyWallet"": ""0xf375ffb557851c38695e3bc67b81e6ae46cc1c0e"", ""side"": ""SELL"", ""asset"": ""5031084282167950494806674428243037744881029417420880897305642929037077494331"", ""conditionId"": ""0x46d40e851b24d9b0af4bc1942ccd86439cae82a9011767da14950df0ad997adf"", ""size"": 0.68, ""price"": 0.025, ""timestamp"": 1771004119, ""title"": ""Will Trump nominate Judy Shelton as the next Fed chair?"", ""slug"": ""will-trump-nominate-judy-shelton-as-the-next-fed-chair"", ""icon"": ""https://polymarket-upload.s3.us-east-2.amazonaws.com/judy-shelton-15c5dd306b.png"", ""eventSlug"": ""who-will-trump-nominate-as-fed-chair"", ""outcome"": ""Yes"", ""outcomeIndex"": 0, ""name"": """", ""pseudonym"": """", ""bio"": """", ""profileImage"": """", ""profileImageOptimized"": """", ""transactionHash"": ""0x1f680755fc22d7855b37ff98385c74aca12c359226e2b33e35f5df39795b22bd""}"
1771004117,2026-02-14T01:56:20.458212,0xfe2845e909f8edea15cb3607affada122bcd80c4b15b0a8e31f4d56b3b635ec3:1771004117,572473,5031084282167950494806674428243037744881029417420880897305642929037077494331,SELL,0.025,0.18,0.0045,0xfe2845e909f8edea15cb3607affada122bcd80c4b15b0a8e31f4d56b3b635ec3,"{""proxyWallet"": ""0xff0931866aa744cc4f4e71d89055244adfff25ab"", ""side"": ""SELL"", ""asset"": ""5031084282167950494806674428243037744881029417420880897305642929037077494331"", ""conditionId"": ""0x46d40e851b24d9b0af4bc1942ccd86439cae82a9011767da14950df0ad997adf"", ""size"": 0.18, ""price"": 0.025, ""timestamp"": 1771004117, ""title"": ""Will Trump nominate Judy Shelton as the next Fed chair?"", ""slug"": ""will-trump-nominate-judy-shelton-as-the-next-fed-chair"", ""icon"": ""https://polymarket-upload.s3.us-east-2.amazonaws.com/judy-shelton-15c5dd306b.png"", ""eventSlug"": ""who-will-trump-nominate-as-fed-chair"", ""outcome"": ""Yes"", ""outcomeIndex"": 0, ""name"": """", ""pseudonym"": """", ""bio"": """", ""profileImage"": """", ""profileImageOptimized"": """", ""transactionHash"": ""0xfe2845e909f8edea15cb3607affada122bcd80c4b15b0a8e31f4d56b3b635ec3""}"
1771004117,2026-02-14T01:56:20.458226,0xd7d184252fb89211511c66d32f2b781889bbdd2a84cb63371d07c5b2ae2b0b4e:1771004117,572473,5031084282167950494806674428243037744881029417420880897305642929037077494331,BUY,0.02699999951756604,1962.962961,52.999999,0xd7d184252fb89211511c66d32f2b781889bbdd2a84cb63371d07c5b2ae2b0b4e,"{""proxyWallet"": ""0x114486221bb7f6395ec45c1b6ab1dc13e6b1312e"", ""side"": ""BUY"", ""asset"": ""5031084282167950494806674428243037744881029417420880897305642929037077494331"", ""conditionId"": ""0x46d40e851b24d9b0af4bc1942ccd86439cae82a9011767da14950df0ad997adf"", ""size"": 1962.962961, ""price"": 0.02699999951756604, ""timestamp"": 1771004117, ""title"": ""Will Trump nominate Judy Shelton as the next Fed chair?"", ""slug"": ""will-trump-nominate-judy-shelton-as-the-next-fed-chair"", ""icon"": ""https://polymarket-upload.s3.us-east-2.amazonaws.com/judy-shelton-15c5dd306b.png"", ""eventSlug"": ""who-will-trump-nominate-as-fed-chair"", ""outcome"": ""Yes"", ""outcomeIndex"": 0, ""name"": ""Zj369"", ""pseudonym"": ""Greedy-Adverb"", ""bio"": """", ""profileImage"": """", ""profileImageOptimized"": """", ""transactionHash"": ""0xd7d184252fb89211511c66d32f2b781889bbdd2a84cb63371d07c5b2ae2b0b4e""}"
1771004115,2026-02-14T01:56:20.458239,0xf239c79c96cf3ed033b654dddc06675537ae28c99424469eefe1e0f5c8be87f4:1771004115,572473,5031084282167950494806674428243037744881029417420880897305642929037077494331,SELL,0.025,850.45,21.261250000000004,0xf239c79c96cf3ed033b654dddc06675537ae28c99424469eefe1e0f5c8be87f4,"{""proxyWallet"": ""0xb7410bbf19b2a0e3e41eca3632e9359c922cc835"", ""side"": ""SELL"", ""asset"": ""5031084282167950494806674428243037744881029417420880897305642929037077494331"", ""conditionId"": ""0x46d40e851b24d9b0af4bc1942ccd86439cae82a9011767da14950df0ad997adf"", ""size"": 850.45, ""price"": 0.025, ""timestamp"": 1771004115, ""title"": ""Will Trump nominate Judy Shelton as the next Fed chair?"", ""slug"": ""will-trump-nominate-judy-shelton-as-the-next-fed-chair"", ""icon"": ""https://polymarket-upload.s3.us-east-2.amazonaws.com/judy-shelton-15c5dd306b.png"", ""eventSlug"": ""who-will-trump-nominate-as-fed-chair"", ""outcome"": ""Yes"", ""outcomeIndex"": 0, ""name"": """", ""pseudonym"": """", ""bio"": """", ""profileImage"": """", ""profileImageOptimized"": """", ""transactionHash"": ""0xf239c79c96cf3ed033b654dddc06675537ae28c99424469eefe1e0f5c8be87f4""}"
1771004115,2026-02-14T01:56:20.458251,0xb2acc51664b29d1525f45ead898940d1462552a0d91d4967888a11e9579f34f8:1771004115,572473,5031084282167950494806674428243037744881029417420880897305642929037077494331,SELL,0.025,47.27,1.18175,0xb2acc51664b29d1525f45ead898940d1462552a0d91d4967888a11e9579f34f8,"{""proxyWallet"": ""0xff225018352cb3730553c6816cc395ae951b791a"", ""side"": ""SELL"", ""asset"": ""5031084282167950494806674428243037744881029417420880897305642929037077494331"", ""conditionId"": ""0x46d40e851b24d9b0af4bc1942ccd86439cae82a9011767da14950df0ad997adf"", ""size"": 47.27, ""price"": 0.025, ""timestamp"": 1771004115, ""title"": ""Will Trump nominate Judy Shelton as the next Fed chair?"", ""slug"": ""will-trump-nominate-judy-shelton-as-the-next-fed-chair"", ""icon"": ""https://polymarket-upload.s3.us-east-2.amazonaws.com/judy-shelton-15c5dd306b.png"", ""eventSlug"": ""who-will-trump-nominate-as-fed-chair"", ""outcome"": ""Yes"", ""outcomeIndex"": 0, ""name"": """", ""pseudonym"": """", ""bio"": """", ""profileImage"": """", ""profileImageOptimized"": """", ""transactionHash"": ""0xb2acc51664b29d1525f45ead898940d1462552a0d91d4967888a11e9579f34f8""}"
1771004113,2026-02-14T01:56:20.458262,0xaed856d18057c249ea1500e69749377f38a7a103039843458a82b1c7db3ae6e5:1771004113,572473,5031084282167950494806674428243037744881029417420880897305642929037077494331,SELL,0.025,1.37,0.03425,0xaed856d18057c249ea1500e69749377f38a7a103039843458a82b1c7db3ae6e5,"{""proxyWallet"": ""0xc994dcb62aeaf55e6935c3771a68a1506f9b7120"", ""side"": ""SELL"", ""asset"": ""5031084282167950494806674428243037744881029417420880897305642929037077494331"", ""conditionId"": ""0x46d40e851b24d9b0af4bc1942ccd86439cae82a9011767da14950df0ad997adf"", ""size"": 1.37, ""price"": 0.025, ""timestamp"": 1771004113, ""title"": ""Will Trump nominate Judy Shelton as the next Fed chair?"", ""slug"": ""will-trump-nominate-judy-shelton-as-the-next-fed-chair"", ""icon"": ""https://polymarket-upload.s3.us-east-2.amazonaws.com/judy-shelton-15c5dd306b.png"", ""eventSlug"": ""who-will-trump-nominate-as-fed-chair"", ""outcome"": ""Yes"", ""outcomeIndex"": 0, ""name"": """", ""pseudonym"": """", ""bio"": """", ""profileImage"": """", ""profileImageOptimized"": """", ""transactionHash"": ""0xaed856d18057c249ea1500e69749377f38a7a103039843458a82b1c7db3ae6e5""}"
1771004113,2026-02-14T01:56:20.458273,0x237567ee9a96f8c8bfccefb7a0f0447b6494a11d9bf4d61222f3b4d243b81664:1771004113,572473,5031084282167950494806674428243037744881029417420880897305642929037077494331,SELL,0.025,1.44,0.036,0x237567ee9a96f8c8bfccefb7a0f0447b6494a11d9bf4d61222f3b4d243b81664,"{""proxyWallet"": ""0xb22326c1770aa89dfb2b372137e570a360433772"", ""side"": ""SELL"", ""asset"": ""5031084282167950494806674428243037744881029417420880897305642929037077494331"", ""conditionId"": ""0x46d40e851b24d9b0af4bc1942ccd86439cae82a9011767da14950df0ad997adf"", ""size"": 1.44, ""price"": 0.025, ""timestamp"": 1771004113, ""title"": ""Will Trump nominate Judy Shelton as the next Fed chair?"", ""slug"": ""will-trump-nominate-judy-shelton-as-the-next-fed-chair"", ""icon"": ""https://polymarket-upload.s3.us-east-2.amazonaws.com/judy-shelton-15c5dd306b.png"", ""eventSlug"": ""who-will-trump-nominate-as-fed-chair"", ""outcome"": ""Yes"", ""outcomeIndex"": 0, ""name"": """", ""pseudonym"": """", ""bio"": """", ""profileImage"": """", ""profileImageOptimized"": """", ""transactionHash"": ""0x237567ee9a96f8c8bfccefb7a0f0447b6494a11d9bf4d61222f3b4d243b81664""}"
1771004113,2026-02-14T01:56:20.458285,0x69c7685cfaf043611e055310420dcdfa8588a077cdf3dd2962b15d5187b9eecf:1771004113,572473,5031084282167950494806674428243037744881029417420880897305642929037077494331,SELL,0.025,2.61,0.06525,0x69c7685cfaf043611e055310420dcdfa8588a077cdf3dd2962b15d5187b9eecf,"{""proxyWallet"": ""0xec05c999787c8d42d3c5c8646ce0e89522d6054c"", ""side"": ""SELL"", ""asset"": ""5031084282167950494806674428243037744881029417420880897305642929037077494331"", ""conditionId"": ""0x46d40e851b24d9b0af4bc1942ccd86439cae82a9011767da14950df0ad997adf"", ""size"": 2.61, ""price"": 0.025, ""timestamp"": 1771004113, ""title"": ""Will Trump nominate Judy Shelton as the next Fed chair?"", ""slug"": ""will-trump-nominate-judy-shelton-as-the-next-fed-chair"", ""icon"": ""https://polymarket-upload.s3.us-east-2.amazonaws.com/judy-shelton-15c5dd306b.png"", ""eventSlug"": ""who-will-trump-nominate-as-fed-chair"", ""outcome"": ""Yes"", ""outcomeIndex"": 0, ""name"": """", ""pseudonym"": """", ""bio"": """", ""profileImage"": """", ""profileImageOptimized"": """", ""transactionHash"": ""0x69c7685cfaf043611e055310420dcdfa8588a077cdf3dd2962b15d5187b9eecf""}"
1771004113,2026-02-14T01:56:20.458296,0x1ce2bb6390b453341a8c547d517bdd71f17f9c349f5caa3dc66c86860af8bb0f:1771004113,572473,5031084282167950494806674428243037744881029417420880897305642929037077494331,SELL,0.025,0.89,0.022250000000000002,0x1ce2bb6390b453341a8c547d517bdd71f17f9c349f5caa3dc66c86860af8bb0f,"{""proxyWallet"": ""0xdbc25056e9b960a6677856053a3b7694b95b93fb"", ""side"": ""SELL"", ""asset"": ""5031084282167950494806674428243037744881029417420880897305642929037077494331"", ""conditionId"": ""0x46d40e851b24d9b0af4bc1942ccd86439cae82a9011767da14950df0ad997adf"", ""size"": 0.89, ""price"": 0.025, ""timestamp"": 1771004113, ""title"": ""Will Trump nominate Judy Shelton as the next Fed chair?"", ""slug"": ""will-trump-nominate-judy-shelton-as-the-next-fed-chair"", ""icon"": ""https://polymarket-upload.s3.us-east-2.amazonaws.com/judy-shelton-15c5dd306b.png"", ""eventSlug"": ""who-will-trump-nominate-as-fed-chair"", ""outcome"": ""Yes"", ""outcomeIndex"": 0, ""name"": ""IMightBeWrong"", ""pseudonym"": ""Secret-Dessert"", ""bio"": """", ""profileImage"": """", ""profileImageOptimized"": """", ""transactionHash"": ""0x1ce2bb6390b453341a8c547d517bdd71f17f9c349f5caa3dc66c86860af8bb0f""}"
1771004113,2026-02-14T01:56:20.458308,0x7978efbdb9cb70de8f70d74381d93d9b414f48cb9cc3b5f4cc30770c5afb96b6:1771004113,572473,5031084282167950494806674428243037744881029417420880897305642929037077494331,SELL,0.025,0.38,0.009500000000000001,0x7978efbdb9cb70de8f70d74381d93d9b414f48cb9cc3b5f4cc30770c5afb96b6,"{""proxyWallet"": ""0xf0cec0251d1828d5deed1019f78b6e8f75744aa1"", ""side"": ""SELL"", ""asset"": ""5031084282167950494806674428243037744881029417420880897305642929037077494331"", ""conditionId"": ""0x46d40e851b24d9b0af4bc1942ccd86439cae82a9011767da14950df0ad997adf"", ""size"": 0.38, ""price"": 0.025, ""timestamp"": 1771004113, ""title"": ""Will Trump nominate Judy Shelton as the next Fed chair?"", ""slug"": ""will-trump-nominate-judy-shelton-as-the-next-fed-chair"", ""icon"": ""https://polymarket-upload.s3.us-east-2.amazonaws.com/judy-shelton-15c5dd306b.png"", ""eventSlug"": ""who-will-trump-nominate-as-fed-chair"", ""outcome"": ""Yes"", ""outcomeIndex"": 0, ""name"": """", ""pseudonym"": """", ""bio"": """", ""profileImage"": """", ""profileImageOptimized"": """", ""transactionHash"": ""0x7978efbdb9cb70de8f70d74381d93d9b414f48cb9cc3b5f4cc30770c5afb96b6""}"
1771004111,2026-02-14T01:56:20.458319,0x1870a54da34dba86b777c1d33fe7fe1271f619231c2d41d9fc4417eb6739ca7b:1771004111,572473,5031084282167950494806674428243037744881029417420880897305642929037077494331,SELL,0.025,0.03,0.00075,0x1870a54da34dba86b777c1d33fe7fe1271f619231c2d41d9fc4417eb6739ca7b,"{""proxyWallet"": ""0x8997a3f3c1138b8a585856bf07db8bdd7aa869fa"", ""side"": ""SELL"", ""asset"": ""5031084282167950494806674428243037744881029417420880897305642929037077494331"", ""conditionId"": ""0x46d40e851b24d9b0af4bc1942ccd86439cae82a9011767da14950df0ad997adf"", ""size"": 0.03, ""price"": 0.025, ""timestamp"": 1771004111, ""title"": ""Will Trump nominate Judy Shelton as the next Fed chair?"", ""slug"": ""will-trump-nominate-judy-shelton-as-the-next-fed-chair"", ""icon"": ""https://polymarket-upload.s3.us-east-2.amazonaws.com/judy-shelton-15c5dd306b.png"", ""eventSlug"": ""who-will-trump-nominate-as-fed-chair"", ""outcome"": ""Yes"", ""outcomeIndex"": 0, ""name"": """", ""pseudonym"": """", ""bio"": """", ""profileImage"": """", ""profileImageOptimized"": """", ""transactionHash"": ""0x1870a54da34dba86b777c1d33fe7fe1271f619231c2d41d9fc4417eb6739ca7b""}"
1771004111,2026-02-14T01:56:20.458331,0x1da089f6ec86387ab7ae369c305a3ee1df92111831d0f285e6ceb0a574e36458:1771004111,572473,5031084282167950494806674428243037744881029417420880897305642929037077494331,SELL,0.025,50.65,1.26625,0x1da089f6ec86387ab7ae369c305a3ee1df92111831d0f285e6ceb0a574e36458,"{""proxyWallet"": ""0xef14cb4d77c0ac350c6e6ef38b73d7bfa657a90f"", ""side"": ""SELL"", ""asset"": ""5031084282167950494806674428243037744881029417420880897305642929037077494331"", ""conditionId"": ""0x46d40e851b24d9b0af4bc1942ccd86439cae82a9011767da14950df0ad997adf"", ""size"": 50.65, ""price"": 0.025, ""timestamp"": 1771004111, ""title"": ""Will Trump nominate Judy Shelton as the next Fed chair?"", ""slug"": ""will-trump-nominate-judy-shelton-as-the-next-fed-chair"", ""icon"": ""https://polymarket-upload.s3.us-east-2.amazonaws.com/judy-shelton-15c5dd306b.png"", ""eventSlug"": ""who-will-trump-nominate-as-fed-chair"", ""outcome"": ""Yes"", ""outcomeIndex"": 0, ""name"": """", ""pseudonym"": """", ""bio"": """", ""profileImage"": """", ""profileImageOptimized"": """", ""transactionHash"": ""0x1da089f6ec86387ab7ae369c305a3ee1df92111831d0f285e6ceb0a574e36458""}"
1771004111,2026-02-14T01:56:20.458343,0xa04a4bd79085bd4f1367679f71e20b92ac0af1f5f4414999a89c02d45775da7c:1771004111,572473,5031084282167950494806674428243037744881029417420880897305642929037077494331,SELL,0.025,0.03,0.00075,0xa04a4bd79085bd4f1367679f71e20b92ac0af1f5f4414999a89c02d45775da7c,"{""proxyWallet"": ""0xf375ffb557851c38695e3bc67b81e6ae46cc1c0e"", ""side"": ""SELL"", ""asset"": ""5031084282167950494806674428243037744881029417420880897305642929037077494331"", ""conditionId"": ""0x46d40e851b24d9b0af4bc1942ccd86439cae82a9011767da14950df0ad997adf"", ""size"": 0.03, ""price"": 0.025, ""timestamp"": 1771004111, ""title"": ""Will Trump nominate Judy Shelton as the next Fed chair?"", ""slug"": ""will-trump-nominate-judy-shelton-as-the-next-fed-chair"", ""icon"": ""https://polymarket-upload.s3.us-east-2.amazonaws.com/judy-shelton-15c5dd306b.png"", ""eventSlug"": ""who-will-trump-nominate-as-fed-chair"", ""outcome"": ""Yes"", ""outcomeIndex"": 0, ""name"": """", ""pseudonym"": """", ""bio"": """", ""profileImage"": """", ""profileImageOptimized"": """", ""transactionHash"": ""0xa04a4bd79085bd4f1367679f71e20b92ac0af1f5f4414999a89c02d45775da7c""}"
1771004111,2026-02-14T01:56:20.458356,0x43b80e5326d3a16c30609da7198f8260925b27946dbe1fb3530487146fa2f8f9:1771004111,572473,5031084282167950494806674428243037744881029417420880897305642929037077494331,BUY,0.027,1000.0,27.0,0x43b80e5326d3a16c30609da7198f8260925b27946dbe1fb3530487146fa2f8f9,"{""proxyWallet"": ""0x790f61b551b83d78941890bb264003aee7851a00"", ""side"": ""BUY"", ""asset"": ""5031084282167950494806674428243037744881029417420880897305642929037077494331"", ""conditionId"": ""0x46d40e851b24d9b0af4bc1942ccd86439cae82a9011767da14950df0ad997adf"", ""size"": 1000, ""price"": 0.027, ""timestamp"": 1771004111, ""title"": ""Will Trump nominate Judy Shelton as the next Fed chair?"", ""slug"": ""will-trump-nominate-judy-shelton-as-the-next-fed-chair"", ""icon"": ""https://polymarket-upload.s3.us-east-2.amazonaws.com/judy-shelton-15c5dd306b.png"", ""eventSlug"": ""who-will-trump-nominate-as-fed-chair"", ""outcome"": ""Yes"", ""outcomeIndex"": 0, ""name"": """", ""pseudonym"": """", ""bio"": """", ""profileImage"": """", ""profileImageOptimized"": """", ""transactionHash"": ""0x43b80e5326d3a16c30609da7198f8260925b27946dbe1fb3530487146fa2f8f9""}"
1771004111,2026-02-14T01:56:20.458368,0x5b19236dfbbcb67d4a1762da4c44da8c35fadb85541cd6a8926767c0671f1aa0:1771004111,572473,5031084282167950494806674428243037744881029417420880897305642929037077494331,SELL,0.025,5.06,0.1265,0x5b19236dfbbcb67d4a1762da4c44da8c35fadb85541cd6a8926767c0671f1aa0,"{""proxyWallet"": ""0xc56b61ce690f82552f3266e88e46893d524cfe0a"", ""side"": ""SELL"", ""asset"": ""5031084282167950494806674428243037744881029417420880897305642929037077494331"", ""conditionId"": ""0x46d40e851b24d9b0af4bc1942ccd86439cae82a9011767da14950df0ad997adf"", ""size"": 5.06, ""price"": 0.025, ""timestamp"": 1771004111, ""title"": ""Will Trump nominate Judy Shelton as the next Fed chair?"", ""slug"": ""will-trump-nominate-judy-shelton-as-the-next-fed-chair"", ""icon"": ""https://polymarket-upload.s3.us-east-2.amazonaws.com/judy-shelton-15c5dd306b.png"", ""eventSlug"": ""who-will-trump-nominate-as-fed-chair"", ""outcome"": ""Yes"", ""outcomeIndex"": 0, ""name"": """", ""pseudonym"": """", ""bio"": """", ""profileImage"": """", ""profileImageOptimized"": """", ""transactionHash"": ""0x5b19236dfbbcb67d4a1762da4c44da8c35fadb85541cd6a8926767c0671f1aa0""}"
1771004109,2026-02-14T01:56:20.458380,0xdfce9af409ea7586d522d53fab5bee897f574202a3dc0798dcfab388669cab4f:1771004109,572473,5031084282167950494806674428243037744881029417420880897305642929037077494331,SELL,0.025,0.32,0.008,0xdfce9af409ea7586d522d53fab5bee897f574202a3dc0798dcfab388669cab4f,"{""proxyWallet"": ""0x8997a3f3c1138b8a585856bf07db8bdd7aa869fa"", ""side"": ""SELL"", ""asset"": ""5031084282167950494806674428243037744881029417420880897305642929037077494331"", ""conditionId"": ""0x46d40e851b24d9b0af4bc1942ccd86439cae82a9011767da14950df0ad997adf"", ""size"": 0.32, ""price"": 0.025, ""timestamp"": 1771004109, ""title"": ""Will Trump nominate Judy Shelton as the next Fed chair?"", ""slug"": ""will-trump-nominate-judy-shelton-as-the-next-fed-chair"", ""icon"": ""https://polymarket-upload.s3.us-east-2.amazonaws.com/judy-shelton-15c5dd306b.png"", ""eventSlug"": ""who-will-trump-nominate-as-fed-chair"", ""outcome"": ""Yes"", ""outcomeIndex"": 0, ""name"": """", ""pseudonym"": """", ""bio"": """", ""profileImage"": """", ""profileImageOptimized"": """", ""transactionHash"": ""0xdfce9af409ea7586d522d53fab5bee897f574202a3dc0798dcfab388669cab4f""}"
1771004109,2026-02-14T01:56:20.458391,0xa2d7204fb48446f126d4fee66e507d23a26f09d706df0cc2e7a8f2ebc542431b:1771004109,572473,5031084282167950494806674428243037744881029417420880897305642929037077494331,SELL,0.025,0.37,0.00925,0xa2d7204fb48446f126d4fee66e507d23a26f09d706df0cc2e7a8f2ebc542431b,"{""proxyWallet"": ""0xf375ffb557851c38695e3bc67b81e6ae46cc1c0e"", ""side"": ""SELL"", ""asset"": ""5031084282167950494806674428243037744881029417420880897305642929037077494331"", ""conditionId"": ""0x46d40e851b24d9b0af4bc1942ccd86439cae82a9011767da14950df0ad997adf"", ""size"": 0.37, ""price"": 0.025, ""timestamp"": 1771004109, ""title"": ""Will Trump nominate Judy Shelton as the next Fed chair?"", ""slug"": ""will-trump-nominate-judy-shelton-as-the-next-fed-chair"", ""icon"": ""https://polymarket-upload.s3.us-east-2.amazonaws.com/judy-shelton-15c5dd306b.png"", ""eventSlug"": ""who-will-trump-nominate-as-fed-chair"", ""outcome"": ""Yes"", ""outcomeIndex"": 0, ""name"": """", ""pseudonym"": """", ""bio"": """", ""profileImage"": """", ""profileImageOptimized"": """", ""transactionHash"": ""0xa2d7204fb48446f126d4fee66e507d23a26f09d706df0cc2e7a8f2ebc542431b""}"
1771004107,2026-02-14T01:56:20.458408,0x8feb12941aad6d0d033bcc6ab3a5d0d4e20f9949da820868290c80563d3aaf64:1771004107,572473,5031084282167950494806674428243037744881029417420880897305642929037077494331,SELL,0.025,0.1,0.0025000000000000005,0x8feb12941aad6d0d033bcc6ab3a5d0d4e20f9949da820868290c80563d3aaf64,"{""proxyWallet"": ""0xff0931866aa744cc4f4e71d89055244adfff25ab"", ""side"": ""SELL"", ""asset"": ""5031084282167950494806674428243037744881029417420880897305642929037077494331"", ""conditionId"": ""0x46d40e851b24d9b0af4bc1942ccd86439cae82a9011767da14950df0ad997adf"", ""size"": 0.1, ""price"": 0.025, ""timestamp"": 1771004107, ""title"": ""Will Trump nominate Judy Shelton as the next Fed chair?"", ""slug"": ""will-trump-nominate-judy-shelton-as-the-next-fed-chair"", ""icon"": ""https://polymarket-upload.s3.us-east-2.amazonaws.com/judy-shelton-15c5dd306b.png"", ""eventSlug"": ""who-will-trump-nominate-as-fed-chair"", ""outcome"": ""Yes"", ""outcomeIndex"": 0, ""name"": """", ""pseudonym"": """", ""bio"": """", ""profileImage"": """", ""profileImageOptimized"": """", ""transactionHash"": ""0x8feb12941aad6d0d033bcc6ab3a5d0d4e20f9949da820868290c80563d3aaf64""}"
1771004107,2026-02-14T01:56:20.458433,0x57caa2db637f71f0972d92ad270faeb9a7d342323a49a12029d52fda6f8488ca:1771004107,572473,5031084282167950494806674428243037744881029417420880897305642929037077494331,SELL,0.025,54.71,1.36775,0x57caa2db637f71f0972d92ad270faeb9a7d342323a49a12029d52fda6f8488ca,"{""proxyWallet"": ""0xc56b61ce690f82552f3266e88e46893d524cfe0a"", ""side"": ""SELL"", ""asset"": ""5031084282167950494806674428243037744881029417420880897305642929037077494331"", ""conditionId"": ""0x46d40e851b24d9b0af4bc1942ccd86439cae82a9011767da14950df0ad997adf"", ""size"": 54.71, ""price"": 0.025, ""timestamp"": 1771004107, ""title"": ""Will Trump nominate Judy Shelton as the next Fed chair?"", ""slug"": ""will-trump-nominate-judy-shelton-as-the-next-fed-chair"", ""icon"": ""https://polymarket-upload.s3.us-east-2.amazonaws.com/judy-shelton-15c5dd306b.png"", ""eventSlug"": ""who-will-trump-nominate-as-fed-chair"", ""outcome"": ""Yes"", ""outcomeIndex"": 0, ""name"": """", ""pseudonym"": """", ""bio"": """", ""profileImage"": """", ""profileImageOptimized"": """", ""transactionHash"": ""0x57caa2db637f71f0972d92ad270faeb9a7d342323a49a12029d52fda6f8488ca""}"
1771004107,2026-02-14T01:56:20.458452,0x9426231d19514dc98f2f1264a1bcff033daafb4bc826b83dc45cd03880be8392:1771004107,572473,5031084282167950494806674428243037744881029417420880897305642929037077494331,SELL,0.025,547.12,13.678,0x9426231d19514dc98f2f1264a1bcff033daafb4bc826b83dc45cd03880be8392,"{""proxyWallet"": ""0xef14cb4d77c0ac350c6e6ef38b73d7bfa657a90f"", ""side"": ""SELL"", ""asset"": ""5031084282167950494806674428243037744881029417420880897305642929037077494331"", ""conditionId"": ""0x46d40e851b24d9b0af4bc1942ccd86439cae82a9011767da14950df0ad997adf"", ""size"": 547.12, ""price"": 0.025, ""timestamp"": 1771004107, ""title"": ""Will Trump nominate Judy Shelton as the next Fed chair?"", ""slug"": ""will-trump-nominate-judy-shelton-as-the-next-fed-chair"", ""icon"": ""https://polymarket-upload.s3.us-east-2.amazonaws.com/judy-shelton-15c5dd306b.png"", ""eventSlug"": ""who-will-trump-nominate-as-fed-chair"", ""outcome"": ""Yes"", ""outcomeIndex"": 0, ""name"": """", ""pseudonym"": """", ""bio"": """", ""profileImage"": """", ""profileImageOptimized"": """", ""transactionHash"": ""0x9426231d19514dc98f2f1264a1bcff033daafb4bc826b83dc45cd03880be8392""}"
1771004105,2026-02-14T01:56:20.458469,0xdb8d2803201644c048f7c0fa3b549976ae2b145779829c9718fb228e66da329e:1771004105,572473,5031084282167950494806674428243037744881029417420880897305642929037077494331,SELL,0.025,0.13,0.0032500000000000003,0xdb8d2803201644c048f7c0fa3b549976ae2b145779829c9718fb228e66da329e,"{""proxyWallet"": ""0xec05c999787c8d42d3c5c8646ce0e89522d6054c"", ""side"": ""SELL"", ""asset"": ""5031084282167950494806674428243037744881029417420880897305642929037077494331"", ""conditionId"": ""0x46d40e851b24d9b0af4bc1942ccd86439cae82a9011767da14950df0ad997adf"", ""size"": 0.13, ""price"": 0.025, ""timestamp"": 1771004105, ""title"": ""Will Trump nominate Judy Shelton as the next Fed chair?"", ""slug"": ""will-trump-nominate-judy-shelton-as-the-next-fed-chair"", ""icon"": ""https://polymarket-upload.s3.us-east-2.amazonaws.com/judy-shelton-15c5dd306b.png"", ""eventSlug"": ""who-will-trump-nominate-as-fed-chair"", ""outcome"": ""Yes"", ""outcomeIndex"": 0, ""name"": """", ""pseudonym"": """", ""bio"": """", ""profileImage"": """", ""profileImageOptimized"": """", ""transactionHash"": ""0xdb8d2803201644c048f7c0fa3b549976ae2b145779829c9718fb228e66da329e""}"
1771004105,2026-02-14T01:56:20.458486,0xe7043bdb76f319f111055eda9db48e68e5d370ea2bf6acfce22058ace806e07f:1771004105,572473,5031084282167950494806674428243037744881029417420880897305642929037077494331,SELL,0.025,0.07,0.0017500000000000003,0xe7043bdb76f319f111055eda9db48e68e5d370ea2bf6acfce22058ace806e07f,"{""proxyWallet"": ""0xb22326c1770aa89dfb2b372137e570a360433772"", ""side"": ""SELL"", ""asset"": ""5031084282167950494806674428243037744881029417420880897305642929037077494331"", ""conditionId"": ""0x46d40e851b24d9b0af4bc1942ccd86439cae82a9011767da14950df0ad997adf"", ""size"": 0.07, ""price"": 0.025, ""timestamp"": 1771004105, ""title"": ""Will Trump nominate Judy Shelton as the next Fed chair?"", ""slug"": ""will-trump-nominate-judy-shelton-as-the-next-fed-chair"", ""icon"": ""https://polymarket-upload.s3.us-east-2.amazonaws.com/judy-shelton-15c5dd306b.png"", ""eventSlug"": ""who-will-trump-nominate-as-fed-chair"", ""outcome"": ""Yes"", ""outcomeIndex"": 0, ""name"": """", ""pseudonym"": """", ""bio"": """", ""profileImage"": """", ""profileImageOptimized"": """", ""transactionHash"": ""0xe7043bdb76f319f111055eda9db48e68e5d370ea2bf6acfce22058ace806e07f""}"
1771004105,2026-02-14T01:56:20.458504,0x23f21058244c77bd3493d9c9c6912b59b5da95033dcbc173ec1cd5a518168f15:1771004105,572473,5031084282167950494806674428243037744881029417420880897305642929037077494331,SELL,0.025,0.01,0.00025,0x23f21058244c77bd3493d9c9c6912b59b5da95033dcbc173ec1cd5a518168f15,"{""proxyWallet"": ""0xf0cec0251d1828d5deed1019f78b6e8f75744aa1"", ""side"": ""SELL"", ""asset"": ""5031084282167950494806674428243037744881029417420880897305642929037077494331"", ""conditionId"": ""0x46d40e851b24d9b0af4bc1942ccd86439cae82a9011767da14950df0ad997adf"", ""size"": 0.01, ""price"": 0.025, ""timestamp"": 1771004105, ""title"": ""Will Trump nominate Judy Shelton as the next Fed chair?"", ""slug"": ""will-trump-nominate-judy-shelton-as-the-next-fed-chair"", ""icon"": ""https://polymarket-upload.s3.us-east-2.amazonaws.com/judy-shelton-15c5dd306b.png"", ""eventSlug"": ""who-will-trump-nominate-as-fed-chair"", ""outcome"": ""Yes"", ""outcomeIndex"": 0, ""name"": """", ""pseudonym"": """", ""bio"": """", ""profileImage"": """", ""profileImageOptimized"": """", ""transactionHash"": ""0x23f21058244c77bd3493d9c9c6912b59b5da95033dcbc173ec1cd5a518168f15""}"
1771004105,2026-02-14T01:56:20.458521,0x0336ef61d4e9918c48686cc2eca80aad967c889d1082172ae42a57fd2753098c:1771004105,572473,5031084282167950494806674428243037744881029417420880897305642929037077494331,SELL,0.025,0.04,0.001,0x0336ef61d4e9918c48686cc2eca80aad967c889d1082172ae42a57fd2753098c,"{""proxyWallet"": ""0xdbc25056e9b960a6677856053a3b7694b95b93fb"", ""side"": ""SELL"", ""asset"": ""5031084282167950494806674428243037744881029417420880897305642929037077494331"", ""conditionId"": ""0x46d40e851b24d9b0af4bc1942ccd86439cae82a9011767da14950df0ad997adf"", ""size"": 0.04, ""price"": 0.025, ""timestamp"": 1771004105, ""title"": ""Will Trump nominate Judy Shelton as the next Fed chair?"", ""slug"": ""will-trump-nominate-judy-shelton-as-the-next-fed-chair"", ""icon"": ""https://polymarket-upload.s3.us-east-2.amazonaws.com/judy-shelton-15c5dd306b.png"", ""eventSlug"": ""who-will-trump-nominate-as-fed-chair"", ""outcome"": ""Yes"", ""outcomeIndex"": 0, ""name"": ""IMightBeWrong"", ""pseudonym"": ""Secret-Dessert"", ""bio"": """", ""profileImage"": """", ""profileImageOptimized"": """", ""transactionHash"": ""0x0336ef61d4e9918c48686cc2eca80aad967c889d1082172ae42a57fd2753098c""}"
1771004105,2026-02-14T01:56:20.458539,0x7921af3c81fb01c0cc8e3c9601f29b4c72d006568f8e43cf9ed05c2e385b8ae7:1771004105,572473,5031084282167950494806674428243037744881029417420880897305642929037077494331,SELL,0.025,0.06,0.0015,0x7921af3c81fb01c0cc8e3c9601f29b4c72d006568f8e43cf9ed05c2e385b8ae7,"{""proxyWallet"": ""0xc994dcb62aeaf55e6935c3771a68a1506f9b7120"", ""side"": ""SELL"", ""asset"": ""5031084282167950494806674428243037744881029417420880897305642929037077494331"", ""conditionId"": ""0x46d40e851b24d9b0af4bc1942ccd86439cae82a9011767da14950df0ad997adf"", ""size"": 0.06, ""price"": 0.025, ""timestamp"": 1771004105, ""title"": ""Will Trump nominate Judy Shelton as the next Fed chair?"", ""slug"": ""will-trump-nominate-judy-shelton-as-the-next-fed-chair"", ""icon"": ""https://polymarket-upload.s3.us-east-2.amazonaws.com/judy-shelton-15c5dd306b.png"", ""eventSlug"": ""who-will-trump-nominate-as-fed-chair"", ""outcome"": ""Yes"", ""outcomeIndex"": 0, ""name"": """", ""pseudonym"": """", ""bio"": """", ""profileImage"": """", ""profileImageOptimized"": """", ""transactionHash"": ""0x7921af3c81fb01c0cc8e3c9601f29b4c72d006568f8e43cf9ed05c2e385b8ae7""}"
1771004101,2026-02-14T01:56:20.458558,0xab493db05fd1f55974cd2718fc9fbe6710bb216123c1a8d0a7434a0007150b77:1771004101,572473,5031084282167950494806674428243037744881029417420880897305642929037077494331,SELL,0.025,0.75,0.018750000000000003,0xab493db05fd1f55974cd2718fc9fbe6710bb216123c1a8d0a7434a0007150b77,"{""proxyWallet"": ""0xc994dcb62aeaf55e6935c3771a68a1506f9b7120"", ""side"": ""SELL"", ""asset"": ""5031084282167950494806674428243037744881029417420880897305642929037077494331"", ""conditionId"": ""0x46d40e851b24d9b0af4bc1942ccd86439cae82a9011767da14950df0ad997adf"", ""size"": 0.75, ""price"": 0.025, ""timestamp"": 1771004101, ""title"": ""Will Trump nominate Judy Shelton as the next Fed chair?"", ""slug"": ""will-trump-nominate-judy-shelton-as-the-next-fed-chair"", ""icon"": ""https://polymarket-upload.s3.us-east-2.amazonaws.com/judy-shelton-15c5dd306b.png"", ""eventSlug"": ""who-will-trump-nominate-as-fed-chair"", ""outcome"": ""Yes"", ""outcomeIndex"": 0, ""name"": """", ""pseudonym"": """", ""bio"": """", ""profileImage"": """", ""profileImageOptimized"": """", ""transactionHash"": ""0xab493db05fd1f55974cd2718fc9fbe6710bb216123c1a8d0a7434a0007150b77""}"
1771004101,2026-02-14T01:56:20.458577,0x254b9b95020847170df369b3dfdbcc4b6097153a494523f0fc99233498c16d75:1771004101,572473,5031084282167950494806674428243037744881029417420880897305642929037077494331,SELL,0.025,0.49,0.01225,0x254b9b95020847170df369b3dfdbcc4b6097153a494523f0fc99233498c16d75,"{""proxyWallet"": ""0xdbc25056e9b960a6677856053a3b7694b95b93fb"", ""side"": ""SELL"", ""asset"": ""5031084282167950494806674428243037744881029417420880897305642929037077494331"", ""conditionId"": ""0x46d40e851b24d9b0af4bc1942ccd86439cae82a9011767da14950df0ad997adf"", ""size"": 0.49, ""price"": 0.025, ""timestamp"": 1771004101, ""title"": ""Will Trump nominate Judy Shelton as the next Fed chair?"", ""slug"": ""will-trump-nominate-judy-shelton-as-the-next-fed-chair"", ""icon"": ""https://polymarket-upload.s3.us-east-2.amazonaws.com/judy-shelton-15c5dd306b.png"", ""eventSlug"": ""who-will-trump-nominate-as-fed-chair"", ""outcome"": ""Yes"", ""outcomeIndex"": 0, ""name"": ""IMightBeWrong"", ""pseudonym"": ""Secret-Dessert"", ""bio"": """", ""profileImage"": """", ""profileImageOptimized"": """", ""transactionHash"": ""0x254b9b95020847170df369b3dfdbcc4b6097153a494523f0fc99233498c16d75""}"
1771004101,2026-02-14T01:56:20.458596,0x279d0ca85413af82cac81bdec28d8a5d9812ab680042e62090a3d0dc42448e7d:1771004101,572473,5031084282167950494806674428243037744881029417420880897305642929037077494331,SELL,0.025,0.2,0.005000000000000001,0x279d0ca85413af82cac81bdec28d8a5d9812ab680042e62090a3d0dc42448e7d,"{""proxyWallet"": ""0xf0cec0251d1828d5deed1019f78b6e8f75744aa1"", ""side"": ""SELL"", ""asset"": ""5031084282167950494806674428243037744881029417420880897305642929037077494331"", ""conditionId"": ""0x46d40e851b24d9b0af4bc1942ccd86439cae82a9011767da14950df0ad997adf"", ""size"": 0.2, ""price"": 0.025, ""timestamp"": 1771004101, ""title"": ""Will Trump nominate Judy Shelton as the next Fed chair?"", ""slug"": ""will-trump-nominate-judy-shelton-as-the-next-fed-chair"", ""icon"": ""https://polymarket-upload.s3.us-east-2.amazonaws.com/judy-shelton-15c5dd306b.png"", ""eventSlug"": ""who-will-trump-nominate-as-fed-chair"", ""outcome"": ""Yes"", ""outcomeIndex"": 0, ""name"": """", ""pseudonym"": """", ""bio"": """", ""profileImage"": """", ""profileImageOptimized"": """", ""transactionHash"": ""0x279d0ca85413af82cac81bdec28d8a5d9812ab680042e62090a3d0dc42448e7d""}"
1771004101,2026-02-14T01:56:20.458613,0xd5644f02b084da4244c881d8de1fa4fa01f3d3a2bb8811702b2bed6f46bd5111:1771004101,572473,5031084282167950494806674428243037744881029417420880897305642929037077494331,SELL,0.025,1.43,0.03575,0xd5644f02b084da4244c881d8de1fa4fa01f3d3a2bb8811702b2bed6f46bd5111,"{""proxyWallet"": ""0xec05c999787c8d42d3c5c8646ce0e89522d6054c"", ""side"": ""SELL"", ""asset"": ""5031084282167950494806674428243037744881029417420880897305642929037077494331"", ""conditionId"": ""0x46d40e851b24d9b0af4bc1942ccd86439cae82a9011767da14950df0ad997adf"", ""size"": 1.43, ""price"": 0.025, ""timestamp"": 1771004101, ""title"": ""Will Trump nominate Judy Shelton as the next Fed chair?"", ""slug"": ""will-trump-nominate-judy-shelton-as-the-next-fed-chair"", ""icon"": ""https://polymarket-upload.s3.us-east-2.amazonaws.com/judy-shelton-15c5dd306b.png"", ""eventSlug"": ""who-will-trump-nominate-as-fed-chair"", ""outcome"": ""Yes"", ""outcomeIndex"": 0, ""name"": """", ""pseudonym"": """", ""bio"": """", ""profileImage"": """", ""profileImageOptimized"": """", ""transactionHash"": ""0xd5644f02b084da4244c881d8de1fa4fa01f3d3a2bb8811702b2bed6f46bd5111""}"
1771004101,2026-02-14T01:56:20.458631,0xf39db210a7734c34a2b0c475c3331cb4565815c5b532bc286d09233ebd16849a:1771004101,572473,5031084282167950494806674428243037744881029417420880897305642929037077494331,SELL,0.025,0.79,0.019750000000000004,0xf39db210a7734c34a2b0c475c3331cb4565815c5b532bc286d09233ebd16849a,"{""proxyWallet"": ""0xb22326c1770aa89dfb2b372137e570a360433772"", ""side"": ""SELL"", ""asset"": ""5031084282167950494806674428243037744881029417420880897305642929037077494331"", ""conditionId"": ""0x46d40e851b24d9b0af4bc1942ccd86439cae82a9011767da14950df0ad997adf"", ""size"": 0.79, ""price"": 0.025, ""timestamp"": 1771004101, ""title"": ""Will Trump nominate Judy Shelton as the next Fed chair?"", ""slug"": ""will-trump-nominate-judy-shelton-as-the-next-fed-chair"", ""icon"": ""https://polymarket-upload.s3.us-east-2.amazonaws.com/judy-shelton-15c5dd306b.png"", ""eventSlug"": ""who-will-trump-nominate-as-fed-chair"", ""outcome"": ""Yes"", ""outcomeIndex"": 0, ""name"": """", ""pseudonym"": """", ""bio"": """", ""profileImage"": """", ""profileImageOptimized"": """", ""transactionHash"": ""0xf39db210a7734c34a2b0c475c3331cb4565815c5b532bc286d09233ebd16849a""}"
1771004091,2026-02-14T01:56:20.458648,0xdd1a8ee1163cdda88132c51229aa03b1f1e1b1f0cdeedc4db2439d26905e97be:1771004091,572473,5031084282167950494806674428243037744881029417420880897305642929037077494331,SELL,0.025,2132.89,53.32225,0xdd1a8ee1163cdda88132c51229aa03b1f1e1b1f0cdeedc4db2439d26905e97be,"{""proxyWallet"": ""0x114486221bb7f6395ec45c1b6ab1dc13e6b1312e"", ""side"": ""SELL"", ""asset"": ""5031084282167950494806674428243037744881029417420880897305642929037077494331"", ""conditionId"": ""0x46d40e851b24d9b0af4bc1942ccd86439cae82a9011767da14950df0ad997adf"", ""size"": 2132.89, ""price"": 0.025, ""timestamp"": 1771004091, ""title"": ""Will Trump nominate Judy Shelton as the next Fed chair?"", ""slug"": ""will-trump-nominate-judy-shelton-as-the-next-fed-chair"", ""icon"": ""https://polymarket-upload.s3.us-east-2.amazonaws.com/judy-shelton-15c5dd306b.png"", ""eventSlug"": ""who-will-trump-nominate-as-fed-chair"", ""outcome"": ""Yes"", ""outcomeIndex"": 0, ""name"": ""Zj369"", ""pseudonym"": ""Greedy-Adverb"", ""bio"": """", ""profileImage"": """", ""profileImageOptimized"": """", ""transactionHash"": ""0xdd1a8ee1163cdda88132c51229aa03b1f1e1b1f0cdeedc4db2439d26905e97be""}"
1771003971,2026-02-14T01:56:20.458666,0xfb6080c6437fa702a7d3e8eb45f051fa39279c9b05df31456fbefd628897bfa7:1771003971,572473,5031084282167950494806674428243037744881029417420880897305642929037077494331,BUY,0.025999997501909535,382.692306,9.949998999999998,0xfb6080c6437fa702a7d3e8eb45f051fa39279c9b05df31456fbefd628897bfa7,"{""proxyWallet"": ""0x35d3eb80afaf56b0f5b1b8ad584dfd115721e2aa"", ""side"": ""BUY"", ""asset"": ""5031084282167950494806674428243037744881029417420880897305642929037077494331"", ""conditionId"": ""0x46d40e851b24d9b0af4bc1942ccd86439cae82a9011767da14950df0ad997adf"", ""size"": 382.692306, ""price"": 0.025999997501909535, ""timestamp"": 1771003971, ""title"": ""Will Trump nominate Judy Shelton as the next Fed chair?"", ""slug"": ""will-trump-nominate-judy-shelton-as-the-next-fed-chair"", ""icon"": ""https://polymarket-upload.s3.us-east-2.amazonaws.com/judy-shelton-15c5dd306b.png"", ""eventSlug"": ""who-will-trump-nominate-as-fed-chair"", ""outcome"": ""Yes"", ""outcomeIndex"": 0, ""name"": ""Aveenger"", ""pseudonym"": ""Edible-Font"", ""bio"": """", ""profileImage"": """", ""profileImageOptimized"": """", ""transactionHash"": ""0xfb6080c6437fa702a7d3e8eb45f051fa39279c9b05df31456fbefd628897bfa7""}"
1771003949,2026-02-14T01:56:20.458685,0x843ef797f218836e2761506652c15592287a6e00b08e661a190f5b3c6e739237:1771003949,572473,5031084282167950494806674428243037744881029417420880897305642929037077494331,BUY,0.0260000000416,192.307692,5.0,0x843ef797f218836e2761506652c15592287a6e00b08e661a190f5b3c6e739237,"{""proxyWallet"": ""0x04bfba8a960658517dbd62e439844a0963b3231f"", ""side"": ""BUY"", ""asset"": ""5031084282167950494806674428243037744881029417420880897305642929037077494331"", ""conditionId"": ""0x46d40e851b24d9b0af4bc1942ccd86439cae82a9011767da14950df0ad997adf"", ""size"": 192.307692, ""price"": 0.0260000000416, ""timestamp"": 1771003949, ""title"": ""Will Trump nominate Judy Shelton as the next Fed chair?"", ""slug"": ""will-trump-nominate-judy-shelton-as-the-next-fed-chair"", ""icon"": ""https://polymarket-upload.s3.us-east-2.amazonaws.com/judy-shelton-15c5dd306b.png"", ""eventSlug"": ""who-will-trump-nominate-as-fed-chair"", ""outcome"": ""Yes"", ""outcomeIndex"": 0, ""name"": ""CasinoJoker"", ""pseudonym"": ""Fearful-Asymmetry"", ""bio"": """", ""profileImage"": """", ""profileImageOptimized"": """", ""transactionHash"": ""0x843ef797f218836e2761506652c15592287a6e00b08e661a190f5b3c6e739237""}"
1771003913,2026-02-14T01:56:20.458703,0x5015099903f11e273f44a36796e8ce1891f74f42c31d4d47abf687e9fd828ebc:1771003913,572473,5031084282167950494806674428243037744881029417420880897305642929037077494331,SELL,0.026,196.21,5.10146,0x5015099903f11e273f44a36796e8ce1891f74f42c31d4d47abf687e9fd828ebc,"{""proxyWallet"": ""0xb4253ed325dcf080cb3d5a2e62470922cddfc80b"", ""side"": ""SELL"", ""asset"": ""5031084282167950494806674428243037744881029417420880897305642929037077494331"", ""conditionId"": ""0x46d40e851b24d9b0af4bc1942ccd86439cae82a9011767da14950df0ad997adf"", ""size"": 196.21, ""price"": 0.026, ""timestamp"": 1771003913, ""title"": ""Will Trump nominate Judy Shelton as the next Fed chair?"", ""slug"": ""will-trump-nominate-judy-shelton-as-the-next-fed-chair"", ""icon"": ""https://polymarket-upload.s3.us-east-2.amazonaws.com/judy-shelton-15c5dd306b.png"", ""eventSlug"": ""who-will-trump-nominate-as-fed-chair"", ""outcome"": ""Yes"", ""outcomeIndex"": 0, ""name"": ""0xb4253eD325dCf080cB3D5a2e62470922cDDFC80B-1761222442262"", ""pseudonym"": ""Judicious-Comportment"", ""bio"": """", ""profileImage"": """", ""profileImageOptimized"": """", ""transactionHash"": ""0x5015099903f11e273f44a36796e8ce1891f74f42c31d4d47abf687e9fd828ebc""}"
1771003903,2026-02-14T01:56:20.458724,0x339e0230b31226e0de24aaf685c5227ddff2405580d5ec6e5bc7413a6b030a03:1771003903,572473,5031084282167950494806674428243037744881029417420880897305642929037077494331,SELL,0.025,48.18,1.2045000000000001,0x339e0230b31226e0de24aaf685c5227ddff2405580d5ec6e5bc7413a6b030a03,"{""proxyWallet"": ""0x172d149ec2de59bd50c621890f635c361756a2c2"", ""side"": ""SELL"", ""asset"": ""5031084282167950494806674428243037744881029417420880897305642929037077494331"", ""conditionId"": ""0x46d40e851b24d9b0af4bc1942ccd86439cae82a9011767da14950df0ad997adf"", ""size"": 48.18, ""price"": 0.025, ""timestamp"": 1771003903, ""title"": ""Will Trump nominate Judy Shelton as the next Fed chair?"", ""slug"": ""will-trump-nominate-judy-shelton-as-the-next-fed-chair"", ""icon"": ""https://polymarket-upload.s3.us-east-2.amazonaws.com/judy-shelton-15c5dd306b.png"", ""eventSlug"": ""who-will-trump-nominate-as-fed-chair"", ""outcome"": ""Yes"", ""outcomeIndex"": 0, ""name"": """", ""pseudonym"": """", ""bio"": """", ""profileImage"": """", ""profileImageOptimized"": """", ""transactionHash"": ""0x339e0230b31226e0de24aaf685c5227ddff2405580d5ec6e5bc7413a6b030a03""}"
1771003659,2026-02-14T01:56:20.458755,0x107afbd59c8be48934a5d51e7122b058fbb5917f1586645a0c8cf770d5fdd6e9:1771003659,572473,5031084282167950494806674428243037744881029417420880897305642929037077494331,BUY,0.025,1073.76,26.844,0x107afbd59c8be48934a5d51e7122b058fbb5917f1586645a0c8cf770d5fdd6e9,"{""proxyWallet"": ""0x011f2d377e56119fb09196dffb0948ae55711122"", ""side"": ""BUY"", ""asset"": ""5031084282167950494806674428243037744881029417420880897305642929037077494331"", ""conditionId"": ""0x46d40e851b24d9b0af4bc1942ccd86439cae82a9011767da14950df0ad997adf"", ""size"": 1073.76, ""price"": 0.025, ""timestamp"": 1771003659, ""title"": ""Will Trump nominate Judy Shelton as the next Fed chair?"", ""slug"": ""will-trump-nominate-judy-shelton-as-the-next-fed-chair"", ""icon"": ""https://polymarket-upload.s3.us-east-2.amazonaws.com/judy-shelton-15c5dd306b.png"", ""eventSlug"": ""who-will-trump-nominate-as-fed-chair"", ""outcome"": ""Yes"", ""outcomeIndex"": 0, ""name"": ""11122"", ""pseudonym"": ""Clear-Screenwriting"", ""bio"": """", ""profileImage"": """", ""profileImageOptimized"": """", ""transactionHash"": ""0x107afbd59c8be48934a5d51e7122b058fbb5917f1586645a0c8cf770d5fdd6e9""}"
1771003659,2026-02-14T01:56:20.458774,0x1dbba5318cdf018a86ea5306daf6814c7e036446066be8c21248413899e25c6f:1771003659,572473,5031084282167950494806674428243037744881029417420880897305642929037077494331,BUY,0.026,790.0,20.54,0x1dbba5318cdf018a86ea5306daf6814c7e036446066be8c21248413899e25c6f,"{""proxyWallet"": ""0xd60fa08b1bae2a8f8615f0efa617f811a159b6c4"", ""side"": ""BUY"", ""asset"": ""5031084282167950494806674428243037744881029417420880897305642929037077494331"", ""conditionId"": ""0x46d40e851b24d9b0af4bc1942ccd86439cae82a9011767da14950df0ad997adf"", ""size"": 790, ""price"": 0.026, ""timestamp"": 1771003659, ""title"": ""Will Trump nominate Judy Shelton as the next Fed chair?"", ""slug"": ""will-trump-nominate-judy-shelton-as-the-next-fed-chair"", ""icon"": ""https://polymarket-upload.s3.us-east-2.amazonaws.com/judy-shelton-15c5dd306b.png"", ""eventSlug"": ""who-will-trump-nominate-as-fed-chair"", ""outcome"": ""Yes"", ""outcomeIndex"": 0, ""name"": ""sirpoopants"", ""pseudonym"": ""Taut-Mud"", ""bio"": """", ""profileImage"": """", ""profileImageOptimized"": """", ""transactionHash"": ""0x1dbba5318cdf018a86ea5306daf6814c7e036446066be8c21248413899e25c6f""}"
1771003625,2026-02-14T01:56:20.458796,0xee6fb0ce199a6450738e3879a7d6fd1f09381430e4e60c5618c36ec6f335b793:1771003625,572473,5031084282167950494806674428243037744881029417420880897305642929037077494331,BUY,0.026,25.67,0.66742,0xee6fb0ce199a6450738e3879a7d6fd1f09381430e4e60c5618c36ec6f335b793,"{""proxyWallet"": ""0xd60fa08b1bae2a8f8615f0efa617f811a159b6c4"", ""side"": ""BUY"", ""asset"": ""5031084282167950494806674428243037744881029417420880897305642929037077494331"", ""conditionId"": ""0x46d40e851b24d9b0af4bc1942ccd86439cae82a9011767da14950df0ad997adf"", ""size"": 25.67, ""price"": 0.026, ""timestamp"": 1771003625, ""title"": ""Will Trump nominate Judy Shelton as the next Fed chair?"", ""slug"": ""will-trump-nominate-judy-shelton-as-the-next-fed-chair"", ""icon"": ""https://polymarket-upload.s3.us-east-2.amazonaws.com/judy-shelton-15c5dd306b.png"", ""eventSlug"": ""who-will-trump-nominate-as-fed-chair"", ""outcome"": ""Yes"", ""outcomeIndex"": 0, ""name"": ""sirpoopants"", ""pseudonym"": ""Taut-Mud"", ""bio"": """", ""profileImage"": """", ""profileImageOptimized"": """", ""transactionHash"": ""0xee6fb0ce199a6450738e3879a7d6fd1f09381430e4e60c5618c36ec6f335b793""}"
1771003613,2026-02-14T01:56:20.458816,0x3b9398f416100757e0cb087640a29bfd016ce2e8006de2929612b7b8d1eaf933:1771003613,572473,5031084282167950494806674428243037744881029417420880897305642929037077494331,BUY,0.026,1404.96,36.52896,0x3b9398f416100757e0cb087640a29bfd016ce2e8006de2929612b7b8d1eaf933,"{""proxyWallet"": ""0x7addce8a2853d5b9b067b7465a8dbfc4a87ff9f4"", ""side"": ""BUY"", ""asset"": ""5031084282167950494806674428243037744881029417420880897305642929037077494331"", ""conditionId"": ""0x46d40e851b24d9b0af4bc1942ccd86439cae82a9011767da14950df0ad997adf"", ""size"": 1404.96, ""price"": 0.026, ""timestamp"": 1771003613, ""title"": ""Will Trump nominate Judy Shelton as the next Fed chair?"", ""slug"": ""will-trump-nominate-judy-shelton-as-the-next-fed-chair"", ""icon"": ""https://polymarket-upload.s3.us-east-2.amazonaws.com/judy-shelton-15c5dd306b.png"", ""eventSlug"": ""who-will-trump-nominate-as-fed-chair"", ""outcome"": ""Yes"", ""outcomeIndex"": 0, ""name"": ""Stamap"", ""pseudonym"": ""Noteworthy-Thinking"", ""bio"": """", ""profileImage"": ""https://polymarket-upload.s3.us-east-2.amazonaws.com/profile-image-3384912-0798a1e6-39c3-4de5-b8fd-e80b94b649a0.jpg"", ""profileImageOptimized"": """", ""transactionHash"": ""0x3b9398f416100757e0cb087640a29bfd016ce2e8006de2929612b7b8d1eaf933""}"
1771003579,2026-02-14T01:56:20.458852,0x56cc1905078c2611f62c6f44d3a0fe117c2b1c023c5717ab332c25534c8da93c:1771003579,572473,5031084282167950494806674428243037744881029417420880897305642929037077494331,SELL,0.025,41.4,1.035,0x56cc1905078c2611f62c6f44d3a0fe117c2b1c023c5717ab332c25534c8da93c,"{""proxyWallet"": ""0x8e9eedf20dfa70956d49f608a205e402d9df38e4"", ""side"": ""SELL"", ""asset"": ""5031084282167950494806674428243037744881029417420880897305642929037077494331"", ""conditionId"": ""0x46d40e851b24d9b0af4bc1942ccd86439cae82a9011767da14950df0ad997adf"", ""size"": 41.4, ""price"": 0.025, ""timestamp"": 1771003579, ""title"": ""Will Trump nominate Judy Shelton as the next Fed chair?"", ""slug"": ""will-trump-nominate-judy-shelton-as-the-next-fed-chair"", ""icon"": ""https://polymarket-upload.s3.us-east-2.amazonaws.com/judy-shelton-15c5dd306b.png"", ""eventSlug"": ""who-will-trump-nominate-as-fed-chair"", ""outcome"": ""Yes"", ""outcomeIndex"": 0, ""name"": ""Karajan"", ""pseudonym"": ""Murky-Oversight"", ""bio"": """", ""profileImage"": """", ""profileImageOptimized"": """", ""transactionHash"": ""0x56cc1905078c2611f62c6f44d3a0fe117c2b1c023c5717ab332c25534c8da93c""}"
1771003573,2026-02-14T01:56:20.458879,0xb1538f5f4484436f619bdadb5a215689b91ae5e57f99f05d99367c2800451cb6:1771003573,572473,5031084282167950494806674428243037744881029417420880897305642929037077494331,SELL,0.025,41.73,1.04325,0xb1538f5f4484436f619bdadb5a215689b91ae5e57f99f05d99367c2800451cb6,"{""proxyWallet"": ""0x8e9eedf20dfa70956d49f608a205e402d9df38e4"", ""side"": ""SELL"", ""asset"": ""5031084282167950494806674428243037744881029417420880897305642929037077494331"", ""conditionId"": ""0x46d40e851b24d9b0af4bc1942ccd86439cae82a9011767da14950df0ad997adf"", ""size"": 41.73, ""price"": 0.025, ""timestamp"": 1771003573, ""title"": ""Will Trump nominate Judy Shelton as the next Fed chair?"", ""slug"": ""will-trump-nominate-judy-shelton-as-the-next-fed-chair"", ""icon"": ""https://polymarket-upload.s3.us-east-2.amazonaws.com/judy-shelton-15c5dd306b.png"", ""eventSlug"": ""who-will-trump-nominate-as-fed-chair"", ""outcome"": ""Yes"", ""outcomeIndex"": 0, ""name"": ""Karajan"", ""pseudonym"": ""Murky-Oversight"", ""bio"": """", ""profileImage"": """", ""profileImageOptimized"": """", ""transactionHash"": ""0xb1538f5f4484436f619bdadb5a215689b91ae5e57f99f05d99367c2800451cb6""}"
1771003563,2026-02-14T01:56:20.458900,0x7b32b3cc5de28021229a58ab5b6dfcc355587886ed3c7cad8f37a78837d01cf7:1771003563,572473,5031084282167950494806674428243037744881029417420880897305642929037077494331,BUY,0.025,25.64,0.641,0x7b32b3cc5de28021229a58ab5b6dfcc355587886ed3c7cad8f37a78837d01cf7,"{""proxyWallet"": ""0xd60fa08b1bae2a8f8615f0efa617f811a159b6c4"", ""side"": ""BUY"", ""asset"": ""5031084282167950494806674428243037744881029417420880897305642929037077494331"", ""conditionId"": ""0x46d40e851b24d9b0af4bc1942ccd86439cae82a9011767da14950df0ad997adf"", ""size"": 25.64, ""price"": 0.025, ""timestamp"": 1771003563, ""title"": ""Will Trump nominate Judy Shelton as the next Fed chair?"", ""slug"": ""will-trump-nominate-judy-shelton-as-the-next-fed-chair"", ""icon"": ""https://polymarket-upload.s3.us-east-2.amazonaws.com/judy-shelton-15c5dd306b.png"", ""eventSlug"": ""who-will-trump-nominate-as-fed-chair"", ""outcome"": ""Yes"", ""outcomeIndex"": 0, ""name"": ""sirpoopants"", ""pseudonym"": ""Taut-Mud"", ""bio"": """", ""profileImage"": """", ""profileImageOptimized"": """", ""transactionHash"": ""0x7b32b3cc5de28021229a58ab5b6dfcc355587886ed3c7cad8f37a78837d01cf7""}"
1771003557,2026-02-14T01:56:20.458919,0x38d6cef1633c94e57a330bc4afcb483c0a57cba8534e4e38f920ae08db2fd8c3:1771003557,572473,5031084282167950494806674428243037744881029417420880897305642929037077494331,BUY,0.025,307.69,7.6922500000000005,0x38d6cef1633c94e57a330bc4afcb483c0a57cba8534e4e38f920ae08db2fd8c3,"{""proxyWallet"": ""0xd60fa08b1bae2a8f8615f0efa617f811a159b6c4"", ""side"": ""BUY"", ""asset"": ""5031084282167950494806674428243037744881029417420880897305642929037077494331"", ""conditionId"": ""0x46d40e851b24d9b0af4bc1942ccd86439cae82a9011767da14950df0ad997adf"", ""size"": 307.69, ""price"": 0.025, ""timestamp"": 1771003557, ""title"": ""Will Trump nominate Judy Shelton as the next Fed chair?"", ""slug"": ""will-trump-nominate-judy-shelton-as-the-next-fed-chair"", ""icon"": ""https://polymarket-upload.s3.us-east-2.amazonaws.com/judy-shelton-15c5dd306b.png"", ""eventSlug"": ""who-will-trump-nominate-as-fed-chair"", ""outcome"": ""Yes"", ""outcomeIndex"": 0, ""name"": ""sirpoopants"", ""pseudonym"": ""Taut-Mud"", ""bio"": """", ""profileImage"": """", ""profileImageOptimized"": """", ""transactionHash"": ""0x38d6cef1633c94e57a330bc4afcb483c0a57cba8534e4e38f920ae08db2fd8c3""}"
1771003545,2026-02-14T01:56:20.458940,0x735b558713361cdd9511646f5593926c711512e51c8fec3fe864fd3035220d37:1771003545,572473,5031084282167950494806674428243037744881029417420880897305642929037077494331,SELL,0.025,2400.01,60.00025000000001,0x735b558713361cdd9511646f5593926c711512e51c8fec3fe864fd3035220d37,"{""proxyWallet"": ""0x8e9eedf20dfa70956d49f608a205e402d9df38e4"", ""side"": ""SELL"", ""asset"": ""5031084282167950494806674428243037744881029417420880897305642929037077494331"", ""conditionId"": ""0x46d40e851b24d9b0af4bc1942ccd86439cae82a9011767da14950df0ad997adf"", ""size"": 2400.01, ""price"": 0.025, ""timestamp"": 1771003545, ""title"": ""Will Trump nominate Judy Shelton as the next Fed chair?"", ""slug"": ""will-trump-nominate-judy-shelton-as-the-next-fed-chair"", ""icon"": ""https://polymarket-upload.s3.us-east-2.amazonaws.com/judy-shelton-15c5dd306b.png"", ""eventSlug"": ""who-will-trump-nominate-as-fed-chair"", ""outcome"": ""Yes"", ""outcomeIndex"": 0, ""name"": ""Karajan"", ""pseudonym"": ""Murky-Oversight"", ""bio"": """", ""profileImage"": """", ""profileImageOptimized"": """", ""transactionHash"": ""0x735b558713361cdd9511646f5593926c711512e51c8fec3fe864fd3035220d37""}"
1771003545,2026-02-14T01:56:20.458959,0xa10a0b290a71995a121899a6f53ddfd1117afa9e812a934e767da24625857633:1771003545,572473,5031084282167950494806674428243037744881029417420880897305642929037077494331,SELL,0.025,2299.99,57.49975,0xa10a0b290a71995a121899a6f53ddfd1117afa9e812a934e767da24625857633,"{""proxyWallet"": ""0x8e9eedf20dfa70956d49f608a205e402d9df38e4"", ""side"": ""SELL"", ""asset"": ""5031084282167950494806674428243037744881029417420880897305642929037077494331"", ""conditionId"": ""0x46d40e851b24d9b0af4bc1942ccd86439cae82a9011767da14950df0ad997adf"", ""size"": 2299.99, ""price"": 0.025, ""timestamp"": 1771003545, ""title"": ""Will Trump nominate Judy Shelton as the next Fed chair?"", ""slug"": ""will-trump-nominate-judy-shelton-as-the-next-fed-chair"", ""icon"": ""https://polymarket-upload.s3.us-east-2.amazonaws.com/judy-shelton-15c5dd306b.png"", ""eventSlug"": ""who-will-trump-nominate-as-fed-chair"", ""outcome"": ""Yes"", ""outcomeIndex"": 0, ""name"": ""Karajan"", ""pseudonym"": ""Murky-Oversight"", ""bio"": """", ""profileImage"": """", ""profileImageOptimized"": """", ""transactionHash"": ""0xa10a0b290a71995a121899a6f53ddfd1117afa9e812a934e767da24625857633""}"
1771003531,2026-02-14T01:56:20.458976,0xde702aac97531ad39162b59df0b851e01074aee0472d71b5519b66f1f788d04d:1771003531,572473,5031084282167950494806674428243037744881029417420880897305642929037077494331,BUY,0.025,25.64,0.641,0xde702aac97531ad39162b59df0b851e01074aee0472d71b5519b66f1f788d04d,"{""proxyWallet"": ""0xd60fa08b1bae2a8f8615f0efa617f811a159b6c4"", ""side"": ""BUY"", ""asset"": ""5031084282167950494806674428243037744881029417420880897305642929037077494331"", ""conditionId"": ""0x46d40e851b24d9b0af4bc1942ccd86439cae82a9011767da14950df0ad997adf"", ""size"": 25.64, ""price"": 0.025, ""timestamp"": 1771003531, ""title"": ""Will Trump nominate Judy Shelton as the next Fed chair?"", ""slug"": ""will-trump-nominate-judy-shelton-as-the-next-fed-chair"", ""icon"": ""https://polymarket-upload.s3.us-east-2.amazonaws.com/judy-shelton-15c5dd306b.png"", ""eventSlug"": ""who-will-trump-nominate-as-fed-chair"", ""outcome"": ""Yes"", ""outcomeIndex"": 0, ""name"": ""sirpoopants"", ""pseudonym"": ""Taut-Mud"", ""bio"": """", ""profileImage"": """", ""profileImageOptimized"": """", ""transactionHash"": ""0xde702aac97531ad39162b59df0b851e01074aee0472d71b5519b66f1f788d04d""}"
1771003525,2026-02-14T01:56:20.458994,0x1a38287defc18b0430f8b5cd5f9696da7a37c31ba053c8c96c5d49b1f6f059fb:1771003525,572473,5031084282167950494806674428243037744881029417420880897305642929037077494331,SELL,0.024,103.52,2.48448,0x1a38287defc18b0430f8b5cd5f9696da7a37c31ba053c8c96c5d49b1f6f059fb,"{""proxyWallet"": ""0x8e9eedf20dfa70956d49f608a205e402d9df38e4"", ""side"": ""SELL"", ""asset"": ""5031084282167950494806674428243037744881029417420880897305642929037077494331"", ""conditionId"": ""0x46d40e851b24d9b0af4bc1942ccd86439cae82a9011767da14950df0ad997adf"", ""size"": 103.52, ""price"": 0.024, ""timestamp"": 1771003525, ""title"": ""Will Trump nominate Judy Shelton as the next Fed chair?"", ""slug"": ""will-trump-nominate-judy-shelton-as-the-next-fed-chair"", ""icon"": ""https://polymarket-upload.s3.us-east-2.amazonaws.com/judy-shelton-15c5dd306b.png"", ""eventSlug"": ""who-will-trump-nominate-as-fed-chair"", ""outcome"": ""Yes"", ""outcomeIndex"": 0, ""name"": ""Karajan"", ""pseudonym"": ""Murky-Oversight"", ""bio"": """", ""profileImage"": """", ""profileImageOptimized"": """", ""transactionHash"": ""0x1a38287defc18b0430f8b5cd5f9696da7a37c31ba053c8c96c5d49b1f6f059fb""}"
1771003523,2026-02-14T01:56:20.459012,0x1741368bbb24a070904abcc7f3395c24c415d293d2d7643c7a3d63433c26a04e:1771003523,572473,5031084282167950494806674428243037744881029417420880897305642929037077494331,BUY,0.025,307.69,7.6922500000000005,0x1741368bbb24a070904abcc7f3395c24c415d293d2d7643c7a3d63433c26a04e,"{""proxyWallet"": ""0xd60fa08b1bae2a8f8615f0efa617f811a159b6c4"", ""side"": ""BUY"", ""asset"": ""5031084282167950494806674428243037744881029417420880897305642929037077494331"", ""conditionId"": ""0x46d40e851b24d9b0af4bc1942ccd86439cae82a9011767da14950df0ad997adf"", ""size"": 307.69, ""price"": 0.025, ""timestamp"": 1771003523, ""title"": ""Will Trump nominate Judy Shelton as the next Fed chair?"", ""slug"": ""will-trump-nominate-judy-shelton-as-the-next-fed-chair"", ""icon"": ""https://polymarket-upload.s3.us-east-2.amazonaws.com/judy-shelton-15c5dd306b.png"", ""eventSlug"": ""who-will-trump-nominate-as-fed-chair"", ""outcome"": ""Yes"", ""outcomeIndex"": 0, ""name"": ""sirpoopants"", ""pseudonym"": ""Taut-Mud"", ""bio"": """", ""profileImage"": """", ""profileImageOptimized"": """", ""transactionHash"": ""0x1741368bbb24a070904abcc7f3395c24c415d293d2d7643c7a3d63433c26a04e""}"
1771003511,2026-02-14T01:56:20.459032,0x381b70cd566f9f059a97769845cf69d902deafb92aa231fad7477514a8ed427e:1771003511,572473,5031084282167950494806674428243037744881029417420880897305642929037077494331,SELL,0.024,10.0,0.24,0x381b70cd566f9f059a97769845cf69d902deafb92aa231fad7477514a8ed427e,"{""proxyWallet"": ""0x8e9eedf20dfa70956d49f608a205e402d9df38e4"", ""side"": ""SELL"", ""asset"": ""5031084282167950494806674428243037744881029417420880897305642929037077494331"", ""conditionId"": ""0x46d40e851b24d9b0af4bc1942ccd86439cae82a9011767da14950df0ad997adf"", ""size"": 10, ""price"": 0.024, ""timestamp"": 1771003511, ""title"": ""Will Trump nominate Judy Shelton as the next Fed chair?"", ""slug"": ""will-trump-nominate-judy-shelton-as-the-next-fed-chair"", ""icon"": ""https://polymarket-upload.s3.us-east-2.amazonaws.com/judy-shelton-15c5dd306b.png"", ""eventSlug"": ""who-will-trump-nominate-as-fed-chair"", ""outcome"": ""Yes"", ""outcomeIndex"": 0, ""name"": ""Karajan"", ""pseudonym"": ""Murky-Oversight"", ""bio"": """", ""profileImage"": """", ""profileImageOptimized"": """", ""transactionHash"": ""0x381b70cd566f9f059a97769845cf69d902deafb92aa231fad7477514a8ed427e""}"
1771003507,2026-02-14T01:56:20.459050,0x3d71e43f906c42e91e75c03d30e343bf2335626b2fd56c602110a117b93d2878:1771003507,572473,5031084282167950494806674428243037744881029417420880897305642929037077494331,SELL,0.025,1050.0,26.25,0x3d71e43f906c42e91e75c03d30e343bf2335626b2fd56c602110a117b93d2878,"{""proxyWallet"": ""0x8e9eedf20dfa70956d49f608a205e402d9df38e4"", ""side"": ""SELL"", ""asset"": ""5031084282167950494806674428243037744881029417420880897305642929037077494331"", ""conditionId"": ""0x46d40e851b24d9b0af4bc1942ccd86439cae82a9011767da14950df0ad997adf"", ""size"": 1050, ""price"": 0.025, ""timestamp"": 1771003507, ""title"": ""Will Trump nominate Judy Shelton as the next Fed chair?"", ""slug"": ""will-trump-nominate-judy-shelton-as-the-next-fed-chair"", ""icon"": ""https://polymarket-upload.s3.us-east-2.amazonaws.com/judy-shelton-15c5dd306b.png"", ""eventSlug"": ""who-will-trump-nominate-as-fed-chair"", ""outcome"": ""Yes"", ""outcomeIndex"": 0, ""name"": ""Karajan"", ""pseudonym"": ""Murky-Oversight"", ""bio"": """", ""profileImage"": """", ""profileImageOptimized"": """", ""transactionHash"": ""0x3d71e43f906c42e91e75c03d30e343bf2335626b2fd56c602110a117b93d2878""}"
1771003507,2026-02-14T01:56:20.459068,0x843e453360a478ecbaeb08dad018c75bac4d96f1c9c0d3a589716e0d9a4aceb7:1771003507,572473,5031084282167950494806674428243037744881029417420880897305642929037077494331,SELL,0.024,103.52,2.48448,0x843e453360a478ecbaeb08dad018c75bac4d96f1c9c0d3a589716e0d9a4aceb7,"{""proxyWallet"": ""0x8e9eedf20dfa70956d49f608a205e402d9df38e4"", ""side"": ""SELL"", ""asset"": ""5031084282167950494806674428243037744881029417420880897305642929037077494331"", ""conditionId"": ""0x46d40e851b24d9b0af4bc1942ccd86439cae82a9011767da14950df0ad997adf"", ""size"": 103.52, ""price"": 0.024, ""timestamp"": 1771003507, ""title"": ""Will Trump nominate Judy Shelton as the next Fed chair?"", ""slug"": ""will-trump-nominate-judy-shelton-as-the-next-fed-chair"", ""icon"": ""https://polymarket-upload.s3.us-east-2.amazonaws.com/judy-shelton-15c5dd306b.png"", ""eventSlug"": ""who-will-trump-nominate-as-fed-chair"", ""outcome"": ""Yes"", ""outcomeIndex"": 0, ""name"": ""Karajan"", ""pseudonym"": ""Murky-Oversight"", ""bio"": """", ""profileImage"": """", ""profileImageOptimized"": """", ""transactionHash"": ""0x843e453360a478ecbaeb08dad018c75bac4d96f1c9c0d3a589716e0d9a4aceb7""}"
1771003501,2026-02-14T01:56:20.459091,0xf2568f8f82ab03197d8fb880039f6a38fb7d58a1cbea34b1183ff26f188ac9e9:1771003501,572473,5031084282167950494806674428243037744881029417420880897305642929037077494331,BUY,0.02603820959797188,7681.019628,199.999999,0xf2568f8f82ab03197d8fb880039f6a38fb7d58a1cbea34b1183ff26f188ac9e9,"{""proxyWallet"": ""0x2306e58ff1990635e8512fc49795b454e2adddde"", ""side"": ""BUY"", ""asset"": ""5031084282167950494806674428243037744881029417420880897305642929037077494331"", ""conditionId"": ""0x46d40e851b24d9b0af4bc1942ccd86439cae82a9011767da14950df0ad997adf"", ""size"": 7681.019628, ""price"": 0.02603820959797188, ""timestamp"": 1771003501, ""title"": ""Will Trump nominate Judy Shelton as the next Fed chair?"", ""slug"": ""will-trump-nominate-judy-shelton-as-the-next-fed-chair"", ""icon"": ""https://polymarket-upload.s3.us-east-2.amazonaws.com/judy-shelton-15c5dd306b.png"", ""eventSlug"": ""who-will-trump-nominate-as-fed-chair"", ""outcome"": ""Yes"", ""outcomeIndex"": 0, ""name"": ""Avrynnechu"", ""pseudonym"": ""Likely-Eyelids"", ""bio"": """", ""profileImage"": """", ""profileImageOptimized"": """", ""transactionHash"": ""0xf2568f8f82ab03197d8fb880039f6a38fb7d58a1cbea34b1183ff26f188ac9e9""}"
1771003497,2026-02-14T01:56:20.459110,0x997a149b7a6b82ca6101c7d3b1c79e496e26421747fbe58902c12a1ffe15c707:1771003497,572473,5031084282167950494806674428243037744881029417420880897305642929037077494331,SELL,0.024,30.0,0.72,0x997a149b7a6b82ca6101c7d3b1c79e496e26421747fbe58902c12a1ffe15c707,"{""proxyWallet"": ""0x8e9eedf20dfa70956d49f608a205e402d9df38e4"", ""side"": ""SELL"", ""asset"": ""5031084282167950494806674428243037744881029417420880897305642929037077494331"", ""conditionId"": ""0x46d40e851b24d9b0af4bc1942ccd86439cae82a9011767da14950df0ad997adf"", ""size"": 30, ""price"": 0.024, ""timestamp"": 1771003497, ""title"": ""Will Trump nominate Judy Shelton as the next Fed chair?"", ""slug"": ""will-trump-nominate-judy-shelton-as-the-next-fed-chair"", ""icon"": ""https://polymarket-upload.s3.us-east-2.amazonaws.com/judy-shelton-15c5dd306b.png"", ""eventSlug"": ""who-will-trump-nominate-as-fed-chair"", ""outcome"": ""Yes"", ""outcomeIndex"": 0, ""name"": ""Karajan"", ""pseudonym"": ""Murky-Oversight"", ""bio"": """", ""profileImage"": """", ""profileImageOptimized"": """", ""transactionHash"": ""0x997a149b7a6b82ca6101c7d3b1c79e496e26421747fbe58902c12a1ffe15c707""}"
1771003495,2026-02-14T01:56:20.459128,0x721902d9c1c1c00b0af385888509a640861545781da83a759870b4aa79a1d2fc:1771003495,572473,5031084282167950494806674428243037744881029417420880897305642929037077494331,BUY,0.025,40.0,1.0,0x721902d9c1c1c00b0af385888509a640861545781da83a759870b4aa79a1d2fc,"{""proxyWallet"": ""0x32fa8e1834ea05de1c851af85f10cbd95d7e5e80"", ""side"": ""BUY"", ""asset"": ""5031084282167950494806674428243037744881029417420880897305642929037077494331"", ""conditionId"": ""0x46d40e851b24d9b0af4bc1942ccd86439cae82a9011767da14950df0ad997adf"", ""size"": 40, ""price"": 0.025, ""timestamp"": 1771003495, ""title"": ""Will Trump nominate Judy Shelton as the next Fed chair?"", ""slug"": ""will-trump-nominate-judy-shelton-as-the-next-fed-chair"", ""icon"": ""https://polymarket-upload.s3.us-east-2.amazonaws.com/judy-shelton-15c5dd306b.png"", ""eventSlug"": ""who-will-trump-nominate-as-fed-chair"", ""outcome"": ""Yes"", ""outcomeIndex"": 0, ""name"": """", ""pseudonym"": """", ""bio"": """", ""profileImage"": """", ""profileImageOptimized"": """", ""transactionHash"": ""0x721902d9c1c1c00b0af385888509a640861545781da83a759870b4aa79a1d2fc""}"
1771003491,2026-02-14T01:56:20.459147,0x1b3de1222e06349606fe1e02b4f2bbd64ccdebdc739e3bc32fdfac8bc53b4d34:1771003491,572473,5031084282167950494806674428243037744881029417420880897305642929037077494331,SELL,0.024,91.22,2.18928,0x1b3de1222e06349606fe1e02b4f2bbd64ccdebdc739e3bc32fdfac8bc53b4d34,"{""proxyWallet"": ""0x8e9eedf20dfa70956d49f608a205e402d9df38e4"", ""side"": ""SELL"", ""asset"": ""5031084282167950494806674428243037744881029417420880897305642929037077494331"", ""conditionId"": ""0x46d40e851b24d9b0af4bc1942ccd86439cae82a9011767da14950df0ad997adf"", ""size"": 91.22, ""price"": 0.024, ""timestamp"": 1771003491, ""title"": ""Will Trump nominate Judy Shelton as the next Fed chair?"", ""slug"": ""will-trump-nominate-judy-shelton-as-the-next-fed-chair"", ""icon"": ""https://polymarket-upload.s3.us-east-2.amazonaws.com/judy-shelton-15c5dd306b.png"", ""eventSlug"": ""who-will-trump-nominate-as-fed-chair"", ""outcome"": ""Yes"", ""outcomeIndex"": 0, ""name"": ""Karajan"", ""pseudonym"": ""Murky-Oversight"", ""bio"": """", ""profileImage"": """", ""profileImageOptimized"": """", ""transactionHash"": ""0x1b3de1222e06349606fe1e02b4f2bbd64ccdebdc739e3bc32fdfac8bc53b4d34""}"
1771003487,2026-02-14T01:56:20.459167,0xaa7acd4e657507477554569962ff6248f528a1e08c6fa412bef90d0f43bae903:1771003487,572473,5031084282167950494806674428243037744881029417420880897305642929037077494331,BUY,0.025,2282.89,57.07225,0xaa7acd4e657507477554569962ff6248f528a1e08c6fa412bef90d0f43bae903,"{""proxyWallet"": ""0xd60fa08b1bae2a8f8615f0efa617f811a159b6c4"", ""side"": ""BUY"", ""asset"": ""5031084282167950494806674428243037744881029417420880897305642929037077494331"", ""conditionId"": ""0x46d40e851b24d9b0af4bc1942ccd86439cae82a9011767da14950df0ad997adf"", ""size"": 2282.89, ""price"": 0.025, ""timestamp"": 1771003487, ""title"": ""Will Trump nominate Judy Shelton as the next Fed chair?"", ""slug"": ""will-trump-nominate-judy-shelton-as-the-next-fed-chair"", ""icon"": ""https://polymarket-upload.s3.us-east-2.amazonaws.com/judy-shelton-15c5dd306b.png"", ""eventSlug"": ""who-will-trump-nominate-as-fed-chair"", ""outcome"": ""Yes"", ""outcomeIndex"": 0, ""name"": ""sirpoopants"", ""pseudonym"": ""Taut-Mud"", ""bio"": """", ""profileImage"": """", ""profileImageOptimized"": """", ""transactionHash"": ""0xaa7acd4e657507477554569962ff6248f528a1e08c6fa412bef90d0f43bae903""}"
1771003485,2026-02-14T01:56:20.459191,0x39848d6b78763793b85c6bb4368afbb846ad8f53647365ca829560f66d7d4a59:1771003485,572473,5031084282167950494806674428243037744881029417420880897305642929037077494331,BUY,0.025,80.0,2.0,0x39848d6b78763793b85c6bb4368afbb846ad8f53647365ca829560f66d7d4a59,"{""proxyWallet"": ""0x02fa8de7eaff3a7dde6f3e4f05a3470a156ccee4"", ""side"": ""BUY"", ""asset"": ""5031084282167950494806674428243037744881029417420880897305642929037077494331"", ""conditionId"": ""0x46d40e851b24d9b0af4bc1942ccd86439cae82a9011767da14950df0ad997adf"", ""size"": 80, ""price"": 0.025, ""timestamp"": 1771003485, ""title"": ""Will Trump nominate Judy Shelton as the next Fed chair?"", ""slug"": ""will-trump-nominate-judy-shelton-as-the-next-fed-chair"", ""icon"": ""https://polymarket-upload.s3.us-east-2.amazonaws.com/judy-shelton-15c5dd306b.png"", ""eventSlug"": ""who-will-trump-nominate-as-fed-chair"", ""outcome"": ""Yes"", ""outcomeIndex"": 0, ""name"": """", ""pseudonym"": """", ""bio"": """", ""profileImage"": """", ""profileImageOptimized"": """", ""transactionHash"": ""0x39848d6b78763793b85c6bb4368afbb846ad8f53647365ca829560f66d7d4a59""}"
1771003479,2026-02-14T01:56:20.459211,0x07ffc09158cfef925205bd300d006406a4dcb81b51d722ab953943a80eb7066f:1771003479,572473,5031084282167950494806674428243037744881029417420880897305642929037077494331,SELL,0.024,6554.48,157.30751999999998,0x07ffc09158cfef925205bd300d006406a4dcb81b51d722ab953943a80eb7066f,"{""proxyWallet"": ""0x8e9eedf20dfa70956d49f608a205e402d9df38e4"", ""side"": ""SELL"", ""asset"": ""5031084282167950494806674428243037744881029417420880897305642929037077494331"", ""conditionId"": ""0x46d40e851b24d9b0af4bc1942ccd86439cae82a9011767da14950df0ad997adf"", ""size"": 6554.48, ""price"": 0.024, ""timestamp"": 1771003479, ""title"": ""Will Trump nominate Judy Shelton as the next Fed chair?"", ""slug"": ""will-trump-nominate-judy-shelton-as-the-next-fed-chair"", ""icon"": ""https://polymarket-upload.s3.us-east-2.amazonaws.com/judy-shelton-15c5dd306b.png"", ""eventSlug"": ""who-will-trump-nominate-as-fed-chair"", ""outcome"": ""Yes"", ""outcomeIndex"": 0, ""name"": ""Karajan"", ""pseudonym"": ""Murky-Oversight"", ""bio"": """", ""profileImage"": """", ""profileImageOptimized"": """", ""transactionHash"": ""0x07ffc09158cfef925205bd300d006406a4dcb81b51d722ab953943a80eb7066f""}"
1771003479,2026-02-14T01:56:21.195599,0x53d48f8919bbf96960aa940df271fd00892e154079e50cbe20388afcf3939379:1771003479,572473,5031084282167950494806674428243037744881029417420880897305642929037077494331,SELL,0.024,445.52,10.69248,0x53d48f8919bbf96960aa940df271fd00892e154079e50cbe20388afcf3939379,"{""proxyWallet"": ""0x8e9eedf20dfa70956d49f608a205e402d9df38e4"", ""side"": ""SELL"", ""asset"": ""5031084282167950494806674428243037744881029417420880897305642929037077494331"", ""conditionId"": ""0x46d40e851b24d9b0af4bc1942ccd86439cae82a9011767da14950df0ad997adf"", ""size"": 445.52, ""price"": 0.024, ""timestamp"": 1771003479, ""title"": ""Will Trump nominate Judy Shelton as the next Fed chair?"", ""slug"": ""will-trump-nominate-judy-shelton-as-the-next-fed-chair"", ""icon"": ""https://polymarket-upload.s3.us-east-2.amazonaws.com/judy-shelton-15c5dd306b.png"", ""eventSlug"": ""who-will-trump-nominate-as-fed-chair"", ""outcome"": ""Yes"", ""outcomeIndex"": 0, ""name"": ""Karajan"", ""pseudonym"": ""Murky-Oversight"", ""bio"": """", ""profileImage"": """", ""profileImageOptimized"": """", ""transactionHash"": ""0x53d48f8919bbf96960aa940df271fd00892e154079e50cbe20388afcf3939379""}"
1771003471,2026-02-14T01:56:21.195679,0x557cdca967953087e8084390a1409a07cefb829eb59ceea5c0ef7db43ab210b0:1771003471,572473,5031084282167950494806674428243037744881029417420880897305642929037077494331,BUY,0.024,25.61,0.61464,0x557cdca967953087e8084390a1409a07cefb829eb59ceea5c0ef7db43ab210b0,"{""proxyWallet"": ""0xd60fa08b1bae2a8f8615f0efa617f811a159b6c4"", ""side"": ""BUY"", ""asset"": ""5031084282167950494806674428243037744881029417420880897305642929037077494331"", ""conditionId"": ""0x46d40e851b24d9b0af4bc1942ccd86439cae82a9011767da14950df0ad997adf"", ""size"": 25.61, ""price"": 0.024, ""timestamp"": 1771003471, ""title"": ""Will Trump nominate Judy Shelton as the next Fed chair?"", ""slug"": ""will-trump-nominate-judy-shelton-as-the-next-fed-chair"", ""icon"": ""https://polymarket-upload.s3.us-east-2.amazonaws.com/judy-shelton-15c5dd306b.png"", ""eventSlug"": ""who-will-trump-nominate-as-fed-chair"", ""outcome"": ""Yes"", ""outcomeIndex"": 0, ""name"": ""sirpoopants"", ""pseudonym"": ""Taut-Mud"", ""bio"": """", ""profileImage"": """", ""profileImageOptimized"": """", ""transactionHash"": ""0x557cdca967953087e8084390a1409a07cefb829eb59ceea5c0ef7db43ab210b0""}"
1771003469,2026-02-14T01:56:21.195703,0x8aa5f587130563c59185afd4480124f0c64ec57bb39c9e40277b73401b08e429:1771003469,572473,5031084282167950494806674428243037744881029417420880897305642929037077494331,SELL,0.022,445.52,9.80144,0x8aa5f587130563c59185afd4480124f0c64ec57bb39c9e40277b73401b08e429,"{""proxyWallet"": ""0x8e9eedf20dfa70956d49f608a205e402d9df38e4"", ""side"": ""SELL"", ""asset"": ""5031084282167950494806674428243037744881029417420880897305642929037077494331"", ""conditionId"": ""0x46d40e851b24d9b0af4bc1942ccd86439cae82a9011767da14950df0ad997adf"", ""size"": 445.52, ""price"": 0.022, ""timestamp"": 1771003469, ""title"": ""Will Trump nominate Judy Shelton as the next Fed chair?"", ""slug"": ""will-trump-nominate-judy-shelton-as-the-next-fed-chair"", ""icon"": ""https://polymarket-upload.s3.us-east-2.amazonaws.com/judy-shelton-15c5dd306b.png"", ""eventSlug"": ""who-will-trump-nominate-as-fed-chair"", ""outcome"": ""Yes"", ""outcomeIndex"": 0, ""name"": ""Karajan"", ""pseudonym"": ""Murky-Oversight"", ""bio"": """", ""profileImage"": """", ""profileImageOptimized"": """", ""transactionHash"": ""0x8aa5f587130563c59185afd4480124f0c64ec57bb39c9e40277b73401b08e429""}"
1771003463,2026-02-14T01:56:21.195727,0x0e1c114411e65e34bc090e710089c49f3e79ff75d3d68afbc4890b1eef064a17:1771003463,572473,5031084282167950494806674428243037744881029417420880897305642929037077494331,SELL,0.022,6999.99,153.99978,0x0e1c114411e65e34bc090e710089c49f3e79ff75d3d68afbc4890b1eef064a17,"{""proxyWallet"": ""0x8e9eedf20dfa70956d49f608a205e402d9df38e4"", ""side"": ""SELL"", ""asset"": ""5031084282167950494806674428243037744881029417420880897305642929037077494331"", ""conditionId"": ""0x46d40e851b24d9b0af4bc1942ccd86439cae82a9011767da14950df0ad997adf"", ""size"": 6999.99, ""price"": 0.022, ""timestamp"": 1771003463, ""title"": ""Will Trump nominate Judy Shelton as the next Fed chair?"", ""slug"": ""will-trump-nominate-judy-shelton-as-the-next-fed-chair"", ""icon"": ""https://polymarket-upload.s3.us-east-2.amazonaws.com/judy-shelton-15c5dd306b.png"", ""eventSlug"": ""who-will-trump-nominate-as-fed-chair"", ""outcome"": ""Yes"", ""outcomeIndex"": 0, ""name"": ""Karajan"", ""pseudonym"": ""Murky-Oversight"", ""bio"": """", ""profileImage"": """", ""profileImageOptimized"": """", ""transactionHash"": ""0x0e1c114411e65e34bc090e710089c49f3e79ff75d3d68afbc4890b1eef064a17""}"
1771003459,2026-02-14T01:56:21.195752,0xed8a19e4a6745a5e3a7bdd58d81c3feca8e2fb9dc52b827f1899ccb4ecec2c78:1771003459,572473,5031084282167950494806674428243037744881029417420880897305642929037077494331,BUY,0.024664223808210685,3080.9808,75.99,0xed8a19e4a6745a5e3a7bdd58d81c3feca8e2fb9dc52b827f1899ccb4ecec2c78,"{""proxyWallet"": ""0xc77bc7c12cff77cd80de2d3377ce22aec3a6a526"", ""side"": ""BUY"", ""asset"": ""5031084282167950494806674428243037744881029417420880897305642929037077494331"", ""conditionId"": ""0x46d40e851b24d9b0af4bc1942ccd86439cae82a9011767da14950df0ad997adf"", ""size"": 3080.9808, ""price"": 0.024664223808210685, ""timestamp"": 1771003459, ""title"": ""Will Trump nominate Judy Shelton as the next Fed chair?"", ""slug"": ""will-trump-nominate-judy-shelton-as-the-next-fed-chair"", ""icon"": ""https://polymarket-upload.s3.us-east-2.amazonaws.com/judy-shelton-15c5dd306b.png"", ""eventSlug"": ""who-will-trump-nominate-as-fed-chair"", ""outcome"": ""Yes"", ""outcomeIndex"": 0, ""name"": ""projectparrot"", ""pseudonym"": ""Junior-Burn"", ""bio"": """", ""profileImage"": """", ""profileImageOptimized"": """", ""transactionHash"": ""0xed8a19e4a6745a5e3a7bdd58d81c3feca8e2fb9dc52b827f1899ccb4ecec2c78""}"
1771003453,2026-02-14T01:56:21.195775,0x118fd327414118dcc839166f9f262122a5a5251e9c4bfb0d75a69c93b6db6a5c:1771003453,572473,5031084282167950494806674428243037744881029417420880897305642929037077494331,BUY,0.022,306.75,6.7485,0x118fd327414118dcc839166f9f262122a5a5251e9c4bfb0d75a69c93b6db6a5c,"{""proxyWallet"": ""0xd60fa08b1bae2a8f8615f0efa617f811a159b6c4"", ""side"": ""BUY"", ""asset"": ""5031084282167950494806674428243037744881029417420880897305642929037077494331"", ""conditionId"": ""0x46d40e851b24d9b0af4bc1942ccd86439cae82a9011767da14950df0ad997adf"", ""size"": 306.75, ""price"": 0.022, ""timestamp"": 1771003453, ""title"": ""Will Trump nominate Judy Shelton as the next Fed chair?"", ""slug"": ""will-trump-nominate-judy-shelton-as-the-next-fed-chair"", ""icon"": ""https://polymarket-upload.s3.us-east-2.amazonaws.com/judy-shelton-15c5dd306b.png"", ""eventSlug"": ""who-will-trump-nominate-as-fed-chair"", ""outcome"": ""Yes"", ""outcomeIndex"": 0, ""name"": ""sirpoopants"", ""pseudonym"": ""Taut-Mud"", ""bio"": """", ""profileImage"": """", ""profileImageOptimized"": """", ""transactionHash"": ""0x118fd327414118dcc839166f9f262122a5a5251e9c4bfb0d75a69c93b6db6a5c""}"
1771003449,2026-02-14T01:56:21.195795,0x648291ce2d89962df73eba74a9beb836d1a3ab42d8db25d33a6f9adbb31b2fd1:1771003449,572473,5031084282167950494806674428243037744881029417420880897305642929037077494331,SELL,0.022,102.73,2.2600599999999997,0x648291ce2d89962df73eba74a9beb836d1a3ab42d8db25d33a6f9adbb31b2fd1,"{""proxyWallet"": ""0x8e9eedf20dfa70956d49f608a205e402d9df38e4"", ""side"": ""SELL"", ""asset"": ""5031084282167950494806674428243037744881029417420880897305642929037077494331"", ""conditionId"": ""0x46d40e851b24d9b0af4bc1942ccd86439cae82a9011767da14950df0ad997adf"", ""size"": 102.73, ""price"": 0.022, ""timestamp"": 1771003449, ""title"": ""Will Trump nominate Judy Shelton as the next Fed chair?"", ""slug"": ""will-trump-nominate-judy-shelton-as-the-next-fed-chair"", ""icon"": ""https://polymarket-upload.s3.us-east-2.amazonaws.com/judy-shelton-15c5dd306b.png"", ""eventSlug"": ""who-will-trump-nominate-as-fed-chair"", ""outcome"": ""Yes"", ""outcomeIndex"": 0, ""name"": ""Karajan"", ""pseudonym"": ""Murky-Oversight"", ""bio"": """", ""profileImage"": """", ""profileImageOptimized"": """", ""transactionHash"": ""0x648291ce2d89962df73eba74a9beb836d1a3ab42d8db25d33a6f9adbb31b2fd1""}"
1771003439,2026-02-14T01:56:21.195813,0xe9843be01ce4edc0cf4b5cd824e9a5374192999ff2528e5adadc94ad791df8c0:1771003439,572473,5031084282167950494806674428243037744881029417420880897305642929037077494331,BUY,0.022,25.56,0.5623199999999999,0xe9843be01ce4edc0cf4b5cd824e9a5374192999ff2528e5adadc94ad791df8c0,"{""proxyWallet"": ""0xd60fa08b1bae2a8f8615f0efa617f811a159b6c4"", ""side"": ""BUY"", ""asset"": ""5031084282167950494806674428243037744881029417420880897305642929037077494331"", ""conditionId"": ""0x46d40e851b24d9b0af4bc1942ccd86439cae82a9011767da14950df0ad997adf"", ""size"": 25.56, ""price"": 0.022, ""timestamp"": 1771003439, ""title"": ""Will Trump nominate Judy Shelton as the next Fed chair?"", ""slug"": ""will-trump-nominate-judy-shelton-as-the-next-fed-chair"", ""icon"": ""https://polymarket-upload.s3.us-east-2.amazonaws.com/judy-shelton-15c5dd306b.png"", ""eventSlug"": ""who-will-trump-nominate-as-fed-chair"", ""outcome"": ""Yes"", ""outcomeIndex"": 0, ""name"": ""sirpoopants"", ""pseudonym"": ""Taut-Mud"", ""bio"": """", ""profileImage"": """", ""profileImageOptimized"": """", ""transactionHash"": ""0xe9843be01ce4edc0cf4b5cd824e9a5374192999ff2528e5adadc94ad791df8c0""}"
1771003419,2026-02-14T01:56:21.195838,0xbe2c02636d5e1bc3f3d80236ac4dc40e9f6a32710f5239ce50a05c9dcad4441c:1771003419,572473,5031084282167950494806674428243037744881029417420880897305642929037077494331,BUY,0.022,306.75,6.7485,0xbe2c02636d5e1bc3f3d80236ac4dc40e9f6a32710f5239ce50a05c9dcad4441c,"{""proxyWallet"": ""0xd60fa08b1bae2a8f8615f0efa617f811a159b6c4"", ""side"": ""BUY"", ""asset"": ""5031084282167950494806674428243037744881029417420880897305642929037077494331"", ""conditionId"": ""0x46d40e851b24d9b0af4bc1942ccd86439cae82a9011767da14950df0ad997adf"", ""size"": 306.75, ""price"": 0.022, ""timestamp"": 1771003419, ""title"": ""Will Trump nominate Judy Shelton as the next Fed chair?"", ""slug"": ""will-trump-nominate-judy-shelton-as-the-next-fed-chair"", ""icon"": ""https://polymarket-upload.s3.us-east-2.amazonaws.com/judy-shelton-15c5dd306b.png"", ""eventSlug"": ""who-will-trump-nominate-as-fed-chair"", ""outcome"": ""Yes"", ""outcomeIndex"": 0, ""name"": ""sirpoopants"", ""pseudonym"": ""Taut-Mud"", ""bio"": """", ""profileImage"": """", ""profileImageOptimized"": """", ""transactionHash"": ""0xbe2c02636d5e1bc3f3d80236ac4dc40e9f6a32710f5239ce50a05c9dcad4441c""}"
1771003415,2026-02-14T01:56:21.195873,0x3674375c2ea14009412c4dbe4a56052b38601e93fab7b4b34975718dbe9ecd38:1771003415,572473,5031084282167950494806674428243037744881029417420880897305642929037077494331,SELL,0.022,58.2,1.2804,0x3674375c2ea14009412c4dbe4a56052b38601e93fab7b4b34975718dbe9ecd38,"{""proxyWallet"": ""0x8e9eedf20dfa70956d49f608a205e402d9df38e4"", ""side"": ""SELL"", ""asset"": ""5031084282167950494806674428243037744881029417420880897305642929037077494331"", ""conditionId"": ""0x46d40e851b24d9b0af4bc1942ccd86439cae82a9011767da14950df0ad997adf"", ""size"": 58.2, ""price"": 0.022, ""timestamp"": 1771003415, ""title"": ""Will Trump nominate Judy Shelton as the next Fed chair?"", ""slug"": ""will-trump-nominate-judy-shelton-as-the-next-fed-chair"", ""icon"": ""https://polymarket-upload.s3.us-east-2.amazonaws.com/judy-shelton-15c5dd306b.png"", ""eventSlug"": ""who-will-trump-nominate-as-fed-chair"", ""outcome"": ""Yes"", ""outcomeIndex"": 0, ""name"": ""Karajan"", ""pseudonym"": ""Murky-Oversight"", ""bio"": """", ""profileImage"": """", ""profileImageOptimized"": """", ""transactionHash"": ""0x3674375c2ea14009412c4dbe4a56052b38601e93fab7b4b34975718dbe9ecd38""}"
1771003411,2026-02-14T01:56:21.195891,0x9b59d1032b705f914d1c2c7a9bd19e958947062da5e26cc02097cd8f3d552133:1771003411,572473,5031084282167950494806674428243037744881029417420880897305642929037077494331,SELL,0.021,103.2,2.1672000000000002,0x9b59d1032b705f914d1c2c7a9bd19e958947062da5e26cc02097cd8f3d552133,"{""proxyWallet"": ""0x8e9eedf20dfa70956d49f608a205e402d9df38e4"", ""side"": ""SELL"", ""asset"": ""5031084282167950494806674428243037744881029417420880897305642929037077494331"", ""conditionId"": ""0x46d40e851b24d9b0af4bc1942ccd86439cae82a9011767da14950df0ad997adf"", ""size"": 103.2, ""price"": 0.021, ""timestamp"": 1771003411, ""title"": ""Will Trump nominate Judy Shelton as the next Fed chair?"", ""slug"": ""will-trump-nominate-judy-shelton-as-the-next-fed-chair"", ""icon"": ""https://polymarket-upload.s3.us-east-2.amazonaws.com/judy-shelton-15c5dd306b.png"", ""eventSlug"": ""who-will-trump-nominate-as-fed-chair"", ""outcome"": ""Yes"", ""outcomeIndex"": 0, ""name"": ""Karajan"", ""pseudonym"": ""Murky-Oversight"", ""bio"": """", ""profileImage"": """", ""profileImageOptimized"": """", ""transactionHash"": ""0x9b59d1032b705f914d1c2c7a9bd19e958947062da5e26cc02097cd8f3d552133""}"
1771003409,2026-02-14T01:56:21.195910,0xf7f60930000c6d2dd79c7c6994a245da1d7e20225731bf5212e10bbb013a958a:1771003409,572473,5031084282167950494806674428243037744881029417420880897305642929037077494331,SELL,0.021,25.0,0.525,0xf7f60930000c6d2dd79c7c6994a245da1d7e20225731bf5212e10bbb013a958a,"{""proxyWallet"": ""0x94746ed6c69bdd5d5711b18d781d3978ef705091"", ""side"": ""SELL"", ""asset"": ""5031084282167950494806674428243037744881029417420880897305642929037077494331"", ""conditionId"": ""0x46d40e851b24d9b0af4bc1942ccd86439cae82a9011767da14950df0ad997adf"", ""size"": 25, ""price"": 0.021, ""timestamp"": 1771003409, ""title"": ""Will Trump nominate Judy Shelton as the next Fed chair?"", ""slug"": ""will-trump-nominate-judy-shelton-as-the-next-fed-chair"", ""icon"": ""https://polymarket-upload.s3.us-east-2.amazonaws.com/judy-shelton-15c5dd306b.png"", ""eventSlug"": ""who-will-trump-nominate-as-fed-chair"", ""outcome"": ""Yes"", ""outcomeIndex"": 0, ""name"": ""TraderProMax"", ""pseudonym"": ""Arid-Fly"", ""bio"": """", ""profileImage"": """", ""profileImageOptimized"": """", ""transactionHash"": ""0xf7f60930000c6d2dd79c7c6994a245da1d7e20225731bf5212e10bbb013a958a""}"
1771003409,2026-02-14T01:56:21.195929,0x01870884fcb9f3719f46d38ae550bd9f87bedd08178b10623fde01fff876b83f:1771003409,572473,5031084282167950494806674428243037744881029417420880897305642929037077494331,SELL,0.021,1000.0,21.0,0x01870884fcb9f3719f46d38ae550bd9f87bedd08178b10623fde01fff876b83f,"{""proxyWallet"": ""0x8e9eedf20dfa70956d49f608a205e402d9df38e4"", ""side"": ""SELL"", ""asset"": ""5031084282167950494806674428243037744881029417420880897305642929037077494331"", ""conditionId"": ""0x46d40e851b24d9b0af4bc1942ccd86439cae82a9011767da14950df0ad997adf"", ""size"": 1000, ""price"": 0.021, ""timestamp"": 1771003409, ""title"": ""Will Trump nominate Judy Shelton as the next Fed chair?"", ""slug"": ""will-trump-nominate-judy-shelton-as-the-next-fed-chair"", ""icon"": ""https://polymarket-upload.s3.us-east-2.amazonaws.com/judy-shelton-15c5dd306b.png"", ""eventSlug"": ""who-will-trump-nominate-as-fed-chair"", ""outcome"": ""Yes"", ""outcomeIndex"": 0, ""name"": ""Karajan"", ""pseudonym"": ""Murky-Oversight"", ""bio"": """", ""profileImage"": """", ""profileImageOptimized"": """", ""transactionHash"": ""0x01870884fcb9f3719f46d38ae550bd9f87bedd08178b10623fde01fff876b83f""}"
1771003407,2026-02-14T01:56:21.195946,0x22868c9746ad6babc9216aafd2482a9035c55aa7a1c497ce17755d6b7a816a1b:1771003407,572473,5031084282167950494806674428243037744881029417420880897305642929037077494331,BUY,0.022,75.56,1.66232,0x22868c9746ad6babc9216aafd2482a9035c55aa7a1c497ce17755d6b7a816a1b,"{""proxyWallet"": ""0xd60fa08b1bae2a8f8615f0efa617f811a159b6c4"", ""side"": ""BUY"", ""asset"": ""5031084282167950494806674428243037744881029417420880897305642929037077494331"", ""conditionId"": ""0x46d40e851b24d9b0af4bc1942ccd86439cae82a9011767da14950df0ad997adf"", ""size"": 75.56, ""price"": 0.022, ""timestamp"": 1771003407, ""title"": ""Will Trump nominate Judy Shelton as the next Fed chair?"", ""slug"": ""will-trump-nominate-judy-shelton-as-the-next-fed-chair"", ""icon"": ""https://polymarket-upload.s3.us-east-2.amazonaws.com/judy-shelton-15c5dd306b.png"", ""eventSlug"": ""who-will-trump-nominate-as-fed-chair"", ""outcome"": ""Yes"", ""outcomeIndex"": 0, ""name"": ""sirpoopants"", ""pseudonym"": ""Taut-Mud"", ""bio"": """", ""profileImage"": """", ""profileImageOptimized"": """", ""transactionHash"": ""0x22868c9746ad6babc9216aafd2482a9035c55aa7a1c497ce17755d6b7a816a1b""}"
1771003407,2026-02-14T01:56:21.195964,0xc42bcc68417b6e3c4d4cca3bb32c03ce6c046522be4a8911ccc0c28e8cd47200:1771003407,572473,5031084282167950494806674428243037744881029417420880897305642929037077494331,SELL,0.021,1000.0,21.0,0xc42bcc68417b6e3c4d4cca3bb32c03ce6c046522be4a8911ccc0c28e8cd47200,"{""proxyWallet"": ""0x8e9eedf20dfa70956d49f608a205e402d9df38e4"", ""side"": ""SELL"", ""asset"": ""5031084282167950494806674428243037744881029417420880897305642929037077494331"", ""conditionId"": ""0x46d40e851b24d9b0af4bc1942ccd86439cae82a9011767da14950df0ad997adf"", ""size"": 1000, ""price"": 0.021, ""timestamp"": 1771003407, ""title"": ""Will Trump nominate Judy Shelton as the next Fed chair?"", ""slug"": ""will-trump-nominate-judy-shelton-as-the-next-fed-chair"", ""icon"": ""https://polymarket-upload.s3.us-east-2.amazonaws.com/judy-shelton-15c5dd306b.png"", ""eventSlug"": ""who-will-trump-nominate-as-fed-chair"", ""outcome"": ""Yes"", ""outcomeIndex"": 0, ""name"": ""Karajan"", ""pseudonym"": ""Murky-Oversight"", ""bio"": """", ""profileImage"": """", ""profileImageOptimized"": """", ""transactionHash"": ""0xc42bcc68417b6e3c4d4cca3bb32c03ce6c046522be4a8911ccc0c28e8cd47200""}"
1771003403,2026-02-14T01:56:21.195982,0xa1799f5dab595b8c6a86cf110ea903a1dcd636a5fb827f474fab96004d943e8d:1771003403,572473,5031084282167950494806674428243037744881029417420880897305642929037077494331,SELL,0.021,409.0,8.589,0xa1799f5dab595b8c6a86cf110ea903a1dcd636a5fb827f474fab96004d943e8d,"{""proxyWallet"": ""0x8e9eedf20dfa70956d49f608a205e402d9df38e4"", ""side"": ""SELL"", ""asset"": ""5031084282167950494806674428243037744881029417420880897305642929037077494331"", ""conditionId"": ""0x46d40e851b24d9b0af4bc1942ccd86439cae82a9011767da14950df0ad997adf"", ""size"": 409, ""price"": 0.021, ""timestamp"": 1771003403, ""title"": ""Will Trump nominate Judy Shelton as the next Fed chair?"", ""slug"": ""will-trump-nominate-judy-shelton-as-the-next-fed-chair"", ""icon"": ""https://polymarket-upload.s3.us-east-2.amazonaws.com/judy-shelton-15c5dd306b.png"", ""eventSlug"": ""who-will-trump-nominate-as-fed-chair"", ""outcome"": ""Yes"", ""outcomeIndex"": 0, ""name"": ""Karajan"", ""pseudonym"": ""Murky-Oversight"", ""bio"": """", ""profileImage"": """", ""profileImageOptimized"": """", ""transactionHash"": ""0xa1799f5dab595b8c6a86cf110ea903a1dcd636a5fb827f474fab96004d943e8d""}"
1771003403,2026-02-14T01:56:21.196000,0x8719cb90cc953c3d1593e267b80c21245b74ce3bb56397bd04b2ccdf43432e1c:1771003403,572473,5031084282167950494806674428243037744881029417420880897305642929037077494331,SELL,0.021,591.0,12.411000000000001,0x8719cb90cc953c3d1593e267b80c21245b74ce3bb56397bd04b2ccdf43432e1c,"{""proxyWallet"": ""0x8e9eedf20dfa70956d49f608a205e402d9df38e4"", ""side"": ""SELL"", ""asset"": ""5031084282167950494806674428243037744881029417420880897305642929037077494331"", ""conditionId"": ""0x46d40e851b24d9b0af4bc1942ccd86439cae82a9011767da14950df0ad997adf"", ""size"": 591, ""price"": 0.021, ""timestamp"": 1771003403, ""title"": ""Will Trump nominate Judy Shelton as the next Fed chair?"", ""slug"": ""will-trump-nominate-judy-shelton-as-the-next-fed-chair"", ""icon"": ""https://polymarket-upload.s3.us-east-2.amazonaws.com/judy-shelton-15c5dd306b.png"", ""eventSlug"": ""who-will-trump-nominate-as-fed-chair"", ""outcome"": ""Yes"", ""outcomeIndex"": 0, ""name"": ""Karajan"", ""pseudonym"": ""Murky-Oversight"", ""bio"": """", ""profileImage"": """", ""profileImageOptimized"": """", ""transactionHash"": ""0x8719cb90cc953c3d1593e267b80c21245b74ce3bb56397bd04b2ccdf43432e1c""}"
1771003401,2026-02-14T01:56:21.196019,0xaee0c366a4e4762abf9c63e842a8dd36538c9f72d26d69400d634d5a1191f4a2:1771003401,572473,5031084282167950494806674428243037744881029417420880897305642929037077494331,SELL,0.021,1000.0,21.0,0xaee0c366a4e4762abf9c63e842a8dd36538c9f72d26d69400d634d5a1191f4a2,"{""proxyWallet"": ""0x8e9eedf20dfa70956d49f608a205e402d9df38e4"", ""side"": ""SELL"", ""asset"": ""5031084282167950494806674428243037744881029417420880897305642929037077494331"", ""conditionId"": ""0x46d40e851b24d9b0af4bc1942ccd86439cae82a9011767da14950df0ad997adf"", ""size"": 1000, ""price"": 0.021, ""timestamp"": 1771003401, ""title"": ""Will Trump nominate Judy Shelton as the next Fed chair?"", ""slug"": ""will-trump-nominate-judy-shelton-as-the-next-fed-chair"", ""icon"": ""https://polymarket-upload.s3.us-east-2.amazonaws.com/judy-shelton-15c5dd306b.png"", ""eventSlug"": ""who-will-trump-nominate-as-fed-chair"", ""outcome"": ""Yes"", ""outcomeIndex"": 0, ""name"": ""Karajan"", ""pseudonym"": ""Murky-Oversight"", ""bio"": """", ""profileImage"": """", ""profileImageOptimized"": """", ""transactionHash"": ""0xaee0c366a4e4762abf9c63e842a8dd36538c9f72d26d69400d634d5a1191f4a2""}"
1771003401,2026-02-14T01:56:21.196037,0x4726a7f823cce356d028c502e4693a31b95a20f41bb30678871698441cdc6c5d:1771003401,572473,5031084282167950494806674428243037744881029417420880897305642929037077494331,SELL,0.022,30.0,0.6599999999999999,0x4726a7f823cce356d028c502e4693a31b95a20f41bb30678871698441cdc6c5d,"{""proxyWallet"": ""0x8e9eedf20dfa70956d49f608a205e402d9df38e4"", ""side"": ""SELL"", ""asset"": ""5031084282167950494806674428243037744881029417420880897305642929037077494331"", ""conditionId"": ""0x46d40e851b24d9b0af4bc1942ccd86439cae82a9011767da14950df0ad997adf"", ""size"": 30, ""price"": 0.022, ""timestamp"": 1771003401, ""title"": ""Will Trump nominate Judy Shelton as the next Fed chair?"", ""slug"": ""will-trump-nominate-judy-shelton-as-the-next-fed-chair"", ""icon"": ""https://polymarket-upload.s3.us-east-2.amazonaws.com/judy-shelton-15c5dd306b.png"", ""eventSlug"": ""who-will-trump-nominate-as-fed-chair"", ""outcome"": ""Yes"", ""outcomeIndex"": 0, ""name"": ""Karajan"", ""pseudonym"": ""Murky-Oversight"", ""bio"": """", ""profileImage"": """", ""profileImageOptimized"": """", ""transactionHash"": ""0x4726a7f823cce356d028c502e4693a31b95a20f41bb30678871698441cdc6c5d""}"
1771003399,2026-02-14T01:56:21.196054,0x4cd961616211b7daf448f3dab7df85f31914993995df0cb93ce90d62d5ab98fd:1771003399,572473,5031084282167950494806674428243037744881029417420880897305642929037077494331,SELL,0.021,181.99,3.8217900000000005,0x4cd961616211b7daf448f3dab7df85f31914993995df0cb93ce90d62d5ab98fd,"{""proxyWallet"": ""0x8e9eedf20dfa70956d49f608a205e402d9df38e4"", ""side"": ""SELL"", ""asset"": ""5031084282167950494806674428243037744881029417420880897305642929037077494331"", ""conditionId"": ""0x46d40e851b24d9b0af4bc1942ccd86439cae82a9011767da14950df0ad997adf"", ""size"": 181.99, ""price"": 0.021, ""timestamp"": 1771003399, ""title"": ""Will Trump nominate Judy Shelton as the next Fed chair?"", ""slug"": ""will-trump-nominate-judy-shelton-as-the-next-fed-chair"", ""icon"": ""https://polymarket-upload.s3.us-east-2.amazonaws.com/judy-shelton-15c5dd306b.png"", ""eventSlug"": ""who-will-trump-nominate-as-fed-chair"", ""outcome"": ""Yes"", ""outcomeIndex"": 0, ""name"": ""Karajan"", ""pseudonym"": ""Murky-Oversight"", ""bio"": """", ""profileImage"": """", ""profileImageOptimized"": """", ""transactionHash"": ""0x4cd961616211b7daf448f3dab7df85f31914993995df0cb93ce90d62d5ab98fd""}"
1771003399,2026-02-14T01:56:21.196071,0x043fa575168987fb0810a8fe8f34f078e7ecbbac068b371bcc380dd10efbe904:1771003399,572473,5031084282167950494806674428243037744881029417420880897305642929037077494331,SELL,0.021,520.8,10.9368,0x043fa575168987fb0810a8fe8f34f078e7ecbbac068b371bcc380dd10efbe904,"{""proxyWallet"": ""0x8e9eedf20dfa70956d49f608a205e402d9df38e4"", ""side"": ""SELL"", ""asset"": ""5031084282167950494806674428243037744881029417420880897305642929037077494331"", ""conditionId"": ""0x46d40e851b24d9b0af4bc1942ccd86439cae82a9011767da14950df0ad997adf"", ""size"": 520.8, ""price"": 0.021, ""timestamp"": 1771003399, ""title"": ""Will Trump nominate Judy Shelton as the next Fed chair?"", ""slug"": ""will-trump-nominate-judy-shelton-as-the-next-fed-chair"", ""icon"": ""https://polymarket-upload.s3.us-east-2.amazonaws.com/judy-shelton-15c5dd306b.png"", ""eventSlug"": ""who-will-trump-nominate-as-fed-chair"", ""outcome"": ""Yes"", ""outcomeIndex"": 0, ""name"": ""Karajan"", ""pseudonym"": ""Murky-Oversight"", ""bio"": """", ""profileImage"": """", ""profileImageOptimized"": """", ""transactionHash"": ""0x043fa575168987fb0810a8fe8f34f078e7ecbbac068b371bcc380dd10efbe904""}"
1771003397,2026-02-14T01:56:21.196095,0x801cc5f9be632ee4c713e27ff3667db9f4d1307c3d41f2a5b3eb29d7140999b1:1771003397,572473,5031084282167950494806674428243037744881029417420880897305642929037077494331,BUY,0.022000000539622654,48.181817,1.06,0x801cc5f9be632ee4c713e27ff3667db9f4d1307c3d41f2a5b3eb29d7140999b1,"{""proxyWallet"": ""0x172d149ec2de59bd50c621890f635c361756a2c2"", ""side"": ""BUY"", ""asset"": ""5031084282167950494806674428243037744881029417420880897305642929037077494331"", ""conditionId"": ""0x46d40e851b24d9b0af4bc1942ccd86439cae82a9011767da14950df0ad997adf"", ""size"": 48.181817, ""price"": 0.022000000539622654, ""timestamp"": 1771003397, ""title"": ""Will Trump nominate Judy Shelton as the next Fed chair?"", ""slug"": ""will-trump-nominate-judy-shelton-as-the-next-fed-chair"", ""icon"": ""https://polymarket-upload.s3.us-east-2.amazonaws.com/judy-shelton-15c5dd306b.png"", ""eventSlug"": ""who-will-trump-nominate-as-fed-chair"", ""outcome"": ""Yes"", ""outcomeIndex"": 0, ""name"": """", ""pseudonym"": """", ""bio"": """", ""profileImage"": """", ""profileImageOptimized"": """", ""transactionHash"": ""0x801cc5f9be632ee4c713e27ff3667db9f4d1307c3d41f2a5b3eb29d7140999b1""}"
1771003395,2026-02-14T01:56:21.196116,0xf3b0b1aa3def7320632d6f4381b0910eb03b3fa38f5fa332c245efb9ff930b41:1771003395,572473,5031084282167950494806674428243037744881029417420880897305642929037077494331,BUY,0.022,43.0,0.946,0xf3b0b1aa3def7320632d6f4381b0910eb03b3fa38f5fa332c245efb9ff930b41,"{""proxyWallet"": ""0xd60fa08b1bae2a8f8615f0efa617f811a159b6c4"", ""side"": ""BUY"", ""asset"": ""5031084282167950494806674428243037744881029417420880897305642929037077494331"", ""conditionId"": ""0x46d40e851b24d9b0af4bc1942ccd86439cae82a9011767da14950df0ad997adf"", ""size"": 43, ""price"": 0.022, ""timestamp"": 1771003395, ""title"": ""Will Trump nominate Judy Shelton as the next Fed chair?"", ""slug"": ""will-trump-nominate-judy-shelton-as-the-next-fed-chair"", ""icon"": ""https://polymarket-upload.s3.us-east-2.amazonaws.com/judy-shelton-15c5dd306b.png"", ""eventSlug"": ""who-will-trump-nominate-as-fed-chair"", ""outcome"": ""Yes"", ""outcomeIndex"": 0, ""name"": ""sirpoopants"", ""pseudonym"": ""Taut-Mud"", ""bio"": """", ""profileImage"": """", ""profileImageOptimized"": """", ""transactionHash"": ""0xf3b0b1aa3def7320632d6f4381b0910eb03b3fa38f5fa332c245efb9ff930b41""}"
1771003393,2026-02-14T01:56:21.196140,0xf0b49462c81583ef677e62239ecd43e0bf950853edbdcb79c5b8b8b5875f5cb7:1771003393,572473,5031084282167950494806674428243037744881029417420880897305642929037077494331,SELL,0.021,4550.99,95.57079,0xf0b49462c81583ef677e62239ecd43e0bf950853edbdcb79c5b8b8b5875f5cb7,"{""proxyWallet"": ""0x8e9eedf20dfa70956d49f608a205e402d9df38e4"", ""side"": ""SELL"", ""asset"": ""5031084282167950494806674428243037744881029417420880897305642929037077494331"", ""conditionId"": ""0x46d40e851b24d9b0af4bc1942ccd86439cae82a9011767da14950df0ad997adf"", ""size"": 4550.99, ""price"": 0.021, ""timestamp"": 1771003393, ""title"": ""Will Trump nominate Judy Shelton as the next Fed chair?"", ""slug"": ""will-trump-nominate-judy-shelton-as-the-next-fed-chair"", ""icon"": ""https://polymarket-upload.s3.us-east-2.amazonaws.com/judy-shelton-15c5dd306b.png"", ""eventSlug"": ""who-will-trump-nominate-as-fed-chair"", ""outcome"": ""Yes"", ""outcomeIndex"": 0, ""name"": ""Karajan"", ""pseudonym"": ""Murky-Oversight"", ""bio"": """", ""profileImage"": """", ""profileImageOptimized"": """", ""transactionHash"": ""0xf0b49462c81583ef677e62239ecd43e0bf950853edbdcb79c5b8b8b5875f5cb7""}"
1771003393,2026-02-14T01:56:21.196162,0xa3fa5e92328e79f63373dc7a8bdc1d4a6e8d50e3335ad6a958e53a48c6a5e4c5:1771003393,572473,5031084282167950494806674428243037744881029417420880897305642929037077494331,SELL,0.021,10.01,0.21021,0xa3fa5e92328e79f63373dc7a8bdc1d4a6e8d50e3335ad6a958e53a48c6a5e4c5,"{""proxyWallet"": ""0x8e9eedf20dfa70956d49f608a205e402d9df38e4"", ""side"": ""SELL"", ""asset"": ""5031084282167950494806674428243037744881029417420880897305642929037077494331"", ""conditionId"": ""0x46d40e851b24d9b0af4bc1942ccd86439cae82a9011767da14950df0ad997adf"", ""size"": 10.01, ""price"": 0.021, ""timestamp"": 1771003393, ""title"": ""Will Trump nominate Judy Shelton as the next Fed chair?"", ""slug"": ""will-trump-nominate-judy-shelton-as-the-next-fed-chair"", ""icon"": ""https://polymarket-upload.s3.us-east-2.amazonaws.com/judy-shelton-15c5dd306b.png"", ""eventSlug"": ""who-will-trump-nominate-as-fed-chair"", ""outcome"": ""Yes"", ""outcomeIndex"": 0, ""name"": ""Karajan"", ""pseudonym"": ""Murky-Oversight"", ""bio"": """", ""profileImage"": """", ""profileImageOptimized"": """", ""transactionHash"": ""0xa3fa5e92328e79f63373dc7a8bdc1d4a6e8d50e3335ad6a958e53a48c6a5e4c5""}"
1771003391,2026-02-14T01:56:21.196187,0x4644218ad48859d4daae1f5888233255c46b852a59f91beeb466f68a626ae1e3:1771003391,572473,5031084282167950494806674428243037744881029417420880897305642929037077494331,SELL,0.02,1000.0,20.0,0x4644218ad48859d4daae1f5888233255c46b852a59f91beeb466f68a626ae1e3,"{""proxyWallet"": ""0x8e9eedf20dfa70956d49f608a205e402d9df38e4"", ""side"": ""SELL"", ""asset"": ""5031084282167950494806674428243037744881029417420880897305642929037077494331"", ""conditionId"": ""0x46d40e851b24d9b0af4bc1942ccd86439cae82a9011767da14950df0ad997adf"", ""size"": 1000, ""price"": 0.02, ""timestamp"": 1771003391, ""title"": ""Will Trump nominate Judy Shelton as the next Fed chair?"", ""slug"": ""will-trump-nominate-judy-shelton-as-the-next-fed-chair"", ""icon"": ""https://polymarket-upload.s3.us-east-2.amazonaws.com/judy-shelton-15c5dd306b.png"", ""eventSlug"": ""who-will-trump-nominate-as-fed-chair"", ""outcome"": ""Yes"", ""outcomeIndex"": 0, ""name"": ""Karajan"", ""pseudonym"": ""Murky-Oversight"", ""bio"": """", ""profileImage"": """", ""profileImageOptimized"": """", ""transactionHash"": ""0x4644218ad48859d4daae1f5888233255c46b852a59f91beeb466f68a626ae1e3""}"
1771003387,2026-02-14T01:56:21.196208,0x9f83e08b9dd72fcddf67fb41aa5f414e17b9a7e5cba2f627546d27bde26c1e36:1771003387,572473,5031084282167950494806674428243037744881029417420880897305642929037077494331,SELL,0.02,10.0,0.2,0x9f83e08b9dd72fcddf67fb41aa5f414e17b9a7e5cba2f627546d27bde26c1e36,"{""proxyWallet"": ""0x8e9eedf20dfa70956d49f608a205e402d9df38e4"", ""side"": ""SELL"", ""asset"": ""5031084282167950494806674428243037744881029417420880897305642929037077494331"", ""conditionId"": ""0x46d40e851b24d9b0af4bc1942ccd86439cae82a9011767da14950df0ad997adf"", ""size"": 10, ""price"": 0.02, ""timestamp"": 1771003387, ""title"": ""Will Trump nominate Judy Shelton as the next Fed chair?"", ""slug"": ""will-trump-nominate-judy-shelton-as-the-next-fed-chair"", ""icon"": ""https://polymarket-upload.s3.us-east-2.amazonaws.com/judy-shelton-15c5dd306b.png"", ""eventSlug"": ""who-will-trump-nominate-as-fed-chair"", ""outcome"": ""Yes"", ""outcomeIndex"": 0, ""name"": ""Karajan"", ""pseudonym"": ""Murky-Oversight"", ""bio"": """", ""profileImage"": """", ""profileImageOptimized"": """", ""transactionHash"": ""0x9f83e08b9dd72fcddf67fb41aa5f414e17b9a7e5cba2f627546d27bde26c1e36""}"
1771003383,2026-02-14T01:56:21.196227,0x8ccac7cbc88405a10c35d066342b9258da084c72479fc3347cb86ee8408d43d7:1771003383,572473,5031084282167950494806674428243037744881029417420880897305642929037077494331,SELL,0.022,100.0,2.1999999999999997,0x8ccac7cbc88405a10c35d066342b9258da084c72479fc3347cb86ee8408d43d7,"{""proxyWallet"": ""0x8e9eedf20dfa70956d49f608a205e402d9df38e4"", ""side"": ""SELL"", ""asset"": ""5031084282167950494806674428243037744881029417420880897305642929037077494331"", ""conditionId"": ""0x46d40e851b24d9b0af4bc1942ccd86439cae82a9011767da14950df0ad997adf"", ""size"": 100, ""price"": 0.022, ""timestamp"": 1771003383, ""title"": ""Will Trump nominate Judy Shelton as the next Fed chair?"", ""slug"": ""will-trump-nominate-judy-shelton-as-the-next-fed-chair"", ""icon"": ""https://polymarket-upload.s3.us-east-2.amazonaws.com/judy-shelton-15c5dd306b.png"", ""eventSlug"": ""who-will-trump-nominate-as-fed-chair"", ""outcome"": ""Yes"", ""outcomeIndex"": 0, ""name"": ""Karajan"", ""pseudonym"": ""Murky-Oversight"", ""bio"": """", ""profileImage"": """", ""profileImageOptimized"": """", ""transactionHash"": ""0x8ccac7cbc88405a10c35d066342b9258da084c72479fc3347cb86ee8408d43d7""}"
1771003383,2026-02-14T01:56:21.196246,0x5d355fa6626b4995f282c578c7ceb6093bb02194b59f635bb67fae85990e8ef2:1771003383,572473,5031084282167950494806674428243037744881029417420880897305642929037077494331,SELL,0.021,249.0,5.229,0x5d355fa6626b4995f282c578c7ceb6093bb02194b59f635bb67fae85990e8ef2,"{""proxyWallet"": ""0x8e9eedf20dfa70956d49f608a205e402d9df38e4"", ""side"": ""SELL"", ""asset"": ""5031084282167950494806674428243037744881029417420880897305642929037077494331"", ""conditionId"": ""0x46d40e851b24d9b0af4bc1942ccd86439cae82a9011767da14950df0ad997adf"", ""size"": 249, ""price"": 0.021, ""timestamp"": 1771003383, ""title"": ""Will Trump nominate Judy Shelton as the next Fed chair?"", ""slug"": ""will-trump-nominate-judy-shelton-as-the-next-fed-chair"", ""icon"": ""https://polymarket-upload.s3.us-east-2.amazonaws.com/judy-shelton-15c5dd306b.png"", ""eventSlug"": ""who-will-trump-nominate-as-fed-chair"", ""outcome"": ""Yes"", ""outcomeIndex"": 0, ""name"": ""Karajan"", ""pseudonym"": ""Murky-Oversight"", ""bio"": """", ""profileImage"": """", ""profileImageOptimized"": """", ""transactionHash"": ""0x5d355fa6626b4995f282c578c7ceb6093bb02194b59f635bb67fae85990e8ef2""}"
1771003383,2026-02-14T01:56:21.196264,0xb1b6130c65586821d6547fb71c31f05911b060341252e4dbd04d4b38d4b0f070:1771003383,572473,5031084282167950494806674428243037744881029417420880897305642929037077494331,SELL,0.021,25.0,0.525,0xb1b6130c65586821d6547fb71c31f05911b060341252e4dbd04d4b38d4b0f070,"{""proxyWallet"": ""0x8e9eedf20dfa70956d49f608a205e402d9df38e4"", ""side"": ""SELL"", ""asset"": ""5031084282167950494806674428243037744881029417420880897305642929037077494331"", ""conditionId"": ""0x46d40e851b24d9b0af4bc1942ccd86439cae82a9011767da14950df0ad997adf"", ""size"": 25, ""price"": 0.021, ""timestamp"": 1771003383, ""title"": ""Will Trump nominate Judy Shelton as the next Fed chair?"", ""slug"": ""will-trump-nominate-judy-shelton-as-the-next-fed-chair"", ""icon"": ""https://polymarket-upload.s3.us-east-2.amazonaws.com/judy-shelton-15c5dd306b.png"", ""eventSlug"": ""who-will-trump-nominate-as-fed-chair"", ""outcome"": ""Yes"", ""outcomeIndex"": 0, ""name"": ""Karajan"", ""pseudonym"": ""Murky-Oversight"", ""bio"": """", ""profileImage"": """", ""profileImageOptimized"": """", ""transactionHash"": ""0xb1b6130c65586821d6547fb71c31f05911b060341252e4dbd04d4b38d4b0f070""}"
1771003383,2026-02-14T01:56:21.196281,0xdef474558c2e7f0fa4ada2be49ebf7c23224440c1b97ed2b4c35e64aa59f1c3d:1771003383,572473,5031084282167950494806674428243037744881029417420880897305642929037077494331,BUY,0.024000000548571442,58.333332,1.4000000000000001,0xdef474558c2e7f0fa4ada2be49ebf7c23224440c1b97ed2b4c35e64aa59f1c3d,"{""proxyWallet"": ""0x611d6190ad080e7c8fe75f59eb9b74a50c61b23c"", ""side"": ""BUY"", ""asset"": ""5031084282167950494806674428243037744881029417420880897305642929037077494331"", ""conditionId"": ""0x46d40e851b24d9b0af4bc1942ccd86439cae82a9011767da14950df0ad997adf"", ""size"": 58.333332, ""price"": 0.024000000548571442, ""timestamp"": 1771003383, ""title"": ""Will Trump nominate Judy Shelton as the next Fed chair?"", ""slug"": ""will-trump-nominate-judy-shelton-as-the-next-fed-chair"", ""icon"": ""https://polymarket-upload.s3.us-east-2.amazonaws.com/judy-shelton-15c5dd306b.png"", ""eventSlug"": ""who-will-trump-nominate-as-fed-chair"", ""outcome"": ""Yes"", ""outcomeIndex"": 0, ""name"": ""ninomazzz"", ""pseudonym"": ""Neighboring-Laughter"", ""bio"": """", ""profileImage"": """", ""profileImageOptimized"": """", ""transactionHash"": ""0xdef474558c2e7f0fa4ada2be49ebf7c23224440c1b97ed2b4c35e64aa59f1c3d""}"
1771003383,2026-02-14T01:56:21.196303,0x0ab02e8b3c27abec7ca237627af70b5ae5549098dce9884128c635c38b3dcd60:1771003383,572473,5031084282167950494806674428243037744881029417420880897305642929037077494331,SELL,0.021,90.0,1.8900000000000001,0x0ab02e8b3c27abec7ca237627af70b5ae5549098dce9884128c635c38b3dcd60,"{""proxyWallet"": ""0x8e9eedf20dfa70956d49f608a205e402d9df38e4"", ""side"": ""SELL"", ""asset"": ""5031084282167950494806674428243037744881029417420880897305642929037077494331"", ""conditionId"": ""0x46d40e851b24d9b0af4bc1942ccd86439cae82a9011767da14950df0ad997adf"", ""size"": 90, ""price"": 0.021, ""timestamp"": 1771003383, ""title"": ""Will Trump nominate Judy Shelton as the next Fed chair?"", ""slug"": ""will-trump-nominate-judy-shelton-as-the-next-fed-chair"", ""icon"": ""https://polymarket-upload.s3.us-east-2.amazonaws.com/judy-shelton-15c5dd306b.png"", ""eventSlug"": ""who-will-trump-nominate-as-fed-chair"", ""outcome"": ""Yes"", ""outcomeIndex"": 0, ""name"": ""Karajan"", ""pseudonym"": ""Murky-Oversight"", ""bio"": """", ""profileImage"": """", ""profileImageOptimized"": """", ""transactionHash"": ""0x0ab02e8b3c27abec7ca237627af70b5ae5549098dce9884128c635c38b3dcd60""}"
1771003383,2026-02-14T01:56:21.196323,0xf682e95e0c3dd442976c91d40679ac25e1242579f7241200d44eeacccb318af5:1771003383,572473,5031084282167950494806674428243037744881029417420880897305642929037077494331,SELL,0.021,1000.0,21.0,0xf682e95e0c3dd442976c91d40679ac25e1242579f7241200d44eeacccb318af5,"{""proxyWallet"": ""0x8e9eedf20dfa70956d49f608a205e402d9df38e4"", ""side"": ""SELL"", ""asset"": ""5031084282167950494806674428243037744881029417420880897305642929037077494331"", ""conditionId"": ""0x46d40e851b24d9b0af4bc1942ccd86439cae82a9011767da14950df0ad997adf"", ""size"": 1000, ""price"": 0.021, ""timestamp"": 1771003383, ""title"": ""Will Trump nominate Judy Shelton as the next Fed chair?"", ""slug"": ""will-trump-nominate-judy-shelton-as-the-next-fed-chair"", ""icon"": ""https://polymarket-upload.s3.us-east-2.amazonaws.com/judy-shelton-15c5dd306b.png"", ""eventSlug"": ""who-will-trump-nominate-as-fed-chair"", ""outcome"": ""Yes"", ""outcomeIndex"": 0, ""name"": ""Karajan"", ""pseudonym"": ""Murky-Oversight"", ""bio"": """", ""profileImage"": """", ""profileImageOptimized"": """", ""transactionHash"": ""0xf682e95e0c3dd442976c91d40679ac25e1242579f7241200d44eeacccb318af5""}"
1771003381,2026-02-14T01:56:21.196340,0x334b8819ceb953d4e328de5d72fb940502fec9c3f1321c4ad8c572f5ff92d884:1771003381,572473,5031084282167950494806674428243037744881029417420880897305642929037077494331,BUY,0.023334858920380307,25325.77,590.97327,0x334b8819ceb953d4e328de5d72fb940502fec9c3f1321c4ad8c572f5ff92d884,"{""proxyWallet"": ""0x94cf12f33cc258208d641836c5d4741c0ac7d339"", ""side"": ""BUY"", ""asset"": ""5031084282167950494806674428243037744881029417420880897305642929037077494331"", ""conditionId"": ""0x46d40e851b24d9b0af4bc1942ccd86439cae82a9011767da14950df0ad997adf"", ""size"": 25325.77, ""price"": 0.023334858920380307, ""timestamp"": 1771003381, ""title"": ""Will Trump nominate Judy Shelton as the next Fed chair?"", ""slug"": ""will-trump-nominate-judy-shelton-as-the-next-fed-chair"", ""icon"": ""https://polymarket-upload.s3.us-east-2.amazonaws.com/judy-shelton-15c5dd306b.png"", ""eventSlug"": ""who-will-trump-nominate-as-fed-chair"", ""outcome"": ""Yes"", ""outcomeIndex"": 0, ""name"": ""Zowiezo"", ""pseudonym"": ""Trustworthy-Vignette"", ""bio"": """", ""profileImage"": """", ""profileImageOptimized"": """", ""transactionHash"": ""0x334b8819ceb953d4e328de5d72fb940502fec9c3f1321c4ad8c572f5ff92d884""}"
1771003381,2026-02-14T01:56:21.196358,0xba5f608a812e85728718cb6935e45a0cb8bf21051ef6ea279f940d8b0892d4cb:1771003381,572473,5031084282167950494806674428243037744881029417420880897305642929037077494331,BUY,0.025388402164436528,12662.88,321.49029,0xba5f608a812e85728718cb6935e45a0cb8bf21051ef6ea279f940d8b0892d4cb,"{""proxyWallet"": ""0xcf181837087772b67f9021f8a512c2bbe02f8a0d"", ""side"": ""BUY"", ""asset"": ""5031084282167950494806674428243037744881029417420880897305642929037077494331"", ""conditionId"": ""0x46d40e851b24d9b0af4bc1942ccd86439cae82a9011767da14950df0ad997adf"", ""size"": 12662.88, ""price"": 0.025388402164436528, ""timestamp"": 1771003381, ""title"": ""Will Trump nominate Judy Shelton as the next Fed chair?"", ""slug"": ""will-trump-nominate-judy-shelton-as-the-next-fed-chair"", ""icon"": ""https://polymarket-upload.s3.us-east-2.amazonaws.com/judy-shelton-15c5dd306b.png"", ""eventSlug"": ""who-will-trump-nominate-as-fed-chair"", ""outcome"": ""Yes"", ""outcomeIndex"": 0, ""name"": ""majorkarr"", ""pseudonym"": ""Frequent-Attendance"", ""bio"": """", ""profileImage"": """", ""profileImageOptimized"": """", ""transactionHash"": ""0xba5f608a812e85728718cb6935e45a0cb8bf21051ef6ea279f940d8b0892d4cb""}"
1771003379,2026-02-14T01:56:21.196377,0x0c5a4395ee57b842ec1d0e65a7aee01225c908a4a0dbf2d29c0b51c8bd5a9beb:1771003379,572473,5031084282167950494806674428243037744881029417420880897305642929037077494331,SELL,0.021,10.0,0.21000000000000002,0x0c5a4395ee57b842ec1d0e65a7aee01225c908a4a0dbf2d29c0b51c8bd5a9beb,"{""proxyWallet"": ""0x8e9eedf20dfa70956d49f608a205e402d9df38e4"", ""side"": ""SELL"", ""asset"": ""5031084282167950494806674428243037744881029417420880897305642929037077494331"", ""conditionId"": ""0x46d40e851b24d9b0af4bc1942ccd86439cae82a9011767da14950df0ad997adf"", ""size"": 10, ""price"": 0.021, ""timestamp"": 1771003379, ""title"": ""Will Trump nominate Judy Shelton as the next Fed chair?"", ""slug"": ""will-trump-nominate-judy-shelton-as-the-next-fed-chair"", ""icon"": ""https://polymarket-upload.s3.us-east-2.amazonaws.com/judy-shelton-15c5dd306b.png"", ""eventSlug"": ""who-will-trump-nominate-as-fed-chair"", ""outcome"": ""Yes"", ""outcomeIndex"": 0, ""name"": ""Karajan"", ""pseudonym"": ""Murky-Oversight"", ""bio"": """", ""profileImage"": """", ""profileImageOptimized"": """", ""transactionHash"": ""0x0c5a4395ee57b842ec1d0e65a7aee01225c908a4a0dbf2d29c0b51c8bd5a9beb""}"
1771003379,2026-02-14T01:56:21.196394,0x3561e425c53312de696f01205f9fb6cb77ebb067a2909920415bc2f20d2952f0:1771003379,572473,5031084282167950494806674428243037744881029417420880897305642929037077494331,BUY,0.022,177.0,3.8939999999999997,0x3561e425c53312de696f01205f9fb6cb77ebb067a2909920415bc2f20d2952f0,"{""proxyWallet"": ""0xd1a7e23445b943f14baeca0fb0d1692c160507cd"", ""side"": ""BUY"", ""asset"": ""5031084282167950494806674428243037744881029417420880897305642929037077494331"", ""conditionId"": ""0x46d40e851b24d9b0af4bc1942ccd86439cae82a9011767da14950df0ad997adf"", ""size"": 177, ""price"": 0.022, ""timestamp"": 1771003379, ""title"": ""Will Trump nominate Judy Shelton as the next Fed chair?"", ""slug"": ""will-trump-nominate-judy-shelton-as-the-next-fed-chair"", ""icon"": ""https://polymarket-upload.s3.us-east-2.amazonaws.com/judy-shelton-15c5dd306b.png"", ""eventSlug"": ""who-will-trump-nominate-as-fed-chair"", ""outcome"": ""Yes"", ""outcomeIndex"": 0, ""name"": ""FrozenCop"", ""pseudonym"": ""Stale-Affiliate"", ""bio"": """", ""profileImage"": """", ""profileImageOptimized"": """", ""transactionHash"": ""0x3561e425c53312de696f01205f9fb6cb77ebb067a2909920415bc2f20d2952f0""}"
1771003377,2026-02-14T01:56:21.196412,0x360c0c081ae306d4fee80db781549304a9b25ab4f8d26107b4d8d9077dea0b2d:1771003377,572473,5031084282167950494806674428243037744881029417420880897305642929037077494331,BUY,0.022,425.0,9.35,0x360c0c081ae306d4fee80db781549304a9b25ab4f8d26107b4d8d9077dea0b2d,"{""proxyWallet"": ""0xfc0a7153e1907abcf7a0779a5603f65861f295ca"", ""side"": ""BUY"", ""asset"": ""5031084282167950494806674428243037744881029417420880897305642929037077494331"", ""conditionId"": ""0x46d40e851b24d9b0af4bc1942ccd86439cae82a9011767da14950df0ad997adf"", ""size"": 425, ""price"": 0.022, ""timestamp"": 1771003377, ""title"": ""Will Trump nominate Judy Shelton as the next Fed chair?"", ""slug"": ""will-trump-nominate-judy-shelton-as-the-next-fed-chair"", ""icon"": ""https://polymarket-upload.s3.us-east-2.amazonaws.com/judy-shelton-15c5dd306b.png"", ""eventSlug"": ""who-will-trump-nominate-as-fed-chair"", ""outcome"": ""Yes"", ""outcomeIndex"": 0, ""name"": """", ""pseudonym"": """", ""bio"": """", ""profileImage"": """", ""profileImageOptimized"": """", ""transactionHash"": ""0x360c0c081ae306d4fee80db781549304a9b25ab4f8d26107b4d8d9077dea0b2d""}"
1771003375,2026-02-14T01:56:21.196427,0xc04061b2f87a469b888b95926aa81c14360dca7cf3e89e8da62e8ef0a1e2a80b:1771003375,572473,5031084282167950494806674428243037744881029417420880897305642929037077494331,BUY,0.021,25.54,0.53634,0xc04061b2f87a469b888b95926aa81c14360dca7cf3e89e8da62e8ef0a1e2a80b,"{""proxyWallet"": ""0xd60fa08b1bae2a8f8615f0efa617f811a159b6c4"", ""side"": ""BUY"", ""asset"": ""5031084282167950494806674428243037744881029417420880897305642929037077494331"", ""conditionId"": ""0x46d40e851b24d9b0af4bc1942ccd86439cae82a9011767da14950df0ad997adf"", ""size"": 25.54, ""price"": 0.021, ""timestamp"": 1771003375, ""title"": ""Will Trump nominate Judy Shelton as the next Fed chair?"", ""slug"": ""will-trump-nominate-judy-shelton-as-the-next-fed-chair"", ""icon"": ""https://polymarket-upload.s3.us-east-2.amazonaws.com/judy-shelton-15c5dd306b.png"", ""eventSlug"": ""who-will-trump-nominate-as-fed-chair"", ""outcome"": ""Yes"", ""outcomeIndex"": 0, ""name"": ""sirpoopants"", ""pseudonym"": ""Taut-Mud"", ""bio"": """", ""profileImage"": """", ""profileImageOptimized"": """", ""transactionHash"": ""0xc04061b2f87a469b888b95926aa81c14360dca7cf3e89e8da62e8ef0a1e2a80b""}"
1771003375,2026-02-14T01:56:21.196442,0xd2319b7fb9780038036b46cc0d0a27472dc889299f918c1d6bd5b9bba8344fb9:1771003375,572473,5031084282167950494806674428243037744881029417420880897305642929037077494331,BUY,0.02200000059230771,47.272726,1.04,0xd2319b7fb9780038036b46cc0d0a27472dc889299f918c1d6bd5b9bba8344fb9,"{""proxyWallet"": ""0xff225018352cb3730553c6816cc395ae951b791a"", ""side"": ""BUY"", ""asset"": ""5031084282167950494806674428243037744881029417420880897305642929037077494331"", ""conditionId"": ""0x46d40e851b24d9b0af4bc1942ccd86439cae82a9011767da14950df0ad997adf"", ""size"": 47.272726, ""price"": 0.02200000059230771, ""timestamp"": 1771003375, ""title"": ""Will Trump nominate Judy Shelton as the next Fed chair?"", ""slug"": ""will-trump-nominate-judy-shelton-as-the-next-fed-chair"", ""icon"": ""https://polymarket-upload.s3.us-east-2.amazonaws.com/judy-shelton-15c5dd306b.png"", ""eventSlug"": ""who-will-trump-nominate-as-fed-chair"", ""outcome"": ""Yes"", ""outcomeIndex"": 0, ""name"": """", ""pseudonym"": """", ""bio"": """", ""profileImage"": """", ""profileImageOptimized"": """", ""transactionHash"": ""0xd2319b7fb9780038036b46cc0d0a27472dc889299f918c1d6bd5b9bba8344fb9""}"
1771003373,2026-02-14T01:56:21.196457,0xb6145b49cd2bd7756b6c33cdac1c521efb0ec145514ed2d0b194cbec444cceda:1771003373,572473,5031084282167950494806674428243037744881029417420880897305642929037077494331,BUY,0.02199999886178514,850.454544,18.709999,0xb6145b49cd2bd7756b6c33cdac1c521efb0ec145514ed2d0b194cbec444cceda,"{""proxyWallet"": ""0xb7410bbf19b2a0e3e41eca3632e9359c922cc835"", ""side"": ""BUY"", ""asset"": ""5031084282167950494806674428243037744881029417420880897305642929037077494331"", ""conditionId"": ""0x46d40e851b24d9b0af4bc1942ccd86439cae82a9011767da14950df0ad997adf"", ""size"": 850.454544, ""price"": 0.02199999886178514, ""timestamp"": 1771003373, ""title"": ""Will Trump nominate Judy Shelton as the next Fed chair?"", ""slug"": ""will-trump-nominate-judy-shelton-as-the-next-fed-chair"", ""icon"": ""https://polymarket-upload.s3.us-east-2.amazonaws.com/judy-shelton-15c5dd306b.png"", ""eventSlug"": ""who-will-trump-nominate-as-fed-chair"", ""outcome"": ""Yes"", ""outcomeIndex"": 0, ""name"": """", ""pseudonym"": """", ""bio"": """", ""profileImage"": """", ""profileImageOptimized"": """", ""transactionHash"": ""0xb6145b49cd2bd7756b6c33cdac1c521efb0ec145514ed2d0b194cbec444cceda""}"
1771003369,2026-02-14T01:56:21.196480,0x7948acd5bf238b32fffec793ef05b5ed9806c5044553e574c9f8d55d0513ccfe:1771003369,572473,5031084282167950494806674428243037744881029417420880897305642929037077494331,BUY,0.02299999362722057,151.739129,3.4899989999999996,0x7948acd5bf238b32fffec793ef05b5ed9806c5044553e574c9f8d55d0513ccfe,"{""proxyWallet"": ""0x8997a3f3c1138b8a585856bf07db8bdd7aa869fa"", ""side"": ""BUY"", ""asset"": ""5031084282167950494806674428243037744881029417420880897305642929037077494331"", ""conditionId"": ""0x46d40e851b24d9b0af4bc1942ccd86439cae82a9011767da14950df0ad997adf"", ""size"": 151.739129, ""price"": 0.02299999362722057, ""timestamp"": 1771003369, ""title"": ""Will Trump nominate Judy Shelton as the next Fed chair?"", ""slug"": ""will-trump-nominate-judy-shelton-as-the-next-fed-chair"", ""icon"": ""https://polymarket-upload.s3.us-east-2.amazonaws.com/judy-shelton-15c5dd306b.png"", ""eventSlug"": ""who-will-trump-nominate-as-fed-chair"", ""outcome"": ""Yes"", ""outcomeIndex"": 0, ""name"": """", ""pseudonym"": """", ""bio"": """", ""profileImage"": """", ""profileImageOptimized"": """", ""transactionHash"": ""0x7948acd5bf238b32fffec793ef05b5ed9806c5044553e574c9f8d55d0513ccfe""}"
1771003369,2026-02-14T01:56:21.196498,0xf8d7b7f7ce34e5e51d4659ca010ddc5d0fa0267157c177aea63d7ab05f4846a0:1771003369,572473,5031084282167950494806674428243037744881029417420880897305642929037077494331,SELL,0.021,212.32,4.4587200000000005,0xf8d7b7f7ce34e5e51d4659ca010ddc5d0fa0267157c177aea63d7ab05f4846a0,"{""proxyWallet"": ""0x8e9eedf20dfa70956d49f608a205e402d9df38e4"", ""side"": ""SELL"", ""asset"": ""5031084282167950494806674428243037744881029417420880897305642929037077494331"", ""conditionId"": ""0x46d40e851b24d9b0af4bc1942ccd86439cae82a9011767da14950df0ad997adf"", ""size"": 212.32, ""price"": 0.021, ""timestamp"": 1771003369, ""title"": ""Will Trump nominate Judy Shelton as the next Fed chair?"", ""slug"": ""will-trump-nominate-judy-shelton-as-the-next-fed-chair"", ""icon"": ""https://polymarket-upload.s3.us-east-2.amazonaws.com/judy-shelton-15c5dd306b.png"", ""eventSlug"": ""who-will-trump-nominate-as-fed-chair"", ""outcome"": ""Yes"", ""outcomeIndex"": 0, ""name"": ""Karajan"", ""pseudonym"": ""Murky-Oversight"", ""bio"": """", ""profileImage"": """", ""profileImageOptimized"": """", ""transactionHash"": ""0xf8d7b7f7ce34e5e51d4659ca010ddc5d0fa0267157c177aea63d7ab05f4846a0""}"
1771003367,2026-02-14T01:56:21.196514,0x289abe01c4fca3c611d839a906afbd8ee6592ee9b5a426214c563a46f887c7b6:1771003367,572473,5031084282167950494806674428243037744881029417420880897305642929037077494331,BUY,0.02099997971399931,47.619046,0.9999989999999999,0x289abe01c4fca3c611d839a906afbd8ee6592ee9b5a426214c563a46f887c7b6,"{""proxyWallet"": ""0xff0931866aa744cc4f4e71d89055244adfff25ab"", ""side"": ""BUY"", ""asset"": ""5031084282167950494806674428243037744881029417420880897305642929037077494331"", ""conditionId"": ""0x46d40e851b24d9b0af4bc1942ccd86439cae82a9011767da14950df0ad997adf"", ""size"": 47.619046, ""price"": 0.02099997971399931, ""timestamp"": 1771003367, ""title"": ""Will Trump nominate Judy Shelton as the next Fed chair?"", ""slug"": ""will-trump-nominate-judy-shelton-as-the-next-fed-chair"", ""icon"": ""https://polymarket-upload.s3.us-east-2.amazonaws.com/judy-shelton-15c5dd306b.png"", ""eventSlug"": ""who-will-trump-nominate-as-fed-chair"", ""outcome"": ""Yes"", ""outcomeIndex"": 0, ""name"": """", ""pseudonym"": """", ""bio"": """", ""profileImage"": """", ""profileImageOptimized"": """", ""transactionHash"": ""0x289abe01c4fca3c611d839a906afbd8ee6592ee9b5a426214c563a46f887c7b6""}"
1771003367,2026-02-14T01:56:21.196535,0xb09ea04e595467e417e1c995bef49d34df9cebcd15302265177a05649ef80720:1771003367,572473,5031084282167950494806674428243037744881029417420880897305642929037077494331,BUY,0.023000000023079892,1126.521738,25.909999999999997,0xb09ea04e595467e417e1c995bef49d34df9cebcd15302265177a05649ef80720,"{""proxyWallet"": ""0xef14cb4d77c0ac350c6e6ef38b73d7bfa657a90f"", ""side"": ""BUY"", ""asset"": ""5031084282167950494806674428243037744881029417420880897305642929037077494331"", ""conditionId"": ""0x46d40e851b24d9b0af4bc1942ccd86439cae82a9011767da14950df0ad997adf"", ""size"": 1126.521738, ""price"": 0.023000000023079892, ""timestamp"": 1771003367, ""title"": ""Will Trump nominate Judy Shelton as the next Fed chair?"", ""slug"": ""will-trump-nominate-judy-shelton-as-the-next-fed-chair"", ""icon"": ""https://polymarket-upload.s3.us-east-2.amazonaws.com/judy-shelton-15c5dd306b.png"", ""eventSlug"": ""who-will-trump-nominate-as-fed-chair"", ""outcome"": ""Yes"", ""outcomeIndex"": 0, ""name"": """", ""pseudonym"": """", ""bio"": """", ""profileImage"": """", ""profileImageOptimized"": """", ""transactionHash"": ""0xb09ea04e595467e417e1c995bef49d34df9cebcd15302265177a05649ef80720""}"
1771003367,2026-02-14T01:56:21.196550,0x3a20a8655ee0799449c3fd6f5dc0da88787c567c8cc18c7d12933958b46af9a4:1771003367,572473,5031084282167950494806674428243037744881029417420880897305642929037077494331,BUY,0.021000000273000002,95.238094,2.0,0x3a20a8655ee0799449c3fd6f5dc0da88787c567c8cc18c7d12933958b46af9a4,"{""proxyWallet"": ""0x2466facce2dafc341256d6a347a18f77575092a4"", ""side"": ""BUY"", ""asset"": ""5031084282167950494806674428243037744881029417420880897305642929037077494331"", ""conditionId"": ""0x46d40e851b24d9b0af4bc1942ccd86439cae82a9011767da14950df0ad997adf"", ""size"": 95.238094, ""price"": 0.021000000273000002, ""timestamp"": 1771003367, ""title"": ""Will Trump nominate Judy Shelton as the next Fed chair?"", ""slug"": ""will-trump-nominate-judy-shelton-as-the-next-fed-chair"", ""icon"": ""https://polymarket-upload.s3.us-east-2.amazonaws.com/judy-shelton-15c5dd306b.png"", ""eventSlug"": ""who-will-trump-nominate-as-fed-chair"", ""outcome"": ""Yes"", ""outcomeIndex"": 0, ""name"": """", ""pseudonym"": """", ""bio"": """", ""profileImage"": """", ""profileImageOptimized"": """", ""transactionHash"": ""0x3a20a8655ee0799449c3fd6f5dc0da88787c567c8cc18c7d12933958b46af9a4""}"
1771003367,2026-02-14T01:56:21.196566,0x4c693e0fe86482fa35a8bbd6b5538996c864b606dadab3e0edd6ec4b5af5279d:1771003367,572473,5031084282167950494806674428243037744881029417420880897305642929037077494331,BUY,0.021045462082806336,884.751303,18.62,0x4c693e0fe86482fa35a8bbd6b5538996c864b606dadab3e0edd6ec4b5af5279d,"{""proxyWallet"": ""0xc56b61ce690f82552f3266e88e46893d524cfe0a"", ""side"": ""BUY"", ""asset"": ""5031084282167950494806674428243037744881029417420880897305642929037077494331"", ""conditionId"": ""0x46d40e851b24d9b0af4bc1942ccd86439cae82a9011767da14950df0ad997adf"", ""size"": 884.751303, ""price"": 0.021045462082806336, ""timestamp"": 1771003367, ""title"": ""Will Trump nominate Judy Shelton as the next Fed chair?"", ""slug"": ""will-trump-nominate-judy-shelton-as-the-next-fed-chair"", ""icon"": ""https://polymarket-upload.s3.us-east-2.amazonaws.com/judy-shelton-15c5dd306b.png"", ""eventSlug"": ""who-will-trump-nominate-as-fed-chair"", ""outcome"": ""Yes"", ""outcomeIndex"": 0, ""name"": """", ""pseudonym"": """", ""bio"": """", ""profileImage"": """", ""profileImageOptimized"": """", ""transactionHash"": ""0x4c693e0fe86482fa35a8bbd6b5538996c864b606dadab3e0edd6ec4b5af5279d""}"
1771003367,2026-02-14T01:56:21.196581,0x237328726671834eb923d68e1935a119cef5e01d409ebb04bb594cbbb399fa70:1771003367,572473,5031084282167950494806674428243037744881029417420880897305642929037077494331,BUY,0.02300000016758794,173.043477,3.9799999999999995,0x237328726671834eb923d68e1935a119cef5e01d409ebb04bb594cbbb399fa70,"{""proxyWallet"": ""0xf375ffb557851c38695e3bc67b81e6ae46cc1c0e"", ""side"": ""BUY"", ""asset"": ""5031084282167950494806674428243037744881029417420880897305642929037077494331"", ""conditionId"": ""0x46d40e851b24d9b0af4bc1942ccd86439cae82a9011767da14950df0ad997adf"", ""size"": 173.043477, ""price"": 0.02300000016758794, ""timestamp"": 1771003367, ""title"": ""Will Trump nominate Judy Shelton as the next Fed chair?"", ""slug"": ""will-trump-nominate-judy-shelton-as-the-next-fed-chair"", ""icon"": ""https://polymarket-upload.s3.us-east-2.amazonaws.com/judy-shelton-15c5dd306b.png"", ""eventSlug"": ""who-will-trump-nominate-as-fed-chair"", ""outcome"": ""Yes"", ""outcomeIndex"": 0, ""name"": """", ""pseudonym"": """", ""bio"": """", ""profileImage"": """", ""profileImageOptimized"": """", ""transactionHash"": ""0x237328726671834eb923d68e1935a119cef5e01d409ebb04bb594cbbb399fa70""}"
1771003365,2026-02-14T01:56:21.196596,0xfaa91c6fc0aa15529302aa05422e24d8a4da8d62685abdd935e8ec59cb73d2fc:1771003365,572473,5031084282167950494806674428243037744881029417420880897305642929037077494331,BUY,0.02245062224512486,89.084346,1.9999989999999999,0xfaa91c6fc0aa15529302aa05422e24d8a4da8d62685abdd935e8ec59cb73d2fc,"{""proxyWallet"": ""0xea6868ff91ab3a375e26e68012af82ad12cfc2ae"", ""side"": ""BUY"", ""asset"": ""5031084282167950494806674428243037744881029417420880897305642929037077494331"", ""conditionId"": ""0x46d40e851b24d9b0af4bc1942ccd86439cae82a9011767da14950df0ad997adf"", ""size"": 89.084346, ""price"": 0.02245062224512486, ""timestamp"": 1771003365, ""title"": ""Will Trump nominate Judy Shelton as the next Fed chair?"", ""slug"": ""will-trump-nominate-judy-shelton-as-the-next-fed-chair"", ""icon"": ""https://polymarket-upload.s3.us-east-2.amazonaws.com/judy-shelton-15c5dd306b.png"", ""eventSlug"": ""who-will-trump-nominate-as-fed-chair"", ""outcome"": ""Yes"", ""outcomeIndex"": 0, ""name"": """", ""pseudonym"": """", ""bio"": """", ""profileImage"": """", ""profileImageOptimized"": """", ""transactionHash"": ""0xfaa91c6fc0aa15529302aa05422e24d8a4da8d62685abdd935e8ec59cb73d2fc""}"
1771003363,2026-02-14T01:56:21.196611,0x345717e0f329225e6ed0bd88bdd9acb32c8d5195bef981d30702ec6083646210:1771003363,572473,5031084282167950494806674428243037744881029417420880897305642929037077494331,BUY,0.023000000269369374,96.521738,2.22,0x345717e0f329225e6ed0bd88bdd9acb32c8d5195bef981d30702ec6083646210,"{""proxyWallet"": ""0xf0cec0251d1828d5deed1019f78b6e8f75744aa1"", ""side"": ""BUY"", ""asset"": ""5031084282167950494806674428243037744881029417420880897305642929037077494331"", ""conditionId"": ""0x46d40e851b24d9b0af4bc1942ccd86439cae82a9011767da14950df0ad997adf"", ""size"": 96.521738, ""price"": 0.023000000269369374, ""timestamp"": 1771003363, ""title"": ""Will Trump nominate Judy Shelton as the next Fed chair?"", ""slug"": ""will-trump-nominate-judy-shelton-as-the-next-fed-chair"", ""icon"": ""https://polymarket-upload.s3.us-east-2.amazonaws.com/judy-shelton-15c5dd306b.png"", ""eventSlug"": ""who-will-trump-nominate-as-fed-chair"", ""outcome"": ""Yes"", ""outcomeIndex"": 0, ""name"": """", ""pseudonym"": """", ""bio"": """", ""profileImage"": """", ""profileImageOptimized"": """", ""transactionHash"": ""0x345717e0f329225e6ed0bd88bdd9acb32c8d5195bef981d30702ec6083646210""}"
1771003361,2026-02-14T01:56:21.196627,0x34a8aaa958050b4957a95fcf7042f13db68946ce2c765caa82a52b01ed7b3118:1771003361,572473,5031084282167950494806674428243037744881029417420880897305642929037077494331,BUY,0.021976714509501012,253257.71,5565.772389999999,0x34a8aaa958050b4957a95fcf7042f13db68946ce2c765caa82a52b01ed7b3118,"{""proxyWallet"": ""0x6bab41a0dc40d6dd4c1a915b8c01969479fd1292"", ""side"": ""BUY"", ""asset"": ""5031084282167950494806674428243037744881029417420880897305642929037077494331"", ""conditionId"": ""0x46d40e851b24d9b0af4bc1942ccd86439cae82a9011767da14950df0ad997adf"", ""size"": 253257.71, ""price"": 0.021976714509501012, ""timestamp"": 1771003361, ""title"": ""Will Trump nominate Judy Shelton as the next Fed chair?"", ""slug"": ""will-trump-nominate-judy-shelton-as-the-next-fed-chair"", ""icon"": ""https://polymarket-upload.s3.us-east-2.amazonaws.com/judy-shelton-15c5dd306b.png"", ""eventSlug"": ""who-will-trump-nominate-as-fed-chair"", ""outcome"": ""Yes"", ""outcomeIndex"": 0, ""name"": ""Dropper"", ""pseudonym"": ""Complete-Fly"", ""bio"": ""Track your performance at PredictFolio.com                                                                         .-."", ""profileImage"": ""https://polymarket-upload.s3.us-east-2.amazonaws.com/images_0a57a0c2-437f-41be-9ab8-5376ab6f3ca7_1726693550341.jpeg"", ""profileImageOptimized"": """", ""transactionHash"": ""0x34a8aaa958050b4957a95fcf7042f13db68946ce2c765caa82a52b01ed7b3118""}"
1771003361,2026-02-14T01:56:21.196645,0xdb7e0f8d10a4f1602e4f40678b6ed56970d1e5b46a0f1bb2a94a46f06d320388:1771003361,572473,5031084282167950494806674428243037744881029417420880897305642929037077494331,BUY,0.022999997254374984,347.826085,7.999998999999999,0xdb7e0f8d10a4f1602e4f40678b6ed56970d1e5b46a0f1bb2a94a46f06d320388,"{""proxyWallet"": ""0xc994dcb62aeaf55e6935c3771a68a1506f9b7120"", ""side"": ""BUY"", ""asset"": ""5031084282167950494806674428243037744881029417420880897305642929037077494331"", ""conditionId"": ""0x46d40e851b24d9b0af4bc1942ccd86439cae82a9011767da14950df0ad997adf"", ""size"": 347.826085, ""price"": 0.022999997254374984, ""timestamp"": 1771003361, ""title"": ""Will Trump nominate Judy Shelton as the next Fed chair?"", ""slug"": ""will-trump-nominate-judy-shelton-as-the-next-fed-chair"", ""icon"": ""https://polymarket-upload.s3.us-east-2.amazonaws.com/judy-shelton-15c5dd306b.png"", ""eventSlug"": ""who-will-trump-nominate-as-fed-chair"", ""outcome"": ""Yes"", ""outcomeIndex"": 0, ""name"": """", ""pseudonym"": """", ""bio"": """", ""profileImage"": """", ""profileImageOptimized"": """", ""transactionHash"": ""0xdb7e0f8d10a4f1602e4f40678b6ed56970d1e5b46a0f1bb2a94a46f06d320388""}"
1771003361,2026-02-14T01:56:21.196661,0x1a255fb98cc33a73210d1c494da4c50ea5e019af696365ad15b487f526b5dab6:1771003361,572473,5031084282167950494806674428243037744881029417420880897305642929037077494331,SELL,0.022,227.51,5.00522,0x1a255fb98cc33a73210d1c494da4c50ea5e019af696365ad15b487f526b5dab6,"{""proxyWallet"": ""0x8e9eedf20dfa70956d49f608a205e402d9df38e4"", ""side"": ""SELL"", ""asset"": ""5031084282167950494806674428243037744881029417420880897305642929037077494331"", ""conditionId"": ""0x46d40e851b24d9b0af4bc1942ccd86439cae82a9011767da14950df0ad997adf"", ""size"": 227.51, ""price"": 0.022, ""timestamp"": 1771003361, ""title"": ""Will Trump nominate Judy Shelton as the next Fed chair?"", ""slug"": ""will-trump-nominate-judy-shelton-as-the-next-fed-chair"", ""icon"": ""https://polymarket-upload.s3.us-east-2.amazonaws.com/judy-shelton-15c5dd306b.png"", ""eventSlug"": ""who-will-trump-nominate-as-fed-chair"", ""outcome"": ""Yes"", ""outcomeIndex"": 0, ""name"": ""Karajan"", ""pseudonym"": ""Murky-Oversight"", ""bio"": """", ""profileImage"": """", ""profileImageOptimized"": """", ""transactionHash"": ""0x1a255fb98cc33a73210d1c494da4c50ea5e019af696365ad15b487f526b5dab6""}"
1771003361,2026-02-14T01:56:21.196677,0xf3e98bbb680e0b6ceb1d46ad46af4234df031f1fe54d9ba60c66cff9f05fb0a4:1771003361,572473,5031084282167950494806674428243037744881029417420880897305642929037077494331,BUY,0.023,662.95,15.247850000000001,0xf3e98bbb680e0b6ceb1d46ad46af4234df031f1fe54d9ba60c66cff9f05fb0a4,"{""proxyWallet"": ""0xec05c999787c8d42d3c5c8646ce0e89522d6054c"", ""side"": ""BUY"", ""asset"": ""5031084282167950494806674428243037744881029417420880897305642929037077494331"", ""conditionId"": ""0x46d40e851b24d9b0af4bc1942ccd86439cae82a9011767da14950df0ad997adf"", ""size"": 662.95, ""price"": 0.023, ""timestamp"": 1771003361, ""title"": ""Will Trump nominate Judy Shelton as the next Fed chair?"", ""slug"": ""will-trump-nominate-judy-shelton-as-the-next-fed-chair"", ""icon"": ""https://polymarket-upload.s3.us-east-2.amazonaws.com/judy-shelton-15c5dd306b.png"", ""eventSlug"": ""who-will-trump-nominate-as-fed-chair"", ""outcome"": ""Yes"", ""outcomeIndex"": 0, ""name"": """", ""pseudonym"": """", ""bio"": """", ""profileImage"": """", ""profileImageOptimized"": """", ""transactionHash"": ""0xf3e98bbb680e0b6ceb1d46ad46af4234df031f1fe54d9ba60c66cff9f05fb0a4""}"
1771003361,2026-02-14T01:56:21.196694,0xbd508efc47d09575571abf70a5a3cfa67cd4fabd580e1dbaee5f779ea72ff568:1771003361,572473,5031084282167950494806674428243037744881029417420880897305642929037077494331,BUY,0.02299999736401424,366.086955,8.419998999999999,0xbd508efc47d09575571abf70a5a3cfa67cd4fabd580e1dbaee5f779ea72ff568,"{""proxyWallet"": ""0xb22326c1770aa89dfb2b372137e570a360433772"", ""side"": ""BUY"", ""asset"": ""5031084282167950494806674428243037744881029417420880897305642929037077494331"", ""conditionId"": ""0x46d40e851b24d9b0af4bc1942ccd86439cae82a9011767da14950df0ad997adf"", ""size"": 366.086955, ""price"": 0.02299999736401424, ""timestamp"": 1771003361, ""title"": ""Will Trump nominate Judy Shelton as the next Fed chair?"", ""slug"": ""will-trump-nominate-judy-shelton-as-the-next-fed-chair"", ""icon"": ""https://polymarket-upload.s3.us-east-2.amazonaws.com/judy-shelton-15c5dd306b.png"", ""eventSlug"": ""who-will-trump-nominate-as-fed-chair"", ""outcome"": ""Yes"", ""outcomeIndex"": 0, ""name"": """", ""pseudonym"": """", ""bio"": """", ""profileImage"": """", ""profileImageOptimized"": """", ""transactionHash"": ""0xbd508efc47d09575571abf70a5a3cfa67cd4fabd580e1dbaee5f779ea72ff568""}"
1771003349,2026-02-14T01:56:21.196710,0x849f841bf2d40863343463f8537389bc2c46d95fef67938cdf0e37aed015871b:1771003349,572473,5031084282167950494806674428243037744881029417420880897305642929037077494331,SELL,0.02,10.0,0.2,0x849f841bf2d40863343463f8537389bc2c46d95fef67938cdf0e37aed015871b,"{""proxyWallet"": ""0x8e9eedf20dfa70956d49f608a205e402d9df38e4"", ""side"": ""SELL"", ""asset"": ""5031084282167950494806674428243037744881029417420880897305642929037077494331"", ""conditionId"": ""0x46d40e851b24d9b0af4bc1942ccd86439cae82a9011767da14950df0ad997adf"", ""size"": 10, ""price"": 0.02, ""timestamp"": 1771003349, ""title"": ""Will Trump nominate Judy Shelton as the next Fed chair?"", ""slug"": ""will-trump-nominate-judy-shelton-as-the-next-fed-chair"", ""icon"": ""https://polymarket-upload.s3.us-east-2.amazonaws.com/judy-shelton-15c5dd306b.png"", ""eventSlug"": ""who-will-trump-nominate-as-fed-chair"", ""outcome"": ""Yes"", ""outcomeIndex"": 0, ""name"": ""Karajan"", ""pseudonym"": ""Murky-Oversight"", ""bio"": """", ""profileImage"": """", ""profileImageOptimized"": """", ""transactionHash"": ""0x849f841bf2d40863343463f8537389bc2c46d95fef67938cdf0e37aed015871b""}"
1771003341,2026-02-14T01:56:21.196726,0xddaf1de80915582fa1c73e1402349d5512cd5959ce9c6c0f5143c54dd3ef7006:1771003341,572473,5031084282167950494806674428243037744881029417420880897305642929037077494331,BUY,0.021,10000.0,210.0,0xddaf1de80915582fa1c73e1402349d5512cd5959ce9c6c0f5143c54dd3ef7006,"{""proxyWallet"": ""0x7b347205d8389d2fd34614135b758487ffbc74a3"", ""side"": ""BUY"", ""asset"": ""5031084282167950494806674428243037744881029417420880897305642929037077494331"", ""conditionId"": ""0x46d40e851b24d9b0af4bc1942ccd86439cae82a9011767da14950df0ad997adf"", ""size"": 10000, ""price"": 0.021, ""timestamp"": 1771003341, ""title"": ""Will Trump nominate Judy Shelton as the next Fed chair?"", ""slug"": ""will-trump-nominate-judy-shelton-as-the-next-fed-chair"", ""icon"": ""https://polymarket-upload.s3.us-east-2.amazonaws.com/judy-shelton-15c5dd306b.png"", ""eventSlug"": ""who-will-trump-nominate-as-fed-chair"", ""outcome"": ""Yes"", ""outcomeIndex"": 0, ""name"": ""Callnomo"", ""pseudonym"": ""Nutritious-Selection"", ""bio"": """", ""profileImage"": """", ""profileImageOptimized"": """", ""transactionHash"": ""0xddaf1de80915582fa1c73e1402349d5512cd5959ce9c6c0f5143c54dd3ef7006""}"
1771003333,2026-02-14T01:56:21.196746,0xe6873df68427c99c07f32b422d9ab2ae86df03ac8d431e44a03365aa92e0b34b:1771003333,572473,5031084282167950494806674428243037744881029417420880897305642929037077494331,BUY,0.0209999997984,4761.90476,99.99999900000002,0xe6873df68427c99c07f32b422d9ab2ae86df03ac8d431e44a03365aa92e0b34b,"{""proxyWallet"": ""0x5ac6a47e5cec3139781051e917a44d512507a9c2"", ""side"": ""BUY"", ""asset"": ""5031084282167950494806674428243037744881029417420880897305642929037077494331"", ""conditionId"": ""0x46d40e851b24d9b0af4bc1942ccd86439cae82a9011767da14950df0ad997adf"", ""size"": 4761.90476, ""price"": 0.0209999997984, ""timestamp"": 1771003333, ""title"": ""Will Trump nominate Judy Shelton as the next Fed chair?"", ""slug"": ""will-trump-nominate-judy-shelton-as-the-next-fed-chair"", ""icon"": ""https://polymarket-upload.s3.us-east-2.amazonaws.com/judy-shelton-15c5dd306b.png"", ""eventSlug"": ""who-will-trump-nominate-as-fed-chair"", ""outcome"": ""Yes"", ""outcomeIndex"": 0, ""name"": ""0x5aC6A47E5CEC3139781051E917A44D512507a9C2-1769516584279"", ""pseudonym"": ""Clever-Trap"", ""bio"": """", ""profileImage"": """", ""profileImageOptimized"": """", ""transactionHash"": ""0xe6873df68427c99c07f32b422d9ab2ae86df03ac8d431e44a03365aa92e0b34b""}"
1771003315,2026-02-14T01:56:21.196775,0xee3ba215b5c26e98eac9d94ad4f98601b0a678734cc8b189e1bda3984298dfd4:1771003315,572473,5031084282167950494806674428243037744881029417420880897305642929037077494331,SELL,0.02,32.57,0.6514,0xee3ba215b5c26e98eac9d94ad4f98601b0a678734cc8b189e1bda3984298dfd4,"{""proxyWallet"": ""0x8e9eedf20dfa70956d49f608a205e402d9df38e4"", ""side"": ""SELL"", ""asset"": ""5031084282167950494806674428243037744881029417420880897305642929037077494331"", ""conditionId"": ""0x46d40e851b24d9b0af4bc1942ccd86439cae82a9011767da14950df0ad997adf"", ""size"": 32.57, ""price"": 0.02, ""timestamp"": 1771003315, ""title"": ""Will Trump nominate Judy Shelton as the next Fed chair?"", ""slug"": ""will-trump-nominate-judy-shelton-as-the-next-fed-chair"", ""icon"": ""https://polymarket-upload.s3.us-east-2.amazonaws.com/judy-shelton-15c5dd306b.png"", ""eventSlug"": ""who-will-trump-nominate-as-fed-chair"", ""outcome"": ""Yes"", ""outcomeIndex"": 0, ""name"": ""Karajan"", ""pseudonym"": ""Murky-Oversight"", ""bio"": """", ""profileImage"": """", ""profileImageOptimized"": """", ""transactionHash"": ""0xee3ba215b5c26e98eac9d94ad4f98601b0a678734cc8b189e1bda3984298dfd4""}"
1771003315,2026-02-14T01:56:21.196792,0xa89fcd1a123142713b2398109168105ef54d5584d89c3d7613b802a8a0498a48:1771003315,572473,5031084282167950494806674428243037744881029417420880897305642929037077494331,SELL,0.02,81.42,1.6284,0xa89fcd1a123142713b2398109168105ef54d5584d89c3d7613b802a8a0498a48,"{""proxyWallet"": ""0x8e9eedf20dfa70956d49f608a205e402d9df38e4"", ""side"": ""SELL"", ""asset"": ""5031084282167950494806674428243037744881029417420880897305642929037077494331"", ""conditionId"": ""0x46d40e851b24d9b0af4bc1942ccd86439cae82a9011767da14950df0ad997adf"", ""size"": 81.42, ""price"": 0.02, ""timestamp"": 1771003315, ""title"": ""Will Trump nominate Judy Shelton as the next Fed chair?"", ""slug"": ""will-trump-nominate-judy-shelton-as-the-next-fed-chair"", ""icon"": ""https://polymarket-upload.s3.us-east-2.amazonaws.com/judy-shelton-15c5dd306b.png"", ""eventSlug"": ""who-will-trump-nominate-as-fed-chair"", ""outcome"": ""Yes"", ""outcomeIndex"": 0, ""name"": ""Karajan"", ""pseudonym"": ""Murky-Oversight"", ""bio"": """", ""profileImage"": """", ""profileImageOptimized"": """", ""transactionHash"": ""0xa89fcd1a123142713b2398109168105ef54d5584d89c3d7613b802a8a0498a48""}"
1771003285,2026-02-14T01:56:21.196813,0xa882157dbee3e93b0111a69680aa6a19ca9e8a40d05a14ff5625415750db5437:1771003285,572473,5031084282167950494806674428243037744881029417420880897305642929037077494331,SELL,0.02,2500.0,50.0,0xa882157dbee3e93b0111a69680aa6a19ca9e8a40d05a14ff5625415750db5437,"{""proxyWallet"": ""0xe506b515a34a42763d69ab301824937909e21bcc"", ""side"": ""SELL"", ""asset"": ""5031084282167950494806674428243037744881029417420880897305642929037077494331"", ""conditionId"": ""0x46d40e851b24d9b0af4bc1942ccd86439cae82a9011767da14950df0ad997adf"", ""size"": 2500, ""price"": 0.02, ""timestamp"": 1771003285, ""title"": ""Will Trump nominate Judy Shelton as the next Fed chair?"", ""slug"": ""will-trump-nominate-judy-shelton-as-the-next-fed-chair"", ""icon"": ""https://polymarket-upload.s3.us-east-2.amazonaws.com/judy-shelton-15c5dd306b.png"", ""eventSlug"": ""who-will-trump-nominate-as-fed-chair"", ""outcome"": ""Yes"", ""outcomeIndex"": 0, ""name"": ""0xE506b515a34A42763d69ab301824937909E21BCc-1764953833594"", ""pseudonym"": ""Demanding-Spur"", ""bio"": """", ""profileImage"": """", ""profileImageOptimized"": """", ""transactionHash"": ""0xa882157dbee3e93b0111a69680aa6a19ca9e8a40d05a14ff5625415750db5437""}"
1771003241,2026-02-14T01:56:21.196836,0x0586450fd864f23dd979f73351352f6627ebb040efe9cb419a6357396929af35:1771003241,572473,5031084282167950494806674428243037744881029417420880897305642929037077494331,BUY,0.021000000026792785,1082.380951,22.73,0x0586450fd864f23dd979f73351352f6627ebb040efe9cb419a6357396929af35,"{""proxyWallet"": ""0x35d3eb80afaf56b0f5b1b8ad584dfd115721e2aa"", ""side"": ""BUY"", ""asset"": ""5031084282167950494806674428243037744881029417420880897305642929037077494331"", ""conditionId"": ""0x46d40e851b24d9b0af4bc1942ccd86439cae82a9011767da14950df0ad997adf"", ""size"": 1082.380951, ""price"": 0.021000000026792785, ""timestamp"": 1771003241, ""title"": ""Will Trump nominate Judy Shelton as the next Fed chair?"", ""slug"": ""will-trump-nominate-judy-shelton-as-the-next-fed-chair"", ""icon"": ""https://polymarket-upload.s3.us-east-2.amazonaws.com/judy-shelton-15c5dd306b.png"", ""eventSlug"": ""who-will-trump-nominate-as-fed-chair"", ""outcome"": ""Yes"", ""outcomeIndex"": 0, ""name"": ""Aveenger"", ""pseudonym"": ""Edible-Font"", ""bio"": """", ""profileImage"": """", ""profileImageOptimized"": """", ""transactionHash"": ""0x0586450fd864f23dd979f73351352f6627ebb040efe9cb419a6357396929af35""}"
1771003175,2026-02-14T01:56:21.196859,0x1c943e7bd45e51717cd641e086256f576f8b98c0a8531b158e3e03f67384d215:1771003175,572473,5031084282167950494806674428243037744881029417420880897305642929037077494331,BUY,0.020238779099212865,494.100951,10.0,0x1c943e7bd45e51717cd641e086256f576f8b98c0a8531b158e3e03f67384d215,"{""proxyWallet"": ""0xe50968e4c3f5c38aef90b8bad5dce42000c7e721"", ""side"": ""BUY"", ""asset"": ""5031084282167950494806674428243037744881029417420880897305642929037077494331"", ""conditionId"": ""0x46d40e851b24d9b0af4bc1942ccd86439cae82a9011767da14950df0ad997adf"", ""size"": 494.100951, ""price"": 0.020238779099212865, ""timestamp"": 1771003175, ""title"": ""Will Trump nominate Judy Shelton as the next Fed chair?"", ""slug"": ""will-trump-nominate-judy-shelton-as-the-next-fed-chair"", ""icon"": ""https://polymarket-upload.s3.us-east-2.amazonaws.com/judy-shelton-15c5dd306b.png"", ""eventSlug"": ""who-will-trump-nominate-as-fed-chair"", ""outcome"": ""Yes"", ""outcomeIndex"": 0, ""name"": ""Mercan"", ""pseudonym"": ""Useful-Belly"", ""bio"": """", ""profileImage"": """", ""profileImageOptimized"": """", ""transactionHash"": ""0x1c943e7bd45e51717cd641e086256f576f8b98c0a8531b158e3e03f67384d215""}"
1771003107,2026-02-14T01:56:21.196891,0xca1fd0d091b5142a6106e44625282965efcd1c16501c1e03ca451a5f18929e5c:1771003107,572473,5031084282167950494806674428243037744881029417420880897305642929037077494331,BUY,0.019,100.0,1.9,0xca1fd0d091b5142a6106e44625282965efcd1c16501c1e03ca451a5f18929e5c,"{""proxyWallet"": ""0xca8f0374e3fc79b485499cc0b038d4f7e783d963"", ""side"": ""BUY"", ""asset"": ""5031084282167950494806674428243037744881029417420880897305642929037077494331"", ""conditionId"": ""0x46d40e851b24d9b0af4bc1942ccd86439cae82a9011767da14950df0ad997adf"", ""size"": 100, ""price"": 0.019, ""timestamp"": 1771003107, ""title"": ""Will Trump nominate Judy Shelton as the next Fed chair?"", ""slug"": ""will-trump-nominate-judy-shelton-as-the-next-fed-chair"", ""icon"": ""https://polymarket-upload.s3.us-east-2.amazonaws.com/judy-shelton-15c5dd306b.png"", ""eventSlug"": ""who-will-trump-nominate-as-fed-chair"", ""outcome"": ""Yes"", ""outcomeIndex"": 0, ""name"": ""ScottVan"", ""pseudonym"": ""Quirky-Jackfruit"", ""bio"": ""Xiao hong shu: Scott Van"", ""profileImage"": ""https://polymarket-upload.s3.us-east-2.amazonaws.com/pexels_mnannapaneni_28891953_0d0aab77-e6a2-4288-9554-65e8d94404dc_1734553189528.jpg"", ""profileImageOptimized"": """", ""transactionHash"": ""0xca1fd0d091b5142a6106e44625282965efcd1c16501c1e03ca451a5f18929e5c""}"
1771003087,2026-02-14T01:56:21.196911,0x7cee1bcc9010d2a9f0cf1fd5e16162641661f0626d8012fbb49229484556d5a2:1771003087,572473,5031084282167950494806674428243037744881029417420880897305642929037077494331,SELL,0.016,1830.65,29.2904,0x7cee1bcc9010d2a9f0cf1fd5e16162641661f0626d8012fbb49229484556d5a2,"{""proxyWallet"": ""0xafaa2576b1a904b25f0a435f76f7b158d2dff0e4"", ""side"": ""SELL"", ""asset"": ""5031084282167950494806674428243037744881029417420880897305642929037077494331"", ""conditionId"": ""0x46d40e851b24d9b0af4bc1942ccd86439cae82a9011767da14950df0ad997adf"", ""size"": 1830.65, ""price"": 0.016, ""timestamp"": 1771003087, ""title"": ""Will Trump nominate Judy Shelton as the next Fed chair?"", ""slug"": ""will-trump-nominate-judy-shelton-as-the-next-fed-chair"", ""icon"": ""https://polymarket-upload.s3.us-east-2.amazonaws.com/judy-shelton-15c5dd306b.png"", ""eventSlug"": ""who-will-trump-nominate-as-fed-chair"", ""outcome"": ""Yes"", ""outcomeIndex"": 0, ""name"": ""chupaps"", ""pseudonym"": ""Plain-Mezzanine"", ""bio"": """", ""profileImage"": """", ""profileImageOptimized"": """", ""transactionHash"": ""0x7cee1bcc9010d2a9f0cf1fd5e16162641661f0626d8012fbb49229484556d5a2""}"
1771003059,2026-02-14T01:56:21.196927,0x501691012e86feaae44fe75c97cf8a5c021ab23c30aedeba873fa5b50a00c42a:1771003059,572473,5031084282167950494806674428243037744881029417420880897305642929037077494331,BUY,0.017,60.0,1.02,0x501691012e86feaae44fe75c97cf8a5c021ab23c30aedeba873fa5b50a00c42a,"{""proxyWallet"": ""0x529531ba6dacf1d9a7465d8d24c2ed5b1520571c"", ""side"": ""BUY"", ""asset"": ""5031084282167950494806674428243037744881029417420880897305642929037077494331"", ""conditionId"": ""0x46d40e851b24d9b0af4bc1942ccd86439cae82a9011767da14950df0ad997adf"", ""size"": 60, ""price"": 0.017, ""timestamp"": 1771003059, ""title"": ""Will Trump nominate Judy Shelton as the next Fed chair?"", ""slug"": ""will-trump-nominate-judy-shelton-as-the-next-fed-chair"", ""icon"": ""https://polymarket-upload.s3.us-east-2.amazonaws.com/judy-shelton-15c5dd306b.png"", ""eventSlug"": ""who-will-trump-nominate-as-fed-chair"", ""outcome"": ""Yes"", ""outcomeIndex"": 0, ""name"": ""BigMilks"", ""pseudonym"": ""Grand-Hovel"", ""bio"": """", ""profileImage"": """", ""profileImageOptimized"": """", ""transactionHash"": ""0x501691012e86feaae44fe75c97cf8a5c021ab23c30aedeba873fa5b50a00c42a""}"
1771002971,2026-02-14T01:56:21.196952,0xc647bbf2880c25431c70508c1eadb98eb058e55523f6947ef24e314d9d491b12:1771002971,572473,5031084282167950494806674428243037744881029417420880897305642929037077494331,SELL,0.017,863.46,14.678820000000002,0xc647bbf2880c25431c70508c1eadb98eb058e55523f6947ef24e314d9d491b12,"{""proxyWallet"": ""0x31cd3a39d4ffafb282f2617d81e28676170647e5"", ""side"": ""SELL"", ""asset"": ""5031084282167950494806674428243037744881029417420880897305642929037077494331"", ""conditionId"": ""0x46d40e851b24d9b0af4bc1942ccd86439cae82a9011767da14950df0ad997adf"", ""size"": 863.46, ""price"": 0.017, ""timestamp"": 1771002971, ""title"": ""Will Trump nominate Judy Shelton as the next Fed chair?"", ""slug"": ""will-trump-nominate-judy-shelton-as-the-next-fed-chair"", ""icon"": ""https://polymarket-upload.s3.us-east-2.amazonaws.com/judy-shelton-15c5dd306b.png"", ""eventSlug"": ""who-will-trump-nominate-as-fed-chair"", ""outcome"": ""Yes"", ""outcomeIndex"": 0, ""name"": ""TheNobody1322"", ""pseudonym"": ""Dimpled-Chicken"", ""bio"": """", ""profileImage"": """", ""profileImageOptimized"": """", ""transactionHash"": ""0xc647bbf2880c25431c70508c1eadb98eb058e55523f6947ef24e314d9d491b12""}"
1771002963,2026-02-14T01:56:21.196970,0xb80fdafd4aaa25244fa46496eb63a4967c7d8bf4e6038905fc2b92c3b506de91:1771002963,572473,5031084282167950494806674428243037744881029417420880897305642929037077494331,BUY,0.018,1388.87,24.999659999999995,0xb80fdafd4aaa25244fa46496eb63a4967c7d8bf4e6038905fc2b92c3b506de91,"{""proxyWallet"": ""0xafaa2576b1a904b25f0a435f76f7b158d2dff0e4"", ""side"": ""BUY"", ""asset"": ""5031084282167950494806674428243037744881029417420880897305642929037077494331"", ""conditionId"": ""0x46d40e851b24d9b0af4bc1942ccd86439cae82a9011767da14950df0ad997adf"", ""size"": 1388.87, ""price"": 0.018, ""timestamp"": 1771002963, ""title"": ""Will Trump nominate Judy Shelton as the next Fed chair?"", ""slug"": ""will-trump-nominate-judy-shelton-as-the-next-fed-chair"", ""icon"": ""https://polymarket-upload.s3.us-east-2.amazonaws.com/judy-shelton-15c5dd306b.png"", ""eventSlug"": ""who-will-trump-nominate-as-fed-chair"", ""outcome"": ""Yes"", ""outcomeIndex"": 0, ""name"": ""chupaps"", ""pseudonym"": ""Plain-Mezzanine"", ""bio"": """", ""profileImage"": """", ""profileImageOptimized"": """", ""transactionHash"": ""0xb80fdafd4aaa25244fa46496eb63a4967c7d8bf4e6038905fc2b92c3b506de91""}"
1771002961,2026-02-14T01:56:21.196990,0xa7fc997cbb7e67911cb95b416ce865de1fbf2055757c0bc2fc76bed9bb42f3df:1771002961,572473,5031084282167950494806674428243037744881029417420880897305642929037077494331,SELL,0.018180678466076697,2712.0,49.306000000000004,0xa7fc997cbb7e67911cb95b416ce865de1fbf2055757c0bc2fc76bed9bb42f3df,"{""proxyWallet"": ""0x31cd3a39d4ffafb282f2617d81e28676170647e5"", ""side"": ""SELL"", ""asset"": ""5031084282167950494806674428243037744881029417420880897305642929037077494331"", ""conditionId"": ""0x46d40e851b24d9b0af4bc1942ccd86439cae82a9011767da14950df0ad997adf"", ""size"": 2712, ""price"": 0.018180678466076697, ""timestamp"": 1771002961, ""title"": ""Will Trump nominate Judy Shelton as the next Fed chair?"", ""slug"": ""will-trump-nominate-judy-shelton-as-the-next-fed-chair"", ""icon"": ""https://polymarket-upload.s3.us-east-2.amazonaws.com/judy-shelton-15c5dd306b.png"", ""eventSlug"": ""who-will-trump-nominate-as-fed-chair"", ""outcome"": ""Yes"", ""outcomeIndex"": 0, ""name"": ""TheNobody1322"", ""pseudonym"": ""Dimpled-Chicken"", ""bio"": """", ""profileImage"": """", ""profileImageOptimized"": """", ""transactionHash"": ""0xa7fc997cbb7e67911cb95b416ce865de1fbf2055757c0bc2fc76bed9bb42f3df""}"
1771002945,2026-02-14T01:56:21.197009,0x896a9595dbbd1d914e8e6b89c91395ed71329f7dd42fec6478247f91876bd678:1771002945,572473,5031084282167950494806674428243037744881029417420880897305642929037077494331,SELL,0.02,1003.11,20.0622,0x896a9595dbbd1d914e8e6b89c91395ed71329f7dd42fec6478247f91876bd678,"{""proxyWallet"": ""0xb4253ed325dcf080cb3d5a2e62470922cddfc80b"", ""side"": ""SELL"", ""asset"": ""5031084282167950494806674428243037744881029417420880897305642929037077494331"", ""conditionId"": ""0x46d40e851b24d9b0af4bc1942ccd86439cae82a9011767da14950df0ad997adf"", ""size"": 1003.11, ""price"": 0.02, ""timestamp"": 1771002945, ""title"": ""Will Trump nominate Judy Shelton as the next Fed chair?"", ""slug"": ""will-trump-nominate-judy-shelton-as-the-next-fed-chair"", ""icon"": ""https://polymarket-upload.s3.us-east-2.amazonaws.com/judy-shelton-15c5dd306b.png"", ""eventSlug"": ""who-will-trump-nominate-as-fed-chair"", ""outcome"": ""Yes"", ""outcomeIndex"": 0, ""name"": ""0xb4253eD325dCf080cB3D5a2e62470922cDDFC80B-1761222442262"", ""pseudonym"": ""Judicious-Comportment"", ""bio"": """", ""profileImage"": """", ""profileImageOptimized"": """", ""transactionHash"": ""0x896a9595dbbd1d914e8e6b89c91395ed71329f7dd42fec6478247f91876bd678""}"
1771002829,2026-02-14T01:56:21.197035,0xf6ff7b797266cc83c97c61857eba0e71cb71e2b617bd7a8cf7cedf665b33f63c:1771002829,572473,5031084282167950494806674428243037744881029417420880897305642929037077494331,SELL,0.020838834155546177,8246.04,171.83786,0xf6ff7b797266cc83c97c61857eba0e71cb71e2b617bd7a8cf7cedf665b33f63c,"{""proxyWallet"": ""0x15bdcd6484d10cef6062d4eee5b247e3ab551457"", ""side"": ""SELL"", ""asset"": ""5031084282167950494806674428243037744881029417420880897305642929037077494331"", ""conditionId"": ""0x46d40e851b24d9b0af4bc1942ccd86439cae82a9011767da14950df0ad997adf"", ""size"": 8246.04, ""price"": 0.020838834155546177, ""timestamp"": 1771002829, ""title"": ""Will Trump nominate Judy Shelton as the next Fed chair?"", ""slug"": ""will-trump-nominate-judy-shelton-as-the-next-fed-chair"", ""icon"": ""https://polymarket-upload.s3.us-east-2.amazonaws.com/judy-shelton-15c5dd306b.png"", ""eventSlug"": ""who-will-trump-nominate-as-fed-chair"", ""outcome"": ""Yes"", ""outcomeIndex"": 0, ""name"": ""mkdiii"", ""pseudonym"": ""Pretty-Rat"", ""bio"": """", ""profileImage"": """", ""profileImageOptimized"": """", ""transactionHash"": ""0xf6ff7b797266cc83c97c61857eba0e71cb71e2b617bd7a8cf7cedf665b33f63c""}"
1771002821,2026-02-14T01:56:21.952887,0xf0669e5380226b56b8fa01621dedef3c207b19405ed8fc57e58cef890541b621:1771002821,572473,5031084282167950494806674428243037744881029417420880897305642929037077494331,BUY,0.023,1208.0,27.784,0xf0669e5380226b56b8fa01621dedef3c207b19405ed8fc57e58cef890541b621,"{""proxyWallet"": ""0x24c8cf69a0e0a17eee21f69d29752bfa32e823e1"", ""side"": ""BUY"", ""asset"": ""5031084282167950494806674428243037744881029417420880897305642929037077494331"", ""conditionId"": ""0x46d40e851b24d9b0af4bc1942ccd86439cae82a9011767da14950df0ad997adf"", ""size"": 1208, ""price"": 0.023, ""timestamp"": 1771002821, ""title"": ""Will Trump nominate Judy Shelton as the next Fed chair?"", ""slug"": ""will-trump-nominate-judy-shelton-as-the-next-fed-chair"", ""icon"": ""https://polymarket-upload.s3.us-east-2.amazonaws.com/judy-shelton-15c5dd306b.png"", ""eventSlug"": ""who-will-trump-nominate-as-fed-chair"", ""outcome"": ""Yes"", ""outcomeIndex"": 0, ""name"": ""debased"", ""pseudonym"": ""Broken-Dogwood"", ""bio"": ""No crazy war, yes peace"", ""profileImage"": ""https://polymarket-upload.s3.us-east-2.amazonaws.com/trump_farmer_b64c6dcd-13e2-4dda-b1c2-0fb46389fb22_1743074825403.png"", ""profileImageOptimized"": """", ""transactionHash"": ""0xf0669e5380226b56b8fa01621dedef3c207b19405ed8fc57e58cef890541b621""}"
1771002767,2026-02-14T01:56:21.952999,0x1ef58a9c0b421b9b84836c7fc3d3ab521c573f6e6e2e3aa6059094b123973dfd:1771002767,572473,5031084282167950494806674428243037744881029417420880897305642929037077494331,BUY,0.024,150.0,3.6,0x1ef58a9c0b421b9b84836c7fc3d3ab521c573f6e6e2e3aa6059094b123973dfd,"{""proxyWallet"": ""0x7b347205d8389d2fd34614135b758487ffbc74a3"", ""side"": ""BUY"", ""asset"": ""5031084282167950494806674428243037744881029417420880897305642929037077494331"", ""conditionId"": ""0x46d40e851b24d9b0af4bc1942ccd86439cae82a9011767da14950df0ad997adf"", ""size"": 150, ""price"": 0.024, ""timestamp"": 1771002767, ""title"": ""Will Trump nominate Judy Shelton as the next Fed chair?"", ""slug"": ""will-trump-nominate-judy-shelton-as-the-next-fed-chair"", ""icon"": ""https://polymarket-upload.s3.us-east-2.amazonaws.com/judy-shelton-15c5dd306b.png"", ""eventSlug"": ""who-will-trump-nominate-as-fed-chair"", ""outcome"": ""Yes"", ""outcomeIndex"": 0, ""name"": ""Callnomo"", ""pseudonym"": ""Nutritious-Selection"", ""bio"": """", ""profileImage"": """", ""profileImageOptimized"": """", ""transactionHash"": ""0x1ef58a9c0b421b9b84836c7fc3d3ab521c573f6e6e2e3aa6059094b123973dfd""}"
1771002505,2026-02-14T01:56:21.953061,0x9955c89ba83d947721adec9991d5b8e85523ac5898cbbce3c96c30ea3fb41e83:1771002505,572473,5031084282167950494806674428243037744881029417420880897305642929037077494331,SELL,0.029,7000.0,203.0,0x9955c89ba83d947721adec9991d5b8e85523ac5898cbbce3c96c30ea3fb41e83,"{""proxyWallet"": ""0x8e9eedf20dfa70956d49f608a205e402d9df38e4"", ""side"": ""SELL"", ""asset"": ""5031084282167950494806674428243037744881029417420880897305642929037077494331"", ""conditionId"": ""0x46d40e851b24d9b0af4bc1942ccd86439cae82a9011767da14950df0ad997adf"", ""size"": 7000, ""price"": 0.029, ""timestamp"": 1771002505, ""title"": ""Will Trump nominate Judy Shelton as the next Fed chair?"", ""slug"": ""will-trump-nominate-judy-shelton-as-the-next-fed-chair"", ""icon"": ""https://polymarket-upload.s3.us-east-2.amazonaws.com/judy-shelton-15c5dd306b.png"", ""eventSlug"": ""who-will-trump-nominate-as-fed-chair"", ""outcome"": ""Yes"", ""outcomeIndex"": 0, ""name"": ""Karajan"", ""pseudonym"": ""Murky-Oversight"", ""bio"": """", ""profileImage"": """", ""profileImageOptimized"": """", ""transactionHash"": ""0x9955c89ba83d947721adec9991d5b8e85523ac5898cbbce3c96c30ea3fb41e83""}"
1771002487,2026-02-14T01:56:21.953102,0xa8bc4562b74fd155c0699b49f82bcd5420f9ba0f77ef2765f8d05a1863a10536:1771002487,572473,5031084282167950494806674428243037744881029417420880897305642929037077494331,SELL,0.029,2000.0,58.0,0xa8bc4562b74fd155c0699b49f82bcd5420f9ba0f77ef2765f8d05a1863a10536,"{""proxyWallet"": ""0x4207c4f53b785c6d0d48512a497ebd845c29b81b"", ""side"": ""SELL"", ""asset"": ""5031084282167950494806674428243037744881029417420880897305642929037077494331"", ""conditionId"": ""0x46d40e851b24d9b0af4bc1942ccd86439cae82a9011767da14950df0ad997adf"", ""size"": 2000, ""price"": 0.029, ""timestamp"": 1771002487, ""title"": ""Will Trump nominate Judy Shelton as the next Fed chair?"", ""slug"": ""will-trump-nominate-judy-shelton-as-the-next-fed-chair"", ""icon"": ""https://polymarket-upload.s3.us-east-2.amazonaws.com/judy-shelton-15c5dd306b.png"", ""eventSlug"": ""who-will-trump-nominate-as-fed-chair"", ""outcome"": ""Yes"", ""outcomeIndex"": 0, ""name"": ""0x4207c4f53b785c6dOd48512a497ebd845c29b81b"", ""pseudonym"": ""Wonderful-Disgust"", ""bio"": """", ""profileImage"": """", ""profileImageOptimized"": """", ""transactionHash"": ""0xa8bc4562b74fd155c0699b49f82bcd5420f9ba0f77ef2765f8d05a1863a10536""}"
1771002479,2026-02-14T01:56:21.953134,0x69a31c9eb287127084a7777d67380c818f0d42288e647b853f617117205b240f:1771002479,572473,5031084282167950494806674428243037744881029417420880897305642929037077494331,BUY,0.03,40.0,1.2,0x69a31c9eb287127084a7777d67380c818f0d42288e647b853f617117205b240f,"{""proxyWallet"": ""0xf6b6b4fc1db08536f6c8e70e93828f1d26d96763"", ""side"": ""BUY"", ""asset"": ""5031084282167950494806674428243037744881029417420880897305642929037077494331"", ""conditionId"": ""0x46d40e851b24d9b0af4bc1942ccd86439cae82a9011767da14950df0ad997adf"", ""size"": 40, ""price"": 0.03, ""timestamp"": 1771002479, ""title"": ""Will Trump nominate Judy Shelton as the next Fed chair?"", ""slug"": ""will-trump-nominate-judy-shelton-as-the-next-fed-chair"", ""icon"": ""https://polymarket-upload.s3.us-east-2.amazonaws.com/judy-shelton-15c5dd306b.png"", ""eventSlug"": ""who-will-trump-nominate-as-fed-chair"", ""outcome"": ""Yes"", ""outcomeIndex"": 0, ""name"": """", ""pseudonym"": """", ""bio"": """", ""profileImage"": """", ""profileImageOptimized"": """", ""transactionHash"": ""0x69a31c9eb287127084a7777d67380c818f0d42288e647b853f617117205b240f""}"
1771002451,2026-02-14T01:56:21.953207,0x65ef02b9e21c763aeae20348f201ca2f0967836f656f0fd8a092f9cde4b007df:1771002451,572473,5031084282167950494806674428243037744881029417420880897305642929037077494331,SELL,0.03,114.16,3.4248,0x65ef02b9e21c763aeae20348f201ca2f0967836f656f0fd8a092f9cde4b007df,"{""proxyWallet"": ""0x8e9eedf20dfa70956d49f608a205e402d9df38e4"", ""side"": ""SELL"", ""asset"": ""5031084282167950494806674428243037744881029417420880897305642929037077494331"", ""conditionId"": ""0x46d40e851b24d9b0af4bc1942ccd86439cae82a9011767da14950df0ad997adf"", ""size"": 114.16, ""price"": 0.03, ""timestamp"": 1771002451, ""title"": ""Will Trump nominate Judy Shelton as the next Fed chair?"", ""slug"": ""will-trump-nominate-judy-shelton-as-the-next-fed-chair"", ""icon"": ""https://polymarket-upload.s3.us-east-2.amazonaws.com/judy-shelton-15c5dd306b.png"", ""eventSlug"": ""who-will-trump-nominate-as-fed-chair"", ""outcome"": ""Yes"", ""outcomeIndex"": 0, ""name"": ""Karajan"", ""pseudonym"": ""Murky-Oversight"", ""bio"": """", ""profileImage"": """", ""profileImageOptimized"": """", ""transactionHash"": ""0x65ef02b9e21c763aeae20348f201ca2f0967836f656f0fd8a092f9cde4b007df""}"
1771002449,2026-02-14T01:56:21.953242,0xc5e4ed8c9225fa68b57af0156f6a9f1d949f0f0443af9b482803e3e167feb998:1771002449,572473,5031084282167950494806674428243037744881029417420880897305642929037077494331,SELL,0.03,10.0,0.3,0xc5e4ed8c9225fa68b57af0156f6a9f1d949f0f0443af9b482803e3e167feb998,"{""proxyWallet"": ""0x8e9eedf20dfa70956d49f608a205e402d9df38e4"", ""side"": ""SELL"", ""asset"": ""5031084282167950494806674428243037744881029417420880897305642929037077494331"", ""conditionId"": ""0x46d40e851b24d9b0af4bc1942ccd86439cae82a9011767da14950df0ad997adf"", ""size"": 10, ""price"": 0.03, ""timestamp"": 1771002449, ""title"": ""Will Trump nominate Judy Shelton as the next Fed chair?"", ""slug"": ""will-trump-nominate-judy-shelton-as-the-next-fed-chair"", ""icon"": ""https://polymarket-upload.s3.us-east-2.amazonaws.com/judy-shelton-15c5dd306b.png"", ""eventSlug"": ""who-will-trump-nominate-as-fed-chair"", ""outcome"": ""Yes"", ""outcomeIndex"": 0, ""name"": ""Karajan"", ""pseudonym"": ""Murky-Oversight"", ""bio"": """", ""profileImage"": """", ""profileImageOptimized"": """", ""transactionHash"": ""0xc5e4ed8c9225fa68b57af0156f6a9f1d949f0f0443af9b482803e3e167feb998""}"
1771002447,2026-02-14T01:56:21.953273,0xde689f19ee579702b0546f43568538062b27ad5fb1293df44028429befc28564:1771002447,572473,5031084282167950494806674428243037744881029417420880897305642929037077494331,SELL,0.03,617.23,18.5169,0xde689f19ee579702b0546f43568538062b27ad5fb1293df44028429befc28564,"{""proxyWallet"": ""0x8e9eedf20dfa70956d49f608a205e402d9df38e4"", ""side"": ""SELL"", ""asset"": ""5031084282167950494806674428243037744881029417420880897305642929037077494331"", ""conditionId"": ""0x46d40e851b24d9b0af4bc1942ccd86439cae82a9011767da14950df0ad997adf"", ""size"": 617.23, ""price"": 0.03, ""timestamp"": 1771002447, ""title"": ""Will Trump nominate Judy Shelton as the next Fed chair?"", ""slug"": ""will-trump-nominate-judy-shelton-as-the-next-fed-chair"", ""icon"": ""https://polymarket-upload.s3.us-east-2.amazonaws.com/judy-shelton-15c5dd306b.png"", ""eventSlug"": ""who-will-trump-nominate-as-fed-chair"", ""outcome"": ""Yes"", ""outcomeIndex"": 0, ""name"": ""Karajan"", ""pseudonym"": ""Murky-Oversight"", ""bio"": """", ""profileImage"": """", ""profileImageOptimized"": """", ""transactionHash"": ""0xde689f19ee579702b0546f43568538062b27ad5fb1293df44028429befc28564""}"
1771002391,2026-02-14T01:56:21.953325,0xdd75aa2b1c0a996897f3ea6c41e7a1c4136b70783a36b363cd086d5e1156e046:1771002391,572473,5031084282167950494806674428243037744881029417420880897305642929037077494331,SELL,0.03,11816.43,354.4929,0xdd75aa2b1c0a996897f3ea6c41e7a1c4136b70783a36b363cd086d5e1156e046,"{""proxyWallet"": ""0x31cd3a39d4ffafb282f2617d81e28676170647e5"", ""side"": ""SELL"", ""asset"": ""5031084282167950494806674428243037744881029417420880897305642929037077494331"", ""conditionId"": ""0x46d40e851b24d9b0af4bc1942ccd86439cae82a9011767da14950df0ad997adf"", ""size"": 11816.43, ""price"": 0.03, ""timestamp"": 1771002391, ""title"": ""Will Trump nominate Judy Shelton as the next Fed chair?"", ""slug"": ""will-trump-nominate-judy-shelton-as-the-next-fed-chair"", ""icon"": ""https://polymarket-upload.s3.us-east-2.amazonaws.com/judy-shelton-15c5dd306b.png"", ""eventSlug"": ""who-will-trump-nominate-as-fed-chair"", ""outcome"": ""Yes"", ""outcomeIndex"": 0, ""name"": ""TheNobody1322"", ""pseudonym"": ""Dimpled-Chicken"", ""bio"": """", ""profileImage"": """", ""profileImageOptimized"": """", ""transactionHash"": ""0xdd75aa2b1c0a996897f3ea6c41e7a1c4136b70783a36b363cd086d5e1156e046""}"
1771002311,2026-02-14T01:56:21.953370,0x3ddb5096afcb4c8e681133cc4a165bc324ef6a967a38c90f4cf0d2acb53c0386:1771002311,572473,5031084282167950494806674428243037744881029417420880897305642929037077494331,BUY,0.034,441.77,15.02018,0x3ddb5096afcb4c8e681133cc4a165bc324ef6a967a38c90f4cf0d2acb53c0386,"{""proxyWallet"": ""0xafaa2576b1a904b25f0a435f76f7b158d2dff0e4"", ""side"": ""BUY"", ""asset"": ""5031084282167950494806674428243037744881029417420880897305642929037077494331"", ""conditionId"": ""0x46d40e851b24d9b0af4bc1942ccd86439cae82a9011767da14950df0ad997adf"", ""size"": 441.77, ""price"": 0.034, ""timestamp"": 1771002311, ""title"": ""Will Trump nominate Judy Shelton as the next Fed chair?"", ""slug"": ""will-trump-nominate-judy-shelton-as-the-next-fed-chair"", ""icon"": ""https://polymarket-upload.s3.us-east-2.amazonaws.com/judy-shelton-15c5dd306b.png"", ""eventSlug"": ""who-will-trump-nominate-as-fed-chair"", ""outcome"": ""Yes"", ""outcomeIndex"": 0, ""name"": ""chupaps"", ""pseudonym"": ""Plain-Mezzanine"", ""bio"": """", ""profileImage"": """", ""profileImageOptimized"": """", ""transactionHash"": ""0x3ddb5096afcb4c8e681133cc4a165bc324ef6a967a38c90f4cf0d2acb53c0386""}"
1771002301,2026-02-14T01:56:21.953410,0x7fe2ea900d6b62fe3a9d80a4fed68d24eb9a467f7651c8b322c447f9d5ec72f9:1771002301,572473,5031084282167950494806674428243037744881029417420880897305642929037077494331,BUY,0.034,257.55,8.7567,0x7fe2ea900d6b62fe3a9d80a4fed68d24eb9a467f7651c8b322c447f9d5ec72f9,"{""proxyWallet"": ""0x750ca59fafbf837d939eca4cd241601a489c2fe3"", ""side"": ""BUY"", ""asset"": ""5031084282167950494806674428243037744881029417420880897305642929037077494331"", ""conditionId"": ""0x46d40e851b24d9b0af4bc1942ccd86439cae82a9011767da14950df0ad997adf"", ""size"": 257.55, ""price"": 0.034, ""timestamp"": 1771002301, ""title"": ""Will Trump nominate Judy Shelton as the next Fed chair?"", ""slug"": ""will-trump-nominate-judy-shelton-as-the-next-fed-chair"", ""icon"": ""https://polymarket-upload.s3.us-east-2.amazonaws.com/judy-shelton-15c5dd306b.png"", ""eventSlug"": ""who-will-trump-nominate-as-fed-chair"", ""outcome"": ""Yes"", ""outcomeIndex"": 0, ""name"": ""Zzdl"", ""pseudonym"": ""Awkward-Lava"", ""bio"": """", ""profileImage"": """", ""profileImageOptimized"": """", ""transactionHash"": ""0x7fe2ea900d6b62fe3a9d80a4fed68d24eb9a467f7651c8b322c447f9d5ec72f9""}"
1771002299,2026-02-14T01:56:21.953444,0xa8aedf7ad6054eb9935584e5d6670d83dd8c8608d5407bf118df9dc942ba1815:1771002299,572473,5031084282167950494806674428243037744881029417420880897305642929037077494331,BUY,0.033999993553599936,147.058822,4.999999,0xa8aedf7ad6054eb9935584e5d6670d83dd8c8608d5407bf118df9dc942ba1815,"{""proxyWallet"": ""0x77d541abdc86fa0da286cc04fa5de3772baf7557"", ""side"": ""BUY"", ""asset"": ""5031084282167950494806674428243037744881029417420880897305642929037077494331"", ""conditionId"": ""0x46d40e851b24d9b0af4bc1942ccd86439cae82a9011767da14950df0ad997adf"", ""size"": 147.058822, ""price"": 0.033999993553599936, ""timestamp"": 1771002299, ""title"": ""Will Trump nominate Judy Shelton as the next Fed chair?"", ""slug"": ""will-trump-nominate-judy-shelton-as-the-next-fed-chair"", ""icon"": ""https://polymarket-upload.s3.us-east-2.amazonaws.com/judy-shelton-15c5dd306b.png"", ""eventSlug"": ""who-will-trump-nominate-as-fed-chair"", ""outcome"": ""Yes"", ""outcomeIndex"": 0, ""name"": """", ""pseudonym"": """", ""bio"": """", ""profileImage"": """", ""profileImageOptimized"": """", ""transactionHash"": ""0xa8aedf7ad6054eb9935584e5d6670d83dd8c8608d5407bf118df9dc942ba1815""}"
1771001899,2026-02-14T01:56:21.953486,0x43471ce2fea1cf50b46d463799d9ed6f0285abbf048afcad4e74290440166930:1771001899,572473,5031084282167950494806674428243037744881029417420880897305642929037077494331,BUY,0.03499999345499991,142.857141,4.999999,0x43471ce2fea1cf50b46d463799d9ed6f0285abbf048afcad4e74290440166930,"{""proxyWallet"": ""0xde2e9094ec9ebf2835a102900cb53dc49220cf31"", ""side"": ""BUY"", ""asset"": ""5031084282167950494806674428243037744881029417420880897305642929037077494331"", ""conditionId"": ""0x46d40e851b24d9b0af4bc1942ccd86439cae82a9011767da14950df0ad997adf"", ""size"": 142.857141, ""price"": 0.03499999345499991, ""timestamp"": 1771001899, ""title"": ""Will Trump nominate Judy Shelton as the next Fed chair?"", ""slug"": ""will-trump-nominate-judy-shelton-as-the-next-fed-chair"", ""icon"": ""https://polymarket-upload.s3.us-east-2.amazonaws.com/judy-shelton-15c5dd306b.png"", ""eventSlug"": ""who-will-trump-nominate-as-fed-chair"", ""outcome"": ""Yes"", ""outcomeIndex"": 0, ""name"": ""0xDE2E9094EC9eBf2835A102900cb53dc49220Cf31-1770999870638"", ""pseudonym"": ""Menacing-Textbook"", ""bio"": """", ""profileImage"": """", ""profileImageOptimized"": """", ""transactionHash"": ""0x43471ce2fea1cf50b46d463799d9ed6f0285abbf048afcad4e74290440166930""}"
1771001621,2026-02-14T01:56:21.953528,0x37469c54a1a37b0522b82f5c73e5fb3ba62aee261e8c9b3f2700cf3f37f9472d:1771001621,572473,5031084282167950494806674428243037744881029417420880897305642929037077494331,BUY,0.0349999998691,7142.857141,249.999999,0x37469c54a1a37b0522b82f5c73e5fb3ba62aee261e8c9b3f2700cf3f37f9472d,"{""proxyWallet"": ""0xf5a5833bf1c5efed4a6bb5b83ab2904918a8c95c"", ""side"": ""BUY"", ""asset"": ""5031084282167950494806674428243037744881029417420880897305642929037077494331"", ""conditionId"": ""0x46d40e851b24d9b0af4bc1942ccd86439cae82a9011767da14950df0ad997adf"", ""size"": 7142.857141, ""price"": 0.0349999998691, ""timestamp"": 1771001621, ""title"": ""Will Trump nominate Judy Shelton as the next Fed chair?"", ""slug"": ""will-trump-nominate-judy-shelton-as-the-next-fed-chair"", ""icon"": ""https://polymarket-upload.s3.us-east-2.amazonaws.com/judy-shelton-15c5dd306b.png"", ""eventSlug"": ""who-will-trump-nominate-as-fed-chair"", ""outcome"": ""Yes"", ""outcomeIndex"": 0, ""name"": ""0xF5a5833bf1C5EFED4A6bb5B83AB2904918A8C95C-1768405818700"", ""pseudonym"": ""Sugary-Shootdown"", ""bio"": """", ""profileImage"": """", ""profileImageOptimized"": """", ""transactionHash"": ""0x37469c54a1a37b0522b82f5c73e5fb3ba62aee261e8c9b3f2700cf3f37f9472d""}"
1771000813,2026-02-14T01:56:21.953578,0x7ec5d6da45c36a246095261d2e89785928074e4144e8bdcc1abb05f17f69e2d8:1771000813,572473,5031084282167950494806674428243037744881029417420880897305642929037077494331,BUY,0.03499020253497679,2641.59657,92.429999,0x7ec5d6da45c36a246095261d2e89785928074e4144e8bdcc1abb05f17f69e2d8,"{""proxyWallet"": ""0x6dc557faf9b3dffe9aee2eab6d0bd74a46d34e22"", ""side"": ""BUY"", ""asset"": ""5031084282167950494806674428243037744881029417420880897305642929037077494331"", ""conditionId"": ""0x46d40e851b24d9b0af4bc1942ccd86439cae82a9011767da14950df0ad997adf"", ""size"": 2641.59657, ""price"": 0.03499020253497679, ""timestamp"": 1771000813, ""title"": ""Will Trump nominate Judy Shelton as the next Fed chair?"", ""slug"": ""will-trump-nominate-judy-shelton-as-the-next-fed-chair"", ""icon"": ""https://polymarket-upload.s3.us-east-2.amazonaws.com/judy-shelton-15c5dd306b.png"", ""eventSlug"": ""who-will-trump-nominate-as-fed-chair"", ""outcome"": ""Yes"", ""outcomeIndex"": 0, ""name"": ""sp88"", ""pseudonym"": ""Different-Computer"", ""bio"": """", ""profileImage"": """", ""profileImageOptimized"": """", ""transactionHash"": ""0x7ec5d6da45c36a246095261d2e89785928074e4144e8bdcc1abb05f17f69e2d8""}"
1771000757,2026-02-14T01:56:21.953611,0xd371939f6129cdb0a2096527b2db24821ec6b4602109876c190546b4fe05c3bd:1771000757,572473,5031084282167950494806674428243037744881029417420880897305642929037077494331,BUY,0.034,2984.88,101.48592000000001,0xd371939f6129cdb0a2096527b2db24821ec6b4602109876c190546b4fe05c3bd,"{""proxyWallet"": ""0x31cd3a39d4ffafb282f2617d81e28676170647e5"", ""side"": ""BUY"", ""asset"": ""5031084282167950494806674428243037744881029417420880897305642929037077494331"", ""conditionId"": ""0x46d40e851b24d9b0af4bc1942ccd86439cae82a9011767da14950df0ad997adf"", ""size"": 2984.88, ""price"": 0.034, ""timestamp"": 1771000757, ""title"": ""Will Trump nominate Judy Shelton as the next Fed chair?"", ""slug"": ""will-trump-nominate-judy-shelton-as-the-next-fed-chair"", ""icon"": ""https://polymarket-upload.s3.us-east-2.amazonaws.com/judy-shelton-15c5dd306b.png"", ""eventSlug"": ""who-will-trump-nominate-as-fed-chair"", ""outcome"": ""Yes"", ""outcomeIndex"": 0, ""name"": ""TheNobody1322"", ""pseudonym"": ""Dimpled-Chicken"", ""bio"": """", ""profileImage"": """", ""profileImageOptimized"": """", ""transactionHash"": ""0xd371939f6129cdb0a2096527b2db24821ec6b4602109876c190546b4fe05c3bd""}"
1771000723,2026-02-14T01:56:21.953645,0x0d94abf90c820ebd0a1547da9520443275b36a9603539d11caf0de3cc8955997:1771000723,572473,5031084282167950494806674428243037744881029417420880897305642929037077494331,BUY,0.03399999974333414,3646.764704,123.98999900000001,0x0d94abf90c820ebd0a1547da9520443275b36a9603539d11caf0de3cc8955997,"{""proxyWallet"": ""0xf5e2acbb5ce20c8b3d45cae5e9c98363a960e32c"", ""side"": ""BUY"", ""asset"": ""5031084282167950494806674428243037744881029417420880897305642929037077494331"", ""conditionId"": ""0x46d40e851b24d9b0af4bc1942ccd86439cae82a9011767da14950df0ad997adf"", ""size"": 3646.764704, ""price"": 0.03399999974333414, ""timestamp"": 1771000723, ""title"": ""Will Trump nominate Judy Shelton as the next Fed chair?"", ""slug"": ""will-trump-nominate-judy-shelton-as-the-next-fed-chair"", ""icon"": ""https://polymarket-upload.s3.us-east-2.amazonaws.com/judy-shelton-15c5dd306b.png"", ""eventSlug"": ""who-will-trump-nominate-as-fed-chair"", ""outcome"": ""Yes"", ""outcomeIndex"": 0, ""name"": ""klmz"", ""pseudonym"": ""Dry-Aquarium"", ""bio"": """", ""profileImage"": """", ""profileImageOptimized"": """", ""transactionHash"": ""0x0d94abf90c820ebd0a1547da9520443275b36a9603539d11caf0de3cc8955997""}"
1770999097,2026-02-14T01:56:21.953707,0x1fbb052fee613a1e0ce2ce31d5399246cc6d397d33a4edc2464602c6c092e4c4:1770999097,572473,5031084282167950494806674428243037744881029417420880897305642929037077494331,BUY,0.03500000015555556,257.142856,9.0,0x1fbb052fee613a1e0ce2ce31d5399246cc6d397d33a4edc2464602c6c092e4c4,"{""proxyWallet"": ""0xe71db3c37b5394c97a8cbba83b9fbfa435d6c75b"", ""side"": ""BUY"", ""asset"": ""5031084282167950494806674428243037744881029417420880897305642929037077494331"", ""conditionId"": ""0x46d40e851b24d9b0af4bc1942ccd86439cae82a9011767da14950df0ad997adf"", ""size"": 257.142856, ""price"": 0.03500000015555556, ""timestamp"": 1770999097, ""title"": ""Will Trump nominate Judy Shelton as the next Fed chair?"", ""slug"": ""will-trump-nominate-judy-shelton-as-the-next-fed-chair"", ""icon"": ""https://polymarket-upload.s3.us-east-2.amazonaws.com/judy-shelton-15c5dd306b.png"", ""eventSlug"": ""who-will-trump-nominate-as-fed-chair"", ""outcome"": ""Yes"", ""outcomeIndex"": 0, ""name"": ""Oui8"", ""pseudonym"": ""Fearless-Rheumatism"", ""bio"": """", ""profileImage"": """", ""profileImageOptimized"": """", ""transactionHash"": ""0x1fbb052fee613a1e0ce2ce31d5399246cc6d397d33a4edc2464602c6c092e4c4""}"
1770998877,2026-02-14T01:56:21.953754,0x016270f910d35a20f53b090e4c000ac2b55293a15ee648df4bf94fb22405ff84:1770998877,572473,5031084282167950494806674428243037744881029417420880897305642929037077494331,SELL,0.034,5.0,0.17,0x016270f910d35a20f53b090e4c000ac2b55293a15ee648df4bf94fb22405ff84,"{""proxyWallet"": ""0x0b01d14b4f91acdf61534543d4a645f142238f47"", ""side"": ""SELL"", ""asset"": ""5031084282167950494806674428243037744881029417420880897305642929037077494331"", ""conditionId"": ""0x46d40e851b24d9b0af4bc1942ccd86439cae82a9011767da14950df0ad997adf"", ""size"": 5, ""price"": 0.034, ""timestamp"": 1770998877, ""title"": ""Will Trump nominate Judy Shelton as the next Fed chair?"", ""slug"": ""will-trump-nominate-judy-shelton-as-the-next-fed-chair"", ""icon"": ""https://polymarket-upload.s3.us-east-2.amazonaws.com/judy-shelton-15c5dd306b.png"", ""eventSlug"": ""who-will-trump-nominate-as-fed-chair"", ""outcome"": ""Yes"", ""outcomeIndex"": 0, ""name"": ""0x0B01d14B4f91ACdf61534543d4a645f142238F47-1766685782640"", ""pseudonym"": ""Radiant-Dahlia"", ""bio"": """", ""profileImage"": """", ""profileImageOptimized"": """", ""transactionHash"": ""0x016270f910d35a20f53b090e4c000ac2b55293a15ee648df4bf94fb22405ff84""}"
1770998779,2026-02-14T01:56:21.953787,0x0c101936d939d92967df9f76831823b1fc93f551fb8030b71f52506b932c6418:1770998779,572473,5031084282167950494806674428243037744881029417420880897305642929037077494331,BUY,0.034999998663,714.285713,24.999999000000003,0x0c101936d939d92967df9f76831823b1fc93f551fb8030b71f52506b932c6418,"{""proxyWallet"": ""0x114486221bb7f6395ec45c1b6ab1dc13e6b1312e"", ""side"": ""BUY"", ""asset"": ""5031084282167950494806674428243037744881029417420880897305642929037077494331"", ""conditionId"": ""0x46d40e851b24d9b0af4bc1942ccd86439cae82a9011767da14950df0ad997adf"", ""size"": 714.285713, ""price"": 0.034999998663, ""timestamp"": 1770998779, ""title"": ""Will Trump nominate Judy Shelton as the next Fed chair?"", ""slug"": ""will-trump-nominate-judy-shelton-as-the-next-fed-chair"", ""icon"": ""https://polymarket-upload.s3.us-east-2.amazonaws.com/judy-shelton-15c5dd306b.png"", ""eventSlug"": ""who-will-trump-nominate-as-fed-chair"", ""outcome"": ""Yes"", ""outcomeIndex"": 0, ""name"": ""Zj369"", ""pseudonym"": ""Greedy-Adverb"", ""bio"": """", ""profileImage"": """", ""profileImageOptimized"": """", ""transactionHash"": ""0x0c101936d939d92967df9f76831823b1fc93f551fb8030b71f52506b932c6418""}"
1770998693,2026-02-14T01:56:22.810466,0x243723705a4bffc1102147b2629c80c9ef5039973e5c3bf03c9b5b5e74cc5544:1770998693,572473,5031084282167950494806674428243037744881029417420880897305642929037077494331,BUY,0.035,446.43,15.625050000000002,0x243723705a4bffc1102147b2629c80c9ef5039973e5c3bf03c9b5b5e74cc5544,"{""proxyWallet"": ""0x469c7f793fa34a154f2d378b2397daa9eb65309b"", ""side"": ""BUY"", ""asset"": ""5031084282167950494806674428243037744881029417420880897305642929037077494331"", ""conditionId"": ""0x46d40e851b24d9b0af4bc1942ccd86439cae82a9011767da14950df0ad997adf"", ""size"": 446.43, ""price"": 0.035, ""timestamp"": 1770998693, ""title"": ""Will Trump nominate Judy Shelton as the next Fed chair?"", ""slug"": ""will-trump-nominate-judy-shelton-as-the-next-fed-chair"", ""icon"": ""https://polymarket-upload.s3.us-east-2.amazonaws.com/judy-shelton-15c5dd306b.png"", ""eventSlug"": ""who-will-trump-nominate-as-fed-chair"", ""outcome"": ""Yes"", ""outcomeIndex"": 0, ""name"": ""flyip"", ""pseudonym"": ""Sugary-Peen"", ""bio"": """", ""profileImage"": """", ""profileImageOptimized"": """", ""transactionHash"": ""0x243723705a4bffc1102147b2629c80c9ef5039973e5c3bf03c9b5b5e74cc5544""}"
1770998693,2026-02-14T01:56:22.810540,0xdef7980628e9caf10bd2c67affb832b4c4c91cb86bd94af4b5274fd19c0eb35c:1770998693,572473,5031084282167950494806674428243037744881029417420880897305642929037077494331,BUY,0.035,446.43,15.625050000000002,0xdef7980628e9caf10bd2c67affb832b4c4c91cb86bd94af4b5274fd19c0eb35c,"{""proxyWallet"": ""0x469c7f793fa34a154f2d378b2397daa9eb65309b"", ""side"": ""BUY"", ""asset"": ""5031084282167950494806674428243037744881029417420880897305642929037077494331"", ""conditionId"": ""0x46d40e851b24d9b0af4bc1942ccd86439cae82a9011767da14950df0ad997adf"", ""size"": 446.43, ""price"": 0.035, ""timestamp"": 1770998693, ""title"": ""Will Trump nominate Judy Shelton as the next Fed chair?"", ""slug"": ""will-trump-nominate-judy-shelton-as-the-next-fed-chair"", ""icon"": ""https://polymarket-upload.s3.us-east-2.amazonaws.com/judy-shelton-15c5dd306b.png"", ""eventSlug"": ""who-will-trump-nominate-as-fed-chair"", ""outcome"": ""Yes"", ""outcomeIndex"": 0, ""name"": ""flyip"", ""pseudonym"": ""Sugary-Peen"", ""bio"": """", ""profileImage"": """", ""profileImageOptimized"": """", ""transactionHash"": ""0xdef7980628e9caf10bd2c67affb832b4c4c91cb86bd94af4b5274fd19c0eb35c""}"
1770998691,2026-02-14T01:56:22.810578,0x7b97a01da1b5034a061747ffbc1a4cc2a0eb200466eb6b57d45e0597e9375f35:1770998691,572473,5031084282167950494806674428243037744881029417420880897305642929037077494331,BUY,0.034,320.07,10.882380000000001,0x7b97a01da1b5034a061747ffbc1a4cc2a0eb200466eb6b57d45e0597e9375f35,"{""proxyWallet"": ""0x469c7f793fa34a154f2d378b2397daa9eb65309b"", ""side"": ""BUY"", ""asset"": ""5031084282167950494806674428243037744881029417420880897305642929037077494331"", ""conditionId"": ""0x46d40e851b24d9b0af4bc1942ccd86439cae82a9011767da14950df0ad997adf"", ""size"": 320.07, ""price"": 0.034, ""timestamp"": 1770998691, ""title"": ""Will Trump nominate Judy Shelton as the next Fed chair?"", ""slug"": ""will-trump-nominate-judy-shelton-as-the-next-fed-chair"", ""icon"": ""https://polymarket-upload.s3.us-east-2.amazonaws.com/judy-shelton-15c5dd306b.png"", ""eventSlug"": ""who-will-trump-nominate-as-fed-chair"", ""outcome"": ""Yes"", ""outcomeIndex"": 0, ""name"": ""flyip"", ""pseudonym"": ""Sugary-Peen"", ""bio"": """", ""profileImage"": """", ""profileImageOptimized"": """", ""transactionHash"": ""0x7b97a01da1b5034a061747ffbc1a4cc2a0eb200466eb6b57d45e0597e9375f35""}"
1770998177,2026-02-14T01:56:22.810604,0xe3d2d1d28c51c295bdd6979c1b65d95cfddd08f4956918ba0b110e3d8bb2ccce:1770998177,572473,5031084282167950494806674428243037744881029417420880897305642929037077494331,BUY,0.03399999744863999,367.647057,12.499999000000003,0xe3d2d1d28c51c295bdd6979c1b65d95cfddd08f4956918ba0b110e3d8bb2ccce,"{""proxyWallet"": ""0xe21fac6ef561fc7d20eb42cd2c9a2d84cd126922"", ""side"": ""BUY"", ""asset"": ""5031084282167950494806674428243037744881029417420880897305642929037077494331"", ""conditionId"": ""0x46d40e851b24d9b0af4bc1942ccd86439cae82a9011767da14950df0ad997adf"", ""size"": 367.647057, ""price"": 0.03399999744863999, ""timestamp"": 1770998177, ""title"": ""Will Trump nominate Judy Shelton as the next Fed chair?"", ""slug"": ""will-trump-nominate-judy-shelton-as-the-next-fed-chair"", ""icon"": ""https://polymarket-upload.s3.us-east-2.amazonaws.com/judy-shelton-15c5dd306b.png"", ""eventSlug"": ""who-will-trump-nominate-as-fed-chair"", ""outcome"": ""Yes"", ""outcomeIndex"": 0, ""name"": """", ""pseudonym"": """", ""bio"": """", ""profileImage"": """", ""profileImageOptimized"": """", ""transactionHash"": ""0xe3d2d1d28c51c295bdd6979c1b65d95cfddd08f4956918ba0b110e3d8bb2ccce""}"
1770998123,2026-02-14T01:56:22.810627,0xdc9850b11c488b5e0017b250960c9432c49520fe9e4c578d0b337334dd62af18:1770998123,572473,5031084282167950494806674428243037744881029417420880897305642929037077494331,BUY,0.034,150.0,5.1000000000000005,0xdc9850b11c488b5e0017b250960c9432c49520fe9e4c578d0b337334dd62af18,"{""proxyWallet"": ""0xac53c4a485c7c50dc761cfc3a21db0758d702a44"", ""side"": ""BUY"", ""asset"": ""5031084282167950494806674428243037744881029417420880897305642929037077494331"", ""conditionId"": ""0x46d40e851b24d9b0af4bc1942ccd86439cae82a9011767da14950df0ad997adf"", ""size"": 150, ""price"": 0.034, ""timestamp"": 1770998123, ""title"": ""Will Trump nominate Judy Shelton as the next Fed chair?"", ""slug"": ""will-trump-nominate-judy-shelton-as-the-next-fed-chair"", ""icon"": ""https://polymarket-upload.s3.us-east-2.amazonaws.com/judy-shelton-15c5dd306b.png"", ""eventSlug"": ""who-will-trump-nominate-as-fed-chair"", ""outcome"": ""Yes"", ""outcomeIndex"": 0, ""name"": ""roninnn"", ""pseudonym"": ""Snoopy-Pond"", ""bio"": """", ""profileImage"": ""https://polymarket-upload.s3.us-east-2.amazonaws.com/profile-image-2799056-424de718-4059-414f-843b-e79fb606127d.jpg"", ""profileImageOptimized"": """", ""transactionHash"": ""0xdc9850b11c488b5e0017b250960c9432c49520fe9e4c578d0b337334dd62af18""}"
1770997509,2026-02-14T01:56:22.810662,0x92a2ac496bc8fcbdea0a92cb04a810bce3a64fb5fdcda7e4dbc5a4a183ccfbab:1770997509,572473,5031084282167950494806674428243037744881029417420880897305642929037077494331,SELL,0.033,158.53,5.23149,0x92a2ac496bc8fcbdea0a92cb04a810bce3a64fb5fdcda7e4dbc5a4a183ccfbab,"{""proxyWallet"": ""0xe15c77b02d27055f4cf81b43e95d5eb5c7ae9e57"", ""side"": ""SELL"", ""asset"": ""5031084282167950494806674428243037744881029417420880897305642929037077494331"", ""conditionId"": ""0x46d40e851b24d9b0af4bc1942ccd86439cae82a9011767da14950df0ad997adf"", ""size"": 158.53, ""price"": 0.033, ""timestamp"": 1770997509, ""title"": ""Will Trump nominate Judy Shelton as the next Fed chair?"", ""slug"": ""will-trump-nominate-judy-shelton-as-the-next-fed-chair"", ""icon"": ""https://polymarket-upload.s3.us-east-2.amazonaws.com/judy-shelton-15c5dd306b.png"", ""eventSlug"": ""who-will-trump-nominate-as-fed-chair"", ""outcome"": ""Yes"", ""outcomeIndex"": 0, ""name"": ""retireme"", ""pseudonym"": ""Immaculate-Thump"", ""bio"": """", ""profileImage"": """", ""profileImageOptimized"": """", ""transactionHash"": ""0x92a2ac496bc8fcbdea0a92cb04a810bce3a64fb5fdcda7e4dbc5a4a183ccfbab""}"
1770997507,2026-02-14T01:56:22.810684,0x15c445c2b48eaab37e3c060a7f1be50044126d99d033f9d1fba538f8b403893c:1770997507,572473,5031084282167950494806674428243037744881029417420880897305642929037077494331,SELL,0.033,2107.14,69.53562,0x15c445c2b48eaab37e3c060a7f1be50044126d99d033f9d1fba538f8b403893c,"{""proxyWallet"": ""0x9e97d59a2f1150780cc463e057d6d4c8fdbcdab1"", ""side"": ""SELL"", ""asset"": ""5031084282167950494806674428243037744881029417420880897305642929037077494331"", ""conditionId"": ""0x46d40e851b24d9b0af4bc1942ccd86439cae82a9011767da14950df0ad997adf"", ""size"": 2107.14, ""price"": 0.033, ""timestamp"": 1770997507, ""title"": ""Will Trump nominate Judy Shelton as the next Fed chair?"", ""slug"": ""will-trump-nominate-judy-shelton-as-the-next-fed-chair"", ""icon"": ""https://polymarket-upload.s3.us-east-2.amazonaws.com/judy-shelton-15c5dd306b.png"", ""eventSlug"": ""who-will-trump-nominate-as-fed-chair"", ""outcome"": ""Yes"", ""outcomeIndex"": 0, ""name"": ""0x9E97d59a2f1150780Cc463e057d6D4c8fDBCdab1-1769703345986"", ""pseudonym"": ""Trustworthy-Greatness"", ""bio"": """", ""profileImage"": """", ""profileImageOptimized"": """", ""transactionHash"": ""0x15c445c2b48eaab37e3c060a7f1be50044126d99d033f9d1fba538f8b403893c""}"
1770997301,2026-02-14T01:56:22.810705,0x02814129bd93448a2816b625e934a967e1e554b386d3e44b80e6dbe6c66fcb67:1770997301,572473,5031084282167950494806674428243037744881029417420880897305642929037077494331,SELL,0.034,260.0,8.84,0x02814129bd93448a2816b625e934a967e1e554b386d3e44b80e6dbe6c66fcb67,"{""proxyWallet"": ""0xc7e33c5ca5260dadac82e0a1c3e688509f79b81c"", ""side"": ""SELL"", ""asset"": ""5031084282167950494806674428243037744881029417420880897305642929037077494331"", ""conditionId"": ""0x46d40e851b24d9b0af4bc1942ccd86439cae82a9011767da14950df0ad997adf"", ""size"": 260, ""price"": 0.034, ""timestamp"": 1770997301, ""title"": ""Will Trump nominate Judy Shelton as the next Fed chair?"", ""slug"": ""will-trump-nominate-judy-shelton-as-the-next-fed-chair"", ""icon"": ""https://polymarket-upload.s3.us-east-2.amazonaws.com/judy-shelton-15c5dd306b.png"", ""eventSlug"": ""who-will-trump-nominate-as-fed-chair"", ""outcome"": ""Yes"", ""outcomeIndex"": 0, ""name"": """", ""pseudonym"": """", ""bio"": """", ""profileImage"": """", ""profileImageOptimized"": """", ""transactionHash"": ""0x02814129bd93448a2816b625e934a967e1e554b386d3e44b80e6dbe6c66fcb67""}"
1770997231,2026-02-14T01:56:22.810726,0x074fb30a7fb7456ca3022bd09ecb09ee0407ae7b7bac6656dc9d51d6768a6548:1770997231,572473,5031084282167950494806674428243037744881029417420880897305642929037077494331,BUY,0.035,20000.0,700.0000000000001,0x074fb30a7fb7456ca3022bd09ecb09ee0407ae7b7bac6656dc9d51d6768a6548,"{""proxyWallet"": ""0x0fda55255e462cefe10f58c6dd14a6ac48e38405"", ""side"": ""BUY"", ""asset"": ""5031084282167950494806674428243037744881029417420880897305642929037077494331"", ""conditionId"": ""0x46d40e851b24d9b0af4bc1942ccd86439cae82a9011767da14950df0ad997adf"", ""size"": 20000, ""price"": 0.035, ""timestamp"": 1770997231, ""title"": ""Will Trump nominate Judy Shelton as the next Fed chair?"", ""slug"": ""will-trump-nominate-judy-shelton-as-the-next-fed-chair"", ""icon"": ""https://polymarket-upload.s3.us-east-2.amazonaws.com/judy-shelton-15c5dd306b.png"", ""eventSlug"": ""who-will-trump-nominate-as-fed-chair"", ""outcome"": ""Yes"", ""outcomeIndex"": 0, ""name"": ""Bruno9"", ""pseudonym"": ""Homely-Vitamin"", ""bio"": ""Being rich means being healthy. - Bruno Groening"", ""profileImage"": ""https://polymarket-upload.s3.us-east-2.amazonaws.com/profile-image-2740807.jpeg"", ""profileImageOptimized"": """", ""transactionHash"": ""0x074fb30a7fb7456ca3022bd09ecb09ee0407ae7b7bac6656dc9d51d6768a6548""}"
1770997085,2026-02-14T01:56:22.810747,0x78fa6019b71f0cebb276b74facd55fcfe57a85b14a7292044c8b0ba7b6c042f5:1770997085,572473,5031084282167950494806674428243037744881029417420880897305642929037077494331,SELL,0.034,5.0,0.17,0x78fa6019b71f0cebb276b74facd55fcfe57a85b14a7292044c8b0ba7b6c042f5,"{""proxyWallet"": ""0x0b01d14b4f91acdf61534543d4a645f142238f47"", ""side"": ""SELL"", ""asset"": ""5031084282167950494806674428243037744881029417420880897305642929037077494331"", ""conditionId"": ""0x46d40e851b24d9b0af4bc1942ccd86439cae82a9011767da14950df0ad997adf"", ""size"": 5, ""price"": 0.034, ""timestamp"": 1770997085, ""title"": ""Will Trump nominate Judy Shelton as the next Fed chair?"", ""slug"": ""will-trump-nominate-judy-shelton-as-the-next-fed-chair"", ""icon"": ""https://polymarket-upload.s3.us-east-2.amazonaws.com/judy-shelton-15c5dd306b.png"", ""eventSlug"": ""who-will-trump-nominate-as-fed-chair"", ""outcome"": ""Yes"", ""outcomeIndex"": 0, ""name"": ""0x0B01d14B4f91ACdf61534543d4a645f142238F47-1766685782640"", ""pseudonym"": ""Radiant-Dahlia"", ""bio"": """", ""profileImage"": """", ""profileImageOptimized"": """", ""transactionHash"": ""0x78fa6019b71f0cebb276b74facd55fcfe57a85b14a7292044c8b0ba7b6c042f5""}"
1770997053,2026-02-14T01:56:22.810766,0x7a3576bc4cbd363f94efa25506933e2f78ea0dc2fb27b09f3e13b26d7507046c:1770997053,572473,5031084282167950494806674428243037744881029417420880897305642929037077494331,SELL,0.033979849959699916,483.87,16.44183,0x7a3576bc4cbd363f94efa25506933e2f78ea0dc2fb27b09f3e13b26d7507046c,"{""proxyWallet"": ""0x9bd44825425264eba50f8ed6beed52117a360d28"", ""side"": ""SELL"", ""asset"": ""5031084282167950494806674428243037744881029417420880897305642929037077494331"", ""conditionId"": ""0x46d40e851b24d9b0af4bc1942ccd86439cae82a9011767da14950df0ad997adf"", ""size"": 483.87, ""price"": 0.033979849959699916, ""timestamp"": 1770997053, ""title"": ""Will Trump nominate Judy Shelton as the next Fed chair?"", ""slug"": ""will-trump-nominate-judy-shelton-as-the-next-fed-chair"", ""icon"": ""https://polymarket-upload.s3.us-east-2.amazonaws.com/judy-shelton-15c5dd306b.png"", ""eventSlug"": ""who-will-trump-nominate-as-fed-chair"", ""outcome"": ""Yes"", ""outcomeIndex"": 0, ""name"": ""jerrygogogo"", ""pseudonym"": ""Crowded-Surprise"", ""bio"": """", ""profileImage"": """", ""profileImageOptimized"": """", ""transactionHash"": ""0x7a3576bc4cbd363f94efa25506933e2f78ea0dc2fb27b09f3e13b26d7507046c""}"
1770996995,2026-02-14T01:56:22.810788,0x1840194b4c284210debd47ab74752ec3dfca880be11b2a345fb556d63e9f16ae:1770996995,572473,5031084282167950494806674428243037744881029417420880897305642929037077494331,BUY,0.034795628641227684,13099.634,455.80999999999995,0x1840194b4c284210debd47ab74752ec3dfca880be11b2a345fb556d63e9f16ae,"{""proxyWallet"": ""0xbd2617cb476e280be0d7394f6a3be7145858d137"", ""side"": ""BUY"", ""asset"": ""5031084282167950494806674428243037744881029417420880897305642929037077494331"", ""conditionId"": ""0x46d40e851b24d9b0af4bc1942ccd86439cae82a9011767da14950df0ad997adf"", ""size"": 13099.634, ""price"": 0.034795628641227684, ""timestamp"": 1770996995, ""title"": ""Will Trump nominate Judy Shelton as the next Fed chair?"", ""slug"": ""will-trump-nominate-judy-shelton-as-the-next-fed-chair"", ""icon"": ""https://polymarket-upload.s3.us-east-2.amazonaws.com/judy-shelton-15c5dd306b.png"", ""eventSlug"": ""who-will-trump-nominate-as-fed-chair"", ""outcome"": ""Yes"", ""outcomeIndex"": 0, ""name"": ""dbri213"", ""pseudonym"": ""Authentic-Prosecution"", ""bio"": """", ""profileImage"": """", ""profileImageOptimized"": """", ""transactionHash"": ""0x1840194b4c284210debd47ab74752ec3dfca880be11b2a345fb556d63e9f16ae""}"
1770996737,2026-02-14T01:56:22.810812,0x3203cf9d0d45b16d51daa460dbd8bde522b1a1e7d602c0339c77336c3aaa5111:1770996737,572473,5031084282167950494806674428243037744881029417420880897305642929037077494331,BUY,0.034,200.0,6.800000000000001,0x3203cf9d0d45b16d51daa460dbd8bde522b1a1e7d602c0339c77336c3aaa5111,"{""proxyWallet"": ""0x048a6b6ae44b99e7e50523519aec4f995c2d635c"", ""side"": ""BUY"", ""asset"": ""5031084282167950494806674428243037744881029417420880897305642929037077494331"", ""conditionId"": ""0x46d40e851b24d9b0af4bc1942ccd86439cae82a9011767da14950df0ad997adf"", ""size"": 200, ""price"": 0.034, ""timestamp"": 1770996737, ""title"": ""Will Trump nominate Judy Shelton as the next Fed chair?"", ""slug"": ""will-trump-nominate-judy-shelton-as-the-next-fed-chair"", ""icon"": ""https://polymarket-upload.s3.us-east-2.amazonaws.com/judy-shelton-15c5dd306b.png"", ""eventSlug"": ""who-will-trump-nominate-as-fed-chair"", ""outcome"": ""Yes"", ""outcomeIndex"": 0, ""name"": ""gazg0lder"", ""pseudonym"": ""Tempting-Haircut"", ""bio"": """", ""profileImage"": ""https://polymarket-upload.s3.us-east-2.amazonaws.com/profile-image-3154666-4ec4af1f-7b64-469d-8472-9db6096a92de.jpg"", ""profileImageOptimized"": """", ""transactionHash"": ""0x3203cf9d0d45b16d51daa460dbd8bde522b1a1e7d602c0339c77336c3aaa5111""}"
1770996687,2026-02-14T01:56:22.810845,0x78775fb121539e236a6b37fa1f0e5db7cada60551fd366f75afcc325c922a74d:1770996687,572473,5031084282167950494806674428243037744881029417420880897305642929037077494331,SELL,0.033,155.84,5.142720000000001,0x78775fb121539e236a6b37fa1f0e5db7cada60551fd366f75afcc325c922a74d,"{""proxyWallet"": ""0xea72a87f98efdc7b6b405c0f73540513109181e4"", ""side"": ""SELL"", ""asset"": ""5031084282167950494806674428243037744881029417420880897305642929037077494331"", ""conditionId"": ""0x46d40e851b24d9b0af4bc1942ccd86439cae82a9011767da14950df0ad997adf"", ""size"": 155.84, ""price"": 0.033, ""timestamp"": 1770996687, ""title"": ""Will Trump nominate Judy Shelton as the next Fed chair?"", ""slug"": ""will-trump-nominate-judy-shelton-as-the-next-fed-chair"", ""icon"": ""https://polymarket-upload.s3.us-east-2.amazonaws.com/judy-shelton-15c5dd306b.png"", ""eventSlug"": ""who-will-trump-nominate-as-fed-chair"", ""outcome"": ""Yes"", ""outcomeIndex"": 0, ""name"": """", ""pseudonym"": """", ""bio"": """", ""profileImage"": """", ""profileImageOptimized"": """", ""transactionHash"": ""0x78775fb121539e236a6b37fa1f0e5db7cada60551fd366f75afcc325c922a74d""}"
1770996685,2026-02-14T01:56:22.810867,0xe6fa3f720499b85fd2ed45d26cf863c5460768c9049d673b0fda2f4377d65883:1770996685,572473,5031084282167950494806674428243037744881029417420880897305642929037077494331,BUY,0.033999997671232865,407.941175,13.869998999999998,0xe6fa3f720499b85fd2ed45d26cf863c5460768c9049d673b0fda2f4377d65883,"{""proxyWallet"": ""0x976aec1fde367e298cbc8e23d8eea442d6ffda19"", ""side"": ""BUY"", ""asset"": ""5031084282167950494806674428243037744881029417420880897305642929037077494331"", ""conditionId"": ""0x46d40e851b24d9b0af4bc1942ccd86439cae82a9011767da14950df0ad997adf"", ""size"": 407.941175, ""price"": 0.033999997671232865, ""timestamp"": 1770996685, ""title"": ""Will Trump nominate Judy Shelton as the next Fed chair?"", ""slug"": ""will-trump-nominate-judy-shelton-as-the-next-fed-chair"", ""icon"": ""https://polymarket-upload.s3.us-east-2.amazonaws.com/judy-shelton-15c5dd306b.png"", ""eventSlug"": ""who-will-trump-nominate-as-fed-chair"", ""outcome"": ""Yes"", ""outcomeIndex"": 0, ""name"": ""dien"", ""pseudonym"": ""Powerful-Grandchild"", ""bio"": """", ""profileImage"": """", ""profileImageOptimized"": """", ""transactionHash"": ""0xe6fa3f720499b85fd2ed45d26cf863c5460768c9049d673b0fda2f4377d65883""}"
1770996381,2026-02-14T01:56:22.810892,0x5699df6294833f41560690217c91aecb6705f6d7aad3f10ab21f6eca05d21089:1770996381,572473,5031084282167950494806674428243037744881029417420880897305642929037077494331,SELL,0.033,45.45,1.4998500000000001,0x5699df6294833f41560690217c91aecb6705f6d7aad3f10ab21f6eca05d21089,"{""proxyWallet"": ""0xe3bec5464af4d1809fc0304e7d41d59aa998f6ea"", ""side"": ""SELL"", ""asset"": ""5031084282167950494806674428243037744881029417420880897305642929037077494331"", ""conditionId"": ""0x46d40e851b24d9b0af4bc1942ccd86439cae82a9011767da14950df0ad997adf"", ""size"": 45.45, ""price"": 0.033, ""timestamp"": 1770996381, ""title"": ""Will Trump nominate Judy Shelton as the next Fed chair?"", ""slug"": ""will-trump-nominate-judy-shelton-as-the-next-fed-chair"", ""icon"": ""https://polymarket-upload.s3.us-east-2.amazonaws.com/judy-shelton-15c5dd306b.png"", ""eventSlug"": ""who-will-trump-nominate-as-fed-chair"", ""outcome"": ""Yes"", ""outcomeIndex"": 0, ""name"": ""woohs"", ""pseudonym"": ""Realistic-Settler"", ""bio"": """", ""profileImage"": ""https://polymarket-upload.s3.us-east-2.amazonaws.com/profile-image-5628867-ec632eac-fbe3-4018-b8a0-e84823c254e9.jpg"", ""profileImageOptimized"": """", ""transactionHash"": ""0x5699df6294833f41560690217c91aecb6705f6d7aad3f10ab21f6eca05d21089""}"
1770996359,2026-02-14T01:56:22.810911,0xeea6ef8df92911b7226b4ede92cf157ff1d4f86bd521b3ade144676f5beb77f1:1770996359,572473,5031084282167950494806674428243037744881029417420880897305642929037077494331,SELL,0.033,1031.84,34.05072,0xeea6ef8df92911b7226b4ede92cf157ff1d4f86bd521b3ade144676f5beb77f1,"{""proxyWallet"": ""0x5a41807b96d83ced98a9709e00717d5b08c79c41"", ""side"": ""SELL"", ""asset"": ""5031084282167950494806674428243037744881029417420880897305642929037077494331"", ""conditionId"": ""0x46d40e851b24d9b0af4bc1942ccd86439cae82a9011767da14950df0ad997adf"", ""size"": 1031.84, ""price"": 0.033, ""timestamp"": 1770996359, ""title"": ""Will Trump nominate Judy Shelton as the next Fed chair?"", ""slug"": ""will-trump-nominate-judy-shelton-as-the-next-fed-chair"", ""icon"": ""https://polymarket-upload.s3.us-east-2.amazonaws.com/judy-shelton-15c5dd306b.png"", ""eventSlug"": ""who-will-trump-nominate-as-fed-chair"", ""outcome"": ""Yes"", ""outcomeIndex"": 0, ""name"": """", ""pseudonym"": """", ""bio"": """", ""profileImage"": """", ""profileImageOptimized"": """", ""transactionHash"": ""0xeea6ef8df92911b7226b4ede92cf157ff1d4f86bd521b3ade144676f5beb77f1""}"
1770996301,2026-02-14T01:56:22.810929,0xc6628b40b1096f90be75f5a0f64f70950d7473fafcc39b925176c3a43d887e38:1770996301,572473,5031084282167950494806674428243037744881029417420880897305642929037077494331,BUY,0.03399999934427575,1433.52941,48.739999000000005,0xc6628b40b1096f90be75f5a0f64f70950d7473fafcc39b925176c3a43d887e38,"{""proxyWallet"": ""0x92513182ebbc2a589ec224eed9faef53d859943c"", ""side"": ""BUY"", ""asset"": ""5031084282167950494806674428243037744881029417420880897305642929037077494331"", ""conditionId"": ""0x46d40e851b24d9b0af4bc1942ccd86439cae82a9011767da14950df0ad997adf"", ""size"": 1433.52941, ""price"": 0.03399999934427575, ""timestamp"": 1770996301, ""title"": ""Will Trump nominate Judy Shelton as the next Fed chair?"", ""slug"": ""will-trump-nominate-judy-shelton-as-the-next-fed-chair"", ""icon"": ""https://polymarket-upload.s3.us-east-2.amazonaws.com/judy-shelton-15c5dd306b.png"", ""eventSlug"": ""who-will-trump-nominate-as-fed-chair"", ""outcome"": ""Yes"", ""outcomeIndex"": 0, ""name"": """", ""pseudonym"": """", ""bio"": """", ""profileImage"": """", ""profileImageOptimized"": """", ""transactionHash"": ""0xc6628b40b1096f90be75f5a0f64f70950d7473fafcc39b925176c3a43d887e38""}"
1770996035,2026-02-14T01:56:22.810952,0x3006ef5e8cb6d2081798be8f84a9e9ffd21f24d14bdf1ff107115ed1eeb609de:1770996035,572473,5031084282167950494806674428243037744881029417420880897305642929037077494331,BUY,0.033999999964147896,26386.176469,897.1299990000001,0x3006ef5e8cb6d2081798be8f84a9e9ffd21f24d14bdf1ff107115ed1eeb609de,"{""proxyWallet"": ""0xf75166b76dbcd88960704af59c5e4300240708f7"", ""side"": ""BUY"", ""asset"": ""5031084282167950494806674428243037744881029417420880897305642929037077494331"", ""conditionId"": ""0x46d40e851b24d9b0af4bc1942ccd86439cae82a9011767da14950df0ad997adf"", ""size"": 26386.176469, ""price"": 0.033999999964147896, ""timestamp"": 1770996035, ""title"": ""Will Trump nominate Judy Shelton as the next Fed chair?"", ""slug"": ""will-trump-nominate-judy-shelton-as-the-next-fed-chair"", ""icon"": ""https://polymarket-upload.s3.us-east-2.amazonaws.com/judy-shelton-15c5dd306b.png"", ""eventSlug"": ""who-will-trump-nominate-as-fed-chair"", ""outcome"": ""Yes"", ""outcomeIndex"": 0, ""name"": ""0xf75166B76dBCd88960704af59C5E4300240708F7-1770688383260"", ""pseudonym"": ""Outgoing-Oversight"", ""bio"": """", ""profileImage"": """", ""profileImageOptimized"": """", ""transactionHash"": ""0x3006ef5e8cb6d2081798be8f84a9e9ffd21f24d14bdf1ff107115ed1eeb609de""}"
1770996031,2026-02-14T01:56:22.810974,0xefef0611df9cd05f2946d913d0ba547645bfa18f4cf8d7e6489b03eba4f9dc85:1770996031,572473,5031084282167950494806674428243037744881029417420880897305642929037077494331,SELL,0.033,6111.41,201.67653,0xefef0611df9cd05f2946d913d0ba547645bfa18f4cf8d7e6489b03eba4f9dc85,"{""proxyWallet"": ""0x98af5de68e4195bde40a5b1242ed11ef1dea3a0d"", ""side"": ""SELL"", ""asset"": ""5031084282167950494806674428243037744881029417420880897305642929037077494331"", ""conditionId"": ""0x46d40e851b24d9b0af4bc1942ccd86439cae82a9011767da14950df0ad997adf"", ""size"": 6111.41, ""price"": 0.033, ""timestamp"": 1770996031, ""title"": ""Will Trump nominate Judy Shelton as the next Fed chair?"", ""slug"": ""will-trump-nominate-judy-shelton-as-the-next-fed-chair"", ""icon"": ""https://polymarket-upload.s3.us-east-2.amazonaws.com/judy-shelton-15c5dd306b.png"", ""eventSlug"": ""who-will-trump-nominate-as-fed-chair"", ""outcome"": ""Yes"", ""outcomeIndex"": 0, ""name"": ""Madjax"", ""pseudonym"": ""Oblong-Cough"", ""bio"": """", ""profileImage"": """", ""profileImageOptimized"": """", ""transactionHash"": ""0xefef0611df9cd05f2946d913d0ba547645bfa18f4cf8d7e6489b03eba4f9dc85""}"
1770995955,2026-02-14T01:56:22.810994,0xdecf717b2cbacf2f768eb39999dd8ea4728146479c6ff77658e57dc98b5fb980:1770995955,572473,5031084282167950494806674428243037744881029417420880897305642929037077494331,SELL,0.033,10000.0,330.0,0xdecf717b2cbacf2f768eb39999dd8ea4728146479c6ff77658e57dc98b5fb980,"{""proxyWallet"": ""0xca6e9879b0a83eb471f974e159f2483c08b546f2"", ""side"": ""SELL"", ""asset"": ""5031084282167950494806674428243037744881029417420880897305642929037077494331"", ""conditionId"": ""0x46d40e851b24d9b0af4bc1942ccd86439cae82a9011767da14950df0ad997adf"", ""size"": 10000, ""price"": 0.033, ""timestamp"": 1770995955, ""title"": ""Will Trump nominate Judy Shelton as the next Fed chair?"", ""slug"": ""will-trump-nominate-judy-shelton-as-the-next-fed-chair"", ""icon"": ""https://polymarket-upload.s3.us-east-2.amazonaws.com/judy-shelton-15c5dd306b.png"", ""eventSlug"": ""who-will-trump-nominate-as-fed-chair"", ""outcome"": ""Yes"", ""outcomeIndex"": 0, ""name"": ""sb911"", ""pseudonym"": ""Willing-Eve"", ""bio"": """", ""profileImage"": """", ""profileImageOptimized"": """", ""transactionHash"": ""0xdecf717b2cbacf2f768eb39999dd8ea4728146479c6ff77658e57dc98b5fb980""}"
1770995949,2026-02-14T01:56:22.811013,0xe1fa042f684f94ef55fe0910cc069d66a808b20abf3fd4b30e3426bf1a1882b4:1770995949,572473,5031084282167950494806674428243037744881029417420880897305642929037077494331,SELL,0.033,5.0,0.165,0xe1fa042f684f94ef55fe0910cc069d66a808b20abf3fd4b30e3426bf1a1882b4,"{""proxyWallet"": ""0x0b01d14b4f91acdf61534543d4a645f142238f47"", ""side"": ""SELL"", ""asset"": ""5031084282167950494806674428243037744881029417420880897305642929037077494331"", ""conditionId"": ""0x46d40e851b24d9b0af4bc1942ccd86439cae82a9011767da14950df0ad997adf"", ""size"": 5, ""price"": 0.033, ""timestamp"": 1770995949, ""title"": ""Will Trump nominate Judy Shelton as the next Fed chair?"", ""slug"": ""will-trump-nominate-judy-shelton-as-the-next-fed-chair"", ""icon"": ""https://polymarket-upload.s3.us-east-2.amazonaws.com/judy-shelton-15c5dd306b.png"", ""eventSlug"": ""who-will-trump-nominate-as-fed-chair"", ""outcome"": ""Yes"", ""outcomeIndex"": 0, ""name"": ""0x0B01d14B4f91ACdf61534543d4a645f142238F47-1766685782640"", ""pseudonym"": ""Radiant-Dahlia"", ""bio"": """", ""profileImage"": """", ""profileImageOptimized"": """", ""transactionHash"": ""0xe1fa042f684f94ef55fe0910cc069d66a808b20abf3fd4b30e3426bf1a1882b4""}"
1770995851,2026-02-14T01:56:22.811036,0x9e8c7c701f3688dd3db9c3a416c7eb816b7c562194b66ac138765648fd8c30ea:1770995851,572473,5031084282167950494806674428243037744881029417420880897305642929037077494331,SELL,0.033,5.0,0.165,0x9e8c7c701f3688dd3db9c3a416c7eb816b7c562194b66ac138765648fd8c30ea,"{""proxyWallet"": ""0x0b01d14b4f91acdf61534543d4a645f142238f47"", ""side"": ""SELL"", ""asset"": ""5031084282167950494806674428243037744881029417420880897305642929037077494331"", ""conditionId"": ""0x46d40e851b24d9b0af4bc1942ccd86439cae82a9011767da14950df0ad997adf"", ""size"": 5, ""price"": 0.033, ""timestamp"": 1770995851, ""title"": ""Will Trump nominate Judy Shelton as the next Fed chair?"", ""slug"": ""will-trump-nominate-judy-shelton-as-the-next-fed-chair"", ""icon"": ""https://polymarket-upload.s3.us-east-2.amazonaws.com/judy-shelton-15c5dd306b.png"", ""eventSlug"": ""who-will-trump-nominate-as-fed-chair"", ""outcome"": ""Yes"", ""outcomeIndex"": 0, ""name"": ""0x0B01d14B4f91ACdf61534543d4a645f142238F47-1766685782640"", ""pseudonym"": ""Radiant-Dahlia"", ""bio"": """", ""profileImage"": """", ""profileImageOptimized"": """", ""transactionHash"": ""0x9e8c7c701f3688dd3db9c3a416c7eb816b7c562194b66ac138765648fd8c30ea""}"
1770995841,2026-02-14T01:56:22.811062,0x839ac94b912f45c5cbf8f27ea04ef34ffe18c53ac6c36b3a86278ac0d81d937d:1770995841,572473,5031084282167950494806674428243037744881029417420880897305642929037077494331,BUY,0.0339999983722672,581.176469,19.759998999999997,0x839ac94b912f45c5cbf8f27ea04ef34ffe18c53ac6c36b3a86278ac0d81d937d,"{""proxyWallet"": ""0x2a1a38faacadfecc0e21bf913b36ae9ccf54f3cd"", ""side"": ""BUY"", ""asset"": ""5031084282167950494806674428243037744881029417420880897305642929037077494331"", ""conditionId"": ""0x46d40e851b24d9b0af4bc1942ccd86439cae82a9011767da14950df0ad997adf"", ""size"": 581.176469, ""price"": 0.0339999983722672, ""timestamp"": 1770995841, ""title"": ""Will Trump nominate Judy Shelton as the next Fed chair?"", ""slug"": ""will-trump-nominate-judy-shelton-as-the-next-fed-chair"", ""icon"": ""https://polymarket-upload.s3.us-east-2.amazonaws.com/judy-shelton-15c5dd306b.png"", ""eventSlug"": ""who-will-trump-nominate-as-fed-chair"", ""outcome"": ""Yes"", ""outcomeIndex"": 0, ""name"": ""takkos"", ""pseudonym"": ""Unfolded-Anxiety"", ""bio"": """", ""profileImage"": """", ""profileImageOptimized"": """", ""transactionHash"": ""0x839ac94b912f45c5cbf8f27ea04ef34ffe18c53ac6c36b3a86278ac0d81d937d""}"
1770995817,2026-02-14T01:56:22.811085,0x012a6147ec30317ce795fa90319d6673d6ff7f113b3a97bc32564577c7170e14:1770995817,572473,5031084282167950494806674428243037744881029417420880897305642929037077494331,BUY,0.03399999639599998,264.705881,8.999998999999999,0x012a6147ec30317ce795fa90319d6673d6ff7f113b3a97bc32564577c7170e14,"{""proxyWallet"": ""0x0ccb93eb17ae8d019f96162be6a3152308560a55"", ""side"": ""BUY"", ""asset"": ""5031084282167950494806674428243037744881029417420880897305642929037077494331"", ""conditionId"": ""0x46d40e851b24d9b0af4bc1942ccd86439cae82a9011767da14950df0ad997adf"", ""size"": 264.705881, ""price"": 0.03399999639599998, ""timestamp"": 1770995817, ""title"": ""Will Trump nominate Judy Shelton as the next Fed chair?"", ""slug"": ""will-trump-nominate-judy-shelton-as-the-next-fed-chair"", ""icon"": ""https://polymarket-upload.s3.us-east-2.amazonaws.com/judy-shelton-15c5dd306b.png"", ""eventSlug"": ""who-will-trump-nominate-as-fed-chair"", ""outcome"": ""Yes"", ""outcomeIndex"": 0, ""name"": ""TomTomD"", ""pseudonym"": ""Indolent-Evocation"", ""bio"": """", ""profileImage"": """", ""profileImageOptimized"": """", ""transactionHash"": ""0x012a6147ec30317ce795fa90319d6673d6ff7f113b3a97bc32564577c7170e14""}"
1770995811,2026-02-14T01:56:22.811105,0xab51f5f12e5da55f8dbb58336ebaf182230fb55fab1d33020d331433b9a184d7:1770995811,572473,5031084282167950494806674428243037744881029417420880897305642929037077494331,BUY,0.03400000000266093,3006.470588,102.22000000000001,0xab51f5f12e5da55f8dbb58336ebaf182230fb55fab1d33020d331433b9a184d7,"{""proxyWallet"": ""0x47fa5a75d3e82f11c8bef2939970bd0bd39930eb"", ""side"": ""BUY"", ""asset"": ""5031084282167950494806674428243037744881029417420880897305642929037077494331"", ""conditionId"": ""0x46d40e851b24d9b0af4bc1942ccd86439cae82a9011767da14950df0ad997adf"", ""size"": 3006.470588, ""price"": 0.03400000000266093, ""timestamp"": 1770995811, ""title"": ""Will Trump nominate Judy Shelton as the next Fed chair?"", ""slug"": ""will-trump-nominate-judy-shelton-as-the-next-fed-chair"", ""icon"": ""https://polymarket-upload.s3.us-east-2.amazonaws.com/judy-shelton-15c5dd306b.png"", ""eventSlug"": ""who-will-trump-nominate-as-fed-chair"", ""outcome"": ""Yes"", ""outcomeIndex"": 0, ""name"": ""0x47fA5a75d3e82f11C8BeF2939970bD0bD39930Eb-1770992600004"", ""pseudonym"": ""Jaded-Snob"", ""bio"": """", ""profileImage"": """", ""profileImageOptimized"": """", ""transactionHash"": ""0xab51f5f12e5da55f8dbb58336ebaf182230fb55fab1d33020d331433b9a184d7""}"
1770995331,2026-02-14T01:56:22.811133,0xac74650c963e2679255b1123c770a837837f279173c7e1a40d5e58761bb86f83:1770995331,572473,5031084282167950494806674428243037744881029417420880897305642929037077494331,SELL,0.033,27.02,0.89166,0xac74650c963e2679255b1123c770a837837f279173c7e1a40d5e58761bb86f83,"{""proxyWallet"": ""0x912d8468a87eda0a4dd42378998166fc351c7633"", ""side"": ""SELL"", ""asset"": ""5031084282167950494806674428243037744881029417420880897305642929037077494331"", ""conditionId"": ""0x46d40e851b24d9b0af4bc1942ccd86439cae82a9011767da14950df0ad997adf"", ""size"": 27.02, ""price"": 0.033, ""timestamp"": 1770995331, ""title"": ""Will Trump nominate Judy Shelton as the next Fed chair?"", ""slug"": ""will-trump-nominate-judy-shelton-as-the-next-fed-chair"", ""icon"": ""https://polymarket-upload.s3.us-east-2.amazonaws.com/judy-shelton-15c5dd306b.png"", ""eventSlug"": ""who-will-trump-nominate-as-fed-chair"", ""outcome"": ""Yes"", ""outcomeIndex"": 0, ""name"": ""cat1005"", ""pseudonym"": ""Occasional-Mortality"", ""bio"": """", ""profileImage"": ""https://polymarket-upload.s3.us-east-2.amazonaws.com/profile-image-3632175-aef522ae-bf24-44da-888a-db9fb3ccac76.jpg"", ""profileImageOptimized"": """", ""transactionHash"": ""0xac74650c963e2679255b1123c770a837837f279173c7e1a40d5e58761bb86f83""}"
1770995171,2026-02-14T01:56:22.811154,0xdffe29df9c679c13e66b945a2c7afade95b1fbdce6df9a52e2877bf7a90baa49:1770995171,572473,5031084282167950494806674428243037744881029417420880897305642929037077494331,BUY,0.03399996797199814,29.411763,0.999999,0xdffe29df9c679c13e66b945a2c7afade95b1fbdce6df9a52e2877bf7a90baa49,"{""proxyWallet"": ""0x3aac27b1b9caff1da969af540e7eafd0187fde76"", ""side"": ""BUY"", ""asset"": ""5031084282167950494806674428243037744881029417420880897305642929037077494331"", ""conditionId"": ""0x46d40e851b24d9b0af4bc1942ccd86439cae82a9011767da14950df0ad997adf"", ""size"": 29.411763, ""price"": 0.03399996797199814, ""timestamp"": 1770995171, ""title"": ""Will Trump nominate Judy Shelton as the next Fed chair?"", ""slug"": ""will-trump-nominate-judy-shelton-as-the-next-fed-chair"", ""icon"": ""https://polymarket-upload.s3.us-east-2.amazonaws.com/judy-shelton-15c5dd306b.png"", ""eventSlug"": ""who-will-trump-nominate-as-fed-chair"", ""outcome"": ""Yes"", ""outcomeIndex"": 0, ""name"": ""0x3AAc27B1B9cAFF1da969af540e7EaFD0187fdE76-1770885717126"", ""pseudonym"": ""Low-Candy"", ""bio"": """", ""profileImage"": """", ""profileImageOptimized"": """", ""transactionHash"": ""0xdffe29df9c679c13e66b945a2c7afade95b1fbdce6df9a52e2877bf7a90baa49""}"
1770995027,2026-02-14T01:56:22.811177,0xd008d60d825a45a9804d655fe0b55ad77992f05cef27e2200f9ce9795c2c0d3a:1770995027,572473,5031084282167950494806674428243037744881029417420880897305642929037077494331,BUY,0.03399996797199814,29.411763,0.999999,0xd008d60d825a45a9804d655fe0b55ad77992f05cef27e2200f9ce9795c2c0d3a,"{""proxyWallet"": ""0x9ad8ce2f7789525d24d4419c97cd12d3ec414340"", ""side"": ""BUY"", ""asset"": ""5031084282167950494806674428243037744881029417420880897305642929037077494331"", ""conditionId"": ""0x46d40e851b24d9b0af4bc1942ccd86439cae82a9011767da14950df0ad997adf"", ""size"": 29.411763, ""price"": 0.03399996797199814, ""timestamp"": 1770995027, ""title"": ""Will Trump nominate Judy Shelton as the next Fed chair?"", ""slug"": ""will-trump-nominate-judy-shelton-as-the-next-fed-chair"", ""icon"": ""https://polymarket-upload.s3.us-east-2.amazonaws.com/judy-shelton-15c5dd306b.png"", ""eventSlug"": ""who-will-trump-nominate-as-fed-chair"", ""outcome"": ""Yes"", ""outcomeIndex"": 0, ""name"": """", ""pseudonym"": """", ""bio"": """", ""profileImage"": """", ""profileImageOptimized"": """", ""transactionHash"": ""0xd008d60d825a45a9804d655fe0b55ad77992f05cef27e2200f9ce9795c2c0d3a""}"
1770994725,2026-02-14T01:56:22.811200,0x249d725353424c09ffc2e9a852b93c7d123511a5f628b178166dd5ec997a6e68:1770994725,572473,5031084282167950494806674428243037744881029417420880897305642929037077494331,BUY,0.034,763.54,25.96036,0x249d725353424c09ffc2e9a852b93c7d123511a5f628b178166dd5ec997a6e68,"{""proxyWallet"": ""0x31cd3a39d4ffafb282f2617d81e28676170647e5"", ""side"": ""BUY"", ""asset"": ""5031084282167950494806674428243037744881029417420880897305642929037077494331"", ""conditionId"": ""0x46d40e851b24d9b0af4bc1942ccd86439cae82a9011767da14950df0ad997adf"", ""size"": 763.54, ""price"": 0.034, ""timestamp"": 1770994725, ""title"": ""Will Trump nominate Judy Shelton as the next Fed chair?"", ""slug"": ""will-trump-nominate-judy-shelton-as-the-next-fed-chair"", ""icon"": ""https://polymarket-upload.s3.us-east-2.amazonaws.com/judy-shelton-15c5dd306b.png"", ""eventSlug"": ""who-will-trump-nominate-as-fed-chair"", ""outcome"": ""Yes"", ""outcomeIndex"": 0, ""name"": ""TheNobody1322"", ""pseudonym"": ""Dimpled-Chicken"", ""bio"": """", ""profileImage"": """", ""profileImageOptimized"": """", ""transactionHash"": ""0x249d725353424c09ffc2e9a852b93c7d123511a5f628b178166dd5ec997a6e68""}"
1770994673,2026-02-14T01:56:22.811218,0x1bb458141b42dfea8478b5202a1c8f1cb238fbbc370825c8a51a93930f699ddd:1770994673,572473,5031084282167950494806674428243037744881029417420880897305642929037077494331,SELL,0.033,2358.39,77.82687,0x1bb458141b42dfea8478b5202a1c8f1cb238fbbc370825c8a51a93930f699ddd,"{""proxyWallet"": ""0x4ffe79d49aa9ba5367db57c3985d43d0afb6783f"", ""side"": ""SELL"", ""asset"": ""5031084282167950494806674428243037744881029417420880897305642929037077494331"", ""conditionId"": ""0x46d40e851b24d9b0af4bc1942ccd86439cae82a9011767da14950df0ad997adf"", ""size"": 2358.39, ""price"": 0.033, ""timestamp"": 1770994673, ""title"": ""Will Trump nominate Judy Shelton as the next Fed chair?"", ""slug"": ""will-trump-nominate-judy-shelton-as-the-next-fed-chair"", ""icon"": ""https://polymarket-upload.s3.us-east-2.amazonaws.com/judy-shelton-15c5dd306b.png"", ""eventSlug"": ""who-will-trump-nominate-as-fed-chair"", ""outcome"": ""Yes"", ""outcomeIndex"": 0, ""name"": ""rhadamanthe91"", ""pseudonym"": ""Uneven-Scarecrow"", ""bio"": """", ""profileImage"": """", ""profileImageOptimized"": """", ""transactionHash"": ""0x1bb458141b42dfea8478b5202a1c8f1cb238fbbc370825c8a51a93930f699ddd""}"
1770994191,2026-02-14T01:56:22.811252,0x44e1f27b9fe608ba3ba8350653dc3e547c0cd856f97773a7d64a5c596d52988f:1770994191,572473,5031084282167950494806674428243037744881029417420880897305642929037077494331,SELL,0.034148313488959935,3196.54,109.15644999999999,0x44e1f27b9fe608ba3ba8350653dc3e547c0cd856f97773a7d64a5c596d52988f,"{""proxyWallet"": ""0x7a5db03963fff8d6bdf6e0fdd6fa98937e9c9df3"", ""side"": ""SELL"", ""asset"": ""5031084282167950494806674428243037744881029417420880897305642929037077494331"", ""conditionId"": ""0x46d40e851b24d9b0af4bc1942ccd86439cae82a9011767da14950df0ad997adf"", ""size"": 3196.54, ""price"": 0.034148313488959935, ""timestamp"": 1770994191, ""title"": ""Will Trump nominate Judy Shelton as the next Fed chair?"", ""slug"": ""will-trump-nominate-judy-shelton-as-the-next-fed-chair"", ""icon"": ""https://polymarket-upload.s3.us-east-2.amazonaws.com/judy-shelton-15c5dd306b.png"", ""eventSlug"": ""who-will-trump-nominate-as-fed-chair"", ""outcome"": ""Yes"", ""outcomeIndex"": 0, ""name"": ""Alxn-lr"", ""pseudonym"": ""Unfit-Scow"", ""bio"": """", ""profileImage"": """", ""profileImageOptimized"": """", ""transactionHash"": ""0x44e1f27b9fe608ba3ba8350653dc3e547c0cd856f97773a7d64a5c596d52988f""}"
1770994101,2026-02-14T01:56:22.811272,0x65255aea7b8b232d77fdf188c956d32cc645f3cd58acc8413f4ad5ed301ed59a:1770994101,572473,5031084282167950494806674428243037744881029417420880897305642929037077494331,BUY,0.03554991368850542,112517.854053,4000.0,0x65255aea7b8b232d77fdf188c956d32cc645f3cd58acc8413f4ad5ed301ed59a,"{""proxyWallet"": ""0xf58ebea972346ddcbead4f5732753d94172c8ee4"", ""side"": ""BUY"", ""asset"": ""5031084282167950494806674428243037744881029417420880897305642929037077494331"", ""conditionId"": ""0x46d40e851b24d9b0af4bc1942ccd86439cae82a9011767da14950df0ad997adf"", ""size"": 112517.854053, ""price"": 0.03554991368850542, ""timestamp"": 1770994101, ""title"": ""Will Trump nominate Judy Shelton as the next Fed chair?"", ""slug"": ""will-trump-nominate-judy-shelton-as-the-next-fed-chair"", ""icon"": ""https://polymarket-upload.s3.us-east-2.amazonaws.com/judy-shelton-15c5dd306b.png"", ""eventSlug"": ""who-will-trump-nominate-as-fed-chair"", ""outcome"": ""Yes"", ""outcomeIndex"": 0, ""name"": ""pudgyamateur"", ""pseudonym"": ""Primary-Shipper"", ""bio"": """", ""profileImage"": """", ""profileImageOptimized"": """", ""transactionHash"": ""0x65255aea7b8b232d77fdf188c956d32cc645f3cd58acc8413f4ad5ed301ed59a""}"
1770993801,2026-02-14T01:56:22.811292,0x45b3344503f26219774abc20421970d3e04d8338d26aeb75696986c5eb247693:1770993801,572473,5031084282167950494806674428243037744881029417420880897305642929037077494331,BUY,0.03500000001898305,2107.142856,73.74999999999999,0x45b3344503f26219774abc20421970d3e04d8338d26aeb75696986c5eb247693,"{""proxyWallet"": ""0x9e97d59a2f1150780cc463e057d6d4c8fdbcdab1"", ""side"": ""BUY"", ""asset"": ""5031084282167950494806674428243037744881029417420880897305642929037077494331"", ""conditionId"": ""0x46d40e851b24d9b0af4bc1942ccd86439cae82a9011767da14950df0ad997adf"", ""size"": 2107.142856, ""price"": 0.03500000001898305, ""timestamp"": 1770993801, ""title"": ""Will Trump nominate Judy Shelton as the next Fed chair?"", ""slug"": ""will-trump-nominate-judy-shelton-as-the-next-fed-chair"", ""icon"": ""https://polymarket-upload.s3.us-east-2.amazonaws.com/judy-shelton-15c5dd306b.png"", ""eventSlug"": ""who-will-trump-nominate-as-fed-chair"", ""outcome"": ""Yes"", ""outcomeIndex"": 0, ""name"": ""0x9E97d59a2f1150780Cc463e057d6D4c8fDBCdab1-1769703345986"", ""pseudonym"": ""Trustworthy-Greatness"", ""bio"": """", ""profileImage"": """", ""profileImageOptimized"": """", ""transactionHash"": ""0x45b3344503f26219774abc20421970d3e04d8338d26aeb75696986c5eb247693""}"
1770993763,2026-02-14T01:56:22.811312,0x7f9169ddb47a19c4fb5f1ed9f277a47496bb88de75c50c15aa8a29c8ca661f59:1770993763,572473,5031084282167950494806674428243037744881029417420880897305642929037077494331,SELL,0.034,2120.0,72.08,0x7f9169ddb47a19c4fb5f1ed9f277a47496bb88de75c50c15aa8a29c8ca661f59,"{""proxyWallet"": ""0xc841bd50fa0ffd57caee708f9e114bf9dd66f297"", ""side"": ""SELL"", ""asset"": ""5031084282167950494806674428243037744881029417420880897305642929037077494331"", ""conditionId"": ""0x46d40e851b24d9b0af4bc1942ccd86439cae82a9011767da14950df0ad997adf"", ""size"": 2120, ""price"": 0.034, ""timestamp"": 1770993763, ""title"": ""Will Trump nominate Judy Shelton as the next Fed chair?"", ""slug"": ""will-trump-nominate-judy-shelton-as-the-next-fed-chair"", ""icon"": ""https://polymarket-upload.s3.us-east-2.amazonaws.com/judy-shelton-15c5dd306b.png"", ""eventSlug"": ""who-will-trump-nominate-as-fed-chair"", ""outcome"": ""Yes"", ""outcomeIndex"": 0, ""name"": ""runodejaneiro"", ""pseudonym"": ""Fast-Professor"", ""bio"": """", ""profileImage"": """", ""profileImageOptimized"": """", ""transactionHash"": ""0x7f9169ddb47a19c4fb5f1ed9f277a47496bb88de75c50c15aa8a29c8ca661f59""}"
1770993455,2026-02-14T01:56:22.811339,0x6a81fb10ca72deab64d2e66915df4d2b4227e696930023272f514efea15e2693:1770993455,572473,5031084282167950494806674428243037744881029417420880897305642929037077494331,BUY,0.034,5500.0,187.0,0x6a81fb10ca72deab64d2e66915df4d2b4227e696930023272f514efea15e2693,"{""proxyWallet"": ""0xaf74e9eb725b9104413e3ab95ceb6dd2fae4dbdf"", ""side"": ""BUY"", ""asset"": ""5031084282167950494806674428243037744881029417420880897305642929037077494331"", ""conditionId"": ""0x46d40e851b24d9b0af4bc1942ccd86439cae82a9011767da14950df0ad997adf"", ""size"": 5500, ""price"": 0.034, ""timestamp"": 1770993455, ""title"": ""Will Trump nominate Judy Shelton as the next Fed chair?"", ""slug"": ""will-trump-nominate-judy-shelton-as-the-next-fed-chair"", ""icon"": ""https://polymarket-upload.s3.us-east-2.amazonaws.com/judy-shelton-15c5dd306b.png"", ""eventSlug"": ""who-will-trump-nominate-as-fed-chair"", ""outcome"": ""Yes"", ""outcomeIndex"": 0, ""name"": ""0xaF74E9eb725B9104413E3aB95CEB6Dd2faE4dbDf-1769872120215"", ""pseudonym"": ""Warm-Bronchitis"", ""bio"": """", ""profileImage"": """", ""profileImageOptimized"": """", ""transactionHash"": ""0x6a81fb10ca72deab64d2e66915df4d2b4227e696930023272f514efea15e2693""}"
1770992707,2026-02-14T01:56:23.563138,0xb5bd3b4bab6a73724d381e9fb1c303ae56d818cea17a77e1f53aca0d2499900f:1770992707,572473,5031084282167950494806674428243037744881029417420880897305642929037077494331,BUY,0.034,1025.0,34.85,0xb5bd3b4bab6a73724d381e9fb1c303ae56d818cea17a77e1f53aca0d2499900f,"{""proxyWallet"": ""0xf6c0455b881b9056502a1148fc31cd28bccd722e"", ""side"": ""BUY"", ""asset"": ""5031084282167950494806674428243037744881029417420880897305642929037077494331"", ""conditionId"": ""0x46d40e851b24d9b0af4bc1942ccd86439cae82a9011767da14950df0ad997adf"", ""size"": 1025, ""price"": 0.034, ""timestamp"": 1770992707, ""title"": ""Will Trump nominate Judy Shelton as the next Fed chair?"", ""slug"": ""will-trump-nominate-judy-shelton-as-the-next-fed-chair"", ""icon"": ""https://polymarket-upload.s3.us-east-2.amazonaws.com/judy-shelton-15c5dd306b.png"", ""eventSlug"": ""who-will-trump-nominate-as-fed-chair"", ""outcome"": ""Yes"", ""outcomeIndex"": 0, ""name"": ""210213k120-jr210j12t563h11"", ""pseudonym"": """", ""bio"": """", ""profileImage"": """", ""profileImageOptimized"": """", ""transactionHash"": ""0xb5bd3b4bab6a73724d381e9fb1c303ae56d818cea17a77e1f53aca0d2499900f""}"
1770992195,2026-02-14T01:56:23.563254,0xa2be679b375db06a9431540b5da0dc8e1b92a0e2170648fd76ad030b75b13280:1770992195,572473,5031084282167950494806674428243037744881029417420880897305642929037077494331,BUY,0.0339999977537396,424.705881,14.439998999999998,0xa2be679b375db06a9431540b5da0dc8e1b92a0e2170648fd76ad030b75b13280,"{""proxyWallet"": ""0x2e4df2c5851574106d525877d70d10dc9d2dd89b"", ""side"": ""BUY"", ""asset"": ""5031084282167950494806674428243037744881029417420880897305642929037077494331"", ""conditionId"": ""0x46d40e851b24d9b0af4bc1942ccd86439cae82a9011767da14950df0ad997adf"", ""size"": 424.705881, ""price"": 0.0339999977537396, ""timestamp"": 1770992195, ""title"": ""Will Trump nominate Judy Shelton as the next Fed chair?"", ""slug"": ""will-trump-nominate-judy-shelton-as-the-next-fed-chair"", ""icon"": ""https://polymarket-upload.s3.us-east-2.amazonaws.com/judy-shelton-15c5dd306b.png"", ""eventSlug"": ""who-will-trump-nominate-as-fed-chair"", ""outcome"": ""Yes"", ""outcomeIndex"": 0, ""name"": ""0x2E4df2c5851574106D525877D70d10Dc9d2Dd89b-1768406353884"", ""pseudonym"": ""Steep-Incubation"", ""bio"": """", ""profileImage"": """", ""profileImageOptimized"": """", ""transactionHash"": ""0xa2be679b375db06a9431540b5da0dc8e1b92a0e2170648fd76ad030b75b13280""}"
1770992175,2026-02-14T01:56:23.563301,0x77f3df51b7c57c38c49e7649d42a7fe62c30209626fdad4926bf36c1d19c9100:1770992175,572473,5031084282167950494806674428243037744881029417420880897305642929037077494331,BUY,0.034,11765.0,400.01000000000005,0x77f3df51b7c57c38c49e7649d42a7fe62c30209626fdad4926bf36c1d19c9100,"{""proxyWallet"": ""0x22c29d09e1b81978aff4e2e7a6dc6455e43085a2"", ""side"": ""BUY"", ""asset"": ""5031084282167950494806674428243037744881029417420880897305642929037077494331"", ""conditionId"": ""0x46d40e851b24d9b0af4bc1942ccd86439cae82a9011767da14950df0ad997adf"", ""size"": 11765, ""price"": 0.034, ""timestamp"": 1770992175, ""title"": ""Will Trump nominate Judy Shelton as the next Fed chair?"", ""slug"": ""will-trump-nominate-judy-shelton-as-the-next-fed-chair"", ""icon"": ""https://polymarket-upload.s3.us-east-2.amazonaws.com/judy-shelton-15c5dd306b.png"", ""eventSlug"": ""who-will-trump-nominate-as-fed-chair"", ""outcome"": ""Yes"", ""outcomeIndex"": 0, ""name"": ""lakerdistrict"", ""pseudonym"": ""Direct-Alley"", ""bio"": """", ""profileImage"": """", ""profileImageOptimized"": """", ""transactionHash"": ""0x77f3df51b7c57c38c49e7649d42a7fe62c30209626fdad4926bf36c1d19c9100""}"
1770992139,2026-02-14T01:56:23.563335,0xba86791a6630b221d05de1b5967ca8edf092b65773c6d6163dbea74b9434958b:1770992139,572473,5031084282167950494806674428243037744881029417420880897305642929037077494331,BUY,0.033,18.3,0.6039000000000001,0xba86791a6630b221d05de1b5967ca8edf092b65773c6d6163dbea74b9434958b,"{""proxyWallet"": ""0x31cd3a39d4ffafb282f2617d81e28676170647e5"", ""side"": ""BUY"", ""asset"": ""5031084282167950494806674428243037744881029417420880897305642929037077494331"", ""conditionId"": ""0x46d40e851b24d9b0af4bc1942ccd86439cae82a9011767da14950df0ad997adf"", ""size"": 18.3, ""price"": 0.033, ""timestamp"": 1770992139, ""title"": ""Will Trump nominate Judy Shelton as the next Fed chair?"", ""slug"": ""will-trump-nominate-judy-shelton-as-the-next-fed-chair"", ""icon"": ""https://polymarket-upload.s3.us-east-2.amazonaws.com/judy-shelton-15c5dd306b.png"", ""eventSlug"": ""who-will-trump-nominate-as-fed-chair"", ""outcome"": ""Yes"", ""outcomeIndex"": 0, ""name"": ""TheNobody1322"", ""pseudonym"": ""Dimpled-Chicken"", ""bio"": """", ""profileImage"": """", ""profileImageOptimized"": """", ""transactionHash"": ""0xba86791a6630b221d05de1b5967ca8edf092b65773c6d6163dbea74b9434958b""}"
1770992099,2026-02-14T01:56:23.563371,0x348926781feacaea11fa9ba285daf1b6809892eef4dcbf464d20378beb7a947c:1770992099,572473,5031084282167950494806674428243037744881029417420880897305642929037077494331,SELL,0.032,38.82,1.24224,0x348926781feacaea11fa9ba285daf1b6809892eef4dcbf464d20378beb7a947c,"{""proxyWallet"": ""0xf6b6b4fc1db08536f6c8e70e93828f1d26d96763"", ""side"": ""SELL"", ""asset"": ""5031084282167950494806674428243037744881029417420880897305642929037077494331"", ""conditionId"": ""0x46d40e851b24d9b0af4bc1942ccd86439cae82a9011767da14950df0ad997adf"", ""size"": 38.82, ""price"": 0.032, ""timestamp"": 1770992099, ""title"": ""Will Trump nominate Judy Shelton as the next Fed chair?"", ""slug"": ""will-trump-nominate-judy-shelton-as-the-next-fed-chair"", ""icon"": ""https://polymarket-upload.s3.us-east-2.amazonaws.com/judy-shelton-15c5dd306b.png"", ""eventSlug"": ""who-will-trump-nominate-as-fed-chair"", ""outcome"": ""Yes"", ""outcomeIndex"": 0, ""name"": """", ""pseudonym"": """", ""bio"": """", ""profileImage"": """", ""profileImageOptimized"": """", ""transactionHash"": ""0x348926781feacaea11fa9ba285daf1b6809892eef4dcbf464d20378beb7a947c""}"
1770992095,2026-02-14T01:56:23.563404,0xc3a0589f8862fd2e2c7a7e7a397f72bde6823c94d2aca9dad986477b023e4d35:1770992095,572473,5031084282167950494806674428243037744881029417420880897305642929037077494331,BUY,0.03395726479583734,2944.87794,99.99999999999999,0xc3a0589f8862fd2e2c7a7e7a397f72bde6823c94d2aca9dad986477b023e4d35,"{""proxyWallet"": ""0x2c2a4a44215d4af4a52528a4ecda04a274bc6b99"", ""side"": ""BUY"", ""asset"": ""5031084282167950494806674428243037744881029417420880897305642929037077494331"", ""conditionId"": ""0x46d40e851b24d9b0af4bc1942ccd86439cae82a9011767da14950df0ad997adf"", ""size"": 2944.87794, ""price"": 0.03395726479583734, ""timestamp"": 1770992095, ""title"": ""Will Trump nominate Judy Shelton as the next Fed chair?"", ""slug"": ""will-trump-nominate-judy-shelton-as-the-next-fed-chair"", ""icon"": ""https://polymarket-upload.s3.us-east-2.amazonaws.com/judy-shelton-15c5dd306b.png"", ""eventSlug"": ""who-will-trump-nominate-as-fed-chair"", ""outcome"": ""Yes"", ""outcomeIndex"": 0, ""name"": ""0x2c2A4a44215d4Af4a52528A4ecda04A274BC6b99-1770748202579"", ""pseudonym"": ""Anchored-Probation"", ""bio"": """", ""profileImage"": """", ""profileImageOptimized"": """", ""transactionHash"": ""0xc3a0589f8862fd2e2c7a7e7a397f72bde6823c94d2aca9dad986477b023e4d35""}"
1770992073,2026-02-14T01:56:23.563459,0x77ca97797f7d8590575da362cf16be565169004a7e1cafa2648da51f437c6577:1770992073,572473,5031084282167950494806674428243037744881029417420880897305642929037077494331,BUY,0.03333965447631916,2999.431175,99.999999,0x77ca97797f7d8590575da362cf16be565169004a7e1cafa2648da51f437c6577,"{""proxyWallet"": ""0xec89dc308574f4e39574ca9a17119e99b3943677"", ""side"": ""BUY"", ""asset"": ""5031084282167950494806674428243037744881029417420880897305642929037077494331"", ""conditionId"": ""0x46d40e851b24d9b0af4bc1942ccd86439cae82a9011767da14950df0ad997adf"", ""size"": 2999.431175, ""price"": 0.03333965447631916, ""timestamp"": 1770992073, ""title"": ""Will Trump nominate Judy Shelton as the next Fed chair?"", ""slug"": ""will-trump-nominate-judy-shelton-as-the-next-fed-chair"", ""icon"": ""https://polymarket-upload.s3.us-east-2.amazonaws.com/judy-shelton-15c5dd306b.png"", ""eventSlug"": ""who-will-trump-nominate-as-fed-chair"", ""outcome"": ""Yes"", ""outcomeIndex"": 0, ""name"": ""Baptiste-"", ""pseudonym"": ""Guilty-Argument"", ""bio"": """", ""profileImage"": """", ""profileImageOptimized"": """", ""transactionHash"": ""0x77ca97797f7d8590575da362cf16be565169004a7e1cafa2648da51f437c6577""}"
1770992043,2026-02-14T01:56:23.563495,0xa06e08723b62d0bdc011729031f965f51918971617159b8b21552bd4cf549c33:1770992043,572473,5031084282167950494806674428243037744881029417420880897305642929037077494331,BUY,0.03299999971566736,3330.606059,109.909999,0xa06e08723b62d0bdc011729031f965f51918971617159b8b21552bd4cf549c33,"{""proxyWallet"": ""0x92dcf851eba53bc192cbc659e28c2ce9bb665503"", ""side"": ""BUY"", ""asset"": ""5031084282167950494806674428243037744881029417420880897305642929037077494331"", ""conditionId"": ""0x46d40e851b24d9b0af4bc1942ccd86439cae82a9011767da14950df0ad997adf"", ""size"": 3330.606059, ""price"": 0.03299999971566736, ""timestamp"": 1770992043, ""title"": ""Will Trump nominate Judy Shelton as the next Fed chair?"", ""slug"": ""will-trump-nominate-judy-shelton-as-the-next-fed-chair"", ""icon"": ""https://polymarket-upload.s3.us-east-2.amazonaws.com/judy-shelton-15c5dd306b.png"", ""eventSlug"": ""who-will-trump-nominate-as-fed-chair"", ""outcome"": ""Yes"", ""outcomeIndex"": 0, ""name"": ""0x92Dcf851EbA53Bc192CBC659e28C2CE9BB665503-1770991727368"", ""pseudonym"": ""Frugal-Custody"", ""bio"": """", ""profileImage"": """", ""profileImageOptimized"": """", ""transactionHash"": ""0xa06e08723b62d0bdc011729031f965f51918971617159b8b21552bd4cf549c33""}"
1770992017,2026-02-14T01:56:23.563529,0x0df7f5e6b354ece228353d7df04588a44f1ded8f5a306cd6fab0a694d2f71b79:1770992017,572473,5031084282167950494806674428243037744881029417420880897305642929037077494331,SELL,0.032,381.26,12.20032,0x0df7f5e6b354ece228353d7df04588a44f1ded8f5a306cd6fab0a694d2f71b79,"{""proxyWallet"": ""0x65989258b3e0ea9c2e5f8f5450d1135bc81d0b0b"", ""side"": ""SELL"", ""asset"": ""5031084282167950494806674428243037744881029417420880897305642929037077494331"", ""conditionId"": ""0x46d40e851b24d9b0af4bc1942ccd86439cae82a9011767da14950df0ad997adf"", ""size"": 381.26, ""price"": 0.032, ""timestamp"": 1770992017, ""title"": ""Will Trump nominate Judy Shelton as the next Fed chair?"", ""slug"": ""will-trump-nominate-judy-shelton-as-the-next-fed-chair"", ""icon"": ""https://polymarket-upload.s3.us-east-2.amazonaws.com/judy-shelton-15c5dd306b.png"", ""eventSlug"": ""who-will-trump-nominate-as-fed-chair"", ""outcome"": ""Yes"", ""outcomeIndex"": 0, ""name"": ""tomomatsumoto"", ""pseudonym"": ""Interesting-Evaluator"", ""bio"": """", ""profileImage"": """", ""profileImageOptimized"": """", ""transactionHash"": ""0x0df7f5e6b354ece228353d7df04588a44f1ded8f5a306cd6fab0a694d2f71b79""}"
1770991945,2026-02-14T01:56:23.563565,0xbf1a78a74ac9346cce935cc1007ea4c701e9bd3dff6c3a2290740139ad0f1ab0:1770991945,572473,5031084282167950494806674428243037744881029417420880897305642929037077494331,BUY,0.03299999961385173,2423.939392,79.989999,0xbf1a78a74ac9346cce935cc1007ea4c701e9bd3dff6c3a2290740139ad0f1ab0,"{""proxyWallet"": ""0x22c29d09e1b81978aff4e2e7a6dc6455e43085a2"", ""side"": ""BUY"", ""asset"": ""5031084282167950494806674428243037744881029417420880897305642929037077494331"", ""conditionId"": ""0x46d40e851b24d9b0af4bc1942ccd86439cae82a9011767da14950df0ad997adf"", ""size"": 2423.939392, ""price"": 0.03299999961385173, ""timestamp"": 1770991945, ""title"": ""Will Trump nominate Judy Shelton as the next Fed chair?"", ""slug"": ""will-trump-nominate-judy-shelton-as-the-next-fed-chair"", ""icon"": ""https://polymarket-upload.s3.us-east-2.amazonaws.com/judy-shelton-15c5dd306b.png"", ""eventSlug"": ""who-will-trump-nominate-as-fed-chair"", ""outcome"": ""Yes"", ""outcomeIndex"": 0, ""name"": ""lakerdistrict"", ""pseudonym"": ""Direct-Alley"", ""bio"": """", ""profileImage"": """", ""profileImageOptimized"": """", ""transactionHash"": ""0xbf1a78a74ac9346cce935cc1007ea4c701e9bd3dff6c3a2290740139ad0f1ab0""}"
1770991919,2026-02-14T01:56:23.563601,0xfe41927f0ae12ee8e168913d3105eac4520b99cb5d88fce0eeb8c18257329cf5:1770991919,572473,5031084282167950494806674428243037744881029417420880897305642929037077494331,BUY,0.03299999836389473,575.757574,18.999999,0xfe41927f0ae12ee8e168913d3105eac4520b99cb5d88fce0eeb8c18257329cf5,"{""proxyWallet"": ""0x76a1a9b0a16cf3c9898ddfe9c8f801d2408f74f5"", ""side"": ""BUY"", ""asset"": ""5031084282167950494806674428243037744881029417420880897305642929037077494331"", ""conditionId"": ""0x46d40e851b24d9b0af4bc1942ccd86439cae82a9011767da14950df0ad997adf"", ""size"": 575.757574, ""price"": 0.03299999836389473, ""timestamp"": 1770991919, ""title"": ""Will Trump nominate Judy Shelton as the next Fed chair?"", ""slug"": ""will-trump-nominate-judy-shelton-as-the-next-fed-chair"", ""icon"": ""https://polymarket-upload.s3.us-east-2.amazonaws.com/judy-shelton-15c5dd306b.png"", ""eventSlug"": ""who-will-trump-nominate-as-fed-chair"", ""outcome"": ""Yes"", ""outcomeIndex"": 0, ""name"": """", ""pseudonym"": """", ""bio"": """", ""profileImage"": """", ""profileImageOptimized"": """", ""transactionHash"": ""0xfe41927f0ae12ee8e168913d3105eac4520b99cb5d88fce0eeb8c18257329cf5""}"
1770991917,2026-02-14T01:56:23.563634,0x7e27a764b1f5172637f893486f37fbeb6fb86e347a7953d13879c6d98c30c723:1770991917,572473,5031084282167950494806674428243037744881029417420880897305642929037077494331,SELL,0.032,2325.58,74.41856,0x7e27a764b1f5172637f893486f37fbeb6fb86e347a7953d13879c6d98c30c723,"{""proxyWallet"": ""0xec89dc308574f4e39574ca9a17119e99b3943677"", ""side"": ""SELL"", ""asset"": ""5031084282167950494806674428243037744881029417420880897305642929037077494331"", ""conditionId"": ""0x46d40e851b24d9b0af4bc1942ccd86439cae82a9011767da14950df0ad997adf"", ""size"": 2325.58, ""price"": 0.032, ""timestamp"": 1770991917, ""title"": ""Will Trump nominate Judy Shelton as the next Fed chair?"", ""slug"": ""will-trump-nominate-judy-shelton-as-the-next-fed-chair"", ""icon"": ""https://polymarket-upload.s3.us-east-2.amazonaws.com/judy-shelton-15c5dd306b.png"", ""eventSlug"": ""who-will-trump-nominate-as-fed-chair"", ""outcome"": ""Yes"", ""outcomeIndex"": 0, ""name"": ""Baptiste-"", ""pseudonym"": ""Guilty-Argument"", ""bio"": """", ""profileImage"": """", ""profileImageOptimized"": """", ""transactionHash"": ""0x7e27a764b1f5172637f893486f37fbeb6fb86e347a7953d13879c6d98c30c723""}"
1770991889,2026-02-14T01:56:23.563669,0xd2a294b6631d0199441faf40a119549772016d337ddf058a0ac9eb59f17b9649:1770991889,572473,5031084282167950494806674428243037744881029417420880897305642929037077494331,BUY,0.0330000000033,303.030303,10.0,0xd2a294b6631d0199441faf40a119549772016d337ddf058a0ac9eb59f17b9649,"{""proxyWallet"": ""0x051a41432e855805b88204118b5049664dc5fc66"", ""side"": ""BUY"", ""asset"": ""5031084282167950494806674428243037744881029417420880897305642929037077494331"", ""conditionId"": ""0x46d40e851b24d9b0af4bc1942ccd86439cae82a9011767da14950df0ad997adf"", ""size"": 303.030303, ""price"": 0.0330000000033, ""timestamp"": 1770991889, ""title"": ""Will Trump nominate Judy Shelton as the next Fed chair?"", ""slug"": ""will-trump-nominate-judy-shelton-as-the-next-fed-chair"", ""icon"": ""https://polymarket-upload.s3.us-east-2.amazonaws.com/judy-shelton-15c5dd306b.png"", ""eventSlug"": ""who-will-trump-nominate-as-fed-chair"", ""outcome"": ""Yes"", ""outcomeIndex"": 0, ""name"": ""Reddy5"", ""pseudonym"": ""Keen-Apology"", ""bio"": """", ""profileImage"": """", ""profileImageOptimized"": """", ""transactionHash"": ""0xd2a294b6631d0199441faf40a119549772016d337ddf058a0ac9eb59f17b9649""}"
1770991823,2026-02-14T01:56:23.563707,0xdffed7a394e9fd7c4a50e035b55368f2fd5a2fba0a1e68423f6005640bb3b445:1770991823,572473,5031084282167950494806674428243037744881029417420880897305642929037077494331,BUY,0.033,100.0,3.3000000000000003,0xdffed7a394e9fd7c4a50e035b55368f2fd5a2fba0a1e68423f6005640bb3b445,"{""proxyWallet"": ""0x3e993f37f785d078642b8d73ca882dd3535ad9c6"", ""side"": ""BUY"", ""asset"": ""5031084282167950494806674428243037744881029417420880897305642929037077494331"", ""conditionId"": ""0x46d40e851b24d9b0af4bc1942ccd86439cae82a9011767da14950df0ad997adf"", ""size"": 100, ""price"": 0.033, ""timestamp"": 1770991823, ""title"": ""Will Trump nominate Judy Shelton as the next Fed chair?"", ""slug"": ""will-trump-nominate-judy-shelton-as-the-next-fed-chair"", ""icon"": ""https://polymarket-upload.s3.us-east-2.amazonaws.com/judy-shelton-15c5dd306b.png"", ""eventSlug"": ""who-will-trump-nominate-as-fed-chair"", ""outcome"": ""Yes"", ""outcomeIndex"": 0, ""name"": ""0x3e993f37f785d078642b8D73Ca882dD3535Ad9c6-1764115352489"", ""pseudonym"": ""Frayed-Cry"", ""bio"": """", ""profileImage"": """", ""profileImageOptimized"": """", ""transactionHash"": ""0xdffed7a394e9fd7c4a50e035b55368f2fd5a2fba0a1e68423f6005640bb3b445""}"
1770991771,2026-02-14T01:56:23.563745,0x18e7a5f980b549d88f582e688154d2b6cd93a7e5f35ce29be1c82d05771608f0:1770991771,572473,5031084282167950494806674428243037744881029417420880897305642929037077494331,BUY,0.032,62.5,2.0,0x18e7a5f980b549d88f582e688154d2b6cd93a7e5f35ce29be1c82d05771608f0,"{""proxyWallet"": ""0x12e4367c1156c52d76d62c27424b9957e64e69ef"", ""side"": ""BUY"", ""asset"": ""5031084282167950494806674428243037744881029417420880897305642929037077494331"", ""conditionId"": ""0x46d40e851b24d9b0af4bc1942ccd86439cae82a9011767da14950df0ad997adf"", ""size"": 62.5, ""price"": 0.032, ""timestamp"": 1770991771, ""title"": ""Will Trump nominate Judy Shelton as the next Fed chair?"", ""slug"": ""will-trump-nominate-judy-shelton-as-the-next-fed-chair"", ""icon"": ""https://polymarket-upload.s3.us-east-2.amazonaws.com/judy-shelton-15c5dd306b.png"", ""eventSlug"": ""who-will-trump-nominate-as-fed-chair"", ""outcome"": ""Yes"", ""outcomeIndex"": 0, ""name"": ""0x12E4367C1156c52D76D62c27424B9957E64e69eF-1770776349806"", ""pseudonym"": ""Spiffy-Wrong"", ""bio"": """", ""profileImage"": """", ""profileImageOptimized"": """", ""transactionHash"": ""0x18e7a5f980b549d88f582e688154d2b6cd93a7e5f35ce29be1c82d05771608f0""}"
1770991719,2026-02-14T01:56:23.563778,0x07518a270b075e96cae233e2bcb0a687cb1c7303324bdaa81cfc43bf12363cc6:1770991719,572473,5031084282167950494806674428243037744881029417420880897305642929037077494331,BUY,0.032,294.18,9.41376,0x07518a270b075e96cae233e2bcb0a687cb1c7303324bdaa81cfc43bf12363cc6,"{""proxyWallet"": ""0xa2b91ad0f7717c8616059c13e01809b66cf6b0d2"", ""side"": ""BUY"", ""asset"": ""5031084282167950494806674428243037744881029417420880897305642929037077494331"", ""conditionId"": ""0x46d40e851b24d9b0af4bc1942ccd86439cae82a9011767da14950df0ad997adf"", ""size"": 294.18, ""price"": 0.032, ""timestamp"": 1770991719, ""title"": ""Will Trump nominate Judy Shelton as the next Fed chair?"", ""slug"": ""will-trump-nominate-judy-shelton-as-the-next-fed-chair"", ""icon"": ""https://polymarket-upload.s3.us-east-2.amazonaws.com/judy-shelton-15c5dd306b.png"", ""eventSlug"": ""who-will-trump-nominate-as-fed-chair"", ""outcome"": ""Yes"", ""outcomeIndex"": 0, ""name"": ""whybing"", ""pseudonym"": ""Warped-Subject"", ""bio"": """", ""profileImage"": """", ""profileImageOptimized"": """", ""transactionHash"": ""0x07518a270b075e96cae233e2bcb0a687cb1c7303324bdaa81cfc43bf12363cc6""}"
1770991719,2026-02-14T01:56:23.563809,0x4951b278adc3f720a7df4d89e2a316d038dac02e9b3918b13ce8dd706f119079:1770991719,572473,5031084282167950494806674428243037744881029417420880897305642929037077494331,BUY,0.032,41.5625,1.33,0x4951b278adc3f720a7df4d89e2a316d038dac02e9b3918b13ce8dd706f119079,"{""proxyWallet"": ""0x8fa857d124cd1c83fd54721b3e3037b035099c41"", ""side"": ""BUY"", ""asset"": ""5031084282167950494806674428243037744881029417420880897305642929037077494331"", ""conditionId"": ""0x46d40e851b24d9b0af4bc1942ccd86439cae82a9011767da14950df0ad997adf"", ""size"": 41.5625, ""price"": 0.032, ""timestamp"": 1770991719, ""title"": ""Will Trump nominate Judy Shelton as the next Fed chair?"", ""slug"": ""will-trump-nominate-judy-shelton-as-the-next-fed-chair"", ""icon"": ""https://polymarket-upload.s3.us-east-2.amazonaws.com/judy-shelton-15c5dd306b.png"", ""eventSlug"": ""who-will-trump-nominate-as-fed-chair"", ""outcome"": ""Yes"", ""outcomeIndex"": 0, ""name"": ""FIPO81"", ""pseudonym"": ""Negligible-Migrant"", ""bio"": """", ""profileImage"": """", ""profileImageOptimized"": """", ""transactionHash"": ""0x4951b278adc3f720a7df4d89e2a316d038dac02e9b3918b13ce8dd706f119079""}"
1770991673,2026-02-14T01:56:23.563839,0xf8a8fee4251f4e743db9e8d6db93668ca69805acd715789b2462589e43472fe2:1770991673,572473,5031084282167950494806674428243037744881029417420880897305642929037077494331,BUY,0.03297252666112068,1516.413938,49.999999,0xf8a8fee4251f4e743db9e8d6db93668ca69805acd715789b2462589e43472fe2,"{""proxyWallet"": ""0x15b2d24027199169d92b77f4fb41a8f8cf8eb310"", ""side"": ""BUY"", ""asset"": ""5031084282167950494806674428243037744881029417420880897305642929037077494331"", ""conditionId"": ""0x46d40e851b24d9b0af4bc1942ccd86439cae82a9011767da14950df0ad997adf"", ""size"": 1516.413938, ""price"": 0.03297252666112068, ""timestamp"": 1770991673, ""title"": ""Will Trump nominate Judy Shelton as the next Fed chair?"", ""slug"": ""will-trump-nominate-judy-shelton-as-the-next-fed-chair"", ""icon"": ""https://polymarket-upload.s3.us-east-2.amazonaws.com/judy-shelton-15c5dd306b.png"", ""eventSlug"": ""who-will-trump-nominate-as-fed-chair"", ""outcome"": ""Yes"", ""outcomeIndex"": 0, ""name"": ""KITCHINO"", ""pseudonym"": ""Whispered-Heartwood"", ""bio"": """", ""profileImage"": """", ""profileImageOptimized"": """", ""transactionHash"": ""0xf8a8fee4251f4e743db9e8d6db93668ca69805acd715789b2462589e43472fe2""}"
1770991533,2026-02-14T01:56:23.563875,0x14b61a7913a43bf53980dcd4fdf3aed775483877635aa5a9e3e41968eba3ee89:1770991533,572473,5031084282167950494806674428243037744881029417420880897305642929037077494331,BUY,0.032999999725293175,3410.909089,112.559999,0x14b61a7913a43bf53980dcd4fdf3aed775483877635aa5a9e3e41968eba3ee89,"{""proxyWallet"": ""0xa4c961aba80f8e53c630f677fe6603ba82231738"", ""side"": ""BUY"", ""asset"": ""5031084282167950494806674428243037744881029417420880897305642929037077494331"", ""conditionId"": ""0x46d40e851b24d9b0af4bc1942ccd86439cae82a9011767da14950df0ad997adf"", ""size"": 3410.909089, ""price"": 0.032999999725293175, ""timestamp"": 1770991533, ""title"": ""Will Trump nominate Judy Shelton as the next Fed chair?"", ""slug"": ""will-trump-nominate-judy-shelton-as-the-next-fed-chair"", ""icon"": ""https://polymarket-upload.s3.us-east-2.amazonaws.com/judy-shelton-15c5dd306b.png"", ""eventSlug"": ""who-will-trump-nominate-as-fed-chair"", ""outcome"": ""Yes"", ""outcomeIndex"": 0, ""name"": ""II-HZ03-II"", ""pseudonym"": ""Delirious-Nectar"", ""bio"": """", ""profileImage"": """", ""profileImageOptimized"": """", ""transactionHash"": ""0x14b61a7913a43bf53980dcd4fdf3aed775483877635aa5a9e3e41968eba3ee89""}"
1770991489,2026-02-14T01:56:23.563907,0x3d9f0af09ab07e3f82b3c40c601fbd636cd1f383a5707fc6f019b42ee07e0622:1770991489,572473,5031084282167950494806674428243037744881029417420880897305642929037077494331,BUY,0.0329931822901313,3788.661515,125.0,0x3d9f0af09ab07e3f82b3c40c601fbd636cd1f383a5707fc6f019b42ee07e0622,"{""proxyWallet"": ""0x2306e58ff1990635e8512fc49795b454e2adddde"", ""side"": ""BUY"", ""asset"": ""5031084282167950494806674428243037744881029417420880897305642929037077494331"", ""conditionId"": ""0x46d40e851b24d9b0af4bc1942ccd86439cae82a9011767da14950df0ad997adf"", ""size"": 3788.661515, ""price"": 0.0329931822901313, ""timestamp"": 1770991489, ""title"": ""Will Trump nominate Judy Shelton as the next Fed chair?"", ""slug"": ""will-trump-nominate-judy-shelton-as-the-next-fed-chair"", ""icon"": ""https://polymarket-upload.s3.us-east-2.amazonaws.com/judy-shelton-15c5dd306b.png"", ""eventSlug"": ""who-will-trump-nominate-as-fed-chair"", ""outcome"": ""Yes"", ""outcomeIndex"": 0, ""name"": ""Avrynnechu"", ""pseudonym"": ""Likely-Eyelids"", ""bio"": """", ""profileImage"": """", ""profileImageOptimized"": """", ""transactionHash"": ""0x3d9f0af09ab07e3f82b3c40c601fbd636cd1f383a5707fc6f019b42ee07e0622""}"
1770991451,2026-02-14T01:56:23.563941,0xf335abe001d8f4e002caf91799337d4b1664fedfe33819a0a31c371148c6b3fc:1770991451,572473,5031084282167950494806674428243037744881029417420880897305642929037077494331,BUY,0.032,381.25,12.200000000000001,0xf335abe001d8f4e002caf91799337d4b1664fedfe33819a0a31c371148c6b3fc,"{""proxyWallet"": ""0x65989258b3e0ea9c2e5f8f5450d1135bc81d0b0b"", ""side"": ""BUY"", ""asset"": ""5031084282167950494806674428243037744881029417420880897305642929037077494331"", ""conditionId"": ""0x46d40e851b24d9b0af4bc1942ccd86439cae82a9011767da14950df0ad997adf"", ""size"": 381.25, ""price"": 0.032, ""timestamp"": 1770991451, ""title"": ""Will Trump nominate Judy Shelton as the next Fed chair?"", ""slug"": ""will-trump-nominate-judy-shelton-as-the-next-fed-chair"", ""icon"": ""https://polymarket-upload.s3.us-east-2.amazonaws.com/judy-shelton-15c5dd306b.png"", ""eventSlug"": ""who-will-trump-nominate-as-fed-chair"", ""outcome"": ""Yes"", ""outcomeIndex"": 0, ""name"": ""tomomatsumoto"", ""pseudonym"": ""Interesting-Evaluator"", ""bio"": """", ""profileImage"": """", ""profileImageOptimized"": """", ""transactionHash"": ""0xf335abe001d8f4e002caf91799337d4b1664fedfe33819a0a31c371148c6b3fc""}"
1770991395,2026-02-14T01:56:23.563978,0x7a703d26082f73bee5410708d8dfad31d81ec9ae5354a146ea0c43659b6909a5:1770991395,572473,5031084282167950494806674428243037744881029417420880897305642929037077494331,SELL,0.031,6127.44,189.95064,0x7a703d26082f73bee5410708d8dfad31d81ec9ae5354a146ea0c43659b6909a5,"{""proxyWallet"": ""0xf5a5833bf1c5efed4a6bb5b83ab2904918a8c95c"", ""side"": ""SELL"", ""asset"": ""5031084282167950494806674428243037744881029417420880897305642929037077494331"", ""conditionId"": ""0x46d40e851b24d9b0af4bc1942ccd86439cae82a9011767da14950df0ad997adf"", ""size"": 6127.44, ""price"": 0.031, ""timestamp"": 1770991395, ""title"": ""Will Trump nominate Judy Shelton as the next Fed chair?"", ""slug"": ""will-trump-nominate-judy-shelton-as-the-next-fed-chair"", ""icon"": ""https://polymarket-upload.s3.us-east-2.amazonaws.com/judy-shelton-15c5dd306b.png"", ""eventSlug"": ""who-will-trump-nominate-as-fed-chair"", ""outcome"": ""Yes"", ""outcomeIndex"": 0, ""name"": ""0xF5a5833bf1C5EFED4A6bb5B83AB2904918A8C95C-1768405818700"", ""pseudonym"": ""Sugary-Shootdown"", ""bio"": """", ""profileImage"": """", ""profileImageOptimized"": """", ""transactionHash"": ""0x7a703d26082f73bee5410708d8dfad31d81ec9ae5354a146ea0c43659b6909a5""}"
1770991331,2026-02-14T01:56:23.564015,0xc1f3cabb727c34f37abae3a54495a4c7d70d7c00a74010cf6161709391bf6db6:1770991331,572473,5031084282167950494806674428243037744881029417420880897305642929037077494331,SELL,0.031,13934.05,431.95554999999996,0xc1f3cabb727c34f37abae3a54495a4c7d70d7c00a74010cf6161709391bf6db6,"{""proxyWallet"": ""0x2c2a4a44215d4af4a52528a4ecda04a274bc6b99"", ""side"": ""SELL"", ""asset"": ""5031084282167950494806674428243037744881029417420880897305642929037077494331"", ""conditionId"": ""0x46d40e851b24d9b0af4bc1942ccd86439cae82a9011767da14950df0ad997adf"", ""size"": 13934.05, ""price"": 0.031, ""timestamp"": 1770991331, ""title"": ""Will Trump nominate Judy Shelton as the next Fed chair?"", ""slug"": ""will-trump-nominate-judy-shelton-as-the-next-fed-chair"", ""icon"": ""https://polymarket-upload.s3.us-east-2.amazonaws.com/judy-shelton-15c5dd306b.png"", ""eventSlug"": ""who-will-trump-nominate-as-fed-chair"", ""outcome"": ""Yes"", ""outcomeIndex"": 0, ""name"": ""0x2c2A4a44215d4Af4a52528A4ecda04A274BC6b99-1770748202579"", ""pseudonym"": ""Anchored-Probation"", ""bio"": """", ""profileImage"": """", ""profileImageOptimized"": """", ""transactionHash"": ""0xc1f3cabb727c34f37abae3a54495a4c7d70d7c00a74010cf6161709391bf6db6""}"
1770991293,2026-02-14T01:56:23.564050,0xfa71c8fceb9756f39a2665c6442b2702c025d35f543e473107f8a933fd6d1488:1770991293,572473,5031084282167950494806674428243037744881029417420880897305642929037077494331,SELL,0.03,100.0,3.0,0xfa71c8fceb9756f39a2665c6442b2702c025d35f543e473107f8a933fd6d1488,"{""proxyWallet"": ""0xf28ddb261b9e9d371ae6e77536822ab84e9b563a"", ""side"": ""SELL"", ""asset"": ""5031084282167950494806674428243037744881029417420880897305642929037077494331"", ""conditionId"": ""0x46d40e851b24d9b0af4bc1942ccd86439cae82a9011767da14950df0ad997adf"", ""size"": 100, ""price"": 0.03, ""timestamp"": 1770991293, ""title"": ""Will Trump nominate Judy Shelton as the next Fed chair?"", ""slug"": ""will-trump-nominate-judy-shelton-as-the-next-fed-chair"", ""icon"": ""https://polymarket-upload.s3.us-east-2.amazonaws.com/judy-shelton-15c5dd306b.png"", ""eventSlug"": ""who-will-trump-nominate-as-fed-chair"", ""outcome"": ""Yes"", ""outcomeIndex"": 0, ""name"": ""loledi"", ""pseudonym"": ""Untimely-Gain"", ""bio"": """", ""profileImage"": """", ""profileImageOptimized"": """", ""transactionHash"": ""0xfa71c8fceb9756f39a2665c6442b2702c025d35f543e473107f8a933fd6d1488""}"
1770990621,2026-02-14T01:56:23.564100,0x3c5f1a3fc7196866556e3729951b0d0e7992cc65344e9f6a0b213cdd283fa5bc:1770990621,572473,5031084282167950494806674428243037744881029417420880897305642929037077494331,SELL,0.03,4415.0,132.45,0x3c5f1a3fc7196866556e3729951b0d0e7992cc65344e9f6a0b213cdd283fa5bc,"{""proxyWallet"": ""0xf33d509c1c620cfcbbf4ba14b95ff0ee1aa14ce3"", ""side"": ""SELL"", ""asset"": ""5031084282167950494806674428243037744881029417420880897305642929037077494331"", ""conditionId"": ""0x46d40e851b24d9b0af4bc1942ccd86439cae82a9011767da14950df0ad997adf"", ""size"": 4415, ""price"": 0.03, ""timestamp"": 1770990621, ""title"": ""Will Trump nominate Judy Shelton as the next Fed chair?"", ""slug"": ""will-trump-nominate-judy-shelton-as-the-next-fed-chair"", ""icon"": ""https://polymarket-upload.s3.us-east-2.amazonaws.com/judy-shelton-15c5dd306b.png"", ""eventSlug"": ""who-will-trump-nominate-as-fed-chair"", ""outcome"": ""Yes"", ""outcomeIndex"": 0, ""name"": ""0xF33d509C1c620CfCBbf4BA14b95ff0EE1Aa14ce3-1770700099131"", ""pseudonym"": ""Both-Firm"", ""bio"": """", ""profileImage"": """", ""profileImageOptimized"": """", ""transactionHash"": ""0x3c5f1a3fc7196866556e3729951b0d0e7992cc65344e9f6a0b213cdd283fa5bc""}"
1770990583,2026-02-14T01:56:23.564133,0x81c9540d2d37ab84ea8953f767748e8d773034b53c330542784c621791099dcc:1770990583,572473,5031084282167950494806674428243037744881029417420880897305642929037077494331,SELL,0.03,790.93,23.727899999999998,0x81c9540d2d37ab84ea8953f767748e8d773034b53c330542784c621791099dcc,"{""proxyWallet"": ""0xf1ff40f082633619cd012bb96affb4ac7a645b03"", ""side"": ""SELL"", ""asset"": ""5031084282167950494806674428243037744881029417420880897305642929037077494331"", ""conditionId"": ""0x46d40e851b24d9b0af4bc1942ccd86439cae82a9011767da14950df0ad997adf"", ""size"": 790.93, ""price"": 0.03, ""timestamp"": 1770990583, ""title"": ""Will Trump nominate Judy Shelton as the next Fed chair?"", ""slug"": ""will-trump-nominate-judy-shelton-as-the-next-fed-chair"", ""icon"": ""https://polymarket-upload.s3.us-east-2.amazonaws.com/judy-shelton-15c5dd306b.png"", ""eventSlug"": ""who-will-trump-nominate-as-fed-chair"", ""outcome"": ""Yes"", ""outcomeIndex"": 0, ""name"": ""ithinkthisisgod"", ""pseudonym"": ""Infatuated-Treasury"", ""bio"": """", ""profileImage"": ""https://polymarket-upload.s3.us-east-2.amazonaws.com/profile-image-4503891-a8a8b6b0-64a3-4abc-99c8-5d922b37634f.jpg"", ""profileImageOptimized"": """", ""transactionHash"": ""0x81c9540d2d37ab84ea8953f767748e8d773034b53c330542784c621791099dcc""}"
1770990559,2026-02-14T01:56:23.564169,0xbe0a1cb3ea14fe5c511ffaf828cc4329df86a6589500dd73815b5fca4ebc1f86:1770990559,572473,5031084282167950494806674428243037744881029417420880897305642929037077494331,SELL,0.03,5.0,0.15,0xbe0a1cb3ea14fe5c511ffaf828cc4329df86a6589500dd73815b5fca4ebc1f86,"{""proxyWallet"": ""0x0b01d14b4f91acdf61534543d4a645f142238f47"", ""side"": ""SELL"", ""asset"": ""5031084282167950494806674428243037744881029417420880897305642929037077494331"", ""conditionId"": ""0x46d40e851b24d9b0af4bc1942ccd86439cae82a9011767da14950df0ad997adf"", ""size"": 5, ""price"": 0.03, ""timestamp"": 1770990559, ""title"": ""Will Trump nominate Judy Shelton as the next Fed chair?"", ""slug"": ""will-trump-nominate-judy-shelton-as-the-next-fed-chair"", ""icon"": ""https://polymarket-upload.s3.us-east-2.amazonaws.com/judy-shelton-15c5dd306b.png"", ""eventSlug"": ""who-will-trump-nominate-as-fed-chair"", ""outcome"": ""Yes"", ""outcomeIndex"": 0, ""name"": ""0x0B01d14B4f91ACdf61534543d4a645f142238F47-1766685782640"", ""pseudonym"": ""Radiant-Dahlia"", ""bio"": """", ""profileImage"": """", ""profileImageOptimized"": """", ""transactionHash"": ""0xbe0a1cb3ea14fe5c511ffaf828cc4329df86a6589500dd73815b5fca4ebc1f86""}"
1770990535,2026-02-14T01:56:23.564207,0xdc059f55905525dd505f5f762fc565d6d2502bccf94c472ce9ad6de15d4a0454:1770990535,572473,5031084282167950494806674428243037744881029417420880897305642929037077494331,SELL,0.03,446.43,13.3929,0xdc059f55905525dd505f5f762fc565d6d2502bccf94c472ce9ad6de15d4a0454,"{""proxyWallet"": ""0x469c7f793fa34a154f2d378b2397daa9eb65309b"", ""side"": ""SELL"", ""asset"": ""5031084282167950494806674428243037744881029417420880897305642929037077494331"", ""conditionId"": ""0x46d40e851b24d9b0af4bc1942ccd86439cae82a9011767da14950df0ad997adf"", ""size"": 446.43, ""price"": 0.03, ""timestamp"": 1770990535, ""title"": ""Will Trump nominate Judy Shelton as the next Fed chair?"", ""slug"": ""will-trump-nominate-judy-shelton-as-the-next-fed-chair"", ""icon"": ""https://polymarket-upload.s3.us-east-2.amazonaws.com/judy-shelton-15c5dd306b.png"", ""eventSlug"": ""who-will-trump-nominate-as-fed-chair"", ""outcome"": ""Yes"", ""outcomeIndex"": 0, ""name"": ""flyip"", ""pseudonym"": ""Sugary-Peen"", ""bio"": """", ""profileImage"": """", ""profileImageOptimized"": """", ""transactionHash"": ""0xdc059f55905525dd505f5f762fc565d6d2502bccf94c472ce9ad6de15d4a0454""}"
1770990433,2026-02-14T01:56:23.564243,0xe75324e8c4d9626991e8c66432d9a6d07db217c4652f9566d3ea33672a209974:1770990433,572473,5031084282167950494806674428243037744881029417420880897305642929037077494331,BUY,0.030999994103799944,161.290321,4.999999000000001,0xe75324e8c4d9626991e8c66432d9a6d07db217c4652f9566d3ea33672a209974,"{""proxyWallet"": ""0xf6ed67adc6dad995c8a792cf1f815fba5f388f2f"", ""side"": ""BUY"", ""asset"": ""5031084282167950494806674428243037744881029417420880897305642929037077494331"", ""conditionId"": ""0x46d40e851b24d9b0af4bc1942ccd86439cae82a9011767da14950df0ad997adf"", ""size"": 161.290321, ""price"": 0.030999994103799944, ""timestamp"": 1770990433, ""title"": ""Will Trump nominate Judy Shelton as the next Fed chair?"", ""slug"": ""will-trump-nominate-judy-shelton-as-the-next-fed-chair"", ""icon"": ""https://polymarket-upload.s3.us-east-2.amazonaws.com/judy-shelton-15c5dd306b.png"", ""eventSlug"": ""who-will-trump-nominate-as-fed-chair"", ""outcome"": ""Yes"", ""outcomeIndex"": 0, ""name"": """", ""pseudonym"": """", ""bio"": """", ""profileImage"": """", ""profileImageOptimized"": """", ""transactionHash"": ""0xe75324e8c4d9626991e8c66432d9a6d07db217c4652f9566d3ea33672a209974""}"
1770990303,2026-02-14T01:56:23.564279,0xc0463a8286459cca7ae8cc071e74fee13756964d0281d11f3913ed189fc4da00:1770990303,572473,5031084282167950494806674428243037744881029417420880897305642929037077494331,BUY,0.03099997045699861,32.258063,0.999999,0xc0463a8286459cca7ae8cc071e74fee13756964d0281d11f3913ed189fc4da00,"{""proxyWallet"": ""0x5ac6a47e5cec3139781051e917a44d512507a9c2"", ""side"": ""BUY"", ""asset"": ""5031084282167950494806674428243037744881029417420880897305642929037077494331"", ""conditionId"": ""0x46d40e851b24d9b0af4bc1942ccd86439cae82a9011767da14950df0ad997adf"", ""size"": 32.258063, ""price"": 0.03099997045699861, ""timestamp"": 1770990303, ""title"": ""Will Trump nominate Judy Shelton as the next Fed chair?"", ""slug"": ""will-trump-nominate-judy-shelton-as-the-next-fed-chair"", ""icon"": ""https://polymarket-upload.s3.us-east-2.amazonaws.com/judy-shelton-15c5dd306b.png"", ""eventSlug"": ""who-will-trump-nominate-as-fed-chair"", ""outcome"": ""Yes"", ""outcomeIndex"": 0, ""name"": ""0x5aC6A47E5CEC3139781051E917A44D512507a9C2-1769516584279"", ""pseudonym"": ""Clever-Trap"", ""bio"": """", ""profileImage"": """", ""profileImageOptimized"": """", ""transactionHash"": ""0xc0463a8286459cca7ae8cc071e74fee13756964d0281d11f3913ed189fc4da00""}"
1770990281,2026-02-14T01:56:23.564312,0x599663f559adb3cb32563f49da04d35e9a55b96f06e0d7d63143fd6282a31bab:1770990281,572473,5031084282167950494806674428243037744881029417420880897305642929037077494331,SELL,0.03,7548.07,226.44209999999998,0x599663f559adb3cb32563f49da04d35e9a55b96f06e0d7d63143fd6282a31bab,"{""proxyWallet"": ""0x3e44cf829f689d0ba7b3b57aeb5bee9d9ccb3758"", ""side"": ""SELL"", ""asset"": ""5031084282167950494806674428243037744881029417420880897305642929037077494331"", ""conditionId"": ""0x46d40e851b24d9b0af4bc1942ccd86439cae82a9011767da14950df0ad997adf"", ""size"": 7548.07, ""price"": 0.03, ""timestamp"": 1770990281, ""title"": ""Will Trump nominate Judy Shelton as the next Fed chair?"", ""slug"": ""will-trump-nominate-judy-shelton-as-the-next-fed-chair"", ""icon"": ""https://polymarket-upload.s3.us-east-2.amazonaws.com/judy-shelton-15c5dd306b.png"", ""eventSlug"": ""who-will-trump-nominate-as-fed-chair"", ""outcome"": ""Yes"", ""outcomeIndex"": 0, ""name"": ""Missmarket"", ""pseudonym"": ""Proud-Motorboat"", ""bio"": """", ""profileImage"": """", ""profileImageOptimized"": """", ""transactionHash"": ""0x599663f559adb3cb32563f49da04d35e9a55b96f06e0d7d63143fd6282a31bab""}"
1770990253,2026-02-14T01:56:23.564333,0x98e7fa9595c31c75d23d0274be8c35784ac5c58366cad4e35203e93f06b9a4d0:1770990253,572473,5031084282167950494806674428243037744881029417420880897305642929037077494331,BUY,0.03,48.41,1.4523,0x98e7fa9595c31c75d23d0274be8c35784ac5c58366cad4e35203e93f06b9a4d0,"{""proxyWallet"": ""0xcb516a0c8b8ba2e42ff5c123e2f624d6cce6359d"", ""side"": ""BUY"", ""asset"": ""5031084282167950494806674428243037744881029417420880897305642929037077494331"", ""conditionId"": ""0x46d40e851b24d9b0af4bc1942ccd86439cae82a9011767da14950df0ad997adf"", ""size"": 48.41, ""price"": 0.03, ""timestamp"": 1770990253, ""title"": ""Will Trump nominate Judy Shelton as the next Fed chair?"", ""slug"": ""will-trump-nominate-judy-shelton-as-the-next-fed-chair"", ""icon"": ""https://polymarket-upload.s3.us-east-2.amazonaws.com/judy-shelton-15c5dd306b.png"", ""eventSlug"": ""who-will-trump-nominate-as-fed-chair"", ""outcome"": ""Yes"", ""outcomeIndex"": 0, ""name"": ""Bearpp"", ""pseudonym"": ""Awful-Calculus"", ""bio"": """", ""profileImage"": """", ""profileImageOptimized"": """", ""transactionHash"": ""0x98e7fa9595c31c75d23d0274be8c35784ac5c58366cad4e35203e93f06b9a4d0""}"
1770990249,2026-02-14T01:56:23.564352,0x5d62d261ab77952c28b1e6c507c09afbbb4247731bed9fb710333217acd1d811:1770990249,572473,5031084282167950494806674428243037744881029417420880897305642929037077494331,BUY,0.03,2212.81,66.3843,0x5d62d261ab77952c28b1e6c507c09afbbb4247731bed9fb710333217acd1d811,"{""proxyWallet"": ""0x24c8cf69a0e0a17eee21f69d29752bfa32e823e1"", ""side"": ""BUY"", ""asset"": ""5031084282167950494806674428243037744881029417420880897305642929037077494331"", ""conditionId"": ""0x46d40e851b24d9b0af4bc1942ccd86439cae82a9011767da14950df0ad997adf"", ""size"": 2212.81, ""price"": 0.03, ""timestamp"": 1770990249, ""title"": ""Will Trump nominate Judy Shelton as the next Fed chair?"", ""slug"": ""will-trump-nominate-judy-shelton-as-the-next-fed-chair"", ""icon"": ""https://polymarket-upload.s3.us-east-2.amazonaws.com/judy-shelton-15c5dd306b.png"", ""eventSlug"": ""who-will-trump-nominate-as-fed-chair"", ""outcome"": ""Yes"", ""outcomeIndex"": 0, ""name"": ""debased"", ""pseudonym"": ""Broken-Dogwood"", ""bio"": ""No crazy war, yes peace"", ""profileImage"": ""https://polymarket-upload.s3.us-east-2.amazonaws.com/trump_farmer_b64c6dcd-13e2-4dda-b1c2-0fb46389fb22_1743074825403.png"", ""profileImageOptimized"": """", ""transactionHash"": ""0x5d62d261ab77952c28b1e6c507c09afbbb4247731bed9fb710333217acd1d811""}"
1770990159,2026-02-14T01:56:23.564371,0x952dbf870a2ea08da99fbe5111690faa8bf8c665a49ea3c8021d8734642c79b4:1770990159,572473,5031084282167950494806674428243037744881029417420880897305642929037077494331,SELL,0.029,1300.0,37.7,0x952dbf870a2ea08da99fbe5111690faa8bf8c665a49ea3c8021d8734642c79b4,"{""proxyWallet"": ""0xcf793d36c3d8296f77764195a3a0fc15f92e28af"", ""side"": ""SELL"", ""asset"": ""5031084282167950494806674428243037744881029417420880897305642929037077494331"", ""conditionId"": ""0x46d40e851b24d9b0af4bc1942ccd86439cae82a9011767da14950df0ad997adf"", ""size"": 1300, ""price"": 0.029, ""timestamp"": 1770990159, ""title"": ""Will Trump nominate Judy Shelton as the next Fed chair?"", ""slug"": ""will-trump-nominate-judy-shelton-as-the-next-fed-chair"", ""icon"": ""https://polymarket-upload.s3.us-east-2.amazonaws.com/judy-shelton-15c5dd306b.png"", ""eventSlug"": ""who-will-trump-nominate-as-fed-chair"", ""outcome"": ""Yes"", ""outcomeIndex"": 0, ""name"": ""324547688"", ""pseudonym"": ""Wobbly-Implement"", ""bio"": """", ""profileImage"": """", ""profileImageOptimized"": """", ""transactionHash"": ""0x952dbf870a2ea08da99fbe5111690faa8bf8c665a49ea3c8021d8734642c79b4""}"
1770990155,2026-02-14T01:56:23.564388,0x4a9979fd82690982000f6dd6a1ffd0143021a453702abffa91c74b876d16bafe:1770990155,572473,5031084282167950494806674428243037744881029417420880897305642929037077494331,BUY,0.03,20000.0,600.0,0x4a9979fd82690982000f6dd6a1ffd0143021a453702abffa91c74b876d16bafe,"{""proxyWallet"": ""0x7b347205d8389d2fd34614135b758487ffbc74a3"", ""side"": ""BUY"", ""asset"": ""5031084282167950494806674428243037744881029417420880897305642929037077494331"", ""conditionId"": ""0x46d40e851b24d9b0af4bc1942ccd86439cae82a9011767da14950df0ad997adf"", ""size"": 20000, ""price"": 0.03, ""timestamp"": 1770990155, ""title"": ""Will Trump nominate Judy Shelton as the next Fed chair?"", ""slug"": ""will-trump-nominate-judy-shelton-as-the-next-fed-chair"", ""icon"": ""https://polymarket-upload.s3.us-east-2.amazonaws.com/judy-shelton-15c5dd306b.png"", ""eventSlug"": ""who-will-trump-nominate-as-fed-chair"", ""outcome"": ""Yes"", ""outcomeIndex"": 0, ""name"": ""Callnomo"", ""pseudonym"": ""Nutritious-Selection"", ""bio"": """", ""profileImage"": """", ""profileImageOptimized"": """", ""transactionHash"": ""0x4a9979fd82690982000f6dd6a1ffd0143021a453702abffa91c74b876d16bafe""}"
1770990155,2026-02-14T01:56:23.564405,0x2e5466375f474aac90f43790ba86075ac39c55d3c8e2a3f5cb9de8b83253521e:1770990155,572473,5031084282167950494806674428243037744881029417420880897305642929037077494331,SELL,0.029,1000.0,29.0,0x2e5466375f474aac90f43790ba86075ac39c55d3c8e2a3f5cb9de8b83253521e,"{""proxyWallet"": ""0x19913b3bfed6a1d94fff0cf7704756a91609348e"", ""side"": ""SELL"", ""asset"": ""5031084282167950494806674428243037744881029417420880897305642929037077494331"", ""conditionId"": ""0x46d40e851b24d9b0af4bc1942ccd86439cae82a9011767da14950df0ad997adf"", ""size"": 1000, ""price"": 0.029, ""timestamp"": 1770990155, ""title"": ""Will Trump nominate Judy Shelton as the next Fed chair?"", ""slug"": ""will-trump-nominate-judy-shelton-as-the-next-fed-chair"", ""icon"": ""https://polymarket-upload.s3.us-east-2.amazonaws.com/judy-shelton-15c5dd306b.png"", ""eventSlug"": ""who-will-trump-nominate-as-fed-chair"", ""outcome"": ""Yes"", ""outcomeIndex"": 0, ""name"": ""daraiiiiiiiiiii"", ""pseudonym"": ""Used-Retreat"", ""bio"": """", ""profileImage"": """", ""profileImageOptimized"": """", ""transactionHash"": ""0x2e5466375f474aac90f43790ba86075ac39c55d3c8e2a3f5cb9de8b83253521e""}"
1770990149,2026-02-14T01:56:23.564422,0x7602f529f06413a908ccf3d05c1d24f52c481ebc7cecfa679e32acd5689953df:1770990149,572473,5031084282167950494806674428243037744881029417420880897305642929037077494331,SELL,0.029,500.0,14.5,0x7602f529f06413a908ccf3d05c1d24f52c481ebc7cecfa679e32acd5689953df,"{""proxyWallet"": ""0x6d6dd3acc6989226bd0d512200b660b8c0cdfc47"", ""side"": ""SELL"", ""asset"": ""5031084282167950494806674428243037744881029417420880897305642929037077494331"", ""conditionId"": ""0x46d40e851b24d9b0af4bc1942ccd86439cae82a9011767da14950df0ad997adf"", ""size"": 500, ""price"": 0.029, ""timestamp"": 1770990149, ""title"": ""Will Trump nominate Judy Shelton as the next Fed chair?"", ""slug"": ""will-trump-nominate-judy-shelton-as-the-next-fed-chair"", ""icon"": ""https://polymarket-upload.s3.us-east-2.amazonaws.com/judy-shelton-15c5dd306b.png"", ""eventSlug"": ""who-will-trump-nominate-as-fed-chair"", ""outcome"": ""Yes"", ""outcomeIndex"": 0, ""name"": ""fgjfykyulu"", ""pseudonym"": ""Pure-Agreement"", ""bio"": """", ""profileImage"": """", ""profileImageOptimized"": """", ""transactionHash"": ""0x7602f529f06413a908ccf3d05c1d24f52c481ebc7cecfa679e32acd5689953df""}"
1770990123,2026-02-14T01:56:23.564441,0x870254e452e2725bde8aa75c68fcacbba85238505821317a8a0f0666b4d18d58:1770990123,572473,5031084282167950494806674428243037744881029417420880897305642929037077494331,SELL,0.03,1000.0,30.0,0x870254e452e2725bde8aa75c68fcacbba85238505821317a8a0f0666b4d18d58,"{""proxyWallet"": ""0xe8a68017820cc850b4d13cfd8a165eb438b4644b"", ""side"": ""SELL"", ""asset"": ""5031084282167950494806674428243037744881029417420880897305642929037077494331"", ""conditionId"": ""0x46d40e851b24d9b0af4bc1942ccd86439cae82a9011767da14950df0ad997adf"", ""size"": 1000, ""price"": 0.03, ""timestamp"": 1770990123, ""title"": ""Will Trump nominate Judy Shelton as the next Fed chair?"", ""slug"": ""will-trump-nominate-judy-shelton-as-the-next-fed-chair"", ""icon"": ""https://polymarket-upload.s3.us-east-2.amazonaws.com/judy-shelton-15c5dd306b.png"", ""eventSlug"": ""who-will-trump-nominate-as-fed-chair"", ""outcome"": ""Yes"", ""outcomeIndex"": 0, ""name"": ""Simon4s"", ""pseudonym"": ""Precious-Physical"", ""bio"": """", ""profileImage"": """", ""profileImageOptimized"": """", ""transactionHash"": ""0x870254e452e2725bde8aa75c68fcacbba85238505821317a8a0f0666b4d18d58""}"
1770990111,2026-02-14T01:56:23.564460,0xccdd9fe097c62806e56aa18c449d5aaba6005681ecb9553fbdbc8b61b965e856:1770990111,572473,5031084282167950494806674428243037744881029417420880897305642929037077494331,SELL,0.031608654538726265,126035.14,3983.8012000000003,0xccdd9fe097c62806e56aa18c449d5aaba6005681ecb9553fbdbc8b61b965e856,"{""proxyWallet"": ""0x157b62593661601d0d940964470c00e54250c87d"", ""side"": ""SELL"", ""asset"": ""5031084282167950494806674428243037744881029417420880897305642929037077494331"", ""conditionId"": ""0x46d40e851b24d9b0af4bc1942ccd86439cae82a9011767da14950df0ad997adf"", ""size"": 126035.14, ""price"": 0.031608654538726265, ""timestamp"": 1770990111, ""title"": ""Will Trump nominate Judy Shelton as the next Fed chair?"", ""slug"": ""will-trump-nominate-judy-shelton-as-the-next-fed-chair"", ""icon"": ""https://polymarket-upload.s3.us-east-2.amazonaws.com/judy-shelton-15c5dd306b.png"", ""eventSlug"": ""who-will-trump-nominate-as-fed-chair"", ""outcome"": ""Yes"", ""outcomeIndex"": 0, ""name"": ""0x157b62593661601D0D940964470C00E54250c87d-1770747059817"", ""pseudonym"": ""Aged-Minimalism"", ""bio"": """", ""profileImage"": """", ""profileImageOptimized"": """", ""transactionHash"": ""0xccdd9fe097c62806e56aa18c449d5aaba6005681ecb9553fbdbc8b61b965e856""}"
1770990073,2026-02-14T01:56:23.564489,0x9b35a376c66860238a48e6da4878a3d7b74d6e63772410048f27a06046408c34:1770990073,572473,5031084282167950494806674428243037744881029417420880897305642929037077494331,SELL,0.032,25000.02,800.00064,0x9b35a376c66860238a48e6da4878a3d7b74d6e63772410048f27a06046408c34,"{""proxyWallet"": ""0x31cd3a39d4ffafb282f2617d81e28676170647e5"", ""side"": ""SELL"", ""asset"": ""5031084282167950494806674428243037744881029417420880897305642929037077494331"", ""conditionId"": ""0x46d40e851b24d9b0af4bc1942ccd86439cae82a9011767da14950df0ad997adf"", ""size"": 25000.02, ""price"": 0.032, ""timestamp"": 1770990073, ""title"": ""Will Trump nominate Judy Shelton as the next Fed chair?"", ""slug"": ""will-trump-nominate-judy-shelton-as-the-next-fed-chair"", ""icon"": ""https://polymarket-upload.s3.us-east-2.amazonaws.com/judy-shelton-15c5dd306b.png"", ""eventSlug"": ""who-will-trump-nominate-as-fed-chair"", ""outcome"": ""Yes"", ""outcomeIndex"": 0, ""name"": ""TheNobody1322"", ""pseudonym"": ""Dimpled-Chicken"", ""bio"": """", ""profileImage"": """", ""profileImageOptimized"": """", ""transactionHash"": ""0x9b35a376c66860238a48e6da4878a3d7b74d6e63772410048f27a06046408c34""}"
1770989937,2026-02-14T01:56:23.564508,0x8bf5d21a8247a560dcd7182910ce2314601a2e52a2eef6b93a21e3f111a69188:1770989937,572473,5031084282167950494806674428243037744881029417420880897305642929037077494331,BUY,0.033999975478786984,38.823528,1.319999,0x8bf5d21a8247a560dcd7182910ce2314601a2e52a2eef6b93a21e3f111a69188,"{""proxyWallet"": ""0xf6b6b4fc1db08536f6c8e70e93828f1d26d96763"", ""side"": ""BUY"", ""asset"": ""5031084282167950494806674428243037744881029417420880897305642929037077494331"", ""conditionId"": ""0x46d40e851b24d9b0af4bc1942ccd86439cae82a9011767da14950df0ad997adf"", ""size"": 38.823528, ""price"": 0.033999975478786984, ""timestamp"": 1770989937, ""title"": ""Will Trump nominate Judy Shelton as the next Fed chair?"", ""slug"": ""will-trump-nominate-judy-shelton-as-the-next-fed-chair"", ""icon"": ""https://polymarket-upload.s3.us-east-2.amazonaws.com/judy-shelton-15c5dd306b.png"", ""eventSlug"": ""who-will-trump-nominate-as-fed-chair"", ""outcome"": ""Yes"", ""outcomeIndex"": 0, ""name"": """", ""pseudonym"": """", ""bio"": """", ""profileImage"": """", ""profileImageOptimized"": """", ""transactionHash"": ""0x8bf5d21a8247a560dcd7182910ce2314601a2e52a2eef6b93a21e3f111a69188""}"
1770989775,2026-02-14T01:56:23.564531,0x0be18344f50f584b02992f5478cd01fae6f333cb61fa2733e193496548105acf:1770989775,572473,5031084282167950494806674428243037744881029417420880897305642929037077494331,BUY,0.03499999926658449,1274.857141,44.61999899999999,0x0be18344f50f584b02992f5478cd01fae6f333cb61fa2733e193496548105acf,"{""proxyWallet"": ""0x4bb1f1afda9c306ad020255a5f7f7e8162661344"", ""side"": ""BUY"", ""asset"": ""5031084282167950494806674428243037744881029417420880897305642929037077494331"", ""conditionId"": ""0x46d40e851b24d9b0af4bc1942ccd86439cae82a9011767da14950df0ad997adf"", ""size"": 1274.857141, ""price"": 0.03499999926658449, ""timestamp"": 1770989775, ""title"": ""Will Trump nominate Judy Shelton as the next Fed chair?"", ""slug"": ""will-trump-nominate-judy-shelton-as-the-next-fed-chair"", ""icon"": ""https://polymarket-upload.s3.us-east-2.amazonaws.com/judy-shelton-15c5dd306b.png"", ""eventSlug"": ""who-will-trump-nominate-as-fed-chair"", ""outcome"": ""Yes"", ""outcomeIndex"": 0, ""name"": ""Bopper09"", ""pseudonym"": ""Similar-Stepfather"", ""bio"": """", ""profileImage"": """", ""profileImageOptimized"": """", ""transactionHash"": ""0x0be18344f50f584b02992f5478cd01fae6f333cb61fa2733e193496548105acf""}"
1770989773,2026-02-14T01:56:23.564555,0xf9bb81f2232c3ff97cb80ee28aec2288c90d879b73f7c312ddaeec37e2be22cc:1770989773,572473,5031084282167950494806674428243037744881029417420880897305642929037077494331,SELL,0.034,446.43,15.17862,0xf9bb81f2232c3ff97cb80ee28aec2288c90d879b73f7c312ddaeec37e2be22cc,"{""proxyWallet"": ""0x469c7f793fa34a154f2d378b2397daa9eb65309b"", ""side"": ""SELL"", ""asset"": ""5031084282167950494806674428243037744881029417420880897305642929037077494331"", ""conditionId"": ""0x46d40e851b24d9b0af4bc1942ccd86439cae82a9011767da14950df0ad997adf"", ""size"": 446.43, ""price"": 0.034, ""timestamp"": 1770989773, ""title"": ""Will Trump nominate Judy Shelton as the next Fed chair?"", ""slug"": ""will-trump-nominate-judy-shelton-as-the-next-fed-chair"", ""icon"": ""https://polymarket-upload.s3.us-east-2.amazonaws.com/judy-shelton-15c5dd306b.png"", ""eventSlug"": ""who-will-trump-nominate-as-fed-chair"", ""outcome"": ""Yes"", ""outcomeIndex"": 0, ""name"": ""flyip"", ""pseudonym"": ""Sugary-Peen"", ""bio"": """", ""profileImage"": """", ""profileImageOptimized"": """", ""transactionHash"": ""0xf9bb81f2232c3ff97cb80ee28aec2288c90d879b73f7c312ddaeec37e2be22cc""}"
1770989749,2026-02-14T01:56:23.564576,0x7c4354f9704671dd3bfea5621b316c8bd099453188af3b9db209f45236adab72:1770989749,572473,5031084282167950494806674428243037744881029417420880897305642929037077494331,SELL,0.03308941778661865,160843.95,5322.232660000001,0x7c4354f9704671dd3bfea5621b316c8bd099453188af3b9db209f45236adab72,"{""proxyWallet"": ""0x22c29d09e1b81978aff4e2e7a6dc6455e43085a2"", ""side"": ""SELL"", ""asset"": ""5031084282167950494806674428243037744881029417420880897305642929037077494331"", ""conditionId"": ""0x46d40e851b24d9b0af4bc1942ccd86439cae82a9011767da14950df0ad997adf"", ""size"": 160843.95, ""price"": 0.03308941778661865, ""timestamp"": 1770989749, ""title"": ""Will Trump nominate Judy Shelton as the next Fed chair?"", ""slug"": ""will-trump-nominate-judy-shelton-as-the-next-fed-chair"", ""icon"": ""https://polymarket-upload.s3.us-east-2.amazonaws.com/judy-shelton-15c5dd306b.png"", ""eventSlug"": ""who-will-trump-nominate-as-fed-chair"", ""outcome"": ""Yes"", ""outcomeIndex"": 0, ""name"": ""lakerdistrict"", ""pseudonym"": ""Direct-Alley"", ""bio"": """", ""profileImage"": """", ""profileImageOptimized"": """", ""transactionHash"": ""0x7c4354f9704671dd3bfea5621b316c8bd099453188af3b9db209f45236adab72""}"
1770989657,2026-02-14T01:56:23.564599,0x8250b904b5d62ed29c51334f94f9ebe2fb4e2c0be35575050131381b045b815d:1770989657,572473,5031084282167950494806674428243037744881029417420880897305642929037077494331,SELL,0.034,11843.17,402.66778000000005,0x8250b904b5d62ed29c51334f94f9ebe2fb4e2c0be35575050131381b045b815d,"{""proxyWallet"": ""0xfe908c13210598b13c345e5e22b2af77b8aebbaa"", ""side"": ""SELL"", ""asset"": ""5031084282167950494806674428243037744881029417420880897305642929037077494331"", ""conditionId"": ""0x46d40e851b24d9b0af4bc1942ccd86439cae82a9011767da14950df0ad997adf"", ""size"": 11843.17, ""price"": 0.034, ""timestamp"": 1770989657, ""title"": ""Will Trump nominate Judy Shelton as the next Fed chair?"", ""slug"": ""will-trump-nominate-judy-shelton-as-the-next-fed-chair"", ""icon"": ""https://polymarket-upload.s3.us-east-2.amazonaws.com/judy-shelton-15c5dd306b.png"", ""eventSlug"": ""who-will-trump-nominate-as-fed-chair"", ""outcome"": ""Yes"", ""outcomeIndex"": 0, ""name"": ""StFredo"", ""pseudonym"": ""Pricey-Cable"", ""bio"": """", ""profileImage"": """", ""profileImageOptimized"": """", ""transactionHash"": ""0x8250b904b5d62ed29c51334f94f9ebe2fb4e2c0be35575050131381b045b815d""}"
1770989619,2026-02-14T01:56:23.564623,0x0e21fde0500743945487d6557115f997329f8c7ceef7f7224d4c04d6971b65f4:1770989619,572473,5031084282167950494806674428243037744881029417420880897305642929037077494331,SELL,0.034,81.57,2.77338,0x0e21fde0500743945487d6557115f997329f8c7ceef7f7224d4c04d6971b65f4,"{""proxyWallet"": ""0x712f29301b5f671e084bf7cf02eb00d93dbcbcd9"", ""side"": ""SELL"", ""asset"": ""5031084282167950494806674428243037744881029417420880897305642929037077494331"", ""conditionId"": ""0x46d40e851b24d9b0af4bc1942ccd86439cae82a9011767da14950df0ad997adf"", ""size"": 81.57, ""price"": 0.034, ""timestamp"": 1770989619, ""title"": ""Will Trump nominate Judy Shelton as the next Fed chair?"", ""slug"": ""will-trump-nominate-judy-shelton-as-the-next-fed-chair"", ""icon"": ""https://polymarket-upload.s3.us-east-2.amazonaws.com/judy-shelton-15c5dd306b.png"", ""eventSlug"": ""who-will-trump-nominate-as-fed-chair"", ""outcome"": ""Yes"", ""outcomeIndex"": 0, ""name"": """", ""pseudonym"": """", ""bio"": """", ""profileImage"": """", ""profileImageOptimized"": """", ""transactionHash"": ""0x0e21fde0500743945487d6557115f997329f8c7ceef7f7224d4c04d6971b65f4""}"
1770989595,2026-02-14T01:56:23.564641,0xc530728a81025073a12155c0f662b87dd21527c14484de412a86edf65cc80ea7:1770989595,572473,5031084282167950494806674428243037744881029417420880897305642929037077494331,SELL,0.034,1698.16,57.73744000000001,0xc530728a81025073a12155c0f662b87dd21527c14484de412a86edf65cc80ea7,"{""proxyWallet"": ""0xac1051c9096f17b34a85f179d6d1e10a2d71f091"", ""side"": ""SELL"", ""asset"": ""5031084282167950494806674428243037744881029417420880897305642929037077494331"", ""conditionId"": ""0x46d40e851b24d9b0af4bc1942ccd86439cae82a9011767da14950df0ad997adf"", ""size"": 1698.16, ""price"": 0.034, ""timestamp"": 1770989595, ""title"": ""Will Trump nominate Judy Shelton as the next Fed chair?"", ""slug"": ""will-trump-nominate-judy-shelton-as-the-next-fed-chair"", ""icon"": ""https://polymarket-upload.s3.us-east-2.amazonaws.com/judy-shelton-15c5dd306b.png"", ""eventSlug"": ""who-will-trump-nominate-as-fed-chair"", ""outcome"": ""Yes"", ""outcomeIndex"": 0, ""name"": ""324578"", ""pseudonym"": ""Near-Sulfur"", ""bio"": """", ""profileImage"": """", ""profileImageOptimized"": """", ""transactionHash"": ""0xc530728a81025073a12155c0f662b87dd21527c14484de412a86edf65cc80ea7""}"
1770989581,2026-02-14T01:56:23.564659,0xad51a5cdde583942c57a27eecc7426eeee5e4928f6671ca870e09c674576b078:1770989581,572473,5031084282167950494806674428243037744881029417420880897305642929037077494331,SELL,0.034,1900.0,64.60000000000001,0xad51a5cdde583942c57a27eecc7426eeee5e4928f6671ca870e09c674576b078,"{""proxyWallet"": ""0x16440eb7657a68cceb81c88811aaf828d2873d98"", ""side"": ""SELL"", ""asset"": ""5031084282167950494806674428243037744881029417420880897305642929037077494331"", ""conditionId"": ""0x46d40e851b24d9b0af4bc1942ccd86439cae82a9011767da14950df0ad997adf"", ""size"": 1900, ""price"": 0.034, ""timestamp"": 1770989581, ""title"": ""Will Trump nominate Judy Shelton as the next Fed chair?"", ""slug"": ""will-trump-nominate-judy-shelton-as-the-next-fed-chair"", ""icon"": ""https://polymarket-upload.s3.us-east-2.amazonaws.com/judy-shelton-15c5dd306b.png"", ""eventSlug"": ""who-will-trump-nominate-as-fed-chair"", ""outcome"": ""Yes"", ""outcomeIndex"": 0, ""name"": ""345879"", ""pseudonym"": ""Sudden-Drummer"", ""bio"": """", ""profileImage"": """", ""profileImageOptimized"": """", ""transactionHash"": ""0xad51a5cdde583942c57a27eecc7426eeee5e4928f6671ca870e09c674576b078""}"
1770989419,2026-02-14T01:56:23.564676,0x625387db867db49d9d1c0462d6675aceb9fc7e67222b6e125587989f6711fa1a:1770989419,572473,5031084282167950494806674428243037744881029417420880897305642929037077494331,SELL,0.034,2500.03,85.00102000000001,0x625387db867db49d9d1c0462d6675aceb9fc7e67222b6e125587989f6711fa1a,"{""proxyWallet"": ""0x60879474b10465b70176f812b1649a0e65dc61e8"", ""side"": ""SELL"", ""asset"": ""5031084282167950494806674428243037744881029417420880897305642929037077494331"", ""conditionId"": ""0x46d40e851b24d9b0af4bc1942ccd86439cae82a9011767da14950df0ad997adf"", ""size"": 2500.03, ""price"": 0.034, ""timestamp"": 1770989419, ""title"": ""Will Trump nominate Judy Shelton as the next Fed chair?"", ""slug"": ""will-trump-nominate-judy-shelton-as-the-next-fed-chair"", ""icon"": ""https://polymarket-upload.s3.us-east-2.amazonaws.com/judy-shelton-15c5dd306b.png"", ""eventSlug"": ""who-will-trump-nominate-as-fed-chair"", ""outcome"": ""Yes"", ""outcomeIndex"": 0, ""name"": ""spring431"", ""pseudonym"": ""Fatherly-Nightclub"", ""bio"": """", ""profileImage"": """", ""profileImageOptimized"": """", ""transactionHash"": ""0x625387db867db49d9d1c0462d6675aceb9fc7e67222b6e125587989f6711fa1a""}"
1770989297,2026-02-14T01:56:23.564700,0xae168cdc41cf3e1b0c647ddcf4d1515b1518823d8792e0fc369b4f7782cb2daa:1770989297,572473,5031084282167950494806674428243037744881029417420880897305642929037077494331,BUY,0.035,294.66,10.313100000000002,0xae168cdc41cf3e1b0c647ddcf4d1515b1518823d8792e0fc369b4f7782cb2daa,"{""proxyWallet"": ""0xe8a68017820cc850b4d13cfd8a165eb438b4644b"", ""side"": ""BUY"", ""asset"": ""5031084282167950494806674428243037744881029417420880897305642929037077494331"", ""conditionId"": ""0x46d40e851b24d9b0af4bc1942ccd86439cae82a9011767da14950df0ad997adf"", ""size"": 294.66, ""price"": 0.035, ""timestamp"": 1770989297, ""title"": ""Will Trump nominate Judy Shelton as the next Fed chair?"", ""slug"": ""will-trump-nominate-judy-shelton-as-the-next-fed-chair"", ""icon"": ""https://polymarket-upload.s3.us-east-2.amazonaws.com/judy-shelton-15c5dd306b.png"", ""eventSlug"": ""who-will-trump-nominate-as-fed-chair"", ""outcome"": ""Yes"", ""outcomeIndex"": 0, ""name"": ""Simon4s"", ""pseudonym"": ""Precious-Physical"", ""bio"": """", ""profileImage"": """", ""profileImageOptimized"": """", ""transactionHash"": ""0xae168cdc41cf3e1b0c647ddcf4d1515b1518823d8792e0fc369b4f7782cb2daa""}"
1770989231,2026-02-14T01:56:23.564720,0xc9ad2fd9d7c2efd5ad2a4022aebe79cf8604163e27478e109fd73c685baf512f:1770989231,572473,5031084282167950494806674428243037744881029417420880897305642929037077494331,BUY,0.03589200778706979,2786.135554,99.999999,0xc9ad2fd9d7c2efd5ad2a4022aebe79cf8604163e27478e109fd73c685baf512f,"{""proxyWallet"": ""0xfa5e61384ed40f4674213ad0ce84f8f12f4de3a3"", ""side"": ""BUY"", ""asset"": ""5031084282167950494806674428243037744881029417420880897305642929037077494331"", ""conditionId"": ""0x46d40e851b24d9b0af4bc1942ccd86439cae82a9011767da14950df0ad997adf"", ""size"": 2786.135554, ""price"": 0.03589200778706979, ""timestamp"": 1770989231, ""title"": ""Will Trump nominate Judy Shelton as the next Fed chair?"", ""slug"": ""will-trump-nominate-judy-shelton-as-the-next-fed-chair"", ""icon"": ""https://polymarket-upload.s3.us-east-2.amazonaws.com/judy-shelton-15c5dd306b.png"", ""eventSlug"": ""who-will-trump-nominate-as-fed-chair"", ""outcome"": ""Yes"", ""outcomeIndex"": 0, ""name"": """", ""pseudonym"": """", ""bio"": """", ""profileImage"": """", ""profileImageOptimized"": """", ""transactionHash"": ""0xc9ad2fd9d7c2efd5ad2a4022aebe79cf8604163e27478e109fd73c685baf512f""}"
1770988913,2026-02-14T01:56:23.564748,0x6006a06cedb11a8e64142218195d958676e048bad100fb7e300a240605ad4e05:1770988913,572473,5031084282167950494806674428243037744881029417420880897305642929037077494331,SELL,0.036,5.0,0.18,0x6006a06cedb11a8e64142218195d958676e048bad100fb7e300a240605ad4e05,"{""proxyWallet"": ""0x0b01d14b4f91acdf61534543d4a645f142238f47"", ""side"": ""SELL"", ""asset"": ""5031084282167950494806674428243037744881029417420880897305642929037077494331"", ""conditionId"": ""0x46d40e851b24d9b0af4bc1942ccd86439cae82a9011767da14950df0ad997adf"", ""size"": 5, ""price"": 0.036, ""timestamp"": 1770988913, ""title"": ""Will Trump nominate Judy Shelton as the next Fed chair?"", ""slug"": ""will-trump-nominate-judy-shelton-as-the-next-fed-chair"", ""icon"": ""https://polymarket-upload.s3.us-east-2.amazonaws.com/judy-shelton-15c5dd306b.png"", ""eventSlug"": ""who-will-trump-nominate-as-fed-chair"", ""outcome"": ""Yes"", ""outcomeIndex"": 0, ""name"": ""0x0B01d14B4f91ACdf61534543d4a645f142238F47-1766685782640"", ""pseudonym"": ""Radiant-Dahlia"", ""bio"": """", ""profileImage"": """", ""profileImageOptimized"": """", ""transactionHash"": ""0x6006a06cedb11a8e64142218195d958676e048bad100fb7e300a240605ad4e05""}"
1770988899,2026-02-14T01:56:23.564766,0x4c0262e66acaaeaec154c9f2cb6527a115410d55ef1d6407d19b6d4df991f03d:1770988899,572473,5031084282167950494806674428243037744881029417420880897305642929037077494331,SELL,0.036,11104.09,399.74724,0x4c0262e66acaaeaec154c9f2cb6527a115410d55ef1d6407d19b6d4df991f03d,"{""proxyWallet"": ""0x0efb3326eb8edf47a9e1ba88cdd65182e82dce42"", ""side"": ""SELL"", ""asset"": ""5031084282167950494806674428243037744881029417420880897305642929037077494331"", ""conditionId"": ""0x46d40e851b24d9b0af4bc1942ccd86439cae82a9011767da14950df0ad997adf"", ""size"": 11104.09, ""price"": 0.036, ""timestamp"": 1770988899, ""title"": ""Will Trump nominate Judy Shelton as the next Fed chair?"", ""slug"": ""will-trump-nominate-judy-shelton-as-the-next-fed-chair"", ""icon"": ""https://polymarket-upload.s3.us-east-2.amazonaws.com/judy-shelton-15c5dd306b.png"", ""eventSlug"": ""who-will-trump-nominate-as-fed-chair"", ""outcome"": ""Yes"", ""outcomeIndex"": 0, ""name"": ""zolam"", ""pseudonym"": ""Handmade-Pantyhose"", ""bio"": """", ""profileImage"": """", ""profileImageOptimized"": """", ""transactionHash"": ""0x4c0262e66acaaeaec154c9f2cb6527a115410d55ef1d6407d19b6d4df991f03d""}"
1770988865,2026-02-14T01:56:23.564784,0x07abf13d80a9d43e4870fa048879444e1a1afec79bd3a3f5578db4953f875d8b:1770988865,572473,5031084282167950494806674428243037744881029417420880897305642929037077494331,BUY,0.036999997279841886,341.89189,12.649999000000001,0x07abf13d80a9d43e4870fa048879444e1a1afec79bd3a3f5578db4953f875d8b,"{""proxyWallet"": ""0x2e3a21ac8025f4ddb617340b43d1f7553445ce6b"", ""side"": ""BUY"", ""asset"": ""5031084282167950494806674428243037744881029417420880897305642929037077494331"", ""conditionId"": ""0x46d40e851b24d9b0af4bc1942ccd86439cae82a9011767da14950df0ad997adf"", ""size"": 341.89189, ""price"": 0.036999997279841886, ""timestamp"": 1770988865, ""title"": ""Will Trump nominate Judy Shelton as the next Fed chair?"", ""slug"": ""will-trump-nominate-judy-shelton-as-the-next-fed-chair"", ""icon"": ""https://polymarket-upload.s3.us-east-2.amazonaws.com/judy-shelton-15c5dd306b.png"", ""eventSlug"": ""who-will-trump-nominate-as-fed-chair"", ""outcome"": ""Yes"", ""outcomeIndex"": 0, ""name"": """", ""pseudonym"": """", ""bio"": """", ""profileImage"": """", ""profileImageOptimized"": """", ""transactionHash"": ""0x07abf13d80a9d43e4870fa048879444e1a1afec79bd3a3f5578db4953f875d8b""}"
1770988793,2026-02-14T01:56:23.564805,0xd7b75b9de94140284e4c32c3aa2eed6a05834f5f29bb835daf2b79d2f50e3509:1770988793,572473,5031084282167950494806674428243037744881029417420880897305642929037077494331,SELL,0.036,607.92,21.885119999999997,0xd7b75b9de94140284e4c32c3aa2eed6a05834f5f29bb835daf2b79d2f50e3509,"{""proxyWallet"": ""0xb6be04ecf043f6b1bd84e7457069a424fe7db7e5"", ""side"": ""SELL"", ""asset"": ""5031084282167950494806674428243037744881029417420880897305642929037077494331"", ""conditionId"": ""0x46d40e851b24d9b0af4bc1942ccd86439cae82a9011767da14950df0ad997adf"", ""size"": 607.92, ""price"": 0.036, ""timestamp"": 1770988793, ""title"": ""Will Trump nominate Judy Shelton as the next Fed chair?"", ""slug"": ""will-trump-nominate-judy-shelton-as-the-next-fed-chair"", ""icon"": ""https://polymarket-upload.s3.us-east-2.amazonaws.com/judy-shelton-15c5dd306b.png"", ""eventSlug"": ""who-will-trump-nominate-as-fed-chair"", ""outcome"": ""Yes"", ""outcomeIndex"": 0, ""name"": ""letstrythis89"", ""pseudonym"": ""Nonstop-First"", ""bio"": """", ""profileImage"": """", ""profileImageOptimized"": """", ""transactionHash"": ""0xd7b75b9de94140284e4c32c3aa2eed6a05834f5f29bb835daf2b79d2f50e3509""}"
1770988777,2026-02-14T01:56:23.564826,0x590cb9dcbb4ac3103331d8c5525246c918b1bbae5540f3ad610218bb1f869e26:1770988777,572473,5031084282167950494806674428243037744881029417420880897305642929037077494331,BUY,0.037,1551.47,57.40439,0x590cb9dcbb4ac3103331d8c5525246c918b1bbae5540f3ad610218bb1f869e26,"{""proxyWallet"": ""0x7c397fa759f27e7d2dbdb455903511c8ea5af064"", ""side"": ""BUY"", ""asset"": ""5031084282167950494806674428243037744881029417420880897305642929037077494331"", ""conditionId"": ""0x46d40e851b24d9b0af4bc1942ccd86439cae82a9011767da14950df0ad997adf"", ""size"": 1551.47, ""price"": 0.037, ""timestamp"": 1770988777, ""title"": ""Will Trump nominate Judy Shelton as the next Fed chair?"", ""slug"": ""will-trump-nominate-judy-shelton-as-the-next-fed-chair"", ""icon"": ""https://polymarket-upload.s3.us-east-2.amazonaws.com/judy-shelton-15c5dd306b.png"", ""eventSlug"": ""who-will-trump-nominate-as-fed-chair"", ""outcome"": ""Yes"", ""outcomeIndex"": 0, ""name"": ""0x7c397Fa759f27E7d2dBDb455903511c8Ea5aF064-1764890207869"", ""pseudonym"": ""Admired-Pyramid"", ""bio"": """", ""profileImage"": """", ""profileImageOptimized"": """", ""transactionHash"": ""0x590cb9dcbb4ac3103331d8c5525246c918b1bbae5540f3ad610218bb1f869e26""}"
1770988691,2026-02-14T01:56:23.564847,0x795508aefcda5f41039c3296f96591490aff5558833329006925c676fe53e69b:1770988691,572473,5031084282167950494806674428243037744881029417420880897305642929037077494331,SELL,0.036,3113.02,112.06871999999998,0x795508aefcda5f41039c3296f96591490aff5558833329006925c676fe53e69b,"{""proxyWallet"": ""0x5ac6a47e5cec3139781051e917a44d512507a9c2"", ""side"": ""SELL"", ""asset"": ""5031084282167950494806674428243037744881029417420880897305642929037077494331"", ""conditionId"": ""0x46d40e851b24d9b0af4bc1942ccd86439cae82a9011767da14950df0ad997adf"", ""size"": 3113.02, ""price"": 0.036, ""timestamp"": 1770988691, ""title"": ""Will Trump nominate Judy Shelton as the next Fed chair?"", ""slug"": ""will-trump-nominate-judy-shelton-as-the-next-fed-chair"", ""icon"": ""https://polymarket-upload.s3.us-east-2.amazonaws.com/judy-shelton-15c5dd306b.png"", ""eventSlug"": ""who-will-trump-nominate-as-fed-chair"", ""outcome"": ""Yes"", ""outcomeIndex"": 0, ""name"": ""0x5aC6A47E5CEC3139781051E917A44D512507a9C2-1769516584279"", ""pseudonym"": ""Clever-Trap"", ""bio"": """", ""profileImage"": """", ""profileImageOptimized"": """", ""transactionHash"": ""0x795508aefcda5f41039c3296f96591490aff5558833329006925c676fe53e69b""}"
1770988677,2026-02-14T01:56:23.564868,0x25bd9b8c842b24abd906e564c6fbd42ed498677bdbb03a6d9ef8135e9f4070c9:1770988677,572473,5031084282167950494806674428243037744881029417420880897305642929037077494331,BUY,0.037,2404.15,88.95354999999999,0x25bd9b8c842b24abd906e564c6fbd42ed498677bdbb03a6d9ef8135e9f4070c9,"{""proxyWallet"": ""0x7c397fa759f27e7d2dbdb455903511c8ea5af064"", ""side"": ""BUY"", ""asset"": ""5031084282167950494806674428243037744881029417420880897305642929037077494331"", ""conditionId"": ""0x46d40e851b24d9b0af4bc1942ccd86439cae82a9011767da14950df0ad997adf"", ""size"": 2404.15, ""price"": 0.037, ""timestamp"": 1770988677, ""title"": ""Will Trump nominate Judy Shelton as the next Fed chair?"", ""slug"": ""will-trump-nominate-judy-shelton-as-the-next-fed-chair"", ""icon"": ""https://polymarket-upload.s3.us-east-2.amazonaws.com/judy-shelton-15c5dd306b.png"", ""eventSlug"": ""who-will-trump-nominate-as-fed-chair"", ""outcome"": ""Yes"", ""outcomeIndex"": 0, ""name"": ""0x7c397Fa759f27E7d2dBDb455903511c8Ea5aF064-1764890207869"", ""pseudonym"": ""Admired-Pyramid"", ""bio"": """", ""profileImage"": """", ""profileImageOptimized"": """", ""transactionHash"": ""0x25bd9b8c842b24abd906e564c6fbd42ed498677bdbb03a6d9ef8135e9f4070c9""}"
1770988669,2026-02-14T01:56:23.564885,0xaf33d6adc597bea5cb069a3f596d8dc47c8ea6146fca17b73bd8b0d8acb8ae9e:1770988669,572473,5031084282167950494806674428243037744881029417420880897305642929037077494331,SELL,0.036,93.33,3.3598799999999995,0xaf33d6adc597bea5cb069a3f596d8dc47c8ea6146fca17b73bd8b0d8acb8ae9e,"{""proxyWallet"": ""0x330c389c86d915f7f348b6ddb58bc3610f99b9a1"", ""side"": ""SELL"", ""asset"": ""5031084282167950494806674428243037744881029417420880897305642929037077494331"", ""conditionId"": ""0x46d40e851b24d9b0af4bc1942ccd86439cae82a9011767da14950df0ad997adf"", ""size"": 93.33, ""price"": 0.036, ""timestamp"": 1770988669, ""title"": ""Will Trump nominate Judy Shelton as the next Fed chair?"", ""slug"": ""will-trump-nominate-judy-shelton-as-the-next-fed-chair"", ""icon"": ""https://polymarket-upload.s3.us-east-2.amazonaws.com/judy-shelton-15c5dd306b.png"", ""eventSlug"": ""who-will-trump-nominate-as-fed-chair"", ""outcome"": ""Yes"", ""outcomeIndex"": 0, ""name"": ""mcdope01"", ""pseudonym"": ""Enchanted-Symbol"", ""bio"": """", ""profileImage"": """", ""profileImageOptimized"": """", ""transactionHash"": ""0xaf33d6adc597bea5cb069a3f596d8dc47c8ea6146fca17b73bd8b0d8acb8ae9e""}"
1770988603,2026-02-14T01:56:23.564904,0xfa67db68cc912135fecd4ff631eb82cd59d0b1d73cccabb7a16ff11766782e7c:1770988603,572473,5031084282167950494806674428243037744881029417420880897305642929037077494331,SELL,0.036,3.0,0.10799999999999998,0xfa67db68cc912135fecd4ff631eb82cd59d0b1d73cccabb7a16ff11766782e7c,"{""proxyWallet"": ""0xc8aa343b5cb67119aa82b7eea44dfc0f5c6ac0f7"", ""side"": ""SELL"", ""asset"": ""5031084282167950494806674428243037744881029417420880897305642929037077494331"", ""conditionId"": ""0x46d40e851b24d9b0af4bc1942ccd86439cae82a9011767da14950df0ad997adf"", ""size"": 3, ""price"": 0.036, ""timestamp"": 1770988603, ""title"": ""Will Trump nominate Judy Shelton as the next Fed chair?"", ""slug"": ""will-trump-nominate-judy-shelton-as-the-next-fed-chair"", ""icon"": ""https://polymarket-upload.s3.us-east-2.amazonaws.com/judy-shelton-15c5dd306b.png"", ""eventSlug"": ""who-will-trump-nominate-as-fed-chair"", ""outcome"": ""Yes"", ""outcomeIndex"": 0, ""name"": ""masterjordan"", ""pseudonym"": ""Revolving-Spite"", ""bio"": """", ""profileImage"": """", ""profileImageOptimized"": """", ""transactionHash"": ""0xfa67db68cc912135fecd4ff631eb82cd59d0b1d73cccabb7a16ff11766782e7c""}"
1770988603,2026-02-14T01:56:23.564922,0x8f275066006e776695b6a92fc24f0dd1fe8e4abba6f7cf9d3437415edd467ad3:1770988603,572473,5031084282167950494806674428243037744881029417420880897305642929037077494331,BUY,0.037,53.33,1.97321,0x8f275066006e776695b6a92fc24f0dd1fe8e4abba6f7cf9d3437415edd467ad3,"{""proxyWallet"": ""0x330c389c86d915f7f348b6ddb58bc3610f99b9a1"", ""side"": ""BUY"", ""asset"": ""5031084282167950494806674428243037744881029417420880897305642929037077494331"", ""conditionId"": ""0x46d40e851b24d9b0af4bc1942ccd86439cae82a9011767da14950df0ad997adf"", ""size"": 53.33, ""price"": 0.037, ""timestamp"": 1770988603, ""title"": ""Will Trump nominate Judy Shelton as the next Fed chair?"", ""slug"": ""will-trump-nominate-judy-shelton-as-the-next-fed-chair"", ""icon"": ""https://polymarket-upload.s3.us-east-2.amazonaws.com/judy-shelton-15c5dd306b.png"", ""eventSlug"": ""who-will-trump-nominate-as-fed-chair"", ""outcome"": ""Yes"", ""outcomeIndex"": 0, ""name"": ""mcdope01"", ""pseudonym"": ""Enchanted-Symbol"", ""bio"": """", ""profileImage"": """", ""profileImageOptimized"": """", ""transactionHash"": ""0x8f275066006e776695b6a92fc24f0dd1fe8e4abba6f7cf9d3437415edd467ad3""}"
1770988511,2026-02-14T01:56:23.564951,0xbcf392dd01a8dbc4e663d05ac5bfafca5a478e73040fb2dba9e0c2ea67166ec4:1770988511,572473,5031084282167950494806674428243037744881029417420880897305642929037077494331,BUY,0.037,40.0,1.48,0xbcf392dd01a8dbc4e663d05ac5bfafca5a478e73040fb2dba9e0c2ea67166ec4,"{""proxyWallet"": ""0x330c389c86d915f7f348b6ddb58bc3610f99b9a1"", ""side"": ""BUY"", ""asset"": ""5031084282167950494806674428243037744881029417420880897305642929037077494331"", ""conditionId"": ""0x46d40e851b24d9b0af4bc1942ccd86439cae82a9011767da14950df0ad997adf"", ""size"": 40, ""price"": 0.037, ""timestamp"": 1770988511, ""title"": ""Will Trump nominate Judy Shelton as the next Fed chair?"", ""slug"": ""will-trump-nominate-judy-shelton-as-the-next-fed-chair"", ""icon"": ""https://polymarket-upload.s3.us-east-2.amazonaws.com/judy-shelton-15c5dd306b.png"", ""eventSlug"": ""who-will-trump-nominate-as-fed-chair"", ""outcome"": ""Yes"", ""outcomeIndex"": 0, ""name"": ""mcdope01"", ""pseudonym"": ""Enchanted-Symbol"", ""bio"": """", ""profileImage"": """", ""profileImageOptimized"": """", ""transactionHash"": ""0xbcf392dd01a8dbc4e663d05ac5bfafca5a478e73040fb2dba9e0c2ea67166ec4""}"
1770988505,2026-02-14T01:56:23.564970,0xb7ca1b17aeb1c183f4990615622b84a13a39c8572713f25d7619a45af259b7b0:1770988505,572473,5031084282167950494806674428243037744881029417420880897305642929037077494331,SELL,0.037,617.07,22.831590000000002,0xb7ca1b17aeb1c183f4990615622b84a13a39c8572713f25d7619a45af259b7b0,"{""proxyWallet"": ""0xdeb0841375c3fb8d75242b5db443be093c5f8c9e"", ""side"": ""SELL"", ""asset"": ""5031084282167950494806674428243037744881029417420880897305642929037077494331"", ""conditionId"": ""0x46d40e851b24d9b0af4bc1942ccd86439cae82a9011767da14950df0ad997adf"", ""size"": 617.07, ""price"": 0.037, ""timestamp"": 1770988505, ""title"": ""Will Trump nominate Judy Shelton as the next Fed chair?"", ""slug"": ""will-trump-nominate-judy-shelton-as-the-next-fed-chair"", ""icon"": ""https://polymarket-upload.s3.us-east-2.amazonaws.com/judy-shelton-15c5dd306b.png"", ""eventSlug"": ""who-will-trump-nominate-as-fed-chair"", ""outcome"": ""Yes"", ""outcomeIndex"": 0, ""name"": ""436785"", ""pseudonym"": ""Damp-Sherry"", ""bio"": """", ""profileImage"": """", ""profileImageOptimized"": """", ""transactionHash"": ""0xb7ca1b17aeb1c183f4990615622b84a13a39c8572713f25d7619a45af259b7b0""}"
1770988487,2026-02-14T01:56:23.564990,0xaae8bc3e35f726d2c89daa8079c05252bdb16a8b8d6d9c4eb5c11901ae5926ce:1770988487,572473,5031084282167950494806674428243037744881029417420880897305642929037077494331,SELL,0.037,960.0,35.519999999999996,0xaae8bc3e35f726d2c89daa8079c05252bdb16a8b8d6d9c4eb5c11901ae5926ce,"{""proxyWallet"": ""0x9aee70a33c99340aa5ea21aff0e9022b0c15fb60"", ""side"": ""SELL"", ""asset"": ""5031084282167950494806674428243037744881029417420880897305642929037077494331"", ""conditionId"": ""0x46d40e851b24d9b0af4bc1942ccd86439cae82a9011767da14950df0ad997adf"", ""size"": 960, ""price"": 0.037, ""timestamp"": 1770988487, ""title"": ""Will Trump nominate Judy Shelton as the next Fed chair?"", ""slug"": ""will-trump-nominate-judy-shelton-as-the-next-fed-chair"", ""icon"": ""https://polymarket-upload.s3.us-east-2.amazonaws.com/judy-shelton-15c5dd306b.png"", ""eventSlug"": ""who-will-trump-nominate-as-fed-chair"", ""outcome"": ""Yes"", ""outcomeIndex"": 0, ""name"": ""5436768"", ""pseudonym"": ""Metallic-Buying"", ""bio"": """", ""profileImage"": """", ""profileImageOptimized"": """", ""transactionHash"": ""0xaae8bc3e35f726d2c89daa8079c05252bdb16a8b8d6d9c4eb5c11901ae5926ce""}"
1770988467,2026-02-14T01:56:24.391578,0x958de57d95d9e6c9cbddb0f301d01e015068553b1f394a8464dfd513e2fa2cff:1770988467,572473,5031084282167950494806674428243037744881029417420880897305642929037077494331,SELL,0.037,1040.0,38.48,0x958de57d95d9e6c9cbddb0f301d01e015068553b1f394a8464dfd513e2fa2cff,"{""proxyWallet"": ""0x34de4f4cbad70a0f59bc2cfa5f333200060df751"", ""side"": ""SELL"", ""asset"": ""5031084282167950494806674428243037744881029417420880897305642929037077494331"", ""conditionId"": ""0x46d40e851b24d9b0af4bc1942ccd86439cae82a9011767da14950df0ad997adf"", ""size"": 1040, ""price"": 0.037, ""timestamp"": 1770988467, ""title"": ""Will Trump nominate Judy Shelton as the next Fed chair?"", ""slug"": ""will-trump-nominate-judy-shelton-as-the-next-fed-chair"", ""icon"": ""https://polymarket-upload.s3.us-east-2.amazonaws.com/judy-shelton-15c5dd306b.png"", ""eventSlug"": ""who-will-trump-nominate-as-fed-chair"", ""outcome"": ""Yes"", ""outcomeIndex"": 0, ""name"": ""34254536"", ""pseudonym"": ""Luminous-Zipper"", ""bio"": """", ""profileImage"": """", ""profileImageOptimized"": """", ""transactionHash"": ""0x958de57d95d9e6c9cbddb0f301d01e015068553b1f394a8464dfd513e2fa2cff""}"
1770988459,2026-02-14T01:56:24.391658,0xfdff383f9f7199cf757bc2b830de69d520c6dd41f9203b93edc3122492009a7e:1770988459,572473,5031084282167950494806674428243037744881029417420880897305642929037077494331,SELL,0.037,1030.0,38.11,0xfdff383f9f7199cf757bc2b830de69d520c6dd41f9203b93edc3122492009a7e,"{""proxyWallet"": ""0x5757e3d994b9936d55637be2af840a5910d3d3dd"", ""side"": ""SELL"", ""asset"": ""5031084282167950494806674428243037744881029417420880897305642929037077494331"", ""conditionId"": ""0x46d40e851b24d9b0af4bc1942ccd86439cae82a9011767da14950df0ad997adf"", ""size"": 1030, ""price"": 0.037, ""timestamp"": 1770988459, ""title"": ""Will Trump nominate Judy Shelton as the next Fed chair?"", ""slug"": ""will-trump-nominate-judy-shelton-as-the-next-fed-chair"", ""icon"": ""https://polymarket-upload.s3.us-east-2.amazonaws.com/judy-shelton-15c5dd306b.png"", ""eventSlug"": ""who-will-trump-nominate-as-fed-chair"", ""outcome"": ""Yes"", ""outcomeIndex"": 0, ""name"": ""54374567"", ""pseudonym"": ""Frilly-Decade"", ""bio"": """", ""profileImage"": """", ""profileImageOptimized"": """", ""transactionHash"": ""0xfdff383f9f7199cf757bc2b830de69d520c6dd41f9203b93edc3122492009a7e""}"
1770988457,2026-02-14T01:56:24.391679,0xf3f554aa3267df689dc0b55e57821ec5facc90e196c5ec5cddb7c19ef0d23595:1770988457,572473,5031084282167950494806674428243037744881029417420880897305642929037077494331,SELL,0.037,609.58,22.55446,0xf3f554aa3267df689dc0b55e57821ec5facc90e196c5ec5cddb7c19ef0d23595,"{""proxyWallet"": ""0x74ac205c5774084ad1e44337938fbd8a93bdfd35"", ""side"": ""SELL"", ""asset"": ""5031084282167950494806674428243037744881029417420880897305642929037077494331"", ""conditionId"": ""0x46d40e851b24d9b0af4bc1942ccd86439cae82a9011767da14950df0ad997adf"", ""size"": 609.58, ""price"": 0.037, ""timestamp"": 1770988457, ""title"": ""Will Trump nominate Judy Shelton as the next Fed chair?"", ""slug"": ""will-trump-nominate-judy-shelton-as-the-next-fed-chair"", ""icon"": ""https://polymarket-upload.s3.us-east-2.amazonaws.com/judy-shelton-15c5dd306b.png"", ""eventSlug"": ""who-will-trump-nominate-as-fed-chair"", ""outcome"": ""Yes"", ""outcomeIndex"": 0, ""name"": ""344567"", ""pseudonym"": ""Antique-Gopher"", ""bio"": """", ""profileImage"": """", ""profileImageOptimized"": """", ""transactionHash"": ""0xf3f554aa3267df689dc0b55e57821ec5facc90e196c5ec5cddb7c19ef0d23595""}"
1770988433,2026-02-14T01:56:24.391698,0x0789159b58393ce5acb952321ea6e35671d14c23f4d7b426fa77e4ffcec0dc0d:1770988433,572473,5031084282167950494806674428243037744881029417420880897305642929037077494331,SELL,0.037,1030.0,38.11,0x0789159b58393ce5acb952321ea6e35671d14c23f4d7b426fa77e4ffcec0dc0d,"{""proxyWallet"": ""0x1177755a88387594d73813f4a62f99cc0c21a777"", ""side"": ""SELL"", ""asset"": ""5031084282167950494806674428243037744881029417420880897305642929037077494331"", ""conditionId"": ""0x46d40e851b24d9b0af4bc1942ccd86439cae82a9011767da14950df0ad997adf"", ""size"": 1030, ""price"": 0.037, ""timestamp"": 1770988433, ""title"": ""Will Trump nominate Judy Shelton as the next Fed chair?"", ""slug"": ""will-trump-nominate-judy-shelton-as-the-next-fed-chair"", ""icon"": ""https://polymarket-upload.s3.us-east-2.amazonaws.com/judy-shelton-15c5dd306b.png"", ""eventSlug"": ""who-will-trump-nominate-as-fed-chair"", ""outcome"": ""Yes"", ""outcomeIndex"": 0, ""name"": ""4576567"", ""pseudonym"": ""Pure-Veto"", ""bio"": """", ""profileImage"": """", ""profileImageOptimized"": """", ""transactionHash"": ""0x0789159b58393ce5acb952321ea6e35671d14c23f4d7b426fa77e4ffcec0dc0d""}"
1770988423,2026-02-14T01:56:24.391715,0x4bf6380df374e7d567f39a695e484c3475d0eb9276eb669405b97ec43010dfea:1770988423,572473,5031084282167950494806674428243037744881029417420880897305642929037077494331,SELL,0.037,1030.0,38.11,0x4bf6380df374e7d567f39a695e484c3475d0eb9276eb669405b97ec43010dfea,"{""proxyWallet"": ""0xb3a737ccb8c8ed82d80ce8a3b9db2ade63c68f25"", ""side"": ""SELL"", ""asset"": ""5031084282167950494806674428243037744881029417420880897305642929037077494331"", ""conditionId"": ""0x46d40e851b24d9b0af4bc1942ccd86439cae82a9011767da14950df0ad997adf"", ""size"": 1030, ""price"": 0.037, ""timestamp"": 1770988423, ""title"": ""Will Trump nominate Judy Shelton as the next Fed chair?"", ""slug"": ""will-trump-nominate-judy-shelton-as-the-next-fed-chair"", ""icon"": ""https://polymarket-upload.s3.us-east-2.amazonaws.com/judy-shelton-15c5dd306b.png"", ""eventSlug"": ""who-will-trump-nominate-as-fed-chair"", ""outcome"": ""Yes"", ""outcomeIndex"": 0, ""name"": ""98077864753"", ""pseudonym"": ""Unaware-Executive"", ""bio"": """", ""profileImage"": """", ""profileImageOptimized"": """", ""transactionHash"": ""0x4bf6380df374e7d567f39a695e484c3475d0eb9276eb669405b97ec43010dfea""}"
1770988123,2026-02-14T01:56:24.391736,0x9f5983098016afab7c85c60c4378d206c1e811c797cfaa2d8ee65b0d65f2e148:1770988123,572473,5031084282167950494806674428243037744881029417420880897305642929037077494331,BUY,0.039,446.43,17.41077,0x9f5983098016afab7c85c60c4378d206c1e811c797cfaa2d8ee65b0d65f2e148,"{""proxyWallet"": ""0x469c7f793fa34a154f2d378b2397daa9eb65309b"", ""side"": ""BUY"", ""asset"": ""5031084282167950494806674428243037744881029417420880897305642929037077494331"", ""conditionId"": ""0x46d40e851b24d9b0af4bc1942ccd86439cae82a9011767da14950df0ad997adf"", ""size"": 446.43, ""price"": 0.039, ""timestamp"": 1770988123, ""title"": ""Will Trump nominate Judy Shelton as the next Fed chair?"", ""slug"": ""will-trump-nominate-judy-shelton-as-the-next-fed-chair"", ""icon"": ""https://polymarket-upload.s3.us-east-2.amazonaws.com/judy-shelton-15c5dd306b.png"", ""eventSlug"": ""who-will-trump-nominate-as-fed-chair"", ""outcome"": ""Yes"", ""outcomeIndex"": 0, ""name"": ""flyip"", ""pseudonym"": ""Sugary-Peen"", ""bio"": """", ""profileImage"": """", ""profileImageOptimized"": """", ""transactionHash"": ""0x9f5983098016afab7c85c60c4378d206c1e811c797cfaa2d8ee65b0d65f2e148""}"
1770988103,2026-02-14T01:56:24.391755,0x9267f71c7f2466f03a79dd96bcefaef4b766b0abdc2f350220a31829d562582f:1770988103,572473,5031084282167950494806674428243037744881029417420880897305642929037077494331,SELL,0.038,1020.0,38.76,0x9267f71c7f2466f03a79dd96bcefaef4b766b0abdc2f350220a31829d562582f,"{""proxyWallet"": ""0xf538f8e227ce29662986157cf643d072b9f47102"", ""side"": ""SELL"", ""asset"": ""5031084282167950494806674428243037744881029417420880897305642929037077494331"", ""conditionId"": ""0x46d40e851b24d9b0af4bc1942ccd86439cae82a9011767da14950df0ad997adf"", ""size"": 1020, ""price"": 0.038, ""timestamp"": 1770988103, ""title"": ""Will Trump nominate Judy Shelton as the next Fed chair?"", ""slug"": ""will-trump-nominate-judy-shelton-as-the-next-fed-chair"", ""icon"": ""https://polymarket-upload.s3.us-east-2.amazonaws.com/judy-shelton-15c5dd306b.png"", ""eventSlug"": ""who-will-trump-nominate-as-fed-chair"", ""outcome"": ""Yes"", ""outcomeIndex"": 0, ""name"": ""57658734"", ""pseudonym"": ""Tough-Glee"", ""bio"": """", ""profileImage"": """", ""profileImageOptimized"": """", ""transactionHash"": ""0x9267f71c7f2466f03a79dd96bcefaef4b766b0abdc2f350220a31829d562582f""}"
1770988089,2026-02-14T01:56:24.391772,0xfcf569674a35569fadfe7450796a25468e3199a4f3336cd46409f8621b4622c0:1770988089,572473,5031084282167950494806674428243037744881029417420880897305642929037077494331,SELL,0.03803699019607843,1020.0,38.79773,0xfcf569674a35569fadfe7450796a25468e3199a4f3336cd46409f8621b4622c0,"{""proxyWallet"": ""0xbca5514f3734c6756c54558746f964dc7e583fd7"", ""side"": ""SELL"", ""asset"": ""5031084282167950494806674428243037744881029417420880897305642929037077494331"", ""conditionId"": ""0x46d40e851b24d9b0af4bc1942ccd86439cae82a9011767da14950df0ad997adf"", ""size"": 1020, ""price"": 0.03803699019607843, ""timestamp"": 1770988089, ""title"": ""Will Trump nominate Judy Shelton as the next Fed chair?"", ""slug"": ""will-trump-nominate-judy-shelton-as-the-next-fed-chair"", ""icon"": ""https://polymarket-upload.s3.us-east-2.amazonaws.com/judy-shelton-15c5dd306b.png"", ""eventSlug"": ""who-will-trump-nominate-as-fed-chair"", ""outcome"": ""Yes"", ""outcomeIndex"": 0, ""name"": ""7YT6GYUH"", ""pseudonym"": ""Strident-Mercury"", ""bio"": """", ""profileImage"": """", ""profileImageOptimized"": """", ""transactionHash"": ""0xfcf569674a35569fadfe7450796a25468e3199a4f3336cd46409f8621b4622c0""}"
1770987977,2026-02-14T01:56:24.391792,0xf8ba1dd1b6afe3fa3ba34478b5a70be973b3df4104627e4700d6e380fd39596c:1770987977,572473,5031084282167950494806674428243037744881029417420880897305642929037077494331,SELL,0.038,970.0,36.86,0xf8ba1dd1b6afe3fa3ba34478b5a70be973b3df4104627e4700d6e380fd39596c,"{""proxyWallet"": ""0x70d90a1ba6b335b0993aa6c862197f5b86551bf9"", ""side"": ""SELL"", ""asset"": ""5031084282167950494806674428243037744881029417420880897305642929037077494331"", ""conditionId"": ""0x46d40e851b24d9b0af4bc1942ccd86439cae82a9011767da14950df0ad997adf"", ""size"": 970, ""price"": 0.038, ""timestamp"": 1770987977, ""title"": ""Will Trump nominate Judy Shelton as the next Fed chair?"", ""slug"": ""will-trump-nominate-judy-shelton-as-the-next-fed-chair"", ""icon"": ""https://polymarket-upload.s3.us-east-2.amazonaws.com/judy-shelton-15c5dd306b.png"", ""eventSlug"": ""who-will-trump-nominate-as-fed-chair"", ""outcome"": ""Yes"", ""outcomeIndex"": 0, ""name"": ""453623432"", ""pseudonym"": ""Dear-Beancurd"", ""bio"": """", ""profileImage"": """", ""profileImageOptimized"": """", ""transactionHash"": ""0xf8ba1dd1b6afe3fa3ba34478b5a70be973b3df4104627e4700d6e380fd39596c""}"
1770987973,2026-02-14T01:56:24.391809,0x92b4629766a08bd81036e2b670946fe939bcc06708212b5ce5132e9b370806a6:1770987973,572473,5031084282167950494806674428243037744881029417420880897305642929037077494331,SELL,0.038,990.0,37.62,0x92b4629766a08bd81036e2b670946fe939bcc06708212b5ce5132e9b370806a6,"{""proxyWallet"": ""0xd735f5ef72853b07a2f2b46fecd2c392306a1f2e"", ""side"": ""SELL"", ""asset"": ""5031084282167950494806674428243037744881029417420880897305642929037077494331"", ""conditionId"": ""0x46d40e851b24d9b0af4bc1942ccd86439cae82a9011767da14950df0ad997adf"", ""size"": 990, ""price"": 0.038, ""timestamp"": 1770987973, ""title"": ""Will Trump nominate Judy Shelton as the next Fed chair?"", ""slug"": ""will-trump-nominate-judy-shelton-as-the-next-fed-chair"", ""icon"": ""https://polymarket-upload.s3.us-east-2.amazonaws.com/judy-shelton-15c5dd306b.png"", ""eventSlug"": ""who-will-trump-nominate-as-fed-chair"", ""outcome"": ""Yes"", ""outcomeIndex"": 0, ""name"": ""4325436567"", ""pseudonym"": ""Visible-Grandson"", ""bio"": """", ""profileImage"": """", ""profileImageOptimized"": """", ""transactionHash"": ""0x92b4629766a08bd81036e2b670946fe939bcc06708212b5ce5132e9b370806a6""}"
1770987899,2026-02-14T01:56:24.391826,0xc965b56be78d62f1e1d34c80ea296223a7dc3df866883da253545ebc16ea6822:1770987899,572473,5031084282167950494806674428243037744881029417420880897305642929037077494331,SELL,0.038,1029.99,39.13962,0xc965b56be78d62f1e1d34c80ea296223a7dc3df866883da253545ebc16ea6822,"{""proxyWallet"": ""0xfde32150c13bf23b1e8caa5090d53bad4120f33b"", ""side"": ""SELL"", ""asset"": ""5031084282167950494806674428243037744881029417420880897305642929037077494331"", ""conditionId"": ""0x46d40e851b24d9b0af4bc1942ccd86439cae82a9011767da14950df0ad997adf"", ""size"": 1029.99, ""price"": 0.038, ""timestamp"": 1770987899, ""title"": ""Will Trump nominate Judy Shelton as the next Fed chair?"", ""slug"": ""will-trump-nominate-judy-shelton-as-the-next-fed-chair"", ""icon"": ""https://polymarket-upload.s3.us-east-2.amazonaws.com/judy-shelton-15c5dd306b.png"", ""eventSlug"": ""who-will-trump-nominate-as-fed-chair"", ""outcome"": ""Yes"", ""outcomeIndex"": 0, ""name"": ""04369643775"", ""pseudonym"": ""Relieved-Dollop"", ""bio"": """", ""profileImage"": """", ""profileImageOptimized"": """", ""transactionHash"": ""0xc965b56be78d62f1e1d34c80ea296223a7dc3df866883da253545ebc16ea6822""}"
1770987879,2026-02-14T01:56:24.391842,0x396937eaf75338c630090b8e09928492ee2051ade838701a49b27d9c1846c680:1770987879,572473,5031084282167950494806674428243037744881029417420880897305642929037077494331,SELL,0.038,1029.99,39.13962,0x396937eaf75338c630090b8e09928492ee2051ade838701a49b27d9c1846c680,"{""proxyWallet"": ""0xf836cd383d2c56abb49c758f4020a0ba4c03cb04"", ""side"": ""SELL"", ""asset"": ""5031084282167950494806674428243037744881029417420880897305642929037077494331"", ""conditionId"": ""0x46d40e851b24d9b0af4bc1942ccd86439cae82a9011767da14950df0ad997adf"", ""size"": 1029.99, ""price"": 0.038, ""timestamp"": 1770987879, ""title"": ""Will Trump nominate Judy Shelton as the next Fed chair?"", ""slug"": ""will-trump-nominate-judy-shelton-as-the-next-fed-chair"", ""icon"": ""https://polymarket-upload.s3.us-east-2.amazonaws.com/judy-shelton-15c5dd306b.png"", ""eventSlug"": ""who-will-trump-nominate-as-fed-chair"", ""outcome"": ""Yes"", ""outcomeIndex"": 0, ""name"": ""5647876476"", ""pseudonym"": ""Incomplete-Thorn"", ""bio"": """", ""profileImage"": """", ""profileImageOptimized"": """", ""transactionHash"": ""0x396937eaf75338c630090b8e09928492ee2051ade838701a49b27d9c1846c680""}"
1770987809,2026-02-14T01:56:24.391857,0xedec2900be20c03b9c0de91175322c5edcc13ab7805646d08b78d827b9c0a2ff:1770987809,572473,5031084282167950494806674428243037744881029417420880897305642929037077494331,SELL,0.038,3000.0,114.0,0xedec2900be20c03b9c0de91175322c5edcc13ab7805646d08b78d827b9c0a2ff,"{""proxyWallet"": ""0xa5bf6bb735f88f5e2260a7f555bb986cfd3d8763"", ""side"": ""SELL"", ""asset"": ""5031084282167950494806674428243037744881029417420880897305642929037077494331"", ""conditionId"": ""0x46d40e851b24d9b0af4bc1942ccd86439cae82a9011767da14950df0ad997adf"", ""size"": 3000, ""price"": 0.038, ""timestamp"": 1770987809, ""title"": ""Will Trump nominate Judy Shelton as the next Fed chair?"", ""slug"": ""will-trump-nominate-judy-shelton-as-the-next-fed-chair"", ""icon"": ""https://polymarket-upload.s3.us-east-2.amazonaws.com/judy-shelton-15c5dd306b.png"", ""eventSlug"": ""who-will-trump-nominate-as-fed-chair"", ""outcome"": ""Yes"", ""outcomeIndex"": 0, ""name"": ""AK4747"", ""pseudonym"": ""Obvious-Remnant"", ""bio"": """", ""profileImage"": """", ""profileImageOptimized"": """", ""transactionHash"": ""0xedec2900be20c03b9c0de91175322c5edcc13ab7805646d08b78d827b9c0a2ff""}"
1770987773,2026-02-14T01:56:24.391891,0x7a433904b1af7d182f2b1c17651cb1b011a332e54c01a2ae182b0cf1448987dd:1770987773,572473,5031084282167950494806674428243037744881029417420880897305642929037077494331,SELL,0.038,5.0,0.19,0x7a433904b1af7d182f2b1c17651cb1b011a332e54c01a2ae182b0cf1448987dd,"{""proxyWallet"": ""0x0b01d14b4f91acdf61534543d4a645f142238f47"", ""side"": ""SELL"", ""asset"": ""5031084282167950494806674428243037744881029417420880897305642929037077494331"", ""conditionId"": ""0x46d40e851b24d9b0af4bc1942ccd86439cae82a9011767da14950df0ad997adf"", ""size"": 5, ""price"": 0.038, ""timestamp"": 1770987773, ""title"": ""Will Trump nominate Judy Shelton as the next Fed chair?"", ""slug"": ""will-trump-nominate-judy-shelton-as-the-next-fed-chair"", ""icon"": ""https://polymarket-upload.s3.us-east-2.amazonaws.com/judy-shelton-15c5dd306b.png"", ""eventSlug"": ""who-will-trump-nominate-as-fed-chair"", ""outcome"": ""Yes"", ""outcomeIndex"": 0, ""name"": ""0x0B01d14B4f91ACdf61534543d4a645f142238F47-1766685782640"", ""pseudonym"": ""Radiant-Dahlia"", ""bio"": """", ""profileImage"": """", ""profileImageOptimized"": """", ""transactionHash"": ""0x7a433904b1af7d182f2b1c17651cb1b011a332e54c01a2ae182b0cf1448987dd""}"
1770987763,2026-02-14T01:56:24.391912,0x7660d416da2f31da0d5d5d49d7aff75796156c258a587b0497dd994b934aa13c:1770987763,572473,5031084282167950494806674428243037744881029417420880897305642929037077494331,BUY,0.039,2000.0,78.0,0x7660d416da2f31da0d5d5d49d7aff75796156c258a587b0497dd994b934aa13c,"{""proxyWallet"": ""0x34d0837afb355e71b95ad3524b21457ad17ddb49"", ""side"": ""BUY"", ""asset"": ""5031084282167950494806674428243037744881029417420880897305642929037077494331"", ""conditionId"": ""0x46d40e851b24d9b0af4bc1942ccd86439cae82a9011767da14950df0ad997adf"", ""size"": 2000, ""price"": 0.039, ""timestamp"": 1770987763, ""title"": ""Will Trump nominate Judy Shelton as the next Fed chair?"", ""slug"": ""will-trump-nominate-judy-shelton-as-the-next-fed-chair"", ""icon"": ""https://polymarket-upload.s3.us-east-2.amazonaws.com/judy-shelton-15c5dd306b.png"", ""eventSlug"": ""who-will-trump-nominate-as-fed-chair"", ""outcome"": ""Yes"", ""outcomeIndex"": 0, ""name"": """", ""pseudonym"": """", ""bio"": """", ""profileImage"": """", ""profileImageOptimized"": """", ""transactionHash"": ""0x7660d416da2f31da0d5d5d49d7aff75796156c258a587b0497dd994b934aa13c""}"
1770987671,2026-02-14T01:56:24.391928,0xb6345ef7cbc985ee2374ad93c3e758063facfbc9607e02a9e372ff615be9d470:1770987671,572473,5031084282167950494806674428243037744881029417420880897305642929037077494331,SELL,0.038,5.0,0.19,0xb6345ef7cbc985ee2374ad93c3e758063facfbc9607e02a9e372ff615be9d470,"{""proxyWallet"": ""0x0b01d14b4f91acdf61534543d4a645f142238f47"", ""side"": ""SELL"", ""asset"": ""5031084282167950494806674428243037744881029417420880897305642929037077494331"", ""conditionId"": ""0x46d40e851b24d9b0af4bc1942ccd86439cae82a9011767da14950df0ad997adf"", ""size"": 5, ""price"": 0.038, ""timestamp"": 1770987671, ""title"": ""Will Trump nominate Judy Shelton as the next Fed chair?"", ""slug"": ""will-trump-nominate-judy-shelton-as-the-next-fed-chair"", ""icon"": ""https://polymarket-upload.s3.us-east-2.amazonaws.com/judy-shelton-15c5dd306b.png"", ""eventSlug"": ""who-will-trump-nominate-as-fed-chair"", ""outcome"": ""Yes"", ""outcomeIndex"": 0, ""name"": ""0x0B01d14B4f91ACdf61534543d4a645f142238F47-1766685782640"", ""pseudonym"": ""Radiant-Dahlia"", ""bio"": """", ""profileImage"": """", ""profileImageOptimized"": """", ""transactionHash"": ""0xb6345ef7cbc985ee2374ad93c3e758063facfbc9607e02a9e372ff615be9d470""}"
1770987669,2026-02-14T01:56:24.391943,0xb590ae4e181f2afc634bddefb42369c9be8464384858a6aa274a9ca27db60906:1770987669,572473,5031084282167950494806674428243037744881029417420880897305642929037077494331,SELL,0.038,10397.29,395.09702000000004,0xb590ae4e181f2afc634bddefb42369c9be8464384858a6aa274a9ca27db60906,"{""proxyWallet"": ""0x8922ad092284ad5a1ddf2382bced1509bd7c9b07"", ""side"": ""SELL"", ""asset"": ""5031084282167950494806674428243037744881029417420880897305642929037077494331"", ""conditionId"": ""0x46d40e851b24d9b0af4bc1942ccd86439cae82a9011767da14950df0ad997adf"", ""size"": 10397.29, ""price"": 0.038, ""timestamp"": 1770987669, ""title"": ""Will Trump nominate Judy Shelton as the next Fed chair?"", ""slug"": ""will-trump-nominate-judy-shelton-as-the-next-fed-chair"", ""icon"": ""https://polymarket-upload.s3.us-east-2.amazonaws.com/judy-shelton-15c5dd306b.png"", ""eventSlug"": ""who-will-trump-nominate-as-fed-chair"", ""outcome"": ""Yes"", ""outcomeIndex"": 0, ""name"": ""0x8922AD092284ad5a1dDF2382bCEd1509bd7c9b07-1770381385248"", ""pseudonym"": ""Glossy-Vegetable"", ""bio"": """", ""profileImage"": """", ""profileImageOptimized"": """", ""transactionHash"": ""0xb590ae4e181f2afc634bddefb42369c9be8464384858a6aa274a9ca27db60906""}"
1770987403,2026-02-14T01:56:24.391964,0x2ed5c755714eecd2c458b15f452e84f6a54feea0af737e9594264d21a7253f14:1770987403,572473,5031084282167950494806674428243037744881029417420880897305642929037077494331,BUY,0.03899999475171424,179.487178,6.999999,0x2ed5c755714eecd2c458b15f452e84f6a54feea0af737e9594264d21a7253f14,"{""proxyWallet"": ""0x3aac27b1b9caff1da969af540e7eafd0187fde76"", ""side"": ""BUY"", ""asset"": ""5031084282167950494806674428243037744881029417420880897305642929037077494331"", ""conditionId"": ""0x46d40e851b24d9b0af4bc1942ccd86439cae82a9011767da14950df0ad997adf"", ""size"": 179.487178, ""price"": 0.03899999475171424, ""timestamp"": 1770987403, ""title"": ""Will Trump nominate Judy Shelton as the next Fed chair?"", ""slug"": ""will-trump-nominate-judy-shelton-as-the-next-fed-chair"", ""icon"": ""https://polymarket-upload.s3.us-east-2.amazonaws.com/judy-shelton-15c5dd306b.png"", ""eventSlug"": ""who-will-trump-nominate-as-fed-chair"", ""outcome"": ""Yes"", ""outcomeIndex"": 0, ""name"": ""0x3AAc27B1B9cAFF1da969af540e7EaFD0187fdE76-1770885717126"", ""pseudonym"": ""Low-Candy"", ""bio"": """", ""profileImage"": """", ""profileImageOptimized"": """", ""transactionHash"": ""0x2ed5c755714eecd2c458b15f452e84f6a54feea0af737e9594264d21a7253f14""}"
1770987345,2026-02-14T01:56:24.391981,0xb0ef2ec56f1d9cf1e46cc0e7ef888a670183c07d23c5b67e6197931f85f0a5b4:1770987345,572473,5031084282167950494806674428243037744881029417420880897305642929037077494331,SELL,0.038,6085.0,231.23,0xb0ef2ec56f1d9cf1e46cc0e7ef888a670183c07d23c5b67e6197931f85f0a5b4,"{""proxyWallet"": ""0xc8d995fd73efeaa0371dfb3018fb181faa559085"", ""side"": ""SELL"", ""asset"": ""5031084282167950494806674428243037744881029417420880897305642929037077494331"", ""conditionId"": ""0x46d40e851b24d9b0af4bc1942ccd86439cae82a9011767da14950df0ad997adf"", ""size"": 6085, ""price"": 0.038, ""timestamp"": 1770987345, ""title"": ""Will Trump nominate Judy Shelton as the next Fed chair?"", ""slug"": ""will-trump-nominate-judy-shelton-as-the-next-fed-chair"", ""icon"": ""https://polymarket-upload.s3.us-east-2.amazonaws.com/judy-shelton-15c5dd306b.png"", ""eventSlug"": ""who-will-trump-nominate-as-fed-chair"", ""outcome"": ""Yes"", ""outcomeIndex"": 0, ""name"": ""mossom"", ""pseudonym"": ""Peppery-Monger"", ""bio"": """", ""profileImage"": """", ""profileImageOptimized"": """", ""transactionHash"": ""0xb0ef2ec56f1d9cf1e46cc0e7ef888a670183c07d23c5b67e6197931f85f0a5b4""}"
1770987221,2026-02-14T01:56:24.391999,0xafc579ea70bb8d10b451d60cc00d67ab6fdd9b56dfd53d4b69412cc5d5d51780:1770987221,572473,5031084282167950494806674428243037744881029417420880897305642929037077494331,BUY,0.039969530223212583,3004.2885,120.08,0xafc579ea70bb8d10b451d60cc00d67ab6fdd9b56dfd53d4b69412cc5d5d51780,"{""proxyWallet"": ""0xd6c8fd4135674e5d41e705f26404f4d6deb94aee"", ""side"": ""BUY"", ""asset"": ""5031084282167950494806674428243037744881029417420880897305642929037077494331"", ""conditionId"": ""0x46d40e851b24d9b0af4bc1942ccd86439cae82a9011767da14950df0ad997adf"", ""size"": 3004.2885, ""price"": 0.039969530223212583, ""timestamp"": 1770987221, ""title"": ""Will Trump nominate Judy Shelton as the next Fed chair?"", ""slug"": ""will-trump-nominate-judy-shelton-as-the-next-fed-chair"", ""icon"": ""https://polymarket-upload.s3.us-east-2.amazonaws.com/judy-shelton-15c5dd306b.png"", ""eventSlug"": ""who-will-trump-nominate-as-fed-chair"", ""outcome"": ""Yes"", ""outcomeIndex"": 0, ""name"": ""0xd6C8fD4135674E5D41E705f26404f4D6deb94AEE-1770717976350"", ""pseudonym"": ""Proper-Micronutrient"", ""bio"": """", ""profileImage"": """", ""profileImageOptimized"": """", ""transactionHash"": ""0xafc579ea70bb8d10b451d60cc00d67ab6fdd9b56dfd53d4b69412cc5d5d51780""}"
1770987127,2026-02-14T01:56:24.392019,0x18f5a8af7ee2e6f8d6ccd7fa1ac739df65905f7eddb9c33739956f444e98d7db:1770987127,572473,5031084282167950494806674428243037744881029417420880897305642929037077494331,BUY,0.03930388882502007,254.42775,10.0,0x18f5a8af7ee2e6f8d6ccd7fa1ac739df65905f7eddb9c33739956f444e98d7db,"{""proxyWallet"": ""0x624e38536909849061602a6523e1dcd0dcbefce8"", ""side"": ""BUY"", ""asset"": ""5031084282167950494806674428243037744881029417420880897305642929037077494331"", ""conditionId"": ""0x46d40e851b24d9b0af4bc1942ccd86439cae82a9011767da14950df0ad997adf"", ""size"": 254.42775, ""price"": 0.03930388882502007, ""timestamp"": 1770987127, ""title"": ""Will Trump nominate Judy Shelton as the next Fed chair?"", ""slug"": ""will-trump-nominate-judy-shelton-as-the-next-fed-chair"", ""icon"": ""https://polymarket-upload.s3.us-east-2.amazonaws.com/judy-shelton-15c5dd306b.png"", ""eventSlug"": ""who-will-trump-nominate-as-fed-chair"", ""outcome"": ""Yes"", ""outcomeIndex"": 0, ""name"": ""JSKIN"", ""pseudonym"": ""Huge-Cricket"", ""bio"": """", ""profileImage"": ""https://polymarket-upload.s3.us-east-2.amazonaws.com/profile-image-4870959-93d318d3-d38f-4fe2-a7ab-71cac7846ac1.jpg"", ""profileImageOptimized"": """", ""transactionHash"": ""0x18f5a8af7ee2e6f8d6ccd7fa1ac739df65905f7eddb9c33739956f444e98d7db""}"
1770986945,2026-02-14T01:56:24.392054,0xb16a018714e09a6d95b314c45e27302b7d6934e3868ddeaa9c60cb0ce24c2870:1770986945,572473,5031084282167950494806674428243037744881029417420880897305642929037077494331,BUY,0.041841326850113304,7166.120713,299.83999900000003,0xb16a018714e09a6d95b314c45e27302b7d6934e3868ddeaa9c60cb0ce24c2870,"{""proxyWallet"": ""0xc70d5f7ab3a83528d9dcc7f2e7944214e88ab3c2"", ""side"": ""BUY"", ""asset"": ""5031084282167950494806674428243037744881029417420880897305642929037077494331"", ""conditionId"": ""0x46d40e851b24d9b0af4bc1942ccd86439cae82a9011767da14950df0ad997adf"", ""size"": 7166.120713, ""price"": 0.041841326850113304, ""timestamp"": 1770986945, ""title"": ""Will Trump nominate Judy Shelton as the next Fed chair?"", ""slug"": ""will-trump-nominate-judy-shelton-as-the-next-fed-chair"", ""icon"": ""https://polymarket-upload.s3.us-east-2.amazonaws.com/judy-shelton-15c5dd306b.png"", ""eventSlug"": ""who-will-trump-nominate-as-fed-chair"", ""outcome"": ""Yes"", ""outcomeIndex"": 0, ""name"": ""0xc70d5F7aB3A83528D9dCc7f2E7944214e88aB3C2-1770984525823"", ""pseudonym"": ""Vague-Quality"", ""bio"": """", ""profileImage"": """", ""profileImageOptimized"": """", ""transactionHash"": ""0xb16a018714e09a6d95b314c45e27302b7d6934e3868ddeaa9c60cb0ce24c2870""}"
1770986881,2026-02-14T01:56:24.392078,0x856d5b9f9bfe0779cc0cdb5e9f407c217dac3b8dd2fe7a45bdf9095549c7c784:1770986881,572473,5031084282167950494806674428243037744881029417420880897305642929037077494331,BUY,0.04178702744606283,1196.54357,49.999999,0x856d5b9f9bfe0779cc0cdb5e9f407c217dac3b8dd2fe7a45bdf9095549c7c784,"{""proxyWallet"": ""0x7a5db03963fff8d6bdf6e0fdd6fa98937e9c9df3"", ""side"": ""BUY"", ""asset"": ""5031084282167950494806674428243037744881029417420880897305642929037077494331"", ""conditionId"": ""0x46d40e851b24d9b0af4bc1942ccd86439cae82a9011767da14950df0ad997adf"", ""size"": 1196.54357, ""price"": 0.04178702744606283, ""timestamp"": 1770986881, ""title"": ""Will Trump nominate Judy Shelton as the next Fed chair?"", ""slug"": ""will-trump-nominate-judy-shelton-as-the-next-fed-chair"", ""icon"": ""https://polymarket-upload.s3.us-east-2.amazonaws.com/judy-shelton-15c5dd306b.png"", ""eventSlug"": ""who-will-trump-nominate-as-fed-chair"", ""outcome"": ""Yes"", ""outcomeIndex"": 0, ""name"": ""Alxn-lr"", ""pseudonym"": ""Unfit-Scow"", ""bio"": """", ""profileImage"": """", ""profileImageOptimized"": """", ""transactionHash"": ""0x856d5b9f9bfe0779cc0cdb5e9f407c217dac3b8dd2fe7a45bdf9095549c7c784""}"
1770986741,2026-02-14T01:56:24.392100,0x1274503a3c063310972ede79e0b9d04e88955b8f805c34040f7e04eabf6ca634:1770986741,572473,5031084282167950494806674428243037744881029417420880897305642929037077494331,SELL,0.041,547.38,22.44258,0x1274503a3c063310972ede79e0b9d04e88955b8f805c34040f7e04eabf6ca634,"{""proxyWallet"": ""0xc622db024afdff55c1215034ef462232519f8f86"", ""side"": ""SELL"", ""asset"": ""5031084282167950494806674428243037744881029417420880897305642929037077494331"", ""conditionId"": ""0x46d40e851b24d9b0af4bc1942ccd86439cae82a9011767da14950df0ad997adf"", ""size"": 547.38, ""price"": 0.041, ""timestamp"": 1770986741, ""title"": ""Will Trump nominate Judy Shelton as the next Fed chair?"", ""slug"": ""will-trump-nominate-judy-shelton-as-the-next-fed-chair"", ""icon"": ""https://polymarket-upload.s3.us-east-2.amazonaws.com/judy-shelton-15c5dd306b.png"", ""eventSlug"": ""who-will-trump-nominate-as-fed-chair"", ""outcome"": ""Yes"", ""outcomeIndex"": 0, ""name"": ""Ishit"", ""pseudonym"": ""Memorable-Shoreline"", ""bio"": """", ""profileImage"": """", ""profileImageOptimized"": """", ""transactionHash"": ""0x1274503a3c063310972ede79e0b9d04e88955b8f805c34040f7e04eabf6ca634""}"
1770986731,2026-02-14T01:56:24.392118,0x4e78bd6cb21f55d838dd19944699b81d9eac62042b75d506b6ef74776b338778:1770986731,572473,5031084282167950494806674428243037744881029417420880897305642929037077494331,BUY,0.041,547.38,22.44258,0x4e78bd6cb21f55d838dd19944699b81d9eac62042b75d506b6ef74776b338778,"{""proxyWallet"": ""0xc622db024afdff55c1215034ef462232519f8f86"", ""side"": ""BUY"", ""asset"": ""5031084282167950494806674428243037744881029417420880897305642929037077494331"", ""conditionId"": ""0x46d40e851b24d9b0af4bc1942ccd86439cae82a9011767da14950df0ad997adf"", ""size"": 547.38, ""price"": 0.041, ""timestamp"": 1770986731, ""title"": ""Will Trump nominate Judy Shelton as the next Fed chair?"", ""slug"": ""will-trump-nominate-judy-shelton-as-the-next-fed-chair"", ""icon"": ""https://polymarket-upload.s3.us-east-2.amazonaws.com/judy-shelton-15c5dd306b.png"", ""eventSlug"": ""who-will-trump-nominate-as-fed-chair"", ""outcome"": ""Yes"", ""outcomeIndex"": 0, ""name"": ""Ishit"", ""pseudonym"": ""Memorable-Shoreline"", ""bio"": """", ""profileImage"": """", ""profileImageOptimized"": """", ""transactionHash"": ""0x4e78bd6cb21f55d838dd19944699b81d9eac62042b75d506b6ef74776b338778""}"
1770986679,2026-02-14T01:56:24.392134,0xfa14701426ff32f35db94b37c3f5d27ddd08d42b1028dbaa65308b4d858652c3:1770986679,572473,5031084282167950494806674428243037744881029417420880897305642929037077494331,SELL,0.04,6503.64,260.1456,0xfa14701426ff32f35db94b37c3f5d27ddd08d42b1028dbaa65308b4d858652c3,"{""proxyWallet"": ""0x7a5db03963fff8d6bdf6e0fdd6fa98937e9c9df3"", ""side"": ""SELL"", ""asset"": ""5031084282167950494806674428243037744881029417420880897305642929037077494331"", ""conditionId"": ""0x46d40e851b24d9b0af4bc1942ccd86439cae82a9011767da14950df0ad997adf"", ""size"": 6503.64, ""price"": 0.04, ""timestamp"": 1770986679, ""title"": ""Will Trump nominate Judy Shelton as the next Fed chair?"", ""slug"": ""will-trump-nominate-judy-shelton-as-the-next-fed-chair"", ""icon"": ""https://polymarket-upload.s3.us-east-2.amazonaws.com/judy-shelton-15c5dd306b.png"", ""eventSlug"": ""who-will-trump-nominate-as-fed-chair"", ""outcome"": ""Yes"", ""outcomeIndex"": 0, ""name"": ""Alxn-lr"", ""pseudonym"": ""Unfit-Scow"", ""bio"": """", ""profileImage"": """", ""profileImageOptimized"": """", ""transactionHash"": ""0xfa14701426ff32f35db94b37c3f5d27ddd08d42b1028dbaa65308b4d858652c3""}"
1770986609,2026-02-14T01:56:24.392156,0xf3551f87e957407e5243c497fab386fbe45838e684f57e5452419eec90e1c852:1770986609,572473,5031084282167950494806674428243037744881029417420880897305642929037077494331,SELL,0.04,500.0,20.0,0xf3551f87e957407e5243c497fab386fbe45838e684f57e5452419eec90e1c852,"{""proxyWallet"": ""0x60879474b10465b70176f812b1649a0e65dc61e8"", ""side"": ""SELL"", ""asset"": ""5031084282167950494806674428243037744881029417420880897305642929037077494331"", ""conditionId"": ""0x46d40e851b24d9b0af4bc1942ccd86439cae82a9011767da14950df0ad997adf"", ""size"": 500, ""price"": 0.04, ""timestamp"": 1770986609, ""title"": ""Will Trump nominate Judy Shelton as the next Fed chair?"", ""slug"": ""will-trump-nominate-judy-shelton-as-the-next-fed-chair"", ""icon"": ""https://polymarket-upload.s3.us-east-2.amazonaws.com/judy-shelton-15c5dd306b.png"", ""eventSlug"": ""who-will-trump-nominate-as-fed-chair"", ""outcome"": ""Yes"", ""outcomeIndex"": 0, ""name"": ""spring431"", ""pseudonym"": ""Fatherly-Nightclub"", ""bio"": """", ""profileImage"": """", ""profileImageOptimized"": """", ""transactionHash"": ""0xf3551f87e957407e5243c497fab386fbe45838e684f57e5452419eec90e1c852""}"
1770986601,2026-02-14T01:56:24.392175,0xb9b62c70b2facf17e63473221a57b7634538f68b76e82286c2d42c84e91b2119:1770986601,572473,5031084282167950494806674428243037744881029417420880897305642929037077494331,SELL,0.04,1030.0,41.2,0xb9b62c70b2facf17e63473221a57b7634538f68b76e82286c2d42c84e91b2119,"{""proxyWallet"": ""0x60879474b10465b70176f812b1649a0e65dc61e8"", ""side"": ""SELL"", ""asset"": ""5031084282167950494806674428243037744881029417420880897305642929037077494331"", ""conditionId"": ""0x46d40e851b24d9b0af4bc1942ccd86439cae82a9011767da14950df0ad997adf"", ""size"": 1030, ""price"": 0.04, ""timestamp"": 1770986601, ""title"": ""Will Trump nominate Judy Shelton as the next Fed chair?"", ""slug"": ""will-trump-nominate-judy-shelton-as-the-next-fed-chair"", ""icon"": ""https://polymarket-upload.s3.us-east-2.amazonaws.com/judy-shelton-15c5dd306b.png"", ""eventSlug"": ""who-will-trump-nominate-as-fed-chair"", ""outcome"": ""Yes"", ""outcomeIndex"": 0, ""name"": ""spring431"", ""pseudonym"": ""Fatherly-Nightclub"", ""bio"": """", ""profileImage"": """", ""profileImageOptimized"": """", ""transactionHash"": ""0xb9b62c70b2facf17e63473221a57b7634538f68b76e82286c2d42c84e91b2119""}"
1770986405,2026-02-14T01:56:24.392194,0x7e83e381c8ed664f6debc5f860fe4e51710ab59919fcdcdd3a3b837bf163d592:1770986405,572473,5031084282167950494806674428243037744881029417420880897305642929037077494331,SELL,0.04,412.55,16.502000000000002,0x7e83e381c8ed664f6debc5f860fe4e51710ab59919fcdcdd3a3b837bf163d592,"{""proxyWallet"": ""0x1b9a92bcab51652475067a8198593c890645a06b"", ""side"": ""SELL"", ""asset"": ""5031084282167950494806674428243037744881029417420880897305642929037077494331"", ""conditionId"": ""0x46d40e851b24d9b0af4bc1942ccd86439cae82a9011767da14950df0ad997adf"", ""size"": 412.55, ""price"": 0.04, ""timestamp"": 1770986405, ""title"": ""Will Trump nominate Judy Shelton as the next Fed chair?"", ""slug"": ""will-trump-nominate-judy-shelton-as-the-next-fed-chair"", ""icon"": ""https://polymarket-upload.s3.us-east-2.amazonaws.com/judy-shelton-15c5dd306b.png"", ""eventSlug"": ""who-will-trump-nominate-as-fed-chair"", ""outcome"": ""Yes"", ""outcomeIndex"": 0, ""name"": ""BloodFallen"", ""pseudonym"": ""Front-Cartel"", ""bio"": ""FAte"", ""profileImage"": ""https://polymarket-upload.s3.us-east-2.amazonaws.com/20250102_180904_6e8a37e5-85ed-44bc-8673-874b18eb71be_1738137580321.jpg"", ""profileImageOptimized"": """", ""transactionHash"": ""0x7e83e381c8ed664f6debc5f860fe4e51710ab59919fcdcdd3a3b837bf163d592""}"
1770986347,2026-02-14T01:56:24.392218,0x656eb82c73275bbb167df0543d16dc30cfe3eb39d0410b873858a26bd54159f6:1770986347,572473,5031084282167950494806674428243037744881029417420880897305642929037077494331,SELL,0.04,487.8,19.512,0x656eb82c73275bbb167df0543d16dc30cfe3eb39d0410b873858a26bd54159f6,"{""proxyWallet"": ""0xac984e4c755d6f262152977c2a19afd89a857281"", ""side"": ""SELL"", ""asset"": ""5031084282167950494806674428243037744881029417420880897305642929037077494331"", ""conditionId"": ""0x46d40e851b24d9b0af4bc1942ccd86439cae82a9011767da14950df0ad997adf"", ""size"": 487.8, ""price"": 0.04, ""timestamp"": 1770986347, ""title"": ""Will Trump nominate Judy Shelton as the next Fed chair?"", ""slug"": ""will-trump-nominate-judy-shelton-as-the-next-fed-chair"", ""icon"": ""https://polymarket-upload.s3.us-east-2.amazonaws.com/judy-shelton-15c5dd306b.png"", ""eventSlug"": ""who-will-trump-nominate-as-fed-chair"", ""outcome"": ""Yes"", ""outcomeIndex"": 0, ""name"": ""seaor"", ""pseudonym"": ""Corrupt-Will"", ""bio"": """", ""profileImage"": ""https://polymarket-upload.s3.us-east-2.amazonaws.com/profile-image-4604225-d3b422e1-2a22-4700-8a52-5a211cf4418b.jpg"", ""profileImageOptimized"": """", ""transactionHash"": ""0x656eb82c73275bbb167df0543d16dc30cfe3eb39d0410b873858a26bd54159f6""}"
1770985777,2026-02-14T01:56:24.392239,0xd7540cb4861595bb6ea867ba4993a66737e6ac3e2447cec46df9c690dd5b3115:1770985777,572473,5031084282167950494806674428243037744881029417420880897305642929037077494331,BUY,0.041867633976453156,4736.116665,198.289999,0xd7540cb4861595bb6ea867ba4993a66737e6ac3e2447cec46df9c690dd5b3115,"{""proxyWallet"": ""0x4cd658d1ce5f5e0165ec52812752e633a8f20d98"", ""side"": ""BUY"", ""asset"": ""5031084282167950494806674428243037744881029417420880897305642929037077494331"", ""conditionId"": ""0x46d40e851b24d9b0af4bc1942ccd86439cae82a9011767da14950df0ad997adf"", ""size"": 4736.116665, ""price"": 0.041867633976453156, ""timestamp"": 1770985777, ""title"": ""Will Trump nominate Judy Shelton as the next Fed chair?"", ""slug"": ""will-trump-nominate-judy-shelton-as-the-next-fed-chair"", ""icon"": ""https://polymarket-upload.s3.us-east-2.amazonaws.com/judy-shelton-15c5dd306b.png"", ""eventSlug"": ""who-will-trump-nominate-as-fed-chair"", ""outcome"": ""Yes"", ""outcomeIndex"": 0, ""name"": ""rayonlazz"", ""pseudonym"": ""Kindly-Justice"", ""bio"": """", ""profileImage"": """", ""profileImageOptimized"": """", ""transactionHash"": ""0xd7540cb4861595bb6ea867ba4993a66737e6ac3e2447cec46df9c690dd5b3115""}"
1770985719,2026-02-14T01:56:24.392257,0xf62b02d5079ead04b29db2bf17376b394f2ee9901d5f4070a24c74090a12c82d:1770985719,572473,5031084282167950494806674428243037744881029417420880897305642929037077494331,BUY,0.0410000000041,243.902439,10.0,0xf62b02d5079ead04b29db2bf17376b394f2ee9901d5f4070a24c74090a12c82d,"{""proxyWallet"": ""0x051a41432e855805b88204118b5049664dc5fc66"", ""side"": ""BUY"", ""asset"": ""5031084282167950494806674428243037744881029417420880897305642929037077494331"", ""conditionId"": ""0x46d40e851b24d9b0af4bc1942ccd86439cae82a9011767da14950df0ad997adf"", ""size"": 243.902439, ""price"": 0.0410000000041, ""timestamp"": 1770985719, ""title"": ""Will Trump nominate Judy Shelton as the next Fed chair?"", ""slug"": ""will-trump-nominate-judy-shelton-as-the-next-fed-chair"", ""icon"": ""https://polymarket-upload.s3.us-east-2.amazonaws.com/judy-shelton-15c5dd306b.png"", ""eventSlug"": ""who-will-trump-nominate-as-fed-chair"", ""outcome"": ""Yes"", ""outcomeIndex"": 0, ""name"": ""Reddy5"", ""pseudonym"": ""Keen-Apology"", ""bio"": """", ""profileImage"": """", ""profileImageOptimized"": """", ""transactionHash"": ""0xf62b02d5079ead04b29db2bf17376b394f2ee9901d5f4070a24c74090a12c82d""}"
1770985691,2026-02-14T01:56:24.392278,0xf2f5f55aec00652a0e4e327207866c3465ba7c350f4648371f6b0e13e42cf6e3:1770985691,572473,5031084282167950494806674428243037744881029417420880897305642929037077494331,SELL,0.04104934705646667,72105.01,2959.8635799999997,0xf2f5f55aec00652a0e4e327207866c3465ba7c350f4648371f6b0e13e42cf6e3,"{""proxyWallet"": ""0x78048aa26ac1967566b8ed11910b529e5f2d7025"", ""side"": ""SELL"", ""asset"": ""5031084282167950494806674428243037744881029417420880897305642929037077494331"", ""conditionId"": ""0x46d40e851b24d9b0af4bc1942ccd86439cae82a9011767da14950df0ad997adf"", ""size"": 72105.01, ""price"": 0.04104934705646667, ""timestamp"": 1770985691, ""title"": ""Will Trump nominate Judy Shelton as the next Fed chair?"", ""slug"": ""will-trump-nominate-judy-shelton-as-the-next-fed-chair"", ""icon"": ""https://polymarket-upload.s3.us-east-2.amazonaws.com/judy-shelton-15c5dd306b.png"", ""eventSlug"": ""who-will-trump-nominate-as-fed-chair"", ""outcome"": ""Yes"", ""outcomeIndex"": 0, ""name"": ""HorribleWork"", ""pseudonym"": ""Double-Scrim"", ""bio"": """", ""profileImage"": ""https://polymarket-upload.s3.us-east-2.amazonaws.com/kingfisher_c9d341a3-6e6b-4dcd-b3fb-57d251450723_1730003648834.jpg"", ""profileImageOptimized"": """", ""transactionHash"": ""0xf2f5f55aec00652a0e4e327207866c3465ba7c350f4648371f6b0e13e42cf6e3""}"
1770985409,2026-02-14T01:56:24.392302,0x0769661794338503331e3b2ca372e89af72eb52bb274656ae2bccc38c5bf65c2:1770985409,572473,5031084282167950494806674428243037744881029417420880897305642929037077494331,BUY,0.043,35163.13,1512.0145899999998,0x0769661794338503331e3b2ca372e89af72eb52bb274656ae2bccc38c5bf65c2,"{""proxyWallet"": ""0x6087e2651febbab9589e490cb5947f6a1ca3900c"", ""side"": ""BUY"", ""asset"": ""5031084282167950494806674428243037744881029417420880897305642929037077494331"", ""conditionId"": ""0x46d40e851b24d9b0af4bc1942ccd86439cae82a9011767da14950df0ad997adf"", ""size"": 35163.13, ""price"": 0.043, ""timestamp"": 1770985409, ""title"": ""Will Trump nominate Judy Shelton as the next Fed chair?"", ""slug"": ""will-trump-nominate-judy-shelton-as-the-next-fed-chair"", ""icon"": ""https://polymarket-upload.s3.us-east-2.amazonaws.com/judy-shelton-15c5dd306b.png"", ""eventSlug"": ""who-will-trump-nominate-as-fed-chair"", ""outcome"": ""Yes"", ""outcomeIndex"": 0, ""name"": ""sdffdsgdagsg"", ""pseudonym"": ""Worthy-Icicle"", ""bio"": """", ""profileImage"": """", ""profileImageOptimized"": """", ""transactionHash"": ""0x0769661794338503331e3b2ca372e89af72eb52bb274656ae2bccc38c5bf65c2""}"
1770985391,2026-02-14T01:56:24.392319,0x2c809bb756d324699d8eddde6965f7f9b00c938cd2235401be36b24b4fa5853c:1770985391,572473,5031084282167950494806674428243037744881029417420880897305642929037077494331,SELL,0.042,140.0,5.880000000000001,0x2c809bb756d324699d8eddde6965f7f9b00c938cd2235401be36b24b4fa5853c,"{""proxyWallet"": ""0x7d858550e3f39cb2f605b36e5b068a15bcb63a04"", ""side"": ""SELL"", ""asset"": ""5031084282167950494806674428243037744881029417420880897305642929037077494331"", ""conditionId"": ""0x46d40e851b24d9b0af4bc1942ccd86439cae82a9011767da14950df0ad997adf"", ""size"": 140, ""price"": 0.042, ""timestamp"": 1770985391, ""title"": ""Will Trump nominate Judy Shelton as the next Fed chair?"", ""slug"": ""will-trump-nominate-judy-shelton-as-the-next-fed-chair"", ""icon"": ""https://polymarket-upload.s3.us-east-2.amazonaws.com/judy-shelton-15c5dd306b.png"", ""eventSlug"": ""who-will-trump-nominate-as-fed-chair"", ""outcome"": ""Yes"", ""outcomeIndex"": 0, ""name"": ""Helldiver15"", ""pseudonym"": ""Puny-Satisfaction"", ""bio"": """", ""profileImage"": ""https://polymarket-upload.s3.us-east-2.amazonaws.com/profile-image-4767879-f9f90af8-d3b8-4537-a737-cac6c0965620.png"", ""profileImageOptimized"": """", ""transactionHash"": ""0x2c809bb756d324699d8eddde6965f7f9b00c938cd2235401be36b24b4fa5853c""}"
1770985123,2026-02-14T01:56:24.392342,0xeabcab01d4f8993bc05c2e8be9b8347b23b84cd20656605941fff98295273ad4:1770985123,572473,5031084282167950494806674428243037744881029417420880897305642929037077494331,SELL,0.042,1506.01,63.25242,0xeabcab01d4f8993bc05c2e8be9b8347b23b84cd20656605941fff98295273ad4,"{""proxyWallet"": ""0x0977b61b12a0cac239428e16a27f8c3d49234158"", ""side"": ""SELL"", ""asset"": ""5031084282167950494806674428243037744881029417420880897305642929037077494331"", ""conditionId"": ""0x46d40e851b24d9b0af4bc1942ccd86439cae82a9011767da14950df0ad997adf"", ""size"": 1506.01, ""price"": 0.042, ""timestamp"": 1770985123, ""title"": ""Will Trump nominate Judy Shelton as the next Fed chair?"", ""slug"": ""will-trump-nominate-judy-shelton-as-the-next-fed-chair"", ""icon"": ""https://polymarket-upload.s3.us-east-2.amazonaws.com/judy-shelton-15c5dd306b.png"", ""eventSlug"": ""who-will-trump-nominate-as-fed-chair"", ""outcome"": ""Yes"", ""outcomeIndex"": 0, ""name"": ""3456563542"", ""pseudonym"": ""Affectionate-Saviour"", ""bio"": """", ""profileImage"": """", ""profileImageOptimized"": """", ""transactionHash"": ""0xeabcab01d4f8993bc05c2e8be9b8347b23b84cd20656605941fff98295273ad4""}"
1770984847,2026-02-14T01:56:24.392368,0x056569e6a89554c841856aa6b6fc02ded21ba2bdecf32b61f636cbe8937f6359:1770984847,572473,5031084282167950494806674428243037744881029417420880897305642929037077494331,SELL,0.043,2058.72,88.52495999999998,0x056569e6a89554c841856aa6b6fc02ded21ba2bdecf32b61f636cbe8937f6359,"{""proxyWallet"": ""0xa2ad69e4e650160f2ecf1c839102147e93c722be"", ""side"": ""SELL"", ""asset"": ""5031084282167950494806674428243037744881029417420880897305642929037077494331"", ""conditionId"": ""0x46d40e851b24d9b0af4bc1942ccd86439cae82a9011767da14950df0ad997adf"", ""size"": 2058.72, ""price"": 0.043, ""timestamp"": 1770984847, ""title"": ""Will Trump nominate Judy Shelton as the next Fed chair?"", ""slug"": ""will-trump-nominate-judy-shelton-as-the-next-fed-chair"", ""icon"": ""https://polymarket-upload.s3.us-east-2.amazonaws.com/judy-shelton-15c5dd306b.png"", ""eventSlug"": ""who-will-trump-nominate-as-fed-chair"", ""outcome"": ""Yes"", ""outcomeIndex"": 0, ""name"": ""564345"", ""pseudonym"": ""Spicy-Apprehension"", ""bio"": """", ""profileImage"": """", ""profileImageOptimized"": """", ""transactionHash"": ""0x056569e6a89554c841856aa6b6fc02ded21ba2bdecf32b61f636cbe8937f6359""}"
1770984637,2026-02-14T01:56:24.392390,0xd2570da801e43dd789a123111adb54d908b0d1f36705efaaa45076579072cc44:1770984637,572473,5031084282167950494806674428243037744881029417420880897305642929037077494331,SELL,0.043,53.73,2.3103899999999995,0xd2570da801e43dd789a123111adb54d908b0d1f36705efaaa45076579072cc44,"{""proxyWallet"": ""0x8e9eedf20dfa70956d49f608a205e402d9df38e4"", ""side"": ""SELL"", ""asset"": ""5031084282167950494806674428243037744881029417420880897305642929037077494331"", ""conditionId"": ""0x46d40e851b24d9b0af4bc1942ccd86439cae82a9011767da14950df0ad997adf"", ""size"": 53.73, ""price"": 0.043, ""timestamp"": 1770984637, ""title"": ""Will Trump nominate Judy Shelton as the next Fed chair?"", ""slug"": ""will-trump-nominate-judy-shelton-as-the-next-fed-chair"", ""icon"": ""https://polymarket-upload.s3.us-east-2.amazonaws.com/judy-shelton-15c5dd306b.png"", ""eventSlug"": ""who-will-trump-nominate-as-fed-chair"", ""outcome"": ""Yes"", ""outcomeIndex"": 0, ""name"": ""Karajan"", ""pseudonym"": ""Murky-Oversight"", ""bio"": """", ""profileImage"": """", ""profileImageOptimized"": """", ""transactionHash"": ""0xd2570da801e43dd789a123111adb54d908b0d1f36705efaaa45076579072cc44""}"
1770984635,2026-02-14T01:56:24.392407,0xa95fa2d976d9a35490a487193e6592cf72dddec96b02b2900a9d259d710df6f2:1770984635,572473,5031084282167950494806674428243037744881029417420880897305642929037077494331,SELL,0.043,2270.0,97.60999999999999,0xa95fa2d976d9a35490a487193e6592cf72dddec96b02b2900a9d259d710df6f2,"{""proxyWallet"": ""0x14e2651e595b928a1dbb94455e6a32dd381ede20"", ""side"": ""SELL"", ""asset"": ""5031084282167950494806674428243037744881029417420880897305642929037077494331"", ""conditionId"": ""0x46d40e851b24d9b0af4bc1942ccd86439cae82a9011767da14950df0ad997adf"", ""size"": 2270, ""price"": 0.043, ""timestamp"": 1770984635, ""title"": ""Will Trump nominate Judy Shelton as the next Fed chair?"", ""slug"": ""will-trump-nominate-judy-shelton-as-the-next-fed-chair"", ""icon"": ""https://polymarket-upload.s3.us-east-2.amazonaws.com/judy-shelton-15c5dd306b.png"", ""eventSlug"": ""who-will-trump-nominate-as-fed-chair"", ""outcome"": ""Yes"", ""outcomeIndex"": 0, ""name"": ""45376743"", ""pseudonym"": ""Gruesome-Revelation"", ""bio"": """", ""profileImage"": """", ""profileImageOptimized"": """", ""transactionHash"": ""0xa95fa2d976d9a35490a487193e6592cf72dddec96b02b2900a9d259d710df6f2""}"
1770984419,2026-02-14T01:56:24.392432,0x76eda2bdd80bc1a1fd2a52ccab0f1dd4df3097d322d5cdb9cce133762326ed1e:1770984419,572473,5031084282167950494806674428243037744881029417420880897305642929037077494331,SELL,0.043,106.0,4.558,0x76eda2bdd80bc1a1fd2a52ccab0f1dd4df3097d322d5cdb9cce133762326ed1e,"{""proxyWallet"": ""0x46ceeec62ed877c6db4a0ee4bc4385318f06c842"", ""side"": ""SELL"", ""asset"": ""5031084282167950494806674428243037744881029417420880897305642929037077494331"", ""conditionId"": ""0x46d40e851b24d9b0af4bc1942ccd86439cae82a9011767da14950df0ad997adf"", ""size"": 106, ""price"": 0.043, ""timestamp"": 1770984419, ""title"": ""Will Trump nominate Judy Shelton as the next Fed chair?"", ""slug"": ""will-trump-nominate-judy-shelton-as-the-next-fed-chair"", ""icon"": ""https://polymarket-upload.s3.us-east-2.amazonaws.com/judy-shelton-15c5dd306b.png"", ""eventSlug"": ""who-will-trump-nominate-as-fed-chair"", ""outcome"": ""Yes"", ""outcomeIndex"": 0, ""name"": ""R23poyrffsddfdsfd43554"", ""pseudonym"": ""Faithful-Intervention"", ""bio"": """", ""profileImage"": """", ""profileImageOptimized"": """", ""transactionHash"": ""0x76eda2bdd80bc1a1fd2a52ccab0f1dd4df3097d322d5cdb9cce133762326ed1e""}"
1770984379,2026-02-14T01:56:24.392449,0xb6acee8eeb6437e4efba06b38a53e4b5a90ba31036be22f8a0b1c6fb2d433ba7:1770984379,572473,5031084282167950494806674428243037744881029417420880897305642929037077494331,BUY,0.043,6312.62,271.44266,0xb6acee8eeb6437e4efba06b38a53e4b5a90ba31036be22f8a0b1c6fb2d433ba7,"{""proxyWallet"": ""0xcc7532855591f2f0811f7d5bf13810a24931cffe"", ""side"": ""BUY"", ""asset"": ""5031084282167950494806674428243037744881029417420880897305642929037077494331"", ""conditionId"": ""0x46d40e851b24d9b0af4bc1942ccd86439cae82a9011767da14950df0ad997adf"", ""size"": 6312.62, ""price"": 0.043, ""timestamp"": 1770984379, ""title"": ""Will Trump nominate Judy Shelton as the next Fed chair?"", ""slug"": ""will-trump-nominate-judy-shelton-as-the-next-fed-chair"", ""icon"": ""https://polymarket-upload.s3.us-east-2.amazonaws.com/judy-shelton-15c5dd306b.png"", ""eventSlug"": ""who-will-trump-nominate-as-fed-chair"", ""outcome"": ""Yes"", ""outcomeIndex"": 0, ""name"": ""Leonest"", ""pseudonym"": ""Twin-Scanner"", ""bio"": """", ""profileImage"": """", ""profileImageOptimized"": """", ""transactionHash"": ""0xb6acee8eeb6437e4efba06b38a53e4b5a90ba31036be22f8a0b1c6fb2d433ba7""}"
1770984311,2026-02-14T01:56:24.392466,0x947e5a2174e95b18081a1ae598eef44783e8817ecca98c5edae00a3f2433b60a:1770984311,572473,5031084282167950494806674428243037744881029417420880897305642929037077494331,BUY,0.042999999960120966,23069.76744,991.9999989999999,0x947e5a2174e95b18081a1ae598eef44783e8817ecca98c5edae00a3f2433b60a,"{""proxyWallet"": ""0x477ef30e65e4f829789564ee290ff8363c5149c1"", ""side"": ""BUY"", ""asset"": ""5031084282167950494806674428243037744881029417420880897305642929037077494331"", ""conditionId"": ""0x46d40e851b24d9b0af4bc1942ccd86439cae82a9011767da14950df0ad997adf"", ""size"": 23069.76744, ""price"": 0.042999999960120966, ""timestamp"": 1770984311, ""title"": ""Will Trump nominate Judy Shelton as the next Fed chair?"", ""slug"": ""will-trump-nominate-judy-shelton-as-the-next-fed-chair"", ""icon"": ""https://polymarket-upload.s3.us-east-2.amazonaws.com/judy-shelton-15c5dd306b.png"", ""eventSlug"": ""who-will-trump-nominate-as-fed-chair"", ""outcome"": ""Yes"", ""outcomeIndex"": 0, ""name"": """", ""pseudonym"": """", ""bio"": """", ""profileImage"": """", ""profileImageOptimized"": """", ""transactionHash"": ""0x947e5a2174e95b18081a1ae598eef44783e8817ecca98c5edae00a3f2433b60a""}"
1770984243,2026-02-14T01:56:24.392485,0x653ba7c75f0289f984df85aef1caffb3ff0be53f093182c2a15d6c4f245327b6:1770984243,572473,5031084282167950494806674428243037744881029417420880897305642929037077494331,SELL,0.042,2200.0,92.4,0x653ba7c75f0289f984df85aef1caffb3ff0be53f093182c2a15d6c4f245327b6,"{""proxyWallet"": ""0xcf793d36c3d8296f77764195a3a0fc15f92e28af"", ""side"": ""SELL"", ""asset"": ""5031084282167950494806674428243037744881029417420880897305642929037077494331"", ""conditionId"": ""0x46d40e851b24d9b0af4bc1942ccd86439cae82a9011767da14950df0ad997adf"", ""size"": 2200, ""price"": 0.042, ""timestamp"": 1770984243, ""title"": ""Will Trump nominate Judy Shelton as the next Fed chair?"", ""slug"": ""will-trump-nominate-judy-shelton-as-the-next-fed-chair"", ""icon"": ""https://polymarket-upload.s3.us-east-2.amazonaws.com/judy-shelton-15c5dd306b.png"", ""eventSlug"": ""who-will-trump-nominate-as-fed-chair"", ""outcome"": ""Yes"", ""outcomeIndex"": 0, ""name"": ""324547688"", ""pseudonym"": ""Wobbly-Implement"", ""bio"": """", ""profileImage"": """", ""profileImageOptimized"": """", ""transactionHash"": ""0x653ba7c75f0289f984df85aef1caffb3ff0be53f093182c2a15d6c4f245327b6""}"
1770984207,2026-02-14T01:56:24.392503,0x051701323adef05671cb7b8803e87c4006f4a337da93507c9852c7b1f6173757:1770984207,572473,5031084282167950494806674428243037744881029417420880897305642929037077494331,BUY,0.04299999598379997,232.558138,9.999999,0x051701323adef05671cb7b8803e87c4006f4a337da93507c9852c7b1f6173757,"{""proxyWallet"": ""0xa841431e359fd2ffc143ab364bf607ff85757e7d"", ""side"": ""BUY"", ""asset"": ""5031084282167950494806674428243037744881029417420880897305642929037077494331"", ""conditionId"": ""0x46d40e851b24d9b0af4bc1942ccd86439cae82a9011767da14950df0ad997adf"", ""size"": 232.558138, ""price"": 0.04299999598379997, ""timestamp"": 1770984207, ""title"": ""Will Trump nominate Judy Shelton as the next Fed chair?"", ""slug"": ""will-trump-nominate-judy-shelton-as-the-next-fed-chair"", ""icon"": ""https://polymarket-upload.s3.us-east-2.amazonaws.com/judy-shelton-15c5dd306b.png"", ""eventSlug"": ""who-will-trump-nominate-as-fed-chair"", ""outcome"": ""Yes"", ""outcomeIndex"": 0, ""name"": ""0xA841431e359fD2FFc143AB364Bf607Ff85757E7d-1770981851686"", ""pseudonym"": ""Easy-Going-Monitor"", ""bio"": """", ""profileImage"": """", ""profileImageOptimized"": """", ""transactionHash"": ""0x051701323adef05671cb7b8803e87c4006f4a337da93507c9852c7b1f6173757""}"
1770983913,2026-02-14T01:56:24.392524,0xbfc2fa252bb2050e5d52433ef6211492d3eaa83169586cd030b1041ba65c8be3:1770983913,572473,5031084282167950494806674428243037744881029417420880897305642929037077494331,BUY,0.042999999800695,4651.162789,199.999999,0xbfc2fa252bb2050e5d52433ef6211492d3eaa83169586cd030b1041ba65c8be3,"{""proxyWallet"": ""0x9793031523f4b7a0fa7ec00089b29fac94b1789c"", ""side"": ""BUY"", ""asset"": ""5031084282167950494806674428243037744881029417420880897305642929037077494331"", ""conditionId"": ""0x46d40e851b24d9b0af4bc1942ccd86439cae82a9011767da14950df0ad997adf"", ""size"": 4651.162789, ""price"": 0.042999999800695, ""timestamp"": 1770983913, ""title"": ""Will Trump nominate Judy Shelton as the next Fed chair?"", ""slug"": ""will-trump-nominate-judy-shelton-as-the-next-fed-chair"", ""icon"": ""https://polymarket-upload.s3.us-east-2.amazonaws.com/judy-shelton-15c5dd306b.png"", ""eventSlug"": ""who-will-trump-nominate-as-fed-chair"", ""outcome"": ""Yes"", ""outcomeIndex"": 0, ""name"": ""0x9793031523F4B7a0Fa7Ec00089b29FAC94B1789c-1769821449308"", ""pseudonym"": ""Indelible-Oyster"", ""bio"": """", ""profileImage"": """", ""profileImageOptimized"": """", ""transactionHash"": ""0xbfc2fa252bb2050e5d52433ef6211492d3eaa83169586cd030b1041ba65c8be3""}"
1770983707,2026-02-14T01:56:25.272153,0xa5f59baa509dc9d4aba754d38d70982c8d057312488a0dc17cd5e9d9f4ddd4df:1770983707,572473,5031084282167950494806674428243037744881029417420880897305642929037077494331,BUY,0.04299996061199669,23.255812,0.999999,0xa5f59baa509dc9d4aba754d38d70982c8d057312488a0dc17cd5e9d9f4ddd4df,"{""proxyWallet"": ""0x9184b5438d6165bfb14df2a8eb92f2a1b1676048"", ""side"": ""BUY"", ""asset"": ""5031084282167950494806674428243037744881029417420880897305642929037077494331"", ""conditionId"": ""0x46d40e851b24d9b0af4bc1942ccd86439cae82a9011767da14950df0ad997adf"", ""size"": 23.255812, ""price"": 0.04299996061199669, ""timestamp"": 1770983707, ""title"": ""Will Trump nominate Judy Shelton as the next Fed chair?"", ""slug"": ""will-trump-nominate-judy-shelton-as-the-next-fed-chair"", ""icon"": ""https://polymarket-upload.s3.us-east-2.amazonaws.com/judy-shelton-15c5dd306b.png"", ""eventSlug"": ""who-will-trump-nominate-as-fed-chair"", ""outcome"": ""Yes"", ""outcomeIndex"": 0, ""name"": ""LoveIsAnywhere"", ""pseudonym"": ""Scary-Deed"", ""bio"": ""Dafug"", ""profileImage"": """", ""profileImageOptimized"": """", ""transactionHash"": ""0xa5f59baa509dc9d4aba754d38d70982c8d057312488a0dc17cd5e9d9f4ddd4df""}"
1770983683,2026-02-14T01:56:25.272236,0x5036534dbd938610b8aead2617c538a2fcef1aa896f0025620b766941e7d364b:1770983683,572473,5031084282167950494806674428243037744881029417420880897305642929037077494331,SELL,0.042,2941.07,123.52494000000002,0x5036534dbd938610b8aead2617c538a2fcef1aa896f0025620b766941e7d364b,"{""proxyWallet"": ""0x0050e56b61435f905823c8e35002339afc72b093"", ""side"": ""SELL"", ""asset"": ""5031084282167950494806674428243037744881029417420880897305642929037077494331"", ""conditionId"": ""0x46d40e851b24d9b0af4bc1942ccd86439cae82a9011767da14950df0ad997adf"", ""size"": 2941.07, ""price"": 0.042, ""timestamp"": 1770983683, ""title"": ""Will Trump nominate Judy Shelton as the next Fed chair?"", ""slug"": ""will-trump-nominate-judy-shelton-as-the-next-fed-chair"", ""icon"": ""https://polymarket-upload.s3.us-east-2.amazonaws.com/judy-shelton-15c5dd306b.png"", ""eventSlug"": ""who-will-trump-nominate-as-fed-chair"", ""outcome"": ""Yes"", ""outcomeIndex"": 0, ""name"": ""0x0050e56B61435f905823C8e35002339afc72B093-1770629136999"", ""pseudonym"": ""Trusty-Bullfighter"", ""bio"": """", ""profileImage"": """", ""profileImageOptimized"": """", ""transactionHash"": ""0x5036534dbd938610b8aead2617c538a2fcef1aa896f0025620b766941e7d364b""}"
1770983669,2026-02-14T01:56:25.272263,0x58a323ee092767a2356c57bb3def36f6f4c238680b30e3ff2bbf8dded17cb738:1770983669,572473,5031084282167950494806674428243037744881029417420880897305642929037077494331,BUY,0.04299996061199669,23.255812,0.999999,0x58a323ee092767a2356c57bb3def36f6f4c238680b30e3ff2bbf8dded17cb738,"{""proxyWallet"": ""0x7c95c3c16e9aee742273f56efc15a7c51ea64d3b"", ""side"": ""BUY"", ""asset"": ""5031084282167950494806674428243037744881029417420880897305642929037077494331"", ""conditionId"": ""0x46d40e851b24d9b0af4bc1942ccd86439cae82a9011767da14950df0ad997adf"", ""size"": 23.255812, ""price"": 0.04299996061199669, ""timestamp"": 1770983669, ""title"": ""Will Trump nominate Judy Shelton as the next Fed chair?"", ""slug"": ""will-trump-nominate-judy-shelton-as-the-next-fed-chair"", ""icon"": ""https://polymarket-upload.s3.us-east-2.amazonaws.com/judy-shelton-15c5dd306b.png"", ""eventSlug"": ""who-will-trump-nominate-as-fed-chair"", ""outcome"": ""Yes"", ""outcomeIndex"": 0, ""name"": ""Dolgil25"", ""pseudonym"": ""Specific-Leveret"", ""bio"": """", ""profileImage"": """", ""profileImageOptimized"": """", ""transactionHash"": ""0x58a323ee092767a2356c57bb3def36f6f4c238680b30e3ff2bbf8dded17cb738""}"
1770983363,2026-02-14T01:56:25.272289,0x091049c7d73c276a2c2743cce5f79b1f813112e69c2425aa9abfafbfc716bc4b:1770983363,572473,5031084282167950494806674428243037744881029417420880897305642929037077494331,BUY,0.043,130.0,5.59,0x091049c7d73c276a2c2743cce5f79b1f813112e69c2425aa9abfafbfc716bc4b,"{""proxyWallet"": ""0xc7e33c5ca5260dadac82e0a1c3e688509f79b81c"", ""side"": ""BUY"", ""asset"": ""5031084282167950494806674428243037744881029417420880897305642929037077494331"", ""conditionId"": ""0x46d40e851b24d9b0af4bc1942ccd86439cae82a9011767da14950df0ad997adf"", ""size"": 130, ""price"": 0.043, ""timestamp"": 1770983363, ""title"": ""Will Trump nominate Judy Shelton as the next Fed chair?"", ""slug"": ""will-trump-nominate-judy-shelton-as-the-next-fed-chair"", ""icon"": ""https://polymarket-upload.s3.us-east-2.amazonaws.com/judy-shelton-15c5dd306b.png"", ""eventSlug"": ""who-will-trump-nominate-as-fed-chair"", ""outcome"": ""Yes"", ""outcomeIndex"": 0, ""name"": """", ""pseudonym"": """", ""bio"": """", ""profileImage"": """", ""profileImageOptimized"": """", ""transactionHash"": ""0x091049c7d73c276a2c2743cce5f79b1f813112e69c2425aa9abfafbfc716bc4b""}"
1770983363,2026-02-14T01:56:25.272310,0x34e48dfe66eb092e9117c443e68c2bd25531c1dadd07238c87d3e2f6c5939c8e:1770983363,572473,5031084282167950494806674428243037744881029417420880897305642929037077494331,BUY,0.043,130.0,5.59,0x34e48dfe66eb092e9117c443e68c2bd25531c1dadd07238c87d3e2f6c5939c8e,"{""proxyWallet"": ""0xc7e33c5ca5260dadac82e0a1c3e688509f79b81c"", ""side"": ""BUY"", ""asset"": ""5031084282167950494806674428243037744881029417420880897305642929037077494331"", ""conditionId"": ""0x46d40e851b24d9b0af4bc1942ccd86439cae82a9011767da14950df0ad997adf"", ""size"": 130, ""price"": 0.043, ""timestamp"": 1770983363, ""title"": ""Will Trump nominate Judy Shelton as the next Fed chair?"", ""slug"": ""will-trump-nominate-judy-shelton-as-the-next-fed-chair"", ""icon"": ""https://polymarket-upload.s3.us-east-2.amazonaws.com/judy-shelton-15c5dd306b.png"", ""eventSlug"": ""who-will-trump-nominate-as-fed-chair"", ""outcome"": ""Yes"", ""outcomeIndex"": 0, ""name"": """", ""pseudonym"": """", ""bio"": """", ""profileImage"": """", ""profileImageOptimized"": """", ""transactionHash"": ""0x34e48dfe66eb092e9117c443e68c2bd25531c1dadd07238c87d3e2f6c5939c8e""}"
1770983341,2026-02-14T01:56:25.272327,0xc3f7f6210d0786199b34cf079b8f590954d117a443abd5eb743540ce75156fc5:1770983341,572473,5031084282167950494806674428243037744881029417420880897305642929037077494331,BUY,0.043,130.0,5.59,0xc3f7f6210d0786199b34cf079b8f590954d117a443abd5eb743540ce75156fc5,"{""proxyWallet"": ""0x8708c1839fd4f8c6a0008b4ffc476cfe98e115aa"", ""side"": ""BUY"", ""asset"": ""5031084282167950494806674428243037744881029417420880897305642929037077494331"", ""conditionId"": ""0x46d40e851b24d9b0af4bc1942ccd86439cae82a9011767da14950df0ad997adf"", ""size"": 130, ""price"": 0.043, ""timestamp"": 1770983341, ""title"": ""Will Trump nominate Judy Shelton as the next Fed chair?"", ""slug"": ""will-trump-nominate-judy-shelton-as-the-next-fed-chair"", ""icon"": ""https://polymarket-upload.s3.us-east-2.amazonaws.com/judy-shelton-15c5dd306b.png"", ""eventSlug"": ""who-will-trump-nominate-as-fed-chair"", ""outcome"": ""Yes"", ""outcomeIndex"": 0, ""name"": ""nmiok47"", ""pseudonym"": ""Icky-Staircase"", ""bio"": """", ""profileImage"": """", ""profileImageOptimized"": """", ""transactionHash"": ""0xc3f7f6210d0786199b34cf079b8f590954d117a443abd5eb743540ce75156fc5""}"
1770983181,2026-02-14T01:56:25.272347,0x0cfcc14a237fb91ca725ec46bbe591262da0ac3d030265aa7fe5f79863bb5c7a:1770983181,572473,5031084282167950494806674428243037744881029417420880897305642929037077494331,BUY,0.04300000000223029,3138.604651,134.96,0x0cfcc14a237fb91ca725ec46bbe591262da0ac3d030265aa7fe5f79863bb5c7a,"{""proxyWallet"": ""0x0c48d8f0bafaf79bd056e01f3bb13b5da2389d28"", ""side"": ""BUY"", ""asset"": ""5031084282167950494806674428243037744881029417420880897305642929037077494331"", ""conditionId"": ""0x46d40e851b24d9b0af4bc1942ccd86439cae82a9011767da14950df0ad997adf"", ""size"": 3138.604651, ""price"": 0.04300000000223029, ""timestamp"": 1770983181, ""title"": ""Will Trump nominate Judy Shelton as the next Fed chair?"", ""slug"": ""will-trump-nominate-judy-shelton-as-the-next-fed-chair"", ""icon"": ""https://polymarket-upload.s3.us-east-2.amazonaws.com/judy-shelton-15c5dd306b.png"", ""eventSlug"": ""who-will-trump-nominate-as-fed-chair"", ""outcome"": ""Yes"", ""outcomeIndex"": 0, ""name"": ""TM3AT"", ""pseudonym"": ""Free-Butler"", ""bio"": """", ""profileImage"": ""https://polymarket-upload.s3.us-east-2.amazonaws.com/profile-image-4436507-bce11bf3-64f0-4b16-a188-43cb80e03cda.jpeg"", ""profileImageOptimized"": """", ""transactionHash"": ""0x0cfcc14a237fb91ca725ec46bbe591262da0ac3d030265aa7fe5f79863bb5c7a""}"
1770982997,2026-02-14T01:56:25.272372,0x88692bff7effb691636fd5b76cbccb6a12fcad29276b8c5eaa9eede02886084f:1770982997,572473,5031084282167950494806674428243037744881029417420880897305642929037077494331,BUY,0.04299996061199669,23.255812,0.999999,0x88692bff7effb691636fd5b76cbccb6a12fcad29276b8c5eaa9eede02886084f,"{""proxyWallet"": ""0x0a128456e200fb2f64d7e8e302a108a45d8d9302"", ""side"": ""BUY"", ""asset"": ""5031084282167950494806674428243037744881029417420880897305642929037077494331"", ""conditionId"": ""0x46d40e851b24d9b0af4bc1942ccd86439cae82a9011767da14950df0ad997adf"", ""size"": 23.255812, ""price"": 0.04299996061199669, ""timestamp"": 1770982997, ""title"": ""Will Trump nominate Judy Shelton as the next Fed chair?"", ""slug"": ""will-trump-nominate-judy-shelton-as-the-next-fed-chair"", ""icon"": ""https://polymarket-upload.s3.us-east-2.amazonaws.com/judy-shelton-15c5dd306b.png"", ""eventSlug"": ""who-will-trump-nominate-as-fed-chair"", ""outcome"": ""Yes"", ""outcomeIndex"": 0, ""name"": ""nachiket2067"", ""pseudonym"": ""Disloyal-Visit"", ""bio"": """", ""profileImage"": """", ""profileImageOptimized"": """", ""transactionHash"": ""0x88692bff7effb691636fd5b76cbccb6a12fcad29276b8c5eaa9eede02886084f""}"
1770982699,2026-02-14T01:56:25.272395,0xaa623699916100c3135dde26fefb0705045dc9fe8428a25ae8ba4e5d1519cbb1:1770982699,572473,5031084282167950494806674428243037744881029417420880897305642929037077494331,SELL,0.042,1500.0,63.00000000000001,0xaa623699916100c3135dde26fefb0705045dc9fe8428a25ae8ba4e5d1519cbb1,"{""proxyWallet"": ""0xab1cab72897cb41d07b925107b065a88465b35a7"", ""side"": ""SELL"", ""asset"": ""5031084282167950494806674428243037744881029417420880897305642929037077494331"", ""conditionId"": ""0x46d40e851b24d9b0af4bc1942ccd86439cae82a9011767da14950df0ad997adf"", ""size"": 1500, ""price"": 0.042, ""timestamp"": 1770982699, ""title"": ""Will Trump nominate Judy Shelton as the next Fed chair?"", ""slug"": ""will-trump-nominate-judy-shelton-as-the-next-fed-chair"", ""icon"": ""https://polymarket-upload.s3.us-east-2.amazonaws.com/judy-shelton-15c5dd306b.png"", ""eventSlug"": ""who-will-trump-nominate-as-fed-chair"", ""outcome"": ""Yes"", ""outcomeIndex"": 0, ""name"": ""bbxiang"", ""pseudonym"": ""Illiterate-Gang"", ""bio"": """", ""profileImage"": """", ""profileImageOptimized"": """", ""transactionHash"": ""0xaa623699916100c3135dde26fefb0705045dc9fe8428a25ae8ba4e5d1519cbb1""}"
1770982427,2026-02-14T01:56:25.272415,0x2beada2147cb8605e47abecbca3ff5d107de60499b07c309199ea5d8050a6948:1770982427,572473,5031084282167950494806674428243037744881029417420880897305642929037077494331,SELL,0.042,5.0,0.21000000000000002,0x2beada2147cb8605e47abecbca3ff5d107de60499b07c309199ea5d8050a6948,"{""proxyWallet"": ""0x0b01d14b4f91acdf61534543d4a645f142238f47"", ""side"": ""SELL"", ""asset"": ""5031084282167950494806674428243037744881029417420880897305642929037077494331"", ""conditionId"": ""0x46d40e851b24d9b0af4bc1942ccd86439cae82a9011767da14950df0ad997adf"", ""size"": 5, ""price"": 0.042, ""timestamp"": 1770982427, ""title"": ""Will Trump nominate Judy Shelton as the next Fed chair?"", ""slug"": ""will-trump-nominate-judy-shelton-as-the-next-fed-chair"", ""icon"": ""https://polymarket-upload.s3.us-east-2.amazonaws.com/judy-shelton-15c5dd306b.png"", ""eventSlug"": ""who-will-trump-nominate-as-fed-chair"", ""outcome"": ""Yes"", ""outcomeIndex"": 0, ""name"": ""0x0B01d14B4f91ACdf61534543d4a645f142238F47-1766685782640"", ""pseudonym"": ""Radiant-Dahlia"", ""bio"": """", ""profileImage"": """", ""profileImageOptimized"": """", ""transactionHash"": ""0x2beada2147cb8605e47abecbca3ff5d107de60499b07c309199ea5d8050a6948""}"
1770982335,2026-02-14T01:56:25.272454,0xad670f5882dfc7e8b6cd74e5f3f194dca0f9a2028364ca36a8c48013ebf0b05b:1770982335,572473,5031084282167950494806674428243037744881029417420880897305642929037077494331,BUY,0.04299996061199669,23.255812,0.999999,0xad670f5882dfc7e8b6cd74e5f3f194dca0f9a2028364ca36a8c48013ebf0b05b,"{""proxyWallet"": ""0x6fe3f313b681cf34dbcee1546d6e0ca66ff7aad6"", ""side"": ""BUY"", ""asset"": ""5031084282167950494806674428243037744881029417420880897305642929037077494331"", ""conditionId"": ""0x46d40e851b24d9b0af4bc1942ccd86439cae82a9011767da14950df0ad997adf"", ""size"": 23.255812, ""price"": 0.04299996061199669, ""timestamp"": 1770982335, ""title"": ""Will Trump nominate Judy Shelton as the next Fed chair?"", ""slug"": ""will-trump-nominate-judy-shelton-as-the-next-fed-chair"", ""icon"": ""https://polymarket-upload.s3.us-east-2.amazonaws.com/judy-shelton-15c5dd306b.png"", ""eventSlug"": ""who-will-trump-nominate-as-fed-chair"", ""outcome"": ""Yes"", ""outcomeIndex"": 0, ""name"": ""0x6fe3F313B681cf34dBcee1546D6E0ca66ff7aad6-1770979052599"", ""pseudonym"": ""Insistent-Employer"", ""bio"": """", ""profileImage"": """", ""profileImageOptimized"": """", ""transactionHash"": ""0xad670f5882dfc7e8b6cd74e5f3f194dca0f9a2028364ca36a8c48013ebf0b05b""}"
1770982321,2026-02-14T01:56:25.272477,0x28003a1a4d4e9ced0f43e817b67749256d3a6085142991d38e691701c7b0a651:1770982321,572473,5031084282167950494806674428243037744881029417420880897305642929037077494331,BUY,0.04299996061199669,23.255812,0.999999,0x28003a1a4d4e9ced0f43e817b67749256d3a6085142991d38e691701c7b0a651,"{""proxyWallet"": ""0x6fe3f313b681cf34dbcee1546d6e0ca66ff7aad6"", ""side"": ""BUY"", ""asset"": ""5031084282167950494806674428243037744881029417420880897305642929037077494331"", ""conditionId"": ""0x46d40e851b24d9b0af4bc1942ccd86439cae82a9011767da14950df0ad997adf"", ""size"": 23.255812, ""price"": 0.04299996061199669, ""timestamp"": 1770982321, ""title"": ""Will Trump nominate Judy Shelton as the next Fed chair?"", ""slug"": ""will-trump-nominate-judy-shelton-as-the-next-fed-chair"", ""icon"": ""https://polymarket-upload.s3.us-east-2.amazonaws.com/judy-shelton-15c5dd306b.png"", ""eventSlug"": ""who-will-trump-nominate-as-fed-chair"", ""outcome"": ""Yes"", ""outcomeIndex"": 0, ""name"": ""0x6fe3F313B681cf34dBcee1546D6E0ca66ff7aad6-1770979052599"", ""pseudonym"": ""Insistent-Employer"", ""bio"": """", ""profileImage"": """", ""profileImageOptimized"": """", ""transactionHash"": ""0x28003a1a4d4e9ced0f43e817b67749256d3a6085142991d38e691701c7b0a651""}"
1770982255,2026-02-14T01:56:25.272507,0x43661854bf3dd93f92f88a9327a5f84352411883fc2288427a073024e105b8eb:1770982255,572473,5031084282167950494806674428243037744881029417420880897305642929037077494331,SELL,0.043,5674.79,244.01596999999998,0x43661854bf3dd93f92f88a9327a5f84352411883fc2288427a073024e105b8eb,"{""proxyWallet"": ""0x44a1159b925c145e70f746bb3f0f58380553bd21"", ""side"": ""SELL"", ""asset"": ""5031084282167950494806674428243037744881029417420880897305642929037077494331"", ""conditionId"": ""0x46d40e851b24d9b0af4bc1942ccd86439cae82a9011767da14950df0ad997adf"", ""size"": 5674.79, ""price"": 0.043, ""timestamp"": 1770982255, ""title"": ""Will Trump nominate Judy Shelton as the next Fed chair?"", ""slug"": ""will-trump-nominate-judy-shelton-as-the-next-fed-chair"", ""icon"": ""https://polymarket-upload.s3.us-east-2.amazonaws.com/judy-shelton-15c5dd306b.png"", ""eventSlug"": ""who-will-trump-nominate-as-fed-chair"", ""outcome"": ""Yes"", ""outcomeIndex"": 0, ""name"": ""yupiiiiiiiii"", ""pseudonym"": ""True-Counsel"", ""bio"": """", ""profileImage"": """", ""profileImageOptimized"": """", ""transactionHash"": ""0x43661854bf3dd93f92f88a9327a5f84352411883fc2288427a073024e105b8eb""}"
1770981265,2026-02-14T01:56:25.272544,0x001fa417f282394c4eba1ab483f810690b6da9a4d3db7da883fb0022a6403e0e:1770981265,572473,5031084282167950494806674428243037744881029417420880897305642929037077494331,BUY,0.044,230.0,10.12,0x001fa417f282394c4eba1ab483f810690b6da9a4d3db7da883fb0022a6403e0e,"{""proxyWallet"": ""0x976aec1fde367e298cbc8e23d8eea442d6ffda19"", ""side"": ""BUY"", ""asset"": ""5031084282167950494806674428243037744881029417420880897305642929037077494331"", ""conditionId"": ""0x46d40e851b24d9b0af4bc1942ccd86439cae82a9011767da14950df0ad997adf"", ""size"": 230, ""price"": 0.044, ""timestamp"": 1770981265, ""title"": ""Will Trump nominate Judy Shelton as the next Fed chair?"", ""slug"": ""will-trump-nominate-judy-shelton-as-the-next-fed-chair"", ""icon"": ""https://polymarket-upload.s3.us-east-2.amazonaws.com/judy-shelton-15c5dd306b.png"", ""eventSlug"": ""who-will-trump-nominate-as-fed-chair"", ""outcome"": ""Yes"", ""outcomeIndex"": 0, ""name"": ""dien"", ""pseudonym"": ""Powerful-Grandchild"", ""bio"": """", ""profileImage"": """", ""profileImageOptimized"": """", ""transactionHash"": ""0x001fa417f282394c4eba1ab483f810690b6da9a4d3db7da883fb0022a6403e0e""}"
1770981065,2026-02-14T01:56:25.272566,0x26f67fe08caeba67ecbfe0a98063801dc238cbc635aae806e57aa6e35c04d34d:1770981065,572473,5031084282167950494806674428243037744881029417420880897305642929037077494331,SELL,0.043,31.25,1.34375,0x26f67fe08caeba67ecbfe0a98063801dc238cbc635aae806e57aa6e35c04d34d,"{""proxyWallet"": ""0xdbd118dce51285d3cfb126001b32e20b666d2265"", ""side"": ""SELL"", ""asset"": ""5031084282167950494806674428243037744881029417420880897305642929037077494331"", ""conditionId"": ""0x46d40e851b24d9b0af4bc1942ccd86439cae82a9011767da14950df0ad997adf"", ""size"": 31.25, ""price"": 0.043, ""timestamp"": 1770981065, ""title"": ""Will Trump nominate Judy Shelton as the next Fed chair?"", ""slug"": ""will-trump-nominate-judy-shelton-as-the-next-fed-chair"", ""icon"": ""https://polymarket-upload.s3.us-east-2.amazonaws.com/judy-shelton-15c5dd306b.png"", ""eventSlug"": ""who-will-trump-nominate-as-fed-chair"", ""outcome"": ""Yes"", ""outcomeIndex"": 0, ""name"": ""Totomen"", ""pseudonym"": ""Disastrous-Mode"", ""bio"": """", ""profileImage"": """", ""profileImageOptimized"": """", ""transactionHash"": ""0x26f67fe08caeba67ecbfe0a98063801dc238cbc635aae806e57aa6e35c04d34d""}"
1770980879,2026-02-14T01:56:25.272588,0x0e7f76cc27f17d9b82360882312fc8602b93f659d1cdb5161885e5b0e1a7997e:1770980879,572473,5031084282167950494806674428243037744881029417420880897305642929037077494331,BUY,0.043999997313066655,340.909089,14.999999,0x0e7f76cc27f17d9b82360882312fc8602b93f659d1cdb5161885e5b0e1a7997e,"{""proxyWallet"": ""0xd2fb408ca2b567a2949443450dfa0034d4383091"", ""side"": ""BUY"", ""asset"": ""5031084282167950494806674428243037744881029417420880897305642929037077494331"", ""conditionId"": ""0x46d40e851b24d9b0af4bc1942ccd86439cae82a9011767da14950df0ad997adf"", ""size"": 340.909089, ""price"": 0.043999997313066655, ""timestamp"": 1770980879, ""title"": ""Will Trump nominate Judy Shelton as the next Fed chair?"", ""slug"": ""will-trump-nominate-judy-shelton-as-the-next-fed-chair"", ""icon"": ""https://polymarket-upload.s3.us-east-2.amazonaws.com/judy-shelton-15c5dd306b.png"", ""eventSlug"": ""who-will-trump-nominate-as-fed-chair"", ""outcome"": ""Yes"", ""outcomeIndex"": 0, ""name"": ""Kom15z"", ""pseudonym"": ""Rewarding-Epithelium"", ""bio"": """", ""profileImage"": ""https://polymarket-upload.s3.us-east-2.amazonaws.com/profile-image-4709148-e30506bd-b902-44b9-af56-8e087869c2e1.jpg"", ""profileImageOptimized"": """", ""transactionHash"": ""0x0e7f76cc27f17d9b82360882312fc8602b93f659d1cdb5161885e5b0e1a7997e""}"
1770980811,2026-02-14T01:56:25.272611,0x714193d792fc2ac283d66698fd69a606fa109397335d99f433f3068f841c4ea3:1770980811,572473,5031084282167950494806674428243037744881029417420880897305642929037077494331,SELL,0.043,5.0,0.21499999999999997,0x714193d792fc2ac283d66698fd69a606fa109397335d99f433f3068f841c4ea3,"{""proxyWallet"": ""0x0b01d14b4f91acdf61534543d4a645f142238f47"", ""side"": ""SELL"", ""asset"": ""5031084282167950494806674428243037744881029417420880897305642929037077494331"", ""conditionId"": ""0x46d40e851b24d9b0af4bc1942ccd86439cae82a9011767da14950df0ad997adf"", ""size"": 5, ""price"": 0.043, ""timestamp"": 1770980811, ""title"": ""Will Trump nominate Judy Shelton as the next Fed chair?"", ""slug"": ""will-trump-nominate-judy-shelton-as-the-next-fed-chair"", ""icon"": ""https://polymarket-upload.s3.us-east-2.amazonaws.com/judy-shelton-15c5dd306b.png"", ""eventSlug"": ""who-will-trump-nominate-as-fed-chair"", ""outcome"": ""Yes"", ""outcomeIndex"": 0, ""name"": ""0x0B01d14B4f91ACdf61534543d4a645f142238F47-1766685782640"", ""pseudonym"": ""Radiant-Dahlia"", ""bio"": """", ""profileImage"": """", ""profileImageOptimized"": """", ""transactionHash"": ""0x714193d792fc2ac283d66698fd69a606fa109397335d99f433f3068f841c4ea3""}"
1770980775,2026-02-14T01:56:25.272630,0x006048011c318234464f8f50f70440e0de3de6c0d0e03f03d27a2500ab8065da:1770980775,572473,5031084282167950494806674428243037744881029417420880897305642929037077494331,BUY,0.04399999584639998,227.272726,9.999999,0x006048011c318234464f8f50f70440e0de3de6c0d0e03f03d27a2500ab8065da,"{""proxyWallet"": ""0xdf998b3e1d43938b977f8216dfb9f312f052dc75"", ""side"": ""BUY"", ""asset"": ""5031084282167950494806674428243037744881029417420880897305642929037077494331"", ""conditionId"": ""0x46d40e851b24d9b0af4bc1942ccd86439cae82a9011767da14950df0ad997adf"", ""size"": 227.272726, ""price"": 0.04399999584639998, ""timestamp"": 1770980775, ""title"": ""Will Trump nominate Judy Shelton as the next Fed chair?"", ""slug"": ""will-trump-nominate-judy-shelton-as-the-next-fed-chair"", ""icon"": ""https://polymarket-upload.s3.us-east-2.amazonaws.com/judy-shelton-15c5dd306b.png"", ""eventSlug"": ""who-will-trump-nominate-as-fed-chair"", ""outcome"": ""Yes"", ""outcomeIndex"": 0, ""name"": ""AntoineMrd"", ""pseudonym"": ""Foolhardy-Comfortable"", ""bio"": """", ""profileImage"": """", ""profileImageOptimized"": """", ""transactionHash"": ""0x006048011c318234464f8f50f70440e0de3de6c0d0e03f03d27a2500ab8065da""}"
1770980751,2026-02-14T01:56:25.272649,0xde3535c26d8bc24d79967647d13aab9e5d3f11e85814826972b203f2ad38ab54:1770980751,572473,5031084282167950494806674428243037744881029417420880897305642929037077494331,BUY,0.043999999593439997,2272.727271,99.999999,0xde3535c26d8bc24d79967647d13aab9e5d3f11e85814826972b203f2ad38ab54,"{""proxyWallet"": ""0xdf998b3e1d43938b977f8216dfb9f312f052dc75"", ""side"": ""BUY"", ""asset"": ""5031084282167950494806674428243037744881029417420880897305642929037077494331"", ""conditionId"": ""0x46d40e851b24d9b0af4bc1942ccd86439cae82a9011767da14950df0ad997adf"", ""size"": 2272.727271, ""price"": 0.043999999593439997, ""timestamp"": 1770980751, ""title"": ""Will Trump nominate Judy Shelton as the next Fed chair?"", ""slug"": ""will-trump-nominate-judy-shelton-as-the-next-fed-chair"", ""icon"": ""https://polymarket-upload.s3.us-east-2.amazonaws.com/judy-shelton-15c5dd306b.png"", ""eventSlug"": ""who-will-trump-nominate-as-fed-chair"", ""outcome"": ""Yes"", ""outcomeIndex"": 0, ""name"": ""AntoineMrd"", ""pseudonym"": ""Foolhardy-Comfortable"", ""bio"": """", ""profileImage"": """", ""profileImageOptimized"": """", ""transactionHash"": ""0xde3535c26d8bc24d79967647d13aab9e5d3f11e85814826972b203f2ad38ab54""}"
1770980555,2026-02-14T01:56:25.272675,0xcc7d698d3dcb33e661292f04f585a87a09677c09d4041f3e47cdbc01daac8dab:1770980555,572473,5031084282167950494806674428243037744881029417420880897305642929037077494331,BUY,0.0440000000528,909.090908,40.0,0xcc7d698d3dcb33e661292f04f585a87a09677c09d4041f3e47cdbc01daac8dab,"{""proxyWallet"": ""0x1640518f08ac116dd080e7f548c3c39d0bca8bf5"", ""side"": ""BUY"", ""asset"": ""5031084282167950494806674428243037744881029417420880897305642929037077494331"", ""conditionId"": ""0x46d40e851b24d9b0af4bc1942ccd86439cae82a9011767da14950df0ad997adf"", ""size"": 909.090908, ""price"": 0.0440000000528, ""timestamp"": 1770980555, ""title"": ""Will Trump nominate Judy Shelton as the next Fed chair?"", ""slug"": ""will-trump-nominate-judy-shelton-as-the-next-fed-chair"", ""icon"": ""https://polymarket-upload.s3.us-east-2.amazonaws.com/judy-shelton-15c5dd306b.png"", ""eventSlug"": ""who-will-trump-nominate-as-fed-chair"", ""outcome"": ""Yes"", ""outcomeIndex"": 0, ""name"": ""0x1640518f08AC116Dd080e7F548c3C39D0bcA8bF5-1770366050142"", ""pseudonym"": ""Curly-File"", ""bio"": """", ""profileImage"": """", ""profileImageOptimized"": """", ""transactionHash"": ""0xcc7d698d3dcb33e661292f04f585a87a09677c09d4041f3e47cdbc01daac8dab""}"
1770980407,2026-02-14T01:56:25.272697,0xaadd5915350462d53fd70a50ec9b424cf5f2de6477e5cb473e30fafd0a66a751:1770980407,572473,5031084282167950494806674428243037744881029417420880897305642929037077494331,BUY,0.043999999576878855,2174.31818,95.66999900000002,0xaadd5915350462d53fd70a50ec9b424cf5f2de6477e5cb473e30fafd0a66a751,"{""proxyWallet"": ""0x6c39e617a248199054197c2417d015c46c7eb28b"", ""side"": ""BUY"", ""asset"": ""5031084282167950494806674428243037744881029417420880897305642929037077494331"", ""conditionId"": ""0x46d40e851b24d9b0af4bc1942ccd86439cae82a9011767da14950df0ad997adf"", ""size"": 2174.31818, ""price"": 0.043999999576878855, ""timestamp"": 1770980407, ""title"": ""Will Trump nominate Judy Shelton as the next Fed chair?"", ""slug"": ""will-trump-nominate-judy-shelton-as-the-next-fed-chair"", ""icon"": ""https://polymarket-upload.s3.us-east-2.amazonaws.com/judy-shelton-15c5dd306b.png"", ""eventSlug"": ""who-will-trump-nominate-as-fed-chair"", ""outcome"": ""Yes"", ""outcomeIndex"": 0, ""name"": ""0x6C39e617a248199054197C2417D015C46C7eB28b-1770728880021"", ""pseudonym"": ""Courageous-Dogsled-Dial"", ""bio"": """", ""profileImage"": """", ""profileImageOptimized"": """", ""transactionHash"": ""0xaadd5915350462d53fd70a50ec9b424cf5f2de6477e5cb473e30fafd0a66a751""}"
1770980201,2026-02-14T01:56:25.272721,0x35c9622da6fafd537f7c823cbf6aee589d199d7f242c05f0d063572a47430ad6:1770980201,572473,5031084282167950494806674428243037744881029417420880897305642929037077494331,SELL,0.043,446.43,19.196489999999997,0x35c9622da6fafd537f7c823cbf6aee589d199d7f242c05f0d063572a47430ad6,"{""proxyWallet"": ""0x469c7f793fa34a154f2d378b2397daa9eb65309b"", ""side"": ""SELL"", ""asset"": ""5031084282167950494806674428243037744881029417420880897305642929037077494331"", ""conditionId"": ""0x46d40e851b24d9b0af4bc1942ccd86439cae82a9011767da14950df0ad997adf"", ""size"": 446.43, ""price"": 0.043, ""timestamp"": 1770980201, ""title"": ""Will Trump nominate Judy Shelton as the next Fed chair?"", ""slug"": ""will-trump-nominate-judy-shelton-as-the-next-fed-chair"", ""icon"": ""https://polymarket-upload.s3.us-east-2.amazonaws.com/judy-shelton-15c5dd306b.png"", ""eventSlug"": ""who-will-trump-nominate-as-fed-chair"", ""outcome"": ""Yes"", ""outcomeIndex"": 0, ""name"": ""flyip"", ""pseudonym"": ""Sugary-Peen"", ""bio"": """", ""profileImage"": """", ""profileImageOptimized"": """", ""transactionHash"": ""0x35c9622da6fafd537f7c823cbf6aee589d199d7f242c05f0d063572a47430ad6""}"
1770980185,2026-02-14T01:56:25.272739,0x00977c5c79456ceb9ed76f8fe9101a3a5dec861875db74f61f19e099bcbac24a:1770980185,572473,5031084282167950494806674428243037744881029417420880897305642929037077494331,SELL,0.04201439644990769,1744.18,73.28067,0x00977c5c79456ceb9ed76f8fe9101a3a5dec861875db74f61f19e099bcbac24a,"{""proxyWallet"": ""0xf5889380a621f588658803586b6f84c2d91835e2"", ""side"": ""SELL"", ""asset"": ""5031084282167950494806674428243037744881029417420880897305642929037077494331"", ""conditionId"": ""0x46d40e851b24d9b0af4bc1942ccd86439cae82a9011767da14950df0ad997adf"", ""size"": 1744.18, ""price"": 0.04201439644990769, ""timestamp"": 1770980185, ""title"": ""Will Trump nominate Judy Shelton as the next Fed chair?"", ""slug"": ""will-trump-nominate-judy-shelton-as-the-next-fed-chair"", ""icon"": ""https://polymarket-upload.s3.us-east-2.amazonaws.com/judy-shelton-15c5dd306b.png"", ""eventSlug"": ""who-will-trump-nominate-as-fed-chair"", ""outcome"": ""Yes"", ""outcomeIndex"": 0, ""name"": ""0xf5889380A621F588658803586B6F84c2d91835E2-1770833137473"", ""pseudonym"": ""Entire-Misreading"", ""bio"": """", ""profileImage"": """", ""profileImageOptimized"": """", ""transactionHash"": ""0x00977c5c79456ceb9ed76f8fe9101a3a5dec861875db74f61f19e099bcbac24a""}"
1770979863,2026-02-14T01:56:25.272761,0x68f2dedf87db284123517c4c1741703de59254b61f89fad27dfc9489ef890dde:1770979863,572473,5031084282167950494806674428243037744881029417420880897305642929037077494331,SELL,0.042942023333333336,3000.0,128.82607000000002,0x68f2dedf87db284123517c4c1741703de59254b61f89fad27dfc9489ef890dde,"{""proxyWallet"": ""0xc10b54e9c0cef681c5fbaad67752cd2e510bc27e"", ""side"": ""SELL"", ""asset"": ""5031084282167950494806674428243037744881029417420880897305642929037077494331"", ""conditionId"": ""0x46d40e851b24d9b0af4bc1942ccd86439cae82a9011767da14950df0ad997adf"", ""size"": 3000, ""price"": 0.042942023333333336, ""timestamp"": 1770979863, ""title"": ""Will Trump nominate Judy Shelton as the next Fed chair?"", ""slug"": ""will-trump-nominate-judy-shelton-as-the-next-fed-chair"", ""icon"": ""https://polymarket-upload.s3.us-east-2.amazonaws.com/judy-shelton-15c5dd306b.png"", ""eventSlug"": ""who-will-trump-nominate-as-fed-chair"", ""outcome"": ""Yes"", ""outcomeIndex"": 0, ""name"": ""Gg1377"", ""pseudonym"": ""Solid-Highlight"", ""bio"": """", ""profileImage"": """", ""profileImageOptimized"": """", ""transactionHash"": ""0x68f2dedf87db284123517c4c1741703de59254b61f89fad27dfc9489ef890dde""}"
1770979653,2026-02-14T01:56:25.272785,0xac5c2f72535f01e401cbbc78fad58c5f3ea72d979856c2bdd225e42967241c6f:1770979653,572473,5031084282167950494806674428243037744881029417420880897305642929037077494331,SELL,0.043,5.0,0.21499999999999997,0xac5c2f72535f01e401cbbc78fad58c5f3ea72d979856c2bdd225e42967241c6f,"{""proxyWallet"": ""0x0b01d14b4f91acdf61534543d4a645f142238f47"", ""side"": ""SELL"", ""asset"": ""5031084282167950494806674428243037744881029417420880897305642929037077494331"", ""conditionId"": ""0x46d40e851b24d9b0af4bc1942ccd86439cae82a9011767da14950df0ad997adf"", ""size"": 5, ""price"": 0.043, ""timestamp"": 1770979653, ""title"": ""Will Trump nominate Judy Shelton as the next Fed chair?"", ""slug"": ""will-trump-nominate-judy-shelton-as-the-next-fed-chair"", ""icon"": ""https://polymarket-upload.s3.us-east-2.amazonaws.com/judy-shelton-15c5dd306b.png"", ""eventSlug"": ""who-will-trump-nominate-as-fed-chair"", ""outcome"": ""Yes"", ""outcomeIndex"": 0, ""name"": ""0x0B01d14B4f91ACdf61534543d4a645f142238F47-1766685782640"", ""pseudonym"": ""Radiant-Dahlia"", ""bio"": """", ""profileImage"": """", ""profileImageOptimized"": """", ""transactionHash"": ""0xac5c2f72535f01e401cbbc78fad58c5f3ea72d979856c2bdd225e42967241c6f""}"
1770979617,2026-02-14T01:56:25.272809,0xe0c08b72008d4d1f707b9e89ee070b6dc54812b01a74efd3c6388a4c9b5a9290:1770979617,572473,5031084282167950494806674428243037744881029417420880897305642929037077494331,SELL,0.043,260.0,11.18,0xe0c08b72008d4d1f707b9e89ee070b6dc54812b01a74efd3c6388a4c9b5a9290,"{""proxyWallet"": ""0xfc8343e5049bcf9be8ed3beb855aae085b75d418"", ""side"": ""SELL"", ""asset"": ""5031084282167950494806674428243037744881029417420880897305642929037077494331"", ""conditionId"": ""0x46d40e851b24d9b0af4bc1942ccd86439cae82a9011767da14950df0ad997adf"", ""size"": 260, ""price"": 0.043, ""timestamp"": 1770979617, ""title"": ""Will Trump nominate Judy Shelton as the next Fed chair?"", ""slug"": ""will-trump-nominate-judy-shelton-as-the-next-fed-chair"", ""icon"": ""https://polymarket-upload.s3.us-east-2.amazonaws.com/judy-shelton-15c5dd306b.png"", ""eventSlug"": ""who-will-trump-nominate-as-fed-chair"", ""outcome"": ""Yes"", ""outcomeIndex"": 0, ""name"": ""0xFC8343E5049bCF9BE8Ed3BEb855Aae085B75d418-1767528079765"", ""pseudonym"": ""Negligible-Antique"", ""bio"": """", ""profileImage"": """", ""profileImageOptimized"": """", ""transactionHash"": ""0xe0c08b72008d4d1f707b9e89ee070b6dc54812b01a74efd3c6388a4c9b5a9290""}"
1770979555,2026-02-14T01:56:25.272831,0xf107e20661282f265d0ae1027315ea208de5ac6931db5ed74f412f2fdf468474:1770979555,572473,5031084282167950494806674428243037744881029417420880897305642929037077494331,SELL,0.043,5.0,0.21499999999999997,0xf107e20661282f265d0ae1027315ea208de5ac6931db5ed74f412f2fdf468474,"{""proxyWallet"": ""0x0b01d14b4f91acdf61534543d4a645f142238f47"", ""side"": ""SELL"", ""asset"": ""5031084282167950494806674428243037744881029417420880897305642929037077494331"", ""conditionId"": ""0x46d40e851b24d9b0af4bc1942ccd86439cae82a9011767da14950df0ad997adf"", ""size"": 5, ""price"": 0.043, ""timestamp"": 1770979555, ""title"": ""Will Trump nominate Judy Shelton as the next Fed chair?"", ""slug"": ""will-trump-nominate-judy-shelton-as-the-next-fed-chair"", ""icon"": ""https://polymarket-upload.s3.us-east-2.amazonaws.com/judy-shelton-15c5dd306b.png"", ""eventSlug"": ""who-will-trump-nominate-as-fed-chair"", ""outcome"": ""Yes"", ""outcomeIndex"": 0, ""name"": ""0x0B01d14B4f91ACdf61534543d4a645f142238F47-1766685782640"", ""pseudonym"": ""Radiant-Dahlia"", ""bio"": """", ""profileImage"": """", ""profileImageOptimized"": """", ""transactionHash"": ""0xf107e20661282f265d0ae1027315ea208de5ac6931db5ed74f412f2fdf468474""}"
1770979513,2026-02-14T01:56:25.272849,0xd32ed9053556f003ef171f167ebe3d206bdc0f47608f63c7a5e0103d03494b41:1770979513,572473,5031084282167950494806674428243037744881029417420880897305642929037077494331,SELL,0.043,100.0,4.3,0xd32ed9053556f003ef171f167ebe3d206bdc0f47608f63c7a5e0103d03494b41,"{""proxyWallet"": ""0x5fa679aa693c3c18432dce101c0d87cbf3d003eb"", ""side"": ""SELL"", ""asset"": ""5031084282167950494806674428243037744881029417420880897305642929037077494331"", ""conditionId"": ""0x46d40e851b24d9b0af4bc1942ccd86439cae82a9011767da14950df0ad997adf"", ""size"": 100, ""price"": 0.043, ""timestamp"": 1770979513, ""title"": ""Will Trump nominate Judy Shelton as the next Fed chair?"", ""slug"": ""will-trump-nominate-judy-shelton-as-the-next-fed-chair"", ""icon"": ""https://polymarket-upload.s3.us-east-2.amazonaws.com/judy-shelton-15c5dd306b.png"", ""eventSlug"": ""who-will-trump-nominate-as-fed-chair"", ""outcome"": ""Yes"", ""outcomeIndex"": 0, ""name"": ""Fers"", ""pseudonym"": ""Sleepy-Slapstick"", ""bio"": ""You can survive being wrong. You cannot survive overpaying."", ""profileImage"": ""https://polymarket-upload.s3.us-east-2.amazonaws.com/profile-image-2913195-5bb77578-3996-4ab6-94c7-caa631ddad79.jpeg"", ""profileImageOptimized"": """", ""transactionHash"": ""0xd32ed9053556f003ef171f167ebe3d206bdc0f47608f63c7a5e0103d03494b41""}"
1770979491,2026-02-14T01:56:25.272868,0xf1f39c98c97905853f834a8d5efeec2995cd52f99dfef4d50f7c9ccf16c2ecc1:1770979491,572473,5031084282167950494806674428243037744881029417420880897305642929037077494331,BUY,0.04399999963372134,2577.272726,113.399999,0xf1f39c98c97905853f834a8d5efeec2995cd52f99dfef4d50f7c9ccf16c2ecc1,"{""proxyWallet"": ""0xb20768931f4dae4fb0183d4df97d7fd196972de1"", ""side"": ""BUY"", ""asset"": ""5031084282167950494806674428243037744881029417420880897305642929037077494331"", ""conditionId"": ""0x46d40e851b24d9b0af4bc1942ccd86439cae82a9011767da14950df0ad997adf"", ""size"": 2577.272726, ""price"": 0.04399999963372134, ""timestamp"": 1770979491, ""title"": ""Will Trump nominate Judy Shelton as the next Fed chair?"", ""slug"": ""will-trump-nominate-judy-shelton-as-the-next-fed-chair"", ""icon"": ""https://polymarket-upload.s3.us-east-2.amazonaws.com/judy-shelton-15c5dd306b.png"", ""eventSlug"": ""who-will-trump-nominate-as-fed-chair"", ""outcome"": ""Yes"", ""outcomeIndex"": 0, ""name"": ""0xb20768931F4DAe4fB0183d4DF97D7fd196972DE1-1770815044544"", ""pseudonym"": ""Snappy-Endothelium"", ""bio"": """", ""profileImage"": """", ""profileImageOptimized"": """", ""transactionHash"": ""0xf1f39c98c97905853f834a8d5efeec2995cd52f99dfef4d50f7c9ccf16c2ecc1""}"
1770978975,2026-02-14T01:56:25.272890,0xf4593c05cc96e3ef08d696fbe5b423af2c182dd04503ed3241ded3c6f39f36fd:1770978975,572473,5031084282167950494806674428243037744881029417420880897305642929037077494331,BUY,0.0439999991728,1136.363635,49.999999,0xf4593c05cc96e3ef08d696fbe5b423af2c182dd04503ed3241ded3c6f39f36fd,"{""proxyWallet"": ""0x37a83218ba2c8cbb29b810ad583ecd34f9370cce"", ""side"": ""BUY"", ""asset"": ""5031084282167950494806674428243037744881029417420880897305642929037077494331"", ""conditionId"": ""0x46d40e851b24d9b0af4bc1942ccd86439cae82a9011767da14950df0ad997adf"", ""size"": 1136.363635, ""price"": 0.0439999991728, ""timestamp"": 1770978975, ""title"": ""Will Trump nominate Judy Shelton as the next Fed chair?"", ""slug"": ""will-trump-nominate-judy-shelton-as-the-next-fed-chair"", ""icon"": ""https://polymarket-upload.s3.us-east-2.amazonaws.com/judy-shelton-15c5dd306b.png"", ""eventSlug"": ""who-will-trump-nominate-as-fed-chair"", ""outcome"": ""Yes"", ""outcomeIndex"": 0, ""name"": """", ""pseudonym"": """", ""bio"": """", ""profileImage"": """", ""profileImageOptimized"": """", ""transactionHash"": ""0xf4593c05cc96e3ef08d696fbe5b423af2c182dd04503ed3241ded3c6f39f36fd""}"
1770978873,2026-02-14T01:56:25.272909,0x271859a9e130f75b25bb13daab1fc86a05050169b41bb36f5c701748cef711c8:1770978873,572473,5031084282167950494806674428243037744881029417420880897305642929037077494331,SELL,0.043,22.72,0.9769599999999998,0x271859a9e130f75b25bb13daab1fc86a05050169b41bb36f5c701748cef711c8,"{""proxyWallet"": ""0x355ca7af6447021e01d27032fe4c8d05cfe5ab2e"", ""side"": ""SELL"", ""asset"": ""5031084282167950494806674428243037744881029417420880897305642929037077494331"", ""conditionId"": ""0x46d40e851b24d9b0af4bc1942ccd86439cae82a9011767da14950df0ad997adf"", ""size"": 22.72, ""price"": 0.043, ""timestamp"": 1770978873, ""title"": ""Will Trump nominate Judy Shelton as the next Fed chair?"", ""slug"": ""will-trump-nominate-judy-shelton-as-the-next-fed-chair"", ""icon"": ""https://polymarket-upload.s3.us-east-2.amazonaws.com/judy-shelton-15c5dd306b.png"", ""eventSlug"": ""who-will-trump-nominate-as-fed-chair"", ""outcome"": ""Yes"", ""outcomeIndex"": 0, ""name"": ""charizard1985"", ""pseudonym"": ""Insistent-Topsail"", ""bio"": """", ""profileImage"": """", ""profileImageOptimized"": """", ""transactionHash"": ""0x271859a9e130f75b25bb13daab1fc86a05050169b41bb36f5c701748cef711c8""}"
1770978621,2026-02-14T01:56:25.272931,0xfeb62bdabc20b055893a97e9c06a7c0930ae54995c4b2f5425af4a471bb6dd98:1770978621,572473,5031084282167950494806674428243037744881029417420880897305642929037077494331,BUY,0.04320092458434282,1376.590908,59.47,0xfeb62bdabc20b055893a97e9c06a7c0930ae54995c4b2f5425af4a471bb6dd98,"{""proxyWallet"": ""0xe81c7ecb0e19a8b6c12d179544900c2c3c14fd16"", ""side"": ""BUY"", ""asset"": ""5031084282167950494806674428243037744881029417420880897305642929037077494331"", ""conditionId"": ""0x46d40e851b24d9b0af4bc1942ccd86439cae82a9011767da14950df0ad997adf"", ""size"": 1376.590908, ""price"": 0.04320092458434282, ""timestamp"": 1770978621, ""title"": ""Will Trump nominate Judy Shelton as the next Fed chair?"", ""slug"": ""will-trump-nominate-judy-shelton-as-the-next-fed-chair"", ""icon"": ""https://polymarket-upload.s3.us-east-2.amazonaws.com/judy-shelton-15c5dd306b.png"", ""eventSlug"": ""who-will-trump-nominate-as-fed-chair"", ""outcome"": ""Yes"", ""outcomeIndex"": 0, ""name"": ""0xE81C7Ecb0E19A8B6C12D179544900c2c3c14fD16-1770830220673"", ""pseudonym"": ""Expert-Electrocardiogram"", ""bio"": """", ""profileImage"": """", ""profileImageOptimized"": """", ""transactionHash"": ""0xfeb62bdabc20b055893a97e9c06a7c0930ae54995c4b2f5425af4a471bb6dd98""}"
1770978269,2026-02-14T01:56:25.272957,0x36195b8afa0866ffb2610220bd353859e244a2fae313c77e67078716af5a47c6:1770978269,572473,5031084282167950494806674428243037744881029417420880897305642929037077494331,BUY,0.04399999584639998,227.272726,9.999999,0x36195b8afa0866ffb2610220bd353859e244a2fae313c77e67078716af5a47c6,"{""proxyWallet"": ""0x315288089b33829b67d60144cd437b1043d32ef1"", ""side"": ""BUY"", ""asset"": ""5031084282167950494806674428243037744881029417420880897305642929037077494331"", ""conditionId"": ""0x46d40e851b24d9b0af4bc1942ccd86439cae82a9011767da14950df0ad997adf"", ""size"": 227.272726, ""price"": 0.04399999584639998, ""timestamp"": 1770978269, ""title"": ""Will Trump nominate Judy Shelton as the next Fed chair?"", ""slug"": ""will-trump-nominate-judy-shelton-as-the-next-fed-chair"", ""icon"": ""https://polymarket-upload.s3.us-east-2.amazonaws.com/judy-shelton-15c5dd306b.png"", ""eventSlug"": ""who-will-trump-nominate-as-fed-chair"", ""outcome"": ""Yes"", ""outcomeIndex"": 0, ""name"": ""Dauerhaft"", ""pseudonym"": ""Definite-Geranium"", ""bio"": """", ""profileImage"": """", ""profileImageOptimized"": """", ""transactionHash"": ""0x36195b8afa0866ffb2610220bd353859e244a2fae313c77e67078716af5a47c6""}"
1770978103,2026-02-14T01:56:25.272978,0x11cf57b57b5e3a7046b21e78631918f067a3d2caffce36d00a36e786bb4a8d0a:1770978103,572473,5031084282167950494806674428243037744881029417420880897305642929037077494331,BUY,0.04399995934399691,22.727271,0.999999,0x11cf57b57b5e3a7046b21e78631918f067a3d2caffce36d00a36e786bb4a8d0a,"{""proxyWallet"": ""0x355ca7af6447021e01d27032fe4c8d05cfe5ab2e"", ""side"": ""BUY"", ""asset"": ""5031084282167950494806674428243037744881029417420880897305642929037077494331"", ""conditionId"": ""0x46d40e851b24d9b0af4bc1942ccd86439cae82a9011767da14950df0ad997adf"", ""size"": 22.727271, ""price"": 0.04399995934399691, ""timestamp"": 1770978103, ""title"": ""Will Trump nominate Judy Shelton as the next Fed chair?"", ""slug"": ""will-trump-nominate-judy-shelton-as-the-next-fed-chair"", ""icon"": ""https://polymarket-upload.s3.us-east-2.amazonaws.com/judy-shelton-15c5dd306b.png"", ""eventSlug"": ""who-will-trump-nominate-as-fed-chair"", ""outcome"": ""Yes"", ""outcomeIndex"": 0, ""name"": ""charizard1985"", ""pseudonym"": ""Insistent-Topsail"", ""bio"": """", ""profileImage"": """", ""profileImageOptimized"": """", ""transactionHash"": ""0x11cf57b57b5e3a7046b21e78631918f067a3d2caffce36d00a36e786bb4a8d0a""}"
1770977797,2026-02-14T01:56:26.239514,0xdcfcb92b10ca9c9a023866b40fa10aa2e974c6a76d79927e04ed42c2512904ed:1770977797,572473,5031084282167950494806674428243037744881029417420880897305642929037077494331,BUY,0.043999997567058816,386.363635,16.999999,0xdcfcb92b10ca9c9a023866b40fa10aa2e974c6a76d79927e04ed42c2512904ed,"{""proxyWallet"": ""0xfe13e0cbe98528d86582fe228cf9db1a64650840"", ""side"": ""BUY"", ""asset"": ""5031084282167950494806674428243037744881029417420880897305642929037077494331"", ""conditionId"": ""0x46d40e851b24d9b0af4bc1942ccd86439cae82a9011767da14950df0ad997adf"", ""size"": 386.363635, ""price"": 0.043999997567058816, ""timestamp"": 1770977797, ""title"": ""Will Trump nominate Judy Shelton as the next Fed chair?"", ""slug"": ""will-trump-nominate-judy-shelton-as-the-next-fed-chair"", ""icon"": ""https://polymarket-upload.s3.us-east-2.amazonaws.com/judy-shelton-15c5dd306b.png"", ""eventSlug"": ""who-will-trump-nominate-as-fed-chair"", ""outcome"": ""Yes"", ""outcomeIndex"": 0, ""name"": """", ""pseudonym"": """", ""bio"": """", ""profileImage"": """", ""profileImageOptimized"": """", ""transactionHash"": ""0xdcfcb92b10ca9c9a023866b40fa10aa2e974c6a76d79927e04ed42c2512904ed""}"
1770977343,2026-02-14T01:56:26.239560,0xf70336eeb17e4f71d05f40efdc7a509cb39b8f842db3bd997f6a16ac3611d839:1770977343,572473,5031084282167950494806674428243037744881029417420880897305642929037077494331,BUY,0.04399999584639998,227.272726,9.999999,0xf70336eeb17e4f71d05f40efdc7a509cb39b8f842db3bd997f6a16ac3611d839,"{""proxyWallet"": ""0x2de2ae2da93477a03926af87d5f0130ef3d45af0"", ""side"": ""BUY"", ""asset"": ""5031084282167950494806674428243037744881029417420880897305642929037077494331"", ""conditionId"": ""0x46d40e851b24d9b0af4bc1942ccd86439cae82a9011767da14950df0ad997adf"", ""size"": 227.272726, ""price"": 0.04399999584639998, ""timestamp"": 1770977343, ""title"": ""Will Trump nominate Judy Shelton as the next Fed chair?"", ""slug"": ""will-trump-nominate-judy-shelton-as-the-next-fed-chair"", ""icon"": ""https://polymarket-upload.s3.us-east-2.amazonaws.com/judy-shelton-15c5dd306b.png"", ""eventSlug"": ""who-will-trump-nominate-as-fed-chair"", ""outcome"": ""Yes"", ""outcomeIndex"": 0, ""name"": ""Maditomarket"", ""pseudonym"": ""Taut-Illustration"", ""bio"": """", ""profileImage"": """", ""profileImageOptimized"": """", ""transactionHash"": ""0xf70336eeb17e4f71d05f40efdc7a509cb39b8f842db3bd997f6a16ac3611d839""}"
1770977283,2026-02-14T01:56:26.239573,0xa32ff0266e29870c04db96bc40e05523860394e5b0239aaf2498223ca7320630:1770977283,572473,5031084282167950494806674428243037744881029417420880897305642929037077494331,SELL,0.043,49.44,2.12592,0xa32ff0266e29870c04db96bc40e05523860394e5b0239aaf2498223ca7320630,"{""proxyWallet"": ""0x71d854219492ed5b7ca266dba99ed677d9cb3102"", ""side"": ""SELL"", ""asset"": ""5031084282167950494806674428243037744881029417420880897305642929037077494331"", ""conditionId"": ""0x46d40e851b24d9b0af4bc1942ccd86439cae82a9011767da14950df0ad997adf"", ""size"": 49.44, ""price"": 0.043, ""timestamp"": 1770977283, ""title"": ""Will Trump nominate Judy Shelton as the next Fed chair?"", ""slug"": ""will-trump-nominate-judy-shelton-as-the-next-fed-chair"", ""icon"": ""https://polymarket-upload.s3.us-east-2.amazonaws.com/judy-shelton-15c5dd306b.png"", ""eventSlug"": ""who-will-trump-nominate-as-fed-chair"", ""outcome"": ""Yes"", ""outcomeIndex"": 0, ""name"": """", ""pseudonym"": """", ""bio"": """", ""profileImage"": """", ""profileImageOptimized"": """", ""transactionHash"": ""0xa32ff0266e29870c04db96bc40e05523860394e5b0239aaf2498223ca7320630""}"
1770976665,2026-02-14T01:56:26.239586,0x3d191fd2d7b74c40d7b37a1808a01d1940010b7a681108910f81bab4a0eaf3c4:1770976665,572473,5031084282167950494806674428243037744881029417420880897305642929037077494331,BUY,0.043999998780975026,764.545453,33.639998999999996,0x3d191fd2d7b74c40d7b37a1808a01d1940010b7a681108910f81bab4a0eaf3c4,"{""proxyWallet"": ""0x735559b54d168f54d58420518fde8c759fdfb674"", ""side"": ""BUY"", ""asset"": ""5031084282167950494806674428243037744881029417420880897305642929037077494331"", ""conditionId"": ""0x46d40e851b24d9b0af4bc1942ccd86439cae82a9011767da14950df0ad997adf"", ""size"": 764.545453, ""price"": 0.043999998780975026, ""timestamp"": 1770976665, ""title"": ""Will Trump nominate Judy Shelton as the next Fed chair?"", ""slug"": ""will-trump-nominate-judy-shelton-as-the-next-fed-chair"", ""icon"": ""https://polymarket-upload.s3.us-east-2.amazonaws.com/judy-shelton-15c5dd306b.png"", ""eventSlug"": ""who-will-trump-nominate-as-fed-chair"", ""outcome"": ""Yes"", ""outcomeIndex"": 0, ""name"": ""silver2323"", ""pseudonym"": ""Possible-Derby"", ""bio"": """", ""profileImage"": """", ""profileImageOptimized"": """", ""transactionHash"": ""0x3d191fd2d7b74c40d7b37a1808a01d1940010b7a681108910f81bab4a0eaf3c4""}"
1770976479,2026-02-14T01:56:26.239597,0x77daf68eb0dcec5c62952d4853464dbf54b89b90a3864b6ebd59b6ad5ac03ae8:1770976479,572473,5031084282167950494806674428243037744881029417420880897305642929037077494331,SELL,0.043,136.36,5.86348,0x77daf68eb0dcec5c62952d4853464dbf54b89b90a3864b6ebd59b6ad5ac03ae8,"{""proxyWallet"": ""0xc532d93681f4a7cd43aa6a99329c50007aeeb0fe"", ""side"": ""SELL"", ""asset"": ""5031084282167950494806674428243037744881029417420880897305642929037077494331"", ""conditionId"": ""0x46d40e851b24d9b0af4bc1942ccd86439cae82a9011767da14950df0ad997adf"", ""size"": 136.36, ""price"": 0.043, ""timestamp"": 1770976479, ""title"": ""Will Trump nominate Judy Shelton as the next Fed chair?"", ""slug"": ""will-trump-nominate-judy-shelton-as-the-next-fed-chair"", ""icon"": ""https://polymarket-upload.s3.us-east-2.amazonaws.com/judy-shelton-15c5dd306b.png"", ""eventSlug"": ""who-will-trump-nominate-as-fed-chair"", ""outcome"": ""Yes"", ""outcomeIndex"": 0, ""name"": """", ""pseudonym"": """", ""bio"": """", ""profileImage"": """", ""profileImageOptimized"": """", ""transactionHash"": ""0x77daf68eb0dcec5c62952d4853464dbf54b89b90a3864b6ebd59b6ad5ac03ae8""}"
1770976081,2026-02-14T01:56:26.239608,0x81fcc10d34f4e2657a5adfb20c068df2b507152a1ff56d7df52ea387c35c4b1b:1770976081,572473,5031084282167950494806674428243037744881029417420880897305642929037077494331,BUY,0.04399999959299229,2270.227271,99.88999900000002,0x81fcc10d34f4e2657a5adfb20c068df2b507152a1ff56d7df52ea387c35c4b1b,"{""proxyWallet"": ""0x012226ddb6cbcf5e735b1833abe3d5206c4f2d16"", ""side"": ""BUY"", ""asset"": ""5031084282167950494806674428243037744881029417420880897305642929037077494331"", ""conditionId"": ""0x46d40e851b24d9b0af4bc1942ccd86439cae82a9011767da14950df0ad997adf"", ""size"": 2270.227271, ""price"": 0.04399999959299229, ""timestamp"": 1770976081, ""title"": ""Will Trump nominate Judy Shelton as the next Fed chair?"", ""slug"": ""will-trump-nominate-judy-shelton-as-the-next-fed-chair"", ""icon"": ""https://polymarket-upload.s3.us-east-2.amazonaws.com/judy-shelton-15c5dd306b.png"", ""eventSlug"": ""who-will-trump-nominate-as-fed-chair"", ""outcome"": ""Yes"", ""outcomeIndex"": 0, ""name"": ""0x012226dDB6cbcf5e735b1833aBE3D5206c4F2D16-1770889442412"", ""pseudonym"": ""Tremendous-Keeper"", ""bio"": """", ""profileImage"": """", ""profileImageOptimized"": """", ""transactionHash"": ""0x81fcc10d34f4e2657a5adfb20c068df2b507152a1ff56d7df52ea387c35c4b1b""}"
1770976015,2026-02-14T01:56:26.239618,0x10fa72c1ffdd109211f1f1a9ab4d4c422d30214ca8060a54041a2b8260032fa4:1770976015,572473,5031084282167950494806674428243037744881029417420880897305642929037077494331,BUY,0.044,500.0,22.0,0x10fa72c1ffdd109211f1f1a9ab4d4c422d30214ca8060a54041a2b8260032fa4,"{""proxyWallet"": ""0x07b82c7c14a6bea4184011ea3fcafcd890955892"", ""side"": ""BUY"", ""asset"": ""5031084282167950494806674428243037744881029417420880897305642929037077494331"", ""conditionId"": ""0x46d40e851b24d9b0af4bc1942ccd86439cae82a9011767da14950df0ad997adf"", ""size"": 500, ""price"": 0.044, ""timestamp"": 1770976015, ""title"": ""Will Trump nominate Judy Shelton as the next Fed chair?"", ""slug"": ""will-trump-nominate-judy-shelton-as-the-next-fed-chair"", ""icon"": ""https://polymarket-upload.s3.us-east-2.amazonaws.com/judy-shelton-15c5dd306b.png"", ""eventSlug"": ""who-will-trump-nominate-as-fed-chair"", ""outcome"": ""Yes"", ""outcomeIndex"": 0, ""name"": ""0x07B82c7c14a6bEA4184011ea3Fcafcd890955892-1770793660499"", ""pseudonym"": ""Failing-Astronomy"", ""bio"": """", ""profileImage"": """", ""profileImageOptimized"": """", ""transactionHash"": ""0x10fa72c1ffdd109211f1f1a9ab4d4c422d30214ca8060a54041a2b8260032fa4""}"
1770975687,2026-02-14T01:56:26.239629,0x5d653587719adab58616b7e2eb32719fdc7d6e09c5d68e22d27482cce994c305:1770975687,572473,5031084282167950494806674428243037744881029417420880897305642929037077494331,BUY,0.04399995934399691,22.727271,0.999999,0x5d653587719adab58616b7e2eb32719fdc7d6e09c5d68e22d27482cce994c305,"{""proxyWallet"": ""0x6d4b9f377327c7d33e8fb5c3941e1596302d57ea"", ""side"": ""BUY"", ""asset"": ""5031084282167950494806674428243037744881029417420880897305642929037077494331"", ""conditionId"": ""0x46d40e851b24d9b0af4bc1942ccd86439cae82a9011767da14950df0ad997adf"", ""size"": 22.727271, ""price"": 0.04399995934399691, ""timestamp"": 1770975687, ""title"": ""Will Trump nominate Judy Shelton as the next Fed chair?"", ""slug"": ""will-trump-nominate-judy-shelton-as-the-next-fed-chair"", ""icon"": ""https://polymarket-upload.s3.us-east-2.amazonaws.com/judy-shelton-15c5dd306b.png"", ""eventSlug"": ""who-will-trump-nominate-as-fed-chair"", ""outcome"": ""Yes"", ""outcomeIndex"": 0, ""name"": ""0x6D4b9F377327C7D33E8FB5c3941E1596302d57eA-1770951795881"", ""pseudonym"": ""Knobby-Salt"", ""bio"": """", ""profileImage"": """", ""profileImageOptimized"": """", ""transactionHash"": ""0x5d653587719adab58616b7e2eb32719fdc7d6e09c5d68e22d27482cce994c305""}"
1770975681,2026-02-14T01:56:26.239639,0x133f1b0d0473148db7e562dc50630ff5d221c1e84b5a498a180a00eb7a06acf3:1770975681,572473,5031084282167950494806674428243037744881029417420880897305642929037077494331,SELL,0.043,125.0,5.375,0x133f1b0d0473148db7e562dc50630ff5d221c1e84b5a498a180a00eb7a06acf3,"{""proxyWallet"": ""0x0c071bae3986b4391999d44662c7a39bbd3cff96"", ""side"": ""SELL"", ""asset"": ""5031084282167950494806674428243037744881029417420880897305642929037077494331"", ""conditionId"": ""0x46d40e851b24d9b0af4bc1942ccd86439cae82a9011767da14950df0ad997adf"", ""size"": 125, ""price"": 0.043, ""timestamp"": 1770975681, ""title"": ""Will Trump nominate Judy Shelton as the next Fed chair?"", ""slug"": ""will-trump-nominate-judy-shelton-as-the-next-fed-chair"", ""icon"": ""https://polymarket-upload.s3.us-east-2.amazonaws.com/judy-shelton-15c5dd306b.png"", ""eventSlug"": ""who-will-trump-nominate-as-fed-chair"", ""outcome"": ""Yes"", ""outcomeIndex"": 0, ""name"": ""Isa44"", ""pseudonym"": ""Costly-Bunkhouse"", ""bio"": """", ""profileImage"": """", ""profileImageOptimized"": """", ""transactionHash"": ""0x133f1b0d0473148db7e562dc50630ff5d221c1e84b5a498a180a00eb7a06acf3""}"
1770975565,2026-02-14T01:56:26.239647,0x577794c52d77d876ffbba87c7b855979562898095bbf7fe199a8be427b401a9a:1770975565,572473,5031084282167950494806674428243037744881029417420880897305642929037077494331,BUY,0.044,1040.0,45.76,0x577794c52d77d876ffbba87c7b855979562898095bbf7fe199a8be427b401a9a,"{""proxyWallet"": ""0x2a9ef7647979088cfc678441b75b6d3f6cbf4a01"", ""side"": ""BUY"", ""asset"": ""5031084282167950494806674428243037744881029417420880897305642929037077494331"", ""conditionId"": ""0x46d40e851b24d9b0af4bc1942ccd86439cae82a9011767da14950df0ad997adf"", ""size"": 1040, ""price"": 0.044, ""timestamp"": 1770975565, ""title"": ""Will Trump nominate Judy Shelton as the next Fed chair?"", ""slug"": ""will-trump-nominate-judy-shelton-as-the-next-fed-chair"", ""icon"": ""https://polymarket-upload.s3.us-east-2.amazonaws.com/judy-shelton-15c5dd306b.png"", ""eventSlug"": ""who-will-trump-nominate-as-fed-chair"", ""outcome"": ""Yes"", ""outcomeIndex"": 0, ""name"": ""87946"", ""pseudonym"": ""Gray-Chicken"", ""bio"": """", ""profileImage"": """", ""profileImageOptimized"": """", ""transactionHash"": ""0x577794c52d77d876ffbba87c7b855979562898095bbf7fe199a8be427b401a9a""}"
1770975495,2026-02-14T01:56:26.239657,0x3812634a4b4cbe7740a425e5a629757a75b801a72c7d29ed99e17cdadbef928b:1770975495,572473,5031084282167950494806674428243037744881029417420880897305642929037077494331,BUY,0.043999997949599995,454.545453,19.999999000000003,0x3812634a4b4cbe7740a425e5a629757a75b801a72c7d29ed99e17cdadbef928b,"{""proxyWallet"": ""0x872124c5ba8e4ec86c872f95b27ddfd010584ade"", ""side"": ""BUY"", ""asset"": ""5031084282167950494806674428243037744881029417420880897305642929037077494331"", ""conditionId"": ""0x46d40e851b24d9b0af4bc1942ccd86439cae82a9011767da14950df0ad997adf"", ""size"": 454.545453, ""price"": 0.043999997949599995, ""timestamp"": 1770975495, ""title"": ""Will Trump nominate Judy Shelton as the next Fed chair?"", ""slug"": ""will-trump-nominate-judy-shelton-as-the-next-fed-chair"", ""icon"": ""https://polymarket-upload.s3.us-east-2.amazonaws.com/judy-shelton-15c5dd306b.png"", ""eventSlug"": ""who-will-trump-nominate-as-fed-chair"", ""outcome"": ""Yes"", ""outcomeIndex"": 0, ""name"": ""Igws"", ""pseudonym"": ""Gruesome-Blowgun"", ""bio"": """", ""profileImage"": """", ""profileImageOptimized"": """", ""transactionHash"": ""0x3812634a4b4cbe7740a425e5a629757a75b801a72c7d29ed99e17cdadbef928b""}"
1770975309,2026-02-14T01:56:26.239667,0x70a9474152c1a158b0c00044061f444e869ceda1e37401ead8fa23392d190807:1770975309,572473,5031084282167950494806674428243037744881029417420880897305642929037077494331,BUY,0.04399999956939664,2192.272726,96.459999,0x70a9474152c1a158b0c00044061f444e869ceda1e37401ead8fa23392d190807,"{""proxyWallet"": ""0x795b4f14e3d02a6dc7fca155f4283d226e6d505e"", ""side"": ""BUY"", ""asset"": ""5031084282167950494806674428243037744881029417420880897305642929037077494331"", ""conditionId"": ""0x46d40e851b24d9b0af4bc1942ccd86439cae82a9011767da14950df0ad997adf"", ""size"": 2192.272726, ""price"": 0.04399999956939664, ""timestamp"": 1770975309, ""title"": ""Will Trump nominate Judy Shelton as the next Fed chair?"", ""slug"": ""will-trump-nominate-judy-shelton-as-the-next-fed-chair"", ""icon"": ""https://polymarket-upload.s3.us-east-2.amazonaws.com/judy-shelton-15c5dd306b.png"", ""eventSlug"": ""who-will-trump-nominate-as-fed-chair"", ""outcome"": ""Yes"", ""outcomeIndex"": 0, ""name"": ""Crack91W"", ""pseudonym"": ""Sardonic-Dame"", ""bio"": """", ""profileImage"": """", ""profileImageOptimized"": """", ""transactionHash"": ""0x70a9474152c1a158b0c00044061f444e869ceda1e37401ead8fa23392d190807""}"
1770975305,2026-02-14T01:56:26.239675,0x22e7919660d49ac1e85c6bad4feb4a45a2cb1947112e52f4b659d9ab70532530:1770975305,572473,5031084282167950494806674428243037744881029417420880897305642929037077494331,BUY,0.0439999997415,3636.363635,159.999999,0x22e7919660d49ac1e85c6bad4feb4a45a2cb1947112e52f4b659d9ab70532530,"{""proxyWallet"": ""0x0ccb93eb17ae8d019f96162be6a3152308560a55"", ""side"": ""BUY"", ""asset"": ""5031084282167950494806674428243037744881029417420880897305642929037077494331"", ""conditionId"": ""0x46d40e851b24d9b0af4bc1942ccd86439cae82a9011767da14950df0ad997adf"", ""size"": 3636.363635, ""price"": 0.0439999997415, ""timestamp"": 1770975305, ""title"": ""Will Trump nominate Judy Shelton as the next Fed chair?"", ""slug"": ""will-trump-nominate-judy-shelton-as-the-next-fed-chair"", ""icon"": ""https://polymarket-upload.s3.us-east-2.amazonaws.com/judy-shelton-15c5dd306b.png"", ""eventSlug"": ""who-will-trump-nominate-as-fed-chair"", ""outcome"": ""Yes"", ""outcomeIndex"": 0, ""name"": ""TomTomD"", ""pseudonym"": ""Indolent-Evocation"", ""bio"": """", ""profileImage"": """", ""profileImageOptimized"": """", ""transactionHash"": ""0x22e7919660d49ac1e85c6bad4feb4a45a2cb1947112e52f4b659d9ab70532530""}"
1770975253,2026-02-14T01:56:26.239685,0x12caf8c4908148652abcb18e23679e8368533a752a6792506e48eabf1087f275:1770975253,572473,5031084282167950494806674428243037744881029417420880897305642929037077494331,BUY,0.04399999584639998,227.272726,9.999999,0x12caf8c4908148652abcb18e23679e8368533a752a6792506e48eabf1087f275,"{""proxyWallet"": ""0x4705894851a1a63b878976037cfeec71ace8c610"", ""side"": ""BUY"", ""asset"": ""5031084282167950494806674428243037744881029417420880897305642929037077494331"", ""conditionId"": ""0x46d40e851b24d9b0af4bc1942ccd86439cae82a9011767da14950df0ad997adf"", ""size"": 227.272726, ""price"": 0.04399999584639998, ""timestamp"": 1770975253, ""title"": ""Will Trump nominate Judy Shelton as the next Fed chair?"", ""slug"": ""will-trump-nominate-judy-shelton-as-the-next-fed-chair"", ""icon"": ""https://polymarket-upload.s3.us-east-2.amazonaws.com/judy-shelton-15c5dd306b.png"", ""eventSlug"": ""who-will-trump-nominate-as-fed-chair"", ""outcome"": ""Yes"", ""outcomeIndex"": 0, ""name"": ""Dozerokz"", ""pseudonym"": ""Bright-Snowplow"", ""bio"": """", ""profileImage"": """", ""profileImageOptimized"": """", ""transactionHash"": ""0x12caf8c4908148652abcb18e23679e8368533a752a6792506e48eabf1087f275""}"
1770975247,2026-02-14T01:56:26.239693,0x709f9058bfda6ab5f2418ec3f536b42a39a3f46f7f78990032d862091fa31e1c:1770975247,572473,5031084282167950494806674428243037744881029417420880897305642929037077494331,BUY,0.043,1924.38,82.74834,0x709f9058bfda6ab5f2418ec3f536b42a39a3f46f7f78990032d862091fa31e1c,"{""proxyWallet"": ""0x31cd3a39d4ffafb282f2617d81e28676170647e5"", ""side"": ""BUY"", ""asset"": ""5031084282167950494806674428243037744881029417420880897305642929037077494331"", ""conditionId"": ""0x46d40e851b24d9b0af4bc1942ccd86439cae82a9011767da14950df0ad997adf"", ""size"": 1924.38, ""price"": 0.043, ""timestamp"": 1770975247, ""title"": ""Will Trump nominate Judy Shelton as the next Fed chair?"", ""slug"": ""will-trump-nominate-judy-shelton-as-the-next-fed-chair"", ""icon"": ""https://polymarket-upload.s3.us-east-2.amazonaws.com/judy-shelton-15c5dd306b.png"", ""eventSlug"": ""who-will-trump-nominate-as-fed-chair"", ""outcome"": ""Yes"", ""outcomeIndex"": 0, ""name"": ""TheNobody1322"", ""pseudonym"": ""Dimpled-Chicken"", ""bio"": """", ""profileImage"": """", ""profileImageOptimized"": """", ""transactionHash"": ""0x709f9058bfda6ab5f2418ec3f536b42a39a3f46f7f78990032d862091fa31e1c""}"
1770974757,2026-02-14T01:56:26.239704,0xadc095364fc5c0909429126d960709b88f2bd3bdb30f645dbfe2c8dd0608d27f:1770974757,572473,5031084282167950494806674428243037744881029417420880897305642929037077494331,BUY,0.043,25.56,1.0990799999999998,0xadc095364fc5c0909429126d960709b88f2bd3bdb30f645dbfe2c8dd0608d27f,"{""proxyWallet"": ""0x31cd3a39d4ffafb282f2617d81e28676170647e5"", ""side"": ""BUY"", ""asset"": ""5031084282167950494806674428243037744881029417420880897305642929037077494331"", ""conditionId"": ""0x46d40e851b24d9b0af4bc1942ccd86439cae82a9011767da14950df0ad997adf"", ""size"": 25.56, ""price"": 0.043, ""timestamp"": 1770974757, ""title"": ""Will Trump nominate Judy Shelton as the next Fed chair?"", ""slug"": ""will-trump-nominate-judy-shelton-as-the-next-fed-chair"", ""icon"": ""https://polymarket-upload.s3.us-east-2.amazonaws.com/judy-shelton-15c5dd306b.png"", ""eventSlug"": ""who-will-trump-nominate-as-fed-chair"", ""outcome"": ""Yes"", ""outcomeIndex"": 0, ""name"": ""TheNobody1322"", ""pseudonym"": ""Dimpled-Chicken"", ""bio"": """", ""profileImage"": """", ""profileImageOptimized"": """", ""transactionHash"": ""0xadc095364fc5c0909429126d960709b88f2bd3bdb30f645dbfe2c8dd0608d27f""}"
1770974717,2026-02-14T01:56:26.239713,0xc60d16b573f5c202de3c5d64e36e966980d82d9c9569f8f658847325c20f7137:1770974717,572473,5031084282167950494806674428243037744881029417420880897305642929037077494331,SELL,0.042,23.25,0.9765,0xc60d16b573f5c202de3c5d64e36e966980d82d9c9569f8f658847325c20f7137,"{""proxyWallet"": ""0x8ec76ae3cdaea171d6bfac23f37531e7b86bb9ab"", ""side"": ""SELL"", ""asset"": ""5031084282167950494806674428243037744881029417420880897305642929037077494331"", ""conditionId"": ""0x46d40e851b24d9b0af4bc1942ccd86439cae82a9011767da14950df0ad997adf"", ""size"": 23.25, ""price"": 0.042, ""timestamp"": 1770974717, ""title"": ""Will Trump nominate Judy Shelton as the next Fed chair?"", ""slug"": ""will-trump-nominate-judy-shelton-as-the-next-fed-chair"", ""icon"": ""https://polymarket-upload.s3.us-east-2.amazonaws.com/judy-shelton-15c5dd306b.png"", ""eventSlug"": ""who-will-trump-nominate-as-fed-chair"", ""outcome"": ""Yes"", ""outcomeIndex"": 0, ""name"": ""0x8ec76AE3CdaEa171d6bfac23F37531e7b86bb9Ab-1770885089733"", ""pseudonym"": ""Simple-Alibi"", ""bio"": """", ""profileImage"": """", ""profileImageOptimized"": """", ""transactionHash"": ""0xc60d16b573f5c202de3c5d64e36e966980d82d9c9569f8f658847325c20f7137""}"
1770974609,2026-02-14T01:56:26.239721,0x5ac2910ced7fc5a34987835747ac45a3d2f1919806f1da5981acbcf756cef807:1770974609,572473,5031084282167950494806674428243037744881029417420880897305642929037077494331,BUY,0.043,35852.75,1541.66825,0x5ac2910ced7fc5a34987835747ac45a3d2f1919806f1da5981acbcf756cef807,"{""proxyWallet"": ""0x6087e2651febbab9589e490cb5947f6a1ca3900c"", ""side"": ""BUY"", ""asset"": ""5031084282167950494806674428243037744881029417420880897305642929037077494331"", ""conditionId"": ""0x46d40e851b24d9b0af4bc1942ccd86439cae82a9011767da14950df0ad997adf"", ""size"": 35852.75, ""price"": 0.043, ""timestamp"": 1770974609, ""title"": ""Will Trump nominate Judy Shelton as the next Fed chair?"", ""slug"": ""will-trump-nominate-judy-shelton-as-the-next-fed-chair"", ""icon"": ""https://polymarket-upload.s3.us-east-2.amazonaws.com/judy-shelton-15c5dd306b.png"", ""eventSlug"": ""who-will-trump-nominate-as-fed-chair"", ""outcome"": ""Yes"", ""outcomeIndex"": 0, ""name"": ""sdffdsgdagsg"", ""pseudonym"": ""Worthy-Icicle"", ""bio"": """", ""profileImage"": """", ""profileImageOptimized"": """", ""transactionHash"": ""0x5ac2910ced7fc5a34987835747ac45a3d2f1919806f1da5981acbcf756cef807""}"
1770974339,2026-02-14T01:56:26.239737,0xdabf79ea8bebe7cca8eb596ab087b6913c168743a2b576937341c0225d8b5d49:1770974339,572473,5031084282167950494806674428243037744881029417420880897305642929037077494331,SELL,0.042,5.0,0.21000000000000002,0xdabf79ea8bebe7cca8eb596ab087b6913c168743a2b576937341c0225d8b5d49,"{""proxyWallet"": ""0x0b01d14b4f91acdf61534543d4a645f142238f47"", ""side"": ""SELL"", ""asset"": ""5031084282167950494806674428243037744881029417420880897305642929037077494331"", ""conditionId"": ""0x46d40e851b24d9b0af4bc1942ccd86439cae82a9011767da14950df0ad997adf"", ""size"": 5, ""price"": 0.042, ""timestamp"": 1770974339, ""title"": ""Will Trump nominate Judy Shelton as the next Fed chair?"", ""slug"": ""will-trump-nominate-judy-shelton-as-the-next-fed-chair"", ""icon"": ""https://polymarket-upload.s3.us-east-2.amazonaws.com/judy-shelton-15c5dd306b.png"", ""eventSlug"": ""who-will-trump-nominate-as-fed-chair"", ""outcome"": ""Yes"", ""outcomeIndex"": 0, ""name"": ""0x0B01d14B4f91ACdf61534543d4a645f142238F47-1766685782640"", ""pseudonym"": ""Radiant-Dahlia"", ""bio"": """", ""profileImage"": """", ""profileImageOptimized"": """", ""transactionHash"": ""0xdabf79ea8bebe7cca8eb596ab087b6913c168743a2b576937341c0225d8b5d49""}"
1770974247,2026-02-14T01:56:26.239746,0x86c4a9a79df16ee67d806d3403fc6726594e1c06a340377e8aa1feace7a89040:1770974247,572473,5031084282167950494806674428243037744881029417420880897305642929037077494331,SELL,0.042,1000.0,42.0,0x86c4a9a79df16ee67d806d3403fc6726594e1c06a340377e8aa1feace7a89040,"{""proxyWallet"": ""0xc10b54e9c0cef681c5fbaad67752cd2e510bc27e"", ""side"": ""SELL"", ""asset"": ""5031084282167950494806674428243037744881029417420880897305642929037077494331"", ""conditionId"": ""0x46d40e851b24d9b0af4bc1942ccd86439cae82a9011767da14950df0ad997adf"", ""size"": 1000, ""price"": 0.042, ""timestamp"": 1770974247, ""title"": ""Will Trump nominate Judy Shelton as the next Fed chair?"", ""slug"": ""will-trump-nominate-judy-shelton-as-the-next-fed-chair"", ""icon"": ""https://polymarket-upload.s3.us-east-2.amazonaws.com/judy-shelton-15c5dd306b.png"", ""eventSlug"": ""who-will-trump-nominate-as-fed-chair"", ""outcome"": ""Yes"", ""outcomeIndex"": 0, ""name"": ""Gg1377"", ""pseudonym"": ""Solid-Highlight"", ""bio"": """", ""profileImage"": """", ""profileImageOptimized"": """", ""transactionHash"": ""0x86c4a9a79df16ee67d806d3403fc6726594e1c06a340377e8aa1feace7a89040""}"
1770974111,2026-02-14T01:56:26.239755,0xac152aa84d8db42551b88b902e0b4f21f0f2456599931c598a433c607d5bd6db:1770974111,572473,5031084282167950494806674428243037744881029417420880897305642929037077494331,SELL,0.042,860.0,36.120000000000005,0xac152aa84d8db42551b88b902e0b4f21f0f2456599931c598a433c607d5bd6db,"{""proxyWallet"": ""0x9e97d59a2f1150780cc463e057d6d4c8fdbcdab1"", ""side"": ""SELL"", ""asset"": ""5031084282167950494806674428243037744881029417420880897305642929037077494331"", ""conditionId"": ""0x46d40e851b24d9b0af4bc1942ccd86439cae82a9011767da14950df0ad997adf"", ""size"": 860, ""price"": 0.042, ""timestamp"": 1770974111, ""title"": ""Will Trump nominate Judy Shelton as the next Fed chair?"", ""slug"": ""will-trump-nominate-judy-shelton-as-the-next-fed-chair"", ""icon"": ""https://polymarket-upload.s3.us-east-2.amazonaws.com/judy-shelton-15c5dd306b.png"", ""eventSlug"": ""who-will-trump-nominate-as-fed-chair"", ""outcome"": ""Yes"", ""outcomeIndex"": 0, ""name"": ""0x9E97d59a2f1150780Cc463e057d6D4c8fDBCdab1-1769703345986"", ""pseudonym"": ""Trustworthy-Greatness"", ""bio"": """", ""profileImage"": """", ""profileImageOptimized"": """", ""transactionHash"": ""0xac152aa84d8db42551b88b902e0b4f21f0f2456599931c598a433c607d5bd6db""}"
1770974099,2026-02-14T01:56:26.239763,0xbe64ff37c718fa56e9158f109000bc506c38f4124ac7830449a1e333ab7c6ef3:1770974099,572473,5031084282167950494806674428243037744881029417420880897305642929037077494331,BUY,0.04299998681333298,69.76744,2.999999,0xbe64ff37c718fa56e9158f109000bc506c38f4124ac7830449a1e333ab7c6ef3,"{""proxyWallet"": ""0x40ecec561b7b6f522f27d25316706abb1d544975"", ""side"": ""BUY"", ""asset"": ""5031084282167950494806674428243037744881029417420880897305642929037077494331"", ""conditionId"": ""0x46d40e851b24d9b0af4bc1942ccd86439cae82a9011767da14950df0ad997adf"", ""size"": 69.76744, ""price"": 0.04299998681333298, ""timestamp"": 1770974099, ""title"": ""Will Trump nominate Judy Shelton as the next Fed chair?"", ""slug"": ""will-trump-nominate-judy-shelton-as-the-next-fed-chair"", ""icon"": ""https://polymarket-upload.s3.us-east-2.amazonaws.com/judy-shelton-15c5dd306b.png"", ""eventSlug"": ""who-will-trump-nominate-as-fed-chair"", ""outcome"": ""Yes"", ""outcomeIndex"": 0, ""name"": ""xiaoshiliu123"", ""pseudonym"": ""Violent-Threshold"", ""bio"": """", ""profileImage"": ""https://polymarket-upload.s3.us-east-2.amazonaws.com/profile-image-4157676-fb158f36-6931-4140-bf84-e699bc4e3070.png"", ""profileImageOptimized"": """", ""transactionHash"": ""0xbe64ff37c718fa56e9158f109000bc506c38f4124ac7830449a1e333ab7c6ef3""}"
1770973921,2026-02-14T01:56:26.239772,0xf9c4897f3a939dc5987763f8933fc93e6b5e108a5c107192365553e9e4b3fc55:1770973921,572473,5031084282167950494806674428243037744881029417420880897305642929037077494331,SELL,0.042,25.15,1.0563,0xf9c4897f3a939dc5987763f8933fc93e6b5e108a5c107192365553e9e4b3fc55,"{""proxyWallet"": ""0x0ea6e87a23d432380e7af784f72c29a6aa46f94e"", ""side"": ""SELL"", ""asset"": ""5031084282167950494806674428243037744881029417420880897305642929037077494331"", ""conditionId"": ""0x46d40e851b24d9b0af4bc1942ccd86439cae82a9011767da14950df0ad997adf"", ""size"": 25.15, ""price"": 0.042, ""timestamp"": 1770973921, ""title"": ""Will Trump nominate Judy Shelton as the next Fed chair?"", ""slug"": ""will-trump-nominate-judy-shelton-as-the-next-fed-chair"", ""icon"": ""https://polymarket-upload.s3.us-east-2.amazonaws.com/judy-shelton-15c5dd306b.png"", ""eventSlug"": ""who-will-trump-nominate-as-fed-chair"", ""outcome"": ""Yes"", ""outcomeIndex"": 0, ""name"": """", ""pseudonym"": """", ""bio"": """", ""profileImage"": """", ""profileImageOptimized"": """", ""transactionHash"": ""0xf9c4897f3a939dc5987763f8933fc93e6b5e108a5c107192365553e9e4b3fc55""}"
1770973293,2026-02-14T01:56:26.239782,0x41e1c7838a94b7ac02c959d090c4926dc6c22c648f1e0166a1782f5b8557effa:1770973293,572473,5031084282167950494806674428243037744881029417420880897305642929037077494331,BUY,0.04299996061199669,23.255812,0.999999,0x41e1c7838a94b7ac02c959d090c4926dc6c22c648f1e0166a1782f5b8557effa,"{""proxyWallet"": ""0x8ec76ae3cdaea171d6bfac23f37531e7b86bb9ab"", ""side"": ""BUY"", ""asset"": ""5031084282167950494806674428243037744881029417420880897305642929037077494331"", ""conditionId"": ""0x46d40e851b24d9b0af4bc1942ccd86439cae82a9011767da14950df0ad997adf"", ""size"": 23.255812, ""price"": 0.04299996061199669, ""timestamp"": 1770973293, ""title"": ""Will Trump nominate Judy Shelton as the next Fed chair?"", ""slug"": ""will-trump-nominate-judy-shelton-as-the-next-fed-chair"", ""icon"": ""https://polymarket-upload.s3.us-east-2.amazonaws.com/judy-shelton-15c5dd306b.png"", ""eventSlug"": ""who-will-trump-nominate-as-fed-chair"", ""outcome"": ""Yes"", ""outcomeIndex"": 0, ""name"": ""0x8ec76AE3CdaEa171d6bfac23F37531e7b86bb9Ab-1770885089733"", ""pseudonym"": ""Simple-Alibi"", ""bio"": """", ""profileImage"": """", ""profileImageOptimized"": """", ""transactionHash"": ""0x41e1c7838a94b7ac02c959d090c4926dc6c22c648f1e0166a1782f5b8557effa""}"
1770972727,2026-02-14T01:56:26.239795,0x532d7a8b5870416d8d936a00d79b756fe3ab81dbd42f0e8a7a92352dfde94ad1:1770972727,572473,5031084282167950494806674428243037744881029417420880897305642929037077494331,SELL,0.042,5.0,0.21000000000000002,0x532d7a8b5870416d8d936a00d79b756fe3ab81dbd42f0e8a7a92352dfde94ad1,"{""proxyWallet"": ""0x0b01d14b4f91acdf61534543d4a645f142238f47"", ""side"": ""SELL"", ""asset"": ""5031084282167950494806674428243037744881029417420880897305642929037077494331"", ""conditionId"": ""0x46d40e851b24d9b0af4bc1942ccd86439cae82a9011767da14950df0ad997adf"", ""size"": 5, ""price"": 0.042, ""timestamp"": 1770972727, ""title"": ""Will Trump nominate Judy Shelton as the next Fed chair?"", ""slug"": ""will-trump-nominate-judy-shelton-as-the-next-fed-chair"", ""icon"": ""https://polymarket-upload.s3.us-east-2.amazonaws.com/judy-shelton-15c5dd306b.png"", ""eventSlug"": ""who-will-trump-nominate-as-fed-chair"", ""outcome"": ""Yes"", ""outcomeIndex"": 0, ""name"": ""0x0B01d14B4f91ACdf61534543d4a645f142238F47-1766685782640"", ""pseudonym"": ""Radiant-Dahlia"", ""bio"": """", ""profileImage"": """", ""profileImageOptimized"": """", ""transactionHash"": ""0x532d7a8b5870416d8d936a00d79b756fe3ab81dbd42f0e8a7a92352dfde94ad1""}"
1770972609,2026-02-14T01:56:26.239803,0x47ed248e61608fa9cb48c62ff68fec9ba6959e685fe98567639d3a1b22311e2c:1770972609,572473,5031084282167950494806674428243037744881029417420880897305642929037077494331,SELL,0.042,30.0,1.26,0x47ed248e61608fa9cb48c62ff68fec9ba6959e685fe98567639d3a1b22311e2c,"{""proxyWallet"": ""0x293b00bd8e2300b68758c9a9cdad9424b11e600c"", ""side"": ""SELL"", ""asset"": ""5031084282167950494806674428243037744881029417420880897305642929037077494331"", ""conditionId"": ""0x46d40e851b24d9b0af4bc1942ccd86439cae82a9011767da14950df0ad997adf"", ""size"": 30, ""price"": 0.042, ""timestamp"": 1770972609, ""title"": ""Will Trump nominate Judy Shelton as the next Fed chair?"", ""slug"": ""will-trump-nominate-judy-shelton-as-the-next-fed-chair"", ""icon"": ""https://polymarket-upload.s3.us-east-2.amazonaws.com/judy-shelton-15c5dd306b.png"", ""eventSlug"": ""who-will-trump-nominate-as-fed-chair"", ""outcome"": ""Yes"", ""outcomeIndex"": 0, ""name"": ""Cornucopia"", ""pseudonym"": ""Tidy-Sportsman"", ""bio"": """", ""profileImage"": """", ""profileImageOptimized"": """", ""transactionHash"": ""0x47ed248e61608fa9cb48c62ff68fec9ba6959e685fe98567639d3a1b22311e2c""}"
1770972365,2026-02-14T01:56:26.239813,0xceb1817b6f36dd6b3d5206c0fbcedd894ed881ae118acba76f738eccdd0b73aa:1770972365,572473,5031084282167950494806674428243037744881029417420880897305642929037077494331,SELL,0.042,3523.17,147.97314,0xceb1817b6f36dd6b3d5206c0fbcedd894ed881ae118acba76f738eccdd0b73aa,"{""proxyWallet"": ""0x5a023012f2b9aab60e1048f5b04b68d5aeff4726"", ""side"": ""SELL"", ""asset"": ""5031084282167950494806674428243037744881029417420880897305642929037077494331"", ""conditionId"": ""0x46d40e851b24d9b0af4bc1942ccd86439cae82a9011767da14950df0ad997adf"", ""size"": 3523.17, ""price"": 0.042, ""timestamp"": 1770972365, ""title"": ""Will Trump nominate Judy Shelton as the next Fed chair?"", ""slug"": ""will-trump-nominate-judy-shelton-as-the-next-fed-chair"", ""icon"": ""https://polymarket-upload.s3.us-east-2.amazonaws.com/judy-shelton-15c5dd306b.png"", ""eventSlug"": ""who-will-trump-nominate-as-fed-chair"", ""outcome"": ""Yes"", ""outcomeIndex"": 0, ""name"": ""ZalupaKona"", ""pseudonym"": ""Nervous-Appellation"", ""bio"": """", ""profileImage"": ""https://polymarket-upload.s3.us-east-2.amazonaws.com/profile-image-847313-64b3ee47-bc94-41aa-bf93-c47c2f45b01f.jpeg"", ""profileImageOptimized"": """", ""transactionHash"": ""0xceb1817b6f36dd6b3d5206c0fbcedd894ed881ae118acba76f738eccdd0b73aa""}"
1770972209,2026-02-14T01:56:26.239822,0x190aaa30d754e9a013b8cf1f47ca84515a0c219897f0c6320189e04466e03bcf:1770972209,572473,5031084282167950494806674428243037744881029417420880897305642929037077494331,SELL,0.042,1197.1,50.2782,0x190aaa30d754e9a013b8cf1f47ca84515a0c219897f0c6320189e04466e03bcf,"{""proxyWallet"": ""0x6a31a3a9d60b505fe1b9803b09b35bdd72a8335f"", ""side"": ""SELL"", ""asset"": ""5031084282167950494806674428243037744881029417420880897305642929037077494331"", ""conditionId"": ""0x46d40e851b24d9b0af4bc1942ccd86439cae82a9011767da14950df0ad997adf"", ""size"": 1197.1, ""price"": 0.042, ""timestamp"": 1770972209, ""title"": ""Will Trump nominate Judy Shelton as the next Fed chair?"", ""slug"": ""will-trump-nominate-judy-shelton-as-the-next-fed-chair"", ""icon"": ""https://polymarket-upload.s3.us-east-2.amazonaws.com/judy-shelton-15c5dd306b.png"", ""eventSlug"": ""who-will-trump-nominate-as-fed-chair"", ""outcome"": ""Yes"", ""outcomeIndex"": 0, ""name"": ""Kronenbo"", ""pseudonym"": ""Webbed-Hole"", ""bio"": """", ""profileImage"": """", ""profileImageOptimized"": """", ""transactionHash"": ""0x190aaa30d754e9a013b8cf1f47ca84515a0c219897f0c6320189e04466e03bcf""}"
1770971887,2026-02-14T01:56:26.239831,0x4b6aa1f3305fed73b74011e5f602e9a175bb19ebd0feb9b9b33ae14da8f9d2bc:1770971887,572473,5031084282167950494806674428243037744881029417420880897305642929037077494331,BUY,0.043000000052675,930.232557,40.0,0x4b6aa1f3305fed73b74011e5f602e9a175bb19ebd0feb9b9b33ae14da8f9d2bc,"{""proxyWallet"": ""0x392cad3624a19af281fedc1d5eae5d0ca98d0bb4"", ""side"": ""BUY"", ""asset"": ""5031084282167950494806674428243037744881029417420880897305642929037077494331"", ""conditionId"": ""0x46d40e851b24d9b0af4bc1942ccd86439cae82a9011767da14950df0ad997adf"", ""size"": 930.232557, ""price"": 0.043000000052675, ""timestamp"": 1770971887, ""title"": ""Will Trump nominate Judy Shelton as the next Fed chair?"", ""slug"": ""will-trump-nominate-judy-shelton-as-the-next-fed-chair"", ""icon"": ""https://polymarket-upload.s3.us-east-2.amazonaws.com/judy-shelton-15c5dd306b.png"", ""eventSlug"": ""who-will-trump-nominate-as-fed-chair"", ""outcome"": ""Yes"", ""outcomeIndex"": 0, ""name"": ""HowardManfranjensenden"", ""pseudonym"": ""Utter-Kilt"", ""bio"": """", ""profileImage"": ""https://polymarket-upload.s3.us-east-2.amazonaws.com/profile-image-5103020-6db69473-1004-4034-bb0b-a18dc3ca5468.jpg"", ""profileImageOptimized"": """", ""transactionHash"": ""0x4b6aa1f3305fed73b74011e5f602e9a175bb19ebd0feb9b9b33ae14da8f9d2bc""}"
1770971763,2026-02-14T01:56:26.239847,0xc6c6ef715e2721fbe77f5659dc387aa3bc74402e96f4c5105407f0c7e06fa69c:1770971763,572473,5031084282167950494806674428243037744881029417420880897305642929037077494331,SELL,0.042,26.93,1.13106,0xc6c6ef715e2721fbe77f5659dc387aa3bc74402e96f4c5105407f0c7e06fa69c,"{""proxyWallet"": ""0xd56ee3edbd486197d9f5a6a5605972420716b9a6"", ""side"": ""SELL"", ""asset"": ""5031084282167950494806674428243037744881029417420880897305642929037077494331"", ""conditionId"": ""0x46d40e851b24d9b0af4bc1942ccd86439cae82a9011767da14950df0ad997adf"", ""size"": 26.93, ""price"": 0.042, ""timestamp"": 1770971763, ""title"": ""Will Trump nominate Judy Shelton as the next Fed chair?"", ""slug"": ""will-trump-nominate-judy-shelton-as-the-next-fed-chair"", ""icon"": ""https://polymarket-upload.s3.us-east-2.amazonaws.com/judy-shelton-15c5dd306b.png"", ""eventSlug"": ""who-will-trump-nominate-as-fed-chair"", ""outcome"": ""Yes"", ""outcomeIndex"": 0, ""name"": ""batmat90"", ""pseudonym"": ""Worst-Improvement"", ""bio"": """", ""profileImage"": """", ""profileImageOptimized"": """", ""transactionHash"": ""0xc6c6ef715e2721fbe77f5659dc387aa3bc74402e96f4c5105407f0c7e06fa69c""}"
1770971625,2026-02-14T01:56:26.239857,0x039b1afe4d9f5f73ebb126a1a31c10ed656fa1dec7f865b77fd7d4f19440d801:1770971625,572473,5031084282167950494806674428243037744881029417420880897305642929037077494331,SELL,0.042,100.0,4.2,0x039b1afe4d9f5f73ebb126a1a31c10ed656fa1dec7f865b77fd7d4f19440d801,"{""proxyWallet"": ""0x9f2e77eed57aee75274da0bf31b19c2f66190d50"", ""side"": ""SELL"", ""asset"": ""5031084282167950494806674428243037744881029417420880897305642929037077494331"", ""conditionId"": ""0x46d40e851b24d9b0af4bc1942ccd86439cae82a9011767da14950df0ad997adf"", ""size"": 100, ""price"": 0.042, ""timestamp"": 1770971625, ""title"": ""Will Trump nominate Judy Shelton as the next Fed chair?"", ""slug"": ""will-trump-nominate-judy-shelton-as-the-next-fed-chair"", ""icon"": ""https://polymarket-upload.s3.us-east-2.amazonaws.com/judy-shelton-15c5dd306b.png"", ""eventSlug"": ""who-will-trump-nominate-as-fed-chair"", ""outcome"": ""Yes"", ""outcomeIndex"": 0, ""name"": """", ""pseudonym"": """", ""bio"": """", ""profileImage"": """", ""profileImageOptimized"": """", ""transactionHash"": ""0x039b1afe4d9f5f73ebb126a1a31c10ed656fa1dec7f865b77fd7d4f19440d801""}"
1770971607,2026-02-14T01:56:26.239865,0x65502fbcb3db97d0ec6aac75631bf9ac130ecaea14a22653f3a7cf90297f4e42:1770971607,572473,5031084282167950494806674428243037744881029417420880897305642929037077494331,SELL,0.042,5.0,0.21000000000000002,0x65502fbcb3db97d0ec6aac75631bf9ac130ecaea14a22653f3a7cf90297f4e42,"{""proxyWallet"": ""0x0b01d14b4f91acdf61534543d4a645f142238f47"", ""side"": ""SELL"", ""asset"": ""5031084282167950494806674428243037744881029417420880897305642929037077494331"", ""conditionId"": ""0x46d40e851b24d9b0af4bc1942ccd86439cae82a9011767da14950df0ad997adf"", ""size"": 5, ""price"": 0.042, ""timestamp"": 1770971607, ""title"": ""Will Trump nominate Judy Shelton as the next Fed chair?"", ""slug"": ""will-trump-nominate-judy-shelton-as-the-next-fed-chair"", ""icon"": ""https://polymarket-upload.s3.us-east-2.amazonaws.com/judy-shelton-15c5dd306b.png"", ""eventSlug"": ""who-will-trump-nominate-as-fed-chair"", ""outcome"": ""Yes"", ""outcomeIndex"": 0, ""name"": ""0x0B01d14B4f91ACdf61534543d4a645f142238F47-1766685782640"", ""pseudonym"": ""Radiant-Dahlia"", ""bio"": """", ""profileImage"": """", ""profileImageOptimized"": """", ""transactionHash"": ""0x65502fbcb3db97d0ec6aac75631bf9ac130ecaea14a22653f3a7cf90297f4e42""}"
1770971509,2026-02-14T01:56:26.239873,0xabcb0e0e3dd1a0d538861a44692754873d9a0724664f575b9d4c5463d5f6775c:1770971509,572473,5031084282167950494806674428243037744881029417420880897305642929037077494331,SELL,0.042,5.0,0.21000000000000002,0xabcb0e0e3dd1a0d538861a44692754873d9a0724664f575b9d4c5463d5f6775c,"{""proxyWallet"": ""0x0b01d14b4f91acdf61534543d4a645f142238f47"", ""side"": ""SELL"", ""asset"": ""5031084282167950494806674428243037744881029417420880897305642929037077494331"", ""conditionId"": ""0x46d40e851b24d9b0af4bc1942ccd86439cae82a9011767da14950df0ad997adf"", ""size"": 5, ""price"": 0.042, ""timestamp"": 1770971509, ""title"": ""Will Trump nominate Judy Shelton as the next Fed chair?"", ""slug"": ""will-trump-nominate-judy-shelton-as-the-next-fed-chair"", ""icon"": ""https://polymarket-upload.s3.us-east-2.amazonaws.com/judy-shelton-15c5dd306b.png"", ""eventSlug"": ""who-will-trump-nominate-as-fed-chair"", ""outcome"": ""Yes"", ""outcomeIndex"": 0, ""name"": ""0x0B01d14B4f91ACdf61534543d4a645f142238F47-1766685782640"", ""pseudonym"": ""Radiant-Dahlia"", ""bio"": """", ""profileImage"": """", ""profileImageOptimized"": """", ""transactionHash"": ""0xabcb0e0e3dd1a0d538861a44692754873d9a0724664f575b9d4c5463d5f6775c""}"
1770971327,2026-02-14T01:56:26.239888,0xfa539f3fa208d4c9e04c34bc872d9f34cddb6ed2d96bdee9d5719c9ec0b43e89:1770971327,572473,5031084282167950494806674428243037744881029417420880897305642929037077494331,BUY,0.042999999187387755,1139.534882,48.999998999999995,0xfa539f3fa208d4c9e04c34bc872d9f34cddb6ed2d96bdee9d5719c9ec0b43e89,"{""proxyWallet"": ""0x7228075b87b15645cd2f959ea471e54c043937f6"", ""side"": ""BUY"", ""asset"": ""5031084282167950494806674428243037744881029417420880897305642929037077494331"", ""conditionId"": ""0x46d40e851b24d9b0af4bc1942ccd86439cae82a9011767da14950df0ad997adf"", ""size"": 1139.534882, ""price"": 0.042999999187387755, ""timestamp"": 1770971327, ""title"": ""Will Trump nominate Judy Shelton as the next Fed chair?"", ""slug"": ""will-trump-nominate-judy-shelton-as-the-next-fed-chair"", ""icon"": ""https://polymarket-upload.s3.us-east-2.amazonaws.com/judy-shelton-15c5dd306b.png"", ""eventSlug"": ""who-will-trump-nominate-as-fed-chair"", ""outcome"": ""Yes"", ""outcomeIndex"": 0, ""name"": """", ""pseudonym"": """", ""bio"": """", ""profileImage"": """", ""profileImageOptimized"": """", ""transactionHash"": ""0xfa539f3fa208d4c9e04c34bc872d9f34cddb6ed2d96bdee9d5719c9ec0b43e89""}"
1770971115,2026-02-14T01:56:27.083528,0x4c0e2528ac9debd6dfa0d5584b60d6d1d22b9def16463d851cd7c7940c3b223e:1770971115,572473,5031084282167950494806674428243037744881029417420880897305642929037077494331,BUY,0.04299996061199669,23.255812,0.999999,0x4c0e2528ac9debd6dfa0d5584b60d6d1d22b9def16463d851cd7c7940c3b223e,"{""proxyWallet"": ""0x00593ba5cd1325d58f668e049e1c3bfcc1729556"", ""side"": ""BUY"", ""asset"": ""5031084282167950494806674428243037744881029417420880897305642929037077494331"", ""conditionId"": ""0x46d40e851b24d9b0af4bc1942ccd86439cae82a9011767da14950df0ad997adf"", ""size"": 23.255812, ""price"": 0.04299996061199669, ""timestamp"": 1770971115, ""title"": ""Will Trump nominate Judy Shelton as the next Fed chair?"", ""slug"": ""will-trump-nominate-judy-shelton-as-the-next-fed-chair"", ""icon"": ""https://polymarket-upload.s3.us-east-2.amazonaws.com/judy-shelton-15c5dd306b.png"", ""eventSlug"": ""who-will-trump-nominate-as-fed-chair"", ""outcome"": ""Yes"", ""outcomeIndex"": 0, ""name"": ""kara168"", ""pseudonym"": ""Apprehensive-Video"", ""bio"": """", ""profileImage"": """", ""profileImageOptimized"": """", ""transactionHash"": ""0x4c0e2528ac9debd6dfa0d5584b60d6d1d22b9def16463d851cd7c7940c3b223e""}"
1770971071,2026-02-14T01:56:27.083651,0x504bd1aed0d90f863fa3ca99c69ef9dc9b92cc728ba881d40a1ec0aa3cdd4388:1770971071,572473,5031084282167950494806674428243037744881029417420880897305642929037077494331,BUY,0.044,2500.0,110.0,0x504bd1aed0d90f863fa3ca99c69ef9dc9b92cc728ba881d40a1ec0aa3cdd4388,"{""proxyWallet"": ""0xab1cab72897cb41d07b925107b065a88465b35a7"", ""side"": ""BUY"", ""asset"": ""5031084282167950494806674428243037744881029417420880897305642929037077494331"", ""conditionId"": ""0x46d40e851b24d9b0af4bc1942ccd86439cae82a9011767da14950df0ad997adf"", ""size"": 2500, ""price"": 0.044, ""timestamp"": 1770971071, ""title"": ""Will Trump nominate Judy Shelton as the next Fed chair?"", ""slug"": ""will-trump-nominate-judy-shelton-as-the-next-fed-chair"", ""icon"": ""https://polymarket-upload.s3.us-east-2.amazonaws.com/judy-shelton-15c5dd306b.png"", ""eventSlug"": ""who-will-trump-nominate-as-fed-chair"", ""outcome"": ""Yes"", ""outcomeIndex"": 0, ""name"": ""bbxiang"", ""pseudonym"": ""Illiterate-Gang"", ""bio"": """", ""profileImage"": """", ""profileImageOptimized"": """", ""transactionHash"": ""0x504bd1aed0d90f863fa3ca99c69ef9dc9b92cc728ba881d40a1ec0aa3cdd4388""}"
1770971005,2026-02-14T01:56:27.083695,0xca4926ef823853481899412e5ee2eb2c81d221f1b96c93b6625a69488351f546:1770971005,572473,5031084282167950494806674428243037744881029417420880897305642929037077494331,BUY,0.04391402297260416,1366.306135,59.999999,0xca4926ef823853481899412e5ee2eb2c81d221f1b96c93b6625a69488351f546,"{""proxyWallet"": ""0x08679f2d6c767dc2bec0e32243c4f91dd07ec3f4"", ""side"": ""BUY"", ""asset"": ""5031084282167950494806674428243037744881029417420880897305642929037077494331"", ""conditionId"": ""0x46d40e851b24d9b0af4bc1942ccd86439cae82a9011767da14950df0ad997adf"", ""size"": 1366.306135, ""price"": 0.04391402297260416, ""timestamp"": 1770971005, ""title"": ""Will Trump nominate Judy Shelton as the next Fed chair?"", ""slug"": ""will-trump-nominate-judy-shelton-as-the-next-fed-chair"", ""icon"": ""https://polymarket-upload.s3.us-east-2.amazonaws.com/judy-shelton-15c5dd306b.png"", ""eventSlug"": ""who-will-trump-nominate-as-fed-chair"", ""outcome"": ""Yes"", ""outcomeIndex"": 0, ""name"": ""Meizzzi"", ""pseudonym"": ""Mountainous-Inspiration"", ""bio"": """", ""profileImage"": """", ""profileImageOptimized"": """", ""transactionHash"": ""0xca4926ef823853481899412e5ee2eb2c81d221f1b96c93b6625a69488351f546""}"
1770970973,2026-02-14T01:56:27.083733,0x54bd33b88d0ed0235b9b4db9474903f9500038f122d756f0db1b06f04d11512b:1770970973,572473,5031084282167950494806674428243037744881029417420880897305642929037077494331,SELL,0.042,2234.09,93.83178000000001,0x54bd33b88d0ed0235b9b4db9474903f9500038f122d756f0db1b06f04d11512b,"{""proxyWallet"": ""0x2c450115ae5f927117c1b47c723186ebafad2222"", ""side"": ""SELL"", ""asset"": ""5031084282167950494806674428243037744881029417420880897305642929037077494331"", ""conditionId"": ""0x46d40e851b24d9b0af4bc1942ccd86439cae82a9011767da14950df0ad997adf"", ""size"": 2234.09, ""price"": 0.042, ""timestamp"": 1770970973, ""title"": ""Will Trump nominate Judy Shelton as the next Fed chair?"", ""slug"": ""will-trump-nominate-judy-shelton-as-the-next-fed-chair"", ""icon"": ""https://polymarket-upload.s3.us-east-2.amazonaws.com/judy-shelton-15c5dd306b.png"", ""eventSlug"": ""who-will-trump-nominate-as-fed-chair"", ""outcome"": ""Yes"", ""outcomeIndex"": 0, ""name"": ""PreventBombPicnicVault9994"", ""pseudonym"": ""Right-Deposit"", ""bio"": """", ""profileImage"": """", ""profileImageOptimized"": """", ""transactionHash"": ""0x54bd33b88d0ed0235b9b4db9474903f9500038f122d756f0db1b06f04d11512b""}"
1770970649,2026-02-14T01:56:27.083792,0x6e0eb99ff71dbfdc4da5bb9267c81f31876129e8a3fea38d9232212c5f5ea6b9:1770970649,572473,5031084282167950494806674428243037744881029417420880897305642929037077494331,BUY,0.043,1000.0,43.0,0x6e0eb99ff71dbfdc4da5bb9267c81f31876129e8a3fea38d9232212c5f5ea6b9,"{""proxyWallet"": ""0x20900f3a2938d916f9952b5a9e19090559b32246"", ""side"": ""BUY"", ""asset"": ""5031084282167950494806674428243037744881029417420880897305642929037077494331"", ""conditionId"": ""0x46d40e851b24d9b0af4bc1942ccd86439cae82a9011767da14950df0ad997adf"", ""size"": 1000, ""price"": 0.043, ""timestamp"": 1770970649, ""title"": ""Will Trump nominate Judy Shelton as the next Fed chair?"", ""slug"": ""will-trump-nominate-judy-shelton-as-the-next-fed-chair"", ""icon"": ""https://polymarket-upload.s3.us-east-2.amazonaws.com/judy-shelton-15c5dd306b.png"", ""eventSlug"": ""who-will-trump-nominate-as-fed-chair"", ""outcome"": ""Yes"", ""outcomeIndex"": 0, ""name"": ""dddgen"", ""pseudonym"": ""Peppery-Cauliflower"", ""bio"": """", ""profileImage"": """", ""profileImageOptimized"": """", ""transactionHash"": ""0x6e0eb99ff71dbfdc4da5bb9267c81f31876129e8a3fea38d9232212c5f5ea6b9""}"
1770970267,2026-02-14T01:56:27.083834,0xb2c4ad8b77cc6114bb790c04c1d502db4403389eff855ef2c5ab67f0af2d6485:1770970267,572473,5031084282167950494806674428243037744881029417420880897305642929037077494331,BUY,0.04299999205359988,116.279068,4.999999,0xb2c4ad8b77cc6114bb790c04c1d502db4403389eff855ef2c5ab67f0af2d6485,"{""proxyWallet"": ""0xb12e62d51d71466d58b293c84f4cb9c77e532408"", ""side"": ""BUY"", ""asset"": ""5031084282167950494806674428243037744881029417420880897305642929037077494331"", ""conditionId"": ""0x46d40e851b24d9b0af4bc1942ccd86439cae82a9011767da14950df0ad997adf"", ""size"": 116.279068, ""price"": 0.04299999205359988, ""timestamp"": 1770970267, ""title"": ""Will Trump nominate Judy Shelton as the next Fed chair?"", ""slug"": ""will-trump-nominate-judy-shelton-as-the-next-fed-chair"", ""icon"": ""https://polymarket-upload.s3.us-east-2.amazonaws.com/judy-shelton-15c5dd306b.png"", ""eventSlug"": ""who-will-trump-nominate-as-fed-chair"", ""outcome"": ""Yes"", ""outcomeIndex"": 0, ""name"": ""666kai"", ""pseudonym"": ""Low-Dragonfly"", ""bio"": """", ""profileImage"": """", ""profileImageOptimized"": """", ""transactionHash"": ""0xb2c4ad8b77cc6114bb790c04c1d502db4403389eff855ef2c5ab67f0af2d6485""}"
1770970205,2026-02-14T01:56:27.083868,0x9e55cc603253334ebc3d71cbe81cbcbf8512f2db509c36839b674e16f98d52c3:1770970205,572473,5031084282167950494806674428243037744881029417420880897305642929037077494331,SELL,0.042,26.5,1.113,0x9e55cc603253334ebc3d71cbe81cbcbf8512f2db509c36839b674e16f98d52c3,"{""proxyWallet"": ""0xd63c0e2d31a72ac12d5925ead90346bff9e23728"", ""side"": ""SELL"", ""asset"": ""5031084282167950494806674428243037744881029417420880897305642929037077494331"", ""conditionId"": ""0x46d40e851b24d9b0af4bc1942ccd86439cae82a9011767da14950df0ad997adf"", ""size"": 26.5, ""price"": 0.042, ""timestamp"": 1770970205, ""title"": ""Will Trump nominate Judy Shelton as the next Fed chair?"", ""slug"": ""will-trump-nominate-judy-shelton-as-the-next-fed-chair"", ""icon"": ""https://polymarket-upload.s3.us-east-2.amazonaws.com/judy-shelton-15c5dd306b.png"", ""eventSlug"": ""who-will-trump-nominate-as-fed-chair"", ""outcome"": ""Yes"", ""outcomeIndex"": 0, ""name"": ""Kopyfxsghb"", ""pseudonym"": ""Grim-Win"", ""bio"": """", ""profileImage"": """", ""profileImageOptimized"": """", ""transactionHash"": ""0x9e55cc603253334ebc3d71cbe81cbcbf8512f2db509c36839b674e16f98d52c3""}"
1770969989,2026-02-14T01:56:27.083905,0x6b66097a133da60fd3c10f2c5c229703c961935ad18da185e2749164d0047214:1770969989,572473,5031084282167950494806674428243037744881029417420880897305642929037077494331,BUY,0.04299999205359988,116.279068,4.999999,0x6b66097a133da60fd3c10f2c5c229703c961935ad18da185e2749164d0047214,"{""proxyWallet"": ""0xb12e62d51d71466d58b293c84f4cb9c77e532408"", ""side"": ""BUY"", ""asset"": ""5031084282167950494806674428243037744881029417420880897305642929037077494331"", ""conditionId"": ""0x46d40e851b24d9b0af4bc1942ccd86439cae82a9011767da14950df0ad997adf"", ""size"": 116.279068, ""price"": 0.04299999205359988, ""timestamp"": 1770969989, ""title"": ""Will Trump nominate Judy Shelton as the next Fed chair?"", ""slug"": ""will-trump-nominate-judy-shelton-as-the-next-fed-chair"", ""icon"": ""https://polymarket-upload.s3.us-east-2.amazonaws.com/judy-shelton-15c5dd306b.png"", ""eventSlug"": ""who-will-trump-nominate-as-fed-chair"", ""outcome"": ""Yes"", ""outcomeIndex"": 0, ""name"": ""666kai"", ""pseudonym"": ""Low-Dragonfly"", ""bio"": """", ""profileImage"": """", ""profileImageOptimized"": """", ""transactionHash"": ""0x6b66097a133da60fd3c10f2c5c229703c961935ad18da185e2749164d0047214""}"
1770969941,2026-02-14T01:56:27.083936,0xb66dc605cd44bd5e2919ee454fa618347116c664c2081daa07838ad4775f6b3a:1770969941,572473,5031084282167950494806674428243037744881029417420880897305642929037077494331,SELL,0.042,274.19,11.51598,0xb66dc605cd44bd5e2919ee454fa618347116c664c2081daa07838ad4775f6b3a,"{""proxyWallet"": ""0x624e38536909849061602a6523e1dcd0dcbefce8"", ""side"": ""SELL"", ""asset"": ""5031084282167950494806674428243037744881029417420880897305642929037077494331"", ""conditionId"": ""0x46d40e851b24d9b0af4bc1942ccd86439cae82a9011767da14950df0ad997adf"", ""size"": 274.19, ""price"": 0.042, ""timestamp"": 1770969941, ""title"": ""Will Trump nominate Judy Shelton as the next Fed chair?"", ""slug"": ""will-trump-nominate-judy-shelton-as-the-next-fed-chair"", ""icon"": ""https://polymarket-upload.s3.us-east-2.amazonaws.com/judy-shelton-15c5dd306b.png"", ""eventSlug"": ""who-will-trump-nominate-as-fed-chair"", ""outcome"": ""Yes"", ""outcomeIndex"": 0, ""name"": ""JSKIN"", ""pseudonym"": ""Huge-Cricket"", ""bio"": """", ""profileImage"": ""https://polymarket-upload.s3.us-east-2.amazonaws.com/profile-image-4870959-93d318d3-d38f-4fe2-a7ab-71cac7846ac1.jpg"", ""profileImageOptimized"": """", ""transactionHash"": ""0xb66dc605cd44bd5e2919ee454fa618347116c664c2081daa07838ad4775f6b3a""}"
1770969811,2026-02-14T01:56:27.083970,0x4d75c8c0febd949e1f16eefc5f27cdb09460feb9fd06b4058b8b57d0b1313bd3:1770969811,572473,5031084282167950494806674428243037744881029417420880897305642929037077494331,BUY,0.043999999593439997,2272.727271,99.999999,0x4d75c8c0febd949e1f16eefc5f27cdb09460feb9fd06b4058b8b57d0b1313bd3,"{""proxyWallet"": ""0x88f18aa98a5f23bd068bab12cda3eb3f67c53c14"", ""side"": ""BUY"", ""asset"": ""5031084282167950494806674428243037744881029417420880897305642929037077494331"", ""conditionId"": ""0x46d40e851b24d9b0af4bc1942ccd86439cae82a9011767da14950df0ad997adf"", ""size"": 2272.727271, ""price"": 0.043999999593439997, ""timestamp"": 1770969811, ""title"": ""Will Trump nominate Judy Shelton as the next Fed chair?"", ""slug"": ""will-trump-nominate-judy-shelton-as-the-next-fed-chair"", ""icon"": ""https://polymarket-upload.s3.us-east-2.amazonaws.com/judy-shelton-15c5dd306b.png"", ""eventSlug"": ""who-will-trump-nominate-as-fed-chair"", ""outcome"": ""Yes"", ""outcomeIndex"": 0, ""name"": ""commo100"", ""pseudonym"": ""Chubby-Daylight"", ""bio"": """", ""profileImage"": """", ""profileImageOptimized"": """", ""transactionHash"": ""0x4d75c8c0febd949e1f16eefc5f27cdb09460feb9fd06b4058b8b57d0b1313bd3""}"
1770969631,2026-02-14T01:56:27.084010,0xffa7adb8fbed5e1275c1c27893e4ff0e9a897337520a7df645e6a27871f02d04:1770969631,572473,5031084282167950494806674428243037744881029417420880897305642929037077494331,BUY,0.043,31.24,1.3433199999999998,0xffa7adb8fbed5e1275c1c27893e4ff0e9a897337520a7df645e6a27871f02d04,"{""proxyWallet"": ""0xbb98f9bdd941c3fda3d0f382a62b13380bbfdfda"", ""side"": ""BUY"", ""asset"": ""5031084282167950494806674428243037744881029417420880897305642929037077494331"", ""conditionId"": ""0x46d40e851b24d9b0af4bc1942ccd86439cae82a9011767da14950df0ad997adf"", ""size"": 31.24, ""price"": 0.043, ""timestamp"": 1770969631, ""title"": ""Will Trump nominate Judy Shelton as the next Fed chair?"", ""slug"": ""will-trump-nominate-judy-shelton-as-the-next-fed-chair"", ""icon"": ""https://polymarket-upload.s3.us-east-2.amazonaws.com/judy-shelton-15c5dd306b.png"", ""eventSlug"": ""who-will-trump-nominate-as-fed-chair"", ""outcome"": ""Yes"", ""outcomeIndex"": 0, ""name"": ""0xbB98f9BDd941c3fdA3D0F382A62b13380BBFdfdA-1770370466488"", ""pseudonym"": ""Loathsome-Cocoa"", ""bio"": """", ""profileImage"": """", ""profileImageOptimized"": """", ""transactionHash"": ""0xffa7adb8fbed5e1275c1c27893e4ff0e9a897337520a7df645e6a27871f02d04""}"
1770969319,2026-02-14T01:56:27.084048,0x888702db8285cdc6d4b6ac190cee087e507460ac54aa9cec6c981f5c1ac82eb0:1770969319,572473,5031084282167950494806674428243037744881029417420880897305642929037077494331,SELL,0.042,538.94,22.635480000000005,0x888702db8285cdc6d4b6ac190cee087e507460ac54aa9cec6c981f5c1ac82eb0,"{""proxyWallet"": ""0x2cd8134ae8cde73ef34981eef205a9a8f0d6ee1c"", ""side"": ""SELL"", ""asset"": ""5031084282167950494806674428243037744881029417420880897305642929037077494331"", ""conditionId"": ""0x46d40e851b24d9b0af4bc1942ccd86439cae82a9011767da14950df0ad997adf"", ""size"": 538.94, ""price"": 0.042, ""timestamp"": 1770969319, ""title"": ""Will Trump nominate Judy Shelton as the next Fed chair?"", ""slug"": ""will-trump-nominate-judy-shelton-as-the-next-fed-chair"", ""icon"": ""https://polymarket-upload.s3.us-east-2.amazonaws.com/judy-shelton-15c5dd306b.png"", ""eventSlug"": ""who-will-trump-nominate-as-fed-chair"", ""outcome"": ""Yes"", ""outcomeIndex"": 0, ""name"": ""goatyishere"", ""pseudonym"": ""Single-Thief"", ""bio"": """", ""profileImage"": ""https://polymarket-upload.s3.us-east-2.amazonaws.com/profile-image-4582709-b8b824be-f134-4545-b33a-3231fd41a678.jpg"", ""profileImageOptimized"": """", ""transactionHash"": ""0x888702db8285cdc6d4b6ac190cee087e507460ac54aa9cec6c981f5c1ac82eb0""}"
1770969279,2026-02-14T01:56:27.084082,0x353cf512bf796d68d858c81f5e90993f93f36c20a27cfae29b412dc64a90119f:1770969279,572473,5031084282167950494806674428243037744881029417420880897305642929037077494331,BUY,0.04399999717621022,328.636362,14.459999,0x353cf512bf796d68d858c81f5e90993f93f36c20a27cfae29b412dc64a90119f,"{""proxyWallet"": ""0x2997ffcc52cda31bb439e8ce0cf198d161a6752c"", ""side"": ""BUY"", ""asset"": ""5031084282167950494806674428243037744881029417420880897305642929037077494331"", ""conditionId"": ""0x46d40e851b24d9b0af4bc1942ccd86439cae82a9011767da14950df0ad997adf"", ""size"": 328.636362, ""price"": 0.04399999717621022, ""timestamp"": 1770969279, ""title"": ""Will Trump nominate Judy Shelton as the next Fed chair?"", ""slug"": ""will-trump-nominate-judy-shelton-as-the-next-fed-chair"", ""icon"": ""https://polymarket-upload.s3.us-east-2.amazonaws.com/judy-shelton-15c5dd306b.png"", ""eventSlug"": ""who-will-trump-nominate-as-fed-chair"", ""outcome"": ""Yes"", ""outcomeIndex"": 0, ""name"": ""moneymakingCam"", ""pseudonym"": ""Slimy-Jewelry"", ""bio"": """", ""profileImage"": """", ""profileImageOptimized"": """", ""transactionHash"": ""0x353cf512bf796d68d858c81f5e90993f93f36c20a27cfae29b412dc64a90119f""}"
1770969219,2026-02-14T01:56:27.084114,0xe7a86eb837151491ef19d5a62f8871e0a1dd1c8ff047e3f0f42a3cf3f1e8881b:1770969219,572473,5031084282167950494806674428243037744881029417420880897305642929037077494331,BUY,0.04399995934399691,22.727271,0.999999,0xe7a86eb837151491ef19d5a62f8871e0a1dd1c8ff047e3f0f42a3cf3f1e8881b,"{""proxyWallet"": ""0x5be583d30e80c4c91dbf57ef32bab12726202d9a"", ""side"": ""BUY"", ""asset"": ""5031084282167950494806674428243037744881029417420880897305642929037077494331"", ""conditionId"": ""0x46d40e851b24d9b0af4bc1942ccd86439cae82a9011767da14950df0ad997adf"", ""size"": 22.727271, ""price"": 0.04399995934399691, ""timestamp"": 1770969219, ""title"": ""Will Trump nominate Judy Shelton as the next Fed chair?"", ""slug"": ""will-trump-nominate-judy-shelton-as-the-next-fed-chair"", ""icon"": ""https://polymarket-upload.s3.us-east-2.amazonaws.com/judy-shelton-15c5dd306b.png"", ""eventSlug"": ""who-will-trump-nominate-as-fed-chair"", ""outcome"": ""Yes"", ""outcomeIndex"": 0, ""name"": ""arisha123"", ""pseudonym"": ""Mild-Dressing"", ""bio"": """", ""profileImage"": """", ""profileImageOptimized"": """", ""transactionHash"": ""0xe7a86eb837151491ef19d5a62f8871e0a1dd1c8ff047e3f0f42a3cf3f1e8881b""}"
1770968855,2026-02-14T01:56:27.084147,0x7766bbddd1ccc9379e52630f73ba7b7167327ec028641e14479d73b3619918e9:1770968855,572473,5031084282167950494806674428243037744881029417420880897305642929037077494331,BUY,0.043999999918336,11363.636362,499.999999,0x7766bbddd1ccc9379e52630f73ba7b7167327ec028641e14479d73b3619918e9,"{""proxyWallet"": ""0xb2a48372404e6a0bfb6c2f23d715d3acc5a8cf8a"", ""side"": ""BUY"", ""asset"": ""5031084282167950494806674428243037744881029417420880897305642929037077494331"", ""conditionId"": ""0x46d40e851b24d9b0af4bc1942ccd86439cae82a9011767da14950df0ad997adf"", ""size"": 11363.636362, ""price"": 0.043999999918336, ""timestamp"": 1770968855, ""title"": ""Will Trump nominate Judy Shelton as the next Fed chair?"", ""slug"": ""will-trump-nominate-judy-shelton-as-the-next-fed-chair"", ""icon"": ""https://polymarket-upload.s3.us-east-2.amazonaws.com/judy-shelton-15c5dd306b.png"", ""eventSlug"": ""who-will-trump-nominate-as-fed-chair"", ""outcome"": ""Yes"", ""outcomeIndex"": 0, ""name"": ""chenpengzao"", ""pseudonym"": ""Natural-Federation"", ""bio"": """", ""profileImage"": ""https://polymarket-upload.s3.us-east-2.amazonaws.com/profile-image-5076365-4c4e1b0e-9dcc-428e-b12c-c8d35735aa59.jpeg"", ""profileImageOptimized"": """", ""transactionHash"": ""0x7766bbddd1ccc9379e52630f73ba7b7167327ec028641e14479d73b3619918e9""}"
1770968787,2026-02-14T01:56:27.084180,0x0011eea8bb63e235e45149cebfd4a7e1a4b004ca3420aa96c1999fcfda90814d:1770968787,572473,5031084282167950494806674428243037744881029417420880897305642929037077494331,BUY,0.04399999950241975,1840.909089,80.99999899999999,0x0011eea8bb63e235e45149cebfd4a7e1a4b004ca3420aa96c1999fcfda90814d,"{""proxyWallet"": ""0x9afecc9843a907c409717f6c8eb96ef60b8957ca"", ""side"": ""BUY"", ""asset"": ""5031084282167950494806674428243037744881029417420880897305642929037077494331"", ""conditionId"": ""0x46d40e851b24d9b0af4bc1942ccd86439cae82a9011767da14950df0ad997adf"", ""size"": 1840.909089, ""price"": 0.04399999950241975, ""timestamp"": 1770968787, ""title"": ""Will Trump nominate Judy Shelton as the next Fed chair?"", ""slug"": ""will-trump-nominate-judy-shelton-as-the-next-fed-chair"", ""icon"": ""https://polymarket-upload.s3.us-east-2.amazonaws.com/judy-shelton-15c5dd306b.png"", ""eventSlug"": ""who-will-trump-nominate-as-fed-chair"", ""outcome"": ""Yes"", ""outcomeIndex"": 0, ""name"": ""therefilator"", ""pseudonym"": ""Angelic-Apple"", ""bio"": """", ""profileImage"": """", ""profileImageOptimized"": """", ""transactionHash"": ""0x0011eea8bb63e235e45149cebfd4a7e1a4b004ca3420aa96c1999fcfda90814d""}"
1770968781,2026-02-14T01:56:27.084214,0xe4f6c501f01c77eb1a3fd803c32a0568d34341f5a50195c8c3e2735235c7b44c:1770968781,572473,5031084282167950494806674428243037744881029417420880897305642929037077494331,SELL,0.043,31.0,1.333,0xe4f6c501f01c77eb1a3fd803c32a0568d34341f5a50195c8c3e2735235c7b44c,"{""proxyWallet"": ""0x7cd118a77b268f47b339d9bc6d8178d3bb8f7116"", ""side"": ""SELL"", ""asset"": ""5031084282167950494806674428243037744881029417420880897305642929037077494331"", ""conditionId"": ""0x46d40e851b24d9b0af4bc1942ccd86439cae82a9011767da14950df0ad997adf"", ""size"": 31, ""price"": 0.043, ""timestamp"": 1770968781, ""title"": ""Will Trump nominate Judy Shelton as the next Fed chair?"", ""slug"": ""will-trump-nominate-judy-shelton-as-the-next-fed-chair"", ""icon"": ""https://polymarket-upload.s3.us-east-2.amazonaws.com/judy-shelton-15c5dd306b.png"", ""eventSlug"": ""who-will-trump-nominate-as-fed-chair"", ""outcome"": ""Yes"", ""outcomeIndex"": 0, ""name"": ""degenerateyeezyfan"", ""pseudonym"": ""Classic-Savage"", ""bio"": """", ""profileImage"": """", ""profileImageOptimized"": """", ""transactionHash"": ""0xe4f6c501f01c77eb1a3fd803c32a0568d34341f5a50195c8c3e2735235c7b44c""}"
1770968737,2026-02-14T01:56:27.084244,0x07ef2066ecb9d4cd84c12358ee7910f02e81b1c2366ce5607a6bd5f51a04c505:1770968737,572473,5031084282167950494806674428243037744881029417420880897305642929037077494331,BUY,0.04400000002106103,2279.090908,100.28000000000002,0x07ef2066ecb9d4cd84c12358ee7910f02e81b1c2366ce5607a6bd5f51a04c505,"{""proxyWallet"": ""0x7eabddc1b4742392813827a22b46a676db6a3c9b"", ""side"": ""BUY"", ""asset"": ""5031084282167950494806674428243037744881029417420880897305642929037077494331"", ""conditionId"": ""0x46d40e851b24d9b0af4bc1942ccd86439cae82a9011767da14950df0ad997adf"", ""size"": 2279.090908, ""price"": 0.04400000002106103, ""timestamp"": 1770968737, ""title"": ""Will Trump nominate Judy Shelton as the next Fed chair?"", ""slug"": ""will-trump-nominate-judy-shelton-as-the-next-fed-chair"", ""icon"": ""https://polymarket-upload.s3.us-east-2.amazonaws.com/judy-shelton-15c5dd306b.png"", ""eventSlug"": ""who-will-trump-nominate-as-fed-chair"", ""outcome"": ""Yes"", ""outcomeIndex"": 0, ""name"": ""toff689"", ""pseudonym"": ""Sleepy-Genetics"", ""bio"": """", ""profileImage"": """", ""profileImageOptimized"": """", ""transactionHash"": ""0x07ef2066ecb9d4cd84c12358ee7910f02e81b1c2366ce5607a6bd5f51a04c505""}"
1770968539,2026-02-14T01:56:27.084282,0x8bd57b85bd01445b5fcd9e79a3062747bf7189346f434b4e07e9ea2c78a0768f:1770968539,572473,5031084282167950494806674428243037744881029417420880897305642929037077494331,BUY,0.04399999984899657,6172.045453,271.569999,0x8bd57b85bd01445b5fcd9e79a3062747bf7189346f434b4e07e9ea2c78a0768f,"{""proxyWallet"": ""0xffb2c840221642e030d8925e530825c019503940"", ""side"": ""BUY"", ""asset"": ""5031084282167950494806674428243037744881029417420880897305642929037077494331"", ""conditionId"": ""0x46d40e851b24d9b0af4bc1942ccd86439cae82a9011767da14950df0ad997adf"", ""size"": 6172.045453, ""price"": 0.04399999984899657, ""timestamp"": 1770968539, ""title"": ""Will Trump nominate Judy Shelton as the next Fed chair?"", ""slug"": ""will-trump-nominate-judy-shelton-as-the-next-fed-chair"", ""icon"": ""https://polymarket-upload.s3.us-east-2.amazonaws.com/judy-shelton-15c5dd306b.png"", ""eventSlug"": ""who-will-trump-nominate-as-fed-chair"", ""outcome"": ""Yes"", ""outcomeIndex"": 0, ""name"": """", ""pseudonym"": """", ""bio"": """", ""profileImage"": """", ""profileImageOptimized"": """", ""transactionHash"": ""0x8bd57b85bd01445b5fcd9e79a3062747bf7189346f434b4e07e9ea2c78a0768f""}"
1770968493,2026-02-14T01:56:27.084318,0x4347d8603877f4ba5e1b246409a73d959431a512070db6e339faebdbf524be53:1770968493,572473,5031084282167950494806674428243037744881029417420880897305642929037077494331,SELL,0.043,111.11,4.77773,0x4347d8603877f4ba5e1b246409a73d959431a512070db6e339faebdbf524be53,"{""proxyWallet"": ""0x051a41432e855805b88204118b5049664dc5fc66"", ""side"": ""SELL"", ""asset"": ""5031084282167950494806674428243037744881029417420880897305642929037077494331"", ""conditionId"": ""0x46d40e851b24d9b0af4bc1942ccd86439cae82a9011767da14950df0ad997adf"", ""size"": 111.11, ""price"": 0.043, ""timestamp"": 1770968493, ""title"": ""Will Trump nominate Judy Shelton as the next Fed chair?"", ""slug"": ""will-trump-nominate-judy-shelton-as-the-next-fed-chair"", ""icon"": ""https://polymarket-upload.s3.us-east-2.amazonaws.com/judy-shelton-15c5dd306b.png"", ""eventSlug"": ""who-will-trump-nominate-as-fed-chair"", ""outcome"": ""Yes"", ""outcomeIndex"": 0, ""name"": ""Reddy5"", ""pseudonym"": ""Keen-Apology"", ""bio"": """", ""profileImage"": """", ""profileImageOptimized"": """", ""transactionHash"": ""0x4347d8603877f4ba5e1b246409a73d959431a512070db6e339faebdbf524be53""}"
1770968483,2026-02-14T01:56:27.084351,0x46b91e5085ba6836acb26c418488f5b8a22d44edfb74a391a32c9fa2373c8014:1770968483,572473,5031084282167950494806674428243037744881029417420880897305642929037077494331,BUY,0.04399995934399691,22.727271,0.999999,0x46b91e5085ba6836acb26c418488f5b8a22d44edfb74a391a32c9fa2373c8014,"{""proxyWallet"": ""0xfec046688669bf915101d63726ee6abfe3bcf051"", ""side"": ""BUY"", ""asset"": ""5031084282167950494806674428243037744881029417420880897305642929037077494331"", ""conditionId"": ""0x46d40e851b24d9b0af4bc1942ccd86439cae82a9011767da14950df0ad997adf"", ""size"": 22.727271, ""price"": 0.04399995934399691, ""timestamp"": 1770968483, ""title"": ""Will Trump nominate Judy Shelton as the next Fed chair?"", ""slug"": ""will-trump-nominate-judy-shelton-as-the-next-fed-chair"", ""icon"": ""https://polymarket-upload.s3.us-east-2.amazonaws.com/judy-shelton-15c5dd306b.png"", ""eventSlug"": ""who-will-trump-nominate-as-fed-chair"", ""outcome"": ""Yes"", ""outcomeIndex"": 0, ""name"": ""JayeDing"", ""pseudonym"": ""Staid-Trance"", ""bio"": """", ""profileImage"": """", ""profileImageOptimized"": """", ""transactionHash"": ""0x46b91e5085ba6836acb26c418488f5b8a22d44edfb74a391a32c9fa2373c8014""}"
1770968273,2026-02-14T01:56:27.084388,0x2fa77f5ecdd30eb1534c1e50b5f7ba5d11a24458734c5d27f74390f138544d31:1770968273,572473,5031084282167950494806674428243037744881029417420880897305642929037077494331,BUY,0.044,10.0,0.43999999999999995,0x2fa77f5ecdd30eb1534c1e50b5f7ba5d11a24458734c5d27f74390f138544d31,"{""proxyWallet"": ""0xb004497aeb5038588682e0cf786ee139d1770393"", ""side"": ""BUY"", ""asset"": ""5031084282167950494806674428243037744881029417420880897305642929037077494331"", ""conditionId"": ""0x46d40e851b24d9b0af4bc1942ccd86439cae82a9011767da14950df0ad997adf"", ""size"": 10, ""price"": 0.044, ""timestamp"": 1770968273, ""title"": ""Will Trump nominate Judy Shelton as the next Fed chair?"", ""slug"": ""will-trump-nominate-judy-shelton-as-the-next-fed-chair"", ""icon"": ""https://polymarket-upload.s3.us-east-2.amazonaws.com/judy-shelton-15c5dd306b.png"", ""eventSlug"": ""who-will-trump-nominate-as-fed-chair"", ""outcome"": ""Yes"", ""outcomeIndex"": 0, ""name"": ""elasticsserdel"", ""pseudonym"": ""Far-Philosopher"", ""bio"": """", ""profileImage"": """", ""profileImageOptimized"": """", ""transactionHash"": ""0x2fa77f5ecdd30eb1534c1e50b5f7ba5d11a24458734c5d27f74390f138544d31""}"
1770968251,2026-02-14T01:56:27.084419,0xa6a69532acf5054436fc06a4230b32aeb0955d6fa76677c3129343365e02cfbe:1770968251,572473,5031084282167950494806674428243037744881029417420880897305642929037077494331,SELL,0.043,20.0,0.8599999999999999,0xa6a69532acf5054436fc06a4230b32aeb0955d6fa76677c3129343365e02cfbe,"{""proxyWallet"": ""0xb004497aeb5038588682e0cf786ee139d1770393"", ""side"": ""SELL"", ""asset"": ""5031084282167950494806674428243037744881029417420880897305642929037077494331"", ""conditionId"": ""0x46d40e851b24d9b0af4bc1942ccd86439cae82a9011767da14950df0ad997adf"", ""size"": 20, ""price"": 0.043, ""timestamp"": 1770968251, ""title"": ""Will Trump nominate Judy Shelton as the next Fed chair?"", ""slug"": ""will-trump-nominate-judy-shelton-as-the-next-fed-chair"", ""icon"": ""https://polymarket-upload.s3.us-east-2.amazonaws.com/judy-shelton-15c5dd306b.png"", ""eventSlug"": ""who-will-trump-nominate-as-fed-chair"", ""outcome"": ""Yes"", ""outcomeIndex"": 0, ""name"": ""elasticsserdel"", ""pseudonym"": ""Far-Philosopher"", ""bio"": """", ""profileImage"": """", ""profileImageOptimized"": """", ""transactionHash"": ""0xa6a69532acf5054436fc06a4230b32aeb0955d6fa76677c3129343365e02cfbe""}"
1770968233,2026-02-14T01:56:27.084457,0xd25fcf1fa1ff7903f9c8ff7a292ed0c102bd064b328bfae06b7efa7c9e9a540a:1770968233,572473,5031084282167950494806674428243037744881029417420880897305642929037077494331,BUY,0.044,10.0,0.43999999999999995,0xd25fcf1fa1ff7903f9c8ff7a292ed0c102bd064b328bfae06b7efa7c9e9a540a,"{""proxyWallet"": ""0xb004497aeb5038588682e0cf786ee139d1770393"", ""side"": ""BUY"", ""asset"": ""5031084282167950494806674428243037744881029417420880897305642929037077494331"", ""conditionId"": ""0x46d40e851b24d9b0af4bc1942ccd86439cae82a9011767da14950df0ad997adf"", ""size"": 10, ""price"": 0.044, ""timestamp"": 1770968233, ""title"": ""Will Trump nominate Judy Shelton as the next Fed chair?"", ""slug"": ""will-trump-nominate-judy-shelton-as-the-next-fed-chair"", ""icon"": ""https://polymarket-upload.s3.us-east-2.amazonaws.com/judy-shelton-15c5dd306b.png"", ""eventSlug"": ""who-will-trump-nominate-as-fed-chair"", ""outcome"": ""Yes"", ""outcomeIndex"": 0, ""name"": ""elasticsserdel"", ""pseudonym"": ""Far-Philosopher"", ""bio"": """", ""profileImage"": """", ""profileImageOptimized"": """", ""transactionHash"": ""0xd25fcf1fa1ff7903f9c8ff7a292ed0c102bd064b328bfae06b7efa7c9e9a540a""}"
1770968065,2026-02-14T01:56:27.084495,0x0186e41bad5bdfc53472432f7080666306b92804d3b6982f69d1167950e8514c:1770968065,572473,5031084282167950494806674428243037744881029417420880897305642929037077494331,BUY,0.045,100.0,4.5,0x0186e41bad5bdfc53472432f7080666306b92804d3b6982f69d1167950e8514c,"{""proxyWallet"": ""0xa206f73ff9d1312ab989507ca16c72645a8b2cad"", ""side"": ""BUY"", ""asset"": ""5031084282167950494806674428243037744881029417420880897305642929037077494331"", ""conditionId"": ""0x46d40e851b24d9b0af4bc1942ccd86439cae82a9011767da14950df0ad997adf"", ""size"": 100, ""price"": 0.045, ""timestamp"": 1770968065, ""title"": ""Will Trump nominate Judy Shelton as the next Fed chair?"", ""slug"": ""will-trump-nominate-judy-shelton-as-the-next-fed-chair"", ""icon"": ""https://polymarket-upload.s3.us-east-2.amazonaws.com/judy-shelton-15c5dd306b.png"", ""eventSlug"": ""who-will-trump-nominate-as-fed-chair"", ""outcome"": ""Yes"", ""outcomeIndex"": 0, ""name"": ""JetXBTcn"", ""pseudonym"": ""Those-Plantation"", ""bio"": """", ""profileImage"": ""https://polymarket-upload.s3.us-east-2.amazonaws.com/profile-image-5685468-c3f713fc-73ae-4824-9c2c-8c3d1992a6b7.png"", ""profileImageOptimized"": """", ""transactionHash"": ""0x0186e41bad5bdfc53472432f7080666306b92804d3b6982f69d1167950e8514c""}"
1770968043,2026-02-14T01:56:27.084529,0x4846b9d122bc63a039b7b9d3fe4e9950a478035b11ca97967090a41d5d5ebc19:1770968043,572473,5031084282167950494806674428243037744881029417420880897305642929037077494331,BUY,0.04500000045000001,111.11111,5.0,0x4846b9d122bc63a039b7b9d3fe4e9950a478035b11ca97967090a41d5d5ebc19,"{""proxyWallet"": ""0x051a41432e855805b88204118b5049664dc5fc66"", ""side"": ""BUY"", ""asset"": ""5031084282167950494806674428243037744881029417420880897305642929037077494331"", ""conditionId"": ""0x46d40e851b24d9b0af4bc1942ccd86439cae82a9011767da14950df0ad997adf"", ""size"": 111.11111, ""price"": 0.04500000045000001, ""timestamp"": 1770968043, ""title"": ""Will Trump nominate Judy Shelton as the next Fed chair?"", ""slug"": ""will-trump-nominate-judy-shelton-as-the-next-fed-chair"", ""icon"": ""https://polymarket-upload.s3.us-east-2.amazonaws.com/judy-shelton-15c5dd306b.png"", ""eventSlug"": ""who-will-trump-nominate-as-fed-chair"", ""outcome"": ""Yes"", ""outcomeIndex"": 0, ""name"": ""Reddy5"", ""pseudonym"": ""Keen-Apology"", ""bio"": """", ""profileImage"": """", ""profileImageOptimized"": """", ""transactionHash"": ""0x4846b9d122bc63a039b7b9d3fe4e9950a478035b11ca97967090a41d5d5ebc19""}"
1770967931,2026-02-14T01:56:27.084568,0xec88500a50b73e4d76db32142eb87f22c709fa480e6f803a1ecd9d3a0a463910:1770967931,572473,5031084282167950494806674428243037744881029417420880897305642929037077494331,BUY,0.04500000045000001,111.11111,5.0,0xec88500a50b73e4d76db32142eb87f22c709fa480e6f803a1ecd9d3a0a463910,"{""proxyWallet"": ""0x83b203e079f36c0ba03235546ec7b6299443fd70"", ""side"": ""BUY"", ""asset"": ""5031084282167950494806674428243037744881029417420880897305642929037077494331"", ""conditionId"": ""0x46d40e851b24d9b0af4bc1942ccd86439cae82a9011767da14950df0ad997adf"", ""size"": 111.11111, ""price"": 0.04500000045000001, ""timestamp"": 1770967931, ""title"": ""Will Trump nominate Judy Shelton as the next Fed chair?"", ""slug"": ""will-trump-nominate-judy-shelton-as-the-next-fed-chair"", ""icon"": ""https://polymarket-upload.s3.us-east-2.amazonaws.com/judy-shelton-15c5dd306b.png"", ""eventSlug"": ""who-will-trump-nominate-as-fed-chair"", ""outcome"": ""Yes"", ""outcomeIndex"": 0, ""name"": ""0x83b203E079f36c0Ba03235546eC7B6299443FD70-1768998127645"", ""pseudonym"": ""Nautical-Cause"", ""bio"": """", ""profileImage"": """", ""profileImageOptimized"": """", ""transactionHash"": ""0xec88500a50b73e4d76db32142eb87f22c709fa480e6f803a1ecd9d3a0a463910""}"
1770967723,2026-02-14T01:56:27.084608,0xb34e44838f4a2c70f8d62246110b7839d9c90706a97f726f9f0259e5cfb6b2d8:1770967723,572473,5031084282167950494806674428243037744881029417420880897305642929037077494331,SELL,0.044,1059.98,46.63912,0xb34e44838f4a2c70f8d62246110b7839d9c90706a97f726f9f0259e5cfb6b2d8,"{""proxyWallet"": ""0xb3a737ccb8c8ed82d80ce8a3b9db2ade63c68f25"", ""side"": ""SELL"", ""asset"": ""5031084282167950494806674428243037744881029417420880897305642929037077494331"", ""conditionId"": ""0x46d40e851b24d9b0af4bc1942ccd86439cae82a9011767da14950df0ad997adf"", ""size"": 1059.98, ""price"": 0.044, ""timestamp"": 1770967723, ""title"": ""Will Trump nominate Judy Shelton as the next Fed chair?"", ""slug"": ""will-trump-nominate-judy-shelton-as-the-next-fed-chair"", ""icon"": ""https://polymarket-upload.s3.us-east-2.amazonaws.com/judy-shelton-15c5dd306b.png"", ""eventSlug"": ""who-will-trump-nominate-as-fed-chair"", ""outcome"": ""Yes"", ""outcomeIndex"": 0, ""name"": ""98077864753"", ""pseudonym"": ""Unaware-Executive"", ""bio"": """", ""profileImage"": """", ""profileImageOptimized"": """", ""transactionHash"": ""0xb34e44838f4a2c70f8d62246110b7839d9c90706a97f726f9f0259e5cfb6b2d8""}"
1770967647,2026-02-14T01:56:27.084651,0xf8f9ec09be3bf6054f445d61962e28ffcbbf6149593285f90fad4d7facabb557:1770967647,572473,5031084282167950494806674428243037744881029417420880897305642929037077494331,BUY,0.0449999998326,5555.555554,249.999999,0xf8f9ec09be3bf6054f445d61962e28ffcbbf6149593285f90fad4d7facabb557,"{""proxyWallet"": ""0x0ae192f74b0c3b3eb1bc26c8fb6bd0afd738bef3"", ""side"": ""BUY"", ""asset"": ""5031084282167950494806674428243037744881029417420880897305642929037077494331"", ""conditionId"": ""0x46d40e851b24d9b0af4bc1942ccd86439cae82a9011767da14950df0ad997adf"", ""size"": 5555.555554, ""price"": 0.0449999998326, ""timestamp"": 1770967647, ""title"": ""Will Trump nominate Judy Shelton as the next Fed chair?"", ""slug"": ""will-trump-nominate-judy-shelton-as-the-next-fed-chair"", ""icon"": ""https://polymarket-upload.s3.us-east-2.amazonaws.com/judy-shelton-15c5dd306b.png"", ""eventSlug"": ""who-will-trump-nominate-as-fed-chair"", ""outcome"": ""Yes"", ""outcomeIndex"": 0, ""name"": """", ""pseudonym"": """", ""bio"": """", ""profileImage"": """", ""profileImageOptimized"": """", ""transactionHash"": ""0xf8f9ec09be3bf6054f445d61962e28ffcbbf6149593285f90fad4d7facabb557""}"
1770967571,2026-02-14T01:56:27.084685,0x06519692e7e1fba162e0abc9a8e58314e6c4a351a70d5714a43493ae1fad03a9:1770967571,572473,5031084282167950494806674428243037744881029417420880897305642929037077494331,SELL,0.044,999.94,43.99736,0x06519692e7e1fba162e0abc9a8e58314e6c4a351a70d5714a43493ae1fad03a9,"{""proxyWallet"": ""0x74ac205c5774084ad1e44337938fbd8a93bdfd35"", ""side"": ""SELL"", ""asset"": ""5031084282167950494806674428243037744881029417420880897305642929037077494331"", ""conditionId"": ""0x46d40e851b24d9b0af4bc1942ccd86439cae82a9011767da14950df0ad997adf"", ""size"": 999.94, ""price"": 0.044, ""timestamp"": 1770967571, ""title"": ""Will Trump nominate Judy Shelton as the next Fed chair?"", ""slug"": ""will-trump-nominate-judy-shelton-as-the-next-fed-chair"", ""icon"": ""https://polymarket-upload.s3.us-east-2.amazonaws.com/judy-shelton-15c5dd306b.png"", ""eventSlug"": ""who-will-trump-nominate-as-fed-chair"", ""outcome"": ""Yes"", ""outcomeIndex"": 0, ""name"": ""344567"", ""pseudonym"": ""Antique-Gopher"", ""bio"": """", ""profileImage"": """", ""profileImageOptimized"": """", ""transactionHash"": ""0x06519692e7e1fba162e0abc9a8e58314e6c4a351a70d5714a43493ae1fad03a9""}"
1770967571,2026-02-14T01:56:27.084714,0x0c69d62adc60ec77effc1c35e8ba415743b080bd5039ddc55062c37e8cd16408:1770967571,572473,5031084282167950494806674428243037744881029417420880897305642929037077494331,BUY,0.045,140.0,6.3,0x0c69d62adc60ec77effc1c35e8ba415743b080bd5039ddc55062c37e8cd16408,"{""proxyWallet"": ""0xe867881ca7ceb76f292e8076ec0ff34d48a695b5"", ""side"": ""BUY"", ""asset"": ""5031084282167950494806674428243037744881029417420880897305642929037077494331"", ""conditionId"": ""0x46d40e851b24d9b0af4bc1942ccd86439cae82a9011767da14950df0ad997adf"", ""size"": 140, ""price"": 0.045, ""timestamp"": 1770967571, ""title"": ""Will Trump nominate Judy Shelton as the next Fed chair?"", ""slug"": ""will-trump-nominate-judy-shelton-as-the-next-fed-chair"", ""icon"": ""https://polymarket-upload.s3.us-east-2.amazonaws.com/judy-shelton-15c5dd306b.png"", ""eventSlug"": ""who-will-trump-nominate-as-fed-chair"", ""outcome"": ""Yes"", ""outcomeIndex"": 0, ""name"": ""nytnye1"", ""pseudonym"": ""Waterlogged-Cake"", ""bio"": """", ""profileImage"": """", ""profileImageOptimized"": """", ""transactionHash"": ""0x0c69d62adc60ec77effc1c35e8ba415743b080bd5039ddc55062c37e8cd16408""}"
1770967335,2026-02-14T01:56:27.084749,0x748f71181c236b7f78cb6d83202c00024eb344ab757f4a79ad3240736f21884d:1770967335,572473,5031084282167950494806674428243037744881029417420880897305642929037077494331,BUY,0.045,120.0,5.3999999999999995,0x748f71181c236b7f78cb6d83202c00024eb344ab757f4a79ad3240736f21884d,"{""proxyWallet"": ""0x23ae7c42dbfe6f7457bc9d5dad7b5d9ee04eb673"", ""side"": ""BUY"", ""asset"": ""5031084282167950494806674428243037744881029417420880897305642929037077494331"", ""conditionId"": ""0x46d40e851b24d9b0af4bc1942ccd86439cae82a9011767da14950df0ad997adf"", ""size"": 120, ""price"": 0.045, ""timestamp"": 1770967335, ""title"": ""Will Trump nominate Judy Shelton as the next Fed chair?"", ""slug"": ""will-trump-nominate-judy-shelton-as-the-next-fed-chair"", ""icon"": ""https://polymarket-upload.s3.us-east-2.amazonaws.com/judy-shelton-15c5dd306b.png"", ""eventSlug"": ""who-will-trump-nominate-as-fed-chair"", ""outcome"": ""Yes"", ""outcomeIndex"": 0, ""name"": ""afsdv144"", ""pseudonym"": ""Suspicious-Excitement"", ""bio"": """", ""profileImage"": """", ""profileImageOptimized"": """", ""transactionHash"": ""0x748f71181c236b7f78cb6d83202c00024eb344ab757f4a79ad3240736f21884d""}"
1770967071,2026-02-14T01:56:27.084785,0xd4e59eb638230a9810c17e4b27109317b0a971552251c86ade182bb9148b2349:1770967071,572473,5031084282167950494806674428243037744881029417420880897305642929037077494331,BUY,0.045,140.0,6.3,0xd4e59eb638230a9810c17e4b27109317b0a971552251c86ade182bb9148b2349,"{""proxyWallet"": ""0xb975fba836bbd06dbba94692423281b1ff527561"", ""side"": ""BUY"", ""asset"": ""5031084282167950494806674428243037744881029417420880897305642929037077494331"", ""conditionId"": ""0x46d40e851b24d9b0af4bc1942ccd86439cae82a9011767da14950df0ad997adf"", ""size"": 140, ""price"": 0.045, ""timestamp"": 1770967071, ""title"": ""Will Trump nominate Judy Shelton as the next Fed chair?"", ""slug"": ""will-trump-nominate-judy-shelton-as-the-next-fed-chair"", ""icon"": ""https://polymarket-upload.s3.us-east-2.amazonaws.com/judy-shelton-15c5dd306b.png"", ""eventSlug"": ""who-will-trump-nominate-as-fed-chair"", ""outcome"": ""Yes"", ""outcomeIndex"": 0, ""name"": ""few11sa"", ""pseudonym"": ""Serious-Millet"", ""bio"": """", ""profileImage"": """", ""profileImageOptimized"": """", ""transactionHash"": ""0xd4e59eb638230a9810c17e4b27109317b0a971552251c86ade182bb9148b2349""}"
1770967021,2026-02-14T01:56:27.084819,0xc8b134c2dabc392f3952f9025056addf9a452a5e29db01188e62f5743bde1048:1770967021,572473,5031084282167950494806674428243037744881029417420880897305642929037077494331,BUY,0.04499997896249932,44.444443,1.999999,0xc8b134c2dabc392f3952f9025056addf9a452a5e29db01188e62f5743bde1048,"{""proxyWallet"": ""0x2180924f9384abdb5f33345c2277cce9c026b65d"", ""side"": ""BUY"", ""asset"": ""5031084282167950494806674428243037744881029417420880897305642929037077494331"", ""conditionId"": ""0x46d40e851b24d9b0af4bc1942ccd86439cae82a9011767da14950df0ad997adf"", ""size"": 44.444443, ""price"": 0.04499997896249932, ""timestamp"": 1770967021, ""title"": ""Will Trump nominate Judy Shelton as the next Fed chair?"", ""slug"": ""will-trump-nominate-judy-shelton-as-the-next-fed-chair"", ""icon"": ""https://polymarket-upload.s3.us-east-2.amazonaws.com/judy-shelton-15c5dd306b.png"", ""eventSlug"": ""who-will-trump-nominate-as-fed-chair"", ""outcome"": ""Yes"", ""outcomeIndex"": 0, ""name"": ""Vegeta83XRP"", ""pseudonym"": ""Verifiable-Belt"", ""bio"": """", ""profileImage"": ""https://polymarket-upload.s3.us-east-2.amazonaws.com/profile-image-5732532-4f604c79-d52e-4b0c-8d16-a933f4207548.jpg"", ""profileImageOptimized"": """", ""transactionHash"": ""0xc8b134c2dabc392f3952f9025056addf9a452a5e29db01188e62f5743bde1048""}"
1770966841,2026-02-14T01:56:27.084854,0xbe98d6ce0ce9222bfb8afff5c5225ed8d5bc55c85a2109a428150561c0c3a74f:1770966841,572473,5031084282167950494806674428243037744881029417420880897305642929037077494331,BUY,0.04499995747499766,22.222221,0.999999,0xbe98d6ce0ce9222bfb8afff5c5225ed8d5bc55c85a2109a428150561c0c3a74f,"{""proxyWallet"": ""0xdc45927a660e0377f8203c04cea847ea235b254e"", ""side"": ""BUY"", ""asset"": ""5031084282167950494806674428243037744881029417420880897305642929037077494331"", ""conditionId"": ""0x46d40e851b24d9b0af4bc1942ccd86439cae82a9011767da14950df0ad997adf"", ""size"": 22.222221, ""price"": 0.04499995747499766, ""timestamp"": 1770966841, ""title"": ""Will Trump nominate Judy Shelton as the next Fed chair?"", ""slug"": ""will-trump-nominate-judy-shelton-as-the-next-fed-chair"", ""icon"": ""https://polymarket-upload.s3.us-east-2.amazonaws.com/judy-shelton-15c5dd306b.png"", ""eventSlug"": ""who-will-trump-nominate-as-fed-chair"", ""outcome"": ""Yes"", ""outcomeIndex"": 0, ""name"": ""Salmanboss"", ""pseudonym"": ""Narrow-Wool"", ""bio"": """", ""profileImage"": """", ""profileImageOptimized"": """", ""transactionHash"": ""0xbe98d6ce0ce9222bfb8afff5c5225ed8d5bc55c85a2109a428150561c0c3a74f""}"
1770966797,2026-02-14T01:56:27.084887,0x1f418d9b6601e92fdf42eb7d59ffa5743f98949af470e5fbc48a998d5554f9c3:1770966797,572473,5031084282167950494806674428243037744881029417420880897305642929037077494331,SELL,0.044,30.3,1.3332,0x1f418d9b6601e92fdf42eb7d59ffa5743f98949af470e5fbc48a998d5554f9c3,"{""proxyWallet"": ""0xdc45927a660e0377f8203c04cea847ea235b254e"", ""side"": ""SELL"", ""asset"": ""5031084282167950494806674428243037744881029417420880897305642929037077494331"", ""conditionId"": ""0x46d40e851b24d9b0af4bc1942ccd86439cae82a9011767da14950df0ad997adf"", ""size"": 30.3, ""price"": 0.044, ""timestamp"": 1770966797, ""title"": ""Will Trump nominate Judy Shelton as the next Fed chair?"", ""slug"": ""will-trump-nominate-judy-shelton-as-the-next-fed-chair"", ""icon"": ""https://polymarket-upload.s3.us-east-2.amazonaws.com/judy-shelton-15c5dd306b.png"", ""eventSlug"": ""who-will-trump-nominate-as-fed-chair"", ""outcome"": ""Yes"", ""outcomeIndex"": 0, ""name"": ""Salmanboss"", ""pseudonym"": ""Narrow-Wool"", ""bio"": """", ""profileImage"": """", ""profileImageOptimized"": """", ""transactionHash"": ""0x1f418d9b6601e92fdf42eb7d59ffa5743f98949af470e5fbc48a998d5554f9c3""}"
1770966707,2026-02-14T01:56:27.084919,0x4d9a43c44119a175a56564b4f0c28d98a1ef2352ffc4ea97665d1e1bfbdbdff2:1770966707,572473,5031084282167950494806674428243037744881029417420880897305642929037077494331,BUY,0.045,5366.85,241.50825,0x4d9a43c44119a175a56564b4f0c28d98a1ef2352ffc4ea97665d1e1bfbdbdff2,"{""proxyWallet"": ""0xfc3cc172bbce2e4d99295396767e58f9a75c833d"", ""side"": ""BUY"", ""asset"": ""5031084282167950494806674428243037744881029417420880897305642929037077494331"", ""conditionId"": ""0x46d40e851b24d9b0af4bc1942ccd86439cae82a9011767da14950df0ad997adf"", ""size"": 5366.85, ""price"": 0.045, ""timestamp"": 1770966707, ""title"": ""Will Trump nominate Judy Shelton as the next Fed chair?"", ""slug"": ""will-trump-nominate-judy-shelton-as-the-next-fed-chair"", ""icon"": ""https://polymarket-upload.s3.us-east-2.amazonaws.com/judy-shelton-15c5dd306b.png"", ""eventSlug"": ""who-will-trump-nominate-as-fed-chair"", ""outcome"": ""Yes"", ""outcomeIndex"": 0, ""name"": ""whiteelephantt"", ""pseudonym"": ""Lone-Tandem"", ""bio"": """", ""profileImage"": """", ""profileImageOptimized"": """", ""transactionHash"": ""0x4d9a43c44119a175a56564b4f0c28d98a1ef2352ffc4ea97665d1e1bfbdbdff2""}"
1770966665,2026-02-14T01:56:27.084953,0x1a86e810b974b7d3048fc2a47c124f16f57b141968d0e0eb722860bfbe758618:1770966665,572473,5031084282167950494806674428243037744881029417420880897305642929037077494331,BUY,0.045,140.0,6.3,0x1a86e810b974b7d3048fc2a47c124f16f57b141968d0e0eb722860bfbe758618,"{""proxyWallet"": ""0x4e36b4a59ae94e0d9004eb172bbdf9ef2f156253"", ""side"": ""BUY"", ""asset"": ""5031084282167950494806674428243037744881029417420880897305642929037077494331"", ""conditionId"": ""0x46d40e851b24d9b0af4bc1942ccd86439cae82a9011767da14950df0ad997adf"", ""size"": 140, ""price"": 0.045, ""timestamp"": 1770966665, ""title"": ""Will Trump nominate Judy Shelton as the next Fed chair?"", ""slug"": ""will-trump-nominate-judy-shelton-as-the-next-fed-chair"", ""icon"": ""https://polymarket-upload.s3.us-east-2.amazonaws.com/judy-shelton-15c5dd306b.png"", ""eventSlug"": ""who-will-trump-nominate-as-fed-chair"", ""outcome"": ""Yes"", ""outcomeIndex"": 0, ""name"": ""btrb2"", ""pseudonym"": ""Untimely-Specification"", ""bio"": """", ""profileImage"": """", ""profileImageOptimized"": """", ""transactionHash"": ""0x1a86e810b974b7d3048fc2a47c124f16f57b141968d0e0eb722860bfbe758618""}"
1770966573,2026-02-14T01:56:27.084986,0x5a7978638e485c3fe450d1bf2bf38bff3bf9ac898c13e610838ab93553825c32:1770966573,572473,5031084282167950494806674428243037744881029417420880897305642929037077494331,BUY,0.045,40.0,1.7999999999999998,0x5a7978638e485c3fe450d1bf2bf38bff3bf9ac898c13e610838ab93553825c32,"{""proxyWallet"": ""0xe9957cb3245a1450c76d169fd3e475fbf74b9d00"", ""side"": ""BUY"", ""asset"": ""5031084282167950494806674428243037744881029417420880897305642929037077494331"", ""conditionId"": ""0x46d40e851b24d9b0af4bc1942ccd86439cae82a9011767da14950df0ad997adf"", ""size"": 40, ""price"": 0.045, ""timestamp"": 1770966573, ""title"": ""Will Trump nominate Judy Shelton as the next Fed chair?"", ""slug"": ""will-trump-nominate-judy-shelton-as-the-next-fed-chair"", ""icon"": ""https://polymarket-upload.s3.us-east-2.amazonaws.com/judy-shelton-15c5dd306b.png"", ""eventSlug"": ""who-will-trump-nominate-as-fed-chair"", ""outcome"": ""Yes"", ""outcomeIndex"": 0, ""name"": ""btrebetr"", ""pseudonym"": ""Grotesque-Ligand"", ""bio"": """", ""profileImage"": """", ""profileImageOptimized"": """", ""transactionHash"": ""0x5a7978638e485c3fe450d1bf2bf38bff3bf9ac898c13e610838ab93553825c32""}"
1770966327,2026-02-14T01:56:27.085027,0x5ddcf8991267c8a9df8cc581422c7c7d0b4d061ce55204f8cc120e31f6c246bf:1770966327,572473,5031084282167950494806674428243037744881029417420880897305642929037077494331,BUY,0.045,130.0,5.85,0x5ddcf8991267c8a9df8cc581422c7c7d0b4d061ce55204f8cc120e31f6c246bf,"{""proxyWallet"": ""0xd2d054ccb81e8e6970d50ef6f13cdcc2c536c774"", ""side"": ""BUY"", ""asset"": ""5031084282167950494806674428243037744881029417420880897305642929037077494331"", ""conditionId"": ""0x46d40e851b24d9b0af4bc1942ccd86439cae82a9011767da14950df0ad997adf"", ""size"": 130, ""price"": 0.045, ""timestamp"": 1770966327, ""title"": ""Will Trump nominate Judy Shelton as the next Fed chair?"", ""slug"": ""will-trump-nominate-judy-shelton-as-the-next-fed-chair"", ""icon"": ""https://polymarket-upload.s3.us-east-2.amazonaws.com/judy-shelton-15c5dd306b.png"", ""eventSlug"": ""who-will-trump-nominate-as-fed-chair"", ""outcome"": ""Yes"", ""outcomeIndex"": 0, ""name"": ""bretbrt"", ""pseudonym"": ""These-Lord"", ""bio"": """", ""profileImage"": """", ""profileImageOptimized"": """", ""transactionHash"": ""0x5ddcf8991267c8a9df8cc581422c7c7d0b4d061ce55204f8cc120e31f6c246bf""}"
1770966327,2026-02-14T01:56:27.085057,0x3e5f13d2834f9f4ca06571976043bfc1d5372fa72d40f8eadf122715b8182101:1770966327,572473,5031084282167950494806674428243037744881029417420880897305642929037077494331,SELL,0.044,5.0,0.21999999999999997,0x3e5f13d2834f9f4ca06571976043bfc1d5372fa72d40f8eadf122715b8182101,"{""proxyWallet"": ""0x0b01d14b4f91acdf61534543d4a645f142238f47"", ""side"": ""SELL"", ""asset"": ""5031084282167950494806674428243037744881029417420880897305642929037077494331"", ""conditionId"": ""0x46d40e851b24d9b0af4bc1942ccd86439cae82a9011767da14950df0ad997adf"", ""size"": 5, ""price"": 0.044, ""timestamp"": 1770966327, ""title"": ""Will Trump nominate Judy Shelton as the next Fed chair?"", ""slug"": ""will-trump-nominate-judy-shelton-as-the-next-fed-chair"", ""icon"": ""https://polymarket-upload.s3.us-east-2.amazonaws.com/judy-shelton-15c5dd306b.png"", ""eventSlug"": ""who-will-trump-nominate-as-fed-chair"", ""outcome"": ""Yes"", ""outcomeIndex"": 0, ""name"": ""0x0B01d14B4f91ACdf61534543d4a645f142238F47-1766685782640"", ""pseudonym"": ""Radiant-Dahlia"", ""bio"": """", ""profileImage"": """", ""profileImageOptimized"": """", ""transactionHash"": ""0x3e5f13d2834f9f4ca06571976043bfc1d5372fa72d40f8eadf122715b8182101""}"
1770966271,2026-02-14T01:56:27.085087,0x6a1f71209f04f37b3bcddd078ab3edf2f07ead77f88a63def24326a8b5251ac6:1770966271,572473,5031084282167950494806674428243037744881029417420880897305642929037077494331,SELL,0.044,22.73,1.00012,0x6a1f71209f04f37b3bcddd078ab3edf2f07ead77f88a63def24326a8b5251ac6,"{""proxyWallet"": ""0x76f9d46e3f2331bf9d220e57504b9cb10d4f83af"", ""side"": ""SELL"", ""asset"": ""5031084282167950494806674428243037744881029417420880897305642929037077494331"", ""conditionId"": ""0x46d40e851b24d9b0af4bc1942ccd86439cae82a9011767da14950df0ad997adf"", ""size"": 22.73, ""price"": 0.044, ""timestamp"": 1770966271, ""title"": ""Will Trump nominate Judy Shelton as the next Fed chair?"", ""slug"": ""will-trump-nominate-judy-shelton-as-the-next-fed-chair"", ""icon"": ""https://polymarket-upload.s3.us-east-2.amazonaws.com/judy-shelton-15c5dd306b.png"", ""eventSlug"": ""who-will-trump-nominate-as-fed-chair"", ""outcome"": ""Yes"", ""outcomeIndex"": 0, ""name"": """", ""pseudonym"": """", ""bio"": """", ""profileImage"": """", ""profileImageOptimized"": """", ""transactionHash"": ""0x6a1f71209f04f37b3bcddd078ab3edf2f07ead77f88a63def24326a8b5251ac6""}"
1770966203,2026-02-14T01:56:27.085119,0x0c34ce29981fd9e0eef3b8156db364d4ca0a52d819942260b51012e22713eee0:1770966203,572473,5031084282167950494806674428243037744881029417420880897305642929037077494331,SELL,0.044,45.45,1.9998,0x0c34ce29981fd9e0eef3b8156db364d4ca0a52d819942260b51012e22713eee0,"{""proxyWallet"": ""0x1a3d258e48affdd3046e24e636d18fb4a58eb3f3"", ""side"": ""SELL"", ""asset"": ""5031084282167950494806674428243037744881029417420880897305642929037077494331"", ""conditionId"": ""0x46d40e851b24d9b0af4bc1942ccd86439cae82a9011767da14950df0ad997adf"", ""size"": 45.45, ""price"": 0.044, ""timestamp"": 1770966203, ""title"": ""Will Trump nominate Judy Shelton as the next Fed chair?"", ""slug"": ""will-trump-nominate-judy-shelton-as-the-next-fed-chair"", ""icon"": ""https://polymarket-upload.s3.us-east-2.amazonaws.com/judy-shelton-15c5dd306b.png"", ""eventSlug"": ""who-will-trump-nominate-as-fed-chair"", ""outcome"": ""Yes"", ""outcomeIndex"": 0, ""name"": """", ""pseudonym"": """", ""bio"": """", ""profileImage"": """", ""profileImageOptimized"": """", ""transactionHash"": ""0x0c34ce29981fd9e0eef3b8156db364d4ca0a52d819942260b51012e22713eee0""}"
1770966045,2026-02-14T01:56:27.085161,0xfd626a697210a91718df0f7f3ef28ee7e9217819109f4b9f7942c92f44c932b0:1770966045,572473,5031084282167950494806674428243037744881029417420880897305642929037077494331,BUY,0.045,130.0,5.85,0xfd626a697210a91718df0f7f3ef28ee7e9217819109f4b9f7942c92f44c932b0,"{""proxyWallet"": ""0x3dd9c297fac1a72bab39708f08dad87a1168bec5"", ""side"": ""BUY"", ""asset"": ""5031084282167950494806674428243037744881029417420880897305642929037077494331"", ""conditionId"": ""0x46d40e851b24d9b0af4bc1942ccd86439cae82a9011767da14950df0ad997adf"", ""size"": 130, ""price"": 0.045, ""timestamp"": 1770966045, ""title"": ""Will Trump nominate Judy Shelton as the next Fed chair?"", ""slug"": ""will-trump-nominate-judy-shelton-as-the-next-fed-chair"", ""icon"": ""https://polymarket-upload.s3.us-east-2.amazonaws.com/judy-shelton-15c5dd306b.png"", ""eventSlug"": ""who-will-trump-nominate-as-fed-chair"", ""outcome"": ""Yes"", ""outcomeIndex"": 0, ""name"": ""nynte"", ""pseudonym"": ""Used-Platform"", ""bio"": """", ""profileImage"": """", ""profileImageOptimized"": """", ""transactionHash"": ""0xfd626a697210a91718df0f7f3ef28ee7e9217819109f4b9f7942c92f44c932b0""}"
1770965941,2026-02-14T01:56:27.085196,0x13ea3ed13d9cb258e00d994a553b6c84ca17c2126c2c876ee0025537be9033e5:1770965941,572473,5031084282167950494806674428243037744881029417420880897305642929037077494331,BUY,0.045,7000.0,315.0,0x13ea3ed13d9cb258e00d994a553b6c84ca17c2126c2c876ee0025537be9033e5,"{""proxyWallet"": ""0x7c397fa759f27e7d2dbdb455903511c8ea5af064"", ""side"": ""BUY"", ""asset"": ""5031084282167950494806674428243037744881029417420880897305642929037077494331"", ""conditionId"": ""0x46d40e851b24d9b0af4bc1942ccd86439cae82a9011767da14950df0ad997adf"", ""size"": 7000, ""price"": 0.045, ""timestamp"": 1770965941, ""title"": ""Will Trump nominate Judy Shelton as the next Fed chair?"", ""slug"": ""will-trump-nominate-judy-shelton-as-the-next-fed-chair"", ""icon"": ""https://polymarket-upload.s3.us-east-2.amazonaws.com/judy-shelton-15c5dd306b.png"", ""eventSlug"": ""who-will-trump-nominate-as-fed-chair"", ""outcome"": ""Yes"", ""outcomeIndex"": 0, ""name"": ""0x7c397Fa759f27E7d2dBDb455903511c8Ea5aF064-1764890207869"", ""pseudonym"": ""Admired-Pyramid"", ""bio"": """", ""profileImage"": """", ""profileImageOptimized"": """", ""transactionHash"": ""0x13ea3ed13d9cb258e00d994a553b6c84ca17c2126c2c876ee0025537be9033e5""}"
1770965937,2026-02-14T01:56:27.085230,0x92bd110676edb5773b48d4406db0b908391b348af7967022034c37ddd9076424:1770965937,572473,5031084282167950494806674428243037744881029417420880897305642929037077494331,SELL,0.043,10.0,0.42999999999999994,0x92bd110676edb5773b48d4406db0b908391b348af7967022034c37ddd9076424,"{""proxyWallet"": ""0xb004497aeb5038588682e0cf786ee139d1770393"", ""side"": ""SELL"", ""asset"": ""5031084282167950494806674428243037744881029417420880897305642929037077494331"", ""conditionId"": ""0x46d40e851b24d9b0af4bc1942ccd86439cae82a9011767da14950df0ad997adf"", ""size"": 10, ""price"": 0.043, ""timestamp"": 1770965937, ""title"": ""Will Trump nominate Judy Shelton as the next Fed chair?"", ""slug"": ""will-trump-nominate-judy-shelton-as-the-next-fed-chair"", ""icon"": ""https://polymarket-upload.s3.us-east-2.amazonaws.com/judy-shelton-15c5dd306b.png"", ""eventSlug"": ""who-will-trump-nominate-as-fed-chair"", ""outcome"": ""Yes"", ""outcomeIndex"": 0, ""name"": ""elasticsserdel"", ""pseudonym"": ""Far-Philosopher"", ""bio"": """", ""profileImage"": """", ""profileImageOptimized"": """", ""transactionHash"": ""0x92bd110676edb5773b48d4406db0b908391b348af7967022034c37ddd9076424""}"
1770965911,2026-02-14T01:56:27.085259,0xabf5a424d2765b8eb35dab2a94dc6afe50474984c8eb69fdfa49e0aa44f1b292:1770965911,572473,5031084282167950494806674428243037744881029417420880897305642929037077494331,SELL,0.043,10.0,0.42999999999999994,0xabf5a424d2765b8eb35dab2a94dc6afe50474984c8eb69fdfa49e0aa44f1b292,"{""proxyWallet"": ""0xb004497aeb5038588682e0cf786ee139d1770393"", ""side"": ""SELL"", ""asset"": ""5031084282167950494806674428243037744881029417420880897305642929037077494331"", ""conditionId"": ""0x46d40e851b24d9b0af4bc1942ccd86439cae82a9011767da14950df0ad997adf"", ""size"": 10, ""price"": 0.043, ""timestamp"": 1770965911, ""title"": ""Will Trump nominate Judy Shelton as the next Fed chair?"", ""slug"": ""will-trump-nominate-judy-shelton-as-the-next-fed-chair"", ""icon"": ""https://polymarket-upload.s3.us-east-2.amazonaws.com/judy-shelton-15c5dd306b.png"", ""eventSlug"": ""who-will-trump-nominate-as-fed-chair"", ""outcome"": ""Yes"", ""outcomeIndex"": 0, ""name"": ""elasticsserdel"", ""pseudonym"": ""Far-Philosopher"", ""bio"": """", ""profileImage"": """", ""profileImageOptimized"": """", ""transactionHash"": ""0xabf5a424d2765b8eb35dab2a94dc6afe50474984c8eb69fdfa49e0aa44f1b292""}"
1770965891,2026-02-14T01:56:27.085291,0x763c4efe9ad959e03507b195bace86c4413b0e4afd5d8e52386a10c13831dc3d:1770965891,572473,5031084282167950494806674428243037744881029417420880897305642929037077494331,BUY,0.045,10.0,0.44999999999999996,0x763c4efe9ad959e03507b195bace86c4413b0e4afd5d8e52386a10c13831dc3d,"{""proxyWallet"": ""0xb004497aeb5038588682e0cf786ee139d1770393"", ""side"": ""BUY"", ""asset"": ""5031084282167950494806674428243037744881029417420880897305642929037077494331"", ""conditionId"": ""0x46d40e851b24d9b0af4bc1942ccd86439cae82a9011767da14950df0ad997adf"", ""size"": 10, ""price"": 0.045, ""timestamp"": 1770965891, ""title"": ""Will Trump nominate Judy Shelton as the next Fed chair?"", ""slug"": ""will-trump-nominate-judy-shelton-as-the-next-fed-chair"", ""icon"": ""https://polymarket-upload.s3.us-east-2.amazonaws.com/judy-shelton-15c5dd306b.png"", ""eventSlug"": ""who-will-trump-nominate-as-fed-chair"", ""outcome"": ""Yes"", ""outcomeIndex"": 0, ""name"": ""elasticsserdel"", ""pseudonym"": ""Far-Philosopher"", ""bio"": """", ""profileImage"": """", ""profileImageOptimized"": """", ""transactionHash"": ""0x763c4efe9ad959e03507b195bace86c4413b0e4afd5d8e52386a10c13831dc3d""}"
1770965869,2026-02-14T01:56:27.085321,0x28842e3a84327437b3f5ff897ff165a9c2f4f88d88dcda3511696b69d869a6b5:1770965869,572473,5031084282167950494806674428243037744881029417420880897305642929037077494331,BUY,0.044,5987.29,263.44075999999995,0x28842e3a84327437b3f5ff897ff165a9c2f4f88d88dcda3511696b69d869a6b5,"{""proxyWallet"": ""0x7c397fa759f27e7d2dbdb455903511c8ea5af064"", ""side"": ""BUY"", ""asset"": ""5031084282167950494806674428243037744881029417420880897305642929037077494331"", ""conditionId"": ""0x46d40e851b24d9b0af4bc1942ccd86439cae82a9011767da14950df0ad997adf"", ""size"": 5987.29, ""price"": 0.044, ""timestamp"": 1770965869, ""title"": ""Will Trump nominate Judy Shelton as the next Fed chair?"", ""slug"": ""will-trump-nominate-judy-shelton-as-the-next-fed-chair"", ""icon"": ""https://polymarket-upload.s3.us-east-2.amazonaws.com/judy-shelton-15c5dd306b.png"", ""eventSlug"": ""who-will-trump-nominate-as-fed-chair"", ""outcome"": ""Yes"", ""outcomeIndex"": 0, ""name"": ""0x7c397Fa759f27E7d2dBDb455903511c8Ea5aF064-1764890207869"", ""pseudonym"": ""Admired-Pyramid"", ""bio"": """", ""profileImage"": """", ""profileImageOptimized"": """", ""transactionHash"": ""0x28842e3a84327437b3f5ff897ff165a9c2f4f88d88dcda3511696b69d869a6b5""}"
1770965861,2026-02-14T01:56:27.085350,0x61ad8341dae3e7736a277e15f2e5a7572b14d73740b7ed0009c4b2ae8f4283dc:1770965861,572473,5031084282167950494806674428243037744881029417420880897305642929037077494331,BUY,0.043999997949599995,454.545453,19.999999000000003,0x61ad8341dae3e7736a277e15f2e5a7572b14d73740b7ed0009c4b2ae8f4283dc,"{""proxyWallet"": ""0xdb5aad7470f72ea7f93d078b8387d00561c7ff7b"", ""side"": ""BUY"", ""asset"": ""5031084282167950494806674428243037744881029417420880897305642929037077494331"", ""conditionId"": ""0x46d40e851b24d9b0af4bc1942ccd86439cae82a9011767da14950df0ad997adf"", ""size"": 454.545453, ""price"": 0.043999997949599995, ""timestamp"": 1770965861, ""title"": ""Will Trump nominate Judy Shelton as the next Fed chair?"", ""slug"": ""will-trump-nominate-judy-shelton-as-the-next-fed-chair"", ""icon"": ""https://polymarket-upload.s3.us-east-2.amazonaws.com/judy-shelton-15c5dd306b.png"", ""eventSlug"": ""who-will-trump-nominate-as-fed-chair"", ""outcome"": ""Yes"", ""outcomeIndex"": 0, ""name"": ""mrfresh"", ""pseudonym"": ""Milky-Ounce"", ""bio"": """", ""profileImage"": """", ""profileImageOptimized"": """", ""transactionHash"": ""0x61ad8341dae3e7736a277e15f2e5a7572b14d73740b7ed0009c4b2ae8f4283dc""}"
1770965665,2026-02-14T01:56:27.879433,0xf4fe17a3b06ac81dce4cab6dd7e6e36103fe8ab2a17f7fb2818291ae4b54695b:1770965665,572473,5031084282167950494806674428243037744881029417420880897305642929037077494331,BUY,0.044,110.0,4.84,0xf4fe17a3b06ac81dce4cab6dd7e6e36103fe8ab2a17f7fb2818291ae4b54695b,"{""proxyWallet"": ""0x44890b3e65e1774f7cf1d1433e3d803ea97d0c4a"", ""side"": ""BUY"", ""asset"": ""5031084282167950494806674428243037744881029417420880897305642929037077494331"", ""conditionId"": ""0x46d40e851b24d9b0af4bc1942ccd86439cae82a9011767da14950df0ad997adf"", ""size"": 110, ""price"": 0.044, ""timestamp"": 1770965665, ""title"": ""Will Trump nominate Judy Shelton as the next Fed chair?"", ""slug"": ""will-trump-nominate-judy-shelton-as-the-next-fed-chair"", ""icon"": ""https://polymarket-upload.s3.us-east-2.amazonaws.com/judy-shelton-15c5dd306b.png"", ""eventSlug"": ""who-will-trump-nominate-as-fed-chair"", ""outcome"": ""Yes"", ""outcomeIndex"": 0, ""name"": ""brrbsd1"", ""pseudonym"": ""Gripping-Plight"", ""bio"": """", ""profileImage"": """", ""profileImageOptimized"": """", ""transactionHash"": ""0xf4fe17a3b06ac81dce4cab6dd7e6e36103fe8ab2a17f7fb2818291ae4b54695b""}"
1770965561,2026-02-14T01:56:27.879514,0x324c4aa05a6e5977df286f1792c7c19af2703588f3ff3553bd539f4c93094292:1770965561,572473,5031084282167950494806674428243037744881029417420880897305642929037077494331,BUY,0.044,25.0,1.0999999999999999,0x324c4aa05a6e5977df286f1792c7c19af2703588f3ff3553bd539f4c93094292,"{""proxyWallet"": ""0x71d854219492ed5b7ca266dba99ed677d9cb3102"", ""side"": ""BUY"", ""asset"": ""5031084282167950494806674428243037744881029417420880897305642929037077494331"", ""conditionId"": ""0x46d40e851b24d9b0af4bc1942ccd86439cae82a9011767da14950df0ad997adf"", ""size"": 25, ""price"": 0.044, ""timestamp"": 1770965561, ""title"": ""Will Trump nominate Judy Shelton as the next Fed chair?"", ""slug"": ""will-trump-nominate-judy-shelton-as-the-next-fed-chair"", ""icon"": ""https://polymarket-upload.s3.us-east-2.amazonaws.com/judy-shelton-15c5dd306b.png"", ""eventSlug"": ""who-will-trump-nominate-as-fed-chair"", ""outcome"": ""Yes"", ""outcomeIndex"": 0, ""name"": """", ""pseudonym"": """", ""bio"": """", ""profileImage"": """", ""profileImageOptimized"": """", ""transactionHash"": ""0x324c4aa05a6e5977df286f1792c7c19af2703588f3ff3553bd539f4c93094292""}"
1770965559,2026-02-14T01:56:27.879537,0x5deb88dd06421f8535080e8d403f94b7fec0364acae5df46bc47be2c408c556c:1770965559,572473,5031084282167950494806674428243037744881029417420880897305642929037077494331,BUY,0.044,100.0,4.3999999999999995,0x5deb88dd06421f8535080e8d403f94b7fec0364acae5df46bc47be2c408c556c,"{""proxyWallet"": ""0xca8f0374e3fc79b485499cc0b038d4f7e783d963"", ""side"": ""BUY"", ""asset"": ""5031084282167950494806674428243037744881029417420880897305642929037077494331"", ""conditionId"": ""0x46d40e851b24d9b0af4bc1942ccd86439cae82a9011767da14950df0ad997adf"", ""size"": 100, ""price"": 0.044, ""timestamp"": 1770965559, ""title"": ""Will Trump nominate Judy Shelton as the next Fed chair?"", ""slug"": ""will-trump-nominate-judy-shelton-as-the-next-fed-chair"", ""icon"": ""https://polymarket-upload.s3.us-east-2.amazonaws.com/judy-shelton-15c5dd306b.png"", ""eventSlug"": ""who-will-trump-nominate-as-fed-chair"", ""outcome"": ""Yes"", ""outcomeIndex"": 0, ""name"": ""ScottVan"", ""pseudonym"": ""Quirky-Jackfruit"", ""bio"": ""Xiao hong shu: Scott Van"", ""profileImage"": ""https://polymarket-upload.s3.us-east-2.amazonaws.com/pexels_mnannapaneni_28891953_0d0aab77-e6a2-4288-9554-65e8d94404dc_1734553189528.jpg"", ""profileImageOptimized"": """", ""transactionHash"": ""0x5deb88dd06421f8535080e8d403f94b7fec0364acae5df46bc47be2c408c556c""}"
1770965481,2026-02-14T01:56:27.879559,0xba309e2f55d02603d58e9d981e60b0845b042bfaec2426ebb0926494eac06f29:1770965481,572473,5031084282167950494806674428243037744881029417420880897305642929037077494331,BUY,0.04499996174999774,24.444443,1.099999,0xba309e2f55d02603d58e9d981e60b0845b042bfaec2426ebb0926494eac06f29,"{""proxyWallet"": ""0x71d854219492ed5b7ca266dba99ed677d9cb3102"", ""side"": ""BUY"", ""asset"": ""5031084282167950494806674428243037744881029417420880897305642929037077494331"", ""conditionId"": ""0x46d40e851b24d9b0af4bc1942ccd86439cae82a9011767da14950df0ad997adf"", ""size"": 24.444443, ""price"": 0.04499996174999774, ""timestamp"": 1770965481, ""title"": ""Will Trump nominate Judy Shelton as the next Fed chair?"", ""slug"": ""will-trump-nominate-judy-shelton-as-the-next-fed-chair"", ""icon"": ""https://polymarket-upload.s3.us-east-2.amazonaws.com/judy-shelton-15c5dd306b.png"", ""eventSlug"": ""who-will-trump-nominate-as-fed-chair"", ""outcome"": ""Yes"", ""outcomeIndex"": 0, ""name"": """", ""pseudonym"": """", ""bio"": """", ""profileImage"": """", ""profileImageOptimized"": """", ""transactionHash"": ""0xba309e2f55d02603d58e9d981e60b0845b042bfaec2426ebb0926494eac06f29""}"
1770965437,2026-02-14T01:56:27.879579,0xbb4f9a1b228f970ce51e969939b7ce8606dc8dc14dc04aaaec7a1bc6496310e5:1770965437,572473,5031084282167950494806674428243037744881029417420880897305642929037077494331,BUY,0.045,340.0,15.299999999999999,0xbb4f9a1b228f970ce51e969939b7ce8606dc8dc14dc04aaaec7a1bc6496310e5,"{""proxyWallet"": ""0x4d5a380308d0da300dddfcf8ebb608a80df1702c"", ""side"": ""BUY"", ""asset"": ""5031084282167950494806674428243037744881029417420880897305642929037077494331"", ""conditionId"": ""0x46d40e851b24d9b0af4bc1942ccd86439cae82a9011767da14950df0ad997adf"", ""size"": 340, ""price"": 0.045, ""timestamp"": 1770965437, ""title"": ""Will Trump nominate Judy Shelton as the next Fed chair?"", ""slug"": ""will-trump-nominate-judy-shelton-as-the-next-fed-chair"", ""icon"": ""https://polymarket-upload.s3.us-east-2.amazonaws.com/judy-shelton-15c5dd306b.png"", ""eventSlug"": ""who-will-trump-nominate-as-fed-chair"", ""outcome"": ""Yes"", ""outcomeIndex"": 0, ""name"": ""jogo2foot"", ""pseudonym"": ""Mortified-Orient"", ""bio"": """", ""profileImage"": ""https://polymarket-upload.s3.us-east-2.amazonaws.com/profile-image-4091984-d58912e9-6905-4f6b-8f5c-98324001b2dd.jpg"", ""profileImageOptimized"": """", ""transactionHash"": ""0xbb4f9a1b228f970ce51e969939b7ce8606dc8dc14dc04aaaec7a1bc6496310e5""}"
1770965425,2026-02-14T01:56:27.879597,0x5dbe20f8d6f8344551fb292ea68dd140dbf909212ed766cf81de6eef774fa946:1770965425,572473,5031084282167950494806674428243037744881029417420880897305642929037077494331,BUY,0.045,40.0,1.7999999999999998,0x5dbe20f8d6f8344551fb292ea68dd140dbf909212ed766cf81de6eef774fa946,"{""proxyWallet"": ""0x7013450618fdb0a58887e6c5553fe818ccd48bfa"", ""side"": ""BUY"", ""asset"": ""5031084282167950494806674428243037744881029417420880897305642929037077494331"", ""conditionId"": ""0x46d40e851b24d9b0af4bc1942ccd86439cae82a9011767da14950df0ad997adf"", ""size"": 40, ""price"": 0.045, ""timestamp"": 1770965425, ""title"": ""Will Trump nominate Judy Shelton as the next Fed chair?"", ""slug"": ""will-trump-nominate-judy-shelton-as-the-next-fed-chair"", ""icon"": ""https://polymarket-upload.s3.us-east-2.amazonaws.com/judy-shelton-15c5dd306b.png"", ""eventSlug"": ""who-will-trump-nominate-as-fed-chair"", ""outcome"": ""Yes"", ""outcomeIndex"": 0, ""name"": ""cwe1143"", ""pseudonym"": ""Optimistic-Principal"", ""bio"": """", ""profileImage"": """", ""profileImageOptimized"": """", ""transactionHash"": ""0x5dbe20f8d6f8344551fb292ea68dd140dbf909212ed766cf81de6eef774fa946""}"
1770965321,2026-02-14T01:56:27.879615,0xaef65c52a1585dcd5cde76da8f07c335f924e751bb947c52e3bf9a9ec58cbb0a:1770965321,572473,5031084282167950494806674428243037744881029417420880897305642929037077494331,BUY,0.045,50.0,2.25,0xaef65c52a1585dcd5cde76da8f07c335f924e751bb947c52e3bf9a9ec58cbb0a,"{""proxyWallet"": ""0x85b5c551ac64c83cbf5ffe08642d2f225569145d"", ""side"": ""BUY"", ""asset"": ""5031084282167950494806674428243037744881029417420880897305642929037077494331"", ""conditionId"": ""0x46d40e851b24d9b0af4bc1942ccd86439cae82a9011767da14950df0ad997adf"", ""size"": 50, ""price"": 0.045, ""timestamp"": 1770965321, ""title"": ""Will Trump nominate Judy Shelton as the next Fed chair?"", ""slug"": ""will-trump-nominate-judy-shelton-as-the-next-fed-chair"", ""icon"": ""https://polymarket-upload.s3.us-east-2.amazonaws.com/judy-shelton-15c5dd306b.png"", ""eventSlug"": ""who-will-trump-nominate-as-fed-chair"", ""outcome"": ""Yes"", ""outcomeIndex"": 0, ""name"": ""brrbe18832"", ""pseudonym"": ""Yummy-Freighter"", ""bio"": """", ""profileImage"": """", ""profileImageOptimized"": """", ""transactionHash"": ""0xaef65c52a1585dcd5cde76da8f07c335f924e751bb947c52e3bf9a9ec58cbb0a""}"
1770965119,2026-02-14T01:56:27.879634,0x899bdca4d6d706b752dc55ff9baae754616e1118d649fecd278c1e6fa4a10320:1770965119,572473,5031084282167950494806674428243037744881029417420880897305642929037077494331,BUY,0.044923028825111275,13089.05511,588.0,0x899bdca4d6d706b752dc55ff9baae754616e1118d649fecd278c1e6fa4a10320,"{""proxyWallet"": ""0x851b5cd08e8d37c62a9bd24db89ed4f43eecbb3e"", ""side"": ""BUY"", ""asset"": ""5031084282167950494806674428243037744881029417420880897305642929037077494331"", ""conditionId"": ""0x46d40e851b24d9b0af4bc1942ccd86439cae82a9011767da14950df0ad997adf"", ""size"": 13089.05511, ""price"": 0.044923028825111275, ""timestamp"": 1770965119, ""title"": ""Will Trump nominate Judy Shelton as the next Fed chair?"", ""slug"": ""will-trump-nominate-judy-shelton-as-the-next-fed-chair"", ""icon"": ""https://polymarket-upload.s3.us-east-2.amazonaws.com/judy-shelton-15c5dd306b.png"", ""eventSlug"": ""who-will-trump-nominate-as-fed-chair"", ""outcome"": ""Yes"", ""outcomeIndex"": 0, ""name"": ""Xarak"", ""pseudonym"": ""Intrepid-Clinic"", ""bio"": """", ""profileImage"": """", ""profileImageOptimized"": """", ""transactionHash"": ""0x899bdca4d6d706b752dc55ff9baae754616e1118d649fecd278c1e6fa4a10320""}"
1770965045,2026-02-14T01:56:27.879657,0x51bcf4cd0623dfcc7d18c18a9dbf7c7ddd502f585ab3d4c29ae866af17a79223:1770965045,572473,5031084282167950494806674428243037744881029417420880897305642929037077494331,SELL,0.043,1508.0,64.844,0x51bcf4cd0623dfcc7d18c18a9dbf7c7ddd502f585ab3d4c29ae866af17a79223,"{""proxyWallet"": ""0x0ea6e87a23d432380e7af784f72c29a6aa46f94e"", ""side"": ""SELL"", ""asset"": ""5031084282167950494806674428243037744881029417420880897305642929037077494331"", ""conditionId"": ""0x46d40e851b24d9b0af4bc1942ccd86439cae82a9011767da14950df0ad997adf"", ""size"": 1508, ""price"": 0.043, ""timestamp"": 1770965045, ""title"": ""Will Trump nominate Judy Shelton as the next Fed chair?"", ""slug"": ""will-trump-nominate-judy-shelton-as-the-next-fed-chair"", ""icon"": ""https://polymarket-upload.s3.us-east-2.amazonaws.com/judy-shelton-15c5dd306b.png"", ""eventSlug"": ""who-will-trump-nominate-as-fed-chair"", ""outcome"": ""Yes"", ""outcomeIndex"": 0, ""name"": """", ""pseudonym"": """", ""bio"": """", ""profileImage"": """", ""profileImageOptimized"": """", ""transactionHash"": ""0x51bcf4cd0623dfcc7d18c18a9dbf7c7ddd502f585ab3d4c29ae866af17a79223""}"
1770964983,2026-02-14T01:56:27.879677,0x1b06a96b00b9119f7cac8c6f7e5f8b39a2e27f8ac5a41c28833037d93dc23d66:1770964983,572473,5031084282167950494806674428243037744881029417420880897305642929037077494331,BUY,0.044,5.0,0.21999999999999997,0x1b06a96b00b9119f7cac8c6f7e5f8b39a2e27f8ac5a41c28833037d93dc23d66,"{""proxyWallet"": ""0xb6be04ecf043f6b1bd84e7457069a424fe7db7e5"", ""side"": ""BUY"", ""asset"": ""5031084282167950494806674428243037744881029417420880897305642929037077494331"", ""conditionId"": ""0x46d40e851b24d9b0af4bc1942ccd86439cae82a9011767da14950df0ad997adf"", ""size"": 5, ""price"": 0.044, ""timestamp"": 1770964983, ""title"": ""Will Trump nominate Judy Shelton as the next Fed chair?"", ""slug"": ""will-trump-nominate-judy-shelton-as-the-next-fed-chair"", ""icon"": ""https://polymarket-upload.s3.us-east-2.amazonaws.com/judy-shelton-15c5dd306b.png"", ""eventSlug"": ""who-will-trump-nominate-as-fed-chair"", ""outcome"": ""Yes"", ""outcomeIndex"": 0, ""name"": ""letstrythis89"", ""pseudonym"": ""Nonstop-First"", ""bio"": """", ""profileImage"": """", ""profileImageOptimized"": """", ""transactionHash"": ""0x1b06a96b00b9119f7cac8c6f7e5f8b39a2e27f8ac5a41c28833037d93dc23d66""}"
1770964983,2026-02-14T01:56:27.879692,0xab2031d9dfc1b049ba1914b70a005479a4af4d4dce2d28fbc04ddfdcb98561c4:1770964983,572473,5031084282167950494806674428243037744881029417420880897305642929037077494331,BUY,0.044,5.0,0.21999999999999997,0xab2031d9dfc1b049ba1914b70a005479a4af4d4dce2d28fbc04ddfdcb98561c4,"{""proxyWallet"": ""0xb6be04ecf043f6b1bd84e7457069a424fe7db7e5"", ""side"": ""BUY"", ""asset"": ""5031084282167950494806674428243037744881029417420880897305642929037077494331"", ""conditionId"": ""0x46d40e851b24d9b0af4bc1942ccd86439cae82a9011767da14950df0ad997adf"", ""size"": 5, ""price"": 0.044, ""timestamp"": 1770964983, ""title"": ""Will Trump nominate Judy Shelton as the next Fed chair?"", ""slug"": ""will-trump-nominate-judy-shelton-as-the-next-fed-chair"", ""icon"": ""https://polymarket-upload.s3.us-east-2.amazonaws.com/judy-shelton-15c5dd306b.png"", ""eventSlug"": ""who-will-trump-nominate-as-fed-chair"", ""outcome"": ""Yes"", ""outcomeIndex"": 0, ""name"": ""letstrythis89"", ""pseudonym"": ""Nonstop-First"", ""bio"": """", ""profileImage"": """", ""profileImageOptimized"": """", ""transactionHash"": ""0xab2031d9dfc1b049ba1914b70a005479a4af4d4dce2d28fbc04ddfdcb98561c4""}"
1770964983,2026-02-14T01:56:27.879719,0x3ec7b3d8be5d969fff3082a18943b677ca3b176443ebb9e5416d21c6179ce524:1770964983,572473,5031084282167950494806674428243037744881029417420880897305642929037077494331,BUY,0.044,5.0,0.21999999999999997,0x3ec7b3d8be5d969fff3082a18943b677ca3b176443ebb9e5416d21c6179ce524,"{""proxyWallet"": ""0xb6be04ecf043f6b1bd84e7457069a424fe7db7e5"", ""side"": ""BUY"", ""asset"": ""5031084282167950494806674428243037744881029417420880897305642929037077494331"", ""conditionId"": ""0x46d40e851b24d9b0af4bc1942ccd86439cae82a9011767da14950df0ad997adf"", ""size"": 5, ""price"": 0.044, ""timestamp"": 1770964983, ""title"": ""Will Trump nominate Judy Shelton as the next Fed chair?"", ""slug"": ""will-trump-nominate-judy-shelton-as-the-next-fed-chair"", ""icon"": ""https://polymarket-upload.s3.us-east-2.amazonaws.com/judy-shelton-15c5dd306b.png"", ""eventSlug"": ""who-will-trump-nominate-as-fed-chair"", ""outcome"": ""Yes"", ""outcomeIndex"": 0, ""name"": ""letstrythis89"", ""pseudonym"": ""Nonstop-First"", ""bio"": """", ""profileImage"": """", ""profileImageOptimized"": """", ""transactionHash"": ""0x3ec7b3d8be5d969fff3082a18943b677ca3b176443ebb9e5416d21c6179ce524""}"
1770964973,2026-02-14T01:56:27.879735,0xc314f82f56b85ec1be311ee133a5b1eb2d7ff92ebc9675218851de420972b40e:1770964973,572473,5031084282167950494806674428243037744881029417420880897305642929037077494331,BUY,0.044,5.0,0.21999999999999997,0xc314f82f56b85ec1be311ee133a5b1eb2d7ff92ebc9675218851de420972b40e,"{""proxyWallet"": ""0xb6be04ecf043f6b1bd84e7457069a424fe7db7e5"", ""side"": ""BUY"", ""asset"": ""5031084282167950494806674428243037744881029417420880897305642929037077494331"", ""conditionId"": ""0x46d40e851b24d9b0af4bc1942ccd86439cae82a9011767da14950df0ad997adf"", ""size"": 5, ""price"": 0.044, ""timestamp"": 1770964973, ""title"": ""Will Trump nominate Judy Shelton as the next Fed chair?"", ""slug"": ""will-trump-nominate-judy-shelton-as-the-next-fed-chair"", ""icon"": ""https://polymarket-upload.s3.us-east-2.amazonaws.com/judy-shelton-15c5dd306b.png"", ""eventSlug"": ""who-will-trump-nominate-as-fed-chair"", ""outcome"": ""Yes"", ""outcomeIndex"": 0, ""name"": ""letstrythis89"", ""pseudonym"": ""Nonstop-First"", ""bio"": """", ""profileImage"": """", ""profileImageOptimized"": """", ""transactionHash"": ""0xc314f82f56b85ec1be311ee133a5b1eb2d7ff92ebc9675218851de420972b40e""}"
1770964971,2026-02-14T01:56:27.879753,0xf62e28e72c7cceab851ef6a351ca2e7af81e7236fa09c113491cf889c0a0a131:1770964971,572473,5031084282167950494806674428243037744881029417420880897305642929037077494331,BUY,0.044,5.0,0.21999999999999997,0xf62e28e72c7cceab851ef6a351ca2e7af81e7236fa09c113491cf889c0a0a131,"{""proxyWallet"": ""0xb6be04ecf043f6b1bd84e7457069a424fe7db7e5"", ""side"": ""BUY"", ""asset"": ""5031084282167950494806674428243037744881029417420880897305642929037077494331"", ""conditionId"": ""0x46d40e851b24d9b0af4bc1942ccd86439cae82a9011767da14950df0ad997adf"", ""size"": 5, ""price"": 0.044, ""timestamp"": 1770964971, ""title"": ""Will Trump nominate Judy Shelton as the next Fed chair?"", ""slug"": ""will-trump-nominate-judy-shelton-as-the-next-fed-chair"", ""icon"": ""https://polymarket-upload.s3.us-east-2.amazonaws.com/judy-shelton-15c5dd306b.png"", ""eventSlug"": ""who-will-trump-nominate-as-fed-chair"", ""outcome"": ""Yes"", ""outcomeIndex"": 0, ""name"": ""letstrythis89"", ""pseudonym"": ""Nonstop-First"", ""bio"": """", ""profileImage"": """", ""profileImageOptimized"": """", ""transactionHash"": ""0xf62e28e72c7cceab851ef6a351ca2e7af81e7236fa09c113491cf889c0a0a131""}"
1770964971,2026-02-14T01:56:27.879772,0xc15d8397974fa88ebd0aa9f1e24969541c610ace11e73a91e72b596afe69eed3:1770964971,572473,5031084282167950494806674428243037744881029417420880897305642929037077494331,BUY,0.044,5.0,0.21999999999999997,0xc15d8397974fa88ebd0aa9f1e24969541c610ace11e73a91e72b596afe69eed3,"{""proxyWallet"": ""0xb6be04ecf043f6b1bd84e7457069a424fe7db7e5"", ""side"": ""BUY"", ""asset"": ""5031084282167950494806674428243037744881029417420880897305642929037077494331"", ""conditionId"": ""0x46d40e851b24d9b0af4bc1942ccd86439cae82a9011767da14950df0ad997adf"", ""size"": 5, ""price"": 0.044, ""timestamp"": 1770964971, ""title"": ""Will Trump nominate Judy Shelton as the next Fed chair?"", ""slug"": ""will-trump-nominate-judy-shelton-as-the-next-fed-chair"", ""icon"": ""https://polymarket-upload.s3.us-east-2.amazonaws.com/judy-shelton-15c5dd306b.png"", ""eventSlug"": ""who-will-trump-nominate-as-fed-chair"", ""outcome"": ""Yes"", ""outcomeIndex"": 0, ""name"": ""letstrythis89"", ""pseudonym"": ""Nonstop-First"", ""bio"": """", ""profileImage"": """", ""profileImageOptimized"": """", ""transactionHash"": ""0xc15d8397974fa88ebd0aa9f1e24969541c610ace11e73a91e72b596afe69eed3""}"
1770964963,2026-02-14T01:56:27.879788,0x14fb8b9dfb88f86454c4e8ede63ce9837e6ffefdc88d732921a5363ced8f2646:1770964963,572473,5031084282167950494806674428243037744881029417420880897305642929037077494331,BUY,0.044,5.0,0.21999999999999997,0x14fb8b9dfb88f86454c4e8ede63ce9837e6ffefdc88d732921a5363ced8f2646,"{""proxyWallet"": ""0xb6be04ecf043f6b1bd84e7457069a424fe7db7e5"", ""side"": ""BUY"", ""asset"": ""5031084282167950494806674428243037744881029417420880897305642929037077494331"", ""conditionId"": ""0x46d40e851b24d9b0af4bc1942ccd86439cae82a9011767da14950df0ad997adf"", ""size"": 5, ""price"": 0.044, ""timestamp"": 1770964963, ""title"": ""Will Trump nominate Judy Shelton as the next Fed chair?"", ""slug"": ""will-trump-nominate-judy-shelton-as-the-next-fed-chair"", ""icon"": ""https://polymarket-upload.s3.us-east-2.amazonaws.com/judy-shelton-15c5dd306b.png"", ""eventSlug"": ""who-will-trump-nominate-as-fed-chair"", ""outcome"": ""Yes"", ""outcomeIndex"": 0, ""name"": ""letstrythis89"", ""pseudonym"": ""Nonstop-First"", ""bio"": """", ""profileImage"": """", ""profileImageOptimized"": """", ""transactionHash"": ""0x14fb8b9dfb88f86454c4e8ede63ce9837e6ffefdc88d732921a5363ced8f2646""}"
1770964963,2026-02-14T01:56:27.879803,0x82ec9f5bf501ae53f69c00594654e49db43bdf197bf826b6b9a6261932e9f483:1770964963,572473,5031084282167950494806674428243037744881029417420880897305642929037077494331,BUY,0.044,5.0,0.21999999999999997,0x82ec9f5bf501ae53f69c00594654e49db43bdf197bf826b6b9a6261932e9f483,"{""proxyWallet"": ""0xb6be04ecf043f6b1bd84e7457069a424fe7db7e5"", ""side"": ""BUY"", ""asset"": ""5031084282167950494806674428243037744881029417420880897305642929037077494331"", ""conditionId"": ""0x46d40e851b24d9b0af4bc1942ccd86439cae82a9011767da14950df0ad997adf"", ""size"": 5, ""price"": 0.044, ""timestamp"": 1770964963, ""title"": ""Will Trump nominate Judy Shelton as the next Fed chair?"", ""slug"": ""will-trump-nominate-judy-shelton-as-the-next-fed-chair"", ""icon"": ""https://polymarket-upload.s3.us-east-2.amazonaws.com/judy-shelton-15c5dd306b.png"", ""eventSlug"": ""who-will-trump-nominate-as-fed-chair"", ""outcome"": ""Yes"", ""outcomeIndex"": 0, ""name"": ""letstrythis89"", ""pseudonym"": ""Nonstop-First"", ""bio"": """", ""profileImage"": """", ""profileImageOptimized"": """", ""transactionHash"": ""0x82ec9f5bf501ae53f69c00594654e49db43bdf197bf826b6b9a6261932e9f483""}"
1770964961,2026-02-14T01:56:27.879817,0xe3988f902f1a544535dc7f47cad2f3fcf25a1249fcae1de8ac91754000e379d8:1770964961,572473,5031084282167950494806674428243037744881029417420880897305642929037077494331,BUY,0.044,5.0,0.21999999999999997,0xe3988f902f1a544535dc7f47cad2f3fcf25a1249fcae1de8ac91754000e379d8,"{""proxyWallet"": ""0xb6be04ecf043f6b1bd84e7457069a424fe7db7e5"", ""side"": ""BUY"", ""asset"": ""5031084282167950494806674428243037744881029417420880897305642929037077494331"", ""conditionId"": ""0x46d40e851b24d9b0af4bc1942ccd86439cae82a9011767da14950df0ad997adf"", ""size"": 5, ""price"": 0.044, ""timestamp"": 1770964961, ""title"": ""Will Trump nominate Judy Shelton as the next Fed chair?"", ""slug"": ""will-trump-nominate-judy-shelton-as-the-next-fed-chair"", ""icon"": ""https://polymarket-upload.s3.us-east-2.amazonaws.com/judy-shelton-15c5dd306b.png"", ""eventSlug"": ""who-will-trump-nominate-as-fed-chair"", ""outcome"": ""Yes"", ""outcomeIndex"": 0, ""name"": ""letstrythis89"", ""pseudonym"": ""Nonstop-First"", ""bio"": """", ""profileImage"": """", ""profileImageOptimized"": """", ""transactionHash"": ""0xe3988f902f1a544535dc7f47cad2f3fcf25a1249fcae1de8ac91754000e379d8""}"
1770964953,2026-02-14T01:56:27.879832,0x21767e2c17b6845672c25829ef8d286ce824e75d594d125e45210477dcc4fc1f:1770964953,572473,5031084282167950494806674428243037744881029417420880897305642929037077494331,BUY,0.044,5.29,0.23276,0x21767e2c17b6845672c25829ef8d286ce824e75d594d125e45210477dcc4fc1f,"{""proxyWallet"": ""0xb6be04ecf043f6b1bd84e7457069a424fe7db7e5"", ""side"": ""BUY"", ""asset"": ""5031084282167950494806674428243037744881029417420880897305642929037077494331"", ""conditionId"": ""0x46d40e851b24d9b0af4bc1942ccd86439cae82a9011767da14950df0ad997adf"", ""size"": 5.29, ""price"": 0.044, ""timestamp"": 1770964953, ""title"": ""Will Trump nominate Judy Shelton as the next Fed chair?"", ""slug"": ""will-trump-nominate-judy-shelton-as-the-next-fed-chair"", ""icon"": ""https://polymarket-upload.s3.us-east-2.amazonaws.com/judy-shelton-15c5dd306b.png"", ""eventSlug"": ""who-will-trump-nominate-as-fed-chair"", ""outcome"": ""Yes"", ""outcomeIndex"": 0, ""name"": ""letstrythis89"", ""pseudonym"": ""Nonstop-First"", ""bio"": """", ""profileImage"": """", ""profileImageOptimized"": """", ""transactionHash"": ""0x21767e2c17b6845672c25829ef8d286ce824e75d594d125e45210477dcc4fc1f""}"
1770964951,2026-02-14T01:56:27.879847,0x164ed7debdbebb994d5af4b360d6bdf6e9dc0d9b730c548f1cdf93715fca87b2:1770964951,572473,5031084282167950494806674428243037744881029417420880897305642929037077494331,BUY,0.044,5.29,0.23276,0x164ed7debdbebb994d5af4b360d6bdf6e9dc0d9b730c548f1cdf93715fca87b2,"{""proxyWallet"": ""0xb6be04ecf043f6b1bd84e7457069a424fe7db7e5"", ""side"": ""BUY"", ""asset"": ""5031084282167950494806674428243037744881029417420880897305642929037077494331"", ""conditionId"": ""0x46d40e851b24d9b0af4bc1942ccd86439cae82a9011767da14950df0ad997adf"", ""size"": 5.29, ""price"": 0.044, ""timestamp"": 1770964951, ""title"": ""Will Trump nominate Judy Shelton as the next Fed chair?"", ""slug"": ""will-trump-nominate-judy-shelton-as-the-next-fed-chair"", ""icon"": ""https://polymarket-upload.s3.us-east-2.amazonaws.com/judy-shelton-15c5dd306b.png"", ""eventSlug"": ""who-will-trump-nominate-as-fed-chair"", ""outcome"": ""Yes"", ""outcomeIndex"": 0, ""name"": ""letstrythis89"", ""pseudonym"": ""Nonstop-First"", ""bio"": """", ""profileImage"": """", ""profileImageOptimized"": """", ""transactionHash"": ""0x164ed7debdbebb994d5af4b360d6bdf6e9dc0d9b730c548f1cdf93715fca87b2""}"
1770964951,2026-02-14T01:56:27.879862,0x2ec93721c0ae140f763d2302a5ada3f257e7a6372a4ba1dd95a708ceeb5eae67:1770964951,572473,5031084282167950494806674428243037744881029417420880897305642929037077494331,BUY,0.044,5.29,0.23276,0x2ec93721c0ae140f763d2302a5ada3f257e7a6372a4ba1dd95a708ceeb5eae67,"{""proxyWallet"": ""0xb6be04ecf043f6b1bd84e7457069a424fe7db7e5"", ""side"": ""BUY"", ""asset"": ""5031084282167950494806674428243037744881029417420880897305642929037077494331"", ""conditionId"": ""0x46d40e851b24d9b0af4bc1942ccd86439cae82a9011767da14950df0ad997adf"", ""size"": 5.29, ""price"": 0.044, ""timestamp"": 1770964951, ""title"": ""Will Trump nominate Judy Shelton as the next Fed chair?"", ""slug"": ""will-trump-nominate-judy-shelton-as-the-next-fed-chair"", ""icon"": ""https://polymarket-upload.s3.us-east-2.amazonaws.com/judy-shelton-15c5dd306b.png"", ""eventSlug"": ""who-will-trump-nominate-as-fed-chair"", ""outcome"": ""Yes"", ""outcomeIndex"": 0, ""name"": ""letstrythis89"", ""pseudonym"": ""Nonstop-First"", ""bio"": """", ""profileImage"": """", ""profileImageOptimized"": """", ""transactionHash"": ""0x2ec93721c0ae140f763d2302a5ada3f257e7a6372a4ba1dd95a708ceeb5eae67""}"
1770964943,2026-02-14T01:56:27.879879,0x22f1ba71c870e8735a2cede46dbfde204f07a279051be158b1d44ea3d04f81a2:1770964943,572473,5031084282167950494806674428243037744881029417420880897305642929037077494331,BUY,0.044,50.0,2.1999999999999997,0x22f1ba71c870e8735a2cede46dbfde204f07a279051be158b1d44ea3d04f81a2,"{""proxyWallet"": ""0x44890b3e65e1774f7cf1d1433e3d803ea97d0c4a"", ""side"": ""BUY"", ""asset"": ""5031084282167950494806674428243037744881029417420880897305642929037077494331"", ""conditionId"": ""0x46d40e851b24d9b0af4bc1942ccd86439cae82a9011767da14950df0ad997adf"", ""size"": 50, ""price"": 0.044, ""timestamp"": 1770964943, ""title"": ""Will Trump nominate Judy Shelton as the next Fed chair?"", ""slug"": ""will-trump-nominate-judy-shelton-as-the-next-fed-chair"", ""icon"": ""https://polymarket-upload.s3.us-east-2.amazonaws.com/judy-shelton-15c5dd306b.png"", ""eventSlug"": ""who-will-trump-nominate-as-fed-chair"", ""outcome"": ""Yes"", ""outcomeIndex"": 0, ""name"": ""brrbsd1"", ""pseudonym"": ""Gripping-Plight"", ""bio"": """", ""profileImage"": """", ""profileImageOptimized"": """", ""transactionHash"": ""0x22f1ba71c870e8735a2cede46dbfde204f07a279051be158b1d44ea3d04f81a2""}"
1770964943,2026-02-14T01:56:27.879894,0x56b296605f5450d5af7a398cec7fd4353fcb9784357da087d225be9a9fb5360f:1770964943,572473,5031084282167950494806674428243037744881029417420880897305642929037077494331,BUY,0.044,7.56,0.33264,0x56b296605f5450d5af7a398cec7fd4353fcb9784357da087d225be9a9fb5360f,"{""proxyWallet"": ""0xb6be04ecf043f6b1bd84e7457069a424fe7db7e5"", ""side"": ""BUY"", ""asset"": ""5031084282167950494806674428243037744881029417420880897305642929037077494331"", ""conditionId"": ""0x46d40e851b24d9b0af4bc1942ccd86439cae82a9011767da14950df0ad997adf"", ""size"": 7.56, ""price"": 0.044, ""timestamp"": 1770964943, ""title"": ""Will Trump nominate Judy Shelton as the next Fed chair?"", ""slug"": ""will-trump-nominate-judy-shelton-as-the-next-fed-chair"", ""icon"": ""https://polymarket-upload.s3.us-east-2.amazonaws.com/judy-shelton-15c5dd306b.png"", ""eventSlug"": ""who-will-trump-nominate-as-fed-chair"", ""outcome"": ""Yes"", ""outcomeIndex"": 0, ""name"": ""letstrythis89"", ""pseudonym"": ""Nonstop-First"", ""bio"": """", ""profileImage"": """", ""profileImageOptimized"": """", ""transactionHash"": ""0x56b296605f5450d5af7a398cec7fd4353fcb9784357da087d225be9a9fb5360f""}"
1770964941,2026-02-14T01:56:27.879909,0xfe1c698af75298539e19d2a631ceb04043334c9f7547c48a7617548418d8eb7c:1770964941,572473,5031084282167950494806674428243037744881029417420880897305642929037077494331,BUY,0.044,7.56,0.33264,0xfe1c698af75298539e19d2a631ceb04043334c9f7547c48a7617548418d8eb7c,"{""proxyWallet"": ""0xb6be04ecf043f6b1bd84e7457069a424fe7db7e5"", ""side"": ""BUY"", ""asset"": ""5031084282167950494806674428243037744881029417420880897305642929037077494331"", ""conditionId"": ""0x46d40e851b24d9b0af4bc1942ccd86439cae82a9011767da14950df0ad997adf"", ""size"": 7.56, ""price"": 0.044, ""timestamp"": 1770964941, ""title"": ""Will Trump nominate Judy Shelton as the next Fed chair?"", ""slug"": ""will-trump-nominate-judy-shelton-as-the-next-fed-chair"", ""icon"": ""https://polymarket-upload.s3.us-east-2.amazonaws.com/judy-shelton-15c5dd306b.png"", ""eventSlug"": ""who-will-trump-nominate-as-fed-chair"", ""outcome"": ""Yes"", ""outcomeIndex"": 0, ""name"": ""letstrythis89"", ""pseudonym"": ""Nonstop-First"", ""bio"": """", ""profileImage"": """", ""profileImageOptimized"": """", ""transactionHash"": ""0xfe1c698af75298539e19d2a631ceb04043334c9f7547c48a7617548418d8eb7c""}"
1770964941,2026-02-14T01:56:27.879924,0x3a2444d7b7db29a60e3a3f5b81cb9c1c64717fd7628f44eeb5b755785ec2bf8c:1770964941,572473,5031084282167950494806674428243037744881029417420880897305642929037077494331,BUY,0.044,7.56,0.33264,0x3a2444d7b7db29a60e3a3f5b81cb9c1c64717fd7628f44eeb5b755785ec2bf8c,"{""proxyWallet"": ""0xb6be04ecf043f6b1bd84e7457069a424fe7db7e5"", ""side"": ""BUY"", ""asset"": ""5031084282167950494806674428243037744881029417420880897305642929037077494331"", ""conditionId"": ""0x46d40e851b24d9b0af4bc1942ccd86439cae82a9011767da14950df0ad997adf"", ""size"": 7.56, ""price"": 0.044, ""timestamp"": 1770964941, ""title"": ""Will Trump nominate Judy Shelton as the next Fed chair?"", ""slug"": ""will-trump-nominate-judy-shelton-as-the-next-fed-chair"", ""icon"": ""https://polymarket-upload.s3.us-east-2.amazonaws.com/judy-shelton-15c5dd306b.png"", ""eventSlug"": ""who-will-trump-nominate-as-fed-chair"", ""outcome"": ""Yes"", ""outcomeIndex"": 0, ""name"": ""letstrythis89"", ""pseudonym"": ""Nonstop-First"", ""bio"": """", ""profileImage"": """", ""profileImageOptimized"": """", ""transactionHash"": ""0x3a2444d7b7db29a60e3a3f5b81cb9c1c64717fd7628f44eeb5b755785ec2bf8c""}"
1770964933,2026-02-14T01:56:27.879939,0xe77696a4b9044fbb160e4447be0f4207824f0b855cd361354cdecc68d8d1d448:1770964933,572473,5031084282167950494806674428243037744881029417420880897305642929037077494331,BUY,0.044,10.81,0.47564,0xe77696a4b9044fbb160e4447be0f4207824f0b855cd361354cdecc68d8d1d448,"{""proxyWallet"": ""0xb6be04ecf043f6b1bd84e7457069a424fe7db7e5"", ""side"": ""BUY"", ""asset"": ""5031084282167950494806674428243037744881029417420880897305642929037077494331"", ""conditionId"": ""0x46d40e851b24d9b0af4bc1942ccd86439cae82a9011767da14950df0ad997adf"", ""size"": 10.81, ""price"": 0.044, ""timestamp"": 1770964933, ""title"": ""Will Trump nominate Judy Shelton as the next Fed chair?"", ""slug"": ""will-trump-nominate-judy-shelton-as-the-next-fed-chair"", ""icon"": ""https://polymarket-upload.s3.us-east-2.amazonaws.com/judy-shelton-15c5dd306b.png"", ""eventSlug"": ""who-will-trump-nominate-as-fed-chair"", ""outcome"": ""Yes"", ""outcomeIndex"": 0, ""name"": ""letstrythis89"", ""pseudonym"": ""Nonstop-First"", ""bio"": """", ""profileImage"": """", ""profileImageOptimized"": """", ""transactionHash"": ""0xe77696a4b9044fbb160e4447be0f4207824f0b855cd361354cdecc68d8d1d448""}"
1770964933,2026-02-14T01:56:27.879954,0x647c3df2010019b70f0180fa08fc44893f4bba7cff339693075802abb994aad4:1770964933,572473,5031084282167950494806674428243037744881029417420880897305642929037077494331,BUY,0.044,10.81,0.47564,0x647c3df2010019b70f0180fa08fc44893f4bba7cff339693075802abb994aad4,"{""proxyWallet"": ""0xb6be04ecf043f6b1bd84e7457069a424fe7db7e5"", ""side"": ""BUY"", ""asset"": ""5031084282167950494806674428243037744881029417420880897305642929037077494331"", ""conditionId"": ""0x46d40e851b24d9b0af4bc1942ccd86439cae82a9011767da14950df0ad997adf"", ""size"": 10.81, ""price"": 0.044, ""timestamp"": 1770964933, ""title"": ""Will Trump nominate Judy Shelton as the next Fed chair?"", ""slug"": ""will-trump-nominate-judy-shelton-as-the-next-fed-chair"", ""icon"": ""https://polymarket-upload.s3.us-east-2.amazonaws.com/judy-shelton-15c5dd306b.png"", ""eventSlug"": ""who-will-trump-nominate-as-fed-chair"", ""outcome"": ""Yes"", ""outcomeIndex"": 0, ""name"": ""letstrythis89"", ""pseudonym"": ""Nonstop-First"", ""bio"": """", ""profileImage"": """", ""profileImageOptimized"": """", ""transactionHash"": ""0x647c3df2010019b70f0180fa08fc44893f4bba7cff339693075802abb994aad4""}"
1770964933,2026-02-14T01:56:27.879974,0x6138bda978d3b8619bbd84c6f31e0d2df34968d707a4a9ddba201f9bd8b963de:1770964933,572473,5031084282167950494806674428243037744881029417420880897305642929037077494331,BUY,0.044,10.81,0.47564,0x6138bda978d3b8619bbd84c6f31e0d2df34968d707a4a9ddba201f9bd8b963de,"{""proxyWallet"": ""0xb6be04ecf043f6b1bd84e7457069a424fe7db7e5"", ""side"": ""BUY"", ""asset"": ""5031084282167950494806674428243037744881029417420880897305642929037077494331"", ""conditionId"": ""0x46d40e851b24d9b0af4bc1942ccd86439cae82a9011767da14950df0ad997adf"", ""size"": 10.81, ""price"": 0.044, ""timestamp"": 1770964933, ""title"": ""Will Trump nominate Judy Shelton as the next Fed chair?"", ""slug"": ""will-trump-nominate-judy-shelton-as-the-next-fed-chair"", ""icon"": ""https://polymarket-upload.s3.us-east-2.amazonaws.com/judy-shelton-15c5dd306b.png"", ""eventSlug"": ""who-will-trump-nominate-as-fed-chair"", ""outcome"": ""Yes"", ""outcomeIndex"": 0, ""name"": ""letstrythis89"", ""pseudonym"": ""Nonstop-First"", ""bio"": """", ""profileImage"": """", ""profileImageOptimized"": """", ""transactionHash"": ""0x6138bda978d3b8619bbd84c6f31e0d2df34968d707a4a9ddba201f9bd8b963de""}"
1770964923,2026-02-14T01:56:27.879991,0x86fae4f1442133e3bd6d11b9f27f000818fefcfdb90613b43a8bb44a81c6a046:1770964923,572473,5031084282167950494806674428243037744881029417420880897305642929037077494331,BUY,0.044,15.43,0.67892,0x86fae4f1442133e3bd6d11b9f27f000818fefcfdb90613b43a8bb44a81c6a046,"{""proxyWallet"": ""0xb6be04ecf043f6b1bd84e7457069a424fe7db7e5"", ""side"": ""BUY"", ""asset"": ""5031084282167950494806674428243037744881029417420880897305642929037077494331"", ""conditionId"": ""0x46d40e851b24d9b0af4bc1942ccd86439cae82a9011767da14950df0ad997adf"", ""size"": 15.43, ""price"": 0.044, ""timestamp"": 1770964923, ""title"": ""Will Trump nominate Judy Shelton as the next Fed chair?"", ""slug"": ""will-trump-nominate-judy-shelton-as-the-next-fed-chair"", ""icon"": ""https://polymarket-upload.s3.us-east-2.amazonaws.com/judy-shelton-15c5dd306b.png"", ""eventSlug"": ""who-will-trump-nominate-as-fed-chair"", ""outcome"": ""Yes"", ""outcomeIndex"": 0, ""name"": ""letstrythis89"", ""pseudonym"": ""Nonstop-First"", ""bio"": """", ""profileImage"": """", ""profileImageOptimized"": """", ""transactionHash"": ""0x86fae4f1442133e3bd6d11b9f27f000818fefcfdb90613b43a8bb44a81c6a046""}"
1770964923,2026-02-14T01:56:27.880006,0x8d4744ebb0f66395d9d5f21dd4dc03082b23c505561511113f93c573b287eea0:1770964923,572473,5031084282167950494806674428243037744881029417420880897305642929037077494331,BUY,0.044,15.43,0.67892,0x8d4744ebb0f66395d9d5f21dd4dc03082b23c505561511113f93c573b287eea0,"{""proxyWallet"": ""0xb6be04ecf043f6b1bd84e7457069a424fe7db7e5"", ""side"": ""BUY"", ""asset"": ""5031084282167950494806674428243037744881029417420880897305642929037077494331"", ""conditionId"": ""0x46d40e851b24d9b0af4bc1942ccd86439cae82a9011767da14950df0ad997adf"", ""size"": 15.43, ""price"": 0.044, ""timestamp"": 1770964923, ""title"": ""Will Trump nominate Judy Shelton as the next Fed chair?"", ""slug"": ""will-trump-nominate-judy-shelton-as-the-next-fed-chair"", ""icon"": ""https://polymarket-upload.s3.us-east-2.amazonaws.com/judy-shelton-15c5dd306b.png"", ""eventSlug"": ""who-will-trump-nominate-as-fed-chair"", ""outcome"": ""Yes"", ""outcomeIndex"": 0, ""name"": ""letstrythis89"", ""pseudonym"": ""Nonstop-First"", ""bio"": """", ""profileImage"": """", ""profileImageOptimized"": """", ""transactionHash"": ""0x8d4744ebb0f66395d9d5f21dd4dc03082b23c505561511113f93c573b287eea0""}"
1770964921,2026-02-14T01:56:27.880021,0x5880ec545d07fff5c358c7a7c54b0b9f1fa4c562ba45cac92eeebc0f5e75bb20:1770964921,572473,5031084282167950494806674428243037744881029417420880897305642929037077494331,BUY,0.044,15.43,0.67892,0x5880ec545d07fff5c358c7a7c54b0b9f1fa4c562ba45cac92eeebc0f5e75bb20,"{""proxyWallet"": ""0xb6be04ecf043f6b1bd84e7457069a424fe7db7e5"", ""side"": ""BUY"", ""asset"": ""5031084282167950494806674428243037744881029417420880897305642929037077494331"", ""conditionId"": ""0x46d40e851b24d9b0af4bc1942ccd86439cae82a9011767da14950df0ad997adf"", ""size"": 15.43, ""price"": 0.044, ""timestamp"": 1770964921, ""title"": ""Will Trump nominate Judy Shelton as the next Fed chair?"", ""slug"": ""will-trump-nominate-judy-shelton-as-the-next-fed-chair"", ""icon"": ""https://polymarket-upload.s3.us-east-2.amazonaws.com/judy-shelton-15c5dd306b.png"", ""eventSlug"": ""who-will-trump-nominate-as-fed-chair"", ""outcome"": ""Yes"", ""outcomeIndex"": 0, ""name"": ""letstrythis89"", ""pseudonym"": ""Nonstop-First"", ""bio"": """", ""profileImage"": """", ""profileImageOptimized"": """", ""transactionHash"": ""0x5880ec545d07fff5c358c7a7c54b0b9f1fa4c562ba45cac92eeebc0f5e75bb20""}"
1770964913,2026-02-14T01:56:27.880037,0x3fca1ed2d0e1d3995da45a20a7c3cef9c6c5e2e100936484a4616cf7bfc2349f:1770964913,572473,5031084282167950494806674428243037744881029417420880897305642929037077494331,BUY,0.044,22.05,0.9702,0x3fca1ed2d0e1d3995da45a20a7c3cef9c6c5e2e100936484a4616cf7bfc2349f,"{""proxyWallet"": ""0xb6be04ecf043f6b1bd84e7457069a424fe7db7e5"", ""side"": ""BUY"", ""asset"": ""5031084282167950494806674428243037744881029417420880897305642929037077494331"", ""conditionId"": ""0x46d40e851b24d9b0af4bc1942ccd86439cae82a9011767da14950df0ad997adf"", ""size"": 22.05, ""price"": 0.044, ""timestamp"": 1770964913, ""title"": ""Will Trump nominate Judy Shelton as the next Fed chair?"", ""slug"": ""will-trump-nominate-judy-shelton-as-the-next-fed-chair"", ""icon"": ""https://polymarket-upload.s3.us-east-2.amazonaws.com/judy-shelton-15c5dd306b.png"", ""eventSlug"": ""who-will-trump-nominate-as-fed-chair"", ""outcome"": ""Yes"", ""outcomeIndex"": 0, ""name"": ""letstrythis89"", ""pseudonym"": ""Nonstop-First"", ""bio"": """", ""profileImage"": """", ""profileImageOptimized"": """", ""transactionHash"": ""0x3fca1ed2d0e1d3995da45a20a7c3cef9c6c5e2e100936484a4616cf7bfc2349f""}"
1770964911,2026-02-14T01:56:27.880052,0x2b6ddcf065aed33d88d59bb2eeafcd4c08059c406f6ea58e2f611ffe8e587f55:1770964911,572473,5031084282167950494806674428243037744881029417420880897305642929037077494331,BUY,0.044,22.05,0.9702,0x2b6ddcf065aed33d88d59bb2eeafcd4c08059c406f6ea58e2f611ffe8e587f55,"{""proxyWallet"": ""0xb6be04ecf043f6b1bd84e7457069a424fe7db7e5"", ""side"": ""BUY"", ""asset"": ""5031084282167950494806674428243037744881029417420880897305642929037077494331"", ""conditionId"": ""0x46d40e851b24d9b0af4bc1942ccd86439cae82a9011767da14950df0ad997adf"", ""size"": 22.05, ""price"": 0.044, ""timestamp"": 1770964911, ""title"": ""Will Trump nominate Judy Shelton as the next Fed chair?"", ""slug"": ""will-trump-nominate-judy-shelton-as-the-next-fed-chair"", ""icon"": ""https://polymarket-upload.s3.us-east-2.amazonaws.com/judy-shelton-15c5dd306b.png"", ""eventSlug"": ""who-will-trump-nominate-as-fed-chair"", ""outcome"": ""Yes"", ""outcomeIndex"": 0, ""name"": ""letstrythis89"", ""pseudonym"": ""Nonstop-First"", ""bio"": """", ""profileImage"": """", ""profileImageOptimized"": """", ""transactionHash"": ""0x2b6ddcf065aed33d88d59bb2eeafcd4c08059c406f6ea58e2f611ffe8e587f55""}"
1770964911,2026-02-14T01:56:27.880068,0x0f384b793aedf0622e68cea520d5c66b33af53a8988cc3256183d5798ca3ebc2:1770964911,572473,5031084282167950494806674428243037744881029417420880897305642929037077494331,BUY,0.044,22.05,0.9702,0x0f384b793aedf0622e68cea520d5c66b33af53a8988cc3256183d5798ca3ebc2,"{""proxyWallet"": ""0xb6be04ecf043f6b1bd84e7457069a424fe7db7e5"", ""side"": ""BUY"", ""asset"": ""5031084282167950494806674428243037744881029417420880897305642929037077494331"", ""conditionId"": ""0x46d40e851b24d9b0af4bc1942ccd86439cae82a9011767da14950df0ad997adf"", ""size"": 22.05, ""price"": 0.044, ""timestamp"": 1770964911, ""title"": ""Will Trump nominate Judy Shelton as the next Fed chair?"", ""slug"": ""will-trump-nominate-judy-shelton-as-the-next-fed-chair"", ""icon"": ""https://polymarket-upload.s3.us-east-2.amazonaws.com/judy-shelton-15c5dd306b.png"", ""eventSlug"": ""who-will-trump-nominate-as-fed-chair"", ""outcome"": ""Yes"", ""outcomeIndex"": 0, ""name"": ""letstrythis89"", ""pseudonym"": ""Nonstop-First"", ""bio"": """", ""profileImage"": """", ""profileImageOptimized"": """", ""transactionHash"": ""0x0f384b793aedf0622e68cea520d5c66b33af53a8988cc3256183d5798ca3ebc2""}"
1770964903,2026-02-14T01:56:27.880084,0xc718019d5f5a45c0e65f6549d9bcd164c67ffd2bc59d4939dd568c0b2c486913:1770964903,572473,5031084282167950494806674428243037744881029417420880897305642929037077494331,BUY,0.044,31.5,1.386,0xc718019d5f5a45c0e65f6549d9bcd164c67ffd2bc59d4939dd568c0b2c486913,"{""proxyWallet"": ""0xb6be04ecf043f6b1bd84e7457069a424fe7db7e5"", ""side"": ""BUY"", ""asset"": ""5031084282167950494806674428243037744881029417420880897305642929037077494331"", ""conditionId"": ""0x46d40e851b24d9b0af4bc1942ccd86439cae82a9011767da14950df0ad997adf"", ""size"": 31.5, ""price"": 0.044, ""timestamp"": 1770964903, ""title"": ""Will Trump nominate Judy Shelton as the next Fed chair?"", ""slug"": ""will-trump-nominate-judy-shelton-as-the-next-fed-chair"", ""icon"": ""https://polymarket-upload.s3.us-east-2.amazonaws.com/judy-shelton-15c5dd306b.png"", ""eventSlug"": ""who-will-trump-nominate-as-fed-chair"", ""outcome"": ""Yes"", ""outcomeIndex"": 0, ""name"": ""letstrythis89"", ""pseudonym"": ""Nonstop-First"", ""bio"": """", ""profileImage"": """", ""profileImageOptimized"": """", ""transactionHash"": ""0xc718019d5f5a45c0e65f6549d9bcd164c67ffd2bc59d4939dd568c0b2c486913""}"
1770964901,2026-02-14T01:56:27.880099,0x4c4807a05231ff2649d0ac57dd809bb601eec24d934b154a6203f4065370aa87:1770964901,572473,5031084282167950494806674428243037744881029417420880897305642929037077494331,BUY,0.044,31.5,1.386,0x4c4807a05231ff2649d0ac57dd809bb601eec24d934b154a6203f4065370aa87,"{""proxyWallet"": ""0xb6be04ecf043f6b1bd84e7457069a424fe7db7e5"", ""side"": ""BUY"", ""asset"": ""5031084282167950494806674428243037744881029417420880897305642929037077494331"", ""conditionId"": ""0x46d40e851b24d9b0af4bc1942ccd86439cae82a9011767da14950df0ad997adf"", ""size"": 31.5, ""price"": 0.044, ""timestamp"": 1770964901, ""title"": ""Will Trump nominate Judy Shelton as the next Fed chair?"", ""slug"": ""will-trump-nominate-judy-shelton-as-the-next-fed-chair"", ""icon"": ""https://polymarket-upload.s3.us-east-2.amazonaws.com/judy-shelton-15c5dd306b.png"", ""eventSlug"": ""who-will-trump-nominate-as-fed-chair"", ""outcome"": ""Yes"", ""outcomeIndex"": 0, ""name"": ""letstrythis89"", ""pseudonym"": ""Nonstop-First"", ""bio"": """", ""profileImage"": """", ""profileImageOptimized"": """", ""transactionHash"": ""0x4c4807a05231ff2649d0ac57dd809bb601eec24d934b154a6203f4065370aa87""}"
1770964901,2026-02-14T01:56:27.880115,0x169460b41815ef1c7cf8047f6afc4988f99a85e0001f027857cd5fb8204230b0:1770964901,572473,5031084282167950494806674428243037744881029417420880897305642929037077494331,BUY,0.044,31.5,1.386,0x169460b41815ef1c7cf8047f6afc4988f99a85e0001f027857cd5fb8204230b0,"{""proxyWallet"": ""0xb6be04ecf043f6b1bd84e7457069a424fe7db7e5"", ""side"": ""BUY"", ""asset"": ""5031084282167950494806674428243037744881029417420880897305642929037077494331"", ""conditionId"": ""0x46d40e851b24d9b0af4bc1942ccd86439cae82a9011767da14950df0ad997adf"", ""size"": 31.5, ""price"": 0.044, ""timestamp"": 1770964901, ""title"": ""Will Trump nominate Judy Shelton as the next Fed chair?"", ""slug"": ""will-trump-nominate-judy-shelton-as-the-next-fed-chair"", ""icon"": ""https://polymarket-upload.s3.us-east-2.amazonaws.com/judy-shelton-15c5dd306b.png"", ""eventSlug"": ""who-will-trump-nominate-as-fed-chair"", ""outcome"": ""Yes"", ""outcomeIndex"": 0, ""name"": ""letstrythis89"", ""pseudonym"": ""Nonstop-First"", ""bio"": """", ""profileImage"": """", ""profileImageOptimized"": """", ""transactionHash"": ""0x169460b41815ef1c7cf8047f6afc4988f99a85e0001f027857cd5fb8204230b0""}"
1770964891,2026-02-14T01:56:27.880129,0xd1cff888104337ed8e9c42763f60abd185ba6afcf09adb98e312130a82f5ca81:1770964891,572473,5031084282167950494806674428243037744881029417420880897305642929037077494331,BUY,0.045,45.0,2.025,0xd1cff888104337ed8e9c42763f60abd185ba6afcf09adb98e312130a82f5ca81,"{""proxyWallet"": ""0xb6be04ecf043f6b1bd84e7457069a424fe7db7e5"", ""side"": ""BUY"", ""asset"": ""5031084282167950494806674428243037744881029417420880897305642929037077494331"", ""conditionId"": ""0x46d40e851b24d9b0af4bc1942ccd86439cae82a9011767da14950df0ad997adf"", ""size"": 45, ""price"": 0.045, ""timestamp"": 1770964891, ""title"": ""Will Trump nominate Judy Shelton as the next Fed chair?"", ""slug"": ""will-trump-nominate-judy-shelton-as-the-next-fed-chair"", ""icon"": ""https://polymarket-upload.s3.us-east-2.amazonaws.com/judy-shelton-15c5dd306b.png"", ""eventSlug"": ""who-will-trump-nominate-as-fed-chair"", ""outcome"": ""Yes"", ""outcomeIndex"": 0, ""name"": ""letstrythis89"", ""pseudonym"": ""Nonstop-First"", ""bio"": """", ""profileImage"": """", ""profileImageOptimized"": """", ""transactionHash"": ""0xd1cff888104337ed8e9c42763f60abd185ba6afcf09adb98e312130a82f5ca81""}"
1770964891,2026-02-14T01:56:27.880146,0x234f930b18d0ec748762841f2449b4175999acde4988a576f2eed7cc086453d1:1770964891,572473,5031084282167950494806674428243037744881029417420880897305642929037077494331,BUY,0.045,45.0,2.025,0x234f930b18d0ec748762841f2449b4175999acde4988a576f2eed7cc086453d1,"{""proxyWallet"": ""0xb6be04ecf043f6b1bd84e7457069a424fe7db7e5"", ""side"": ""BUY"", ""asset"": ""5031084282167950494806674428243037744881029417420880897305642929037077494331"", ""conditionId"": ""0x46d40e851b24d9b0af4bc1942ccd86439cae82a9011767da14950df0ad997adf"", ""size"": 45, ""price"": 0.045, ""timestamp"": 1770964891, ""title"": ""Will Trump nominate Judy Shelton as the next Fed chair?"", ""slug"": ""will-trump-nominate-judy-shelton-as-the-next-fed-chair"", ""icon"": ""https://polymarket-upload.s3.us-east-2.amazonaws.com/judy-shelton-15c5dd306b.png"", ""eventSlug"": ""who-will-trump-nominate-as-fed-chair"", ""outcome"": ""Yes"", ""outcomeIndex"": 0, ""name"": ""letstrythis89"", ""pseudonym"": ""Nonstop-First"", ""bio"": """", ""profileImage"": """", ""profileImageOptimized"": """", ""transactionHash"": ""0x234f930b18d0ec748762841f2449b4175999acde4988a576f2eed7cc086453d1""}"
1770964891,2026-02-14T01:56:27.880161,0x245f06a26752a4c8637cfa486ae267e42545bcfbadf235eedefdb558b18a3a93:1770964891,572473,5031084282167950494806674428243037744881029417420880897305642929037077494331,BUY,0.045,45.0,2.025,0x245f06a26752a4c8637cfa486ae267e42545bcfbadf235eedefdb558b18a3a93,"{""proxyWallet"": ""0xb6be04ecf043f6b1bd84e7457069a424fe7db7e5"", ""side"": ""BUY"", ""asset"": ""5031084282167950494806674428243037744881029417420880897305642929037077494331"", ""conditionId"": ""0x46d40e851b24d9b0af4bc1942ccd86439cae82a9011767da14950df0ad997adf"", ""size"": 45, ""price"": 0.045, ""timestamp"": 1770964891, ""title"": ""Will Trump nominate Judy Shelton as the next Fed chair?"", ""slug"": ""will-trump-nominate-judy-shelton-as-the-next-fed-chair"", ""icon"": ""https://polymarket-upload.s3.us-east-2.amazonaws.com/judy-shelton-15c5dd306b.png"", ""eventSlug"": ""who-will-trump-nominate-as-fed-chair"", ""outcome"": ""Yes"", ""outcomeIndex"": 0, ""name"": ""letstrythis89"", ""pseudonym"": ""Nonstop-First"", ""bio"": """", ""profileImage"": """", ""profileImageOptimized"": """", ""transactionHash"": ""0x245f06a26752a4c8637cfa486ae267e42545bcfbadf235eedefdb558b18a3a93""}"
1770964883,2026-02-14T01:56:27.880177,0xf862aca5da3b7eaf65b5395503d66680347f62679a4793ec9a7a596f00d859b5:1770964883,572473,5031084282167950494806674428243037744881029417420880897305642929037077494331,BUY,0.045,50.0,2.25,0xf862aca5da3b7eaf65b5395503d66680347f62679a4793ec9a7a596f00d859b5,"{""proxyWallet"": ""0xb6be04ecf043f6b1bd84e7457069a424fe7db7e5"", ""side"": ""BUY"", ""asset"": ""5031084282167950494806674428243037744881029417420880897305642929037077494331"", ""conditionId"": ""0x46d40e851b24d9b0af4bc1942ccd86439cae82a9011767da14950df0ad997adf"", ""size"": 50, ""price"": 0.045, ""timestamp"": 1770964883, ""title"": ""Will Trump nominate Judy Shelton as the next Fed chair?"", ""slug"": ""will-trump-nominate-judy-shelton-as-the-next-fed-chair"", ""icon"": ""https://polymarket-upload.s3.us-east-2.amazonaws.com/judy-shelton-15c5dd306b.png"", ""eventSlug"": ""who-will-trump-nominate-as-fed-chair"", ""outcome"": ""Yes"", ""outcomeIndex"": 0, ""name"": ""letstrythis89"", ""pseudonym"": ""Nonstop-First"", ""bio"": """", ""profileImage"": """", ""profileImageOptimized"": """", ""transactionHash"": ""0xf862aca5da3b7eaf65b5395503d66680347f62679a4793ec9a7a596f00d859b5""}"
1770964881,2026-02-14T01:56:27.880192,0xeb8c68677bca3992dab807251dbca1bcca47f7dde710d838bfd156c339744cb9:1770964881,572473,5031084282167950494806674428243037744881029417420880897305642929037077494331,BUY,0.045,50.0,2.25,0xeb8c68677bca3992dab807251dbca1bcca47f7dde710d838bfd156c339744cb9,"{""proxyWallet"": ""0xb6be04ecf043f6b1bd84e7457069a424fe7db7e5"", ""side"": ""BUY"", ""asset"": ""5031084282167950494806674428243037744881029417420880897305642929037077494331"", ""conditionId"": ""0x46d40e851b24d9b0af4bc1942ccd86439cae82a9011767da14950df0ad997adf"", ""size"": 50, ""price"": 0.045, ""timestamp"": 1770964881, ""title"": ""Will Trump nominate Judy Shelton as the next Fed chair?"", ""slug"": ""will-trump-nominate-judy-shelton-as-the-next-fed-chair"", ""icon"": ""https://polymarket-upload.s3.us-east-2.amazonaws.com/judy-shelton-15c5dd306b.png"", ""eventSlug"": ""who-will-trump-nominate-as-fed-chair"", ""outcome"": ""Yes"", ""outcomeIndex"": 0, ""name"": ""letstrythis89"", ""pseudonym"": ""Nonstop-First"", ""bio"": """", ""profileImage"": """", ""profileImageOptimized"": """", ""transactionHash"": ""0xeb8c68677bca3992dab807251dbca1bcca47f7dde710d838bfd156c339744cb9""}"
1770964881,2026-02-14T01:56:27.880207,0x16ec4ec6ebaabdf6885fd14e55f49073ac13f7a4f6d0dc61a09e18d492e61689:1770964881,572473,5031084282167950494806674428243037744881029417420880897305642929037077494331,BUY,0.045,50.0,2.25,0x16ec4ec6ebaabdf6885fd14e55f49073ac13f7a4f6d0dc61a09e18d492e61689,"{""proxyWallet"": ""0xb6be04ecf043f6b1bd84e7457069a424fe7db7e5"", ""side"": ""BUY"", ""asset"": ""5031084282167950494806674428243037744881029417420880897305642929037077494331"", ""conditionId"": ""0x46d40e851b24d9b0af4bc1942ccd86439cae82a9011767da14950df0ad997adf"", ""size"": 50, ""price"": 0.045, ""timestamp"": 1770964881, ""title"": ""Will Trump nominate Judy Shelton as the next Fed chair?"", ""slug"": ""will-trump-nominate-judy-shelton-as-the-next-fed-chair"", ""icon"": ""https://polymarket-upload.s3.us-east-2.amazonaws.com/judy-shelton-15c5dd306b.png"", ""eventSlug"": ""who-will-trump-nominate-as-fed-chair"", ""outcome"": ""Yes"", ""outcomeIndex"": 0, ""name"": ""letstrythis89"", ""pseudonym"": ""Nonstop-First"", ""bio"": """", ""profileImage"": """", ""profileImageOptimized"": """", ""transactionHash"": ""0x16ec4ec6ebaabdf6885fd14e55f49073ac13f7a4f6d0dc61a09e18d492e61689""}"
1770964721,2026-02-14T01:56:27.880228,0x2e4b6f576916a25217cd286883a370f544c610ded9597c1cb9f970342b4e0acc:1770964721,572473,5031084282167950494806674428243037744881029417420880897305642929037077494331,SELL,0.043,5.0,0.21499999999999997,0x2e4b6f576916a25217cd286883a370f544c610ded9597c1cb9f970342b4e0acc,"{""proxyWallet"": ""0x0b01d14b4f91acdf61534543d4a645f142238f47"", ""side"": ""SELL"", ""asset"": ""5031084282167950494806674428243037744881029417420880897305642929037077494331"", ""conditionId"": ""0x46d40e851b24d9b0af4bc1942ccd86439cae82a9011767da14950df0ad997adf"", ""size"": 5, ""price"": 0.043, ""timestamp"": 1770964721, ""title"": ""Will Trump nominate Judy Shelton as the next Fed chair?"", ""slug"": ""will-trump-nominate-judy-shelton-as-the-next-fed-chair"", ""icon"": ""https://polymarket-upload.s3.us-east-2.amazonaws.com/judy-shelton-15c5dd306b.png"", ""eventSlug"": ""who-will-trump-nominate-as-fed-chair"", ""outcome"": ""Yes"", ""outcomeIndex"": 0, ""name"": ""0x0B01d14B4f91ACdf61534543d4a645f142238F47-1766685782640"", ""pseudonym"": ""Radiant-Dahlia"", ""bio"": """", ""profileImage"": """", ""profileImageOptimized"": """", ""transactionHash"": ""0x2e4b6f576916a25217cd286883a370f544c610ded9597c1cb9f970342b4e0acc""}"
1770964497,2026-02-14T01:56:27.880255,0x88d8833eb01609f2d69e139a387eb3b38fabb00be22633567a3bdc7741d9c9bc:1770964497,572473,5031084282167950494806674428243037744881029417420880897305642929037077494331,BUY,0.044,70.0,3.0799999999999996,0x88d8833eb01609f2d69e139a387eb3b38fabb00be22633567a3bdc7741d9c9bc,"{""proxyWallet"": ""0xf7913df0c748f1e685281b7849aec50cfad94a8f"", ""side"": ""BUY"", ""asset"": ""5031084282167950494806674428243037744881029417420880897305642929037077494331"", ""conditionId"": ""0x46d40e851b24d9b0af4bc1942ccd86439cae82a9011767da14950df0ad997adf"", ""size"": 70, ""price"": 0.044, ""timestamp"": 1770964497, ""title"": ""Will Trump nominate Judy Shelton as the next Fed chair?"", ""slug"": ""will-trump-nominate-judy-shelton-as-the-next-fed-chair"", ""icon"": ""https://polymarket-upload.s3.us-east-2.amazonaws.com/judy-shelton-15c5dd306b.png"", ""eventSlug"": ""who-will-trump-nominate-as-fed-chair"", ""outcome"": ""Yes"", ""outcomeIndex"": 0, ""name"": ""btwx"", ""pseudonym"": ""Svelte-Dungeon"", ""bio"": """", ""profileImage"": """", ""profileImageOptimized"": """", ""transactionHash"": ""0x88d8833eb01609f2d69e139a387eb3b38fabb00be22633567a3bdc7741d9c9bc""}"
1770964367,2026-02-14T01:56:27.880274,0x275a771e4fa2d81c4e218b907b0df1b22be7883d8de8bb24da82c3d04a335cac:1770964367,572473,5031084282167950494806674428243037744881029417420880897305642929037077494331,BUY,0.04499999717999999,333.333332,14.999998999999999,0x275a771e4fa2d81c4e218b907b0df1b22be7883d8de8bb24da82c3d04a335cac,"{""proxyWallet"": ""0x0821cab99f13bc1a0d7ced4f4be9c4ba6d210290"", ""side"": ""BUY"", ""asset"": ""5031084282167950494806674428243037744881029417420880897305642929037077494331"", ""conditionId"": ""0x46d40e851b24d9b0af4bc1942ccd86439cae82a9011767da14950df0ad997adf"", ""size"": 333.333332, ""price"": 0.04499999717999999, ""timestamp"": 1770964367, ""title"": ""Will Trump nominate Judy Shelton as the next Fed chair?"", ""slug"": ""will-trump-nominate-judy-shelton-as-the-next-fed-chair"", ""icon"": ""https://polymarket-upload.s3.us-east-2.amazonaws.com/judy-shelton-15c5dd306b.png"", ""eventSlug"": ""who-will-trump-nominate-as-fed-chair"", ""outcome"": ""Yes"", ""outcomeIndex"": 0, ""name"": ""0x0821CAB99f13Bc1A0D7ceD4F4bE9c4BA6D210290-1770524633726"", ""pseudonym"": ""Dapper-Hyphenation"", ""bio"": """", ""profileImage"": """", ""profileImageOptimized"": """", ""transactionHash"": ""0x275a771e4fa2d81c4e218b907b0df1b22be7883d8de8bb24da82c3d04a335cac""}"
1770964131,2026-02-14T01:56:27.880297,0x7fefa221b41ddce9df4035c942e560ae5e900b8a351a3efd97c5688960b819fe:1770964131,572473,5031084282167950494806674428243037744881029417420880897305642929037077494331,BUY,0.04400000004318135,1111.590908,48.91,0x7fefa221b41ddce9df4035c942e560ae5e900b8a351a3efd97c5688960b819fe,"{""proxyWallet"": ""0xed9461f1f6ead6aa077700766d0f5ea8eb13cc72"", ""side"": ""BUY"", ""asset"": ""5031084282167950494806674428243037744881029417420880897305642929037077494331"", ""conditionId"": ""0x46d40e851b24d9b0af4bc1942ccd86439cae82a9011767da14950df0ad997adf"", ""size"": 1111.590908, ""price"": 0.04400000004318135, ""timestamp"": 1770964131, ""title"": ""Will Trump nominate Judy Shelton as the next Fed chair?"", ""slug"": ""will-trump-nominate-judy-shelton-as-the-next-fed-chair"", ""icon"": ""https://polymarket-upload.s3.us-east-2.amazonaws.com/judy-shelton-15c5dd306b.png"", ""eventSlug"": ""who-will-trump-nominate-as-fed-chair"", ""outcome"": ""Yes"", ""outcomeIndex"": 0, ""name"": """", ""pseudonym"": """", ""bio"": """", ""profileImage"": """", ""profileImageOptimized"": """", ""transactionHash"": ""0x7fefa221b41ddce9df4035c942e560ae5e900b8a351a3efd97c5688960b819fe""}"
1770963961,2026-02-14T01:56:27.880319,0xeae019cf97179eef34419bac8c760cd9ea23cf922001dd479e72af67897da94a:1770963961,572473,5031084282167950494806674428243037744881029417420880897305642929037077494331,BUY,0.044,120.0,5.279999999999999,0xeae019cf97179eef34419bac8c760cd9ea23cf922001dd479e72af67897da94a,"{""proxyWallet"": ""0x4e36b4a59ae94e0d9004eb172bbdf9ef2f156253"", ""side"": ""BUY"", ""asset"": ""5031084282167950494806674428243037744881029417420880897305642929037077494331"", ""conditionId"": ""0x46d40e851b24d9b0af4bc1942ccd86439cae82a9011767da14950df0ad997adf"", ""size"": 120, ""price"": 0.044, ""timestamp"": 1770963961, ""title"": ""Will Trump nominate Judy Shelton as the next Fed chair?"", ""slug"": ""will-trump-nominate-judy-shelton-as-the-next-fed-chair"", ""icon"": ""https://polymarket-upload.s3.us-east-2.amazonaws.com/judy-shelton-15c5dd306b.png"", ""eventSlug"": ""who-will-trump-nominate-as-fed-chair"", ""outcome"": ""Yes"", ""outcomeIndex"": 0, ""name"": ""btrb2"", ""pseudonym"": ""Untimely-Specification"", ""bio"": """", ""profileImage"": """", ""profileImageOptimized"": """", ""transactionHash"": ""0xeae019cf97179eef34419bac8c760cd9ea23cf922001dd479e72af67897da94a""}"
1770963951,2026-02-14T01:56:27.880336,0xdb3a36cfb49ac06d9643f2548584ba750b1f95c4e08f28ebe0063ac61039d9d4:1770963951,572473,5031084282167950494806674428243037744881029417420880897305642929037077494331,BUY,0.044,230.0,10.12,0xdb3a36cfb49ac06d9643f2548584ba750b1f95c4e08f28ebe0063ac61039d9d4,"{""proxyWallet"": ""0x3745be4d8148a42f091a479f529595c5d69bc1f3"", ""side"": ""BUY"", ""asset"": ""5031084282167950494806674428243037744881029417420880897305642929037077494331"", ""conditionId"": ""0x46d40e851b24d9b0af4bc1942ccd86439cae82a9011767da14950df0ad997adf"", ""size"": 230, ""price"": 0.044, ""timestamp"": 1770963951, ""title"": ""Will Trump nominate Judy Shelton as the next Fed chair?"", ""slug"": ""will-trump-nominate-judy-shelton-as-the-next-fed-chair"", ""icon"": ""https://polymarket-upload.s3.us-east-2.amazonaws.com/judy-shelton-15c5dd306b.png"", ""eventSlug"": ""who-will-trump-nominate-as-fed-chair"", ""outcome"": ""Yes"", ""outcomeIndex"": 0, ""name"": ""ffgggg118"", ""pseudonym"": ""Aching-Proprietor"", ""bio"": """", ""profileImage"": """", ""profileImageOptimized"": """", ""transactionHash"": ""0xdb3a36cfb49ac06d9643f2548584ba750b1f95c4e08f28ebe0063ac61039d9d4""}"
1770963663,2026-02-14T01:56:27.880354,0xe6a49dda05be5e93add4dbbb0112bdcc38b54620ec4c4367293b0df0d523ff03:1770963663,572473,5031084282167950494806674428243037744881029417420880897305642929037077494331,BUY,0.044,40.0,1.7599999999999998,0xe6a49dda05be5e93add4dbbb0112bdcc38b54620ec4c4367293b0df0d523ff03,"{""proxyWallet"": ""0x4ed8944b88e52d5c6f956385cebe2a1972c9cdda"", ""side"": ""BUY"", ""asset"": ""5031084282167950494806674428243037744881029417420880897305642929037077494331"", ""conditionId"": ""0x46d40e851b24d9b0af4bc1942ccd86439cae82a9011767da14950df0ad997adf"", ""size"": 40, ""price"": 0.044, ""timestamp"": 1770963663, ""title"": ""Will Trump nominate Judy Shelton as the next Fed chair?"", ""slug"": ""will-trump-nominate-judy-shelton-as-the-next-fed-chair"", ""icon"": ""https://polymarket-upload.s3.us-east-2.amazonaws.com/judy-shelton-15c5dd306b.png"", ""eventSlug"": ""who-will-trump-nominate-as-fed-chair"", ""outcome"": ""Yes"", ""outcomeIndex"": 0, ""name"": ""bvrg1"", ""pseudonym"": ""Prudent-Advocacy"", ""bio"": """", ""profileImage"": """", ""profileImageOptimized"": """", ""transactionHash"": ""0xe6a49dda05be5e93add4dbbb0112bdcc38b54620ec4c4367293b0df0d523ff03""}"
1770963621,2026-02-14T01:56:27.880375,0xc30812fd12d30a2a3bb9418a6d764493aa0f9c29f66ee45883c8538a7a951559:1770963621,572473,5031084282167950494806674428243037744881029417420880897305642929037077494331,SELL,0.043,5.0,0.21499999999999997,0xc30812fd12d30a2a3bb9418a6d764493aa0f9c29f66ee45883c8538a7a951559,"{""proxyWallet"": ""0x0b01d14b4f91acdf61534543d4a645f142238f47"", ""side"": ""SELL"", ""asset"": ""5031084282167950494806674428243037744881029417420880897305642929037077494331"", ""conditionId"": ""0x46d40e851b24d9b0af4bc1942ccd86439cae82a9011767da14950df0ad997adf"", ""size"": 5, ""price"": 0.043, ""timestamp"": 1770963621, ""title"": ""Will Trump nominate Judy Shelton as the next Fed chair?"", ""slug"": ""will-trump-nominate-judy-shelton-as-the-next-fed-chair"", ""icon"": ""https://polymarket-upload.s3.us-east-2.amazonaws.com/judy-shelton-15c5dd306b.png"", ""eventSlug"": ""who-will-trump-nominate-as-fed-chair"", ""outcome"": ""Yes"", ""outcomeIndex"": 0, ""name"": ""0x0B01d14B4f91ACdf61534543d4a645f142238F47-1766685782640"", ""pseudonym"": ""Radiant-Dahlia"", ""bio"": """", ""profileImage"": """", ""profileImageOptimized"": """", ""transactionHash"": ""0xc30812fd12d30a2a3bb9418a6d764493aa0f9c29f66ee45883c8538a7a951559""}"
1770963581,2026-02-14T01:56:27.880394,0x714bd0433ab1c7e199bf60396201da5947b4b2848aab7a833fbc9b6c8c3b48c1:1770963581,572473,5031084282167950494806674428243037744881029417420880897305642929037077494331,SELL,0.043,1851.43,79.61149,0x714bd0433ab1c7e199bf60396201da5947b4b2848aab7a833fbc9b6c8c3b48c1,"{""proxyWallet"": ""0xd2fb408ca2b567a2949443450dfa0034d4383091"", ""side"": ""SELL"", ""asset"": ""5031084282167950494806674428243037744881029417420880897305642929037077494331"", ""conditionId"": ""0x46d40e851b24d9b0af4bc1942ccd86439cae82a9011767da14950df0ad997adf"", ""size"": 1851.43, ""price"": 0.043, ""timestamp"": 1770963581, ""title"": ""Will Trump nominate Judy Shelton as the next Fed chair?"", ""slug"": ""will-trump-nominate-judy-shelton-as-the-next-fed-chair"", ""icon"": ""https://polymarket-upload.s3.us-east-2.amazonaws.com/judy-shelton-15c5dd306b.png"", ""eventSlug"": ""who-will-trump-nominate-as-fed-chair"", ""outcome"": ""Yes"", ""outcomeIndex"": 0, ""name"": ""Kom15z"", ""pseudonym"": ""Rewarding-Epithelium"", ""bio"": """", ""profileImage"": ""https://polymarket-upload.s3.us-east-2.amazonaws.com/profile-image-4709148-e30506bd-b902-44b9-af56-8e087869c2e1.jpg"", ""profileImageOptimized"": """", ""transactionHash"": ""0x714bd0433ab1c7e199bf60396201da5947b4b2848aab7a833fbc9b6c8c3b48c1""}"
1770963527,2026-02-14T01:56:27.880417,0xad7c534856119c296eb7ae558001897164a8faf700eddcb3e6077b0ea499e7fa:1770963527,572473,5031084282167950494806674428243037744881029417420880897305642929037077494331,SELL,0.043,5.0,0.21499999999999997,0xad7c534856119c296eb7ae558001897164a8faf700eddcb3e6077b0ea499e7fa,"{""proxyWallet"": ""0x0b01d14b4f91acdf61534543d4a645f142238f47"", ""side"": ""SELL"", ""asset"": ""5031084282167950494806674428243037744881029417420880897305642929037077494331"", ""conditionId"": ""0x46d40e851b24d9b0af4bc1942ccd86439cae82a9011767da14950df0ad997adf"", ""size"": 5, ""price"": 0.043, ""timestamp"": 1770963527, ""title"": ""Will Trump nominate Judy Shelton as the next Fed chair?"", ""slug"": ""will-trump-nominate-judy-shelton-as-the-next-fed-chair"", ""icon"": ""https://polymarket-upload.s3.us-east-2.amazonaws.com/judy-shelton-15c5dd306b.png"", ""eventSlug"": ""who-will-trump-nominate-as-fed-chair"", ""outcome"": ""Yes"", ""outcomeIndex"": 0, ""name"": ""0x0B01d14B4f91ACdf61534543d4a645f142238F47-1766685782640"", ""pseudonym"": ""Radiant-Dahlia"", ""bio"": """", ""profileImage"": """", ""profileImageOptimized"": """", ""transactionHash"": ""0xad7c534856119c296eb7ae558001897164a8faf700eddcb3e6077b0ea499e7fa""}"
1770963469,2026-02-14T01:56:27.880436,0x7e3c065acddfe0153f3786304c11b9f8a229e53605642e32ccebab6532140c11:1770963469,572473,5031084282167950494806674428243037744881029417420880897305642929037077494331,BUY,0.0440000000393736,203.181818,8.94,0x7e3c065acddfe0153f3786304c11b9f8a229e53605642e32ccebab6532140c11,"{""proxyWallet"": ""0xbcd29dd4976cbc355a119e8a151201b9ead1084d"", ""side"": ""BUY"", ""asset"": ""5031084282167950494806674428243037744881029417420880897305642929037077494331"", ""conditionId"": ""0x46d40e851b24d9b0af4bc1942ccd86439cae82a9011767da14950df0ad997adf"", ""size"": 203.181818, ""price"": 0.0440000000393736, ""timestamp"": 1770963469, ""title"": ""Will Trump nominate Judy Shelton as the next Fed chair?"", ""slug"": ""will-trump-nominate-judy-shelton-as-the-next-fed-chair"", ""icon"": ""https://polymarket-upload.s3.us-east-2.amazonaws.com/judy-shelton-15c5dd306b.png"", ""eventSlug"": ""who-will-trump-nominate-as-fed-chair"", ""outcome"": ""Yes"", ""outcomeIndex"": 0, ""name"": ""KAAN84"", ""pseudonym"": ""Worldly-Nexus"", ""bio"": """", ""profileImage"": """", ""profileImageOptimized"": """", ""transactionHash"": ""0x7e3c065acddfe0153f3786304c11b9f8a229e53605642e32ccebab6532140c11""}"
1770963295,2026-02-14T01:56:27.880455,0x0d4970f1607c0bd139ec15a92a0d97eb1a46e8908a65fde7de6282b073db7914:1770963295,572473,5031084282167950494806674428243037744881029417420880897305642929037077494331,SELL,0.044,499.05,21.958199999999998,0x0d4970f1607c0bd139ec15a92a0d97eb1a46e8908a65fde7de6282b073db7914,"{""proxyWallet"": ""0xf538f8e227ce29662986157cf643d072b9f47102"", ""side"": ""SELL"", ""asset"": ""5031084282167950494806674428243037744881029417420880897305642929037077494331"", ""conditionId"": ""0x46d40e851b24d9b0af4bc1942ccd86439cae82a9011767da14950df0ad997adf"", ""size"": 499.05, ""price"": 0.044, ""timestamp"": 1770963295, ""title"": ""Will Trump nominate Judy Shelton as the next Fed chair?"", ""slug"": ""will-trump-nominate-judy-shelton-as-the-next-fed-chair"", ""icon"": ""https://polymarket-upload.s3.us-east-2.amazonaws.com/judy-shelton-15c5dd306b.png"", ""eventSlug"": ""who-will-trump-nominate-as-fed-chair"", ""outcome"": ""Yes"", ""outcomeIndex"": 0, ""name"": ""57658734"", ""pseudonym"": ""Tough-Glee"", ""bio"": """", ""profileImage"": """", ""profileImageOptimized"": """", ""transactionHash"": ""0x0d4970f1607c0bd139ec15a92a0d97eb1a46e8908a65fde7de6282b073db7914""}"
1770963259,2026-02-14T01:56:27.880472,0xd0a7f06171089a21cddef10dd18c057392d26c96d872548b3d77dcfe39adc06e:1770963259,572473,5031084282167950494806674428243037744881029417420880897305642929037077494331,BUY,0.04406186398002047,40795.822887,1797.539999,0xd0a7f06171089a21cddef10dd18c057392d26c96d872548b3d77dcfe39adc06e,"{""proxyWallet"": ""0x16cd3b6b801d87d848e80ed9f68c20882db4ad5e"", ""side"": ""BUY"", ""asset"": ""5031084282167950494806674428243037744881029417420880897305642929037077494331"", ""conditionId"": ""0x46d40e851b24d9b0af4bc1942ccd86439cae82a9011767da14950df0ad997adf"", ""size"": 40795.822887, ""price"": 0.04406186398002047, ""timestamp"": 1770963259, ""title"": ""Will Trump nominate Judy Shelton as the next Fed chair?"", ""slug"": ""will-trump-nominate-judy-shelton-as-the-next-fed-chair"", ""icon"": ""https://polymarket-upload.s3.us-east-2.amazonaws.com/judy-shelton-15c5dd306b.png"", ""eventSlug"": ""who-will-trump-nominate-as-fed-chair"", ""outcome"": ""Yes"", ""outcomeIndex"": 0, ""name"": ""TheOnionKing"", ""pseudonym"": ""Slimy-Lynx"", ""bio"": """", ""profileImage"": """", ""profileImageOptimized"": """", ""transactionHash"": ""0xd0a7f06171089a21cddef10dd18c057392d26c96d872548b3d77dcfe39adc06e""}"
1770963131,2026-02-14T01:56:27.880491,0x37a5325b25d05f8081760157ff9933ff6f8bbc99a94873a5be310e5c45cc7940:1770963131,572473,5031084282167950494806674428243037744881029417420880897305642929037077494331,BUY,0.044,80.0,3.5199999999999996,0x37a5325b25d05f8081760157ff9933ff6f8bbc99a94873a5be310e5c45cc7940,"{""proxyWallet"": ""0x498a8b9671362d55289eee9f08df43f6645d0509"", ""side"": ""BUY"", ""asset"": ""5031084282167950494806674428243037744881029417420880897305642929037077494331"", ""conditionId"": ""0x46d40e851b24d9b0af4bc1942ccd86439cae82a9011767da14950df0ad997adf"", ""size"": 80, ""price"": 0.044, ""timestamp"": 1770963131, ""title"": ""Will Trump nominate Judy Shelton as the next Fed chair?"", ""slug"": ""will-trump-nominate-judy-shelton-as-the-next-fed-chair"", ""icon"": ""https://polymarket-upload.s3.us-east-2.amazonaws.com/judy-shelton-15c5dd306b.png"", ""eventSlug"": ""who-will-trump-nominate-as-fed-chair"", ""outcome"": ""Yes"", ""outcomeIndex"": 0, ""name"": ""sswa1"", ""pseudonym"": ""Uncomfortable-Concentration"", ""bio"": """", ""profileImage"": """", ""profileImageOptimized"": """", ""transactionHash"": ""0x37a5325b25d05f8081760157ff9933ff6f8bbc99a94873a5be310e5c45cc7940""}"
1770963003,2026-02-14T01:56:27.880506,0xac3c99850ffdcb2a514a4f5d6d2b9203bc4f19ab9effe7ce76367cff5edd222d:1770963003,572473,5031084282167950494806674428243037744881029417420880897305642929037077494331,BUY,0.04399999933057715,1374.31818,60.469999,0xac3c99850ffdcb2a514a4f5d6d2b9203bc4f19ab9effe7ce76367cff5edd222d,"{""proxyWallet"": ""0xcfed269dd263aff21658ee6c4a7096c9982044ad"", ""side"": ""BUY"", ""asset"": ""5031084282167950494806674428243037744881029417420880897305642929037077494331"", ""conditionId"": ""0x46d40e851b24d9b0af4bc1942ccd86439cae82a9011767da14950df0ad997adf"", ""size"": 1374.31818, ""price"": 0.04399999933057715, ""timestamp"": 1770963003, ""title"": ""Will Trump nominate Judy Shelton as the next Fed chair?"", ""slug"": ""will-trump-nominate-judy-shelton-as-the-next-fed-chair"", ""icon"": ""https://polymarket-upload.s3.us-east-2.amazonaws.com/judy-shelton-15c5dd306b.png"", ""eventSlug"": ""who-will-trump-nominate-as-fed-chair"", ""outcome"": ""Yes"", ""outcomeIndex"": 0, ""name"": ""Ez144"", ""pseudonym"": ""Obedient-Viola"", ""bio"": """", ""profileImage"": """", ""profileImageOptimized"": """", ""transactionHash"": ""0xac3c99850ffdcb2a514a4f5d6d2b9203bc4f19ab9effe7ce76367cff5edd222d""}"
1770962741,2026-02-14T01:56:27.880530,0x2a88822bf9c9911097d14b12b67d65c8700adf9d6836abe272e352e628cc0661:1770962741,572473,5031084282167950494806674428243037744881029417420880897305642929037077494331,BUY,0.044,70.0,3.0799999999999996,0x2a88822bf9c9911097d14b12b67d65c8700adf9d6836abe272e352e628cc0661,"{""proxyWallet"": ""0x3dd9c297fac1a72bab39708f08dad87a1168bec5"", ""side"": ""BUY"", ""asset"": ""5031084282167950494806674428243037744881029417420880897305642929037077494331"", ""conditionId"": ""0x46d40e851b24d9b0af4bc1942ccd86439cae82a9011767da14950df0ad997adf"", ""size"": 70, ""price"": 0.044, ""timestamp"": 1770962741, ""title"": ""Will Trump nominate Judy Shelton as the next Fed chair?"", ""slug"": ""will-trump-nominate-judy-shelton-as-the-next-fed-chair"", ""icon"": ""https://polymarket-upload.s3.us-east-2.amazonaws.com/judy-shelton-15c5dd306b.png"", ""eventSlug"": ""who-will-trump-nominate-as-fed-chair"", ""outcome"": ""Yes"", ""outcomeIndex"": 0, ""name"": ""nynte"", ""pseudonym"": ""Used-Platform"", ""bio"": """", ""profileImage"": """", ""profileImageOptimized"": """", ""transactionHash"": ""0x2a88822bf9c9911097d14b12b67d65c8700adf9d6836abe272e352e628cc0661""}"
1770962619,2026-02-14T01:56:29.128161,0x42f0c2f2d882695075aa8569d70e64a5c5f4c6b238a1d3f6532895106402e4a1:1770962619,572473,5031084282167950494806674428243037744881029417420880897305642929037077494331,SELL,0.043,1400.0,60.199999999999996,0x42f0c2f2d882695075aa8569d70e64a5c5f4c6b238a1d3f6532895106402e4a1,"{""proxyWallet"": ""0xa54850456b36308d4fcebf8c438531c7b73c5c71"", ""side"": ""SELL"", ""asset"": ""5031084282167950494806674428243037744881029417420880897305642929037077494331"", ""conditionId"": ""0x46d40e851b24d9b0af4bc1942ccd86439cae82a9011767da14950df0ad997adf"", ""size"": 1400, ""price"": 0.043, ""timestamp"": 1770962619, ""title"": ""Will Trump nominate Judy Shelton as the next Fed chair?"", ""slug"": ""will-trump-nominate-judy-shelton-as-the-next-fed-chair"", ""icon"": ""https://polymarket-upload.s3.us-east-2.amazonaws.com/judy-shelton-15c5dd306b.png"", ""eventSlug"": ""who-will-trump-nominate-as-fed-chair"", ""outcome"": ""Yes"", ""outcomeIndex"": 0, ""name"": ""shinigamik"", ""pseudonym"": ""Incompatible-Boatyard"", ""bio"": """", ""profileImage"": """", ""profileImageOptimized"": """", ""transactionHash"": ""0x42f0c2f2d882695075aa8569d70e64a5c5f4c6b238a1d3f6532895106402e4a1""}"
1770962515,2026-02-14T01:56:29.128233,0xdefccfe334d095380294ad60b2aa394663044ea3d4315099bc6cb89762352769:1770962515,572473,5031084282167950494806674428243037744881029417420880897305642929037077494331,BUY,0.0439999931066666,136.363635,5.999999,0xdefccfe334d095380294ad60b2aa394663044ea3d4315099bc6cb89762352769,"{""proxyWallet"": ""0xc532d93681f4a7cd43aa6a99329c50007aeeb0fe"", ""side"": ""BUY"", ""asset"": ""5031084282167950494806674428243037744881029417420880897305642929037077494331"", ""conditionId"": ""0x46d40e851b24d9b0af4bc1942ccd86439cae82a9011767da14950df0ad997adf"", ""size"": 136.363635, ""price"": 0.0439999931066666, ""timestamp"": 1770962515, ""title"": ""Will Trump nominate Judy Shelton as the next Fed chair?"", ""slug"": ""will-trump-nominate-judy-shelton-as-the-next-fed-chair"", ""icon"": ""https://polymarket-upload.s3.us-east-2.amazonaws.com/judy-shelton-15c5dd306b.png"", ""eventSlug"": ""who-will-trump-nominate-as-fed-chair"", ""outcome"": ""Yes"", ""outcomeIndex"": 0, ""name"": """", ""pseudonym"": """", ""bio"": """", ""profileImage"": """", ""profileImageOptimized"": """", ""transactionHash"": ""0xdefccfe334d095380294ad60b2aa394663044ea3d4315099bc6cb89762352769""}"
1770962499,2026-02-14T01:56:29.128267,0x2b8e7e5a6d6da85eb40b669f4d01fc1a67e9cf4d0b1ef0b24145a90b07321415:1770962499,572473,5031084282167950494806674428243037744881029417420880897305642929037077494331,BUY,0.044,140.0,6.159999999999999,0x2b8e7e5a6d6da85eb40b669f4d01fc1a67e9cf4d0b1ef0b24145a90b07321415,"{""proxyWallet"": ""0xb975fba836bbd06dbba94692423281b1ff527561"", ""side"": ""BUY"", ""asset"": ""5031084282167950494806674428243037744881029417420880897305642929037077494331"", ""conditionId"": ""0x46d40e851b24d9b0af4bc1942ccd86439cae82a9011767da14950df0ad997adf"", ""size"": 140, ""price"": 0.044, ""timestamp"": 1770962499, ""title"": ""Will Trump nominate Judy Shelton as the next Fed chair?"", ""slug"": ""will-trump-nominate-judy-shelton-as-the-next-fed-chair"", ""icon"": ""https://polymarket-upload.s3.us-east-2.amazonaws.com/judy-shelton-15c5dd306b.png"", ""eventSlug"": ""who-will-trump-nominate-as-fed-chair"", ""outcome"": ""Yes"", ""outcomeIndex"": 0, ""name"": ""few11sa"", ""pseudonym"": ""Serious-Millet"", ""bio"": """", ""profileImage"": """", ""profileImageOptimized"": """", ""transactionHash"": ""0x2b8e7e5a6d6da85eb40b669f4d01fc1a67e9cf4d0b1ef0b24145a90b07321415""}"
1770962089,2026-02-14T01:56:29.128283,0x15fce97b3a1da9bd86f5e2587ec790bf4ad8fd44810474abe0fe202e5e959aec:1770962089,572473,5031084282167950494806674428243037744881029417420880897305642929037077494331,BUY,0.04399995934399691,22.727271,0.999999,0x15fce97b3a1da9bd86f5e2587ec790bf4ad8fd44810474abe0fe202e5e959aec,"{""proxyWallet"": ""0xdd4b5fa5a6941f7cda1f2f4c043669a25106ed86"", ""side"": ""BUY"", ""asset"": ""5031084282167950494806674428243037744881029417420880897305642929037077494331"", ""conditionId"": ""0x46d40e851b24d9b0af4bc1942ccd86439cae82a9011767da14950df0ad997adf"", ""size"": 22.727271, ""price"": 0.04399995934399691, ""timestamp"": 1770962089, ""title"": ""Will Trump nominate Judy Shelton as the next Fed chair?"", ""slug"": ""will-trump-nominate-judy-shelton-as-the-next-fed-chair"", ""icon"": ""https://polymarket-upload.s3.us-east-2.amazonaws.com/judy-shelton-15c5dd306b.png"", ""eventSlug"": ""who-will-trump-nominate-as-fed-chair"", ""outcome"": ""Yes"", ""outcomeIndex"": 0, ""name"": ""Nemesis71"", ""pseudonym"": ""Subdued-Policeman"", ""bio"": """", ""profileImage"": """", ""profileImageOptimized"": """", ""transactionHash"": ""0x15fce97b3a1da9bd86f5e2587ec790bf4ad8fd44810474abe0fe202e5e959aec""}"
1770961943,2026-02-14T01:56:29.128300,0x0786f41e3f7ea57c0d48bcc46464e0974a63878996c8481ed98af195fc4791ea:1770961943,572473,5031084282167950494806674428243037744881029417420880897305642929037077494331,BUY,0.044,100.0,4.3999999999999995,0x0786f41e3f7ea57c0d48bcc46464e0974a63878996c8481ed98af195fc4791ea,"{""proxyWallet"": ""0x32de12943a022b22f661432e25f1912a7c8a48a3"", ""side"": ""BUY"", ""asset"": ""5031084282167950494806674428243037744881029417420880897305642929037077494331"", ""conditionId"": ""0x46d40e851b24d9b0af4bc1942ccd86439cae82a9011767da14950df0ad997adf"", ""size"": 100, ""price"": 0.044, ""timestamp"": 1770961943, ""title"": ""Will Trump nominate Judy Shelton as the next Fed chair?"", ""slug"": ""will-trump-nominate-judy-shelton-as-the-next-fed-chair"", ""icon"": ""https://polymarket-upload.s3.us-east-2.amazonaws.com/judy-shelton-15c5dd306b.png"", ""eventSlug"": ""who-will-trump-nominate-as-fed-chair"", ""outcome"": ""Yes"", ""outcomeIndex"": 0, ""name"": ""brtet2"", ""pseudonym"": ""Vigilant-Demur"", ""bio"": """", ""profileImage"": """", ""profileImageOptimized"": """", ""transactionHash"": ""0x0786f41e3f7ea57c0d48bcc46464e0974a63878996c8481ed98af195fc4791ea""}"
1770961659,2026-02-14T01:56:29.128315,0x792d9a1baa90b78b682e9c51e8a1b7b3969eda2089a764a886531fe7cf865432:1770961659,572473,5031084282167950494806674428243037744881029417420880897305642929037077494331,BUY,0.044,60.0,2.6399999999999997,0x792d9a1baa90b78b682e9c51e8a1b7b3969eda2089a764a886531fe7cf865432,"{""proxyWallet"": ""0xd2d054ccb81e8e6970d50ef6f13cdcc2c536c774"", ""side"": ""BUY"", ""asset"": ""5031084282167950494806674428243037744881029417420880897305642929037077494331"", ""conditionId"": ""0x46d40e851b24d9b0af4bc1942ccd86439cae82a9011767da14950df0ad997adf"", ""size"": 60, ""price"": 0.044, ""timestamp"": 1770961659, ""title"": ""Will Trump nominate Judy Shelton as the next Fed chair?"", ""slug"": ""will-trump-nominate-judy-shelton-as-the-next-fed-chair"", ""icon"": ""https://polymarket-upload.s3.us-east-2.amazonaws.com/judy-shelton-15c5dd306b.png"", ""eventSlug"": ""who-will-trump-nominate-as-fed-chair"", ""outcome"": ""Yes"", ""outcomeIndex"": 0, ""name"": ""bretbrt"", ""pseudonym"": ""These-Lord"", ""bio"": """", ""profileImage"": """", ""profileImageOptimized"": """", ""transactionHash"": ""0x792d9a1baa90b78b682e9c51e8a1b7b3969eda2089a764a886531fe7cf865432""}"
1770961541,2026-02-14T01:56:29.128330,0x18d59605458a46059801c24382146596e6dfccc29d19287a288d795cbc9c96e2:1770961541,572473,5031084282167950494806674428243037744881029417420880897305642929037077494331,BUY,0.044,110.0,4.84,0x18d59605458a46059801c24382146596e6dfccc29d19287a288d795cbc9c96e2,"{""proxyWallet"": ""0x3dd9c297fac1a72bab39708f08dad87a1168bec5"", ""side"": ""BUY"", ""asset"": ""5031084282167950494806674428243037744881029417420880897305642929037077494331"", ""conditionId"": ""0x46d40e851b24d9b0af4bc1942ccd86439cae82a9011767da14950df0ad997adf"", ""size"": 110, ""price"": 0.044, ""timestamp"": 1770961541, ""title"": ""Will Trump nominate Judy Shelton as the next Fed chair?"", ""slug"": ""will-trump-nominate-judy-shelton-as-the-next-fed-chair"", ""icon"": ""https://polymarket-upload.s3.us-east-2.amazonaws.com/judy-shelton-15c5dd306b.png"", ""eventSlug"": ""who-will-trump-nominate-as-fed-chair"", ""outcome"": ""Yes"", ""outcomeIndex"": 0, ""name"": ""nynte"", ""pseudonym"": ""Used-Platform"", ""bio"": """", ""profileImage"": """", ""profileImageOptimized"": """", ""transactionHash"": ""0x18d59605458a46059801c24382146596e6dfccc29d19287a288d795cbc9c96e2""}"
1770961393,2026-02-14T01:56:29.128346,0xb82fbeb5709225ef39f95b7faa0659d9d9b2de19c0d674d1ae73edaed53ae409:1770961393,572473,5031084282167950494806674428243037744881029417420880897305642929037077494331,BUY,0.044,1000.0,44.0,0xb82fbeb5709225ef39f95b7faa0659d9d9b2de19c0d674d1ae73edaed53ae409,"{""proxyWallet"": ""0x0ff29723266346afabcd283a5084abbefbf2d10f"", ""side"": ""BUY"", ""asset"": ""5031084282167950494806674428243037744881029417420880897305642929037077494331"", ""conditionId"": ""0x46d40e851b24d9b0af4bc1942ccd86439cae82a9011767da14950df0ad997adf"", ""size"": 1000, ""price"": 0.044, ""timestamp"": 1770961393, ""title"": ""Will Trump nominate Judy Shelton as the next Fed chair?"", ""slug"": ""will-trump-nominate-judy-shelton-as-the-next-fed-chair"", ""icon"": ""https://polymarket-upload.s3.us-east-2.amazonaws.com/judy-shelton-15c5dd306b.png"", ""eventSlug"": ""who-will-trump-nominate-as-fed-chair"", ""outcome"": ""Yes"", ""outcomeIndex"": 0, ""name"": ""0x355Scecial"", ""pseudonym"": ""Hard-To-Find-Revolver"", ""bio"": ""spirit lift me up"", ""profileImage"": ""https://polymarket-upload.s3.us-east-2.amazonaws.com/profile-image-3937389-e01abf0f-86be-41b9-bf90-7e154eb73709.webp"", ""profileImageOptimized"": """", ""transactionHash"": ""0xb82fbeb5709225ef39f95b7faa0659d9d9b2de19c0d674d1ae73edaed53ae409""}"
1770961297,2026-02-14T01:56:29.128359,0xee8aecef0b4928cea18fe2d6d3e4e39576870fa6444925ce60228481347d84c8:1770961297,572473,5031084282167950494806674428243037744881029417420880897305642929037077494331,BUY,0.044,70.0,3.0799999999999996,0xee8aecef0b4928cea18fe2d6d3e4e39576870fa6444925ce60228481347d84c8,"{""proxyWallet"": ""0x498a8b9671362d55289eee9f08df43f6645d0509"", ""side"": ""BUY"", ""asset"": ""5031084282167950494806674428243037744881029417420880897305642929037077494331"", ""conditionId"": ""0x46d40e851b24d9b0af4bc1942ccd86439cae82a9011767da14950df0ad997adf"", ""size"": 70, ""price"": 0.044, ""timestamp"": 1770961297, ""title"": ""Will Trump nominate Judy Shelton as the next Fed chair?"", ""slug"": ""will-trump-nominate-judy-shelton-as-the-next-fed-chair"", ""icon"": ""https://polymarket-upload.s3.us-east-2.amazonaws.com/judy-shelton-15c5dd306b.png"", ""eventSlug"": ""who-will-trump-nominate-as-fed-chair"", ""outcome"": ""Yes"", ""outcomeIndex"": 0, ""name"": ""sswa1"", ""pseudonym"": ""Uncomfortable-Concentration"", ""bio"": """", ""profileImage"": """", ""profileImageOptimized"": """", ""transactionHash"": ""0xee8aecef0b4928cea18fe2d6d3e4e39576870fa6444925ce60228481347d84c8""}"
1770961055,2026-02-14T01:56:29.128373,0xb36dccb8e50c097622ec25c3bd5fbf4a99a73439e95f5522d1465f37a8a120ab:1770961055,572473,5031084282167950494806674428243037744881029417420880897305642929037077494331,BUY,0.044,150.0,6.6,0xb36dccb8e50c097622ec25c3bd5fbf4a99a73439e95f5522d1465f37a8a120ab,"{""proxyWallet"": ""0x44890b3e65e1774f7cf1d1433e3d803ea97d0c4a"", ""side"": ""BUY"", ""asset"": ""5031084282167950494806674428243037744881029417420880897305642929037077494331"", ""conditionId"": ""0x46d40e851b24d9b0af4bc1942ccd86439cae82a9011767da14950df0ad997adf"", ""size"": 150, ""price"": 0.044, ""timestamp"": 1770961055, ""title"": ""Will Trump nominate Judy Shelton as the next Fed chair?"", ""slug"": ""will-trump-nominate-judy-shelton-as-the-next-fed-chair"", ""icon"": ""https://polymarket-upload.s3.us-east-2.amazonaws.com/judy-shelton-15c5dd306b.png"", ""eventSlug"": ""who-will-trump-nominate-as-fed-chair"", ""outcome"": ""Yes"", ""outcomeIndex"": 0, ""name"": ""brrbsd1"", ""pseudonym"": ""Gripping-Plight"", ""bio"": """", ""profileImage"": """", ""profileImageOptimized"": """", ""transactionHash"": ""0xb36dccb8e50c097622ec25c3bd5fbf4a99a73439e95f5522d1465f37a8a120ab""}"
1770960973,2026-02-14T01:56:29.128387,0xf11afc213e879b089444c9a730a2ebfa781317c3f2d34bbe2b2bfddc4e632a84:1770960973,572473,5031084282167950494806674428243037744881029417420880897305642929037077494331,BUY,0.044,140.0,6.159999999999999,0xf11afc213e879b089444c9a730a2ebfa781317c3f2d34bbe2b2bfddc4e632a84,"{""proxyWallet"": ""0xde25ecba5258e967beca024ef0fb934632421ada"", ""side"": ""BUY"", ""asset"": ""5031084282167950494806674428243037744881029417420880897305642929037077494331"", ""conditionId"": ""0x46d40e851b24d9b0af4bc1942ccd86439cae82a9011767da14950df0ad997adf"", ""size"": 140, ""price"": 0.044, ""timestamp"": 1770960973, ""title"": ""Will Trump nominate Judy Shelton as the next Fed chair?"", ""slug"": ""will-trump-nominate-judy-shelton-as-the-next-fed-chair"", ""icon"": ""https://polymarket-upload.s3.us-east-2.amazonaws.com/judy-shelton-15c5dd306b.png"", ""eventSlug"": ""who-will-trump-nominate-as-fed-chair"", ""outcome"": ""Yes"", ""outcomeIndex"": 0, ""name"": ""11231sb"", ""pseudonym"": ""Overcooked-Stain"", ""bio"": """", ""profileImage"": """", ""profileImageOptimized"": """", ""transactionHash"": ""0xf11afc213e879b089444c9a730a2ebfa781317c3f2d34bbe2b2bfddc4e632a84""}"
1770960711,2026-02-14T01:56:29.128403,0x3165a4da9131d05fa52b85fa2d4d8a1e28159e9bafb3ba08d8be53231653f0f2:1770960711,572473,5031084282167950494806674428243037744881029417420880897305642929037077494331,BUY,0.044,20.0,0.8799999999999999,0x3165a4da9131d05fa52b85fa2d4d8a1e28159e9bafb3ba08d8be53231653f0f2,"{""proxyWallet"": ""0x9bed89a06a2b9fd200defbaa97f062436e3d94e2"", ""side"": ""BUY"", ""asset"": ""5031084282167950494806674428243037744881029417420880897305642929037077494331"", ""conditionId"": ""0x46d40e851b24d9b0af4bc1942ccd86439cae82a9011767da14950df0ad997adf"", ""size"": 20, ""price"": 0.044, ""timestamp"": 1770960711, ""title"": ""Will Trump nominate Judy Shelton as the next Fed chair?"", ""slug"": ""will-trump-nominate-judy-shelton-as-the-next-fed-chair"", ""icon"": ""https://polymarket-upload.s3.us-east-2.amazonaws.com/judy-shelton-15c5dd306b.png"", ""eventSlug"": ""who-will-trump-nominate-as-fed-chair"", ""outcome"": ""Yes"", ""outcomeIndex"": 0, ""name"": """", ""pseudonym"": """", ""bio"": """", ""profileImage"": """", ""profileImageOptimized"": """", ""transactionHash"": ""0x3165a4da9131d05fa52b85fa2d4d8a1e28159e9bafb3ba08d8be53231653f0f2""}"
1770960459,2026-02-14T01:56:29.128425,0x9af365866364234048260cb1cc285b09d36439cc91f184a67b5a35be60b252c9:1770960459,572473,5031084282167950494806674428243037744881029417420880897305642929037077494331,BUY,0.044,130.0,5.72,0x9af365866364234048260cb1cc285b09d36439cc91f184a67b5a35be60b252c9,"{""proxyWallet"": ""0x5044ddca816392e5c3d4f7f02cb44050a96e4c2a"", ""side"": ""BUY"", ""asset"": ""5031084282167950494806674428243037744881029417420880897305642929037077494331"", ""conditionId"": ""0x46d40e851b24d9b0af4bc1942ccd86439cae82a9011767da14950df0ad997adf"", ""size"": 130, ""price"": 0.044, ""timestamp"": 1770960459, ""title"": ""Will Trump nominate Judy Shelton as the next Fed chair?"", ""slug"": ""will-trump-nominate-judy-shelton-as-the-next-fed-chair"", ""icon"": ""https://polymarket-upload.s3.us-east-2.amazonaws.com/judy-shelton-15c5dd306b.png"", ""eventSlug"": ""who-will-trump-nominate-as-fed-chair"", ""outcome"": ""Yes"", ""outcomeIndex"": 0, ""name"": ""sfa11"", ""pseudonym"": ""Complex-Scooter"", ""bio"": """", ""profileImage"": """", ""profileImageOptimized"": """", ""transactionHash"": ""0x9af365866364234048260cb1cc285b09d36439cc91f184a67b5a35be60b252c9""}"
1770959863,2026-02-14T01:56:29.128441,0x518a0add1e576f20de432f8c96936f89a7e1e16d89240bc9ebe81958b5c39743:1770959863,572473,5031084282167950494806674428243037744881029417420880897305642929037077494331,BUY,0.044,145.76,6.41344,0x518a0add1e576f20de432f8c96936f89a7e1e16d89240bc9ebe81958b5c39743,"{""proxyWallet"": ""0x469c7f793fa34a154f2d378b2397daa9eb65309b"", ""side"": ""BUY"", ""asset"": ""5031084282167950494806674428243037744881029417420880897305642929037077494331"", ""conditionId"": ""0x46d40e851b24d9b0af4bc1942ccd86439cae82a9011767da14950df0ad997adf"", ""size"": 145.76, ""price"": 0.044, ""timestamp"": 1770959863, ""title"": ""Will Trump nominate Judy Shelton as the next Fed chair?"", ""slug"": ""will-trump-nominate-judy-shelton-as-the-next-fed-chair"", ""icon"": ""https://polymarket-upload.s3.us-east-2.amazonaws.com/judy-shelton-15c5dd306b.png"", ""eventSlug"": ""who-will-trump-nominate-as-fed-chair"", ""outcome"": ""Yes"", ""outcomeIndex"": 0, ""name"": ""flyip"", ""pseudonym"": ""Sugary-Peen"", ""bio"": """", ""profileImage"": """", ""profileImageOptimized"": """", ""transactionHash"": ""0x518a0add1e576f20de432f8c96936f89a7e1e16d89240bc9ebe81958b5c39743""}"
1770959845,2026-02-14T01:56:29.128458,0xfa9dab6148ec3ea6ade4cff0dd021b7475714768e110a300e5842d9b2ebee7d6:1770959845,572473,5031084282167950494806674428243037744881029417420880897305642929037077494331,SELL,0.044,54.24,2.38656,0xfa9dab6148ec3ea6ade4cff0dd021b7475714768e110a300e5842d9b2ebee7d6,"{""proxyWallet"": ""0x9dc2e5f6d8a88fd78d549d390918671282ef0727"", ""side"": ""SELL"", ""asset"": ""5031084282167950494806674428243037744881029417420880897305642929037077494331"", ""conditionId"": ""0x46d40e851b24d9b0af4bc1942ccd86439cae82a9011767da14950df0ad997adf"", ""size"": 54.24, ""price"": 0.044, ""timestamp"": 1770959845, ""title"": ""Will Trump nominate Judy Shelton as the next Fed chair?"", ""slug"": ""will-trump-nominate-judy-shelton-as-the-next-fed-chair"", ""icon"": ""https://polymarket-upload.s3.us-east-2.amazonaws.com/judy-shelton-15c5dd306b.png"", ""eventSlug"": ""who-will-trump-nominate-as-fed-chair"", ""outcome"": ""Yes"", ""outcomeIndex"": 0, ""name"": ""Bska36"", ""pseudonym"": ""Used-Thrill"", ""bio"": """", ""profileImage"": """", ""profileImageOptimized"": """", ""transactionHash"": ""0xfa9dab6148ec3ea6ade4cff0dd021b7475714768e110a300e5842d9b2ebee7d6""}"
1770959615,2026-02-14T01:56:29.128475,0x0cf88f0d33f71e46a4991d50ab167fd3921be4a8a0015906c153ce01a10a48aa:1770959615,572473,5031084282167950494806674428243037744881029417420880897305642929037077494331,BUY,0.043,100.0,4.3,0x0cf88f0d33f71e46a4991d50ab167fd3921be4a8a0015906c153ce01a10a48aa,"{""proxyWallet"": ""0xca8f0374e3fc79b485499cc0b038d4f7e783d963"", ""side"": ""BUY"", ""asset"": ""5031084282167950494806674428243037744881029417420880897305642929037077494331"", ""conditionId"": ""0x46d40e851b24d9b0af4bc1942ccd86439cae82a9011767da14950df0ad997adf"", ""size"": 100, ""price"": 0.043, ""timestamp"": 1770959615, ""title"": ""Will Trump nominate Judy Shelton as the next Fed chair?"", ""slug"": ""will-trump-nominate-judy-shelton-as-the-next-fed-chair"", ""icon"": ""https://polymarket-upload.s3.us-east-2.amazonaws.com/judy-shelton-15c5dd306b.png"", ""eventSlug"": ""who-will-trump-nominate-as-fed-chair"", ""outcome"": ""Yes"", ""outcomeIndex"": 0, ""name"": ""ScottVan"", ""pseudonym"": ""Quirky-Jackfruit"", ""bio"": ""Xiao hong shu: Scott Van"", ""profileImage"": ""https://polymarket-upload.s3.us-east-2.amazonaws.com/pexels_mnannapaneni_28891953_0d0aab77-e6a2-4288-9554-65e8d94404dc_1734553189528.jpg"", ""profileImageOptimized"": """", ""transactionHash"": ""0x0cf88f0d33f71e46a4991d50ab167fd3921be4a8a0015906c153ce01a10a48aa""}"
1770959571,2026-02-14T01:56:29.128495,0x34a01a37d3c1f0135e7c9abc53c328f1b092f66f59908f5af5e3a14d199130d6:1770959571,572473,5031084282167950494806674428243037744881029417420880897305642929037077494331,BUY,0.042999998153483036,507.441859,21.819999,0x34a01a37d3c1f0135e7c9abc53c328f1b092f66f59908f5af5e3a14d199130d6,"{""proxyWallet"": ""0x7d75774f4bccec5ae4c3bd9da8182770c18a19f2"", ""side"": ""BUY"", ""asset"": ""5031084282167950494806674428243037744881029417420880897305642929037077494331"", ""conditionId"": ""0x46d40e851b24d9b0af4bc1942ccd86439cae82a9011767da14950df0ad997adf"", ""size"": 507.441859, ""price"": 0.042999998153483036, ""timestamp"": 1770959571, ""title"": ""Will Trump nominate Judy Shelton as the next Fed chair?"", ""slug"": ""will-trump-nominate-judy-shelton-as-the-next-fed-chair"", ""icon"": ""https://polymarket-upload.s3.us-east-2.amazonaws.com/judy-shelton-15c5dd306b.png"", ""eventSlug"": ""who-will-trump-nominate-as-fed-chair"", ""outcome"": ""Yes"", ""outcomeIndex"": 0, ""name"": ""Xailek"", ""pseudonym"": ""Trustworthy-Steppingstone"", ""bio"": """", ""profileImage"": """", ""profileImageOptimized"": """", ""transactionHash"": ""0x34a01a37d3c1f0135e7c9abc53c328f1b092f66f59908f5af5e3a14d199130d6""}"
1770959417,2026-02-14T01:56:29.128512,0x440b9104e7e28f1e5e1715774aad49b931054b483328ca3dbc3e55bd1330d8c8:1770959417,572473,5031084282167950494806674428243037744881029417420880897305642929037077494331,SELL,0.04200006532152707,9644.6,405.07383,0x440b9104e7e28f1e5e1715774aad49b931054b483328ca3dbc3e55bd1330d8c8,"{""proxyWallet"": ""0x6232ffac1ce6775bb821b1452300ca5115496873"", ""side"": ""SELL"", ""asset"": ""5031084282167950494806674428243037744881029417420880897305642929037077494331"", ""conditionId"": ""0x46d40e851b24d9b0af4bc1942ccd86439cae82a9011767da14950df0ad997adf"", ""size"": 9644.6, ""price"": 0.04200006532152707, ""timestamp"": 1770959417, ""title"": ""Will Trump nominate Judy Shelton as the next Fed chair?"", ""slug"": ""will-trump-nominate-judy-shelton-as-the-next-fed-chair"", ""icon"": ""https://polymarket-upload.s3.us-east-2.amazonaws.com/judy-shelton-15c5dd306b.png"", ""eventSlug"": ""who-will-trump-nominate-as-fed-chair"", ""outcome"": ""Yes"", ""outcomeIndex"": 0, ""name"": ""0x6232ffAc1cE6775Bb821b1452300Ca5115496873-1769759111029"", ""pseudonym"": ""Hideous-Excess"", ""bio"": """", ""profileImage"": """", ""profileImageOptimized"": """", ""transactionHash"": ""0x440b9104e7e28f1e5e1715774aad49b931054b483328ca3dbc3e55bd1330d8c8""}"
1770959399,2026-02-14T01:56:29.128528,0x787691d3fc7fcffb74ee1a41cb1e5ebd55cfc7dbe8bb232e9b81f4abba385d5e:1770959399,572473,5031084282167950494806674428243037744881029417420880897305642929037077494331,SELL,0.043,2605.0,112.01499999999999,0x787691d3fc7fcffb74ee1a41cb1e5ebd55cfc7dbe8bb232e9b81f4abba385d5e,"{""proxyWallet"": ""0x6232ffac1ce6775bb821b1452300ca5115496873"", ""side"": ""SELL"", ""asset"": ""5031084282167950494806674428243037744881029417420880897305642929037077494331"", ""conditionId"": ""0x46d40e851b24d9b0af4bc1942ccd86439cae82a9011767da14950df0ad997adf"", ""size"": 2605, ""price"": 0.043, ""timestamp"": 1770959399, ""title"": ""Will Trump nominate Judy Shelton as the next Fed chair?"", ""slug"": ""will-trump-nominate-judy-shelton-as-the-next-fed-chair"", ""icon"": ""https://polymarket-upload.s3.us-east-2.amazonaws.com/judy-shelton-15c5dd306b.png"", ""eventSlug"": ""who-will-trump-nominate-as-fed-chair"", ""outcome"": ""Yes"", ""outcomeIndex"": 0, ""name"": ""0x6232ffAc1cE6775Bb821b1452300Ca5115496873-1769759111029"", ""pseudonym"": ""Hideous-Excess"", ""bio"": """", ""profileImage"": """", ""profileImageOptimized"": """", ""transactionHash"": ""0x787691d3fc7fcffb74ee1a41cb1e5ebd55cfc7dbe8bb232e9b81f4abba385d5e""}"
1770959185,2026-02-14T01:56:29.128540,0x921f6316166fea0bd9e6f4aa5fd6e12bc67ebb6b2d5367f36da6386e994263a2:1770959185,572473,5031084282167950494806674428243037744881029417420880897305642929037077494331,BUY,0.044,460.0,20.24,0x921f6316166fea0bd9e6f4aa5fd6e12bc67ebb6b2d5367f36da6386e994263a2,"{""proxyWallet"": ""0x2426d51bcf45e088b18425c1245c0622c37b91a1"", ""side"": ""BUY"", ""asset"": ""5031084282167950494806674428243037744881029417420880897305642929037077494331"", ""conditionId"": ""0x46d40e851b24d9b0af4bc1942ccd86439cae82a9011767da14950df0ad997adf"", ""size"": 460, ""price"": 0.044, ""timestamp"": 1770959185, ""title"": ""Will Trump nominate Judy Shelton as the next Fed chair?"", ""slug"": ""will-trump-nominate-judy-shelton-as-the-next-fed-chair"", ""icon"": ""https://polymarket-upload.s3.us-east-2.amazonaws.com/judy-shelton-15c5dd306b.png"", ""eventSlug"": ""who-will-trump-nominate-as-fed-chair"", ""outcome"": ""Yes"", ""outcomeIndex"": 0, ""name"": ""0x2426d51BcF45e088B18425c1245C0622C37b91a1-1770225936104"", ""pseudonym"": ""Agreeable-Wound"", ""bio"": """", ""profileImage"": """", ""profileImageOptimized"": """", ""transactionHash"": ""0x921f6316166fea0bd9e6f4aa5fd6e12bc67ebb6b2d5367f36da6386e994263a2""}"
1770959093,2026-02-14T01:56:29.128558,0xb6026f94163b7b5e1a2159bbf8d3afa1a7470541bccc6ede649fe963e00f7c9e:1770959093,572473,5031084282167950494806674428243037744881029417420880897305642929037077494331,BUY,0.04400000022541872,230.681817,10.15,0xb6026f94163b7b5e1a2159bbf8d3afa1a7470541bccc6ede649fe963e00f7c9e,"{""proxyWallet"": ""0x5589b3061539a89292305102d36e1e79ee01f6f2"", ""side"": ""BUY"", ""asset"": ""5031084282167950494806674428243037744881029417420880897305642929037077494331"", ""conditionId"": ""0x46d40e851b24d9b0af4bc1942ccd86439cae82a9011767da14950df0ad997adf"", ""size"": 230.681817, ""price"": 0.04400000022541872, ""timestamp"": 1770959093, ""title"": ""Will Trump nominate Judy Shelton as the next Fed chair?"", ""slug"": ""will-trump-nominate-judy-shelton-as-the-next-fed-chair"", ""icon"": ""https://polymarket-upload.s3.us-east-2.amazonaws.com/judy-shelton-15c5dd306b.png"", ""eventSlug"": ""who-will-trump-nominate-as-fed-chair"", ""outcome"": ""Yes"", ""outcomeIndex"": 0, ""name"": ""bestbeing"", ""pseudonym"": ""Cheery-Haze"", ""bio"": """", ""profileImage"": """", ""profileImageOptimized"": """", ""transactionHash"": ""0xb6026f94163b7b5e1a2159bbf8d3afa1a7470541bccc6ede649fe963e00f7c9e""}"
1770958989,2026-02-14T01:56:29.128571,0x3adef00985b76b6831caab645f98069ad4eac5711418e6d79300e537a36ccdad:1770958989,572473,5031084282167950494806674428243037744881029417420880897305642929037077494331,BUY,0.044,81.57,3.5890799999999996,0x3adef00985b76b6831caab645f98069ad4eac5711418e6d79300e537a36ccdad,"{""proxyWallet"": ""0x712f29301b5f671e084bf7cf02eb00d93dbcbcd9"", ""side"": ""BUY"", ""asset"": ""5031084282167950494806674428243037744881029417420880897305642929037077494331"", ""conditionId"": ""0x46d40e851b24d9b0af4bc1942ccd86439cae82a9011767da14950df0ad997adf"", ""size"": 81.57, ""price"": 0.044, ""timestamp"": 1770958989, ""title"": ""Will Trump nominate Judy Shelton as the next Fed chair?"", ""slug"": ""will-trump-nominate-judy-shelton-as-the-next-fed-chair"", ""icon"": ""https://polymarket-upload.s3.us-east-2.amazonaws.com/judy-shelton-15c5dd306b.png"", ""eventSlug"": ""who-will-trump-nominate-as-fed-chair"", ""outcome"": ""Yes"", ""outcomeIndex"": 0, ""name"": """", ""pseudonym"": """", ""bio"": """", ""profileImage"": """", ""profileImageOptimized"": """", ""transactionHash"": ""0x3adef00985b76b6831caab645f98069ad4eac5711418e6d79300e537a36ccdad""}"
1770958455,2026-02-14T01:56:29.128590,0xd78ad17c27fea62b4702666d3a1dd9a7ad53d614bcb30468dd875a3a9aff1d70:1770958455,572473,5031084282167950494806674428243037744881029417420880897305642929037077494331,SELL,0.043,5.0,0.21499999999999997,0xd78ad17c27fea62b4702666d3a1dd9a7ad53d614bcb30468dd875a3a9aff1d70,"{""proxyWallet"": ""0x0b01d14b4f91acdf61534543d4a645f142238f47"", ""side"": ""SELL"", ""asset"": ""5031084282167950494806674428243037744881029417420880897305642929037077494331"", ""conditionId"": ""0x46d40e851b24d9b0af4bc1942ccd86439cae82a9011767da14950df0ad997adf"", ""size"": 5, ""price"": 0.043, ""timestamp"": 1770958455, ""title"": ""Will Trump nominate Judy Shelton as the next Fed chair?"", ""slug"": ""will-trump-nominate-judy-shelton-as-the-next-fed-chair"", ""icon"": ""https://polymarket-upload.s3.us-east-2.amazonaws.com/judy-shelton-15c5dd306b.png"", ""eventSlug"": ""who-will-trump-nominate-as-fed-chair"", ""outcome"": ""Yes"", ""outcomeIndex"": 0, ""name"": ""0x0B01d14B4f91ACdf61534543d4a645f142238F47-1766685782640"", ""pseudonym"": ""Radiant-Dahlia"", ""bio"": """", ""profileImage"": """", ""profileImageOptimized"": """", ""transactionHash"": ""0xd78ad17c27fea62b4702666d3a1dd9a7ad53d614bcb30468dd875a3a9aff1d70""}"
1770958305,2026-02-14T01:56:29.128605,0xc2267d11088233c6945799b394ac139246b09de8fb80644d4d6f887a1c07cc0c:1770958305,572473,5031084282167950494806674428243037744881029417420880897305642929037077494331,SELL,0.043,24999.99,1074.99957,0xc2267d11088233c6945799b394ac139246b09de8fb80644d4d6f887a1c07cc0c,"{""proxyWallet"": ""0x8c685bc785b015a8029e2970796c766e4ab8072d"", ""side"": ""SELL"", ""asset"": ""5031084282167950494806674428243037744881029417420880897305642929037077494331"", ""conditionId"": ""0x46d40e851b24d9b0af4bc1942ccd86439cae82a9011767da14950df0ad997adf"", ""size"": 24999.99, ""price"": 0.043, ""timestamp"": 1770958305, ""title"": ""Will Trump nominate Judy Shelton as the next Fed chair?"", ""slug"": ""will-trump-nominate-judy-shelton-as-the-next-fed-chair"", ""icon"": ""https://polymarket-upload.s3.us-east-2.amazonaws.com/judy-shelton-15c5dd306b.png"", ""eventSlug"": ""who-will-trump-nominate-as-fed-chair"", ""outcome"": ""Yes"", ""outcomeIndex"": 0, ""name"": ""vitalik.eth."", ""pseudonym"": ""Wrathful-Enclave"", ""bio"": """", ""profileImage"": """", ""profileImageOptimized"": """", ""transactionHash"": ""0xc2267d11088233c6945799b394ac139246b09de8fb80644d4d6f887a1c07cc0c""}"
1770957663,2026-02-14T01:56:29.128634,0x165c77bbb1eec359b798e6966cc3571c815dcd504c028df00c313fd689a220fc:1770957663,572473,5031084282167950494806674428243037744881029417420880897305642929037077494331,BUY,0.04399995934399691,22.727271,0.999999,0x165c77bbb1eec359b798e6966cc3571c815dcd504c028df00c313fd689a220fc,"{""proxyWallet"": ""0x350b0d88ecea530b703dac8eb802f9e00d48bf68"", ""side"": ""BUY"", ""asset"": ""5031084282167950494806674428243037744881029417420880897305642929037077494331"", ""conditionId"": ""0x46d40e851b24d9b0af4bc1942ccd86439cae82a9011767da14950df0ad997adf"", ""size"": 22.727271, ""price"": 0.04399995934399691, ""timestamp"": 1770957663, ""title"": ""Will Trump nominate Judy Shelton as the next Fed chair?"", ""slug"": ""will-trump-nominate-judy-shelton-as-the-next-fed-chair"", ""icon"": ""https://polymarket-upload.s3.us-east-2.amazonaws.com/judy-shelton-15c5dd306b.png"", ""eventSlug"": ""who-will-trump-nominate-as-fed-chair"", ""outcome"": ""Yes"", ""outcomeIndex"": 0, ""name"": ""0x350b0d88eCea530B703DAc8EB802F9E00D48BF68-1770683430794"", ""pseudonym"": ""Determined-Establishment"", ""bio"": """", ""profileImage"": """", ""profileImageOptimized"": """", ""transactionHash"": ""0x165c77bbb1eec359b798e6966cc3571c815dcd504c028df00c313fd689a220fc""}"
1770957391,2026-02-14T01:56:30.062167,0x30da5cb02f04887e19d3ff430a3517164eb26496523296c5df8db92ed27d0bdf:1770957391,572473,5031084282167950494806674428243037744881029417420880897305642929037077494331,BUY,0.043999997949599995,454.545453,19.999999000000003,0x30da5cb02f04887e19d3ff430a3517164eb26496523296c5df8db92ed27d0bdf,"{""proxyWallet"": ""0x7ea39549d58ac3a1d7014856db3b284fc8d38360"", ""side"": ""BUY"", ""asset"": ""5031084282167950494806674428243037744881029417420880897305642929037077494331"", ""conditionId"": ""0x46d40e851b24d9b0af4bc1942ccd86439cae82a9011767da14950df0ad997adf"", ""size"": 454.545453, ""price"": 0.043999997949599995, ""timestamp"": 1770957391, ""title"": ""Will Trump nominate Judy Shelton as the next Fed chair?"", ""slug"": ""will-trump-nominate-judy-shelton-as-the-next-fed-chair"", ""icon"": ""https://polymarket-upload.s3.us-east-2.amazonaws.com/judy-shelton-15c5dd306b.png"", ""eventSlug"": ""who-will-trump-nominate-as-fed-chair"", ""outcome"": ""Yes"", ""outcomeIndex"": 0, ""name"": ""xxv"", ""pseudonym"": ""Wide-Marines"", ""bio"": """", ""profileImage"": """", ""profileImageOptimized"": """", ""transactionHash"": ""0x30da5cb02f04887e19d3ff430a3517164eb26496523296c5df8db92ed27d0bdf""}"
1770956857,2026-02-14T01:56:30.062280,0x96085263a7c35b447a840286f8c35cc10956271abea6ddc90e485288fd77e6b8:1770956857,572473,5031084282167950494806674428243037744881029417420880897305642929037077494331,SELL,0.043,5.0,0.21499999999999997,0x96085263a7c35b447a840286f8c35cc10956271abea6ddc90e485288fd77e6b8,"{""proxyWallet"": ""0x0b01d14b4f91acdf61534543d4a645f142238f47"", ""side"": ""SELL"", ""asset"": ""5031084282167950494806674428243037744881029417420880897305642929037077494331"", ""conditionId"": ""0x46d40e851b24d9b0af4bc1942ccd86439cae82a9011767da14950df0ad997adf"", ""size"": 5, ""price"": 0.043, ""timestamp"": 1770956857, ""title"": ""Will Trump nominate Judy Shelton as the next Fed chair?"", ""slug"": ""will-trump-nominate-judy-shelton-as-the-next-fed-chair"", ""icon"": ""https://polymarket-upload.s3.us-east-2.amazonaws.com/judy-shelton-15c5dd306b.png"", ""eventSlug"": ""who-will-trump-nominate-as-fed-chair"", ""outcome"": ""Yes"", ""outcomeIndex"": 0, ""name"": ""0x0B01d14B4f91ACdf61534543d4a645f142238F47-1766685782640"", ""pseudonym"": ""Radiant-Dahlia"", ""bio"": """", ""profileImage"": """", ""profileImageOptimized"": """", ""transactionHash"": ""0x96085263a7c35b447a840286f8c35cc10956271abea6ddc90e485288fd77e6b8""}"
1770956645,2026-02-14T01:56:30.062315,0x2234e1abd1b8acc837e07e5ed83e5a1afe695ed28e5ebc71f08bbde245b49651:1770956645,572473,5031084282167950494806674428243037744881029417420880897305642929037077494331,SELL,0.043,102.56,4.41008,0x2234e1abd1b8acc837e07e5ed83e5a1afe695ed28e5ebc71f08bbde245b49651,"{""proxyWallet"": ""0xbf8c989c2d4947b6cd805b047c8bcc30755c233f"", ""side"": ""SELL"", ""asset"": ""5031084282167950494806674428243037744881029417420880897305642929037077494331"", ""conditionId"": ""0x46d40e851b24d9b0af4bc1942ccd86439cae82a9011767da14950df0ad997adf"", ""size"": 102.56, ""price"": 0.043, ""timestamp"": 1770956645, ""title"": ""Will Trump nominate Judy Shelton as the next Fed chair?"", ""slug"": ""will-trump-nominate-judy-shelton-as-the-next-fed-chair"", ""icon"": ""https://polymarket-upload.s3.us-east-2.amazonaws.com/judy-shelton-15c5dd306b.png"", ""eventSlug"": ""who-will-trump-nominate-as-fed-chair"", ""outcome"": ""Yes"", ""outcomeIndex"": 0, ""name"": ""goto5000"", ""pseudonym"": ""Cheery-Wrong"", ""bio"": """", ""profileImage"": """", ""profileImageOptimized"": """", ""transactionHash"": ""0x2234e1abd1b8acc837e07e5ed83e5a1afe695ed28e5ebc71f08bbde245b49651""}"
1770956283,2026-02-14T01:56:30.062353,0xe34ce69f714a8e372cc8fc421a373b757559c786977318a519fbd3fe52a7fa03:1770956283,572473,5031084282167950494806674428243037744881029417420880897305642929037077494331,BUY,0.044,140.0,6.159999999999999,0xe34ce69f714a8e372cc8fc421a373b757559c786977318a519fbd3fe52a7fa03,"{""proxyWallet"": ""0x7d858550e3f39cb2f605b36e5b068a15bcb63a04"", ""side"": ""BUY"", ""asset"": ""5031084282167950494806674428243037744881029417420880897305642929037077494331"", ""conditionId"": ""0x46d40e851b24d9b0af4bc1942ccd86439cae82a9011767da14950df0ad997adf"", ""size"": 140, ""price"": 0.044, ""timestamp"": 1770956283, ""title"": ""Will Trump nominate Judy Shelton as the next Fed chair?"", ""slug"": ""will-trump-nominate-judy-shelton-as-the-next-fed-chair"", ""icon"": ""https://polymarket-upload.s3.us-east-2.amazonaws.com/judy-shelton-15c5dd306b.png"", ""eventSlug"": ""who-will-trump-nominate-as-fed-chair"", ""outcome"": ""Yes"", ""outcomeIndex"": 0, ""name"": ""Helldiver15"", ""pseudonym"": ""Puny-Satisfaction"", ""bio"": """", ""profileImage"": ""https://polymarket-upload.s3.us-east-2.amazonaws.com/profile-image-4767879-f9f90af8-d3b8-4537-a737-cac6c0965620.png"", ""profileImageOptimized"": """", ""transactionHash"": ""0xe34ce69f714a8e372cc8fc421a373b757559c786977318a519fbd3fe52a7fa03""}"
1770955959,2026-02-14T01:56:30.062385,0x2f9cc0558cba71a71b2746f06e3ad1974e50685dd0afe9f8105b1f87a8c00f19:1770955959,572473,5031084282167950494806674428243037744881029417420880897305642929037077494331,BUY,0.04399995934399691,22.727271,0.999999,0x2f9cc0558cba71a71b2746f06e3ad1974e50685dd0afe9f8105b1f87a8c00f19,"{""proxyWallet"": ""0x76f9d46e3f2331bf9d220e57504b9cb10d4f83af"", ""side"": ""BUY"", ""asset"": ""5031084282167950494806674428243037744881029417420880897305642929037077494331"", ""conditionId"": ""0x46d40e851b24d9b0af4bc1942ccd86439cae82a9011767da14950df0ad997adf"", ""size"": 22.727271, ""price"": 0.04399995934399691, ""timestamp"": 1770955959, ""title"": ""Will Trump nominate Judy Shelton as the next Fed chair?"", ""slug"": ""will-trump-nominate-judy-shelton-as-the-next-fed-chair"", ""icon"": ""https://polymarket-upload.s3.us-east-2.amazonaws.com/judy-shelton-15c5dd306b.png"", ""eventSlug"": ""who-will-trump-nominate-as-fed-chair"", ""outcome"": ""Yes"", ""outcomeIndex"": 0, ""name"": """", ""pseudonym"": """", ""bio"": """", ""profileImage"": """", ""profileImageOptimized"": """", ""transactionHash"": ""0x2f9cc0558cba71a71b2746f06e3ad1974e50685dd0afe9f8105b1f87a8c00f19""}"
1770955753,2026-02-14T01:56:30.062412,0x061ce6edbc6ac5c35cc7c7276e6dad192aa3a991e366cba8c32cfac09b377892:1770955753,572473,5031084282167950494806674428243037744881029417420880897305642929037077494331,SELL,0.043,5.0,0.21499999999999997,0x061ce6edbc6ac5c35cc7c7276e6dad192aa3a991e366cba8c32cfac09b377892,"{""proxyWallet"": ""0x0b01d14b4f91acdf61534543d4a645f142238f47"", ""side"": ""SELL"", ""asset"": ""5031084282167950494806674428243037744881029417420880897305642929037077494331"", ""conditionId"": ""0x46d40e851b24d9b0af4bc1942ccd86439cae82a9011767da14950df0ad997adf"", ""size"": 5, ""price"": 0.043, ""timestamp"": 1770955753, ""title"": ""Will Trump nominate Judy Shelton as the next Fed chair?"", ""slug"": ""will-trump-nominate-judy-shelton-as-the-next-fed-chair"", ""icon"": ""https://polymarket-upload.s3.us-east-2.amazonaws.com/judy-shelton-15c5dd306b.png"", ""eventSlug"": ""who-will-trump-nominate-as-fed-chair"", ""outcome"": ""Yes"", ""outcomeIndex"": 0, ""name"": ""0x0B01d14B4f91ACdf61534543d4a645f142238F47-1766685782640"", ""pseudonym"": ""Radiant-Dahlia"", ""bio"": """", ""profileImage"": """", ""profileImageOptimized"": """", ""transactionHash"": ""0x061ce6edbc6ac5c35cc7c7276e6dad192aa3a991e366cba8c32cfac09b377892""}"
1770955657,2026-02-14T01:56:30.062437,0x7cd5d82689608baa3752c9f017bd645dd36895b8227e7aa42d987b36f9d46b47:1770955657,572473,5031084282167950494806674428243037744881029417420880897305642929037077494331,SELL,0.043,5.0,0.21499999999999997,0x7cd5d82689608baa3752c9f017bd645dd36895b8227e7aa42d987b36f9d46b47,"{""proxyWallet"": ""0x0b01d14b4f91acdf61534543d4a645f142238f47"", ""side"": ""SELL"", ""asset"": ""5031084282167950494806674428243037744881029417420880897305642929037077494331"", ""conditionId"": ""0x46d40e851b24d9b0af4bc1942ccd86439cae82a9011767da14950df0ad997adf"", ""size"": 5, ""price"": 0.043, ""timestamp"": 1770955657, ""title"": ""Will Trump nominate Judy Shelton as the next Fed chair?"", ""slug"": ""will-trump-nominate-judy-shelton-as-the-next-fed-chair"", ""icon"": ""https://polymarket-upload.s3.us-east-2.amazonaws.com/judy-shelton-15c5dd306b.png"", ""eventSlug"": ""who-will-trump-nominate-as-fed-chair"", ""outcome"": ""Yes"", ""outcomeIndex"": 0, ""name"": ""0x0B01d14B4f91ACdf61534543d4a645f142238F47-1766685782640"", ""pseudonym"": ""Radiant-Dahlia"", ""bio"": """", ""profileImage"": """", ""profileImageOptimized"": """", ""transactionHash"": ""0x7cd5d82689608baa3752c9f017bd645dd36895b8227e7aa42d987b36f9d46b47""}"
1770955117,2026-02-14T01:56:30.062456,0x529dd0eb1521f7e88366e0a30e25f09822c24d42cf9e3192f953ce08cf6cd28e:1770955117,572473,5031084282167950494806674428243037744881029417420880897305642929037077494331,BUY,0.04400000016896,284.090908,12.500000000000002,0x529dd0eb1521f7e88366e0a30e25f09822c24d42cf9e3192f953ce08cf6cd28e,"{""proxyWallet"": ""0x25ef6e0a7fb5b0541c88b6031313d440b4a363a8"", ""side"": ""BUY"", ""asset"": ""5031084282167950494806674428243037744881029417420880897305642929037077494331"", ""conditionId"": ""0x46d40e851b24d9b0af4bc1942ccd86439cae82a9011767da14950df0ad997adf"", ""size"": 284.090908, ""price"": 0.04400000016896, ""timestamp"": 1770955117, ""title"": ""Will Trump nominate Judy Shelton as the next Fed chair?"", ""slug"": ""will-trump-nominate-judy-shelton-as-the-next-fed-chair"", ""icon"": ""https://polymarket-upload.s3.us-east-2.amazonaws.com/judy-shelton-15c5dd306b.png"", ""eventSlug"": ""who-will-trump-nominate-as-fed-chair"", ""outcome"": ""Yes"", ""outcomeIndex"": 0, ""name"": ""Gloo"", ""pseudonym"": ""Definite-Scrip"", ""bio"": """", ""profileImage"": """", ""profileImageOptimized"": """", ""transactionHash"": ""0x529dd0eb1521f7e88366e0a30e25f09822c24d42cf9e3192f953ce08cf6cd28e""}"
1770954797,2026-02-14T01:56:30.062479,0xf2888038dfc58b67fc1a60368f29b56e88b779d01ad96b70e031351351792e51:1770954797,572473,5031084282167950494806674428243037744881029417420880897305642929037077494331,BUY,0.043999979407999344,45.454544,1.999999,0xf2888038dfc58b67fc1a60368f29b56e88b779d01ad96b70e031351351792e51,"{""proxyWallet"": ""0x1a3d258e48affdd3046e24e636d18fb4a58eb3f3"", ""side"": ""BUY"", ""asset"": ""5031084282167950494806674428243037744881029417420880897305642929037077494331"", ""conditionId"": ""0x46d40e851b24d9b0af4bc1942ccd86439cae82a9011767da14950df0ad997adf"", ""size"": 45.454544, ""price"": 0.043999979407999344, ""timestamp"": 1770954797, ""title"": ""Will Trump nominate Judy Shelton as the next Fed chair?"", ""slug"": ""will-trump-nominate-judy-shelton-as-the-next-fed-chair"", ""icon"": ""https://polymarket-upload.s3.us-east-2.amazonaws.com/judy-shelton-15c5dd306b.png"", ""eventSlug"": ""who-will-trump-nominate-as-fed-chair"", ""outcome"": ""Yes"", ""outcomeIndex"": 0, ""name"": """", ""pseudonym"": """", ""bio"": """", ""profileImage"": """", ""profileImageOptimized"": """", ""transactionHash"": ""0xf2888038dfc58b67fc1a60368f29b56e88b779d01ad96b70e031351351792e51""}"
1770954645,2026-02-14T01:56:30.062499,0x8dae669549d6e093d92ab81a46c172f42fad1c170b1d5cbb34eb820667845bf7:1770954645,572473,5031084282167950494806674428243037744881029417420880897305642929037077494331,BUY,0.04499999946353032,1733.555554,78.00999900000001,0x8dae669549d6e093d92ab81a46c172f42fad1c170b1d5cbb34eb820667845bf7,"{""proxyWallet"": ""0x34201fb9132f7e2ca15f6ca258135cb62be55717"", ""side"": ""BUY"", ""asset"": ""5031084282167950494806674428243037744881029417420880897305642929037077494331"", ""conditionId"": ""0x46d40e851b24d9b0af4bc1942ccd86439cae82a9011767da14950df0ad997adf"", ""size"": 1733.555554, ""price"": 0.04499999946353032, ""timestamp"": 1770954645, ""title"": ""Will Trump nominate Judy Shelton as the next Fed chair?"", ""slug"": ""will-trump-nominate-judy-shelton-as-the-next-fed-chair"", ""icon"": ""https://polymarket-upload.s3.us-east-2.amazonaws.com/judy-shelton-15c5dd306b.png"", ""eventSlug"": ""who-will-trump-nominate-as-fed-chair"", ""outcome"": ""Yes"", ""outcomeIndex"": 0, ""name"": ""0x34201fB9132f7e2Ca15f6ca258135cB62Be55717-1770864782556"", ""pseudonym"": ""Unhealthy-Ritual"", ""bio"": """", ""profileImage"": """", ""profileImageOptimized"": """", ""transactionHash"": ""0x8dae669549d6e093d92ab81a46c172f42fad1c170b1d5cbb34eb820667845bf7""}"
1770954625,2026-02-14T01:56:30.062522,0x8ce42b6cdf3fa1c10ce890e14f83d80816da44c0d25b9244f5db6b6aee895386:1770954625,572473,5031084282167950494806674428243037744881029417420880897305642929037077494331,BUY,0.045,220.0,9.9,0x8ce42b6cdf3fa1c10ce890e14f83d80816da44c0d25b9244f5db6b6aee895386,"{""proxyWallet"": ""0xa15d9a5c6f0224b2a0634813a6173fe91f65ee80"", ""side"": ""BUY"", ""asset"": ""5031084282167950494806674428243037744881029417420880897305642929037077494331"", ""conditionId"": ""0x46d40e851b24d9b0af4bc1942ccd86439cae82a9011767da14950df0ad997adf"", ""size"": 220, ""price"": 0.045, ""timestamp"": 1770954625, ""title"": ""Will Trump nominate Judy Shelton as the next Fed chair?"", ""slug"": ""will-trump-nominate-judy-shelton-as-the-next-fed-chair"", ""icon"": ""https://polymarket-upload.s3.us-east-2.amazonaws.com/judy-shelton-15c5dd306b.png"", ""eventSlug"": ""who-will-trump-nominate-as-fed-chair"", ""outcome"": ""Yes"", ""outcomeIndex"": 0, ""name"": ""wwweeee108"", ""pseudonym"": ""Outlying-Affidavit"", ""bio"": """", ""profileImage"": """", ""profileImageOptimized"": """", ""transactionHash"": ""0x8ce42b6cdf3fa1c10ce890e14f83d80816da44c0d25b9244f5db6b6aee895386""}"
1770954549,2026-02-14T01:56:30.062541,0x335b68f7083fa83a18ee529d4f284b4e3ecc7a1407fdbada2f7cfb0c65bb982c:1770954549,572473,5031084282167950494806674428243037744881029417420880897305642929037077494331,BUY,0.04500000000553519,9033.11111,406.48999999999995,0x335b68f7083fa83a18ee529d4f284b4e3ecc7a1407fdbada2f7cfb0c65bb982c,"{""proxyWallet"": ""0xe14d3f51da21691ee71604599be912acb0e9cec6"", ""side"": ""BUY"", ""asset"": ""5031084282167950494806674428243037744881029417420880897305642929037077494331"", ""conditionId"": ""0x46d40e851b24d9b0af4bc1942ccd86439cae82a9011767da14950df0ad997adf"", ""size"": 9033.11111, ""price"": 0.04500000000553519, ""timestamp"": 1770954549, ""title"": ""Will Trump nominate Judy Shelton as the next Fed chair?"", ""slug"": ""will-trump-nominate-judy-shelton-as-the-next-fed-chair"", ""icon"": ""https://polymarket-upload.s3.us-east-2.amazonaws.com/judy-shelton-15c5dd306b.png"", ""eventSlug"": ""who-will-trump-nominate-as-fed-chair"", ""outcome"": ""Yes"", ""outcomeIndex"": 0, ""name"": ""bapsy"", ""pseudonym"": ""Earnest-Tassel"", ""bio"": """", ""profileImage"": """", ""profileImageOptimized"": """", ""transactionHash"": ""0x335b68f7083fa83a18ee529d4f284b4e3ecc7a1407fdbada2f7cfb0c65bb982c""}"
1770954497,2026-02-14T01:56:30.062561,0x654c4e5d5057b69e4da8f4525873a94f59bfd187cbb44aec31bca969379c35d7:1770954497,572473,5031084282167950494806674428243037744881029417420880897305642929037077494331,BUY,0.045,500.0,22.5,0x654c4e5d5057b69e4da8f4525873a94f59bfd187cbb44aec31bca969379c35d7,"{""proxyWallet"": ""0x8eb13480c866d0769e290d8b24e90e69d1cf0812"", ""side"": ""BUY"", ""asset"": ""5031084282167950494806674428243037744881029417420880897305642929037077494331"", ""conditionId"": ""0x46d40e851b24d9b0af4bc1942ccd86439cae82a9011767da14950df0ad997adf"", ""size"": 500, ""price"": 0.045, ""timestamp"": 1770954497, ""title"": ""Will Trump nominate Judy Shelton as the next Fed chair?"", ""slug"": ""will-trump-nominate-judy-shelton-as-the-next-fed-chair"", ""icon"": ""https://polymarket-upload.s3.us-east-2.amazonaws.com/judy-shelton-15c5dd306b.png"", ""eventSlug"": ""who-will-trump-nominate-as-fed-chair"", ""outcome"": ""Yes"", ""outcomeIndex"": 0, ""name"": ""0x8eb13480c866D0769E290d8b24e90E69D1CF0812-1761274671299"", ""pseudonym"": ""Troubled-Scope"", ""bio"": """", ""profileImage"": """", ""profileImageOptimized"": """", ""transactionHash"": ""0x654c4e5d5057b69e4da8f4525873a94f59bfd187cbb44aec31bca969379c35d7""}"
1770954435,2026-02-14T01:56:30.062581,0x22c5ebd817aea228f95dc3205fa8c3842778904e33d5b9f89e22972e4c126b55:1770954435,572473,5031084282167950494806674428243037744881029417420880897305642929037077494331,SELL,0.043,26.31,1.13133,0x22c5ebd817aea228f95dc3205fa8c3842778904e33d5b9f89e22972e4c126b55,"{""proxyWallet"": ""0xac474ae732731fe69faf549e569d18424261e964"", ""side"": ""SELL"", ""asset"": ""5031084282167950494806674428243037744881029417420880897305642929037077494331"", ""conditionId"": ""0x46d40e851b24d9b0af4bc1942ccd86439cae82a9011767da14950df0ad997adf"", ""size"": 26.31, ""price"": 0.043, ""timestamp"": 1770954435, ""title"": ""Will Trump nominate Judy Shelton as the next Fed chair?"", ""slug"": ""will-trump-nominate-judy-shelton-as-the-next-fed-chair"", ""icon"": ""https://polymarket-upload.s3.us-east-2.amazonaws.com/judy-shelton-15c5dd306b.png"", ""eventSlug"": ""who-will-trump-nominate-as-fed-chair"", ""outcome"": ""Yes"", ""outcomeIndex"": 0, ""name"": ""flofitzz"", ""pseudonym"": ""Weird-Gem"", ""bio"": """", ""profileImage"": """", ""profileImageOptimized"": """", ""transactionHash"": ""0x22c5ebd817aea228f95dc3205fa8c3842778904e33d5b9f89e22972e4c126b55""}"
1770953395,2026-02-14T01:56:30.062631,0x27489cc8cd0f4f48a1ad5f23db19ae4a14f0e98255d861b1db60dc6b3b74f987:1770953395,572473,5031084282167950494806674428243037744881029417420880897305642929037077494331,BUY,0.045,155.5,6.9975,0x27489cc8cd0f4f48a1ad5f23db19ae4a14f0e98255d861b1db60dc6b3b74f987,"{""proxyWallet"": ""0x6c248d4d060853b3ca7899a4ad8ca165a2c1b10e"", ""side"": ""BUY"", ""asset"": ""5031084282167950494806674428243037744881029417420880897305642929037077494331"", ""conditionId"": ""0x46d40e851b24d9b0af4bc1942ccd86439cae82a9011767da14950df0ad997adf"", ""size"": 155.5, ""price"": 0.045, ""timestamp"": 1770953395, ""title"": ""Will Trump nominate Judy Shelton as the next Fed chair?"", ""slug"": ""will-trump-nominate-judy-shelton-as-the-next-fed-chair"", ""icon"": ""https://polymarket-upload.s3.us-east-2.amazonaws.com/judy-shelton-15c5dd306b.png"", ""eventSlug"": ""who-will-trump-nominate-as-fed-chair"", ""outcome"": ""Yes"", ""outcomeIndex"": 0, ""name"": ""huathuat88"", ""pseudonym"": ""Treasured-Tornado"", ""bio"": """", ""profileImage"": ""https://polymarket-upload.s3.us-east-2.amazonaws.com/profile-image-5068003-bbe68812-42f3-49fc-bbfb-fc56d43ba2de.png"", ""profileImageOptimized"": """", ""transactionHash"": ""0x27489cc8cd0f4f48a1ad5f23db19ae4a14f0e98255d861b1db60dc6b3b74f987""}"
1770952205,2026-02-14T01:56:30.062664,0x112a646cc4c21d8ebbb08f0cc448f36bc1bae5ae4bd0d55d0addcd0917e02460:1770952205,572473,5031084282167950494806674428243037744881029417420880897305642929037077494331,BUY,0.04499999574749998,222.222221,9.999999,0x112a646cc4c21d8ebbb08f0cc448f36bc1bae5ae4bd0d55d0addcd0917e02460,"{""proxyWallet"": ""0x5e9c9e2a874d067caf8d8874a0f754b9bd311259"", ""side"": ""BUY"", ""asset"": ""5031084282167950494806674428243037744881029417420880897305642929037077494331"", ""conditionId"": ""0x46d40e851b24d9b0af4bc1942ccd86439cae82a9011767da14950df0ad997adf"", ""size"": 222.222221, ""price"": 0.04499999574749998, ""timestamp"": 1770952205, ""title"": ""Will Trump nominate Judy Shelton as the next Fed chair?"", ""slug"": ""will-trump-nominate-judy-shelton-as-the-next-fed-chair"", ""icon"": ""https://polymarket-upload.s3.us-east-2.amazonaws.com/judy-shelton-15c5dd306b.png"", ""eventSlug"": ""who-will-trump-nominate-as-fed-chair"", ""outcome"": ""Yes"", ""outcomeIndex"": 0, ""name"": ""0x5e9c9E2A874d067caf8D8874a0F754B9BD311259-1768443577897"", ""pseudonym"": ""Bright-Triad"", ""bio"": """", ""profileImage"": """", ""profileImageOptimized"": """", ""transactionHash"": ""0x112a646cc4c21d8ebbb08f0cc448f36bc1bae5ae4bd0d55d0addcd0917e02460""}"
1770952087,2026-02-14T01:56:30.062687,0xdbb495049d62cba8f8f17a7de39e5fad99546b3c416ac9f144b3fbde6b4d28a1:1770952087,572473,5031084282167950494806674428243037744881029417420880897305642929037077494331,SELL,0.044,833.33,36.66652,0xdbb495049d62cba8f8f17a7de39e5fad99546b3c416ac9f144b3fbde6b4d28a1,"{""proxyWallet"": ""0x5e8f3f269435768d30df68f209f233abe187d1ba"", ""side"": ""SELL"", ""asset"": ""5031084282167950494806674428243037744881029417420880897305642929037077494331"", ""conditionId"": ""0x46d40e851b24d9b0af4bc1942ccd86439cae82a9011767da14950df0ad997adf"", ""size"": 833.33, ""price"": 0.044, ""timestamp"": 1770952087, ""title"": ""Will Trump nominate Judy Shelton as the next Fed chair?"", ""slug"": ""will-trump-nominate-judy-shelton-as-the-next-fed-chair"", ""icon"": ""https://polymarket-upload.s3.us-east-2.amazonaws.com/judy-shelton-15c5dd306b.png"", ""eventSlug"": ""who-will-trump-nominate-as-fed-chair"", ""outcome"": ""Yes"", ""outcomeIndex"": 0, ""name"": ""delta604"", ""pseudonym"": ""Stupendous-Anywhere"", ""bio"": """", ""profileImage"": """", ""profileImageOptimized"": """", ""transactionHash"": ""0xdbb495049d62cba8f8f17a7de39e5fad99546b3c416ac9f144b3fbde6b4d28a1""}"
1770951731,2026-02-14T01:56:30.062712,0x57629dc014e058780dcf5384b766ff30f88e236670afe6667744af1b3792c317:1770951731,572473,5031084282167950494806674428243037744881029417420880897305642929037077494331,BUY,0.0450000000188316,2655.11111,119.47999999999999,0x57629dc014e058780dcf5384b766ff30f88e236670afe6667744af1b3792c317,"{""proxyWallet"": ""0x4c893386e35cd96d0d6412f4e7e73b21248d47f2"", ""side"": ""BUY"", ""asset"": ""5031084282167950494806674428243037744881029417420880897305642929037077494331"", ""conditionId"": ""0x46d40e851b24d9b0af4bc1942ccd86439cae82a9011767da14950df0ad997adf"", ""size"": 2655.11111, ""price"": 0.0450000000188316, ""timestamp"": 1770951731, ""title"": ""Will Trump nominate Judy Shelton as the next Fed chair?"", ""slug"": ""will-trump-nominate-judy-shelton-as-the-next-fed-chair"", ""icon"": ""https://polymarket-upload.s3.us-east-2.amazonaws.com/judy-shelton-15c5dd306b.png"", ""eventSlug"": ""who-will-trump-nominate-as-fed-chair"", ""outcome"": ""Yes"", ""outcomeIndex"": 0, ""name"": ""0x4C893386E35cd96D0d6412f4e7E73B21248D47F2-1767981125310"", ""pseudonym"": ""Buzzing-Saint"", ""bio"": """", ""profileImage"": """", ""profileImageOptimized"": """", ""transactionHash"": ""0x57629dc014e058780dcf5384b766ff30f88e236670afe6667744af1b3792c317""}"
1770951629,2026-02-14T01:56:30.062734,0x85628caed04ffbb0ded327b06aecaf84267256efac079943ac4248f0a64bbfee:1770951629,572473,5031084282167950494806674428243037744881029417420880897305642929037077494331,BUY,0.045999957035997165,21.739129,0.999999,0x85628caed04ffbb0ded327b06aecaf84267256efac079943ac4248f0a64bbfee,"{""proxyWallet"": ""0xfc443e94a8f601136d24f18d6c3009cc7362a5b1"", ""side"": ""BUY"", ""asset"": ""5031084282167950494806674428243037744881029417420880897305642929037077494331"", ""conditionId"": ""0x46d40e851b24d9b0af4bc1942ccd86439cae82a9011767da14950df0ad997adf"", ""size"": 21.739129, ""price"": 0.045999957035997165, ""timestamp"": 1770951629, ""title"": ""Will Trump nominate Judy Shelton as the next Fed chair?"", ""slug"": ""will-trump-nominate-judy-shelton-as-the-next-fed-chair"", ""icon"": ""https://polymarket-upload.s3.us-east-2.amazonaws.com/judy-shelton-15c5dd306b.png"", ""eventSlug"": ""who-will-trump-nominate-as-fed-chair"", ""outcome"": ""Yes"", ""outcomeIndex"": 0, ""name"": ""Agonizing-burned"", ""pseudonym"": ""Agonizing-Full"", ""bio"": """", ""profileImage"": """", ""profileImageOptimized"": """", ""transactionHash"": ""0x85628caed04ffbb0ded327b06aecaf84267256efac079943ac4248f0a64bbfee""}"
1770951321,2026-02-14T01:56:30.062764,0xfeac44a8ffb11f9ebf864172f29e338231e76ddc465300832a89a42835354de7:1770951321,572473,5031084282167950494806674428243037744881029417420880897305642929037077494331,SELL,0.045,26.0,1.17,0xfeac44a8ffb11f9ebf864172f29e338231e76ddc465300832a89a42835354de7,"{""proxyWallet"": ""0x28edb35603fe59ec99f3896f5e0a724033386f6d"", ""side"": ""SELL"", ""asset"": ""5031084282167950494806674428243037744881029417420880897305642929037077494331"", ""conditionId"": ""0x46d40e851b24d9b0af4bc1942ccd86439cae82a9011767da14950df0ad997adf"", ""size"": 26, ""price"": 0.045, ""timestamp"": 1770951321, ""title"": ""Will Trump nominate Judy Shelton as the next Fed chair?"", ""slug"": ""will-trump-nominate-judy-shelton-as-the-next-fed-chair"", ""icon"": ""https://polymarket-upload.s3.us-east-2.amazonaws.com/judy-shelton-15c5dd306b.png"", ""eventSlug"": ""who-will-trump-nominate-as-fed-chair"", ""outcome"": ""Yes"", ""outcomeIndex"": 0, ""name"": ""0x28EDB35603Fe59ec99F3896F5E0a724033386f6D-1767106287704"", ""pseudonym"": ""Spotted-Tool"", ""bio"": """", ""profileImage"": """", ""profileImageOptimized"": """", ""transactionHash"": ""0xfeac44a8ffb11f9ebf864172f29e338231e76ddc465300832a89a42835354de7""}"
1770950643,2026-02-14T01:56:31.066703,0xdc5c360108bd424c5320e14fb7935de9d8a88c418fafadd39efdcb49630ccf1c:1770950643,572473,5031084282167950494806674428243037744881029417420880897305642929037077494331,BUY,0.045,3989.76,179.5392,0xdc5c360108bd424c5320e14fb7935de9d8a88c418fafadd39efdcb49630ccf1c,"{""proxyWallet"": ""0x6087e2651febbab9589e490cb5947f6a1ca3900c"", ""side"": ""BUY"", ""asset"": ""5031084282167950494806674428243037744881029417420880897305642929037077494331"", ""conditionId"": ""0x46d40e851b24d9b0af4bc1942ccd86439cae82a9011767da14950df0ad997adf"", ""size"": 3989.76, ""price"": 0.045, ""timestamp"": 1770950643, ""title"": ""Will Trump nominate Judy Shelton as the next Fed chair?"", ""slug"": ""will-trump-nominate-judy-shelton-as-the-next-fed-chair"", ""icon"": ""https://polymarket-upload.s3.us-east-2.amazonaws.com/judy-shelton-15c5dd306b.png"", ""eventSlug"": ""who-will-trump-nominate-as-fed-chair"", ""outcome"": ""Yes"", ""outcomeIndex"": 0, ""name"": ""sdffdsgdagsg"", ""pseudonym"": ""Worthy-Icicle"", ""bio"": """", ""profileImage"": """", ""profileImageOptimized"": """", ""transactionHash"": ""0xdc5c360108bd424c5320e14fb7935de9d8a88c418fafadd39efdcb49630ccf1c""}"
1770950521,2026-02-14T01:56:31.066785,0x9732c4593f156a943900a94bcebaf3725171b3de0fbe9cd8d932ee7312da5ea4:1770950521,572473,5031084282167950494806674428243037744881029417420880897305642929037077494331,SELL,0.044,5.0,0.21999999999999997,0x9732c4593f156a943900a94bcebaf3725171b3de0fbe9cd8d932ee7312da5ea4,"{""proxyWallet"": ""0x0b01d14b4f91acdf61534543d4a645f142238f47"", ""side"": ""SELL"", ""asset"": ""5031084282167950494806674428243037744881029417420880897305642929037077494331"", ""conditionId"": ""0x46d40e851b24d9b0af4bc1942ccd86439cae82a9011767da14950df0ad997adf"", ""size"": 5, ""price"": 0.044, ""timestamp"": 1770950521, ""title"": ""Will Trump nominate Judy Shelton as the next Fed chair?"", ""slug"": ""will-trump-nominate-judy-shelton-as-the-next-fed-chair"", ""icon"": ""https://polymarket-upload.s3.us-east-2.amazonaws.com/judy-shelton-15c5dd306b.png"", ""eventSlug"": ""who-will-trump-nominate-as-fed-chair"", ""outcome"": ""Yes"", ""outcomeIndex"": 0, ""name"": ""0x0B01d14B4f91ACdf61534543d4a645f142238F47-1766685782640"", ""pseudonym"": ""Radiant-Dahlia"", ""bio"": """", ""profileImage"": """", ""profileImageOptimized"": """", ""transactionHash"": ""0x9732c4593f156a943900a94bcebaf3725171b3de0fbe9cd8d932ee7312da5ea4""}"
1770950511,2026-02-14T01:56:31.066811,0xb6778fb3f1acb5080ee36be46e6f07974682cdeaef8b02ed834b264fcd8136f2:1770950511,572473,5031084282167950494806674428243037744881029417420880897305642929037077494331,BUY,0.046,660.0,30.36,0xb6778fb3f1acb5080ee36be46e6f07974682cdeaef8b02ed834b264fcd8136f2,"{""proxyWallet"": ""0xe11fe86505b6eb7dbfa32797b1b5cc1c5b9509cb"", ""side"": ""BUY"", ""asset"": ""5031084282167950494806674428243037744881029417420880897305642929037077494331"", ""conditionId"": ""0x46d40e851b24d9b0af4bc1942ccd86439cae82a9011767da14950df0ad997adf"", ""size"": 660, ""price"": 0.046, ""timestamp"": 1770950511, ""title"": ""Will Trump nominate Judy Shelton as the next Fed chair?"", ""slug"": ""will-trump-nominate-judy-shelton-as-the-next-fed-chair"", ""icon"": ""https://polymarket-upload.s3.us-east-2.amazonaws.com/judy-shelton-15c5dd306b.png"", ""eventSlug"": ""who-will-trump-nominate-as-fed-chair"", ""outcome"": ""Yes"", ""outcomeIndex"": 0, ""name"": ""NK1M"", ""pseudonym"": ""Composed-Railroad"", ""bio"": """", ""profileImage"": """", ""profileImageOptimized"": """", ""transactionHash"": ""0xb6778fb3f1acb5080ee36be46e6f07974682cdeaef8b02ed834b264fcd8136f2""}"
1770950507,2026-02-14T01:56:31.066831,0xcaacb47977277433fc3787e59046502d38e4575dc0d24bff176c09cc4fa04e34:1770950507,572473,5031084282167950494806674428243037744881029417420880897305642929037077494331,BUY,0.045,19552.95,879.88275,0xcaacb47977277433fc3787e59046502d38e4575dc0d24bff176c09cc4fa04e34,"{""proxyWallet"": ""0x6087e2651febbab9589e490cb5947f6a1ca3900c"", ""side"": ""BUY"", ""asset"": ""5031084282167950494806674428243037744881029417420880897305642929037077494331"", ""conditionId"": ""0x46d40e851b24d9b0af4bc1942ccd86439cae82a9011767da14950df0ad997adf"", ""size"": 19552.95, ""price"": 0.045, ""timestamp"": 1770950507, ""title"": ""Will Trump nominate Judy Shelton as the next Fed chair?"", ""slug"": ""will-trump-nominate-judy-shelton-as-the-next-fed-chair"", ""icon"": ""https://polymarket-upload.s3.us-east-2.amazonaws.com/judy-shelton-15c5dd306b.png"", ""eventSlug"": ""who-will-trump-nominate-as-fed-chair"", ""outcome"": ""Yes"", ""outcomeIndex"": 0, ""name"": ""sdffdsgdagsg"", ""pseudonym"": ""Worthy-Icicle"", ""bio"": """", ""profileImage"": """", ""profileImageOptimized"": """", ""transactionHash"": ""0xcaacb47977277433fc3787e59046502d38e4575dc0d24bff176c09cc4fa04e34""}"
1770950441,2026-02-14T01:56:31.066852,0xf8175d027b874be9db68c4fd87dc14082e7f973833bb2fd77bb4a3776fced820:1770950441,572473,5031084282167950494806674428243037744881029417420880897305642929037077494331,BUY,0.045,260.0,11.7,0xf8175d027b874be9db68c4fd87dc14082e7f973833bb2fd77bb4a3776fced820,"{""proxyWallet"": ""0xcc45ef90fd0333ae19828da6dec584c71c9bf932"", ""side"": ""BUY"", ""asset"": ""5031084282167950494806674428243037744881029417420880897305642929037077494331"", ""conditionId"": ""0x46d40e851b24d9b0af4bc1942ccd86439cae82a9011767da14950df0ad997adf"", ""size"": 260, ""price"": 0.045, ""timestamp"": 1770950441, ""title"": ""Will Trump nominate Judy Shelton as the next Fed chair?"", ""slug"": ""will-trump-nominate-judy-shelton-as-the-next-fed-chair"", ""icon"": ""https://polymarket-upload.s3.us-east-2.amazonaws.com/judy-shelton-15c5dd306b.png"", ""eventSlug"": ""who-will-trump-nominate-as-fed-chair"", ""outcome"": ""Yes"", ""outcomeIndex"": 0, ""name"": ""yyyyyyyyy103"", ""pseudonym"": ""Pointed-Ghost"", ""bio"": """", ""profileImage"": """", ""profileImageOptimized"": """", ""transactionHash"": ""0xf8175d027b874be9db68c4fd87dc14082e7f973833bb2fd77bb4a3776fced820""}"
1770950375,2026-02-14T01:56:31.066873,0xa4bdb2c556564bcf4b6f06db246a3d852815b093ddb63c90620dfb87429738c8:1770950375,572473,5031084282167950494806674428243037744881029417420880897305642929037077494331,BUY,0.045,5146.75,231.60375,0xa4bdb2c556564bcf4b6f06db246a3d852815b093ddb63c90620dfb87429738c8,"{""proxyWallet"": ""0x6087e2651febbab9589e490cb5947f6a1ca3900c"", ""side"": ""BUY"", ""asset"": ""5031084282167950494806674428243037744881029417420880897305642929037077494331"", ""conditionId"": ""0x46d40e851b24d9b0af4bc1942ccd86439cae82a9011767da14950df0ad997adf"", ""size"": 5146.75, ""price"": 0.045, ""timestamp"": 1770950375, ""title"": ""Will Trump nominate Judy Shelton as the next Fed chair?"", ""slug"": ""will-trump-nominate-judy-shelton-as-the-next-fed-chair"", ""icon"": ""https://polymarket-upload.s3.us-east-2.amazonaws.com/judy-shelton-15c5dd306b.png"", ""eventSlug"": ""who-will-trump-nominate-as-fed-chair"", ""outcome"": ""Yes"", ""outcomeIndex"": 0, ""name"": ""sdffdsgdagsg"", ""pseudonym"": ""Worthy-Icicle"", ""bio"": """", ""profileImage"": """", ""profileImageOptimized"": """", ""transactionHash"": ""0xa4bdb2c556564bcf4b6f06db246a3d852815b093ddb63c90620dfb87429738c8""}"
1770949843,2026-02-14T01:56:31.066902,0xead013cad077fa81f6889c4bdf83125a6beedb4ab9bcde8db8e4467f7a8bf5a1:1770949843,572473,5031084282167950494806674428243037744881029417420880897305642929037077494331,SELL,0.044,100.0,4.3999999999999995,0xead013cad077fa81f6889c4bdf83125a6beedb4ab9bcde8db8e4467f7a8bf5a1,"{""proxyWallet"": ""0x43b973a2c0640aa0bfdd72937a8bd6624e817329"", ""side"": ""SELL"", ""asset"": ""5031084282167950494806674428243037744881029417420880897305642929037077494331"", ""conditionId"": ""0x46d40e851b24d9b0af4bc1942ccd86439cae82a9011767da14950df0ad997adf"", ""size"": 100, ""price"": 0.044, ""timestamp"": 1770949843, ""title"": ""Will Trump nominate Judy Shelton as the next Fed chair?"", ""slug"": ""will-trump-nominate-judy-shelton-as-the-next-fed-chair"", ""icon"": ""https://polymarket-upload.s3.us-east-2.amazonaws.com/judy-shelton-15c5dd306b.png"", ""eventSlug"": ""who-will-trump-nominate-as-fed-chair"", ""outcome"": ""Yes"", ""outcomeIndex"": 0, ""name"": ""IQ3"", ""pseudonym"": ""Ambitious-Light"", ""bio"": """", ""profileImage"": ""https://polymarket-upload.s3.us-east-2.amazonaws.com/profile-image-5672021-2f7ebe8e-a3a2-4d59-991d-19ce7448be7a.webp"", ""profileImageOptimized"": """", ""transactionHash"": ""0xead013cad077fa81f6889c4bdf83125a6beedb4ab9bcde8db8e4467f7a8bf5a1""}"
1770949795,2026-02-14T01:56:31.066923,0xf863d8fe64ff6abfcae1fb3db4c2b52bd29e48f598da30aa1abff491a3c22ed8:1770949795,572473,5031084282167950494806674428243037744881029417420880897305642929037077494331,BUY,0.045,22187.14,998.4213,0xf863d8fe64ff6abfcae1fb3db4c2b52bd29e48f598da30aa1abff491a3c22ed8,"{""proxyWallet"": ""0x6087e2651febbab9589e490cb5947f6a1ca3900c"", ""side"": ""BUY"", ""asset"": ""5031084282167950494806674428243037744881029417420880897305642929037077494331"", ""conditionId"": ""0x46d40e851b24d9b0af4bc1942ccd86439cae82a9011767da14950df0ad997adf"", ""size"": 22187.14, ""price"": 0.045, ""timestamp"": 1770949795, ""title"": ""Will Trump nominate Judy Shelton as the next Fed chair?"", ""slug"": ""will-trump-nominate-judy-shelton-as-the-next-fed-chair"", ""icon"": ""https://polymarket-upload.s3.us-east-2.amazonaws.com/judy-shelton-15c5dd306b.png"", ""eventSlug"": ""who-will-trump-nominate-as-fed-chair"", ""outcome"": ""Yes"", ""outcomeIndex"": 0, ""name"": ""sdffdsgdagsg"", ""pseudonym"": ""Worthy-Icicle"", ""bio"": """", ""profileImage"": """", ""profileImageOptimized"": """", ""transactionHash"": ""0xf863d8fe64ff6abfcae1fb3db4c2b52bd29e48f598da30aa1abff491a3c22ed8""}"
1770949103,2026-02-14T01:56:31.066953,0x8813fe30e7b21083507d7cb1bc9d64e7945f767f9d2b44823b40073e6d399824:1770949103,572473,5031084282167950494806674428243037744881029417420880897305642929037077494331,SELL,0.044,65.67,2.88948,0x8813fe30e7b21083507d7cb1bc9d64e7945f767f9d2b44823b40073e6d399824,"{""proxyWallet"": ""0x743f17b1851e0fec826e2a5fe378ad0811e28101"", ""side"": ""SELL"", ""asset"": ""5031084282167950494806674428243037744881029417420880897305642929037077494331"", ""conditionId"": ""0x46d40e851b24d9b0af4bc1942ccd86439cae82a9011767da14950df0ad997adf"", ""size"": 65.67, ""price"": 0.044, ""timestamp"": 1770949103, ""title"": ""Will Trump nominate Judy Shelton as the next Fed chair?"", ""slug"": ""will-trump-nominate-judy-shelton-as-the-next-fed-chair"", ""icon"": ""https://polymarket-upload.s3.us-east-2.amazonaws.com/judy-shelton-15c5dd306b.png"", ""eventSlug"": ""who-will-trump-nominate-as-fed-chair"", ""outcome"": ""Yes"", ""outcomeIndex"": 0, ""name"": ""0x743F17B1851e0fEC826e2a5FE378ad0811e28101-1768120286213"", ""pseudonym"": ""Royal-Information"", ""bio"": """", ""profileImage"": """", ""profileImageOptimized"": """", ""transactionHash"": ""0x8813fe30e7b21083507d7cb1bc9d64e7945f767f9d2b44823b40073e6d399824""}"
1770949023,2026-02-14T01:56:31.066974,0x2c03a342fa1ee185ca2f53fd5d741f97990b685d75ffa3021e78d5bf7cb7a4ab:1770949023,572473,5031084282167950494806674428243037744881029417420880897305642929037077494331,SELL,0.044,30.0,1.3199999999999998,0x2c03a342fa1ee185ca2f53fd5d741f97990b685d75ffa3021e78d5bf7cb7a4ab,"{""proxyWallet"": ""0x0caee788224ef8791b403fa5689beb8cb5b21d42"", ""side"": ""SELL"", ""asset"": ""5031084282167950494806674428243037744881029417420880897305642929037077494331"", ""conditionId"": ""0x46d40e851b24d9b0af4bc1942ccd86439cae82a9011767da14950df0ad997adf"", ""size"": 30, ""price"": 0.044, ""timestamp"": 1770949023, ""title"": ""Will Trump nominate Judy Shelton as the next Fed chair?"", ""slug"": ""will-trump-nominate-judy-shelton-as-the-next-fed-chair"", ""icon"": ""https://polymarket-upload.s3.us-east-2.amazonaws.com/judy-shelton-15c5dd306b.png"", ""eventSlug"": ""who-will-trump-nominate-as-fed-chair"", ""outcome"": ""Yes"", ""outcomeIndex"": 0, ""name"": ""researchman"", ""pseudonym"": ""Ideal-Tiger"", ""bio"": """", ""profileImage"": """", ""profileImageOptimized"": """", ""transactionHash"": ""0x2c03a342fa1ee185ca2f53fd5d741f97990b685d75ffa3021e78d5bf7cb7a4ab""}"
1770948925,2026-02-14T01:56:31.066995,0xa14fc063b969e18e76b316026948d90dc19ee2b2bd71ace8416141d44f3e7e35:1770948925,572473,5031084282167950494806674428243037744881029417420880897305642929037077494331,SELL,0.044,5.0,0.21999999999999997,0xa14fc063b969e18e76b316026948d90dc19ee2b2bd71ace8416141d44f3e7e35,"{""proxyWallet"": ""0x0b01d14b4f91acdf61534543d4a645f142238f47"", ""side"": ""SELL"", ""asset"": ""5031084282167950494806674428243037744881029417420880897305642929037077494331"", ""conditionId"": ""0x46d40e851b24d9b0af4bc1942ccd86439cae82a9011767da14950df0ad997adf"", ""size"": 5, ""price"": 0.044, ""timestamp"": 1770948925, ""title"": ""Will Trump nominate Judy Shelton as the next Fed chair?"", ""slug"": ""will-trump-nominate-judy-shelton-as-the-next-fed-chair"", ""icon"": ""https://polymarket-upload.s3.us-east-2.amazonaws.com/judy-shelton-15c5dd306b.png"", ""eventSlug"": ""who-will-trump-nominate-as-fed-chair"", ""outcome"": ""Yes"", ""outcomeIndex"": 0, ""name"": ""0x0B01d14B4f91ACdf61534543d4a645f142238F47-1766685782640"", ""pseudonym"": ""Radiant-Dahlia"", ""bio"": """", ""profileImage"": """", ""profileImageOptimized"": """", ""transactionHash"": ""0xa14fc063b969e18e76b316026948d90dc19ee2b2bd71ace8416141d44f3e7e35""}"
1770948031,2026-02-14T01:56:31.067019,0xa35d8b8b35a251dd54d5f11aace51e3d552e56eb7cfcd38d41ca020ea2a802a7:1770948031,572473,5031084282167950494806674428243037744881029417420880897305642929037077494331,BUY,0.04499999574749998,222.222221,9.999999,0xa35d8b8b35a251dd54d5f11aace51e3d552e56eb7cfcd38d41ca020ea2a802a7,"{""proxyWallet"": ""0xee54da7190e5059d6c456a155b110435ec257f48"", ""side"": ""BUY"", ""asset"": ""5031084282167950494806674428243037744881029417420880897305642929037077494331"", ""conditionId"": ""0x46d40e851b24d9b0af4bc1942ccd86439cae82a9011767da14950df0ad997adf"", ""size"": 222.222221, ""price"": 0.04499999574749998, ""timestamp"": 1770948031, ""title"": ""Will Trump nominate Judy Shelton as the next Fed chair?"", ""slug"": ""will-trump-nominate-judy-shelton-as-the-next-fed-chair"", ""icon"": ""https://polymarket-upload.s3.us-east-2.amazonaws.com/judy-shelton-15c5dd306b.png"", ""eventSlug"": ""who-will-trump-nominate-as-fed-chair"", ""outcome"": ""Yes"", ""outcomeIndex"": 0, ""name"": ""0xEe54Da7190E5059d6C456a155B110435EC257f48-1766444191305"", ""pseudonym"": ""Pastel-Backdrop"", ""bio"": """", ""profileImage"": """", ""profileImageOptimized"": """", ""transactionHash"": ""0xa35d8b8b35a251dd54d5f11aace51e3d552e56eb7cfcd38d41ca020ea2a802a7""}"
1770947835,2026-02-14T01:56:31.067040,0xea73bac19567e120be2651aec4ecffbe103c3bef378a9a60ae1f7eec3239a0c7:1770947835,572473,5031084282167950494806674428243037744881029417420880897305642929037077494331,SELL,0.044,5.0,0.21999999999999997,0xea73bac19567e120be2651aec4ecffbe103c3bef378a9a60ae1f7eec3239a0c7,"{""proxyWallet"": ""0x0b01d14b4f91acdf61534543d4a645f142238f47"", ""side"": ""SELL"", ""asset"": ""5031084282167950494806674428243037744881029417420880897305642929037077494331"", ""conditionId"": ""0x46d40e851b24d9b0af4bc1942ccd86439cae82a9011767da14950df0ad997adf"", ""size"": 5, ""price"": 0.044, ""timestamp"": 1770947835, ""title"": ""Will Trump nominate Judy Shelton as the next Fed chair?"", ""slug"": ""will-trump-nominate-judy-shelton-as-the-next-fed-chair"", ""icon"": ""https://polymarket-upload.s3.us-east-2.amazonaws.com/judy-shelton-15c5dd306b.png"", ""eventSlug"": ""who-will-trump-nominate-as-fed-chair"", ""outcome"": ""Yes"", ""outcomeIndex"": 0, ""name"": ""0x0B01d14B4f91ACdf61534543d4a645f142238F47-1766685782640"", ""pseudonym"": ""Radiant-Dahlia"", ""bio"": """", ""profileImage"": """", ""profileImageOptimized"": """", ""transactionHash"": ""0xea73bac19567e120be2651aec4ecffbe103c3bef378a9a60ae1f7eec3239a0c7""}"
1770947745,2026-02-14T01:56:31.067060,0x8898d7bc51680151f24f4f6739faa47cb77625ab496f01485cdaea59fe3e1c40:1770947745,572473,5031084282167950494806674428243037744881029417420880897305642929037077494331,SELL,0.044,5.0,0.21999999999999997,0x8898d7bc51680151f24f4f6739faa47cb77625ab496f01485cdaea59fe3e1c40,"{""proxyWallet"": ""0x0b01d14b4f91acdf61534543d4a645f142238f47"", ""side"": ""SELL"", ""asset"": ""5031084282167950494806674428243037744881029417420880897305642929037077494331"", ""conditionId"": ""0x46d40e851b24d9b0af4bc1942ccd86439cae82a9011767da14950df0ad997adf"", ""size"": 5, ""price"": 0.044, ""timestamp"": 1770947745, ""title"": ""Will Trump nominate Judy Shelton as the next Fed chair?"", ""slug"": ""will-trump-nominate-judy-shelton-as-the-next-fed-chair"", ""icon"": ""https://polymarket-upload.s3.us-east-2.amazonaws.com/judy-shelton-15c5dd306b.png"", ""eventSlug"": ""who-will-trump-nominate-as-fed-chair"", ""outcome"": ""Yes"", ""outcomeIndex"": 0, ""name"": ""0x0B01d14B4f91ACdf61534543d4a645f142238F47-1766685782640"", ""pseudonym"": ""Radiant-Dahlia"", ""bio"": """", ""profileImage"": """", ""profileImageOptimized"": """", ""transactionHash"": ""0x8898d7bc51680151f24f4f6739faa47cb77625ab496f01485cdaea59fe3e1c40""}"
1770946677,2026-02-14T01:56:31.067089,0x92498220f7ab27ce0fe149778129a59f33424ccb67c9e2c0ec9904ebe8e63b31:1770946677,572473,5031084282167950494806674428243037744881029417420880897305642929037077494331,BUY,0.045,250.0,11.25,0x92498220f7ab27ce0fe149778129a59f33424ccb67c9e2c0ec9904ebe8e63b31,"{""proxyWallet"": ""0xbbcff1374cbb413288b884a882fd9305d29720ae"", ""side"": ""BUY"", ""asset"": ""5031084282167950494806674428243037744881029417420880897305642929037077494331"", ""conditionId"": ""0x46d40e851b24d9b0af4bc1942ccd86439cae82a9011767da14950df0ad997adf"", ""size"": 250, ""price"": 0.045, ""timestamp"": 1770946677, ""title"": ""Will Trump nominate Judy Shelton as the next Fed chair?"", ""slug"": ""will-trump-nominate-judy-shelton-as-the-next-fed-chair"", ""icon"": ""https://polymarket-upload.s3.us-east-2.amazonaws.com/judy-shelton-15c5dd306b.png"", ""eventSlug"": ""who-will-trump-nominate-as-fed-chair"", ""outcome"": ""Yes"", ""outcomeIndex"": 0, ""name"": ""qww1"", ""pseudonym"": ""Infinite-Lily"", ""bio"": """", ""profileImage"": """", ""profileImageOptimized"": """", ""transactionHash"": ""0x92498220f7ab27ce0fe149778129a59f33424ccb67c9e2c0ec9904ebe8e63b31""}"
1770946645,2026-02-14T01:56:31.067123,0x1d6d9a2bcb8eab957ed8cc4fec8e3a2a50a6d3850b981fff4c6ff6e6ab7b1d6d:1770946645,572473,5031084282167950494806674428243037744881029417420880897305642929037077494331,BUY,0.045,52.0,2.34,0x1d6d9a2bcb8eab957ed8cc4fec8e3a2a50a6d3850b981fff4c6ff6e6ab7b1d6d,"{""proxyWallet"": ""0x01c291c6514b13ed06e952bcb15de000be890963"", ""side"": ""BUY"", ""asset"": ""5031084282167950494806674428243037744881029417420880897305642929037077494331"", ""conditionId"": ""0x46d40e851b24d9b0af4bc1942ccd86439cae82a9011767da14950df0ad997adf"", ""size"": 52, ""price"": 0.045, ""timestamp"": 1770946645, ""title"": ""Will Trump nominate Judy Shelton as the next Fed chair?"", ""slug"": ""will-trump-nominate-judy-shelton-as-the-next-fed-chair"", ""icon"": ""https://polymarket-upload.s3.us-east-2.amazonaws.com/judy-shelton-15c5dd306b.png"", ""eventSlug"": ""who-will-trump-nominate-as-fed-chair"", ""outcome"": ""Yes"", ""outcomeIndex"": 0, ""name"": ""0x01c291c6514b13eD06E952bCb15de000bE890963-1770244544894"", ""pseudonym"": ""Second-Hand-Hiccups"", ""bio"": """", ""profileImage"": """", ""profileImageOptimized"": """", ""transactionHash"": ""0x1d6d9a2bcb8eab957ed8cc4fec8e3a2a50a6d3850b981fff4c6ff6e6ab7b1d6d""}"
1770946265,2026-02-14T01:56:31.067148,0x8351a334d82164f0fc138b93af73af5d250d88298e03c7360e3577b454b16c52:1770946265,572473,5031084282167950494806674428243037744881029417420880897305642929037077494331,BUY,0.043999991833599886,113.636362,4.999999000000001,0x8351a334d82164f0fc138b93af73af5d250d88298e03c7360e3577b454b16c52,"{""proxyWallet"": ""0xa2c29b3ac1750f639396bc8cd81ab8150dc231ac"", ""side"": ""BUY"", ""asset"": ""5031084282167950494806674428243037744881029417420880897305642929037077494331"", ""conditionId"": ""0x46d40e851b24d9b0af4bc1942ccd86439cae82a9011767da14950df0ad997adf"", ""size"": 113.636362, ""price"": 0.043999991833599886, ""timestamp"": 1770946265, ""title"": ""Will Trump nominate Judy Shelton as the next Fed chair?"", ""slug"": ""will-trump-nominate-judy-shelton-as-the-next-fed-chair"", ""icon"": ""https://polymarket-upload.s3.us-east-2.amazonaws.com/judy-shelton-15c5dd306b.png"", ""eventSlug"": ""who-will-trump-nominate-as-fed-chair"", ""outcome"": ""Yes"", ""outcomeIndex"": 0, ""name"": ""0xa2C29b3AC1750f639396BC8cd81AB8150dC231Ac-1763893469980"", ""pseudonym"": ""Corny-Herb"", ""bio"": """", ""profileImage"": """", ""profileImageOptimized"": """", ""transactionHash"": ""0x8351a334d82164f0fc138b93af73af5d250d88298e03c7360e3577b454b16c52""}"
1770946195,2026-02-14T01:56:31.067169,0x279a8603dba35d066f7d6979999765adb141b12f40afb6272296ca97e398f959:1770946195,572473,5031084282167950494806674428243037744881029417420880897305642929037077494331,SELL,0.044,44.67,1.96548,0x279a8603dba35d066f7d6979999765adb141b12f40afb6272296ca97e398f959,"{""proxyWallet"": ""0x8e9eedf20dfa70956d49f608a205e402d9df38e4"", ""side"": ""SELL"", ""asset"": ""5031084282167950494806674428243037744881029417420880897305642929037077494331"", ""conditionId"": ""0x46d40e851b24d9b0af4bc1942ccd86439cae82a9011767da14950df0ad997adf"", ""size"": 44.67, ""price"": 0.044, ""timestamp"": 1770946195, ""title"": ""Will Trump nominate Judy Shelton as the next Fed chair?"", ""slug"": ""will-trump-nominate-judy-shelton-as-the-next-fed-chair"", ""icon"": ""https://polymarket-upload.s3.us-east-2.amazonaws.com/judy-shelton-15c5dd306b.png"", ""eventSlug"": ""who-will-trump-nominate-as-fed-chair"", ""outcome"": ""Yes"", ""outcomeIndex"": 0, ""name"": ""Karajan"", ""pseudonym"": ""Murky-Oversight"", ""bio"": """", ""profileImage"": """", ""profileImageOptimized"": """", ""transactionHash"": ""0x279a8603dba35d066f7d6979999765adb141b12f40afb6272296ca97e398f959""}"
1770946191,2026-02-14T01:56:31.067187,0x01f0ea8ca8170fe5e9c6a11ffaf1037c3efaa0621e30a7dbc263705af5dbfa63:1770946191,572473,5031084282167950494806674428243037744881029417420880897305642929037077494331,BUY,0.04499999756470587,377.777776,16.999999000000003,0x01f0ea8ca8170fe5e9c6a11ffaf1037c3efaa0621e30a7dbc263705af5dbfa63,"{""proxyWallet"": ""0x1322b2bf44e6e6abde1c626b6100a178e893680e"", ""side"": ""BUY"", ""asset"": ""5031084282167950494806674428243037744881029417420880897305642929037077494331"", ""conditionId"": ""0x46d40e851b24d9b0af4bc1942ccd86439cae82a9011767da14950df0ad997adf"", ""size"": 377.777776, ""price"": 0.04499999756470587, ""timestamp"": 1770946191, ""title"": ""Will Trump nominate Judy Shelton as the next Fed chair?"", ""slug"": ""will-trump-nominate-judy-shelton-as-the-next-fed-chair"", ""icon"": ""https://polymarket-upload.s3.us-east-2.amazonaws.com/judy-shelton-15c5dd306b.png"", ""eventSlug"": ""who-will-trump-nominate-as-fed-chair"", ""outcome"": ""Yes"", ""outcomeIndex"": 0, ""name"": """", ""pseudonym"": """", ""bio"": """", ""profileImage"": """", ""profileImageOptimized"": """", ""transactionHash"": ""0x01f0ea8ca8170fe5e9c6a11ffaf1037c3efaa0621e30a7dbc263705af5dbfa63""}"
1770946133,2026-02-14T01:56:31.067205,0x29339f84a2edfc8e58db46bb395005e71201a1b84a4539425f3ef552ea1446ea:1770946133,572473,5031084282167950494806674428243037744881029417420880897305642929037077494331,BUY,0.04499999738437499,355.555554,15.999998999999999,0x29339f84a2edfc8e58db46bb395005e71201a1b84a4539425f3ef552ea1446ea,"{""proxyWallet"": ""0x1322b2bf44e6e6abde1c626b6100a178e893680e"", ""side"": ""BUY"", ""asset"": ""5031084282167950494806674428243037744881029417420880897305642929037077494331"", ""conditionId"": ""0x46d40e851b24d9b0af4bc1942ccd86439cae82a9011767da14950df0ad997adf"", ""size"": 355.555554, ""price"": 0.04499999738437499, ""timestamp"": 1770946133, ""title"": ""Will Trump nominate Judy Shelton as the next Fed chair?"", ""slug"": ""will-trump-nominate-judy-shelton-as-the-next-fed-chair"", ""icon"": ""https://polymarket-upload.s3.us-east-2.amazonaws.com/judy-shelton-15c5dd306b.png"", ""eventSlug"": ""who-will-trump-nominate-as-fed-chair"", ""outcome"": ""Yes"", ""outcomeIndex"": 0, ""name"": """", ""pseudonym"": """", ""bio"": """", ""profileImage"": """", ""profileImageOptimized"": """", ""transactionHash"": ""0x29339f84a2edfc8e58db46bb395005e71201a1b84a4539425f3ef552ea1446ea""}"
1770946019,2026-02-14T01:56:31.067223,0x2f79be1bf0cd9f86a53b782adf9790828a160e0db046f533e76dd4f9a05a6023:1770946019,572473,5031084282167950494806674428243037744881029417420880897305642929037077494331,SELL,0.044,147.1,6.4723999999999995,0x2f79be1bf0cd9f86a53b782adf9790828a160e0db046f533e76dd4f9a05a6023,"{""proxyWallet"": ""0xa4c8ffe1b8361674c62a32e95d9e85f7736534ef"", ""side"": ""SELL"", ""asset"": ""5031084282167950494806674428243037744881029417420880897305642929037077494331"", ""conditionId"": ""0x46d40e851b24d9b0af4bc1942ccd86439cae82a9011767da14950df0ad997adf"", ""size"": 147.1, ""price"": 0.044, ""timestamp"": 1770946019, ""title"": ""Will Trump nominate Judy Shelton as the next Fed chair?"", ""slug"": ""will-trump-nominate-judy-shelton-as-the-next-fed-chair"", ""icon"": ""https://polymarket-upload.s3.us-east-2.amazonaws.com/judy-shelton-15c5dd306b.png"", ""eventSlug"": ""who-will-trump-nominate-as-fed-chair"", ""outcome"": ""Yes"", ""outcomeIndex"": 0, ""name"": ""chuckyou2000"", ""pseudonym"": ""Far-Feeding"", ""bio"": """", ""profileImage"": """", ""profileImageOptimized"": """", ""transactionHash"": ""0x2f79be1bf0cd9f86a53b782adf9790828a160e0db046f533e76dd4f9a05a6023""}"
1770944951,2026-02-14T01:56:31.067250,0x8d20225ed0c19c18978bacce67ba45465e9266bfdee55856fc05e73fa8ab5482:1770944951,572473,5031084282167950494806674428243037744881029417420880897305642929037077494331,BUY,0.04491295594881994,10230.232887,459.46999900000003,0x8d20225ed0c19c18978bacce67ba45465e9266bfdee55856fc05e73fa8ab5482,"{""proxyWallet"": ""0x6cf594cfbade504bc0eed8a4c229489aae9fb3d9"", ""side"": ""BUY"", ""asset"": ""5031084282167950494806674428243037744881029417420880897305642929037077494331"", ""conditionId"": ""0x46d40e851b24d9b0af4bc1942ccd86439cae82a9011767da14950df0ad997adf"", ""size"": 10230.232887, ""price"": 0.04491295594881994, ""timestamp"": 1770944951, ""title"": ""Will Trump nominate Judy Shelton as the next Fed chair?"", ""slug"": ""will-trump-nominate-judy-shelton-as-the-next-fed-chair"", ""icon"": ""https://polymarket-upload.s3.us-east-2.amazonaws.com/judy-shelton-15c5dd306b.png"", ""eventSlug"": ""who-will-trump-nominate-as-fed-chair"", ""outcome"": ""Yes"", ""outcomeIndex"": 0, ""name"": ""b0red-cart3l"", ""pseudonym"": ""Nervous-Offset"", ""bio"": """", ""profileImage"": """", ""profileImageOptimized"": """", ""transactionHash"": ""0x8d20225ed0c19c18978bacce67ba45465e9266bfdee55856fc05e73fa8ab5482""}"
1770944605,2026-02-14T01:56:31.067273,0x6dcfdc216f3378ca650341721480bd27af6c268ee7633d9f7caf30d33274e672:1770944605,572473,5031084282167950494806674428243037744881029417420880897305642929037077494331,SELL,0.043,45.96,1.9762799999999998,0x6dcfdc216f3378ca650341721480bd27af6c268ee7633d9f7caf30d33274e672,"{""proxyWallet"": ""0x330c389c86d915f7f348b6ddb58bc3610f99b9a1"", ""side"": ""SELL"", ""asset"": ""5031084282167950494806674428243037744881029417420880897305642929037077494331"", ""conditionId"": ""0x46d40e851b24d9b0af4bc1942ccd86439cae82a9011767da14950df0ad997adf"", ""size"": 45.96, ""price"": 0.043, ""timestamp"": 1770944605, ""title"": ""Will Trump nominate Judy Shelton as the next Fed chair?"", ""slug"": ""will-trump-nominate-judy-shelton-as-the-next-fed-chair"", ""icon"": ""https://polymarket-upload.s3.us-east-2.amazonaws.com/judy-shelton-15c5dd306b.png"", ""eventSlug"": ""who-will-trump-nominate-as-fed-chair"", ""outcome"": ""Yes"", ""outcomeIndex"": 0, ""name"": ""mcdope01"", ""pseudonym"": ""Enchanted-Symbol"", ""bio"": """", ""profileImage"": """", ""profileImageOptimized"": """", ""transactionHash"": ""0x6dcfdc216f3378ca650341721480bd27af6c268ee7633d9f7caf30d33274e672""}"
1770944599,2026-02-14T01:56:31.067290,0xa0b5ded2e6b445105b4053b6f6e62ade1088c1d006cbe01abd0e0e923b8c9051:1770944599,572473,5031084282167950494806674428243037744881029417420880897305642929037077494331,BUY,0.04399999974841718,3704.545453,162.99999900000003,0xa0b5ded2e6b445105b4053b6f6e62ade1088c1d006cbe01abd0e0e923b8c9051,"{""proxyWallet"": ""0xe609d16dde9f2abb8f0365d6646e6e763b43f39a"", ""side"": ""BUY"", ""asset"": ""5031084282167950494806674428243037744881029417420880897305642929037077494331"", ""conditionId"": ""0x46d40e851b24d9b0af4bc1942ccd86439cae82a9011767da14950df0ad997adf"", ""size"": 3704.545453, ""price"": 0.04399999974841718, ""timestamp"": 1770944599, ""title"": ""Will Trump nominate Judy Shelton as the next Fed chair?"", ""slug"": ""will-trump-nominate-judy-shelton-as-the-next-fed-chair"", ""icon"": ""https://polymarket-upload.s3.us-east-2.amazonaws.com/judy-shelton-15c5dd306b.png"", ""eventSlug"": ""who-will-trump-nominate-as-fed-chair"", ""outcome"": ""Yes"", ""outcomeIndex"": 0, ""name"": """", ""pseudonym"": """", ""bio"": """", ""profileImage"": """", ""profileImageOptimized"": """", ""transactionHash"": ""0xa0b5ded2e6b445105b4053b6f6e62ade1088c1d006cbe01abd0e0e923b8c9051""}"
1770944565,2026-02-14T01:56:32.096018,0xd3c3013dfa2f0bba530a94afc1f726105bff455899bbaf3e1c1116710e4cdf38:1770944565,572473,5031084282167950494806674428243037744881029417420880897305642929037077494331,BUY,0.044,22.98,1.01112,0xd3c3013dfa2f0bba530a94afc1f726105bff455899bbaf3e1c1116710e4cdf38,"{""proxyWallet"": ""0x330c389c86d915f7f348b6ddb58bc3610f99b9a1"", ""side"": ""BUY"", ""asset"": ""5031084282167950494806674428243037744881029417420880897305642929037077494331"", ""conditionId"": ""0x46d40e851b24d9b0af4bc1942ccd86439cae82a9011767da14950df0ad997adf"", ""size"": 22.98, ""price"": 0.044, ""timestamp"": 1770944565, ""title"": ""Will Trump nominate Judy Shelton as the next Fed chair?"", ""slug"": ""will-trump-nominate-judy-shelton-as-the-next-fed-chair"", ""icon"": ""https://polymarket-upload.s3.us-east-2.amazonaws.com/judy-shelton-15c5dd306b.png"", ""eventSlug"": ""who-will-trump-nominate-as-fed-chair"", ""outcome"": ""Yes"", ""outcomeIndex"": 0, ""name"": ""mcdope01"", ""pseudonym"": ""Enchanted-Symbol"", ""bio"": """", ""profileImage"": """", ""profileImageOptimized"": """", ""transactionHash"": ""0xd3c3013dfa2f0bba530a94afc1f726105bff455899bbaf3e1c1116710e4cdf38""}"
1770944551,2026-02-14T01:56:32.096068,0x9a8eebf0e4a26c48bda02975edeba734a6a9d8318e1846c1751ede6a30198ab2:1770944551,572473,5031084282167950494806674428243037744881029417420880897305642929037077494331,BUY,0.044,22.98,1.01112,0x9a8eebf0e4a26c48bda02975edeba734a6a9d8318e1846c1751ede6a30198ab2,"{""proxyWallet"": ""0x330c389c86d915f7f348b6ddb58bc3610f99b9a1"", ""side"": ""BUY"", ""asset"": ""5031084282167950494806674428243037744881029417420880897305642929037077494331"", ""conditionId"": ""0x46d40e851b24d9b0af4bc1942ccd86439cae82a9011767da14950df0ad997adf"", ""size"": 22.98, ""price"": 0.044, ""timestamp"": 1770944551, ""title"": ""Will Trump nominate Judy Shelton as the next Fed chair?"", ""slug"": ""will-trump-nominate-judy-shelton-as-the-next-fed-chair"", ""icon"": ""https://polymarket-upload.s3.us-east-2.amazonaws.com/judy-shelton-15c5dd306b.png"", ""eventSlug"": ""who-will-trump-nominate-as-fed-chair"", ""outcome"": ""Yes"", ""outcomeIndex"": 0, ""name"": ""mcdope01"", ""pseudonym"": ""Enchanted-Symbol"", ""bio"": """", ""profileImage"": """", ""profileImageOptimized"": """", ""transactionHash"": ""0x9a8eebf0e4a26c48bda02975edeba734a6a9d8318e1846c1751ede6a30198ab2""}"
1770944077,2026-02-14T01:56:32.096096,0x69b20e4f064159c7399f960c09a0aec970d891ddde2cfe6bef75074bb71ce73b:1770944077,572473,5031084282167950494806674428243037744881029417420880897305642929037077494331,BUY,0.044,33.0,1.452,0x69b20e4f064159c7399f960c09a0aec970d891ddde2cfe6bef75074bb71ce73b,"{""proxyWallet"": ""0x6460c497a40a7cc9e415e15e7093f6187c3743d0"", ""side"": ""BUY"", ""asset"": ""5031084282167950494806674428243037744881029417420880897305642929037077494331"", ""conditionId"": ""0x46d40e851b24d9b0af4bc1942ccd86439cae82a9011767da14950df0ad997adf"", ""size"": 33, ""price"": 0.044, ""timestamp"": 1770944077, ""title"": ""Will Trump nominate Judy Shelton as the next Fed chair?"", ""slug"": ""will-trump-nominate-judy-shelton-as-the-next-fed-chair"", ""icon"": ""https://polymarket-upload.s3.us-east-2.amazonaws.com/judy-shelton-15c5dd306b.png"", ""eventSlug"": ""who-will-trump-nominate-as-fed-chair"", ""outcome"": ""Yes"", ""outcomeIndex"": 0, ""name"": """", ""pseudonym"": """", ""bio"": """", ""profileImage"": """", ""profileImageOptimized"": """", ""transactionHash"": ""0x69b20e4f064159c7399f960c09a0aec970d891ddde2cfe6bef75074bb71ce73b""}"
1770943027,2026-02-14T01:56:32.096130,0x3021335231de87d5eedbffeeee56fbe9b9b4477f666d4efefe209f7662c23205:1770943027,572473,5031084282167950494806674428243037744881029417420880897305642929037077494331,SELL,0.043,277.19,11.91917,0x3021335231de87d5eedbffeeee56fbe9b9b4477f666d4efefe209f7662c23205,"{""proxyWallet"": ""0x41c4e426cd9c19aa0b21852e07eab1c3f140e89e"", ""side"": ""SELL"", ""asset"": ""5031084282167950494806674428243037744881029417420880897305642929037077494331"", ""conditionId"": ""0x46d40e851b24d9b0af4bc1942ccd86439cae82a9011767da14950df0ad997adf"", ""size"": 277.19, ""price"": 0.043, ""timestamp"": 1770943027, ""title"": ""Will Trump nominate Judy Shelton as the next Fed chair?"", ""slug"": ""will-trump-nominate-judy-shelton-as-the-next-fed-chair"", ""icon"": ""https://polymarket-upload.s3.us-east-2.amazonaws.com/judy-shelton-15c5dd306b.png"", ""eventSlug"": ""who-will-trump-nominate-as-fed-chair"", ""outcome"": ""Yes"", ""outcomeIndex"": 0, ""name"": ""Elon0079"", ""pseudonym"": ""Hollow-Jicama"", ""bio"": """", ""profileImage"": """", ""profileImageOptimized"": """", ""transactionHash"": ""0x3021335231de87d5eedbffeeee56fbe9b9b4477f666d4efefe209f7662c23205""}"
1770942841,2026-02-14T01:56:32.096154,0x97bbdcdf03f1d5e887715c47f2701992ed2986e4a3b6707a6a6db65dcdba0dc4:1770942841,572473,5031084282167950494806674428243037744881029417420880897305642929037077494331,BUY,0.044,35.0,1.5399999999999998,0x97bbdcdf03f1d5e887715c47f2701992ed2986e4a3b6707a6a6db65dcdba0dc4,"{""proxyWallet"": ""0xcf86992b44bbb2a87e60785225a0117e25ff7622"", ""side"": ""BUY"", ""asset"": ""5031084282167950494806674428243037744881029417420880897305642929037077494331"", ""conditionId"": ""0x46d40e851b24d9b0af4bc1942ccd86439cae82a9011767da14950df0ad997adf"", ""size"": 35, ""price"": 0.044, ""timestamp"": 1770942841, ""title"": ""Will Trump nominate Judy Shelton as the next Fed chair?"", ""slug"": ""will-trump-nominate-judy-shelton-as-the-next-fed-chair"", ""icon"": ""https://polymarket-upload.s3.us-east-2.amazonaws.com/judy-shelton-15c5dd306b.png"", ""eventSlug"": ""who-will-trump-nominate-as-fed-chair"", ""outcome"": ""Yes"", ""outcomeIndex"": 0, ""name"": ""TorontoMans"", ""pseudonym"": ""Nippy-Editing"", ""bio"": """", ""profileImage"": """", ""profileImageOptimized"": """", ""transactionHash"": ""0x97bbdcdf03f1d5e887715c47f2701992ed2986e4a3b6707a6a6db65dcdba0dc4""}"
1770942731,2026-02-14T01:56:32.096174,0xe2d7fc0bc2ab216787e67f88e1e0eb3513d3b3de824671866222feae5b31c14a:1770942731,572473,5031084282167950494806674428243037744881029417420880897305642929037077494331,SELL,0.043,5.0,0.21499999999999997,0xe2d7fc0bc2ab216787e67f88e1e0eb3513d3b3de824671866222feae5b31c14a,"{""proxyWallet"": ""0x0b01d14b4f91acdf61534543d4a645f142238f47"", ""side"": ""SELL"", ""asset"": ""5031084282167950494806674428243037744881029417420880897305642929037077494331"", ""conditionId"": ""0x46d40e851b24d9b0af4bc1942ccd86439cae82a9011767da14950df0ad997adf"", ""size"": 5, ""price"": 0.043, ""timestamp"": 1770942731, ""title"": ""Will Trump nominate Judy Shelton as the next Fed chair?"", ""slug"": ""will-trump-nominate-judy-shelton-as-the-next-fed-chair"", ""icon"": ""https://polymarket-upload.s3.us-east-2.amazonaws.com/judy-shelton-15c5dd306b.png"", ""eventSlug"": ""who-will-trump-nominate-as-fed-chair"", ""outcome"": ""Yes"", ""outcomeIndex"": 0, ""name"": ""0x0B01d14B4f91ACdf61534543d4a645f142238F47-1766685782640"", ""pseudonym"": ""Radiant-Dahlia"", ""bio"": """", ""profileImage"": """", ""profileImageOptimized"": """", ""transactionHash"": ""0xe2d7fc0bc2ab216787e67f88e1e0eb3513d3b3de824671866222feae5b31c14a""}"
1770942475,2026-02-14T01:56:32.096195,0x4142576497e85717ee3537c6be19d9cd72600bbb28ec531506d1b5148d51c637:1770942475,572473,5031084282167950494806674428243037744881029417420880897305642929037077494331,SELL,0.043,1088.79,46.817969999999995,0x4142576497e85717ee3537c6be19d9cd72600bbb28ec531506d1b5148d51c637,"{""proxyWallet"": ""0xb4c45ff5019047788c5e556a2def375870bc6ee2"", ""side"": ""SELL"", ""asset"": ""5031084282167950494806674428243037744881029417420880897305642929037077494331"", ""conditionId"": ""0x46d40e851b24d9b0af4bc1942ccd86439cae82a9011767da14950df0ad997adf"", ""size"": 1088.79, ""price"": 0.043, ""timestamp"": 1770942475, ""title"": ""Will Trump nominate Judy Shelton as the next Fed chair?"", ""slug"": ""will-trump-nominate-judy-shelton-as-the-next-fed-chair"", ""icon"": ""https://polymarket-upload.s3.us-east-2.amazonaws.com/judy-shelton-15c5dd306b.png"", ""eventSlug"": ""who-will-trump-nominate-as-fed-chair"", ""outcome"": ""Yes"", ""outcomeIndex"": 0, ""name"": """", ""pseudonym"": """", ""bio"": """", ""profileImage"": """", ""profileImageOptimized"": """", ""transactionHash"": ""0x4142576497e85717ee3537c6be19d9cd72600bbb28ec531506d1b5148d51c637""}"
1770942429,2026-02-14T01:56:32.096226,0xb68d559d8aa9ab796fbbadc957cc3b2275fd2d4ff4efe4c1843d4e6eedff318f:1770942429,572473,5031084282167950494806674428243037744881029417420880897305642929037077494331,BUY,0.04399999993833927,14985.227271,659.349999,0xb68d559d8aa9ab796fbbadc957cc3b2275fd2d4ff4efe4c1843d4e6eedff318f,"{""proxyWallet"": ""0x4cd658d1ce5f5e0165ec52812752e633a8f20d98"", ""side"": ""BUY"", ""asset"": ""5031084282167950494806674428243037744881029417420880897305642929037077494331"", ""conditionId"": ""0x46d40e851b24d9b0af4bc1942ccd86439cae82a9011767da14950df0ad997adf"", ""size"": 14985.227271, ""price"": 0.04399999993833927, ""timestamp"": 1770942429, ""title"": ""Will Trump nominate Judy Shelton as the next Fed chair?"", ""slug"": ""will-trump-nominate-judy-shelton-as-the-next-fed-chair"", ""icon"": ""https://polymarket-upload.s3.us-east-2.amazonaws.com/judy-shelton-15c5dd306b.png"", ""eventSlug"": ""who-will-trump-nominate-as-fed-chair"", ""outcome"": ""Yes"", ""outcomeIndex"": 0, ""name"": ""rayonlazz"", ""pseudonym"": ""Kindly-Justice"", ""bio"": """", ""profileImage"": """", ""profileImageOptimized"": """", ""transactionHash"": ""0xb68d559d8aa9ab796fbbadc957cc3b2275fd2d4ff4efe4c1843d4e6eedff318f""}"
1770941883,2026-02-14T01:56:32.096249,0x39d6ae83bc90db2b5f03da6b4fceedc0d02e16d90ce230f27b93c88abc44c088:1770941883,572473,5031084282167950494806674428243037744881029417420880897305642929037077494331,BUY,0.044,860.0,37.839999999999996,0x39d6ae83bc90db2b5f03da6b4fceedc0d02e16d90ce230f27b93c88abc44c088,"{""proxyWallet"": ""0x9e97d59a2f1150780cc463e057d6d4c8fdbcdab1"", ""side"": ""BUY"", ""asset"": ""5031084282167950494806674428243037744881029417420880897305642929037077494331"", ""conditionId"": ""0x46d40e851b24d9b0af4bc1942ccd86439cae82a9011767da14950df0ad997adf"", ""size"": 860, ""price"": 0.044, ""timestamp"": 1770941883, ""title"": ""Will Trump nominate Judy Shelton as the next Fed chair?"", ""slug"": ""will-trump-nominate-judy-shelton-as-the-next-fed-chair"", ""icon"": ""https://polymarket-upload.s3.us-east-2.amazonaws.com/judy-shelton-15c5dd306b.png"", ""eventSlug"": ""who-will-trump-nominate-as-fed-chair"", ""outcome"": ""Yes"", ""outcomeIndex"": 0, ""name"": ""0x9E97d59a2f1150780Cc463e057d6D4c8fDBCdab1-1769703345986"", ""pseudonym"": ""Trustworthy-Greatness"", ""bio"": """", ""profileImage"": """", ""profileImageOptimized"": """", ""transactionHash"": ""0x39d6ae83bc90db2b5f03da6b4fceedc0d02e16d90ce230f27b93c88abc44c088""}"
1770941855,2026-02-14T01:56:32.096268,0xed214915edeab73b6e00fb41e5519794d206865be9ae5466925e4a9293606fb0:1770941855,572473,5031084282167950494806674428243037744881029417420880897305642929037077494331,BUY,0.043999999116206896,1054.545453,46.399999,0xed214915edeab73b6e00fb41e5519794d206865be9ae5466925e4a9293606fb0,"{""proxyWallet"": ""0xeb89862c4adc70a5b4aacf7020c8d8a424e59427"", ""side"": ""BUY"", ""asset"": ""5031084282167950494806674428243037744881029417420880897305642929037077494331"", ""conditionId"": ""0x46d40e851b24d9b0af4bc1942ccd86439cae82a9011767da14950df0ad997adf"", ""size"": 1054.545453, ""price"": 0.043999999116206896, ""timestamp"": 1770941855, ""title"": ""Will Trump nominate Judy Shelton as the next Fed chair?"", ""slug"": ""will-trump-nominate-judy-shelton-as-the-next-fed-chair"", ""icon"": ""https://polymarket-upload.s3.us-east-2.amazonaws.com/judy-shelton-15c5dd306b.png"", ""eventSlug"": ""who-will-trump-nominate-as-fed-chair"", ""outcome"": ""Yes"", ""outcomeIndex"": 0, ""name"": ""LouLou"", ""pseudonym"": ""Fancy-Espalier"", ""bio"": """", ""profileImage"": """", ""profileImageOptimized"": """", ""transactionHash"": ""0xed214915edeab73b6e00fb41e5519794d206865be9ae5466925e4a9293606fb0""}"
1770941803,2026-02-14T01:56:32.096287,0xd0fae30dd3e0a596c627040a33f6b638662cd0df0760fdc38dae595da5058fcd:1770941803,572473,5031084282167950494806674428243037744881029417420880897305642929037077494331,BUY,0.04400000002223158,2159.090908,95.00000000000001,0xd0fae30dd3e0a596c627040a33f6b638662cd0df0760fdc38dae595da5058fcd,"{""proxyWallet"": ""0xb44b23037a1b588dea9eb25a2f4cbe3d0509e48e"", ""side"": ""BUY"", ""asset"": ""5031084282167950494806674428243037744881029417420880897305642929037077494331"", ""conditionId"": ""0x46d40e851b24d9b0af4bc1942ccd86439cae82a9011767da14950df0ad997adf"", ""size"": 2159.090908, ""price"": 0.04400000002223158, ""timestamp"": 1770941803, ""title"": ""Will Trump nominate Judy Shelton as the next Fed chair?"", ""slug"": ""will-trump-nominate-judy-shelton-as-the-next-fed-chair"", ""icon"": ""https://polymarket-upload.s3.us-east-2.amazonaws.com/judy-shelton-15c5dd306b.png"", ""eventSlug"": ""who-will-trump-nominate-as-fed-chair"", ""outcome"": ""Yes"", ""outcomeIndex"": 0, ""name"": ""eh9"", ""pseudonym"": ""Wretched-Loft"", ""bio"": """", ""profileImage"": """", ""profileImageOptimized"": """", ""transactionHash"": ""0xd0fae30dd3e0a596c627040a33f6b638662cd0df0760fdc38dae595da5058fcd""}"
1770941725,2026-02-14T01:56:32.096309,0xcee0acd4e8b9e3538008b1c2c3c45bb9e8c0384fd30358b52fb46d325f753638:1770941725,572473,5031084282167950494806674428243037744881029417420880897305642929037077494331,BUY,0.043999999319466666,1363.636362,59.999999,0xcee0acd4e8b9e3538008b1c2c3c45bb9e8c0384fd30358b52fb46d325f753638,"{""proxyWallet"": ""0x847a4e144b14975b0b91d82c0f1c1e9422aa4e06"", ""side"": ""BUY"", ""asset"": ""5031084282167950494806674428243037744881029417420880897305642929037077494331"", ""conditionId"": ""0x46d40e851b24d9b0af4bc1942ccd86439cae82a9011767da14950df0ad997adf"", ""size"": 1363.636362, ""price"": 0.043999999319466666, ""timestamp"": 1770941725, ""title"": ""Will Trump nominate Judy Shelton as the next Fed chair?"", ""slug"": ""will-trump-nominate-judy-shelton-as-the-next-fed-chair"", ""icon"": ""https://polymarket-upload.s3.us-east-2.amazonaws.com/judy-shelton-15c5dd306b.png"", ""eventSlug"": ""who-will-trump-nominate-as-fed-chair"", ""outcome"": ""Yes"", ""outcomeIndex"": 0, ""name"": ""yoyo.jamal"", ""pseudonym"": ""Modern-Beat"", ""bio"": """", ""profileImage"": """", ""profileImageOptimized"": """", ""transactionHash"": ""0xcee0acd4e8b9e3538008b1c2c3c45bb9e8c0384fd30358b52fb46d325f753638""}"
1770941583,2026-02-14T01:56:32.096329,0x1a4731654543609dca533fc138e019fd7e85f2eabafd6053c57bd516bd649ebd:1770941583,572473,5031084282167950494806674428243037744881029417420880897305642929037077494331,BUY,0.044,415.0,18.259999999999998,0x1a4731654543609dca533fc138e019fd7e85f2eabafd6053c57bd516bd649ebd,"{""proxyWallet"": ""0x5b6331e7ff0831a3fe2ed12004747db1a9c911a4"", ""side"": ""BUY"", ""asset"": ""5031084282167950494806674428243037744881029417420880897305642929037077494331"", ""conditionId"": ""0x46d40e851b24d9b0af4bc1942ccd86439cae82a9011767da14950df0ad997adf"", ""size"": 415, ""price"": 0.044, ""timestamp"": 1770941583, ""title"": ""Will Trump nominate Judy Shelton as the next Fed chair?"", ""slug"": ""will-trump-nominate-judy-shelton-as-the-next-fed-chair"", ""icon"": ""https://polymarket-upload.s3.us-east-2.amazonaws.com/judy-shelton-15c5dd306b.png"", ""eventSlug"": ""who-will-trump-nominate-as-fed-chair"", ""outcome"": ""Yes"", ""outcomeIndex"": 0, ""name"": ""neutralwave23"", ""pseudonym"": ""Monstrous-Dew"", ""bio"": """", ""profileImage"": """", ""profileImageOptimized"": """", ""transactionHash"": ""0x1a4731654543609dca533fc138e019fd7e85f2eabafd6053c57bd516bd649ebd""}"
1770941185,2026-02-14T01:56:32.096353,0xa2530e1cffaa83046f5c4d7e5eb8d59b0a31577f0c3ab544f8d5ca1ba7a32ea1:1770941185,572473,5031084282167950494806674428243037744881029417420880897305642929037077494331,SELL,0.043,5.0,0.21499999999999997,0xa2530e1cffaa83046f5c4d7e5eb8d59b0a31577f0c3ab544f8d5ca1ba7a32ea1,"{""proxyWallet"": ""0x0b01d14b4f91acdf61534543d4a645f142238f47"", ""side"": ""SELL"", ""asset"": ""5031084282167950494806674428243037744881029417420880897305642929037077494331"", ""conditionId"": ""0x46d40e851b24d9b0af4bc1942ccd86439cae82a9011767da14950df0ad997adf"", ""size"": 5, ""price"": 0.043, ""timestamp"": 1770941185, ""title"": ""Will Trump nominate Judy Shelton as the next Fed chair?"", ""slug"": ""will-trump-nominate-judy-shelton-as-the-next-fed-chair"", ""icon"": ""https://polymarket-upload.s3.us-east-2.amazonaws.com/judy-shelton-15c5dd306b.png"", ""eventSlug"": ""who-will-trump-nominate-as-fed-chair"", ""outcome"": ""Yes"", ""outcomeIndex"": 0, ""name"": ""0x0B01d14B4f91ACdf61534543d4a645f142238F47-1766685782640"", ""pseudonym"": ""Radiant-Dahlia"", ""bio"": """", ""profileImage"": """", ""profileImageOptimized"": """", ""transactionHash"": ""0xa2530e1cffaa83046f5c4d7e5eb8d59b0a31577f0c3ab544f8d5ca1ba7a32ea1""}"
1770940833,2026-02-14T01:56:32.096372,0x2d4e162d2fd383dbfebd7a488072635b6683886cf8dfeb396d272bde8d0ec821:1770940833,572473,5031084282167950494806674428243037744881029417420880897305642929037077494331,BUY,0.04399999356499994,145.454544,6.399999,0x2d4e162d2fd383dbfebd7a488072635b6683886cf8dfeb396d272bde8d0ec821,"{""proxyWallet"": ""0x0e2f7bc094dc5b987743fd423a961c32b80f0cc5"", ""side"": ""BUY"", ""asset"": ""5031084282167950494806674428243037744881029417420880897305642929037077494331"", ""conditionId"": ""0x46d40e851b24d9b0af4bc1942ccd86439cae82a9011767da14950df0ad997adf"", ""size"": 145.454544, ""price"": 0.04399999356499994, ""timestamp"": 1770940833, ""title"": ""Will Trump nominate Judy Shelton as the next Fed chair?"", ""slug"": ""will-trump-nominate-judy-shelton-as-the-next-fed-chair"", ""icon"": ""https://polymarket-upload.s3.us-east-2.amazonaws.com/judy-shelton-15c5dd306b.png"", ""eventSlug"": ""who-will-trump-nominate-as-fed-chair"", ""outcome"": ""Yes"", ""outcomeIndex"": 0, ""name"": ""0x0e2F7bC094dc5B987743fd423a961c32b80f0CC5-1768258275524"", ""pseudonym"": ""Strict-Fee"", ""bio"": """", ""profileImage"": """", ""profileImageOptimized"": """", ""transactionHash"": ""0x2d4e162d2fd383dbfebd7a488072635b6683886cf8dfeb396d272bde8d0ec821""}"
1770940831,2026-02-14T01:56:32.096391,0xc35e649235e44deac3b1d3f5e3e96c3f1a1d11a23d6b7d27a008e838937c2aef:1770940831,572473,5031084282167950494806674428243037744881029417420880897305642929037077494331,SELL,0.043,90.0,3.8699999999999997,0xc35e649235e44deac3b1d3f5e3e96c3f1a1d11a23d6b7d27a008e838937c2aef,"{""proxyWallet"": ""0x330c389c86d915f7f348b6ddb58bc3610f99b9a1"", ""side"": ""SELL"", ""asset"": ""5031084282167950494806674428243037744881029417420880897305642929037077494331"", ""conditionId"": ""0x46d40e851b24d9b0af4bc1942ccd86439cae82a9011767da14950df0ad997adf"", ""size"": 90, ""price"": 0.043, ""timestamp"": 1770940831, ""title"": ""Will Trump nominate Judy Shelton as the next Fed chair?"", ""slug"": ""will-trump-nominate-judy-shelton-as-the-next-fed-chair"", ""icon"": ""https://polymarket-upload.s3.us-east-2.amazonaws.com/judy-shelton-15c5dd306b.png"", ""eventSlug"": ""who-will-trump-nominate-as-fed-chair"", ""outcome"": ""Yes"", ""outcomeIndex"": 0, ""name"": ""mcdope01"", ""pseudonym"": ""Enchanted-Symbol"", ""bio"": """", ""profileImage"": """", ""profileImageOptimized"": """", ""transactionHash"": ""0xc35e649235e44deac3b1d3f5e3e96c3f1a1d11a23d6b7d27a008e838937c2aef""}"
1770940713,2026-02-14T01:56:32.096410,0xd75fe343260101eb8a81943c62fd723b12010b91024d69062de51f623f40ed27:1770940713,572473,5031084282167950494806674428243037744881029417420880897305642929037077494331,SELL,0.043,661.0,28.423,0xd75fe343260101eb8a81943c62fd723b12010b91024d69062de51f623f40ed27,"{""proxyWallet"": ""0x9985e769d8860f32d34b3bd36c16832e78e172aa"", ""side"": ""SELL"", ""asset"": ""5031084282167950494806674428243037744881029417420880897305642929037077494331"", ""conditionId"": ""0x46d40e851b24d9b0af4bc1942ccd86439cae82a9011767da14950df0ad997adf"", ""size"": 661, ""price"": 0.043, ""timestamp"": 1770940713, ""title"": ""Will Trump nominate Judy Shelton as the next Fed chair?"", ""slug"": ""will-trump-nominate-judy-shelton-as-the-next-fed-chair"", ""icon"": ""https://polymarket-upload.s3.us-east-2.amazonaws.com/judy-shelton-15c5dd306b.png"", ""eventSlug"": ""who-will-trump-nominate-as-fed-chair"", ""outcome"": ""Yes"", ""outcomeIndex"": 0, ""name"": ""guziec34"", ""pseudonym"": ""Political-Warrior"", ""bio"": """", ""profileImage"": """", ""profileImageOptimized"": """", ""transactionHash"": ""0xd75fe343260101eb8a81943c62fd723b12010b91024d69062de51f623f40ed27""}"
1770940631,2026-02-14T01:56:32.096427,0x9771c96ef6738a461fa9d4ef08b13ae0723910b32c3e6d4b36067270fde5a233:1770940631,572473,5031084282167950494806674428243037744881029417420880897305642929037077494331,BUY,0.044,2.0,0.088,0x9771c96ef6738a461fa9d4ef08b13ae0723910b32c3e6d4b36067270fde5a233,"{""proxyWallet"": ""0x330c389c86d915f7f348b6ddb58bc3610f99b9a1"", ""side"": ""BUY"", ""asset"": ""5031084282167950494806674428243037744881029417420880897305642929037077494331"", ""conditionId"": ""0x46d40e851b24d9b0af4bc1942ccd86439cae82a9011767da14950df0ad997adf"", ""size"": 2, ""price"": 0.044, ""timestamp"": 1770940631, ""title"": ""Will Trump nominate Judy Shelton as the next Fed chair?"", ""slug"": ""will-trump-nominate-judy-shelton-as-the-next-fed-chair"", ""icon"": ""https://polymarket-upload.s3.us-east-2.amazonaws.com/judy-shelton-15c5dd306b.png"", ""eventSlug"": ""who-will-trump-nominate-as-fed-chair"", ""outcome"": ""Yes"", ""outcomeIndex"": 0, ""name"": ""mcdope01"", ""pseudonym"": ""Enchanted-Symbol"", ""bio"": """", ""profileImage"": """", ""profileImageOptimized"": """", ""transactionHash"": ""0x9771c96ef6738a461fa9d4ef08b13ae0723910b32c3e6d4b36067270fde5a233""}"
1770940619,2026-02-14T01:56:32.096444,0x1e9623b1326ba1104a404443cc5f72ece7a6c86bef8bb6445ef82e981e427923:1770940619,572473,5031084282167950494806674428243037744881029417420880897305642929037077494331,BUY,0.044,2.0,0.088,0x1e9623b1326ba1104a404443cc5f72ece7a6c86bef8bb6445ef82e981e427923,"{""proxyWallet"": ""0x330c389c86d915f7f348b6ddb58bc3610f99b9a1"", ""side"": ""BUY"", ""asset"": ""5031084282167950494806674428243037744881029417420880897305642929037077494331"", ""conditionId"": ""0x46d40e851b24d9b0af4bc1942ccd86439cae82a9011767da14950df0ad997adf"", ""size"": 2, ""price"": 0.044, ""timestamp"": 1770940619, ""title"": ""Will Trump nominate Judy Shelton as the next Fed chair?"", ""slug"": ""will-trump-nominate-judy-shelton-as-the-next-fed-chair"", ""icon"": ""https://polymarket-upload.s3.us-east-2.amazonaws.com/judy-shelton-15c5dd306b.png"", ""eventSlug"": ""who-will-trump-nominate-as-fed-chair"", ""outcome"": ""Yes"", ""outcomeIndex"": 0, ""name"": ""mcdope01"", ""pseudonym"": ""Enchanted-Symbol"", ""bio"": """", ""profileImage"": """", ""profileImageOptimized"": """", ""transactionHash"": ""0x1e9623b1326ba1104a404443cc5f72ece7a6c86bef8bb6445ef82e981e427923""}"
1770940431,2026-02-14T01:56:32.096464,0x96ec2c5e28fdbcb2950f7cac38d9cc8c5e7c157189b0a94dd3fbf2d1423444b0:1770940431,572473,5031084282167950494806674428243037744881029417420880897305642929037077494331,BUY,0.044,2.0,0.088,0x96ec2c5e28fdbcb2950f7cac38d9cc8c5e7c157189b0a94dd3fbf2d1423444b0,"{""proxyWallet"": ""0x330c389c86d915f7f348b6ddb58bc3610f99b9a1"", ""side"": ""BUY"", ""asset"": ""5031084282167950494806674428243037744881029417420880897305642929037077494331"", ""conditionId"": ""0x46d40e851b24d9b0af4bc1942ccd86439cae82a9011767da14950df0ad997adf"", ""size"": 2, ""price"": 0.044, ""timestamp"": 1770940431, ""title"": ""Will Trump nominate Judy Shelton as the next Fed chair?"", ""slug"": ""will-trump-nominate-judy-shelton-as-the-next-fed-chair"", ""icon"": ""https://polymarket-upload.s3.us-east-2.amazonaws.com/judy-shelton-15c5dd306b.png"", ""eventSlug"": ""who-will-trump-nominate-as-fed-chair"", ""outcome"": ""Yes"", ""outcomeIndex"": 0, ""name"": ""mcdope01"", ""pseudonym"": ""Enchanted-Symbol"", ""bio"": """", ""profileImage"": """", ""profileImageOptimized"": """", ""transactionHash"": ""0x96ec2c5e28fdbcb2950f7cac38d9cc8c5e7c157189b0a94dd3fbf2d1423444b0""}"
1770940339,2026-02-14T01:56:32.096484,0xc5e61ff62cfc82bd290e3eef40698994309958523ce1166b162c7fb3bb3d1f35:1770940339,572473,5031084282167950494806674428243037744881029417420880897305642929037077494331,BUY,0.04399998992399979,90.909089,3.999999,0xc5e61ff62cfc82bd290e3eef40698994309958523ce1166b162c7fb3bb3d1f35,"{""proxyWallet"": ""0xa2c29b3ac1750f639396bc8cd81ab8150dc231ac"", ""side"": ""BUY"", ""asset"": ""5031084282167950494806674428243037744881029417420880897305642929037077494331"", ""conditionId"": ""0x46d40e851b24d9b0af4bc1942ccd86439cae82a9011767da14950df0ad997adf"", ""size"": 90.909089, ""price"": 0.04399998992399979, ""timestamp"": 1770940339, ""title"": ""Will Trump nominate Judy Shelton as the next Fed chair?"", ""slug"": ""will-trump-nominate-judy-shelton-as-the-next-fed-chair"", ""icon"": ""https://polymarket-upload.s3.us-east-2.amazonaws.com/judy-shelton-15c5dd306b.png"", ""eventSlug"": ""who-will-trump-nominate-as-fed-chair"", ""outcome"": ""Yes"", ""outcomeIndex"": 0, ""name"": ""0xa2C29b3AC1750f639396BC8cd81AB8150dC231Ac-1763893469980"", ""pseudonym"": ""Corny-Herb"", ""bio"": """", ""profileImage"": """", ""profileImageOptimized"": """", ""transactionHash"": ""0xc5e61ff62cfc82bd290e3eef40698994309958523ce1166b162c7fb3bb3d1f35""}"
1770940255,2026-02-14T01:56:32.096504,0xa63d50e487d300067b3e039e7910994f58761f9404c162df97701dc1f122be48:1770940255,572473,5031084282167950494806674428243037744881029417420880897305642929037077494331,BUY,0.043999997313066655,340.909089,14.999999,0xa63d50e487d300067b3e039e7910994f58761f9404c162df97701dc1f122be48,"{""proxyWallet"": ""0xa2c29b3ac1750f639396bc8cd81ab8150dc231ac"", ""side"": ""BUY"", ""asset"": ""5031084282167950494806674428243037744881029417420880897305642929037077494331"", ""conditionId"": ""0x46d40e851b24d9b0af4bc1942ccd86439cae82a9011767da14950df0ad997adf"", ""size"": 340.909089, ""price"": 0.043999997313066655, ""timestamp"": 1770940255, ""title"": ""Will Trump nominate Judy Shelton as the next Fed chair?"", ""slug"": ""will-trump-nominate-judy-shelton-as-the-next-fed-chair"", ""icon"": ""https://polymarket-upload.s3.us-east-2.amazonaws.com/judy-shelton-15c5dd306b.png"", ""eventSlug"": ""who-will-trump-nominate-as-fed-chair"", ""outcome"": ""Yes"", ""outcomeIndex"": 0, ""name"": ""0xa2C29b3AC1750f639396BC8cd81AB8150dC231Ac-1763893469980"", ""pseudonym"": ""Corny-Herb"", ""bio"": """", ""profileImage"": """", ""profileImageOptimized"": """", ""transactionHash"": ""0xa63d50e487d300067b3e039e7910994f58761f9404c162df97701dc1f122be48""}"
1770940117,2026-02-14T01:56:32.096523,0x2914181da60bdb247e8a9ec39a08e20e8874482a4f526fb1e50e5574e4600fb5:1770940117,572473,5031084282167950494806674428243037744881029417420880897305642929037077494331,SELL,0.043,5.0,0.21499999999999997,0x2914181da60bdb247e8a9ec39a08e20e8874482a4f526fb1e50e5574e4600fb5,"{""proxyWallet"": ""0x0b01d14b4f91acdf61534543d4a645f142238f47"", ""side"": ""SELL"", ""asset"": ""5031084282167950494806674428243037744881029417420880897305642929037077494331"", ""conditionId"": ""0x46d40e851b24d9b0af4bc1942ccd86439cae82a9011767da14950df0ad997adf"", ""size"": 5, ""price"": 0.043, ""timestamp"": 1770940117, ""title"": ""Will Trump nominate Judy Shelton as the next Fed chair?"", ""slug"": ""will-trump-nominate-judy-shelton-as-the-next-fed-chair"", ""icon"": ""https://polymarket-upload.s3.us-east-2.amazonaws.com/judy-shelton-15c5dd306b.png"", ""eventSlug"": ""who-will-trump-nominate-as-fed-chair"", ""outcome"": ""Yes"", ""outcomeIndex"": 0, ""name"": ""0x0B01d14B4f91ACdf61534543d4a645f142238F47-1766685782640"", ""pseudonym"": ""Radiant-Dahlia"", ""bio"": """", ""profileImage"": """", ""profileImageOptimized"": """", ""transactionHash"": ""0x2914181da60bdb247e8a9ec39a08e20e8874482a4f526fb1e50e5574e4600fb5""}"
1770940025,2026-02-14T01:56:32.096541,0x2cd8e3e37a6e355aba1664013185b53672dd3f6bdcaa100a5b815f4d87f80c8e:1770940025,572473,5031084282167950494806674428243037744881029417420880897305642929037077494331,SELL,0.043,5.0,0.21499999999999997,0x2cd8e3e37a6e355aba1664013185b53672dd3f6bdcaa100a5b815f4d87f80c8e,"{""proxyWallet"": ""0x0b01d14b4f91acdf61534543d4a645f142238f47"", ""side"": ""SELL"", ""asset"": ""5031084282167950494806674428243037744881029417420880897305642929037077494331"", ""conditionId"": ""0x46d40e851b24d9b0af4bc1942ccd86439cae82a9011767da14950df0ad997adf"", ""size"": 5, ""price"": 0.043, ""timestamp"": 1770940025, ""title"": ""Will Trump nominate Judy Shelton as the next Fed chair?"", ""slug"": ""will-trump-nominate-judy-shelton-as-the-next-fed-chair"", ""icon"": ""https://polymarket-upload.s3.us-east-2.amazonaws.com/judy-shelton-15c5dd306b.png"", ""eventSlug"": ""who-will-trump-nominate-as-fed-chair"", ""outcome"": ""Yes"", ""outcomeIndex"": 0, ""name"": ""0x0B01d14B4f91ACdf61534543d4a645f142238F47-1766685782640"", ""pseudonym"": ""Radiant-Dahlia"", ""bio"": """", ""profileImage"": """", ""profileImageOptimized"": """", ""transactionHash"": ""0x2cd8e3e37a6e355aba1664013185b53672dd3f6bdcaa100a5b815f4d87f80c8e""}"
1770939817,2026-02-14T01:56:32.096562,0x952ae979ff64555a821ff0b305b48ac683268522757b351b76a94ac2ab016d9a:1770939817,572473,5031084282167950494806674428243037744881029417420880897305642929037077494331,BUY,0.044,2.0,0.088,0x952ae979ff64555a821ff0b305b48ac683268522757b351b76a94ac2ab016d9a,"{""proxyWallet"": ""0x330c389c86d915f7f348b6ddb58bc3610f99b9a1"", ""side"": ""BUY"", ""asset"": ""5031084282167950494806674428243037744881029417420880897305642929037077494331"", ""conditionId"": ""0x46d40e851b24d9b0af4bc1942ccd86439cae82a9011767da14950df0ad997adf"", ""size"": 2, ""price"": 0.044, ""timestamp"": 1770939817, ""title"": ""Will Trump nominate Judy Shelton as the next Fed chair?"", ""slug"": ""will-trump-nominate-judy-shelton-as-the-next-fed-chair"", ""icon"": ""https://polymarket-upload.s3.us-east-2.amazonaws.com/judy-shelton-15c5dd306b.png"", ""eventSlug"": ""who-will-trump-nominate-as-fed-chair"", ""outcome"": ""Yes"", ""outcomeIndex"": 0, ""name"": ""mcdope01"", ""pseudonym"": ""Enchanted-Symbol"", ""bio"": """", ""profileImage"": """", ""profileImageOptimized"": """", ""transactionHash"": ""0x952ae979ff64555a821ff0b305b48ac683268522757b351b76a94ac2ab016d9a""}"
1770939667,2026-02-14T01:56:32.096581,0x09b6877e41b19577bfd3454a271b4fde7ee93feab767cde7749e56d5e661efa1:1770939667,572473,5031084282167950494806674428243037744881029417420880897305642929037077494331,BUY,0.04399999970566893,3207.272726,141.119999,0x09b6877e41b19577bfd3454a271b4fde7ee93feab767cde7749e56d5e661efa1,"{""proxyWallet"": ""0x2306e58ff1990635e8512fc49795b454e2adddde"", ""side"": ""BUY"", ""asset"": ""5031084282167950494806674428243037744881029417420880897305642929037077494331"", ""conditionId"": ""0x46d40e851b24d9b0af4bc1942ccd86439cae82a9011767da14950df0ad997adf"", ""size"": 3207.272726, ""price"": 0.04399999970566893, ""timestamp"": 1770939667, ""title"": ""Will Trump nominate Judy Shelton as the next Fed chair?"", ""slug"": ""will-trump-nominate-judy-shelton-as-the-next-fed-chair"", ""icon"": ""https://polymarket-upload.s3.us-east-2.amazonaws.com/judy-shelton-15c5dd306b.png"", ""eventSlug"": ""who-will-trump-nominate-as-fed-chair"", ""outcome"": ""Yes"", ""outcomeIndex"": 0, ""name"": ""Avrynnechu"", ""pseudonym"": ""Likely-Eyelids"", ""bio"": """", ""profileImage"": """", ""profileImageOptimized"": """", ""transactionHash"": ""0x09b6877e41b19577bfd3454a271b4fde7ee93feab767cde7749e56d5e661efa1""}"
1770939365,2026-02-14T01:56:32.096602,0xcd62716a0b82fe64115e4ce270bb0f74a3a11af97772b9808c9939376a735841:1770939365,572473,5031084282167950494806674428243037744881029417420880897305642929037077494331,BUY,0.043999996258018,252.272726,11.099999,0xcd62716a0b82fe64115e4ce270bb0f74a3a11af97772b9808c9939376a735841,"{""proxyWallet"": ""0xeb89862c4adc70a5b4aacf7020c8d8a424e59427"", ""side"": ""BUY"", ""asset"": ""5031084282167950494806674428243037744881029417420880897305642929037077494331"", ""conditionId"": ""0x46d40e851b24d9b0af4bc1942ccd86439cae82a9011767da14950df0ad997adf"", ""size"": 252.272726, ""price"": 0.043999996258018, ""timestamp"": 1770939365, ""title"": ""Will Trump nominate Judy Shelton as the next Fed chair?"", ""slug"": ""will-trump-nominate-judy-shelton-as-the-next-fed-chair"", ""icon"": ""https://polymarket-upload.s3.us-east-2.amazonaws.com/judy-shelton-15c5dd306b.png"", ""eventSlug"": ""who-will-trump-nominate-as-fed-chair"", ""outcome"": ""Yes"", ""outcomeIndex"": 0, ""name"": ""LouLou"", ""pseudonym"": ""Fancy-Espalier"", ""bio"": """", ""profileImage"": """", ""profileImageOptimized"": """", ""transactionHash"": ""0xcd62716a0b82fe64115e4ce270bb0f74a3a11af97772b9808c9939376a735841""}"
1770939227,2026-02-14T01:56:32.096624,0xcc83c872d0f7680c63dcd50285553ab5ffc406e1b6722a04a92f82759d698eb3:1770939227,572473,5031084282167950494806674428243037744881029417420880897305642929037077494331,BUY,0.0439999995424,2045.454544,89.99999899999999,0xcc83c872d0f7680c63dcd50285553ab5ffc406e1b6722a04a92f82759d698eb3,"{""proxyWallet"": ""0x024c889b285bca85423e54a37dbe61675e3f84ef"", ""side"": ""BUY"", ""asset"": ""5031084282167950494806674428243037744881029417420880897305642929037077494331"", ""conditionId"": ""0x46d40e851b24d9b0af4bc1942ccd86439cae82a9011767da14950df0ad997adf"", ""size"": 2045.454544, ""price"": 0.0439999995424, ""timestamp"": 1770939227, ""title"": ""Will Trump nominate Judy Shelton as the next Fed chair?"", ""slug"": ""will-trump-nominate-judy-shelton-as-the-next-fed-chair"", ""icon"": ""https://polymarket-upload.s3.us-east-2.amazonaws.com/judy-shelton-15c5dd306b.png"", ""eventSlug"": ""who-will-trump-nominate-as-fed-chair"", ""outcome"": ""Yes"", ""outcomeIndex"": 0, ""name"": ""0x024c889B285Bca85423E54a37DbE61675E3f84Ef-1770938761701"", ""pseudonym"": ""Whopping-Nutrient"", ""bio"": """", ""profileImage"": """", ""profileImageOptimized"": """", ""transactionHash"": ""0xcc83c872d0f7680c63dcd50285553ab5ffc406e1b6722a04a92f82759d698eb3""}"
1770938981,2026-02-14T01:56:33.113454,0xe996122e7c1d88abe9409d901c9e53a5471a6991c83cc281ee2a70780d2d8f60:1770938981,572473,5031084282167950494806674428243037744881029417420880897305642929037077494331,BUY,0.044,5.0,0.21999999999999997,0xe996122e7c1d88abe9409d901c9e53a5471a6991c83cc281ee2a70780d2d8f60,"{""proxyWallet"": ""0xb004497aeb5038588682e0cf786ee139d1770393"", ""side"": ""BUY"", ""asset"": ""5031084282167950494806674428243037744881029417420880897305642929037077494331"", ""conditionId"": ""0x46d40e851b24d9b0af4bc1942ccd86439cae82a9011767da14950df0ad997adf"", ""size"": 5, ""price"": 0.044, ""timestamp"": 1770938981, ""title"": ""Will Trump nominate Judy Shelton as the next Fed chair?"", ""slug"": ""will-trump-nominate-judy-shelton-as-the-next-fed-chair"", ""icon"": ""https://polymarket-upload.s3.us-east-2.amazonaws.com/judy-shelton-15c5dd306b.png"", ""eventSlug"": ""who-will-trump-nominate-as-fed-chair"", ""outcome"": ""Yes"", ""outcomeIndex"": 0, ""name"": ""elasticsserdel"", ""pseudonym"": ""Far-Philosopher"", ""bio"": """", ""profileImage"": """", ""profileImageOptimized"": """", ""transactionHash"": ""0xe996122e7c1d88abe9409d901c9e53a5471a6991c83cc281ee2a70780d2d8f60""}"
1770938941,2026-02-14T01:56:33.113510,0xf9e4b7c6337d2c3050b27dc320318f4c32abb52dd94e507059833f37751ad258:1770938941,572473,5031084282167950494806674428243037744881029417420880897305642929037077494331,BUY,0.044,7.0,0.308,0xf9e4b7c6337d2c3050b27dc320318f4c32abb52dd94e507059833f37751ad258,"{""proxyWallet"": ""0xb004497aeb5038588682e0cf786ee139d1770393"", ""side"": ""BUY"", ""asset"": ""5031084282167950494806674428243037744881029417420880897305642929037077494331"", ""conditionId"": ""0x46d40e851b24d9b0af4bc1942ccd86439cae82a9011767da14950df0ad997adf"", ""size"": 7, ""price"": 0.044, ""timestamp"": 1770938941, ""title"": ""Will Trump nominate Judy Shelton as the next Fed chair?"", ""slug"": ""will-trump-nominate-judy-shelton-as-the-next-fed-chair"", ""icon"": ""https://polymarket-upload.s3.us-east-2.amazonaws.com/judy-shelton-15c5dd306b.png"", ""eventSlug"": ""who-will-trump-nominate-as-fed-chair"", ""outcome"": ""Yes"", ""outcomeIndex"": 0, ""name"": ""elasticsserdel"", ""pseudonym"": ""Far-Philosopher"", ""bio"": """", ""profileImage"": """", ""profileImageOptimized"": """", ""transactionHash"": ""0xf9e4b7c6337d2c3050b27dc320318f4c32abb52dd94e507059833f37751ad258""}"
1770938709,2026-02-14T01:56:33.113527,0xf9ff091a686548bc0a83923a7584943b31df72d7e22dc689ef007ac6b88cace0:1770938709,572473,5031084282167950494806674428243037744881029417420880897305642929037077494331,BUY,0.04399999947876923,1772.727271,77.999999,0xf9ff091a686548bc0a83923a7584943b31df72d7e22dc689ef007ac6b88cace0,"{""proxyWallet"": ""0xb8e3d389a189ec66a613cdbea07e4738aa04545d"", ""side"": ""BUY"", ""asset"": ""5031084282167950494806674428243037744881029417420880897305642929037077494331"", ""conditionId"": ""0x46d40e851b24d9b0af4bc1942ccd86439cae82a9011767da14950df0ad997adf"", ""size"": 1772.727271, ""price"": 0.04399999947876923, ""timestamp"": 1770938709, ""title"": ""Will Trump nominate Judy Shelton as the next Fed chair?"", ""slug"": ""will-trump-nominate-judy-shelton-as-the-next-fed-chair"", ""icon"": ""https://polymarket-upload.s3.us-east-2.amazonaws.com/judy-shelton-15c5dd306b.png"", ""eventSlug"": ""who-will-trump-nominate-as-fed-chair"", ""outcome"": ""Yes"", ""outcomeIndex"": 0, ""name"": ""darth-m"", ""pseudonym"": ""Sympathetic-Ecliptic"", ""bio"": """", ""profileImage"": """", ""profileImageOptimized"": """", ""transactionHash"": ""0xf9ff091a686548bc0a83923a7584943b31df72d7e22dc689ef007ac6b88cace0""}"
1770938547,2026-02-14T01:56:33.113542,0x4d1c02e3dc8c3a39fd8ec8e7dcc27fc3e7fd450629fa842b11629ca47ecc9ca9:1770938547,572473,5031084282167950494806674428243037744881029417420880897305642929037077494331,BUY,0.043999997799999996,425.454544,18.719999,0x4d1c02e3dc8c3a39fd8ec8e7dcc27fc3e7fd450629fa842b11629ca47ecc9ca9,"{""proxyWallet"": ""0xc73943f7efd7240c20fab0d93b287dadfb454d16"", ""side"": ""BUY"", ""asset"": ""5031084282167950494806674428243037744881029417420880897305642929037077494331"", ""conditionId"": ""0x46d40e851b24d9b0af4bc1942ccd86439cae82a9011767da14950df0ad997adf"", ""size"": 425.454544, ""price"": 0.043999997799999996, ""timestamp"": 1770938547, ""title"": ""Will Trump nominate Judy Shelton as the next Fed chair?"", ""slug"": ""will-trump-nominate-judy-shelton-as-the-next-fed-chair"", ""icon"": ""https://polymarket-upload.s3.us-east-2.amazonaws.com/judy-shelton-15c5dd306b.png"", ""eventSlug"": ""who-will-trump-nominate-as-fed-chair"", ""outcome"": ""Yes"", ""outcomeIndex"": 0, ""name"": ""0xC73943F7eFd7240c20fAb0D93B287DADFB454d16-1770768089727"", ""pseudonym"": ""Well-Worn-Migrant"", ""bio"": """", ""profileImage"": """", ""profileImageOptimized"": """", ""transactionHash"": ""0x4d1c02e3dc8c3a39fd8ec8e7dcc27fc3e7fd450629fa842b11629ca47ecc9ca9""}"
1770938389,2026-02-14T01:56:33.113556,0x330c9b09594de62015e2a1b1301f15f7c8eddbb187bca8c7bdbd29fff4959143:1770938389,572473,5031084282167950494806674428243037744881029417420880897305642929037077494331,BUY,0.043999999918336,11363.636362,499.999999,0x330c9b09594de62015e2a1b1301f15f7c8eddbb187bca8c7bdbd29fff4959143,"{""proxyWallet"": ""0xc357b58529c064bc59f7d0ee4861d4e4e7b76646"", ""side"": ""BUY"", ""asset"": ""5031084282167950494806674428243037744881029417420880897305642929037077494331"", ""conditionId"": ""0x46d40e851b24d9b0af4bc1942ccd86439cae82a9011767da14950df0ad997adf"", ""size"": 11363.636362, ""price"": 0.043999999918336, ""timestamp"": 1770938389, ""title"": ""Will Trump nominate Judy Shelton as the next Fed chair?"", ""slug"": ""will-trump-nominate-judy-shelton-as-the-next-fed-chair"", ""icon"": ""https://polymarket-upload.s3.us-east-2.amazonaws.com/judy-shelton-15c5dd306b.png"", ""eventSlug"": ""who-will-trump-nominate-as-fed-chair"", ""outcome"": ""Yes"", ""outcomeIndex"": 0, ""name"": ""alexandrebayon"", ""pseudonym"": ""Round-Overload"", ""bio"": """", ""profileImage"": """", ""profileImageOptimized"": """", ""transactionHash"": ""0x330c9b09594de62015e2a1b1301f15f7c8eddbb187bca8c7bdbd29fff4959143""}"
1770938267,2026-02-14T01:56:33.113568,0xa5f3d3d053e6b22411d2e69257db2d9dda5d54b4f2917fa71688b13e00002ade:1770938267,572473,5031084282167950494806674428243037744881029417420880897305642929037077494331,SELL,0.043,21381.14,919.3890199999998,0xa5f3d3d053e6b22411d2e69257db2d9dda5d54b4f2917fa71688b13e00002ade,"{""proxyWallet"": ""0xc357b58529c064bc59f7d0ee4861d4e4e7b76646"", ""side"": ""SELL"", ""asset"": ""5031084282167950494806674428243037744881029417420880897305642929037077494331"", ""conditionId"": ""0x46d40e851b24d9b0af4bc1942ccd86439cae82a9011767da14950df0ad997adf"", ""size"": 21381.14, ""price"": 0.043, ""timestamp"": 1770938267, ""title"": ""Will Trump nominate Judy Shelton as the next Fed chair?"", ""slug"": ""will-trump-nominate-judy-shelton-as-the-next-fed-chair"", ""icon"": ""https://polymarket-upload.s3.us-east-2.amazonaws.com/judy-shelton-15c5dd306b.png"", ""eventSlug"": ""who-will-trump-nominate-as-fed-chair"", ""outcome"": ""Yes"", ""outcomeIndex"": 0, ""name"": ""alexandrebayon"", ""pseudonym"": ""Round-Overload"", ""bio"": """", ""profileImage"": """", ""profileImageOptimized"": """", ""transactionHash"": ""0xa5f3d3d053e6b22411d2e69257db2d9dda5d54b4f2917fa71688b13e00002ade""}"
1770937903,2026-02-14T01:56:33.113580,0x2a3319a26bbd29a6061480a71186683645b2ab92de637d9bd8b78e2d0f71d348:1770937903,572473,5031084282167950494806674428243037744881029417420880897305642929037077494331,BUY,0.04399999823234782,522.727271,22.999999,0x2a3319a26bbd29a6061480a71186683645b2ab92de637d9bd8b78e2d0f71d348,"{""proxyWallet"": ""0x31174fd536669ebfce1893bf3bd46b64b169dad1"", ""side"": ""BUY"", ""asset"": ""5031084282167950494806674428243037744881029417420880897305642929037077494331"", ""conditionId"": ""0x46d40e851b24d9b0af4bc1942ccd86439cae82a9011767da14950df0ad997adf"", ""size"": 522.727271, ""price"": 0.04399999823234782, ""timestamp"": 1770937903, ""title"": ""Will Trump nominate Judy Shelton as the next Fed chair?"", ""slug"": ""will-trump-nominate-judy-shelton-as-the-next-fed-chair"", ""icon"": ""https://polymarket-upload.s3.us-east-2.amazonaws.com/judy-shelton-15c5dd306b.png"", ""eventSlug"": ""who-will-trump-nominate-as-fed-chair"", ""outcome"": ""Yes"", ""outcomeIndex"": 0, ""name"": ""imjustnoah"", ""pseudonym"": ""Baggy-Blister"", ""bio"": """", ""profileImage"": """", ""profileImageOptimized"": """", ""transactionHash"": ""0x2a3319a26bbd29a6061480a71186683645b2ab92de637d9bd8b78e2d0f71d348""}"
1770937793,2026-02-14T01:56:33.113598,0xecc417ac033e5daf546e9fcb268b18fa7a2a6eaa2401b5c3357b219720a8e9ae:1770937793,572473,5031084282167950494806674428243037744881029417420880897305642929037077494331,BUY,0.043999997949599995,454.545453,19.999999000000003,0xecc417ac033e5daf546e9fcb268b18fa7a2a6eaa2401b5c3357b219720a8e9ae,"{""proxyWallet"": ""0xb3eeb51c82bbd2d7e59104650d4a973d9d385717"", ""side"": ""BUY"", ""asset"": ""5031084282167950494806674428243037744881029417420880897305642929037077494331"", ""conditionId"": ""0x46d40e851b24d9b0af4bc1942ccd86439cae82a9011767da14950df0ad997adf"", ""size"": 454.545453, ""price"": 0.043999997949599995, ""timestamp"": 1770937793, ""title"": ""Will Trump nominate Judy Shelton as the next Fed chair?"", ""slug"": ""will-trump-nominate-judy-shelton-as-the-next-fed-chair"", ""icon"": ""https://polymarket-upload.s3.us-east-2.amazonaws.com/judy-shelton-15c5dd306b.png"", ""eventSlug"": ""who-will-trump-nominate-as-fed-chair"", ""outcome"": ""Yes"", ""outcomeIndex"": 0, ""name"": ""Pepemalin"", ""pseudonym"": ""Vicious-Pattern"", ""bio"": """", ""profileImage"": """", ""profileImageOptimized"": """", ""transactionHash"": ""0xecc417ac033e5daf546e9fcb268b18fa7a2a6eaa2401b5c3357b219720a8e9ae""}"
1770937623,2026-02-14T01:56:33.113610,0xe62ea7ef1a63e7fcdc488501b8f9323af3becfdccbfb1f2ec11f345dc0cafef8:1770937623,572473,5031084282167950494806674428243037744881029417420880897305642929037077494331,BUY,0.044,500.0,22.0,0xe62ea7ef1a63e7fcdc488501b8f9323af3becfdccbfb1f2ec11f345dc0cafef8,"{""proxyWallet"": ""0x998fb49b5af14090467a658f9a06fff1226d0b2b"", ""side"": ""BUY"", ""asset"": ""5031084282167950494806674428243037744881029417420880897305642929037077494331"", ""conditionId"": ""0x46d40e851b24d9b0af4bc1942ccd86439cae82a9011767da14950df0ad997adf"", ""size"": 500, ""price"": 0.044, ""timestamp"": 1770937623, ""title"": ""Will Trump nominate Judy Shelton as the next Fed chair?"", ""slug"": ""will-trump-nominate-judy-shelton-as-the-next-fed-chair"", ""icon"": ""https://polymarket-upload.s3.us-east-2.amazonaws.com/judy-shelton-15c5dd306b.png"", ""eventSlug"": ""who-will-trump-nominate-as-fed-chair"", ""outcome"": ""Yes"", ""outcomeIndex"": 0, ""name"": ""0x998fB49B5aF14090467a658F9a06FfF1226d0B2B-1770847569610"", ""pseudonym"": ""Brisk-Piglet"", ""bio"": """", ""profileImage"": """", ""profileImageOptimized"": """", ""transactionHash"": ""0xe62ea7ef1a63e7fcdc488501b8f9323af3becfdccbfb1f2ec11f345dc0cafef8""}"
1770937577,2026-02-14T01:56:33.113621,0xc088a9d28c24abfad8f32873949b0f64f2724199e903e0870639c0385a8e3bc7:1770937577,572473,5031084282167950494806674428243037744881029417420880897305642929037077494331,SELL,0.043,150.0,6.449999999999999,0xc088a9d28c24abfad8f32873949b0f64f2724199e903e0870639c0385a8e3bc7,"{""proxyWallet"": ""0x44a1159b925c145e70f746bb3f0f58380553bd21"", ""side"": ""SELL"", ""asset"": ""5031084282167950494806674428243037744881029417420880897305642929037077494331"", ""conditionId"": ""0x46d40e851b24d9b0af4bc1942ccd86439cae82a9011767da14950df0ad997adf"", ""size"": 150, ""price"": 0.043, ""timestamp"": 1770937577, ""title"": ""Will Trump nominate Judy Shelton as the next Fed chair?"", ""slug"": ""will-trump-nominate-judy-shelton-as-the-next-fed-chair"", ""icon"": ""https://polymarket-upload.s3.us-east-2.amazonaws.com/judy-shelton-15c5dd306b.png"", ""eventSlug"": ""who-will-trump-nominate-as-fed-chair"", ""outcome"": ""Yes"", ""outcomeIndex"": 0, ""name"": ""yupiiiiiiiii"", ""pseudonym"": ""True-Counsel"", ""bio"": """", ""profileImage"": """", ""profileImageOptimized"": """", ""transactionHash"": ""0xc088a9d28c24abfad8f32873949b0f64f2724199e903e0870639c0385a8e3bc7""}"
1770937411,2026-02-14T01:56:33.113631,0x5376207f5428b4077fe6af9584356e29f3d902acc255dcc404db06e1655159fc:1770937411,572473,5031084282167950494806674428243037744881029417420880897305642929037077494331,SELL,0.043,26.09,1.12187,0x5376207f5428b4077fe6af9584356e29f3d902acc255dcc404db06e1655159fc,"{""proxyWallet"": ""0x8e60a49fb873e9e169e45efe035b609ee4c8de98"", ""side"": ""SELL"", ""asset"": ""5031084282167950494806674428243037744881029417420880897305642929037077494331"", ""conditionId"": ""0x46d40e851b24d9b0af4bc1942ccd86439cae82a9011767da14950df0ad997adf"", ""size"": 26.09, ""price"": 0.043, ""timestamp"": 1770937411, ""title"": ""Will Trump nominate Judy Shelton as the next Fed chair?"", ""slug"": ""will-trump-nominate-judy-shelton-as-the-next-fed-chair"", ""icon"": ""https://polymarket-upload.s3.us-east-2.amazonaws.com/judy-shelton-15c5dd306b.png"", ""eventSlug"": ""who-will-trump-nominate-as-fed-chair"", ""outcome"": ""Yes"", ""outcomeIndex"": 0, ""name"": """", ""pseudonym"": """", ""bio"": """", ""profileImage"": """", ""profileImageOptimized"": """", ""transactionHash"": ""0x5376207f5428b4077fe6af9584356e29f3d902acc255dcc404db06e1655159fc""}"
1770937163,2026-02-14T01:56:33.113642,0x90cff664f8104574c3fd2a02c072a9c4499ac47b66d40bca87b27caf87abca8f:1770937163,572473,5031084282167950494806674428243037744881029417420880897305642929037077494331,SELL,0.042,1885.01,79.17042000000001,0x90cff664f8104574c3fd2a02c072a9c4499ac47b66d40bca87b27caf87abca8f,"{""proxyWallet"": ""0x9e97d59a2f1150780cc463e057d6d4c8fdbcdab1"", ""side"": ""SELL"", ""asset"": ""5031084282167950494806674428243037744881029417420880897305642929037077494331"", ""conditionId"": ""0x46d40e851b24d9b0af4bc1942ccd86439cae82a9011767da14950df0ad997adf"", ""size"": 1885.01, ""price"": 0.042, ""timestamp"": 1770937163, ""title"": ""Will Trump nominate Judy Shelton as the next Fed chair?"", ""slug"": ""will-trump-nominate-judy-shelton-as-the-next-fed-chair"", ""icon"": ""https://polymarket-upload.s3.us-east-2.amazonaws.com/judy-shelton-15c5dd306b.png"", ""eventSlug"": ""who-will-trump-nominate-as-fed-chair"", ""outcome"": ""Yes"", ""outcomeIndex"": 0, ""name"": ""0x9E97d59a2f1150780Cc463e057d6D4c8fDBCdab1-1769703345986"", ""pseudonym"": ""Trustworthy-Greatness"", ""bio"": """", ""profileImage"": """", ""profileImageOptimized"": """", ""transactionHash"": ""0x90cff664f8104574c3fd2a02c072a9c4499ac47b66d40bca87b27caf87abca8f""}"
1770937041,2026-02-14T01:56:33.113653,0xb0c184749499ec77ff82c0ec17f1dfecbd85964e6a5f8389c69e396819d4c64b:1770937041,572473,5031084282167950494806674428243037744881029417420880897305642929037077494331,BUY,0.043,16.7,0.7181,0xb0c184749499ec77ff82c0ec17f1dfecbd85964e6a5f8389c69e396819d4c64b,"{""proxyWallet"": ""0x6bf8f7e1bc993c27ddd49802b8e1940356fa132d"", ""side"": ""BUY"", ""asset"": ""5031084282167950494806674428243037744881029417420880897305642929037077494331"", ""conditionId"": ""0x46d40e851b24d9b0af4bc1942ccd86439cae82a9011767da14950df0ad997adf"", ""size"": 16.7, ""price"": 0.043, ""timestamp"": 1770937041, ""title"": ""Will Trump nominate Judy Shelton as the next Fed chair?"", ""slug"": ""will-trump-nominate-judy-shelton-as-the-next-fed-chair"", ""icon"": ""https://polymarket-upload.s3.us-east-2.amazonaws.com/judy-shelton-15c5dd306b.png"", ""eventSlug"": ""who-will-trump-nominate-as-fed-chair"", ""outcome"": ""Yes"", ""outcomeIndex"": 0, ""name"": """", ""pseudonym"": """", ""bio"": """", ""profileImage"": """", ""profileImageOptimized"": """", ""transactionHash"": ""0xb0c184749499ec77ff82c0ec17f1dfecbd85964e6a5f8389c69e396819d4c64b""}"
1770936765,2026-02-14T01:56:33.113673,0x74b5df56818bff8b0f47be56ad353faf9ddb157253df6809455a62775d1a6984:1770936765,572473,5031084282167950494806674428243037744881029417420880897305642929037077494331,BUY,0.04349738994614365,1770.221135,76.999999,0x74b5df56818bff8b0f47be56ad353faf9ddb157253df6809455a62775d1a6984,"{""proxyWallet"": ""0x08a8d3adfffc1c355dd5754764e0ca4a85d4870a"", ""side"": ""BUY"", ""asset"": ""5031084282167950494806674428243037744881029417420880897305642929037077494331"", ""conditionId"": ""0x46d40e851b24d9b0af4bc1942ccd86439cae82a9011767da14950df0ad997adf"", ""size"": 1770.221135, ""price"": 0.04349738994614365, ""timestamp"": 1770936765, ""title"": ""Will Trump nominate Judy Shelton as the next Fed chair?"", ""slug"": ""will-trump-nominate-judy-shelton-as-the-next-fed-chair"", ""icon"": ""https://polymarket-upload.s3.us-east-2.amazonaws.com/judy-shelton-15c5dd306b.png"", ""eventSlug"": ""who-will-trump-nominate-as-fed-chair"", ""outcome"": ""Yes"", ""outcomeIndex"": 0, ""name"": ""Swatnesss"", ""pseudonym"": ""Damaged-Subset"", ""bio"": """", ""profileImage"": """", ""profileImageOptimized"": """", ""transactionHash"": ""0x74b5df56818bff8b0f47be56ad353faf9ddb157253df6809455a62775d1a6984""}"
1770936761,2026-02-14T01:56:33.113685,0xfa1d3489a179a1b2f7574a8981e6f3264a554d1c86db896ec62f8e36c9c8621e:1770936761,572473,5031084282167950494806674428243037744881029417420880897305642929037077494331,BUY,0.043,16.7,0.7181,0xfa1d3489a179a1b2f7574a8981e6f3264a554d1c86db896ec62f8e36c9c8621e,"{""proxyWallet"": ""0x6bf8f7e1bc993c27ddd49802b8e1940356fa132d"", ""side"": ""BUY"", ""asset"": ""5031084282167950494806674428243037744881029417420880897305642929037077494331"", ""conditionId"": ""0x46d40e851b24d9b0af4bc1942ccd86439cae82a9011767da14950df0ad997adf"", ""size"": 16.7, ""price"": 0.043, ""timestamp"": 1770936761, ""title"": ""Will Trump nominate Judy Shelton as the next Fed chair?"", ""slug"": ""will-trump-nominate-judy-shelton-as-the-next-fed-chair"", ""icon"": ""https://polymarket-upload.s3.us-east-2.amazonaws.com/judy-shelton-15c5dd306b.png"", ""eventSlug"": ""who-will-trump-nominate-as-fed-chair"", ""outcome"": ""Yes"", ""outcomeIndex"": 0, ""name"": """", ""pseudonym"": """", ""bio"": """", ""profileImage"": """", ""profileImageOptimized"": """", ""transactionHash"": ""0xfa1d3489a179a1b2f7574a8981e6f3264a554d1c86db896ec62f8e36c9c8621e""}"
1770936665,2026-02-14T01:56:33.113696,0x60178c7bd05c3c886430a986034d1ffd48747c1fee6bea1add253ec6c830342a:1770936665,572473,5031084282167950494806674428243037744881029417420880897305642929037077494331,BUY,0.043,16.7,0.7181,0x60178c7bd05c3c886430a986034d1ffd48747c1fee6bea1add253ec6c830342a,"{""proxyWallet"": ""0x6bf8f7e1bc993c27ddd49802b8e1940356fa132d"", ""side"": ""BUY"", ""asset"": ""5031084282167950494806674428243037744881029417420880897305642929037077494331"", ""conditionId"": ""0x46d40e851b24d9b0af4bc1942ccd86439cae82a9011767da14950df0ad997adf"", ""size"": 16.7, ""price"": 0.043, ""timestamp"": 1770936665, ""title"": ""Will Trump nominate Judy Shelton as the next Fed chair?"", ""slug"": ""will-trump-nominate-judy-shelton-as-the-next-fed-chair"", ""icon"": ""https://polymarket-upload.s3.us-east-2.amazonaws.com/judy-shelton-15c5dd306b.png"", ""eventSlug"": ""who-will-trump-nominate-as-fed-chair"", ""outcome"": ""Yes"", ""outcomeIndex"": 0, ""name"": """", ""pseudonym"": """", ""bio"": """", ""profileImage"": """", ""profileImageOptimized"": """", ""transactionHash"": ""0x60178c7bd05c3c886430a986034d1ffd48747c1fee6bea1add253ec6c830342a""}"
1770936513,2026-02-14T01:56:33.113706,0x1716d4d316607951a8f5b70b4a80d69991fd025942b1162da1f8e6ffcbc32357:1770936513,572473,5031084282167950494806674428243037744881029417420880897305642929037077494331,BUY,0.04299999990188703,9427.906975,405.39999900000004,0x1716d4d316607951a8f5b70b4a80d69991fd025942b1162da1f8e6ffcbc32357,"{""proxyWallet"": ""0x5b6331e7ff0831a3fe2ed12004747db1a9c911a4"", ""side"": ""BUY"", ""asset"": ""5031084282167950494806674428243037744881029417420880897305642929037077494331"", ""conditionId"": ""0x46d40e851b24d9b0af4bc1942ccd86439cae82a9011767da14950df0ad997adf"", ""size"": 9427.906975, ""price"": 0.04299999990188703, ""timestamp"": 1770936513, ""title"": ""Will Trump nominate Judy Shelton as the next Fed chair?"", ""slug"": ""will-trump-nominate-judy-shelton-as-the-next-fed-chair"", ""icon"": ""https://polymarket-upload.s3.us-east-2.amazonaws.com/judy-shelton-15c5dd306b.png"", ""eventSlug"": ""who-will-trump-nominate-as-fed-chair"", ""outcome"": ""Yes"", ""outcomeIndex"": 0, ""name"": ""neutralwave23"", ""pseudonym"": ""Monstrous-Dew"", ""bio"": """", ""profileImage"": """", ""profileImageOptimized"": """", ""transactionHash"": ""0x1716d4d316607951a8f5b70b4a80d69991fd025942b1162da1f8e6ffcbc32357""}"
1770936389,2026-02-14T01:56:33.113719,0x18a5c56d6100fcce087c01f4b900baaca4e5433df2f7e0865e3d81f722c4abae:1770936389,572473,5031084282167950494806674428243037744881029417420880897305642929037077494331,BUY,0.04299999598379997,232.558138,9.999999,0x18a5c56d6100fcce087c01f4b900baaca4e5433df2f7e0865e3d81f722c4abae,"{""proxyWallet"": ""0x0c239a26088f696ce3253af09914454c50cf709c"", ""side"": ""BUY"", ""asset"": ""5031084282167950494806674428243037744881029417420880897305642929037077494331"", ""conditionId"": ""0x46d40e851b24d9b0af4bc1942ccd86439cae82a9011767da14950df0ad997adf"", ""size"": 232.558138, ""price"": 0.04299999598379997, ""timestamp"": 1770936389, ""title"": ""Will Trump nominate Judy Shelton as the next Fed chair?"", ""slug"": ""will-trump-nominate-judy-shelton-as-the-next-fed-chair"", ""icon"": ""https://polymarket-upload.s3.us-east-2.amazonaws.com/judy-shelton-15c5dd306b.png"", ""eventSlug"": ""who-will-trump-nominate-as-fed-chair"", ""outcome"": ""Yes"", ""outcomeIndex"": 0, ""name"": ""melotrades"", ""pseudonym"": ""Incompatible-Institute"", ""bio"": """", ""profileImage"": """", ""profileImageOptimized"": """", ""transactionHash"": ""0x18a5c56d6100fcce087c01f4b900baaca4e5433df2f7e0865e3d81f722c4abae""}"
1770936175,2026-02-14T01:56:33.113731,0x7b44b2404607429777cc9713a5ae869d63bb1f81790d2359a248ea71ee2bba9b:1770936175,572473,5031084282167950494806674428243037744881029417420880897305642929037077494331,BUY,0.043,155.84,6.7011199999999995,0x7b44b2404607429777cc9713a5ae869d63bb1f81790d2359a248ea71ee2bba9b,"{""proxyWallet"": ""0xea72a87f98efdc7b6b405c0f73540513109181e4"", ""side"": ""BUY"", ""asset"": ""5031084282167950494806674428243037744881029417420880897305642929037077494331"", ""conditionId"": ""0x46d40e851b24d9b0af4bc1942ccd86439cae82a9011767da14950df0ad997adf"", ""size"": 155.84, ""price"": 0.043, ""timestamp"": 1770936175, ""title"": ""Will Trump nominate Judy Shelton as the next Fed chair?"", ""slug"": ""will-trump-nominate-judy-shelton-as-the-next-fed-chair"", ""icon"": ""https://polymarket-upload.s3.us-east-2.amazonaws.com/judy-shelton-15c5dd306b.png"", ""eventSlug"": ""who-will-trump-nominate-as-fed-chair"", ""outcome"": ""Yes"", ""outcomeIndex"": 0, ""name"": """", ""pseudonym"": """", ""bio"": """", ""profileImage"": """", ""profileImageOptimized"": """", ""transactionHash"": ""0x7b44b2404607429777cc9713a5ae869d63bb1f81790d2359a248ea71ee2bba9b""}"
1770935987,2026-02-14T01:56:33.113742,0xe333a62ca28860150b6a2de215f7c922915f25c4f136df9e2f3b87a01abe0f8a:1770935987,572473,5031084282167950494806674428243037744881029417420880897305642929037077494331,BUY,0.04299999205359988,116.279068,4.999999,0xe333a62ca28860150b6a2de215f7c922915f25c4f136df9e2f3b87a01abe0f8a,"{""proxyWallet"": ""0x037b683df48ee844f05f069e14cb93e4d5fbc0e2"", ""side"": ""BUY"", ""asset"": ""5031084282167950494806674428243037744881029417420880897305642929037077494331"", ""conditionId"": ""0x46d40e851b24d9b0af4bc1942ccd86439cae82a9011767da14950df0ad997adf"", ""size"": 116.279068, ""price"": 0.04299999205359988, ""timestamp"": 1770935987, ""title"": ""Will Trump nominate Judy Shelton as the next Fed chair?"", ""slug"": ""will-trump-nominate-judy-shelton-as-the-next-fed-chair"", ""icon"": ""https://polymarket-upload.s3.us-east-2.amazonaws.com/judy-shelton-15c5dd306b.png"", ""eventSlug"": ""who-will-trump-nominate-as-fed-chair"", ""outcome"": ""Yes"", ""outcomeIndex"": 0, ""name"": ""rasm"", ""pseudonym"": ""These-Codon"", ""bio"": """", ""profileImage"": """", ""profileImageOptimized"": """", ""transactionHash"": ""0xe333a62ca28860150b6a2de215f7c922915f25c4f136df9e2f3b87a01abe0f8a""}"
1770935851,2026-02-14T01:56:33.113753,0x77527ee7eb269c175f8ac1414ff4ab45ac54722fbb6f93d72a645b91775b5187:1770935851,572473,5031084282167950494806674428243037744881029417420880897305642929037077494331,BUY,0.04299999996780102,29255.581394,1257.9899990000001,0x77527ee7eb269c175f8ac1414ff4ab45ac54722fbb6f93d72a645b91775b5187,"{""proxyWallet"": ""0x9e3434988ea99861cf62ff3d2a545460e0faac50"", ""side"": ""BUY"", ""asset"": ""5031084282167950494806674428243037744881029417420880897305642929037077494331"", ""conditionId"": ""0x46d40e851b24d9b0af4bc1942ccd86439cae82a9011767da14950df0ad997adf"", ""size"": 29255.581394, ""price"": 0.04299999996780102, ""timestamp"": 1770935851, ""title"": ""Will Trump nominate Judy Shelton as the next Fed chair?"", ""slug"": ""will-trump-nominate-judy-shelton-as-the-next-fed-chair"", ""icon"": ""https://polymarket-upload.s3.us-east-2.amazonaws.com/judy-shelton-15c5dd306b.png"", ""eventSlug"": ""who-will-trump-nominate-as-fed-chair"", ""outcome"": ""Yes"", ""outcomeIndex"": 0, ""name"": ""fomosensei"", ""pseudonym"": ""Optimal-Watchmaker"", ""bio"": """", ""profileImage"": """", ""profileImageOptimized"": """", ""transactionHash"": ""0x77527ee7eb269c175f8ac1414ff4ab45ac54722fbb6f93d72a645b91775b5187""}"
1770935841,2026-02-14T01:56:33.113764,0xcee3d8185bdcf700b59338520d117cc0394eb21ec806c071978297d7b366496f:1770935841,572473,5031084282167950494806674428243037744881029417420880897305642929037077494331,BUY,0.042,199.06,8.360520000000001,0xcee3d8185bdcf700b59338520d117cc0394eb21ec806c071978297d7b366496f,"{""proxyWallet"": ""0xc03fd7f514a6d52fe0b8291846717724f6c1249d"", ""side"": ""BUY"", ""asset"": ""5031084282167950494806674428243037744881029417420880897305642929037077494331"", ""conditionId"": ""0x46d40e851b24d9b0af4bc1942ccd86439cae82a9011767da14950df0ad997adf"", ""size"": 199.06, ""price"": 0.042, ""timestamp"": 1770935841, ""title"": ""Will Trump nominate Judy Shelton as the next Fed chair?"", ""slug"": ""will-trump-nominate-judy-shelton-as-the-next-fed-chair"", ""icon"": ""https://polymarket-upload.s3.us-east-2.amazonaws.com/judy-shelton-15c5dd306b.png"", ""eventSlug"": ""who-will-trump-nominate-as-fed-chair"", ""outcome"": ""Yes"", ""outcomeIndex"": 0, ""name"": ""pogb"", ""pseudonym"": ""Outstanding-Change"", ""bio"": """", ""profileImage"": """", ""profileImageOptimized"": """", ""transactionHash"": ""0xcee3d8185bdcf700b59338520d117cc0394eb21ec806c071978297d7b366496f""}"
1770935669,2026-02-14T01:56:33.113775,0x963acb0a178d4ce00a9171c412a364d91bfdcc025e6346709a1c37a1289354ac:1770935669,572473,5031084282167950494806674428243037744881029417420880897305642929037077494331,BUY,0.042,278.06,11.67852,0x963acb0a178d4ce00a9171c412a364d91bfdcc025e6346709a1c37a1289354ac,"{""proxyWallet"": ""0xbbcff1374cbb413288b884a882fd9305d29720ae"", ""side"": ""BUY"", ""asset"": ""5031084282167950494806674428243037744881029417420880897305642929037077494331"", ""conditionId"": ""0x46d40e851b24d9b0af4bc1942ccd86439cae82a9011767da14950df0ad997adf"", ""size"": 278.06, ""price"": 0.042, ""timestamp"": 1770935669, ""title"": ""Will Trump nominate Judy Shelton as the next Fed chair?"", ""slug"": ""will-trump-nominate-judy-shelton-as-the-next-fed-chair"", ""icon"": ""https://polymarket-upload.s3.us-east-2.amazonaws.com/judy-shelton-15c5dd306b.png"", ""eventSlug"": ""who-will-trump-nominate-as-fed-chair"", ""outcome"": ""Yes"", ""outcomeIndex"": 0, ""name"": ""qww1"", ""pseudonym"": ""Infinite-Lily"", ""bio"": """", ""profileImage"": """", ""profileImageOptimized"": """", ""transactionHash"": ""0x963acb0a178d4ce00a9171c412a364d91bfdcc025e6346709a1c37a1289354ac""}"
1770935619,2026-02-14T01:56:33.113785,0x3bd3ccddb1c64c0a9c638f5dbe36defeb9a8386b44ca1c7bc2c6b424f3c4b6d2:1770935619,572473,5031084282167950494806674428243037744881029417420880897305642929037077494331,SELL,0.041,100.0,4.1000000000000005,0x3bd3ccddb1c64c0a9c638f5dbe36defeb9a8386b44ca1c7bc2c6b424f3c4b6d2,"{""proxyWallet"": ""0x48d8a3b604454477e5dda833c4db17ff9c7a172b"", ""side"": ""SELL"", ""asset"": ""5031084282167950494806674428243037744881029417420880897305642929037077494331"", ""conditionId"": ""0x46d40e851b24d9b0af4bc1942ccd86439cae82a9011767da14950df0ad997adf"", ""size"": 100, ""price"": 0.041, ""timestamp"": 1770935619, ""title"": ""Will Trump nominate Judy Shelton as the next Fed chair?"", ""slug"": ""will-trump-nominate-judy-shelton-as-the-next-fed-chair"", ""icon"": ""https://polymarket-upload.s3.us-east-2.amazonaws.com/judy-shelton-15c5dd306b.png"", ""eventSlug"": ""who-will-trump-nominate-as-fed-chair"", ""outcome"": ""Yes"", ""outcomeIndex"": 0, ""name"": ""0x48D8A3b604454477e5DDa833C4db17Ff9C7a172B-1768771120904"", ""pseudonym"": ""Flawed-Footage"", ""bio"": """", ""profileImage"": """", ""profileImageOptimized"": """", ""transactionHash"": ""0x3bd3ccddb1c64c0a9c638f5dbe36defeb9a8386b44ca1c7bc2c6b424f3c4b6d2""}"
1770935559,2026-02-14T01:56:33.113797,0x25d72787318e3baed0da527147e9dec104d3b7fea0acb9c7a2b59c0d2c2994b9:1770935559,572473,5031084282167950494806674428243037744881029417420880897305642929037077494331,SELL,0.04144570979616762,11086.07,459.47004,0x25d72787318e3baed0da527147e9dec104d3b7fea0acb9c7a2b59c0d2c2994b9,"{""proxyWallet"": ""0x6cf594cfbade504bc0eed8a4c229489aae9fb3d9"", ""side"": ""SELL"", ""asset"": ""5031084282167950494806674428243037744881029417420880897305642929037077494331"", ""conditionId"": ""0x46d40e851b24d9b0af4bc1942ccd86439cae82a9011767da14950df0ad997adf"", ""size"": 11086.07, ""price"": 0.04144570979616762, ""timestamp"": 1770935559, ""title"": ""Will Trump nominate Judy Shelton as the next Fed chair?"", ""slug"": ""will-trump-nominate-judy-shelton-as-the-next-fed-chair"", ""icon"": ""https://polymarket-upload.s3.us-east-2.amazonaws.com/judy-shelton-15c5dd306b.png"", ""eventSlug"": ""who-will-trump-nominate-as-fed-chair"", ""outcome"": ""Yes"", ""outcomeIndex"": 0, ""name"": ""b0red-cart3l"", ""pseudonym"": ""Nervous-Offset"", ""bio"": """", ""profileImage"": """", ""profileImageOptimized"": """", ""transactionHash"": ""0x25d72787318e3baed0da527147e9dec104d3b7fea0acb9c7a2b59c0d2c2994b9""}"
1770935485,2026-02-14T01:56:33.113808,0xd0f9ca641a308015320f0e02df182ba7f7084537458505235181019ce302810a:1770935485,572473,5031084282167950494806674428243037744881029417420880897305642929037077494331,SELL,0.042,58.82,2.47044,0xd0f9ca641a308015320f0e02df182ba7f7084537458505235181019ce302810a,"{""proxyWallet"": ""0xaaa64de7e730b44c4a572e5e6d38b94028ec143c"", ""side"": ""SELL"", ""asset"": ""5031084282167950494806674428243037744881029417420880897305642929037077494331"", ""conditionId"": ""0x46d40e851b24d9b0af4bc1942ccd86439cae82a9011767da14950df0ad997adf"", ""size"": 58.82, ""price"": 0.042, ""timestamp"": 1770935485, ""title"": ""Will Trump nominate Judy Shelton as the next Fed chair?"", ""slug"": ""will-trump-nominate-judy-shelton-as-the-next-fed-chair"", ""icon"": ""https://polymarket-upload.s3.us-east-2.amazonaws.com/judy-shelton-15c5dd306b.png"", ""eventSlug"": ""who-will-trump-nominate-as-fed-chair"", ""outcome"": ""Yes"", ""outcomeIndex"": 0, ""name"": ""0xAaa64de7e730B44C4A572e5e6D38b94028Ec143c-1764078457142"", ""pseudonym"": ""Ripe-Electricity"", ""bio"": """", ""profileImage"": """", ""profileImageOptimized"": """", ""transactionHash"": ""0xd0f9ca641a308015320f0e02df182ba7f7084537458505235181019ce302810a""}"
1770935375,2026-02-14T01:56:33.113820,0x7f60e65563afd2070d54bdd8629348c1df8ac47c92f2ad8a62b801fe0c0080a4:1770935375,572473,5031084282167950494806674428243037744881029417420880897305642929037077494331,BUY,0.04299999959494,2325.581394,99.99999899999999,0x7f60e65563afd2070d54bdd8629348c1df8ac47c92f2ad8a62b801fe0c0080a4,"{""proxyWallet"": ""0x137755f4e44a10379b16eacaae52ca182045f93f"", ""side"": ""BUY"", ""asset"": ""5031084282167950494806674428243037744881029417420880897305642929037077494331"", ""conditionId"": ""0x46d40e851b24d9b0af4bc1942ccd86439cae82a9011767da14950df0ad997adf"", ""size"": 2325.581394, ""price"": 0.04299999959494, ""timestamp"": 1770935375, ""title"": ""Will Trump nominate Judy Shelton as the next Fed chair?"", ""slug"": ""will-trump-nominate-judy-shelton-as-the-next-fed-chair"", ""icon"": ""https://polymarket-upload.s3.us-east-2.amazonaws.com/judy-shelton-15c5dd306b.png"", ""eventSlug"": ""who-will-trump-nominate-as-fed-chair"", ""outcome"": ""Yes"", ""outcomeIndex"": 0, ""name"": """", ""pseudonym"": """", ""bio"": """", ""profileImage"": """", ""profileImageOptimized"": """", ""transactionHash"": ""0x7f60e65563afd2070d54bdd8629348c1df8ac47c92f2ad8a62b801fe0c0080a4""}"
1770935047,2026-02-14T01:56:33.113836,0x60a824488c52991ff4e8a1cc93e1d3a8758b14446fb977a72f6bbe32013e48fc:1770935047,572473,5031084282167950494806674428243037744881029417420880897305642929037077494331,SELL,0.041,5.0,0.20500000000000002,0x60a824488c52991ff4e8a1cc93e1d3a8758b14446fb977a72f6bbe32013e48fc,"{""proxyWallet"": ""0x0b01d14b4f91acdf61534543d4a645f142238f47"", ""side"": ""SELL"", ""asset"": ""5031084282167950494806674428243037744881029417420880897305642929037077494331"", ""conditionId"": ""0x46d40e851b24d9b0af4bc1942ccd86439cae82a9011767da14950df0ad997adf"", ""size"": 5, ""price"": 0.041, ""timestamp"": 1770935047, ""title"": ""Will Trump nominate Judy Shelton as the next Fed chair?"", ""slug"": ""will-trump-nominate-judy-shelton-as-the-next-fed-chair"", ""icon"": ""https://polymarket-upload.s3.us-east-2.amazonaws.com/judy-shelton-15c5dd306b.png"", ""eventSlug"": ""who-will-trump-nominate-as-fed-chair"", ""outcome"": ""Yes"", ""outcomeIndex"": 0, ""name"": ""0x0B01d14B4f91ACdf61534543d4a645f142238F47-1766685782640"", ""pseudonym"": ""Radiant-Dahlia"", ""bio"": """", ""profileImage"": """", ""profileImageOptimized"": """", ""transactionHash"": ""0x60a824488c52991ff4e8a1cc93e1d3a8758b14446fb977a72f6bbe32013e48fc""}"
1770934603,2026-02-14T01:56:33.113849,0x3d7207608ded51a8b477237d982aa92332a74d00c928aaf107a952bec04005df:1770934603,572473,5031084282167950494806674428243037744881029417420880897305642929037077494331,BUY,0.043,350.0,15.049999999999999,0x3d7207608ded51a8b477237d982aa92332a74d00c928aaf107a952bec04005df,"{""proxyWallet"": ""0x6062a52aa0bbd83a1ca11af2e950d506906a92dc"", ""side"": ""BUY"", ""asset"": ""5031084282167950494806674428243037744881029417420880897305642929037077494331"", ""conditionId"": ""0x46d40e851b24d9b0af4bc1942ccd86439cae82a9011767da14950df0ad997adf"", ""size"": 350, ""price"": 0.043, ""timestamp"": 1770934603, ""title"": ""Will Trump nominate Judy Shelton as the next Fed chair?"", ""slug"": ""will-trump-nominate-judy-shelton-as-the-next-fed-chair"", ""icon"": ""https://polymarket-upload.s3.us-east-2.amazonaws.com/judy-shelton-15c5dd306b.png"", ""eventSlug"": ""who-will-trump-nominate-as-fed-chair"", ""outcome"": ""Yes"", ""outcomeIndex"": 0, ""name"": ""0x6062A52aa0BBD83a1ca11aF2E950d506906A92dC-1767150460428"", ""pseudonym"": ""Coordinated-Retention"", ""bio"": """", ""profileImage"": """", ""profileImageOptimized"": """", ""transactionHash"": ""0x3d7207608ded51a8b477237d982aa92332a74d00c928aaf107a952bec04005df""}"
1770934245,2026-02-14T01:56:33.113870,0xd03209ea19d09ff298d14739407a30b72a3636521cf43c51cb1e4b83dcfa35e8:1770934245,572473,5031084282167950494806674428243037744881029417420880897305642929037077494331,BUY,0.04299999959494,2325.581394,99.99999899999999,0xd03209ea19d09ff298d14739407a30b72a3636521cf43c51cb1e4b83dcfa35e8,"{""proxyWallet"": ""0xf72888ff01eae8e5907ceb8e9a60ccde2c5096b3"", ""side"": ""BUY"", ""asset"": ""5031084282167950494806674428243037744881029417420880897305642929037077494331"", ""conditionId"": ""0x46d40e851b24d9b0af4bc1942ccd86439cae82a9011767da14950df0ad997adf"", ""size"": 2325.581394, ""price"": 0.04299999959494, ""timestamp"": 1770934245, ""title"": ""Will Trump nominate Judy Shelton as the next Fed chair?"", ""slug"": ""will-trump-nominate-judy-shelton-as-the-next-fed-chair"", ""icon"": ""https://polymarket-upload.s3.us-east-2.amazonaws.com/judy-shelton-15c5dd306b.png"", ""eventSlug"": ""who-will-trump-nominate-as-fed-chair"", ""outcome"": ""Yes"", ""outcomeIndex"": 0, ""name"": ""0xf72888fF01EaE8e5907cEB8e9a60CcdE2C5096b3-1770834429729"", ""pseudonym"": ""Primary-Array"", ""bio"": """", ""profileImage"": """", ""profileImageOptimized"": """", ""transactionHash"": ""0xd03209ea19d09ff298d14739407a30b72a3636521cf43c51cb1e4b83dcfa35e8""}"
1770934093,2026-02-14T01:56:33.113885,0x98aec0de3b2c99e0e4b68f1e800bdc772786df44f398bdfe7899d774244fd6f9:1770934093,572473,5031084282167950494806674428243037744881029417420880897305642929037077494331,BUY,0.04293042886122472,11086.076045,475.929999,0x98aec0de3b2c99e0e4b68f1e800bdc772786df44f398bdfe7899d774244fd6f9,"{""proxyWallet"": ""0x6cf594cfbade504bc0eed8a4c229489aae9fb3d9"", ""side"": ""BUY"", ""asset"": ""5031084282167950494806674428243037744881029417420880897305642929037077494331"", ""conditionId"": ""0x46d40e851b24d9b0af4bc1942ccd86439cae82a9011767da14950df0ad997adf"", ""size"": 11086.076045, ""price"": 0.04293042886122472, ""timestamp"": 1770934093, ""title"": ""Will Trump nominate Judy Shelton as the next Fed chair?"", ""slug"": ""will-trump-nominate-judy-shelton-as-the-next-fed-chair"", ""icon"": ""https://polymarket-upload.s3.us-east-2.amazonaws.com/judy-shelton-15c5dd306b.png"", ""eventSlug"": ""who-will-trump-nominate-as-fed-chair"", ""outcome"": ""Yes"", ""outcomeIndex"": 0, ""name"": ""b0red-cart3l"", ""pseudonym"": ""Nervous-Offset"", ""bio"": """", ""profileImage"": """", ""profileImageOptimized"": """", ""transactionHash"": ""0x98aec0de3b2c99e0e4b68f1e800bdc772786df44f398bdfe7899d774244fd6f9""}"
1770933655,2026-02-14T01:56:33.113900,0x2188d023246c23d29184671b802ee2718315708775f0c4b8bb1aa98758a048af:1770933655,572473,5031084282167950494806674428243037744881029417420880897305642929037077494331,BUY,0.042999999594822105,2268.139533,97.529999,0x2188d023246c23d29184671b802ee2718315708775f0c4b8bb1aa98758a048af,"{""proxyWallet"": ""0x99d46c2959abaf5606c4c6eff36d4f8d60936463"", ""side"": ""BUY"", ""asset"": ""5031084282167950494806674428243037744881029417420880897305642929037077494331"", ""conditionId"": ""0x46d40e851b24d9b0af4bc1942ccd86439cae82a9011767da14950df0ad997adf"", ""size"": 2268.139533, ""price"": 0.042999999594822105, ""timestamp"": 1770933655, ""title"": ""Will Trump nominate Judy Shelton as the next Fed chair?"", ""slug"": ""will-trump-nominate-judy-shelton-as-the-next-fed-chair"", ""icon"": ""https://polymarket-upload.s3.us-east-2.amazonaws.com/judy-shelton-15c5dd306b.png"", ""eventSlug"": ""who-will-trump-nominate-as-fed-chair"", ""outcome"": ""Yes"", ""outcomeIndex"": 0, ""name"": ""3ro3ro123321"", ""pseudonym"": ""Virtuous-Cartoon"", ""bio"": """", ""profileImage"": """", ""profileImageOptimized"": """", ""transactionHash"": ""0x2188d023246c23d29184671b802ee2718315708775f0c4b8bb1aa98758a048af""}"
1770933615,2026-02-14T01:56:33.929200,0x1892910397074d0a9c7e9229db95116997daae996b3b8a41898f1e2d27342256:1770933615,572473,5031084282167950494806674428243037744881029417420880897305642929037077494331,BUY,0.04299999598379997,232.558138,9.999999,0x1892910397074d0a9c7e9229db95116997daae996b3b8a41898f1e2d27342256,"{""proxyWallet"": ""0x11c684652d34988ec32440f973d52f04bfc367ef"", ""side"": ""BUY"", ""asset"": ""5031084282167950494806674428243037744881029417420880897305642929037077494331"", ""conditionId"": ""0x46d40e851b24d9b0af4bc1942ccd86439cae82a9011767da14950df0ad997adf"", ""size"": 232.558138, ""price"": 0.04299999598379997, ""timestamp"": 1770933615, ""title"": ""Will Trump nominate Judy Shelton as the next Fed chair?"", ""slug"": ""will-trump-nominate-judy-shelton-as-the-next-fed-chair"", ""icon"": ""https://polymarket-upload.s3.us-east-2.amazonaws.com/judy-shelton-15c5dd306b.png"", ""eventSlug"": ""who-will-trump-nominate-as-fed-chair"", ""outcome"": ""Yes"", ""outcomeIndex"": 0, ""name"": """", ""pseudonym"": """", ""bio"": """", ""profileImage"": """", ""profileImageOptimized"": """", ""transactionHash"": ""0x1892910397074d0a9c7e9229db95116997daae996b3b8a41898f1e2d27342256""}"
1770933359,2026-02-14T01:56:33.929281,0xc9f74c2136757a1b4047e11964cea8113e6f5fa79f44f11828e6285dcb609569:1770933359,572473,5031084282167950494806674428243037744881029417420880897305642929037077494331,BUY,0.042999994499046276,170.697673,7.339999000000001,0xc9f74c2136757a1b4047e11964cea8113e6f5fa79f44f11828e6285dcb609569,"{""proxyWallet"": ""0x0c01d582224ac1dc618680e73504be4dcaebc009"", ""side"": ""BUY"", ""asset"": ""5031084282167950494806674428243037744881029417420880897305642929037077494331"", ""conditionId"": ""0x46d40e851b24d9b0af4bc1942ccd86439cae82a9011767da14950df0ad997adf"", ""size"": 170.697673, ""price"": 0.042999994499046276, ""timestamp"": 1770933359, ""title"": ""Will Trump nominate Judy Shelton as the next Fed chair?"", ""slug"": ""will-trump-nominate-judy-shelton-as-the-next-fed-chair"", ""icon"": ""https://polymarket-upload.s3.us-east-2.amazonaws.com/judy-shelton-15c5dd306b.png"", ""eventSlug"": ""who-will-trump-nominate-as-fed-chair"", ""outcome"": ""Yes"", ""outcomeIndex"": 0, ""name"": ""0x0C01D582224Ac1dc618680e73504Be4DcaEbc009-1770844005850"", ""pseudonym"": ""Accurate-Behold"", ""bio"": """", ""profileImage"": """", ""profileImageOptimized"": """", ""transactionHash"": ""0xc9f74c2136757a1b4047e11964cea8113e6f5fa79f44f11828e6285dcb609569""}"
1770933315,2026-02-14T01:56:33.929305,0x5237a765fb4c2335ab5400cf4620cf07dd11aca093775ba183466ce5dda58b4e:1770933315,572473,5031084282167950494806674428243037744881029417420880897305642929037077494331,SELL,0.041,4.0,0.164,0x5237a765fb4c2335ab5400cf4620cf07dd11aca093775ba183466ce5dda58b4e,"{""proxyWallet"": ""0x993a5160c314d22cf24d80ba78b6222a9d4f1e2f"", ""side"": ""SELL"", ""asset"": ""5031084282167950494806674428243037744881029417420880897305642929037077494331"", ""conditionId"": ""0x46d40e851b24d9b0af4bc1942ccd86439cae82a9011767da14950df0ad997adf"", ""size"": 4, ""price"": 0.041, ""timestamp"": 1770933315, ""title"": ""Will Trump nominate Judy Shelton as the next Fed chair?"", ""slug"": ""will-trump-nominate-judy-shelton-as-the-next-fed-chair"", ""icon"": ""https://polymarket-upload.s3.us-east-2.amazonaws.com/judy-shelton-15c5dd306b.png"", ""eventSlug"": ""who-will-trump-nominate-as-fed-chair"", ""outcome"": ""Yes"", ""outcomeIndex"": 0, ""name"": ""tajgabajka"", ""pseudonym"": ""Damaged-Ballot"", ""bio"": """", ""profileImage"": """", ""profileImageOptimized"": """", ""transactionHash"": ""0x5237a765fb4c2335ab5400cf4620cf07dd11aca093775ba183466ce5dda58b4e""}"
1770933303,2026-02-14T01:56:33.929324,0xaf411eea990e9d508ee92c7d2fb465d3c052673c0f47935cbd51650cabe0ca7a:1770933303,572473,5031084282167950494806674428243037744881029417420880897305642929037077494331,BUY,0.042429143545406584,4873.06558,206.759999,0xaf411eea990e9d508ee92c7d2fb465d3c052673c0f47935cbd51650cabe0ca7a,"{""proxyWallet"": ""0x2306e58ff1990635e8512fc49795b454e2adddde"", ""side"": ""BUY"", ""asset"": ""5031084282167950494806674428243037744881029417420880897305642929037077494331"", ""conditionId"": ""0x46d40e851b24d9b0af4bc1942ccd86439cae82a9011767da14950df0ad997adf"", ""size"": 4873.06558, ""price"": 0.042429143545406584, ""timestamp"": 1770933303, ""title"": ""Will Trump nominate Judy Shelton as the next Fed chair?"", ""slug"": ""will-trump-nominate-judy-shelton-as-the-next-fed-chair"", ""icon"": ""https://polymarket-upload.s3.us-east-2.amazonaws.com/judy-shelton-15c5dd306b.png"", ""eventSlug"": ""who-will-trump-nominate-as-fed-chair"", ""outcome"": ""Yes"", ""outcomeIndex"": 0, ""name"": ""Avrynnechu"", ""pseudonym"": ""Likely-Eyelids"", ""bio"": """", ""profileImage"": """", ""profileImageOptimized"": """", ""transactionHash"": ""0xaf411eea990e9d508ee92c7d2fb465d3c052673c0f47935cbd51650cabe0ca7a""}"
1770933245,2026-02-14T01:56:33.929343,0xb616982dd04dad79a7223d9472b7c284d28b41f147df45957034257b6facf27e:1770933245,572473,5031084282167950494806674428243037744881029417420880897305642929037077494331,BUY,0.042,5.0,0.21000000000000002,0xb616982dd04dad79a7223d9472b7c284d28b41f147df45957034257b6facf27e,"{""proxyWallet"": ""0x6bf8f7e1bc993c27ddd49802b8e1940356fa132d"", ""side"": ""BUY"", ""asset"": ""5031084282167950494806674428243037744881029417420880897305642929037077494331"", ""conditionId"": ""0x46d40e851b24d9b0af4bc1942ccd86439cae82a9011767da14950df0ad997adf"", ""size"": 5, ""price"": 0.042, ""timestamp"": 1770933245, ""title"": ""Will Trump nominate Judy Shelton as the next Fed chair?"", ""slug"": ""will-trump-nominate-judy-shelton-as-the-next-fed-chair"", ""icon"": ""https://polymarket-upload.s3.us-east-2.amazonaws.com/judy-shelton-15c5dd306b.png"", ""eventSlug"": ""who-will-trump-nominate-as-fed-chair"", ""outcome"": ""Yes"", ""outcomeIndex"": 0, ""name"": """", ""pseudonym"": """", ""bio"": """", ""profileImage"": """", ""profileImageOptimized"": """", ""transactionHash"": ""0xb616982dd04dad79a7223d9472b7c284d28b41f147df45957034257b6facf27e""}"
1770933085,2026-02-14T01:56:33.929368,0xfdbf1dd7902cf0eb6334d93f1a38c520d612cee04513d041eafa46ed8ada16aa:1770933085,572473,5031084282167950494806674428243037744881029417420880897305642929037077494331,BUY,0.042,5.0,0.21000000000000002,0xfdbf1dd7902cf0eb6334d93f1a38c520d612cee04513d041eafa46ed8ada16aa,"{""proxyWallet"": ""0x6bf8f7e1bc993c27ddd49802b8e1940356fa132d"", ""side"": ""BUY"", ""asset"": ""5031084282167950494806674428243037744881029417420880897305642929037077494331"", ""conditionId"": ""0x46d40e851b24d9b0af4bc1942ccd86439cae82a9011767da14950df0ad997adf"", ""size"": 5, ""price"": 0.042, ""timestamp"": 1770933085, ""title"": ""Will Trump nominate Judy Shelton as the next Fed chair?"", ""slug"": ""will-trump-nominate-judy-shelton-as-the-next-fed-chair"", ""icon"": ""https://polymarket-upload.s3.us-east-2.amazonaws.com/judy-shelton-15c5dd306b.png"", ""eventSlug"": ""who-will-trump-nominate-as-fed-chair"", ""outcome"": ""Yes"", ""outcomeIndex"": 0, ""name"": """", ""pseudonym"": """", ""bio"": """", ""profileImage"": """", ""profileImageOptimized"": """", ""transactionHash"": ""0xfdbf1dd7902cf0eb6334d93f1a38c520d612cee04513d041eafa46ed8ada16aa""}"
1770933071,2026-02-14T01:56:33.929387,0x8792ef2f0c1c9bf470f3fdafa67b938077a8f5f5b6ef9f8bd79a54b427e164c0:1770933071,572473,5031084282167950494806674428243037744881029417420880897305642929037077494331,SELL,0.041,609.75,24.999750000000002,0x8792ef2f0c1c9bf470f3fdafa67b938077a8f5f5b6ef9f8bd79a54b427e164c0,"{""proxyWallet"": ""0xba50069d8b5b65b9f06658bbbed95eec19e658b1"", ""side"": ""SELL"", ""asset"": ""5031084282167950494806674428243037744881029417420880897305642929037077494331"", ""conditionId"": ""0x46d40e851b24d9b0af4bc1942ccd86439cae82a9011767da14950df0ad997adf"", ""size"": 609.75, ""price"": 0.041, ""timestamp"": 1770933071, ""title"": ""Will Trump nominate Judy Shelton as the next Fed chair?"", ""slug"": ""will-trump-nominate-judy-shelton-as-the-next-fed-chair"", ""icon"": ""https://polymarket-upload.s3.us-east-2.amazonaws.com/judy-shelton-15c5dd306b.png"", ""eventSlug"": ""who-will-trump-nominate-as-fed-chair"", ""outcome"": ""Yes"", ""outcomeIndex"": 0, ""name"": ""KC-Neeyoooo"", ""pseudonym"": ""Perky-Clue"", ""bio"": ""Just a random guy losing money betting on league of legends..."", ""profileImage"": ""https://polymarket-upload.s3.us-east-2.amazonaws.com/profile-image-5849514-2bef6ceb-9c84-4d9c-9bb4-417d91b79597.JPG"", ""profileImageOptimized"": """", ""transactionHash"": ""0x8792ef2f0c1c9bf470f3fdafa67b938077a8f5f5b6ef9f8bd79a54b427e164c0""}"
1770933049,2026-02-14T01:56:33.929408,0xa410901c23fb537d8079a548d9df50da8fc3c3b89c0452f6372c9a99bf37a1b2:1770933049,572473,5031084282167950494806674428243037744881029417420880897305642929037077494331,SELL,0.042,2965.08,124.53336,0xa410901c23fb537d8079a548d9df50da8fc3c3b89c0452f6372c9a99bf37a1b2,"{""proxyWallet"": ""0x4207c4f53b785c6d0d48512a497ebd845c29b81b"", ""side"": ""SELL"", ""asset"": ""5031084282167950494806674428243037744881029417420880897305642929037077494331"", ""conditionId"": ""0x46d40e851b24d9b0af4bc1942ccd86439cae82a9011767da14950df0ad997adf"", ""size"": 2965.08, ""price"": 0.042, ""timestamp"": 1770933049, ""title"": ""Will Trump nominate Judy Shelton as the next Fed chair?"", ""slug"": ""will-trump-nominate-judy-shelton-as-the-next-fed-chair"", ""icon"": ""https://polymarket-upload.s3.us-east-2.amazonaws.com/judy-shelton-15c5dd306b.png"", ""eventSlug"": ""who-will-trump-nominate-as-fed-chair"", ""outcome"": ""Yes"", ""outcomeIndex"": 0, ""name"": ""0x4207c4f53b785c6dOd48512a497ebd845c29b81b"", ""pseudonym"": ""Wonderful-Disgust"", ""bio"": """", ""profileImage"": """", ""profileImageOptimized"": """", ""transactionHash"": ""0xa410901c23fb537d8079a548d9df50da8fc3c3b89c0452f6372c9a99bf37a1b2""}"
1770932813,2026-02-14T01:56:33.929427,0xbe5b32644177ccec2d39ae670debc403d737b33f3a17c3cce15103030cadf5e0:1770932813,572473,5031084282167950494806674428243037744881029417420880897305642929037077494331,BUY,0.043,5.0,0.21499999999999997,0xbe5b32644177ccec2d39ae670debc403d737b33f3a17c3cce15103030cadf5e0,"{""proxyWallet"": ""0x6bf8f7e1bc993c27ddd49802b8e1940356fa132d"", ""side"": ""BUY"", ""asset"": ""5031084282167950494806674428243037744881029417420880897305642929037077494331"", ""conditionId"": ""0x46d40e851b24d9b0af4bc1942ccd86439cae82a9011767da14950df0ad997adf"", ""size"": 5, ""price"": 0.043, ""timestamp"": 1770932813, ""title"": ""Will Trump nominate Judy Shelton as the next Fed chair?"", ""slug"": ""will-trump-nominate-judy-shelton-as-the-next-fed-chair"", ""icon"": ""https://polymarket-upload.s3.us-east-2.amazonaws.com/judy-shelton-15c5dd306b.png"", ""eventSlug"": ""who-will-trump-nominate-as-fed-chair"", ""outcome"": ""Yes"", ""outcomeIndex"": 0, ""name"": """", ""pseudonym"": """", ""bio"": """", ""profileImage"": """", ""profileImageOptimized"": """", ""transactionHash"": ""0xbe5b32644177ccec2d39ae670debc403d737b33f3a17c3cce15103030cadf5e0""}"
1770932457,2026-02-14T01:56:33.929445,0x9d7eba232503301e4470ce21899ec7d0f4c58477fabb5667dfd2e04427f0998c:1770932457,572473,5031084282167950494806674428243037744881029417420880897305642929037077494331,SELL,0.042,1000.0,42.0,0x9d7eba232503301e4470ce21899ec7d0f4c58477fabb5667dfd2e04427f0998c,"{""proxyWallet"": ""0xbbcff1374cbb413288b884a882fd9305d29720ae"", ""side"": ""SELL"", ""asset"": ""5031084282167950494806674428243037744881029417420880897305642929037077494331"", ""conditionId"": ""0x46d40e851b24d9b0af4bc1942ccd86439cae82a9011767da14950df0ad997adf"", ""size"": 1000, ""price"": 0.042, ""timestamp"": 1770932457, ""title"": ""Will Trump nominate Judy Shelton as the next Fed chair?"", ""slug"": ""will-trump-nominate-judy-shelton-as-the-next-fed-chair"", ""icon"": ""https://polymarket-upload.s3.us-east-2.amazonaws.com/judy-shelton-15c5dd306b.png"", ""eventSlug"": ""who-will-trump-nominate-as-fed-chair"", ""outcome"": ""Yes"", ""outcomeIndex"": 0, ""name"": ""qww1"", ""pseudonym"": ""Infinite-Lily"", ""bio"": """", ""profileImage"": """", ""profileImageOptimized"": """", ""transactionHash"": ""0x9d7eba232503301e4470ce21899ec7d0f4c58477fabb5667dfd2e04427f0998c""}"
1770932331,2026-02-14T01:56:33.929468,0xb7ebd7f1cc9b3e459f58fd36f205aa0cc506a38eee359dff1be96d6ab023dd43:1770932331,572473,5031084282167950494806674428243037744881029417420880897305642929037077494331,SELL,0.041,5.0,0.20500000000000002,0xb7ebd7f1cc9b3e459f58fd36f205aa0cc506a38eee359dff1be96d6ab023dd43,"{""proxyWallet"": ""0x0b01d14b4f91acdf61534543d4a645f142238f47"", ""side"": ""SELL"", ""asset"": ""5031084282167950494806674428243037744881029417420880897305642929037077494331"", ""conditionId"": ""0x46d40e851b24d9b0af4bc1942ccd86439cae82a9011767da14950df0ad997adf"", ""size"": 5, ""price"": 0.041, ""timestamp"": 1770932331, ""title"": ""Will Trump nominate Judy Shelton as the next Fed chair?"", ""slug"": ""will-trump-nominate-judy-shelton-as-the-next-fed-chair"", ""icon"": ""https://polymarket-upload.s3.us-east-2.amazonaws.com/judy-shelton-15c5dd306b.png"", ""eventSlug"": ""who-will-trump-nominate-as-fed-chair"", ""outcome"": ""Yes"", ""outcomeIndex"": 0, ""name"": ""0x0B01d14B4f91ACdf61534543d4a645f142238F47-1766685782640"", ""pseudonym"": ""Radiant-Dahlia"", ""bio"": """", ""profileImage"": """", ""profileImageOptimized"": """", ""transactionHash"": ""0xb7ebd7f1cc9b3e459f58fd36f205aa0cc506a38eee359dff1be96d6ab023dd43""}"
1770932285,2026-02-14T01:56:33.929486,0x8a34fa84d12b3367c4318c9ec30b535bb8ee7050f576e83ae3abf9d3a2aae935:1770932285,572473,5031084282167950494806674428243037744881029417420880897305642929037077494331,SELL,0.041,555.55,22.777549999999998,0x8a34fa84d12b3367c4318c9ec30b535bb8ee7050f576e83ae3abf9d3a2aae935,"{""proxyWallet"": ""0xe852cef9fda6df19a0ee66060555945c066f3fe6"", ""side"": ""SELL"", ""asset"": ""5031084282167950494806674428243037744881029417420880897305642929037077494331"", ""conditionId"": ""0x46d40e851b24d9b0af4bc1942ccd86439cae82a9011767da14950df0ad997adf"", ""size"": 555.55, ""price"": 0.041, ""timestamp"": 1770932285, ""title"": ""Will Trump nominate Judy Shelton as the next Fed chair?"", ""slug"": ""will-trump-nominate-judy-shelton-as-the-next-fed-chair"", ""icon"": ""https://polymarket-upload.s3.us-east-2.amazonaws.com/judy-shelton-15c5dd306b.png"", ""eventSlug"": ""who-will-trump-nominate-as-fed-chair"", ""outcome"": ""Yes"", ""outcomeIndex"": 0, ""name"": ""zlatan51"", ""pseudonym"": ""Political-Mixer"", ""bio"": """", ""profileImage"": """", ""profileImageOptimized"": """", ""transactionHash"": ""0x8a34fa84d12b3367c4318c9ec30b535bb8ee7050f576e83ae3abf9d3a2aae935""}"
1770932233,2026-02-14T01:56:33.929506,0x3c9a94b244aa5b450e3f1147b17f612137f0322b62bb5fb3f867d0d93ca8692a:1770932233,572473,5031084282167950494806674428243037744881029417420880897305642929037077494331,SELL,0.041,5.0,0.20500000000000002,0x3c9a94b244aa5b450e3f1147b17f612137f0322b62bb5fb3f867d0d93ca8692a,"{""proxyWallet"": ""0x0b01d14b4f91acdf61534543d4a645f142238f47"", ""side"": ""SELL"", ""asset"": ""5031084282167950494806674428243037744881029417420880897305642929037077494331"", ""conditionId"": ""0x46d40e851b24d9b0af4bc1942ccd86439cae82a9011767da14950df0ad997adf"", ""size"": 5, ""price"": 0.041, ""timestamp"": 1770932233, ""title"": ""Will Trump nominate Judy Shelton as the next Fed chair?"", ""slug"": ""will-trump-nominate-judy-shelton-as-the-next-fed-chair"", ""icon"": ""https://polymarket-upload.s3.us-east-2.amazonaws.com/judy-shelton-15c5dd306b.png"", ""eventSlug"": ""who-will-trump-nominate-as-fed-chair"", ""outcome"": ""Yes"", ""outcomeIndex"": 0, ""name"": ""0x0B01d14B4f91ACdf61534543d4a645f142238F47-1766685782640"", ""pseudonym"": ""Radiant-Dahlia"", ""bio"": """", ""profileImage"": """", ""profileImageOptimized"": """", ""transactionHash"": ""0x3c9a94b244aa5b450e3f1147b17f612137f0322b62bb5fb3f867d0d93ca8692a""}"
1770932093,2026-02-14T01:56:33.929533,0x79dd5889897e6dfff52a0e8414301d733eb66ba33208827af6e88a6c9c3d51ad:1770932093,572473,5031084282167950494806674428243037744881029417420880897305642929037077494331,SELL,0.041,3000.0,123.0,0x79dd5889897e6dfff52a0e8414301d733eb66ba33208827af6e88a6c9c3d51ad,"{""proxyWallet"": ""0x05fdb3dcb7f2a4c84d9a9aba835d91f6719c50c9"", ""side"": ""SELL"", ""asset"": ""5031084282167950494806674428243037744881029417420880897305642929037077494331"", ""conditionId"": ""0x46d40e851b24d9b0af4bc1942ccd86439cae82a9011767da14950df0ad997adf"", ""size"": 3000, ""price"": 0.041, ""timestamp"": 1770932093, ""title"": ""Will Trump nominate Judy Shelton as the next Fed chair?"", ""slug"": ""will-trump-nominate-judy-shelton-as-the-next-fed-chair"", ""icon"": ""https://polymarket-upload.s3.us-east-2.amazonaws.com/judy-shelton-15c5dd306b.png"", ""eventSlug"": ""who-will-trump-nominate-as-fed-chair"", ""outcome"": ""Yes"", ""outcomeIndex"": 0, ""name"": ""rangaaa"", ""pseudonym"": ""Spotless-Waitress"", ""bio"": ""monke"", ""profileImage"": ""https://polymarket-upload.s3.us-east-2.amazonaws.com/profile-image-3557050-5c232089-d445-44a8-93ec-434707541d9c.jpg"", ""profileImageOptimized"": """", ""transactionHash"": ""0x79dd5889897e6dfff52a0e8414301d733eb66ba33208827af6e88a6c9c3d51ad""}"
1770931919,2026-02-14T01:56:33.929556,0x6e895a5e0a3422d7c0df2f2035b9abbc872ef3560c65a3a8c5ed212c77b5e13e:1770931919,572473,5031084282167950494806674428243037744881029417420880897305642929037077494331,BUY,0.0426529010107829,9307.690464,396.99999999999994,0x6e895a5e0a3422d7c0df2f2035b9abbc872ef3560c65a3a8c5ed212c77b5e13e,"{""proxyWallet"": ""0xea2770242006474f8999f4dbeb5f8bc1636f183c"", ""side"": ""BUY"", ""asset"": ""5031084282167950494806674428243037744881029417420880897305642929037077494331"", ""conditionId"": ""0x46d40e851b24d9b0af4bc1942ccd86439cae82a9011767da14950df0ad997adf"", ""size"": 9307.690464, ""price"": 0.0426529010107829, ""timestamp"": 1770931919, ""title"": ""Will Trump nominate Judy Shelton as the next Fed chair?"", ""slug"": ""will-trump-nominate-judy-shelton-as-the-next-fed-chair"", ""icon"": ""https://polymarket-upload.s3.us-east-2.amazonaws.com/judy-shelton-15c5dd306b.png"", ""eventSlug"": ""who-will-trump-nominate-as-fed-chair"", ""outcome"": ""Yes"", ""outcomeIndex"": 0, ""name"": """", ""pseudonym"": """", ""bio"": """", ""profileImage"": """", ""profileImageOptimized"": """", ""transactionHash"": ""0x6e895a5e0a3422d7c0df2f2035b9abbc872ef3560c65a3a8c5ed212c77b5e13e""}"
1770931885,2026-02-14T01:56:33.929573,0xbb04ffda0dc8418ac4541a4f5312460f1c126831a189b3768b610f22ab62112f:1770931885,572473,5031084282167950494806674428243037744881029417420880897305642929037077494331,BUY,0.042000000018304125,2513.095237,105.55000000000001,0xbb04ffda0dc8418ac4541a4f5312460f1c126831a189b3768b610f22ab62112f,"{""proxyWallet"": ""0xa8894b913694a460068ef5b4a86a5032d0e63929"", ""side"": ""BUY"", ""asset"": ""5031084282167950494806674428243037744881029417420880897305642929037077494331"", ""conditionId"": ""0x46d40e851b24d9b0af4bc1942ccd86439cae82a9011767da14950df0ad997adf"", ""size"": 2513.095237, ""price"": 0.042000000018304125, ""timestamp"": 1770931885, ""title"": ""Will Trump nominate Judy Shelton as the next Fed chair?"", ""slug"": ""will-trump-nominate-judy-shelton-as-the-next-fed-chair"", ""icon"": ""https://polymarket-upload.s3.us-east-2.amazonaws.com/judy-shelton-15c5dd306b.png"", ""eventSlug"": ""who-will-trump-nominate-as-fed-chair"", ""outcome"": ""Yes"", ""outcomeIndex"": 0, ""name"": ""Romanoyes"", ""pseudonym"": ""Extra-Small-Dagger"", ""bio"": """", ""profileImage"": """", ""profileImageOptimized"": """", ""transactionHash"": ""0xbb04ffda0dc8418ac4541a4f5312460f1c126831a189b3768b610f22ab62112f""}"
1770931697,2026-02-14T01:56:33.929595,0x094ab9da006e9811210233b12e8d892e316f12f82bba36957a0ee7d921e8a19a:1770931697,572473,5031084282167950494806674428243037744881029417420880897305642929037077494331,SELL,0.041,40.0,1.6400000000000001,0x094ab9da006e9811210233b12e8d892e316f12f82bba36957a0ee7d921e8a19a,"{""proxyWallet"": ""0x93034c731c6fc807b0aa01792207784390ec9eb7"", ""side"": ""SELL"", ""asset"": ""5031084282167950494806674428243037744881029417420880897305642929037077494331"", ""conditionId"": ""0x46d40e851b24d9b0af4bc1942ccd86439cae82a9011767da14950df0ad997adf"", ""size"": 40, ""price"": 0.041, ""timestamp"": 1770931697, ""title"": ""Will Trump nominate Judy Shelton as the next Fed chair?"", ""slug"": ""will-trump-nominate-judy-shelton-as-the-next-fed-chair"", ""icon"": ""https://polymarket-upload.s3.us-east-2.amazonaws.com/judy-shelton-15c5dd306b.png"", ""eventSlug"": ""who-will-trump-nominate-as-fed-chair"", ""outcome"": ""Yes"", ""outcomeIndex"": 0, ""name"": ""PPSaurce"", ""pseudonym"": ""Creative-Workshop"", ""bio"": ""Cancer researcher by day, gambler by night."", ""profileImage"": ""https://polymarket-upload.s3.us-east-2.amazonaws.com/profile-image-4685500-74b027de-ebd9-447b-9d77-09d380283267.png"", ""profileImageOptimized"": """", ""transactionHash"": ""0x094ab9da006e9811210233b12e8d892e316f12f82bba36957a0ee7d921e8a19a""}"
1770931525,2026-02-14T01:56:33.929630,0xf3a76d445b6c7b8d533b650a19839bf7f2ab03de16b36d20de43bab1770391e2:1770931525,572473,5031084282167950494806674428243037744881029417420880897305642929037077494331,SELL,0.041,70.0,2.87,0xf3a76d445b6c7b8d533b650a19839bf7f2ab03de16b36d20de43bab1770391e2,"{""proxyWallet"": ""0xa9951bf1121a6bba33251966cd8edc5cce4b470e"", ""side"": ""SELL"", ""asset"": ""5031084282167950494806674428243037744881029417420880897305642929037077494331"", ""conditionId"": ""0x46d40e851b24d9b0af4bc1942ccd86439cae82a9011767da14950df0ad997adf"", ""size"": 70, ""price"": 0.041, ""timestamp"": 1770931525, ""title"": ""Will Trump nominate Judy Shelton as the next Fed chair?"", ""slug"": ""will-trump-nominate-judy-shelton-as-the-next-fed-chair"", ""icon"": ""https://polymarket-upload.s3.us-east-2.amazonaws.com/judy-shelton-15c5dd306b.png"", ""eventSlug"": ""who-will-trump-nominate-as-fed-chair"", ""outcome"": ""Yes"", ""outcomeIndex"": 0, ""name"": """", ""pseudonym"": """", ""bio"": """", ""profileImage"": """", ""profileImageOptimized"": """", ""transactionHash"": ""0xf3a76d445b6c7b8d533b650a19839bf7f2ab03de16b36d20de43bab1770391e2""}"
1770931481,2026-02-14T01:56:33.929651,0x9250a021d3e0a9682775f2763150ce4bfbafa5ec559be17f027df2952ac40f05:1770931481,572473,5031084282167950494806674428243037744881029417420880897305642929037077494331,SELL,0.041,1000.0,41.0,0x9250a021d3e0a9682775f2763150ce4bfbafa5ec559be17f027df2952ac40f05,"{""proxyWallet"": ""0xc10b54e9c0cef681c5fbaad67752cd2e510bc27e"", ""side"": ""SELL"", ""asset"": ""5031084282167950494806674428243037744881029417420880897305642929037077494331"", ""conditionId"": ""0x46d40e851b24d9b0af4bc1942ccd86439cae82a9011767da14950df0ad997adf"", ""size"": 1000, ""price"": 0.041, ""timestamp"": 1770931481, ""title"": ""Will Trump nominate Judy Shelton as the next Fed chair?"", ""slug"": ""will-trump-nominate-judy-shelton-as-the-next-fed-chair"", ""icon"": ""https://polymarket-upload.s3.us-east-2.amazonaws.com/judy-shelton-15c5dd306b.png"", ""eventSlug"": ""who-will-trump-nominate-as-fed-chair"", ""outcome"": ""Yes"", ""outcomeIndex"": 0, ""name"": ""Gg1377"", ""pseudonym"": ""Solid-Highlight"", ""bio"": """", ""profileImage"": """", ""profileImageOptimized"": """", ""transactionHash"": ""0x9250a021d3e0a9682775f2763150ce4bfbafa5ec559be17f027df2952ac40f05""}"
1770931165,2026-02-14T01:56:33.929685,0xf44d586b7ff314a44f76fd658ab2b0fd6027e90d35fa84f030dbc2491ab9d600:1770931165,572473,5031084282167950494806674428243037744881029417420880897305642929037077494331,BUY,0.042,1000.0,42.0,0xf44d586b7ff314a44f76fd658ab2b0fd6027e90d35fa84f030dbc2491ab9d600,"{""proxyWallet"": ""0xbbcff1374cbb413288b884a882fd9305d29720ae"", ""side"": ""BUY"", ""asset"": ""5031084282167950494806674428243037744881029417420880897305642929037077494331"", ""conditionId"": ""0x46d40e851b24d9b0af4bc1942ccd86439cae82a9011767da14950df0ad997adf"", ""size"": 1000, ""price"": 0.042, ""timestamp"": 1770931165, ""title"": ""Will Trump nominate Judy Shelton as the next Fed chair?"", ""slug"": ""will-trump-nominate-judy-shelton-as-the-next-fed-chair"", ""icon"": ""https://polymarket-upload.s3.us-east-2.amazonaws.com/judy-shelton-15c5dd306b.png"", ""eventSlug"": ""who-will-trump-nominate-as-fed-chair"", ""outcome"": ""Yes"", ""outcomeIndex"": 0, ""name"": ""qww1"", ""pseudonym"": ""Infinite-Lily"", ""bio"": """", ""profileImage"": """", ""profileImageOptimized"": """", ""transactionHash"": ""0xf44d586b7ff314a44f76fd658ab2b0fd6027e90d35fa84f030dbc2491ab9d600""}"
1770931047,2026-02-14T01:56:33.929707,0x3bda898a13175552be599d8276d432e118fa74609ac0ce9ef8fae4a0b6a7cc07:1770931047,572473,5031084282167950494806674428243037744881029417420880897305642929037077494331,BUY,0.041999998235999994,523.809522,21.999999,0x3bda898a13175552be599d8276d432e118fa74609ac0ce9ef8fae4a0b6a7cc07,"{""proxyWallet"": ""0x13833380946648dbd42098efad1945aa7142309b"", ""side"": ""BUY"", ""asset"": ""5031084282167950494806674428243037744881029417420880897305642929037077494331"", ""conditionId"": ""0x46d40e851b24d9b0af4bc1942ccd86439cae82a9011767da14950df0ad997adf"", ""size"": 523.809522, ""price"": 0.041999998235999994, ""timestamp"": 1770931047, ""title"": ""Will Trump nominate Judy Shelton as the next Fed chair?"", ""slug"": ""will-trump-nominate-judy-shelton-as-the-next-fed-chair"", ""icon"": ""https://polymarket-upload.s3.us-east-2.amazonaws.com/judy-shelton-15c5dd306b.png"", ""eventSlug"": ""who-will-trump-nominate-as-fed-chair"", ""outcome"": ""Yes"", ""outcomeIndex"": 0, ""name"": ""Ujio"", ""pseudonym"": ""Medium-Stockings"", ""bio"": """", ""profileImage"": """", ""profileImageOptimized"": """", ""transactionHash"": ""0x3bda898a13175552be599d8276d432e118fa74609ac0ce9ef8fae4a0b6a7cc07""}"
1770930811,2026-02-14T01:56:33.929724,0x3b25771dac660cd08ff0d97e99b250e967be9a135a41cf6e628c52a7b051fee7:1770930811,572473,5031084282167950494806674428243037744881029417420880897305642929037077494331,BUY,0.041999996316619694,253.571427,10.649999,0x3b25771dac660cd08ff0d97e99b250e967be9a135a41cf6e628c52a7b051fee7,"{""proxyWallet"": ""0x946618db129dedc551c6b5116cc6ed97a5954d38"", ""side"": ""BUY"", ""asset"": ""5031084282167950494806674428243037744881029417420880897305642929037077494331"", ""conditionId"": ""0x46d40e851b24d9b0af4bc1942ccd86439cae82a9011767da14950df0ad997adf"", ""size"": 253.571427, ""price"": 0.041999996316619694, ""timestamp"": 1770930811, ""title"": ""Will Trump nominate Judy Shelton as the next Fed chair?"", ""slug"": ""will-trump-nominate-judy-shelton-as-the-next-fed-chair"", ""icon"": ""https://polymarket-upload.s3.us-east-2.amazonaws.com/judy-shelton-15c5dd306b.png"", ""eventSlug"": ""who-will-trump-nominate-as-fed-chair"", ""outcome"": ""Yes"", ""outcomeIndex"": 0, ""name"": ""Asphalt777"", ""pseudonym"": ""Jittery-Tablet"", ""bio"": """", ""profileImage"": """", ""profileImageOptimized"": """", ""transactionHash"": ""0x3b25771dac660cd08ff0d97e99b250e967be9a135a41cf6e628c52a7b051fee7""}"
1770930725,2026-02-14T01:56:33.929743,0x6654954fb7f39ac039efdbcffe7a7f3c944456d06dfbb632dcbf9eeafe9688ad:1770930725,572473,5031084282167950494806674428243037744881029417420880897305642929037077494331,BUY,0.04199999961444,2380.952379,99.999999,0x6654954fb7f39ac039efdbcffe7a7f3c944456d06dfbb632dcbf9eeafe9688ad,"{""proxyWallet"": ""0x5fd506eb6a49d3fe3004aebe712fc17da2072711"", ""side"": ""BUY"", ""asset"": ""5031084282167950494806674428243037744881029417420880897305642929037077494331"", ""conditionId"": ""0x46d40e851b24d9b0af4bc1942ccd86439cae82a9011767da14950df0ad997adf"", ""size"": 2380.952379, ""price"": 0.04199999961444, ""timestamp"": 1770930725, ""title"": ""Will Trump nominate Judy Shelton as the next Fed chair?"", ""slug"": ""will-trump-nominate-judy-shelton-as-the-next-fed-chair"", ""icon"": ""https://polymarket-upload.s3.us-east-2.amazonaws.com/judy-shelton-15c5dd306b.png"", ""eventSlug"": ""who-will-trump-nominate-as-fed-chair"", ""outcome"": ""Yes"", ""outcomeIndex"": 0, ""name"": ""0x5Fd506Eb6A49D3fE3004aEBe712fc17da2072711-1769956831519"", ""pseudonym"": ""Colorful-Cuticle"", ""bio"": """", ""profileImage"": """", ""profileImageOptimized"": """", ""transactionHash"": ""0x6654954fb7f39ac039efdbcffe7a7f3c944456d06dfbb632dcbf9eeafe9688ad""}"
1771005543,2026-02-14T02:03:37.301290,0xccfcd20bebde40543fb047996e41bd058de110580ba97b789c791c2ae0b586aa:1771005543,572473,5031084282167950494806674428243037744881029417420880897305642929037077494331,SELL,0.025,1552.07,38.80175,0xccfcd20bebde40543fb047996e41bd058de110580ba97b789c791c2ae0b586aa,"{""proxyWallet"": ""0x3673e2956ecaa25866a843233fc415f540c87c89"", ""side"": ""SELL"", ""asset"": ""5031084282167950494806674428243037744881029417420880897305642929037077494331"", ""conditionId"": ""0x46d40e851b24d9b0af4bc1942ccd86439cae82a9011767da14950df0ad997adf"", ""size"": 1552.07, ""price"": 0.025, ""timestamp"": 1771005543, ""title"": ""Will Trump nominate Judy Shelton as the next Fed chair?"", ""slug"": ""will-trump-nominate-judy-shelton-as-the-next-fed-chair"", ""icon"": ""https://polymarket-upload.s3.us-east-2.amazonaws.com/judy-shelton-15c5dd306b.png"", ""eventSlug"": ""who-will-trump-nominate-as-fed-chair"", ""outcome"": ""Yes"", ""outcomeIndex"": 0, ""name"": ""AIBETSPORTS"", ""pseudonym"": ""Miniature-Armpit"", ""bio"": """", ""profileImage"": ""https://polymarket-upload.s3.us-east-2.amazonaws.com/profile-image-148130-3b092f86-31e8-47e9-8120-b2f391c3998b.jpg"", ""profileImageOptimized"": """", ""transactionHash"": ""0xccfcd20bebde40543fb047996e41bd058de110580ba97b789c791c2ae0b586aa""}"
1771005479,2026-02-14T02:03:37.302025,0xdb7e8f8a26fa61da5caec2ef5e74e557c3c77fa53c8d9aeaf52a3502834f2797:1771005479,572473,5031084282167950494806674428243037744881029417420880897305642929037077494331,SELL,0.025,5.0,0.125,0xdb7e8f8a26fa61da5caec2ef5e74e557c3c77fa53c8d9aeaf52a3502834f2797,"{""proxyWallet"": ""0x0b01d14b4f91acdf61534543d4a645f142238f47"", ""side"": ""SELL"", ""asset"": ""5031084282167950494806674428243037744881029417420880897305642929037077494331"", ""conditionId"": ""0x46d40e851b24d9b0af4bc1942ccd86439cae82a9011767da14950df0ad997adf"", ""size"": 5, ""price"": 0.025, ""timestamp"": 1771005479, ""title"": ""Will Trump nominate Judy Shelton as the next Fed chair?"", ""slug"": ""will-trump-nominate-judy-shelton-as-the-next-fed-chair"", ""icon"": ""https://polymarket-upload.s3.us-east-2.amazonaws.com/judy-shelton-15c5dd306b.png"", ""eventSlug"": ""who-will-trump-nominate-as-fed-chair"", ""outcome"": ""Yes"", ""outcomeIndex"": 0, ""name"": ""0x0B01d14B4f91ACdf61534543d4a645f142238F47-1766685782640"", ""pseudonym"": ""Radiant-Dahlia"", ""bio"": """", ""profileImage"": """", ""profileImageOptimized"": """", ""transactionHash"": ""0xdb7e8f8a26fa61da5caec2ef5e74e557c3c77fa53c8d9aeaf52a3502834f2797""}"
1771005461,2026-02-14T02:03:37.302058,0x2f13ef8c49e64be13d53598a164231b0159e4991b4104163fd295da7083872bd:1771005461,572473,5031084282167950494806674428243037744881029417420880897305642929037077494331,BUY,0.02600000006618182,423.076922,11.000000000000002,0x2f13ef8c49e64be13d53598a164231b0159e4991b4104163fd295da7083872bd,"{""proxyWallet"": ""0x790f61b551b83d78941890bb264003aee7851a00"", ""side"": ""BUY"", ""asset"": ""5031084282167950494806674428243037744881029417420880897305642929037077494331"", ""conditionId"": ""0x46d40e851b24d9b0af4bc1942ccd86439cae82a9011767da14950df0ad997adf"", ""size"": 423.076922, ""price"": 0.02600000006618182, ""timestamp"": 1771005461, ""title"": ""Will Trump nominate Judy Shelton as the next Fed chair?"", ""slug"": ""will-trump-nominate-judy-shelton-as-the-next-fed-chair"", ""icon"": ""https://polymarket-upload.s3.us-east-2.amazonaws.com/judy-shelton-15c5dd306b.png"", ""eventSlug"": ""who-will-trump-nominate-as-fed-chair"", ""outcome"": ""Yes"", ""outcomeIndex"": 0, ""name"": """", ""pseudonym"": """", ""bio"": """", ""profileImage"": """", ""profileImageOptimized"": """", ""transactionHash"": ""0x2f13ef8c49e64be13d53598a164231b0159e4991b4104163fd295da7083872bd""}"
1771005439,2026-02-14T02:03:37.302094,0xb955aca3deac09be1eeaf5a2185022087aa783f6b37f43381a7a8f27a239fafd:1771005439,572473,5031084282167950494806674428243037744881029417420880897305642929037077494331,BUY,0.026,185.0,4.81,0xb955aca3deac09be1eeaf5a2185022087aa783f6b37f43381a7a8f27a239fafd,"{""proxyWallet"": ""0xd0363c2088651abb4a899474b978f0b7bd2a71c9"", ""side"": ""BUY"", ""asset"": ""5031084282167950494806674428243037744881029417420880897305642929037077494331"", ""conditionId"": ""0x46d40e851b24d9b0af4bc1942ccd86439cae82a9011767da14950df0ad997adf"", ""size"": 185, ""price"": 0.026, ""timestamp"": 1771005439, ""title"": ""Will Trump nominate Judy Shelton as the next Fed chair?"", ""slug"": ""will-trump-nominate-judy-shelton-as-the-next-fed-chair"", ""icon"": ""https://polymarket-upload.s3.us-east-2.amazonaws.com/judy-shelton-15c5dd306b.png"", ""eventSlug"": ""who-will-trump-nominate-as-fed-chair"", ""outcome"": ""Yes"", ""outcomeIndex"": 0, ""name"": ""0xd0363c2088651aBB4a899474B978F0B7Bd2a71c9-1770145756032"", ""pseudonym"": ""Zigzag-Swan"", ""bio"": """", ""profileImage"": """", ""profileImageOptimized"": """", ""transactionHash"": ""0xb955aca3deac09be1eeaf5a2185022087aa783f6b37f43381a7a8f27a239fafd""}"
1771005189,2026-02-14T02:03:37.302123,0x8d0cb0faad6326d1efc007939e0110e149f3d67485010d06aaca76dfb732a5fb:1771005189,572473,5031084282167950494806674428243037744881029417420880897305642929037077494331,BUY,0.0260000000416,769.230768,20.0,0x8d0cb0faad6326d1efc007939e0110e149f3d67485010d06aaca76dfb732a5fb,"{""proxyWallet"": ""0x0ba00a18236978fefc323ef30f6ce3e349723f91"", ""side"": ""BUY"", ""asset"": ""5031084282167950494806674428243037744881029417420880897305642929037077494331"", ""conditionId"": ""0x46d40e851b24d9b0af4bc1942ccd86439cae82a9011767da14950df0ad997adf"", ""size"": 769.230768, ""price"": 0.0260000000416, ""timestamp"": 1771005189, ""title"": ""Will Trump nominate Judy Shelton as the next Fed chair?"", ""slug"": ""will-trump-nominate-judy-shelton-as-the-next-fed-chair"", ""icon"": ""https://polymarket-upload.s3.us-east-2.amazonaws.com/judy-shelton-15c5dd306b.png"", ""eventSlug"": ""who-will-trump-nominate-as-fed-chair"", ""outcome"": ""Yes"", ""outcomeIndex"": 0, ""name"": ""globiboulga"", ""pseudonym"": ""Taut-Limo"", ""bio"": """", ""profileImage"": """", ""profileImageOptimized"": """", ""transactionHash"": ""0x8d0cb0faad6326d1efc007939e0110e149f3d67485010d06aaca76dfb732a5fb""}"
