timestamp,datetime,trade_id,market_id,token_id,side,price,size,amount,tx_hash,raw
1771005453,2026-02-14T02:01:42.357003,0x1b3bcde2792350822cf1e1262c2abffbfd0fb3f70ff282112faebec24e38ad22:1771005453,572469,18289842382539867639079362738467334752951741961393928566628307174343542320349,BUY,0.03700000049333334,81.08108,3.0,0x1b3bcde2792350822cf1e1262c2abffbfd0fb3f70ff282112faebec24e38ad22,"{""proxyWallet"": ""0x2042a185c91b2a2ad909c9560466e755bddf643f"", ""side"": ""BUY"", ""asset"": ""18289842382539867639079362738467334752951741961393928566628307174343542320349"", ""conditionId"": ""0x61b66d02793b4a68ab0cc25be60d65f517fe18c7d654041281bb130341244fcc"", ""size"": 81.08108, ""price"": 0.03700000049333334, ""timestamp"": 1771005453, ""title"": ""Will Trump nominate Kevin Warsh as the next Fed chair?"", ""slug"": ""will-trump-nominate-kevin-warsh-as-the-next-fed-chair"", ""icon"": ""https://polymarket-upload.s3.us-east-2.amazonaws.com/will-trump-nominate-kevin-warsh-as-the-next-fed-chair-Bc-vVyyVjhsS.jpg"", ""eventSlug"": ""who-will-trump-nominate-as-fed-chair"", ""outcome"": ""No"", ""outcomeIndex"": 1, ""name"": """", ""pseudonym"": """", ""bio"": """", ""profileImage"": """", ""profileImageOptimized"": """", ""transactionHash"": ""0x1b3bcde2792350822cf1e1262c2abffbfd0fb3f70ff282112faebec24e38ad22""}"
1771005011,2026-02-14T02:01:42.357077,0x0f01dd8ca0c22440bfed28537dec68718225afb706e616f8434e53387402ad74:1771005011,572469,18289842382539867639079362738467334752951741961393928566628307174343542320349,BUY,0.037000000208125,216.216215,8.0,0x0f01dd8ca0c22440bfed28537dec68718225afb706e616f8434e53387402ad74,"{""proxyWallet"": ""0x0c520946bc2c33b07d2a3d40696384bb9ce920ef"", ""side"": ""BUY"", ""asset"": ""18289842382539867639079362738467334752951741961393928566628307174343542320349"", ""conditionId"": ""0x61b66d02793b4a68ab0cc25be60d65f517fe18c7d654041281bb130341244fcc"", ""size"": 216.216215, ""price"": 0.037000000208125, ""timestamp"": 1771005011, ""title"": ""Will Trump nominate Kevin Warsh as the next Fed chair?"", ""slug"": ""will-trump-nominate-kevin-warsh-as-the-next-fed-chair"", ""icon"": ""https://polymarket-upload.s3.us-east-2.amazonaws.com/will-trump-nominate-kevin-warsh-as-the-next-fed-chair-Bc-vVyyVjhsS.jpg"", ""eventSlug"": ""who-will-trump-nominate-as-fed-chair"", ""outcome"": ""No"", ""outcomeIndex"": 1, ""name"": """", ""pseudonym"": """", ""bio"": """", ""profileImage"": """", ""profileImageOptimized"": """", ""transactionHash"": ""0x0f01dd8ca0c22440bfed28537dec68718225afb706e616f8434e53387402ad74""}"
1771004975,2026-02-14T02:01:42.357101,0xab42dc225accc9dfb143e94becca2fbfef8c8d7b9b8561691042307a651b1f2a:1771004975,572469,18289842382539867639079362738467334752951741961393928566628307174343542320349,SELL,0.035,494.54,17.3089,0xab42dc225accc9dfb143e94becca2fbfef8c8d7b9b8561691042307a651b1f2a,"{""proxyWallet"": ""0x3f20b410be0fbcd81bf57c8df862f001dc525d9b"", ""side"": ""SELL"", ""asset"": ""18289842382539867639079362738467334752951741961393928566628307174343542320349"", ""conditionId"": ""0x61b66d02793b4a68ab0cc25be60d65f517fe18c7d654041281bb130341244fcc"", ""size"": 494.54, ""price"": 0.035, ""timestamp"": 1771004975, ""title"": ""Will Trump nominate Kevin Warsh as the next Fed chair?"", ""slug"": ""will-trump-nominate-kevin-warsh-as-the-next-fed-chair"", ""icon"": ""https://polymarket-upload.s3.us-east-2.amazonaws.com/will-trump-nominate-kevin-warsh-as-the-next-fed-chair-Bc-vVyyVjhsS.jpg"", ""eventSlug"": ""who-will-trump-nominate-as-fed-chair"", ""outcome"": ""No"", ""outcomeIndex"": 1, ""name"": ""Ram121313"", ""pseudonym"": ""Worthless-Signup"", ""bio"": """", ""profileImage"": """", ""profileImageOptimized"": """", ""transactionHash"": ""0xab42dc225accc9dfb143e94becca2fbfef8c8d7b9b8561691042307a651b1f2a""}"
1771004753,2026-02-14T02:01:42.357120,0x238aca8740eadf26df43b368f0d603c814a1fddbb4bd41a660281548b398b74a:1771004753,572469,18289842382539867639079362738467334752951741961393928566628307174343542320349,SELL,0.035,0.21,0.007350000000000001,0x238aca8740eadf26df43b368f0d603c814a1fddbb4bd41a660281548b398b74a,"{""proxyWallet"": ""0x201d64d5fbe721bda742eba45cfbeb34889e2e13"", ""side"": ""SELL"", ""asset"": ""18289842382539867639079362738467334752951741961393928566628307174343542320349"", ""conditionId"": ""0x61b66d02793b4a68ab0cc25be60d65f517fe18c7d654041281bb130341244fcc"", ""size"": 0.21, ""price"": 0.035, ""timestamp"": 1771004753, ""title"": ""Will Trump nominate Kevin Warsh as the next Fed chair?"", ""slug"": ""will-trump-nominate-kevin-warsh-as-the-next-fed-chair"", ""icon"": ""https://polymarket-upload.s3.us-east-2.amazonaws.com/will-trump-nominate-kevin-warsh-as-the-next-fed-chair-Bc-vVyyVjhsS.jpg"", ""eventSlug"": ""who-will-trump-nominate-as-fed-chair"", ""outcome"": ""No"", ""outcomeIndex"": 1, ""name"": """", ""pseudonym"": """", ""bio"": """", ""profileImage"": """", ""profileImageOptimized"": """", ""transactionHash"": ""0x238aca8740eadf26df43b368f0d603c814a1fddbb4bd41a660281548b398b74a""}"
1771004753,2026-02-14T02:01:42.357137,0x4ad5432dd660a90ea685a75aa32b8c5e7805ea26ee033f92bf285dcf5ea060c3:1771004753,572469,18289842382539867639079362738467334752951741961393928566628307174343542320349,SELL,0.035,1.71,0.05985000000000001,0x4ad5432dd660a90ea685a75aa32b8c5e7805ea26ee033f92bf285dcf5ea060c3,"{""proxyWallet"": ""0x956f12f5b4ee207752e97a76c21633802a5120ac"", ""side"": ""SELL"", ""asset"": ""18289842382539867639079362738467334752951741961393928566628307174343542320349"", ""conditionId"": ""0x61b66d02793b4a68ab0cc25be60d65f517fe18c7d654041281bb130341244fcc"", ""size"": 1.71, ""price"": 0.035, ""timestamp"": 1771004753, ""title"": ""Will Trump nominate Kevin Warsh as the next Fed chair?"", ""slug"": ""will-trump-nominate-kevin-warsh-as-the-next-fed-chair"", ""icon"": ""https://polymarket-upload.s3.us-east-2.amazonaws.com/will-trump-nominate-kevin-warsh-as-the-next-fed-chair-Bc-vVyyVjhsS.jpg"", ""eventSlug"": ""who-will-trump-nominate-as-fed-chair"", ""outcome"": ""No"", ""outcomeIndex"": 1, ""name"": """", ""pseudonym"": """", ""bio"": """", ""profileImage"": """", ""profileImageOptimized"": """", ""transactionHash"": ""0x4ad5432dd660a90ea685a75aa32b8c5e7805ea26ee033f92bf285dcf5ea060c3""}"
1771004753,2026-02-14T02:01:42.357152,0x5d1ad601d48c719cfbb5dedcf9449df562898c5125091c6fac929803585a0847:1771004753,572469,18289842382539867639079362738467334752951741961393928566628307174343542320349,SELL,0.035,3.37,0.11795000000000001,0x5d1ad601d48c719cfbb5dedcf9449df562898c5125091c6fac929803585a0847,"{""proxyWallet"": ""0x4a72457138f4878d58e80a724c59bdb92efd24af"", ""side"": ""SELL"", ""asset"": ""18289842382539867639079362738467334752951741961393928566628307174343542320349"", ""conditionId"": ""0x61b66d02793b4a68ab0cc25be60d65f517fe18c7d654041281bb130341244fcc"", ""size"": 3.37, ""price"": 0.035, ""timestamp"": 1771004753, ""title"": ""Will Trump nominate Kevin Warsh as the next Fed chair?"", ""slug"": ""will-trump-nominate-kevin-warsh-as-the-next-fed-chair"", ""icon"": ""https://polymarket-upload.s3.us-east-2.amazonaws.com/will-trump-nominate-kevin-warsh-as-the-next-fed-chair-Bc-vVyyVjhsS.jpg"", ""eventSlug"": ""who-will-trump-nominate-as-fed-chair"", ""outcome"": ""No"", ""outcomeIndex"": 1, ""name"": """", ""pseudonym"": """", ""bio"": """", ""profileImage"": """", ""profileImageOptimized"": """", ""transactionHash"": ""0x5d1ad601d48c719cfbb5dedcf9449df562898c5125091c6fac929803585a0847""}"
1771004753,2026-02-14T02:01:42.357167,0xd08b477d4f081930bad0365d7526cd7b2cab4fd481efdb191f3d5cf88171d897:1771004753,572469,18289842382539867639079362738467334752951741961393928566628307174343542320349,SELL,0.035,25.48,0.8918000000000001,0xd08b477d4f081930bad0365d7526cd7b2cab4fd481efdb191f3d5cf88171d897,"{""proxyWallet"": ""0x076b73a8d48c4da6136fc64e1b7dfe2136b4354c"", ""side"": ""SELL"", ""asset"": ""18289842382539867639079362738467334752951741961393928566628307174343542320349"", ""conditionId"": ""0x61b66d02793b4a68ab0cc25be60d65f517fe18c7d654041281bb130341244fcc"", ""size"": 25.48, ""price"": 0.035, ""timestamp"": 1771004753, ""title"": ""Will Trump nominate Kevin Warsh as the next Fed chair?"", ""slug"": ""will-trump-nominate-kevin-warsh-as-the-next-fed-chair"", ""icon"": ""https://polymarket-upload.s3.us-east-2.amazonaws.com/will-trump-nominate-kevin-warsh-as-the-next-fed-chair-Bc-vVyyVjhsS.jpg"", ""eventSlug"": ""who-will-trump-nominate-as-fed-chair"", ""outcome"": ""No"", ""outcomeIndex"": 1, ""name"": ""funkc"", ""pseudonym"": ""Easy-Going-Puggle"", ""bio"": """", ""profileImage"": ""https://polymarket-upload.s3.us-east-2.amazonaws.com/profile-image-5867229-2bfff306-e0e1-430c-80c9-9adacda02b76.jpg"", ""profileImageOptimized"": """", ""transactionHash"": ""0xd08b477d4f081930bad0365d7526cd7b2cab4fd481efdb191f3d5cf88171d897""}"
1771004751,2026-02-14T02:01:42.357186,0x9c3d7656f28b959dcdbc2d12001b80c72a518250f7a7f684579d9ce330597999:1771004751,572469,18289842382539867639079362738467334752951741961393928566628307174343542320349,BUY,0.037,1000.0,37.0,0x9c3d7656f28b959dcdbc2d12001b80c72a518250f7a7f684579d9ce330597999,"{""proxyWallet"": ""0xcdbfdac42aeac5837d105e255c1131e7bf751926"", ""side"": ""BUY"", ""asset"": ""18289842382539867639079362738467334752951741961393928566628307174343542320349"", ""conditionId"": ""0x61b66d02793b4a68ab0cc25be60d65f517fe18c7d654041281bb130341244fcc"", ""size"": 1000, ""price"": 0.037, ""timestamp"": 1771004751, ""title"": ""Will Trump nominate Kevin Warsh as the next Fed chair?"", ""slug"": ""will-trump-nominate-kevin-warsh-as-the-next-fed-chair"", ""icon"": ""https://polymarket-upload.s3.us-east-2.amazonaws.com/will-trump-nominate-kevin-warsh-as-the-next-fed-chair-Bc-vVyyVjhsS.jpg"", ""eventSlug"": ""who-will-trump-nominate-as-fed-chair"", ""outcome"": ""No"", ""outcomeIndex"": 1, ""name"": ""FrankyFourFingers"", ""pseudonym"": """", ""bio"": """", ""profileImage"": """", ""profileImageOptimized"": """", ""transactionHash"": ""0x9c3d7656f28b959dcdbc2d12001b80c72a518250f7a7f684579d9ce330597999""}"
1771004741,2026-02-14T02:01:42.357201,0xc987f36ef54e620b3d112e3137cee27a0a88a5910f6bb8d48b7b2af9d0474113:1771004741,572469,18289842382539867639079362738467334752951741961393928566628307174343542320349,SELL,0.035,1.76,0.06160000000000001,0xc987f36ef54e620b3d112e3137cee27a0a88a5910f6bb8d48b7b2af9d0474113,"{""proxyWallet"": ""0x956f12f5b4ee207752e97a76c21633802a5120ac"", ""side"": ""SELL"", ""asset"": ""18289842382539867639079362738467334752951741961393928566628307174343542320349"", ""conditionId"": ""0x61b66d02793b4a68ab0cc25be60d65f517fe18c7d654041281bb130341244fcc"", ""size"": 1.76, ""price"": 0.035, ""timestamp"": 1771004741, ""title"": ""Will Trump nominate Kevin Warsh as the next Fed chair?"", ""slug"": ""will-trump-nominate-kevin-warsh-as-the-next-fed-chair"", ""icon"": ""https://polymarket-upload.s3.us-east-2.amazonaws.com/will-trump-nominate-kevin-warsh-as-the-next-fed-chair-Bc-vVyyVjhsS.jpg"", ""eventSlug"": ""who-will-trump-nominate-as-fed-chair"", ""outcome"": ""No"", ""outcomeIndex"": 1, ""name"": """", ""pseudonym"": """", ""bio"": """", ""profileImage"": """", ""profileImageOptimized"": """", ""transactionHash"": ""0xc987f36ef54e620b3d112e3137cee27a0a88a5910f6bb8d48b7b2af9d0474113""}"
1771004741,2026-02-14T02:01:42.357216,0xc9ef04a0e58f8e4d416d8d412ac739c24767b4b124273bbb7a48879d4b29a851:1771004741,572469,18289842382539867639079362738467334752951741961393928566628307174343542320349,SELL,0.035,3.47,0.12145000000000002,0xc9ef04a0e58f8e4d416d8d412ac739c24767b4b124273bbb7a48879d4b29a851,"{""proxyWallet"": ""0x4a72457138f4878d58e80a724c59bdb92efd24af"", ""side"": ""SELL"", ""asset"": ""18289842382539867639079362738467334752951741961393928566628307174343542320349"", ""conditionId"": ""0x61b66d02793b4a68ab0cc25be60d65f517fe18c7d654041281bb130341244fcc"", ""size"": 3.47, ""price"": 0.035, ""timestamp"": 1771004741, ""title"": ""Will Trump nominate Kevin Warsh as the next Fed chair?"", ""slug"": ""will-trump-nominate-kevin-warsh-as-the-next-fed-chair"", ""icon"": ""https://polymarket-upload.s3.us-east-2.amazonaws.com/will-trump-nominate-kevin-warsh-as-the-next-fed-chair-Bc-vVyyVjhsS.jpg"", ""eventSlug"": ""who-will-trump-nominate-as-fed-chair"", ""outcome"": ""No"", ""outcomeIndex"": 1, ""name"": """", ""pseudonym"": """", ""bio"": """", ""profileImage"": """", ""profileImageOptimized"": """", ""transactionHash"": ""0xc9ef04a0e58f8e4d416d8d412ac739c24767b4b124273bbb7a48879d4b29a851""}"
1771004741,2026-02-14T02:01:42.357229,0x18a70c8e2cf0aeeba8c13868fb4b8a44919a8675e8ba26ac64a55dd6109f4845:1771004741,572469,18289842382539867639079362738467334752951741961393928566628307174343542320349,SELL,0.035,26.28,0.9198000000000002,0x18a70c8e2cf0aeeba8c13868fb4b8a44919a8675e8ba26ac64a55dd6109f4845,"{""proxyWallet"": ""0x076b73a8d48c4da6136fc64e1b7dfe2136b4354c"", ""side"": ""SELL"", ""asset"": ""18289842382539867639079362738467334752951741961393928566628307174343542320349"", ""conditionId"": ""0x61b66d02793b4a68ab0cc25be60d65f517fe18c7d654041281bb130341244fcc"", ""size"": 26.28, ""price"": 0.035, ""timestamp"": 1771004741, ""title"": ""Will Trump nominate Kevin Warsh as the next Fed chair?"", ""slug"": ""will-trump-nominate-kevin-warsh-as-the-next-fed-chair"", ""icon"": ""https://polymarket-upload.s3.us-east-2.amazonaws.com/will-trump-nominate-kevin-warsh-as-the-next-fed-chair-Bc-vVyyVjhsS.jpg"", ""eventSlug"": ""who-will-trump-nominate-as-fed-chair"", ""outcome"": ""No"", ""outcomeIndex"": 1, ""name"": ""funkc"", ""pseudonym"": ""Easy-Going-Puggle"", ""bio"": """", ""profileImage"": ""https://polymarket-upload.s3.us-east-2.amazonaws.com/profile-image-5867229-2bfff306-e0e1-430c-80c9-9adacda02b76.jpg"", ""profileImageOptimized"": """", ""transactionHash"": ""0x18a70c8e2cf0aeeba8c13868fb4b8a44919a8675e8ba26ac64a55dd6109f4845""}"
1771004741,2026-02-14T02:01:42.357243,0xbe633ee9869e22e4b1fad3c762d30654de44c3d213df8529fe8af4a0d28d5508:1771004741,572469,18289842382539867639079362738467334752951741961393928566628307174343542320349,SELL,0.035,0.22,0.007700000000000001,0xbe633ee9869e22e4b1fad3c762d30654de44c3d213df8529fe8af4a0d28d5508,"{""proxyWallet"": ""0x201d64d5fbe721bda742eba45cfbeb34889e2e13"", ""side"": ""SELL"", ""asset"": ""18289842382539867639079362738467334752951741961393928566628307174343542320349"", ""conditionId"": ""0x61b66d02793b4a68ab0cc25be60d65f517fe18c7d654041281bb130341244fcc"", ""size"": 0.22, ""price"": 0.035, ""timestamp"": 1771004741, ""title"": ""Will Trump nominate Kevin Warsh as the next Fed chair?"", ""slug"": ""will-trump-nominate-kevin-warsh-as-the-next-fed-chair"", ""icon"": ""https://polymarket-upload.s3.us-east-2.amazonaws.com/will-trump-nominate-kevin-warsh-as-the-next-fed-chair-Bc-vVyyVjhsS.jpg"", ""eventSlug"": ""who-will-trump-nominate-as-fed-chair"", ""outcome"": ""No"", ""outcomeIndex"": 1, ""name"": """", ""pseudonym"": """", ""bio"": """", ""profileImage"": """", ""profileImageOptimized"": """", ""transactionHash"": ""0xbe633ee9869e22e4b1fad3c762d30654de44c3d213df8529fe8af4a0d28d5508""}"
1771004739,2026-02-14T02:01:42.357256,0xd1d4038a3dd8e167ef9fef256cc65eb626711f730ce3affabf6d16f9e2b0344e:1771004739,572469,18289842382539867639079362738467334752951741961393928566628307174343542320349,BUY,0.037,1000.0,37.0,0xd1d4038a3dd8e167ef9fef256cc65eb626711f730ce3affabf6d16f9e2b0344e,"{""proxyWallet"": ""0xcb823f31ca127ee09680e26d0f3f2220c0c39579"", ""side"": ""BUY"", ""asset"": ""18289842382539867639079362738467334752951741961393928566628307174343542320349"", ""conditionId"": ""0x61b66d02793b4a68ab0cc25be60d65f517fe18c7d654041281bb130341244fcc"", ""size"": 1000, ""price"": 0.037, ""timestamp"": 1771004739, ""title"": ""Will Trump nominate Kevin Warsh as the next Fed chair?"", ""slug"": ""will-trump-nominate-kevin-warsh-as-the-next-fed-chair"", ""icon"": ""https://polymarket-upload.s3.us-east-2.amazonaws.com/will-trump-nominate-kevin-warsh-as-the-next-fed-chair-Bc-vVyyVjhsS.jpg"", ""eventSlug"": ""who-will-trump-nominate-as-fed-chair"", ""outcome"": ""No"", ""outcomeIndex"": 1, ""name"": ""babouuu"", ""pseudonym"": ""Upbeat-Sensitivity"", ""bio"": """", ""profileImage"": """", ""profileImageOptimized"": """", ""transactionHash"": ""0xd1d4038a3dd8e167ef9fef256cc65eb626711f730ce3affabf6d16f9e2b0344e""}"
1771004719,2026-02-14T02:01:42.357271,0xfc285640f80aef46557e0e933c9c3277687d903d50275f17b534334f8ddc5497:1771004719,572469,18289842382539867639079362738467334752951741961393928566628307174343542320349,SELL,0.035,294.39,10.303650000000001,0xfc285640f80aef46557e0e933c9c3277687d903d50275f17b534334f8ddc5497,"{""proxyWallet"": ""0xb4c45ff5019047788c5e556a2def375870bc6ee2"", ""side"": ""SELL"", ""asset"": ""18289842382539867639079362738467334752951741961393928566628307174343542320349"", ""conditionId"": ""0x61b66d02793b4a68ab0cc25be60d65f517fe18c7d654041281bb130341244fcc"", ""size"": 294.39, ""price"": 0.035, ""timestamp"": 1771004719, ""title"": ""Will Trump nominate Kevin Warsh as the next Fed chair?"", ""slug"": ""will-trump-nominate-kevin-warsh-as-the-next-fed-chair"", ""icon"": ""https://polymarket-upload.s3.us-east-2.amazonaws.com/will-trump-nominate-kevin-warsh-as-the-next-fed-chair-Bc-vVyyVjhsS.jpg"", ""eventSlug"": ""who-will-trump-nominate-as-fed-chair"", ""outcome"": ""No"", ""outcomeIndex"": 1, ""name"": """", ""pseudonym"": """", ""bio"": """", ""profileImage"": """", ""profileImageOptimized"": """", ""transactionHash"": ""0xfc285640f80aef46557e0e933c9c3277687d903d50275f17b534334f8ddc5497""}"
1771004675,2026-02-14T02:01:42.357286,0xff3bbee3dcaddc2c428f77ffda8ba9e4efcce7f8ef7250074acc6476b70b9a76:1771004675,572469,18289842382539867639079362738467334752951741961393928566628307174343542320349,SELL,0.035,0.03,0.0010500000000000002,0xff3bbee3dcaddc2c428f77ffda8ba9e4efcce7f8ef7250074acc6476b70b9a76,"{""proxyWallet"": ""0x201d64d5fbe721bda742eba45cfbeb34889e2e13"", ""side"": ""SELL"", ""asset"": ""18289842382539867639079362738467334752951741961393928566628307174343542320349"", ""conditionId"": ""0x61b66d02793b4a68ab0cc25be60d65f517fe18c7d654041281bb130341244fcc"", ""size"": 0.03, ""price"": 0.035, ""timestamp"": 1771004675, ""title"": ""Will Trump nominate Kevin Warsh as the next Fed chair?"", ""slug"": ""will-trump-nominate-kevin-warsh-as-the-next-fed-chair"", ""icon"": ""https://polymarket-upload.s3.us-east-2.amazonaws.com/will-trump-nominate-kevin-warsh-as-the-next-fed-chair-Bc-vVyyVjhsS.jpg"", ""eventSlug"": ""who-will-trump-nominate-as-fed-chair"", ""outcome"": ""No"", ""outcomeIndex"": 1, ""name"": """", ""pseudonym"": """", ""bio"": """", ""profileImage"": """", ""profileImageOptimized"": """", ""transactionHash"": ""0xff3bbee3dcaddc2c428f77ffda8ba9e4efcce7f8ef7250074acc6476b70b9a76""}"
1771004675,2026-02-14T02:01:42.357301,0x776ebf5361de2e5104d18c0a751eede9f4af481736dea9ea9e59035b08dd5776:1771004675,572469,18289842382539867639079362738467334752951741961393928566628307174343542320349,SELL,0.035,0.3,0.0105,0x776ebf5361de2e5104d18c0a751eede9f4af481736dea9ea9e59035b08dd5776,"{""proxyWallet"": ""0x956f12f5b4ee207752e97a76c21633802a5120ac"", ""side"": ""SELL"", ""asset"": ""18289842382539867639079362738467334752951741961393928566628307174343542320349"", ""conditionId"": ""0x61b66d02793b4a68ab0cc25be60d65f517fe18c7d654041281bb130341244fcc"", ""size"": 0.3, ""price"": 0.035, ""timestamp"": 1771004675, ""title"": ""Will Trump nominate Kevin Warsh as the next Fed chair?"", ""slug"": ""will-trump-nominate-kevin-warsh-as-the-next-fed-chair"", ""icon"": ""https://polymarket-upload.s3.us-east-2.amazonaws.com/will-trump-nominate-kevin-warsh-as-the-next-fed-chair-Bc-vVyyVjhsS.jpg"", ""eventSlug"": ""who-will-trump-nominate-as-fed-chair"", ""outcome"": ""No"", ""outcomeIndex"": 1, ""name"": """", ""pseudonym"": """", ""bio"": """", ""profileImage"": """", ""profileImageOptimized"": """", ""transactionHash"": ""0x776ebf5361de2e5104d18c0a751eede9f4af481736dea9ea9e59035b08dd5776""}"
1771004675,2026-02-14T02:01:42.357337,0x3e37163799d6a3505dfae220efee029b4bc6022819bb705b799f0a5642395259:1771004675,572469,18289842382539867639079362738467334752951741961393928566628307174343542320349,SELL,0.035,4.5,0.15750000000000003,0x3e37163799d6a3505dfae220efee029b4bc6022819bb705b799f0a5642395259,"{""proxyWallet"": ""0x076b73a8d48c4da6136fc64e1b7dfe2136b4354c"", ""side"": ""SELL"", ""asset"": ""18289842382539867639079362738467334752951741961393928566628307174343542320349"", ""conditionId"": ""0x61b66d02793b4a68ab0cc25be60d65f517fe18c7d654041281bb130341244fcc"", ""size"": 4.5, ""price"": 0.035, ""timestamp"": 1771004675, ""title"": ""Will Trump nominate Kevin Warsh as the next Fed chair?"", ""slug"": ""will-trump-nominate-kevin-warsh-as-the-next-fed-chair"", ""icon"": ""https://polymarket-upload.s3.us-east-2.amazonaws.com/will-trump-nominate-kevin-warsh-as-the-next-fed-chair-Bc-vVyyVjhsS.jpg"", ""eventSlug"": ""who-will-trump-nominate-as-fed-chair"", ""outcome"": ""No"", ""outcomeIndex"": 1, ""name"": ""funkc"", ""pseudonym"": ""Easy-Going-Puggle"", ""bio"": """", ""profileImage"": ""https://polymarket-upload.s3.us-east-2.amazonaws.com/profile-image-5867229-2bfff306-e0e1-430c-80c9-9adacda02b76.jpg"", ""profileImageOptimized"": """", ""transactionHash"": ""0x3e37163799d6a3505dfae220efee029b4bc6022819bb705b799f0a5642395259""}"
1771004675,2026-02-14T02:01:42.357355,0x436b985a51444d1a2c4f45fb2c964f17968a8d1e3886e23eabf72ca6ecbc12da:1771004675,572469,18289842382539867639079362738467334752951741961393928566628307174343542320349,SELL,0.035,0.59,0.02065,0x436b985a51444d1a2c4f45fb2c964f17968a8d1e3886e23eabf72ca6ecbc12da,"{""proxyWallet"": ""0x4a72457138f4878d58e80a724c59bdb92efd24af"", ""side"": ""SELL"", ""asset"": ""18289842382539867639079362738467334752951741961393928566628307174343542320349"", ""conditionId"": ""0x61b66d02793b4a68ab0cc25be60d65f517fe18c7d654041281bb130341244fcc"", ""size"": 0.59, ""price"": 0.035, ""timestamp"": 1771004675, ""title"": ""Will Trump nominate Kevin Warsh as the next Fed chair?"", ""slug"": ""will-trump-nominate-kevin-warsh-as-the-next-fed-chair"", ""icon"": ""https://polymarket-upload.s3.us-east-2.amazonaws.com/will-trump-nominate-kevin-warsh-as-the-next-fed-chair-Bc-vVyyVjhsS.jpg"", ""eventSlug"": ""who-will-trump-nominate-as-fed-chair"", ""outcome"": ""No"", ""outcomeIndex"": 1, ""name"": """", ""pseudonym"": """", ""bio"": """", ""profileImage"": """", ""profileImageOptimized"": """", ""transactionHash"": ""0x436b985a51444d1a2c4f45fb2c964f17968a8d1e3886e23eabf72ca6ecbc12da""}"
1771004607,2026-02-14T02:01:42.357371,0x2dd65c52366c2160b220bcfaaf1fd828a6d4df95898adafb401ab7734cadc80c:1771004607,572469,18289842382539867639079362738467334752951741961393928566628307174343542320349,SELL,0.035,0.01,0.00035000000000000005,0x2dd65c52366c2160b220bcfaaf1fd828a6d4df95898adafb401ab7734cadc80c,"{""proxyWallet"": ""0x201d64d5fbe721bda742eba45cfbeb34889e2e13"", ""side"": ""SELL"", ""asset"": ""18289842382539867639079362738467334752951741961393928566628307174343542320349"", ""conditionId"": ""0x61b66d02793b4a68ab0cc25be60d65f517fe18c7d654041281bb130341244fcc"", ""size"": 0.01, ""price"": 0.035, ""timestamp"": 1771004607, ""title"": ""Will Trump nominate Kevin Warsh as the next Fed chair?"", ""slug"": ""will-trump-nominate-kevin-warsh-as-the-next-fed-chair"", ""icon"": ""https://polymarket-upload.s3.us-east-2.amazonaws.com/will-trump-nominate-kevin-warsh-as-the-next-fed-chair-Bc-vVyyVjhsS.jpg"", ""eventSlug"": ""who-will-trump-nominate-as-fed-chair"", ""outcome"": ""No"", ""outcomeIndex"": 1, ""name"": """", ""pseudonym"": """", ""bio"": """", ""profileImage"": """", ""profileImageOptimized"": """", ""transactionHash"": ""0x2dd65c52366c2160b220bcfaaf1fd828a6d4df95898adafb401ab7734cadc80c""}"
1771004607,2026-02-14T02:01:42.357387,0x0fd5ac0558e2d94d45db28743af2cfbfed87f691d54f58773ff72edfbb79ecb6:1771004607,572469,18289842382539867639079362738467334752951741961393928566628307174343542320349,SELL,0.035,1.19,0.04165,0x0fd5ac0558e2d94d45db28743af2cfbfed87f691d54f58773ff72edfbb79ecb6,"{""proxyWallet"": ""0x076b73a8d48c4da6136fc64e1b7dfe2136b4354c"", ""side"": ""SELL"", ""asset"": ""18289842382539867639079362738467334752951741961393928566628307174343542320349"", ""conditionId"": ""0x61b66d02793b4a68ab0cc25be60d65f517fe18c7d654041281bb130341244fcc"", ""size"": 1.19, ""price"": 0.035, ""timestamp"": 1771004607, ""title"": ""Will Trump nominate Kevin Warsh as the next Fed chair?"", ""slug"": ""will-trump-nominate-kevin-warsh-as-the-next-fed-chair"", ""icon"": ""https://polymarket-upload.s3.us-east-2.amazonaws.com/will-trump-nominate-kevin-warsh-as-the-next-fed-chair-Bc-vVyyVjhsS.jpg"", ""eventSlug"": ""who-will-trump-nominate-as-fed-chair"", ""outcome"": ""No"", ""outcomeIndex"": 1, ""name"": ""funkc"", ""pseudonym"": ""Easy-Going-Puggle"", ""bio"": """", ""profileImage"": ""https://polymarket-upload.s3.us-east-2.amazonaws.com/profile-image-5867229-2bfff306-e0e1-430c-80c9-9adacda02b76.jpg"", ""profileImageOptimized"": """", ""transactionHash"": ""0x0fd5ac0558e2d94d45db28743af2cfbfed87f691d54f58773ff72edfbb79ecb6""}"
1771004607,2026-02-14T02:01:42.357402,0x51a6c5bc57bd197733528cf445209244ecfbfade4de068dd4fddf881b3198499:1771004607,572469,18289842382539867639079362738467334752951741961393928566628307174343542320349,SELL,0.035,0.15,0.00525,0x51a6c5bc57bd197733528cf445209244ecfbfade4de068dd4fddf881b3198499,"{""proxyWallet"": ""0x4a72457138f4878d58e80a724c59bdb92efd24af"", ""side"": ""SELL"", ""asset"": ""18289842382539867639079362738467334752951741961393928566628307174343542320349"", ""conditionId"": ""0x61b66d02793b4a68ab0cc25be60d65f517fe18c7d654041281bb130341244fcc"", ""size"": 0.15, ""price"": 0.035, ""timestamp"": 1771004607, ""title"": ""Will Trump nominate Kevin Warsh as the next Fed chair?"", ""slug"": ""will-trump-nominate-kevin-warsh-as-the-next-fed-chair"", ""icon"": ""https://polymarket-upload.s3.us-east-2.amazonaws.com/will-trump-nominate-kevin-warsh-as-the-next-fed-chair-Bc-vVyyVjhsS.jpg"", ""eventSlug"": ""who-will-trump-nominate-as-fed-chair"", ""outcome"": ""No"", ""outcomeIndex"": 1, ""name"": """", ""pseudonym"": """", ""bio"": """", ""profileImage"": """", ""profileImageOptimized"": """", ""transactionHash"": ""0x51a6c5bc57bd197733528cf445209244ecfbfade4de068dd4fddf881b3198499""}"
1771004607,2026-02-14T02:01:42.357418,0x702062e329a7f787bda6f55348298a539da2fe451b244d21fbea7d55ffd687e3:1771004607,572469,18289842382539867639079362738467334752951741961393928566628307174343542320349,SELL,0.035,0.08,0.0028000000000000004,0x702062e329a7f787bda6f55348298a539da2fe451b244d21fbea7d55ffd687e3,"{""proxyWallet"": ""0x956f12f5b4ee207752e97a76c21633802a5120ac"", ""side"": ""SELL"", ""asset"": ""18289842382539867639079362738467334752951741961393928566628307174343542320349"", ""conditionId"": ""0x61b66d02793b4a68ab0cc25be60d65f517fe18c7d654041281bb130341244fcc"", ""size"": 0.08, ""price"": 0.035, ""timestamp"": 1771004607, ""title"": ""Will Trump nominate Kevin Warsh as the next Fed chair?"", ""slug"": ""will-trump-nominate-kevin-warsh-as-the-next-fed-chair"", ""icon"": ""https://polymarket-upload.s3.us-east-2.amazonaws.com/will-trump-nominate-kevin-warsh-as-the-next-fed-chair-Bc-vVyyVjhsS.jpg"", ""eventSlug"": ""who-will-trump-nominate-as-fed-chair"", ""outcome"": ""No"", ""outcomeIndex"": 1, ""name"": """", ""pseudonym"": """", ""bio"": """", ""profileImage"": """", ""profileImageOptimized"": """", ""transactionHash"": ""0x702062e329a7f787bda6f55348298a539da2fe451b244d21fbea7d55ffd687e3""}"
1771004575,2026-02-14T02:01:42.357434,0x04d79014a940067895c8d5e040064c57f3c0840a945fd12206c5119bfe214612:1771004575,572469,18289842382539867639079362738467334752951741961393928566628307174343542320349,SELL,0.035,0.07,0.0024500000000000004,0x04d79014a940067895c8d5e040064c57f3c0840a945fd12206c5119bfe214612,"{""proxyWallet"": ""0x956f12f5b4ee207752e97a76c21633802a5120ac"", ""side"": ""SELL"", ""asset"": ""18289842382539867639079362738467334752951741961393928566628307174343542320349"", ""conditionId"": ""0x61b66d02793b4a68ab0cc25be60d65f517fe18c7d654041281bb130341244fcc"", ""size"": 0.07, ""price"": 0.035, ""timestamp"": 1771004575, ""title"": ""Will Trump nominate Kevin Warsh as the next Fed chair?"", ""slug"": ""will-trump-nominate-kevin-warsh-as-the-next-fed-chair"", ""icon"": ""https://polymarket-upload.s3.us-east-2.amazonaws.com/will-trump-nominate-kevin-warsh-as-the-next-fed-chair-Bc-vVyyVjhsS.jpg"", ""eventSlug"": ""who-will-trump-nominate-as-fed-chair"", ""outcome"": ""No"", ""outcomeIndex"": 1, ""name"": """", ""pseudonym"": """", ""bio"": """", ""profileImage"": """", ""profileImageOptimized"": """", ""transactionHash"": ""0x04d79014a940067895c8d5e040064c57f3c0840a945fd12206c5119bfe214612""}"
1771004575,2026-02-14T02:01:42.357449,0xba1f4dd98c4a423c731e08db8757271cca3b7bf943cf74f7b0eaca8c81a5b4f7:1771004575,572469,18289842382539867639079362738467334752951741961393928566628307174343542320349,SELL,0.035,1.11,0.03885000000000001,0xba1f4dd98c4a423c731e08db8757271cca3b7bf943cf74f7b0eaca8c81a5b4f7,"{""proxyWallet"": ""0x076b73a8d48c4da6136fc64e1b7dfe2136b4354c"", ""side"": ""SELL"", ""asset"": ""18289842382539867639079362738467334752951741961393928566628307174343542320349"", ""conditionId"": ""0x61b66d02793b4a68ab0cc25be60d65f517fe18c7d654041281bb130341244fcc"", ""size"": 1.11, ""price"": 0.035, ""timestamp"": 1771004575, ""title"": ""Will Trump nominate Kevin Warsh as the next Fed chair?"", ""slug"": ""will-trump-nominate-kevin-warsh-as-the-next-fed-chair"", ""icon"": ""https://polymarket-upload.s3.us-east-2.amazonaws.com/will-trump-nominate-kevin-warsh-as-the-next-fed-chair-Bc-vVyyVjhsS.jpg"", ""eventSlug"": ""who-will-trump-nominate-as-fed-chair"", ""outcome"": ""No"", ""outcomeIndex"": 1, ""name"": ""funkc"", ""pseudonym"": ""Easy-Going-Puggle"", ""bio"": """", ""profileImage"": ""https://polymarket-upload.s3.us-east-2.amazonaws.com/profile-image-5867229-2bfff306-e0e1-430c-80c9-9adacda02b76.jpg"", ""profileImageOptimized"": """", ""transactionHash"": ""0xba1f4dd98c4a423c731e08db8757271cca3b7bf943cf74f7b0eaca8c81a5b4f7""}"
1771004575,2026-02-14T02:01:42.357463,0xdd2ef71a218702c4bd400aecab6d144e0ee3db72286ddade52e0ce17c816b6bd:1771004575,572469,18289842382539867639079362738467334752951741961393928566628307174343542320349,SELL,0.035,0.14,0.004900000000000001,0xdd2ef71a218702c4bd400aecab6d144e0ee3db72286ddade52e0ce17c816b6bd,"{""proxyWallet"": ""0x4a72457138f4878d58e80a724c59bdb92efd24af"", ""side"": ""SELL"", ""asset"": ""18289842382539867639079362738467334752951741961393928566628307174343542320349"", ""conditionId"": ""0x61b66d02793b4a68ab0cc25be60d65f517fe18c7d654041281bb130341244fcc"", ""size"": 0.14, ""price"": 0.035, ""timestamp"": 1771004575, ""title"": ""Will Trump nominate Kevin Warsh as the next Fed chair?"", ""slug"": ""will-trump-nominate-kevin-warsh-as-the-next-fed-chair"", ""icon"": ""https://polymarket-upload.s3.us-east-2.amazonaws.com/will-trump-nominate-kevin-warsh-as-the-next-fed-chair-Bc-vVyyVjhsS.jpg"", ""eventSlug"": ""who-will-trump-nominate-as-fed-chair"", ""outcome"": ""No"", ""outcomeIndex"": 1, ""name"": """", ""pseudonym"": """", ""bio"": """", ""profileImage"": """", ""profileImageOptimized"": """", ""transactionHash"": ""0xdd2ef71a218702c4bd400aecab6d144e0ee3db72286ddade52e0ce17c816b6bd""}"
1771004547,2026-02-14T02:01:42.357479,0xc23a88cd50e6c8f769a43c537a30c1e2925361467a1335a7cdf0dcad3a9dba75:1771004547,572469,18289842382539867639079362738467334752951741961393928566628307174343542320349,SELL,0.035,0.13,0.00455,0xc23a88cd50e6c8f769a43c537a30c1e2925361467a1335a7cdf0dcad3a9dba75,"{""proxyWallet"": ""0x4a72457138f4878d58e80a724c59bdb92efd24af"", ""side"": ""SELL"", ""asset"": ""18289842382539867639079362738467334752951741961393928566628307174343542320349"", ""conditionId"": ""0x61b66d02793b4a68ab0cc25be60d65f517fe18c7d654041281bb130341244fcc"", ""size"": 0.13, ""price"": 0.035, ""timestamp"": 1771004547, ""title"": ""Will Trump nominate Kevin Warsh as the next Fed chair?"", ""slug"": ""will-trump-nominate-kevin-warsh-as-the-next-fed-chair"", ""icon"": ""https://polymarket-upload.s3.us-east-2.amazonaws.com/will-trump-nominate-kevin-warsh-as-the-next-fed-chair-Bc-vVyyVjhsS.jpg"", ""eventSlug"": ""who-will-trump-nominate-as-fed-chair"", ""outcome"": ""No"", ""outcomeIndex"": 1, ""name"": """", ""pseudonym"": """", ""bio"": """", ""profileImage"": """", ""profileImageOptimized"": """", ""transactionHash"": ""0xc23a88cd50e6c8f769a43c537a30c1e2925361467a1335a7cdf0dcad3a9dba75""}"
1771004547,2026-02-14T02:01:42.357495,0xb8fb2b1b1c0947a12a49666ab9696b04bc8da4a0d4a3e549b08f884dc1ff38a6:1771004547,572469,18289842382539867639079362738467334752951741961393928566628307174343542320349,SELL,0.035,1.05,0.036750000000000005,0xb8fb2b1b1c0947a12a49666ab9696b04bc8da4a0d4a3e549b08f884dc1ff38a6,"{""proxyWallet"": ""0x076b73a8d48c4da6136fc64e1b7dfe2136b4354c"", ""side"": ""SELL"", ""asset"": ""18289842382539867639079362738467334752951741961393928566628307174343542320349"", ""conditionId"": ""0x61b66d02793b4a68ab0cc25be60d65f517fe18c7d654041281bb130341244fcc"", ""size"": 1.05, ""price"": 0.035, ""timestamp"": 1771004547, ""title"": ""Will Trump nominate Kevin Warsh as the next Fed chair?"", ""slug"": ""will-trump-nominate-kevin-warsh-as-the-next-fed-chair"", ""icon"": ""https://polymarket-upload.s3.us-east-2.amazonaws.com/will-trump-nominate-kevin-warsh-as-the-next-fed-chair-Bc-vVyyVjhsS.jpg"", ""eventSlug"": ""who-will-trump-nominate-as-fed-chair"", ""outcome"": ""No"", ""outcomeIndex"": 1, ""name"": ""funkc"", ""pseudonym"": ""Easy-Going-Puggle"", ""bio"": """", ""profileImage"": ""https://polymarket-upload.s3.us-east-2.amazonaws.com/profile-image-5867229-2bfff306-e0e1-430c-80c9-9adacda02b76.jpg"", ""profileImageOptimized"": """", ""transactionHash"": ""0xb8fb2b1b1c0947a12a49666ab9696b04bc8da4a0d4a3e549b08f884dc1ff38a6""}"
1771004547,2026-02-14T02:01:42.357511,0x0d913e0b2718366400e38fca4ad6cdd5f675f0430af05c040253d6bfa04d48a2:1771004547,572469,18289842382539867639079362738467334752951741961393928566628307174343542320349,SELL,0.035,0.07,0.0024500000000000004,0x0d913e0b2718366400e38fca4ad6cdd5f675f0430af05c040253d6bfa04d48a2,"{""proxyWallet"": ""0x956f12f5b4ee207752e97a76c21633802a5120ac"", ""side"": ""SELL"", ""asset"": ""18289842382539867639079362738467334752951741961393928566628307174343542320349"", ""conditionId"": ""0x61b66d02793b4a68ab0cc25be60d65f517fe18c7d654041281bb130341244fcc"", ""size"": 0.07, ""price"": 0.035, ""timestamp"": 1771004547, ""title"": ""Will Trump nominate Kevin Warsh as the next Fed chair?"", ""slug"": ""will-trump-nominate-kevin-warsh-as-the-next-fed-chair"", ""icon"": ""https://polymarket-upload.s3.us-east-2.amazonaws.com/will-trump-nominate-kevin-warsh-as-the-next-fed-chair-Bc-vVyyVjhsS.jpg"", ""eventSlug"": ""who-will-trump-nominate-as-fed-chair"", ""outcome"": ""No"", ""outcomeIndex"": 1, ""name"": """", ""pseudonym"": """", ""bio"": """", ""profileImage"": """", ""profileImageOptimized"": """", ""transactionHash"": ""0x0d913e0b2718366400e38fca4ad6cdd5f675f0430af05c040253d6bfa04d48a2""}"
1771004517,2026-02-14T02:01:42.357528,0xc7424b3e4f6d7c8b2794570e2c000d9fb6a45f4c53f7f53f79b21b8adf67a971:1771004517,572469,18289842382539867639079362738467334752951741961393928566628307174343542320349,SELL,0.035,392.15,13.72525,0xc7424b3e4f6d7c8b2794570e2c000d9fb6a45f4c53f7f53f79b21b8adf67a971,"{""proxyWallet"": ""0x9fb66c639b95e83d1690dcdf523f721080deac56"", ""side"": ""SELL"", ""asset"": ""18289842382539867639079362738467334752951741961393928566628307174343542320349"", ""conditionId"": ""0x61b66d02793b4a68ab0cc25be60d65f517fe18c7d654041281bb130341244fcc"", ""size"": 392.15, ""price"": 0.035, ""timestamp"": 1771004517, ""title"": ""Will Trump nominate Kevin Warsh as the next Fed chair?"", ""slug"": ""will-trump-nominate-kevin-warsh-as-the-next-fed-chair"", ""icon"": ""https://polymarket-upload.s3.us-east-2.amazonaws.com/will-trump-nominate-kevin-warsh-as-the-next-fed-chair-Bc-vVyyVjhsS.jpg"", ""eventSlug"": ""who-will-trump-nominate-as-fed-chair"", ""outcome"": ""No"", ""outcomeIndex"": 1, ""name"": ""strand0m"", ""pseudonym"": ""Simple-Netbook"", ""bio"": """", ""profileImage"": """", ""profileImageOptimized"": """", ""transactionHash"": ""0xc7424b3e4f6d7c8b2794570e2c000d9fb6a45f4c53f7f53f79b21b8adf67a971""}"
1771004515,2026-02-14T02:01:42.357543,0xbdcbefbe78365e72814bc98a0f418d3091e0833f768e74e0c587f68976bae3c7:1771004515,572469,18289842382539867639079362738467334752951741961393928566628307174343542320349,SELL,0.035,2.93,0.10255000000000002,0xbdcbefbe78365e72814bc98a0f418d3091e0833f768e74e0c587f68976bae3c7,"{""proxyWallet"": ""0x4a72457138f4878d58e80a724c59bdb92efd24af"", ""side"": ""SELL"", ""asset"": ""18289842382539867639079362738467334752951741961393928566628307174343542320349"", ""conditionId"": ""0x61b66d02793b4a68ab0cc25be60d65f517fe18c7d654041281bb130341244fcc"", ""size"": 2.93, ""price"": 0.035, ""timestamp"": 1771004515, ""title"": ""Will Trump nominate Kevin Warsh as the next Fed chair?"", ""slug"": ""will-trump-nominate-kevin-warsh-as-the-next-fed-chair"", ""icon"": ""https://polymarket-upload.s3.us-east-2.amazonaws.com/will-trump-nominate-kevin-warsh-as-the-next-fed-chair-Bc-vVyyVjhsS.jpg"", ""eventSlug"": ""who-will-trump-nominate-as-fed-chair"", ""outcome"": ""No"", ""outcomeIndex"": 1, ""name"": """", ""pseudonym"": """", ""bio"": """", ""profileImage"": """", ""profileImageOptimized"": """", ""transactionHash"": ""0xbdcbefbe78365e72814bc98a0f418d3091e0833f768e74e0c587f68976bae3c7""}"
1771004515,2026-02-14T02:01:42.357557,0x14e9dd76807dbd504cdb0161101b820d6588de968e63505aba9173be92dc4d2b:1771004515,572469,18289842382539867639079362738467334752951741961393928566628307174343542320349,SELL,0.035,0.18,0.0063,0x14e9dd76807dbd504cdb0161101b820d6588de968e63505aba9173be92dc4d2b,"{""proxyWallet"": ""0x201d64d5fbe721bda742eba45cfbeb34889e2e13"", ""side"": ""SELL"", ""asset"": ""18289842382539867639079362738467334752951741961393928566628307174343542320349"", ""conditionId"": ""0x61b66d02793b4a68ab0cc25be60d65f517fe18c7d654041281bb130341244fcc"", ""size"": 0.18, ""price"": 0.035, ""timestamp"": 1771004515, ""title"": ""Will Trump nominate Kevin Warsh as the next Fed chair?"", ""slug"": ""will-trump-nominate-kevin-warsh-as-the-next-fed-chair"", ""icon"": ""https://polymarket-upload.s3.us-east-2.amazonaws.com/will-trump-nominate-kevin-warsh-as-the-next-fed-chair-Bc-vVyyVjhsS.jpg"", ""eventSlug"": ""who-will-trump-nominate-as-fed-chair"", ""outcome"": ""No"", ""outcomeIndex"": 1, ""name"": """", ""pseudonym"": """", ""bio"": """", ""profileImage"": """", ""profileImageOptimized"": """", ""transactionHash"": ""0x14e9dd76807dbd504cdb0161101b820d6588de968e63505aba9173be92dc4d2b""}"
1771004513,2026-02-14T02:01:42.357577,0xc71e6a98ad84ca196ad226df07ee4507e212537a5a9d29d3162a07ad9552af4a:1771004513,572469,18289842382539867639079362738467334752951741961393928566628307174343542320349,SELL,0.035,22.18,0.7763000000000001,0xc71e6a98ad84ca196ad226df07ee4507e212537a5a9d29d3162a07ad9552af4a,"{""proxyWallet"": ""0x076b73a8d48c4da6136fc64e1b7dfe2136b4354c"", ""side"": ""SELL"", ""asset"": ""18289842382539867639079362738467334752951741961393928566628307174343542320349"", ""conditionId"": ""0x61b66d02793b4a68ab0cc25be60d65f517fe18c7d654041281bb130341244fcc"", ""size"": 22.18, ""price"": 0.035, ""timestamp"": 1771004513, ""title"": ""Will Trump nominate Kevin Warsh as the next Fed chair?"", ""slug"": ""will-trump-nominate-kevin-warsh-as-the-next-fed-chair"", ""icon"": ""https://polymarket-upload.s3.us-east-2.amazonaws.com/will-trump-nominate-kevin-warsh-as-the-next-fed-chair-Bc-vVyyVjhsS.jpg"", ""eventSlug"": ""who-will-trump-nominate-as-fed-chair"", ""outcome"": ""No"", ""outcomeIndex"": 1, ""name"": ""funkc"", ""pseudonym"": ""Easy-Going-Puggle"", ""bio"": """", ""profileImage"": ""https://polymarket-upload.s3.us-east-2.amazonaws.com/profile-image-5867229-2bfff306-e0e1-430c-80c9-9adacda02b76.jpg"", ""profileImageOptimized"": """", ""transactionHash"": ""0xc71e6a98ad84ca196ad226df07ee4507e212537a5a9d29d3162a07ad9552af4a""}"
1771004513,2026-02-14T02:01:42.357590,0x12c8fc6e61faddec4b20fcfa518177ffe60cc815a3f21076e48e8ffd7d2578b6:1771004513,572469,18289842382539867639079362738467334752951741961393928566628307174343542320349,SELL,0.035,1.48,0.051800000000000006,0x12c8fc6e61faddec4b20fcfa518177ffe60cc815a3f21076e48e8ffd7d2578b6,"{""proxyWallet"": ""0x956f12f5b4ee207752e97a76c21633802a5120ac"", ""side"": ""SELL"", ""asset"": ""18289842382539867639079362738467334752951741961393928566628307174343542320349"", ""conditionId"": ""0x61b66d02793b4a68ab0cc25be60d65f517fe18c7d654041281bb130341244fcc"", ""size"": 1.48, ""price"": 0.035, ""timestamp"": 1771004513, ""title"": ""Will Trump nominate Kevin Warsh as the next Fed chair?"", ""slug"": ""will-trump-nominate-kevin-warsh-as-the-next-fed-chair"", ""icon"": ""https://polymarket-upload.s3.us-east-2.amazonaws.com/will-trump-nominate-kevin-warsh-as-the-next-fed-chair-Bc-vVyyVjhsS.jpg"", ""eventSlug"": ""who-will-trump-nominate-as-fed-chair"", ""outcome"": ""No"", ""outcomeIndex"": 1, ""name"": """", ""pseudonym"": """", ""bio"": """", ""profileImage"": """", ""profileImageOptimized"": """", ""transactionHash"": ""0x12c8fc6e61faddec4b20fcfa518177ffe60cc815a3f21076e48e8ffd7d2578b6""}"
1771004477,2026-02-14T02:01:42.357604,0x77732d2880394133a4efdcbf53f6ab3e877fb388cfd35e737a7c559d019c60d6:1771004477,572469,18289842382539867639079362738467334752951741961393928566628307174343542320349,SELL,0.035,1.42,0.0497,0x77732d2880394133a4efdcbf53f6ab3e877fb388cfd35e737a7c559d019c60d6,"{""proxyWallet"": ""0x076b73a8d48c4da6136fc64e1b7dfe2136b4354c"", ""side"": ""SELL"", ""asset"": ""18289842382539867639079362738467334752951741961393928566628307174343542320349"", ""conditionId"": ""0x61b66d02793b4a68ab0cc25be60d65f517fe18c7d654041281bb130341244fcc"", ""size"": 1.42, ""price"": 0.035, ""timestamp"": 1771004477, ""title"": ""Will Trump nominate Kevin Warsh as the next Fed chair?"", ""slug"": ""will-trump-nominate-kevin-warsh-as-the-next-fed-chair"", ""icon"": ""https://polymarket-upload.s3.us-east-2.amazonaws.com/will-trump-nominate-kevin-warsh-as-the-next-fed-chair-Bc-vVyyVjhsS.jpg"", ""eventSlug"": ""who-will-trump-nominate-as-fed-chair"", ""outcome"": ""No"", ""outcomeIndex"": 1, ""name"": ""funkc"", ""pseudonym"": ""Easy-Going-Puggle"", ""bio"": """", ""profileImage"": ""https://polymarket-upload.s3.us-east-2.amazonaws.com/profile-image-5867229-2bfff306-e0e1-430c-80c9-9adacda02b76.jpg"", ""profileImageOptimized"": """", ""transactionHash"": ""0x77732d2880394133a4efdcbf53f6ab3e877fb388cfd35e737a7c559d019c60d6""}"
1771004477,2026-02-14T02:01:42.357630,0xe79728e8562548e557d5ee11ac4e36c7f139678ad5894aab520afec1a305b59c:1771004477,572469,18289842382539867639079362738467334752951741961393928566628307174343542320349,SELL,0.035,0.09,0.00315,0xe79728e8562548e557d5ee11ac4e36c7f139678ad5894aab520afec1a305b59c,"{""proxyWallet"": ""0x956f12f5b4ee207752e97a76c21633802a5120ac"", ""side"": ""SELL"", ""asset"": ""18289842382539867639079362738467334752951741961393928566628307174343542320349"", ""conditionId"": ""0x61b66d02793b4a68ab0cc25be60d65f517fe18c7d654041281bb130341244fcc"", ""size"": 0.09, ""price"": 0.035, ""timestamp"": 1771004477, ""title"": ""Will Trump nominate Kevin Warsh as the next Fed chair?"", ""slug"": ""will-trump-nominate-kevin-warsh-as-the-next-fed-chair"", ""icon"": ""https://polymarket-upload.s3.us-east-2.amazonaws.com/will-trump-nominate-kevin-warsh-as-the-next-fed-chair-Bc-vVyyVjhsS.jpg"", ""eventSlug"": ""who-will-trump-nominate-as-fed-chair"", ""outcome"": ""No"", ""outcomeIndex"": 1, ""name"": """", ""pseudonym"": """", ""bio"": """", ""profileImage"": """", ""profileImageOptimized"": """", ""transactionHash"": ""0xe79728e8562548e557d5ee11ac4e36c7f139678ad5894aab520afec1a305b59c""}"
1771004477,2026-02-14T02:01:42.357646,0x43f59320e44d840e61d48b3a24ed00eae2c49f9ff819c1080260b98189884e7a:1771004477,572469,18289842382539867639079362738467334752951741961393928566628307174343542320349,SELL,0.035,0.05,0.0017500000000000003,0x43f59320e44d840e61d48b3a24ed00eae2c49f9ff819c1080260b98189884e7a,"{""proxyWallet"": ""0x076b73a8d48c4da6136fc64e1b7dfe2136b4354c"", ""side"": ""SELL"", ""asset"": ""18289842382539867639079362738467334752951741961393928566628307174343542320349"", ""conditionId"": ""0x61b66d02793b4a68ab0cc25be60d65f517fe18c7d654041281bb130341244fcc"", ""size"": 0.05, ""price"": 0.035, ""timestamp"": 1771004477, ""title"": ""Will Trump nominate Kevin Warsh as the next Fed chair?"", ""slug"": ""will-trump-nominate-kevin-warsh-as-the-next-fed-chair"", ""icon"": ""https://polymarket-upload.s3.us-east-2.amazonaws.com/will-trump-nominate-kevin-warsh-as-the-next-fed-chair-Bc-vVyyVjhsS.jpg"", ""eventSlug"": ""who-will-trump-nominate-as-fed-chair"", ""outcome"": ""No"", ""outcomeIndex"": 1, ""name"": ""funkc"", ""pseudonym"": ""Easy-Going-Puggle"", ""bio"": """", ""profileImage"": ""https://polymarket-upload.s3.us-east-2.amazonaws.com/profile-image-5867229-2bfff306-e0e1-430c-80c9-9adacda02b76.jpg"", ""profileImageOptimized"": """", ""transactionHash"": ""0x43f59320e44d840e61d48b3a24ed00eae2c49f9ff819c1080260b98189884e7a""}"
1771004477,2026-02-14T02:01:42.357662,0x657a2af0822bd641aeb3405ae175905be50cd7773736e9743d4348c10e76388a:1771004477,572469,18289842382539867639079362738467334752951741961393928566628307174343542320349,SELL,0.035,0.01,0.00035000000000000005,0x657a2af0822bd641aeb3405ae175905be50cd7773736e9743d4348c10e76388a,"{""proxyWallet"": ""0x201d64d5fbe721bda742eba45cfbeb34889e2e13"", ""side"": ""SELL"", ""asset"": ""18289842382539867639079362738467334752951741961393928566628307174343542320349"", ""conditionId"": ""0x61b66d02793b4a68ab0cc25be60d65f517fe18c7d654041281bb130341244fcc"", ""size"": 0.01, ""price"": 0.035, ""timestamp"": 1771004477, ""title"": ""Will Trump nominate Kevin Warsh as the next Fed chair?"", ""slug"": ""will-trump-nominate-kevin-warsh-as-the-next-fed-chair"", ""icon"": ""https://polymarket-upload.s3.us-east-2.amazonaws.com/will-trump-nominate-kevin-warsh-as-the-next-fed-chair-Bc-vVyyVjhsS.jpg"", ""eventSlug"": ""who-will-trump-nominate-as-fed-chair"", ""outcome"": ""No"", ""outcomeIndex"": 1, ""name"": """", ""pseudonym"": """", ""bio"": """", ""profileImage"": """", ""profileImageOptimized"": """", ""transactionHash"": ""0x657a2af0822bd641aeb3405ae175905be50cd7773736e9743d4348c10e76388a""}"
1771004477,2026-02-14T02:01:42.357676,0xc1a751411cfa06919332265aa4810fb4366c31c97107b1e458ded29a405f2fe3:1771004477,572469,18289842382539867639079362738467334752951741961393928566628307174343542320349,SELL,0.035,0.18,0.0063,0xc1a751411cfa06919332265aa4810fb4366c31c97107b1e458ded29a405f2fe3,"{""proxyWallet"": ""0x4a72457138f4878d58e80a724c59bdb92efd24af"", ""side"": ""SELL"", ""asset"": ""18289842382539867639079362738467334752951741961393928566628307174343542320349"", ""conditionId"": ""0x61b66d02793b4a68ab0cc25be60d65f517fe18c7d654041281bb130341244fcc"", ""size"": 0.18, ""price"": 0.035, ""timestamp"": 1771004477, ""title"": ""Will Trump nominate Kevin Warsh as the next Fed chair?"", ""slug"": ""will-trump-nominate-kevin-warsh-as-the-next-fed-chair"", ""icon"": ""https://polymarket-upload.s3.us-east-2.amazonaws.com/will-trump-nominate-kevin-warsh-as-the-next-fed-chair-Bc-vVyyVjhsS.jpg"", ""eventSlug"": ""who-will-trump-nominate-as-fed-chair"", ""outcome"": ""No"", ""outcomeIndex"": 1, ""name"": """", ""pseudonym"": """", ""bio"": """", ""profileImage"": """", ""profileImageOptimized"": """", ""transactionHash"": ""0xc1a751411cfa06919332265aa4810fb4366c31c97107b1e458ded29a405f2fe3""}"
1771004385,2026-02-14T02:01:42.357691,0x01e09630c4708a7e83bb16af38b5be16e4478a8d641d114aa1528093c7744dcd:1771004385,572469,18289842382539867639079362738467334752951741961393928566628307174343542320349,SELL,0.035,0.14,0.004900000000000001,0x01e09630c4708a7e83bb16af38b5be16e4478a8d641d114aa1528093c7744dcd,"{""proxyWallet"": ""0x4a72457138f4878d58e80a724c59bdb92efd24af"", ""side"": ""SELL"", ""asset"": ""18289842382539867639079362738467334752951741961393928566628307174343542320349"", ""conditionId"": ""0x61b66d02793b4a68ab0cc25be60d65f517fe18c7d654041281bb130341244fcc"", ""size"": 0.14, ""price"": 0.035, ""timestamp"": 1771004385, ""title"": ""Will Trump nominate Kevin Warsh as the next Fed chair?"", ""slug"": ""will-trump-nominate-kevin-warsh-as-the-next-fed-chair"", ""icon"": ""https://polymarket-upload.s3.us-east-2.amazonaws.com/will-trump-nominate-kevin-warsh-as-the-next-fed-chair-Bc-vVyyVjhsS.jpg"", ""eventSlug"": ""who-will-trump-nominate-as-fed-chair"", ""outcome"": ""No"", ""outcomeIndex"": 1, ""name"": """", ""pseudonym"": """", ""bio"": """", ""profileImage"": """", ""profileImageOptimized"": """", ""transactionHash"": ""0x01e09630c4708a7e83bb16af38b5be16e4478a8d641d114aa1528093c7744dcd""}"
1771004383,2026-02-14T02:01:42.357710,0x0f136595ee8e6f9b31333e125a46277b325135e77b5717c7b7befa425039d56b:1771004383,572469,18289842382539867639079362738467334752951741961393928566628307174343542320349,SELL,0.035,0.07,0.0024500000000000004,0x0f136595ee8e6f9b31333e125a46277b325135e77b5717c7b7befa425039d56b,"{""proxyWallet"": ""0x956f12f5b4ee207752e97a76c21633802a5120ac"", ""side"": ""SELL"", ""asset"": ""18289842382539867639079362738467334752951741961393928566628307174343542320349"", ""conditionId"": ""0x61b66d02793b4a68ab0cc25be60d65f517fe18c7d654041281bb130341244fcc"", ""size"": 0.07, ""price"": 0.035, ""timestamp"": 1771004383, ""title"": ""Will Trump nominate Kevin Warsh as the next Fed chair?"", ""slug"": ""will-trump-nominate-kevin-warsh-as-the-next-fed-chair"", ""icon"": ""https://polymarket-upload.s3.us-east-2.amazonaws.com/will-trump-nominate-kevin-warsh-as-the-next-fed-chair-Bc-vVyyVjhsS.jpg"", ""eventSlug"": ""who-will-trump-nominate-as-fed-chair"", ""outcome"": ""No"", ""outcomeIndex"": 1, ""name"": """", ""pseudonym"": """", ""bio"": """", ""profileImage"": """", ""profileImageOptimized"": """", ""transactionHash"": ""0x0f136595ee8e6f9b31333e125a46277b325135e77b5717c7b7befa425039d56b""}"
1771004383,2026-02-14T02:01:42.357726,0x33462810f833b6f5f6dacea1eb6ac3127f4dda8e5f0ad8bf52cf8e4687b9d421:1771004383,572469,18289842382539867639079362738467334752951741961393928566628307174343542320349,SELL,0.035,1.1,0.038500000000000006,0x33462810f833b6f5f6dacea1eb6ac3127f4dda8e5f0ad8bf52cf8e4687b9d421,"{""proxyWallet"": ""0x076b73a8d48c4da6136fc64e1b7dfe2136b4354c"", ""side"": ""SELL"", ""asset"": ""18289842382539867639079362738467334752951741961393928566628307174343542320349"", ""conditionId"": ""0x61b66d02793b4a68ab0cc25be60d65f517fe18c7d654041281bb130341244fcc"", ""size"": 1.1, ""price"": 0.035, ""timestamp"": 1771004383, ""title"": ""Will Trump nominate Kevin Warsh as the next Fed chair?"", ""slug"": ""will-trump-nominate-kevin-warsh-as-the-next-fed-chair"", ""icon"": ""https://polymarket-upload.s3.us-east-2.amazonaws.com/will-trump-nominate-kevin-warsh-as-the-next-fed-chair-Bc-vVyyVjhsS.jpg"", ""eventSlug"": ""who-will-trump-nominate-as-fed-chair"", ""outcome"": ""No"", ""outcomeIndex"": 1, ""name"": ""funkc"", ""pseudonym"": ""Easy-Going-Puggle"", ""bio"": """", ""profileImage"": ""https://polymarket-upload.s3.us-east-2.amazonaws.com/profile-image-5867229-2bfff306-e0e1-430c-80c9-9adacda02b76.jpg"", ""profileImageOptimized"": """", ""transactionHash"": ""0x33462810f833b6f5f6dacea1eb6ac3127f4dda8e5f0ad8bf52cf8e4687b9d421""}"
1771004373,2026-02-14T02:01:42.357741,0x921962ee01c588306efb74ad6275c8490151aa6c48beed0380c5fdc0ea03449a:1771004373,572469,18289842382539867639079362738467334752951741961393928566628307174343542320349,SELL,0.035,0.01,0.00035000000000000005,0x921962ee01c588306efb74ad6275c8490151aa6c48beed0380c5fdc0ea03449a,"{""proxyWallet"": ""0x201d64d5fbe721bda742eba45cfbeb34889e2e13"", ""side"": ""SELL"", ""asset"": ""18289842382539867639079362738467334752951741961393928566628307174343542320349"", ""conditionId"": ""0x61b66d02793b4a68ab0cc25be60d65f517fe18c7d654041281bb130341244fcc"", ""size"": 0.01, ""price"": 0.035, ""timestamp"": 1771004373, ""title"": ""Will Trump nominate Kevin Warsh as the next Fed chair?"", ""slug"": ""will-trump-nominate-kevin-warsh-as-the-next-fed-chair"", ""icon"": ""https://polymarket-upload.s3.us-east-2.amazonaws.com/will-trump-nominate-kevin-warsh-as-the-next-fed-chair-Bc-vVyyVjhsS.jpg"", ""eventSlug"": ""who-will-trump-nominate-as-fed-chair"", ""outcome"": ""No"", ""outcomeIndex"": 1, ""name"": """", ""pseudonym"": """", ""bio"": """", ""profileImage"": """", ""profileImageOptimized"": """", ""transactionHash"": ""0x921962ee01c588306efb74ad6275c8490151aa6c48beed0380c5fdc0ea03449a""}"
1771004373,2026-02-14T02:01:42.358714,0x2cf8ba1c9deab86d6be5e1ac1da2ca55b176e303f8067e9b3872bd300780116d:1771004373,572469,18289842382539867639079362738467334752951741961393928566628307174343542320349,SELL,0.035,0.08,0.0028000000000000004,0x2cf8ba1c9deab86d6be5e1ac1da2ca55b176e303f8067e9b3872bd300780116d,"{""proxyWallet"": ""0x956f12f5b4ee207752e97a76c21633802a5120ac"", ""side"": ""SELL"", ""asset"": ""18289842382539867639079362738467334752951741961393928566628307174343542320349"", ""conditionId"": ""0x61b66d02793b4a68ab0cc25be60d65f517fe18c7d654041281bb130341244fcc"", ""size"": 0.08, ""price"": 0.035, ""timestamp"": 1771004373, ""title"": ""Will Trump nominate Kevin Warsh as the next Fed chair?"", ""slug"": ""will-trump-nominate-kevin-warsh-as-the-next-fed-chair"", ""icon"": ""https://polymarket-upload.s3.us-east-2.amazonaws.com/will-trump-nominate-kevin-warsh-as-the-next-fed-chair-Bc-vVyyVjhsS.jpg"", ""eventSlug"": ""who-will-trump-nominate-as-fed-chair"", ""outcome"": ""No"", ""outcomeIndex"": 1, ""name"": """", ""pseudonym"": """", ""bio"": """", ""profileImage"": """", ""profileImageOptimized"": """", ""transactionHash"": ""0x2cf8ba1c9deab86d6be5e1ac1da2ca55b176e303f8067e9b3872bd300780116d""}"
1771004373,2026-02-14T02:01:42.358741,0x451ebcf434149d482470a5434e09d6564bb9887846dacb3f6064925a978c20e7:1771004373,572469,18289842382539867639079362738467334752951741961393928566628307174343542320349,SELL,0.035,1.32,0.046200000000000005,0x451ebcf434149d482470a5434e09d6564bb9887846dacb3f6064925a978c20e7,"{""proxyWallet"": ""0x076b73a8d48c4da6136fc64e1b7dfe2136b4354c"", ""side"": ""SELL"", ""asset"": ""18289842382539867639079362738467334752951741961393928566628307174343542320349"", ""conditionId"": ""0x61b66d02793b4a68ab0cc25be60d65f517fe18c7d654041281bb130341244fcc"", ""size"": 1.32, ""price"": 0.035, ""timestamp"": 1771004373, ""title"": ""Will Trump nominate Kevin Warsh as the next Fed chair?"", ""slug"": ""will-trump-nominate-kevin-warsh-as-the-next-fed-chair"", ""icon"": ""https://polymarket-upload.s3.us-east-2.amazonaws.com/will-trump-nominate-kevin-warsh-as-the-next-fed-chair-Bc-vVyyVjhsS.jpg"", ""eventSlug"": ""who-will-trump-nominate-as-fed-chair"", ""outcome"": ""No"", ""outcomeIndex"": 1, ""name"": ""funkc"", ""pseudonym"": ""Easy-Going-Puggle"", ""bio"": """", ""profileImage"": ""https://polymarket-upload.s3.us-east-2.amazonaws.com/profile-image-5867229-2bfff306-e0e1-430c-80c9-9adacda02b76.jpg"", ""profileImageOptimized"": """", ""transactionHash"": ""0x451ebcf434149d482470a5434e09d6564bb9887846dacb3f6064925a978c20e7""}"
1771004373,2026-02-14T02:01:42.358762,0xc9d71fbc8e379e4b11b31b0b40725f4757f8fb5c6b6fb327c2e2de461d7db151:1771004373,572469,18289842382539867639079362738467334752951741961393928566628307174343542320349,SELL,0.035,0.17,0.005950000000000001,0xc9d71fbc8e379e4b11b31b0b40725f4757f8fb5c6b6fb327c2e2de461d7db151,"{""proxyWallet"": ""0x4a72457138f4878d58e80a724c59bdb92efd24af"", ""side"": ""SELL"", ""asset"": ""18289842382539867639079362738467334752951741961393928566628307174343542320349"", ""conditionId"": ""0x61b66d02793b4a68ab0cc25be60d65f517fe18c7d654041281bb130341244fcc"", ""size"": 0.17, ""price"": 0.035, ""timestamp"": 1771004373, ""title"": ""Will Trump nominate Kevin Warsh as the next Fed chair?"", ""slug"": ""will-trump-nominate-kevin-warsh-as-the-next-fed-chair"", ""icon"": ""https://polymarket-upload.s3.us-east-2.amazonaws.com/will-trump-nominate-kevin-warsh-as-the-next-fed-chair-Bc-vVyyVjhsS.jpg"", ""eventSlug"": ""who-will-trump-nominate-as-fed-chair"", ""outcome"": ""No"", ""outcomeIndex"": 1, ""name"": """", ""pseudonym"": """", ""bio"": """", ""profileImage"": """", ""profileImageOptimized"": """", ""transactionHash"": ""0xc9d71fbc8e379e4b11b31b0b40725f4757f8fb5c6b6fb327c2e2de461d7db151""}"
1771004279,2026-02-14T02:01:42.358785,0x396a51cdf83c32dc5b49e5ef6c8b6ae784ebcb8e420a82ed66f6ac70a8a77ffb:1771004279,572469,18289842382539867639079362738467334752951741961393928566628307174343542320349,SELL,0.035,4.01,0.14035,0x396a51cdf83c32dc5b49e5ef6c8b6ae784ebcb8e420a82ed66f6ac70a8a77ffb,"{""proxyWallet"": ""0x4a72457138f4878d58e80a724c59bdb92efd24af"", ""side"": ""SELL"", ""asset"": ""18289842382539867639079362738467334752951741961393928566628307174343542320349"", ""conditionId"": ""0x61b66d02793b4a68ab0cc25be60d65f517fe18c7d654041281bb130341244fcc"", ""size"": 4.01, ""price"": 0.035, ""timestamp"": 1771004279, ""title"": ""Will Trump nominate Kevin Warsh as the next Fed chair?"", ""slug"": ""will-trump-nominate-kevin-warsh-as-the-next-fed-chair"", ""icon"": ""https://polymarket-upload.s3.us-east-2.amazonaws.com/will-trump-nominate-kevin-warsh-as-the-next-fed-chair-Bc-vVyyVjhsS.jpg"", ""eventSlug"": ""who-will-trump-nominate-as-fed-chair"", ""outcome"": ""No"", ""outcomeIndex"": 1, ""name"": """", ""pseudonym"": """", ""bio"": """", ""profileImage"": """", ""profileImageOptimized"": """", ""transactionHash"": ""0x396a51cdf83c32dc5b49e5ef6c8b6ae784ebcb8e420a82ed66f6ac70a8a77ffb""}"
1771004279,2026-02-14T02:01:42.358807,0xbd24c705d570295736b1d135ad1486c93484c1ef7809f43a0eee7fe7fb8c6fab:1771004279,572469,18289842382539867639079362738467334752951741961393928566628307174343542320349,SELL,0.035,30.41,1.0643500000000001,0xbd24c705d570295736b1d135ad1486c93484c1ef7809f43a0eee7fe7fb8c6fab,"{""proxyWallet"": ""0x076b73a8d48c4da6136fc64e1b7dfe2136b4354c"", ""side"": ""SELL"", ""asset"": ""18289842382539867639079362738467334752951741961393928566628307174343542320349"", ""conditionId"": ""0x61b66d02793b4a68ab0cc25be60d65f517fe18c7d654041281bb130341244fcc"", ""size"": 30.41, ""price"": 0.035, ""timestamp"": 1771004279, ""title"": ""Will Trump nominate Kevin Warsh as the next Fed chair?"", ""slug"": ""will-trump-nominate-kevin-warsh-as-the-next-fed-chair"", ""icon"": ""https://polymarket-upload.s3.us-east-2.amazonaws.com/will-trump-nominate-kevin-warsh-as-the-next-fed-chair-Bc-vVyyVjhsS.jpg"", ""eventSlug"": ""who-will-trump-nominate-as-fed-chair"", ""outcome"": ""No"", ""outcomeIndex"": 1, ""name"": ""funkc"", ""pseudonym"": ""Easy-Going-Puggle"", ""bio"": """", ""profileImage"": ""https://polymarket-upload.s3.us-east-2.amazonaws.com/profile-image-5867229-2bfff306-e0e1-430c-80c9-9adacda02b76.jpg"", ""profileImageOptimized"": """", ""transactionHash"": ""0xbd24c705d570295736b1d135ad1486c93484c1ef7809f43a0eee7fe7fb8c6fab""}"
1771004279,2026-02-14T02:01:42.358830,0x909cc64c17a12ca26848317da8ffcd1889eebfcca7f9f2794b2285ca3375fe13:1771004279,572469,18289842382539867639079362738467334752951741961393928566628307174343542320349,SELL,0.035,2.04,0.0714,0x909cc64c17a12ca26848317da8ffcd1889eebfcca7f9f2794b2285ca3375fe13,"{""proxyWallet"": ""0x956f12f5b4ee207752e97a76c21633802a5120ac"", ""side"": ""SELL"", ""asset"": ""18289842382539867639079362738467334752951741961393928566628307174343542320349"", ""conditionId"": ""0x61b66d02793b4a68ab0cc25be60d65f517fe18c7d654041281bb130341244fcc"", ""size"": 2.04, ""price"": 0.035, ""timestamp"": 1771004279, ""title"": ""Will Trump nominate Kevin Warsh as the next Fed chair?"", ""slug"": ""will-trump-nominate-kevin-warsh-as-the-next-fed-chair"", ""icon"": ""https://polymarket-upload.s3.us-east-2.amazonaws.com/will-trump-nominate-kevin-warsh-as-the-next-fed-chair-Bc-vVyyVjhsS.jpg"", ""eventSlug"": ""who-will-trump-nominate-as-fed-chair"", ""outcome"": ""No"", ""outcomeIndex"": 1, ""name"": """", ""pseudonym"": """", ""bio"": """", ""profileImage"": """", ""profileImageOptimized"": """", ""transactionHash"": ""0x909cc64c17a12ca26848317da8ffcd1889eebfcca7f9f2794b2285ca3375fe13""}"
1771004277,2026-02-14T02:01:42.358851,0x0814c22acd0e05b534c01c1b91437f7a82a216f3449be5c6469937e02682828e:1771004277,572469,18289842382539867639079362738467334752951741961393928566628307174343542320349,SELL,0.035,0.25,0.00875,0x0814c22acd0e05b534c01c1b91437f7a82a216f3449be5c6469937e02682828e,"{""proxyWallet"": ""0x201d64d5fbe721bda742eba45cfbeb34889e2e13"", ""side"": ""SELL"", ""asset"": ""18289842382539867639079362738467334752951741961393928566628307174343542320349"", ""conditionId"": ""0x61b66d02793b4a68ab0cc25be60d65f517fe18c7d654041281bb130341244fcc"", ""size"": 0.25, ""price"": 0.035, ""timestamp"": 1771004277, ""title"": ""Will Trump nominate Kevin Warsh as the next Fed chair?"", ""slug"": ""will-trump-nominate-kevin-warsh-as-the-next-fed-chair"", ""icon"": ""https://polymarket-upload.s3.us-east-2.amazonaws.com/will-trump-nominate-kevin-warsh-as-the-next-fed-chair-Bc-vVyyVjhsS.jpg"", ""eventSlug"": ""who-will-trump-nominate-as-fed-chair"", ""outcome"": ""No"", ""outcomeIndex"": 1, ""name"": """", ""pseudonym"": """", ""bio"": """", ""profileImage"": """", ""profileImageOptimized"": """", ""transactionHash"": ""0x0814c22acd0e05b534c01c1b91437f7a82a216f3449be5c6469937e02682828e""}"
1771003859,2026-02-14T02:01:42.358873,0x7a2f995583dd3eabad465cba1713193db6cd5d687b740e94eb72a53061475dd0:1771003859,572469,18289842382539867639079362738467334752951741961393928566628307174343542320349,SELL,0.036,1.38,0.049679999999999995,0x7a2f995583dd3eabad465cba1713193db6cd5d687b740e94eb72a53061475dd0,"{""proxyWallet"": ""0xcd91a549956854fdc38efad7e80ff5da8f5432b8"", ""side"": ""SELL"", ""asset"": ""18289842382539867639079362738467334752951741961393928566628307174343542320349"", ""conditionId"": ""0x61b66d02793b4a68ab0cc25be60d65f517fe18c7d654041281bb130341244fcc"", ""size"": 1.38, ""price"": 0.036, ""timestamp"": 1771003859, ""title"": ""Will Trump nominate Kevin Warsh as the next Fed chair?"", ""slug"": ""will-trump-nominate-kevin-warsh-as-the-next-fed-chair"", ""icon"": ""https://polymarket-upload.s3.us-east-2.amazonaws.com/will-trump-nominate-kevin-warsh-as-the-next-fed-chair-Bc-vVyyVjhsS.jpg"", ""eventSlug"": ""who-will-trump-nominate-as-fed-chair"", ""outcome"": ""No"", ""outcomeIndex"": 1, ""name"": ""Novus0rdoSeclorum"", ""pseudonym"": ""Giddy-Chafe"", ""bio"": """", ""profileImage"": ""https://polymarket-upload.s3.us-east-2.amazonaws.com/profile-image-3006553-d3f0a094-9641-4093-8f50-fcf4f8ce8b6c.png"", ""profileImageOptimized"": """", ""transactionHash"": ""0x7a2f995583dd3eabad465cba1713193db6cd5d687b740e94eb72a53061475dd0""}"
1771003755,2026-02-14T02:01:42.358896,0xc61b1748f631966b555cd490b82938d324b9a97daca3e416a32e0d45ca1b42c7:1771003755,572469,18289842382539867639079362738467334752951741961393928566628307174343542320349,BUY,0.037,36.29,1.34273,0xc61b1748f631966b555cd490b82938d324b9a97daca3e416a32e0d45ca1b42c7,"{""proxyWallet"": ""0x30cecdf29f069563ea21b8ae94492e41e53a6b2b"", ""side"": ""BUY"", ""asset"": ""18289842382539867639079362738467334752951741961393928566628307174343542320349"", ""conditionId"": ""0x61b66d02793b4a68ab0cc25be60d65f517fe18c7d654041281bb130341244fcc"", ""size"": 36.29, ""price"": 0.037, ""timestamp"": 1771003755, ""title"": ""Will Trump nominate Kevin Warsh as the next Fed chair?"", ""slug"": ""will-trump-nominate-kevin-warsh-as-the-next-fed-chair"", ""icon"": ""https://polymarket-upload.s3.us-east-2.amazonaws.com/will-trump-nominate-kevin-warsh-as-the-next-fed-chair-Bc-vVyyVjhsS.jpg"", ""eventSlug"": ""who-will-trump-nominate-as-fed-chair"", ""outcome"": ""No"", ""outcomeIndex"": 1, ""name"": ""ZXWP"", ""pseudonym"": ""Well-Documented-Hit"", ""bio"": """", ""profileImage"": """", ""profileImageOptimized"": """", ""transactionHash"": ""0xc61b1748f631966b555cd490b82938d324b9a97daca3e416a32e0d45ca1b42c7""}"
1771003739,2026-02-14T02:01:42.358916,0x9130f9353cb112ebb574a3488255da76fc81d84ed2bd781c4d5981a8a2d5be58:1771003739,572469,18289842382539867639079362738467334752951741961393928566628307174343542320349,BUY,0.03699999648499998,264.864863,9.799999000000001,0x9130f9353cb112ebb574a3488255da76fc81d84ed2bd781c4d5981a8a2d5be58,"{""proxyWallet"": ""0xc93698a48618aefe70dfd47a22fc1f53e492ec95"", ""side"": ""BUY"", ""asset"": ""18289842382539867639079362738467334752951741961393928566628307174343542320349"", ""conditionId"": ""0x61b66d02793b4a68ab0cc25be60d65f517fe18c7d654041281bb130341244fcc"", ""size"": 264.864863, ""price"": 0.03699999648499998, ""timestamp"": 1771003739, ""title"": ""Will Trump nominate Kevin Warsh as the next Fed chair?"", ""slug"": ""will-trump-nominate-kevin-warsh-as-the-next-fed-chair"", ""icon"": ""https://polymarket-upload.s3.us-east-2.amazonaws.com/will-trump-nominate-kevin-warsh-as-the-next-fed-chair-Bc-vVyyVjhsS.jpg"", ""eventSlug"": ""who-will-trump-nominate-as-fed-chair"", ""outcome"": ""No"", ""outcomeIndex"": 1, ""name"": """", ""pseudonym"": """", ""bio"": """", ""profileImage"": """", ""profileImageOptimized"": """", ""transactionHash"": ""0x9130f9353cb112ebb574a3488255da76fc81d84ed2bd781c4d5981a8a2d5be58""}"
1771003713,2026-02-14T02:01:42.358938,0x7714327c90890d4dc72cea01c47a9148d8856036a84a9cfaf8e52316cb02e730:1771003713,572469,18289842382539867639079362738467334752951741961393928566628307174343542320349,BUY,0.036,12.0,0.43199999999999994,0x7714327c90890d4dc72cea01c47a9148d8856036a84a9cfaf8e52316cb02e730,"{""proxyWallet"": ""0x30cecdf29f069563ea21b8ae94492e41e53a6b2b"", ""side"": ""BUY"", ""asset"": ""18289842382539867639079362738467334752951741961393928566628307174343542320349"", ""conditionId"": ""0x61b66d02793b4a68ab0cc25be60d65f517fe18c7d654041281bb130341244fcc"", ""size"": 12, ""price"": 0.036, ""timestamp"": 1771003713, ""title"": ""Will Trump nominate Kevin Warsh as the next Fed chair?"", ""slug"": ""will-trump-nominate-kevin-warsh-as-the-next-fed-chair"", ""icon"": ""https://polymarket-upload.s3.us-east-2.amazonaws.com/will-trump-nominate-kevin-warsh-as-the-next-fed-chair-Bc-vVyyVjhsS.jpg"", ""eventSlug"": ""who-will-trump-nominate-as-fed-chair"", ""outcome"": ""No"", ""outcomeIndex"": 1, ""name"": ""ZXWP"", ""pseudonym"": ""Well-Documented-Hit"", ""bio"": """", ""profileImage"": """", ""profileImageOptimized"": """", ""transactionHash"": ""0x7714327c90890d4dc72cea01c47a9148d8856036a84a9cfaf8e52316cb02e730""}"
1771003681,2026-02-14T02:01:42.358965,0xdc4d499194027322f4ad28c60a3a342cd91a919324c4f32658322b025f03679e:1771003681,572469,18289842382539867639079362738467334752951741961393928566628307174343542320349,BUY,0.036,46.0,1.656,0xdc4d499194027322f4ad28c60a3a342cd91a919324c4f32658322b025f03679e,"{""proxyWallet"": ""0x6c979ffcc3528a5d2395a2f7c89135711da0988c"", ""side"": ""BUY"", ""asset"": ""18289842382539867639079362738467334752951741961393928566628307174343542320349"", ""conditionId"": ""0x61b66d02793b4a68ab0cc25be60d65f517fe18c7d654041281bb130341244fcc"", ""size"": 46, ""price"": 0.036, ""timestamp"": 1771003681, ""title"": ""Will Trump nominate Kevin Warsh as the next Fed chair?"", ""slug"": ""will-trump-nominate-kevin-warsh-as-the-next-fed-chair"", ""icon"": ""https://polymarket-upload.s3.us-east-2.amazonaws.com/will-trump-nominate-kevin-warsh-as-the-next-fed-chair-Bc-vVyyVjhsS.jpg"", ""eventSlug"": ""who-will-trump-nominate-as-fed-chair"", ""outcome"": ""No"", ""outcomeIndex"": 1, ""name"": ""7G-MAN"", ""pseudonym"": ""Zigzag-Message"", ""bio"": ""LOL, Fake profit."", ""profileImage"": """", ""profileImageOptimized"": """", ""transactionHash"": ""0xdc4d499194027322f4ad28c60a3a342cd91a919324c4f32658322b025f03679e""}"
1771003677,2026-02-14T02:01:42.358989,0x02e5c0808c7b4c31221b3a188131ee9fa82c32c7c083ce6527021dbf8d82f2ee:1771003677,572469,18289842382539867639079362738467334752951741961393928566628307174343542320349,BUY,0.036,67.0,2.412,0x02e5c0808c7b4c31221b3a188131ee9fa82c32c7c083ce6527021dbf8d82f2ee,"{""proxyWallet"": ""0x6c979ffcc3528a5d2395a2f7c89135711da0988c"", ""side"": ""BUY"", ""asset"": ""18289842382539867639079362738467334752951741961393928566628307174343542320349"", ""conditionId"": ""0x61b66d02793b4a68ab0cc25be60d65f517fe18c7d654041281bb130341244fcc"", ""size"": 67, ""price"": 0.036, ""timestamp"": 1771003677, ""title"": ""Will Trump nominate Kevin Warsh as the next Fed chair?"", ""slug"": ""will-trump-nominate-kevin-warsh-as-the-next-fed-chair"", ""icon"": ""https://polymarket-upload.s3.us-east-2.amazonaws.com/will-trump-nominate-kevin-warsh-as-the-next-fed-chair-Bc-vVyyVjhsS.jpg"", ""eventSlug"": ""who-will-trump-nominate-as-fed-chair"", ""outcome"": ""No"", ""outcomeIndex"": 1, ""name"": ""7G-MAN"", ""pseudonym"": ""Zigzag-Message"", ""bio"": ""LOL, Fake profit."", ""profileImage"": """", ""profileImageOptimized"": """", ""transactionHash"": ""0x02e5c0808c7b4c31221b3a188131ee9fa82c32c7c083ce6527021dbf8d82f2ee""}"
1771003671,2026-02-14T02:01:42.359009,0x6d1f7fcebecef97a924d96d0173e6e8863708dec775af4a475bddcea635c8b6f:1771003671,572469,18289842382539867639079362738467334752951741961393928566628307174343542320349,BUY,0.036,95.0,3.42,0x6d1f7fcebecef97a924d96d0173e6e8863708dec775af4a475bddcea635c8b6f,"{""proxyWallet"": ""0x6c979ffcc3528a5d2395a2f7c89135711da0988c"", ""side"": ""BUY"", ""asset"": ""18289842382539867639079362738467334752951741961393928566628307174343542320349"", ""conditionId"": ""0x61b66d02793b4a68ab0cc25be60d65f517fe18c7d654041281bb130341244fcc"", ""size"": 95, ""price"": 0.036, ""timestamp"": 1771003671, ""title"": ""Will Trump nominate Kevin Warsh as the next Fed chair?"", ""slug"": ""will-trump-nominate-kevin-warsh-as-the-next-fed-chair"", ""icon"": ""https://polymarket-upload.s3.us-east-2.amazonaws.com/will-trump-nominate-kevin-warsh-as-the-next-fed-chair-Bc-vVyyVjhsS.jpg"", ""eventSlug"": ""who-will-trump-nominate-as-fed-chair"", ""outcome"": ""No"", ""outcomeIndex"": 1, ""name"": ""7G-MAN"", ""pseudonym"": ""Zigzag-Message"", ""bio"": ""LOL, Fake profit."", ""profileImage"": """", ""profileImageOptimized"": """", ""transactionHash"": ""0x6d1f7fcebecef97a924d96d0173e6e8863708dec775af4a475bddcea635c8b6f""}"
1771003665,2026-02-14T02:01:42.359029,0xc64f3d7b0e1c8b2fa084d90490252b7ff1041949386716ee752cda7b03d53e75:1771003665,572469,18289842382539867639079362738467334752951741961393928566628307174343542320349,BUY,0.036,130.0,4.68,0xc64f3d7b0e1c8b2fa084d90490252b7ff1041949386716ee752cda7b03d53e75,"{""proxyWallet"": ""0x6c979ffcc3528a5d2395a2f7c89135711da0988c"", ""side"": ""BUY"", ""asset"": ""18289842382539867639079362738467334752951741961393928566628307174343542320349"", ""conditionId"": ""0x61b66d02793b4a68ab0cc25be60d65f517fe18c7d654041281bb130341244fcc"", ""size"": 130, ""price"": 0.036, ""timestamp"": 1771003665, ""title"": ""Will Trump nominate Kevin Warsh as the next Fed chair?"", ""slug"": ""will-trump-nominate-kevin-warsh-as-the-next-fed-chair"", ""icon"": ""https://polymarket-upload.s3.us-east-2.amazonaws.com/will-trump-nominate-kevin-warsh-as-the-next-fed-chair-Bc-vVyyVjhsS.jpg"", ""eventSlug"": ""who-will-trump-nominate-as-fed-chair"", ""outcome"": ""No"", ""outcomeIndex"": 1, ""name"": ""7G-MAN"", ""pseudonym"": ""Zigzag-Message"", ""bio"": ""LOL, Fake profit."", ""profileImage"": """", ""profileImageOptimized"": """", ""transactionHash"": ""0xc64f3d7b0e1c8b2fa084d90490252b7ff1041949386716ee752cda7b03d53e75""}"
1771003661,2026-02-14T02:01:42.359047,0x4c715dada5f436bbc05498a1d3abf82c667efa4bdddc3b3b022889b603df6160:1771003661,572469,18289842382539867639079362738467334752951741961393928566628307174343542320349,SELL,0.035,0.95,0.03325,0x4c715dada5f436bbc05498a1d3abf82c667efa4bdddc3b3b022889b603df6160,"{""proxyWallet"": ""0x956f12f5b4ee207752e97a76c21633802a5120ac"", ""side"": ""SELL"", ""asset"": ""18289842382539867639079362738467334752951741961393928566628307174343542320349"", ""conditionId"": ""0x61b66d02793b4a68ab0cc25be60d65f517fe18c7d654041281bb130341244fcc"", ""size"": 0.95, ""price"": 0.035, ""timestamp"": 1771003661, ""title"": ""Will Trump nominate Kevin Warsh as the next Fed chair?"", ""slug"": ""will-trump-nominate-kevin-warsh-as-the-next-fed-chair"", ""icon"": ""https://polymarket-upload.s3.us-east-2.amazonaws.com/will-trump-nominate-kevin-warsh-as-the-next-fed-chair-Bc-vVyyVjhsS.jpg"", ""eventSlug"": ""who-will-trump-nominate-as-fed-chair"", ""outcome"": ""No"", ""outcomeIndex"": 1, ""name"": """", ""pseudonym"": """", ""bio"": """", ""profileImage"": """", ""profileImageOptimized"": """", ""transactionHash"": ""0x4c715dada5f436bbc05498a1d3abf82c667efa4bdddc3b3b022889b603df6160""}"
1771003661,2026-02-14T02:01:42.359065,0x7b8416541917c2b6ab247f658cd65e865235b2e98ea7b1d180acf8b03526abaa:1771003661,572469,18289842382539867639079362738467334752951741961393928566628307174343542320349,SELL,0.035,14.25,0.49875,0x7b8416541917c2b6ab247f658cd65e865235b2e98ea7b1d180acf8b03526abaa,"{""proxyWallet"": ""0x076b73a8d48c4da6136fc64e1b7dfe2136b4354c"", ""side"": ""SELL"", ""asset"": ""18289842382539867639079362738467334752951741961393928566628307174343542320349"", ""conditionId"": ""0x61b66d02793b4a68ab0cc25be60d65f517fe18c7d654041281bb130341244fcc"", ""size"": 14.25, ""price"": 0.035, ""timestamp"": 1771003661, ""title"": ""Will Trump nominate Kevin Warsh as the next Fed chair?"", ""slug"": ""will-trump-nominate-kevin-warsh-as-the-next-fed-chair"", ""icon"": ""https://polymarket-upload.s3.us-east-2.amazonaws.com/will-trump-nominate-kevin-warsh-as-the-next-fed-chair-Bc-vVyyVjhsS.jpg"", ""eventSlug"": ""who-will-trump-nominate-as-fed-chair"", ""outcome"": ""No"", ""outcomeIndex"": 1, ""name"": ""funkc"", ""pseudonym"": ""Easy-Going-Puggle"", ""bio"": """", ""profileImage"": ""https://polymarket-upload.s3.us-east-2.amazonaws.com/profile-image-5867229-2bfff306-e0e1-430c-80c9-9adacda02b76.jpg"", ""profileImageOptimized"": """", ""transactionHash"": ""0x7b8416541917c2b6ab247f658cd65e865235b2e98ea7b1d180acf8b03526abaa""}"
1771003661,2026-02-14T02:01:42.359093,0xdf84b6dfe3f94dd166b1dd2732e8b4cf35b3d3e357251370bf904fe64b382107:1771003661,572469,18289842382539867639079362738467334752951741961393928566628307174343542320349,SELL,0.035,1.88,0.0658,0xdf84b6dfe3f94dd166b1dd2732e8b4cf35b3d3e357251370bf904fe64b382107,"{""proxyWallet"": ""0x4a72457138f4878d58e80a724c59bdb92efd24af"", ""side"": ""SELL"", ""asset"": ""18289842382539867639079362738467334752951741961393928566628307174343542320349"", ""conditionId"": ""0x61b66d02793b4a68ab0cc25be60d65f517fe18c7d654041281bb130341244fcc"", ""size"": 1.88, ""price"": 0.035, ""timestamp"": 1771003661, ""title"": ""Will Trump nominate Kevin Warsh as the next Fed chair?"", ""slug"": ""will-trump-nominate-kevin-warsh-as-the-next-fed-chair"", ""icon"": ""https://polymarket-upload.s3.us-east-2.amazonaws.com/will-trump-nominate-kevin-warsh-as-the-next-fed-chair-Bc-vVyyVjhsS.jpg"", ""eventSlug"": ""who-will-trump-nominate-as-fed-chair"", ""outcome"": ""No"", ""outcomeIndex"": 1, ""name"": """", ""pseudonym"": """", ""bio"": """", ""profileImage"": """", ""profileImageOptimized"": """", ""transactionHash"": ""0xdf84b6dfe3f94dd166b1dd2732e8b4cf35b3d3e357251370bf904fe64b382107""}"
1771003661,2026-02-14T02:01:42.359114,0xd0734aa0561f0508303a747034692840a1945fe0151f1530ef2246b5be3f15bb:1771003661,572469,18289842382539867639079362738467334752951741961393928566628307174343542320349,SELL,0.035,0.11,0.0038500000000000006,0xd0734aa0561f0508303a747034692840a1945fe0151f1530ef2246b5be3f15bb,"{""proxyWallet"": ""0x201d64d5fbe721bda742eba45cfbeb34889e2e13"", ""side"": ""SELL"", ""asset"": ""18289842382539867639079362738467334752951741961393928566628307174343542320349"", ""conditionId"": ""0x61b66d02793b4a68ab0cc25be60d65f517fe18c7d654041281bb130341244fcc"", ""size"": 0.11, ""price"": 0.035, ""timestamp"": 1771003661, ""title"": ""Will Trump nominate Kevin Warsh as the next Fed chair?"", ""slug"": ""will-trump-nominate-kevin-warsh-as-the-next-fed-chair"", ""icon"": ""https://polymarket-upload.s3.us-east-2.amazonaws.com/will-trump-nominate-kevin-warsh-as-the-next-fed-chair-Bc-vVyyVjhsS.jpg"", ""eventSlug"": ""who-will-trump-nominate-as-fed-chair"", ""outcome"": ""No"", ""outcomeIndex"": 1, ""name"": """", ""pseudonym"": """", ""bio"": """", ""profileImage"": """", ""profileImageOptimized"": """", ""transactionHash"": ""0xd0734aa0561f0508303a747034692840a1945fe0151f1530ef2246b5be3f15bb""}"
1771003659,2026-02-14T02:01:42.359135,0x33bfc3fad4b487f4249e46e304ee297b71cfd6f89e7eff87da70e1b3d409b9b8:1771003659,572469,18289842382539867639079362738467334752951741961393928566628307174343542320349,BUY,0.036,642.0,23.112,0x33bfc3fad4b487f4249e46e304ee297b71cfd6f89e7eff87da70e1b3d409b9b8,"{""proxyWallet"": ""0x6c979ffcc3528a5d2395a2f7c89135711da0988c"", ""side"": ""BUY"", ""asset"": ""18289842382539867639079362738467334752951741961393928566628307174343542320349"", ""conditionId"": ""0x61b66d02793b4a68ab0cc25be60d65f517fe18c7d654041281bb130341244fcc"", ""size"": 642, ""price"": 0.036, ""timestamp"": 1771003659, ""title"": ""Will Trump nominate Kevin Warsh as the next Fed chair?"", ""slug"": ""will-trump-nominate-kevin-warsh-as-the-next-fed-chair"", ""icon"": ""https://polymarket-upload.s3.us-east-2.amazonaws.com/will-trump-nominate-kevin-warsh-as-the-next-fed-chair-Bc-vVyyVjhsS.jpg"", ""eventSlug"": ""who-will-trump-nominate-as-fed-chair"", ""outcome"": ""No"", ""outcomeIndex"": 1, ""name"": ""7G-MAN"", ""pseudonym"": ""Zigzag-Message"", ""bio"": ""LOL, Fake profit."", ""profileImage"": """", ""profileImageOptimized"": """", ""transactionHash"": ""0x33bfc3fad4b487f4249e46e304ee297b71cfd6f89e7eff87da70e1b3d409b9b8""}"
1771003651,2026-02-14T02:01:42.359157,0x90d6ec9b8d5ffa4b7720704e4800d54c83292c46cd77409f1e72ec1a46c0eccc:1771003651,572469,18289842382539867639079362738467334752951741961393928566628307174343542320349,SELL,0.034,0.74,0.025160000000000002,0x90d6ec9b8d5ffa4b7720704e4800d54c83292c46cd77409f1e72ec1a46c0eccc,"{""proxyWallet"": ""0x956f12f5b4ee207752e97a76c21633802a5120ac"", ""side"": ""SELL"", ""asset"": ""18289842382539867639079362738467334752951741961393928566628307174343542320349"", ""conditionId"": ""0x61b66d02793b4a68ab0cc25be60d65f517fe18c7d654041281bb130341244fcc"", ""size"": 0.74, ""price"": 0.034, ""timestamp"": 1771003651, ""title"": ""Will Trump nominate Kevin Warsh as the next Fed chair?"", ""slug"": ""will-trump-nominate-kevin-warsh-as-the-next-fed-chair"", ""icon"": ""https://polymarket-upload.s3.us-east-2.amazonaws.com/will-trump-nominate-kevin-warsh-as-the-next-fed-chair-Bc-vVyyVjhsS.jpg"", ""eventSlug"": ""who-will-trump-nominate-as-fed-chair"", ""outcome"": ""No"", ""outcomeIndex"": 1, ""name"": """", ""pseudonym"": """", ""bio"": """", ""profileImage"": """", ""profileImageOptimized"": """", ""transactionHash"": ""0x90d6ec9b8d5ffa4b7720704e4800d54c83292c46cd77409f1e72ec1a46c0eccc""}"
1771003651,2026-02-14T02:01:42.359178,0x9e7279c89c6e054165f5919927aa1f8d7cb79eac7519b9d3d04b3c55cac43f3e:1771003651,572469,18289842382539867639079362738467334752951741961393928566628307174343542320349,SELL,0.034,11.11,0.37774,0x9e7279c89c6e054165f5919927aa1f8d7cb79eac7519b9d3d04b3c55cac43f3e,"{""proxyWallet"": ""0x076b73a8d48c4da6136fc64e1b7dfe2136b4354c"", ""side"": ""SELL"", ""asset"": ""18289842382539867639079362738467334752951741961393928566628307174343542320349"", ""conditionId"": ""0x61b66d02793b4a68ab0cc25be60d65f517fe18c7d654041281bb130341244fcc"", ""size"": 11.11, ""price"": 0.034, ""timestamp"": 1771003651, ""title"": ""Will Trump nominate Kevin Warsh as the next Fed chair?"", ""slug"": ""will-trump-nominate-kevin-warsh-as-the-next-fed-chair"", ""icon"": ""https://polymarket-upload.s3.us-east-2.amazonaws.com/will-trump-nominate-kevin-warsh-as-the-next-fed-chair-Bc-vVyyVjhsS.jpg"", ""eventSlug"": ""who-will-trump-nominate-as-fed-chair"", ""outcome"": ""No"", ""outcomeIndex"": 1, ""name"": ""funkc"", ""pseudonym"": ""Easy-Going-Puggle"", ""bio"": """", ""profileImage"": ""https://polymarket-upload.s3.us-east-2.amazonaws.com/profile-image-5867229-2bfff306-e0e1-430c-80c9-9adacda02b76.jpg"", ""profileImageOptimized"": """", ""transactionHash"": ""0x9e7279c89c6e054165f5919927aa1f8d7cb79eac7519b9d3d04b3c55cac43f3e""}"
1771003651,2026-02-14T02:01:42.359201,0x7eccf40706912722b40fae62a3885d713170831dd5019ca8af9dd25e901fa913:1771003651,572469,18289842382539867639079362738467334752951741961393928566628307174343542320349,SELL,0.034,1.46,0.049640000000000004,0x7eccf40706912722b40fae62a3885d713170831dd5019ca8af9dd25e901fa913,"{""proxyWallet"": ""0x4a72457138f4878d58e80a724c59bdb92efd24af"", ""side"": ""SELL"", ""asset"": ""18289842382539867639079362738467334752951741961393928566628307174343542320349"", ""conditionId"": ""0x61b66d02793b4a68ab0cc25be60d65f517fe18c7d654041281bb130341244fcc"", ""size"": 1.46, ""price"": 0.034, ""timestamp"": 1771003651, ""title"": ""Will Trump nominate Kevin Warsh as the next Fed chair?"", ""slug"": ""will-trump-nominate-kevin-warsh-as-the-next-fed-chair"", ""icon"": ""https://polymarket-upload.s3.us-east-2.amazonaws.com/will-trump-nominate-kevin-warsh-as-the-next-fed-chair-Bc-vVyyVjhsS.jpg"", ""eventSlug"": ""who-will-trump-nominate-as-fed-chair"", ""outcome"": ""No"", ""outcomeIndex"": 1, ""name"": """", ""pseudonym"": """", ""bio"": """", ""profileImage"": """", ""profileImageOptimized"": """", ""transactionHash"": ""0x7eccf40706912722b40fae62a3885d713170831dd5019ca8af9dd25e901fa913""}"
1771003649,2026-02-14T02:01:42.359221,0xd8cf58f7e672e6ec4959878fad440e649efae56bbba647509c463e6bc942598b:1771003649,572469,18289842382539867639079362738467334752951741961393928566628307174343542320349,SELL,0.034,0.09,0.0030600000000000002,0xd8cf58f7e672e6ec4959878fad440e649efae56bbba647509c463e6bc942598b,"{""proxyWallet"": ""0x201d64d5fbe721bda742eba45cfbeb34889e2e13"", ""side"": ""SELL"", ""asset"": ""18289842382539867639079362738467334752951741961393928566628307174343542320349"", ""conditionId"": ""0x61b66d02793b4a68ab0cc25be60d65f517fe18c7d654041281bb130341244fcc"", ""size"": 0.09, ""price"": 0.034, ""timestamp"": 1771003649, ""title"": ""Will Trump nominate Kevin Warsh as the next Fed chair?"", ""slug"": ""will-trump-nominate-kevin-warsh-as-the-next-fed-chair"", ""icon"": ""https://polymarket-upload.s3.us-east-2.amazonaws.com/will-trump-nominate-kevin-warsh-as-the-next-fed-chair-Bc-vVyyVjhsS.jpg"", ""eventSlug"": ""who-will-trump-nominate-as-fed-chair"", ""outcome"": ""No"", ""outcomeIndex"": 1, ""name"": """", ""pseudonym"": """", ""bio"": """", ""profileImage"": """", ""profileImageOptimized"": """", ""transactionHash"": ""0xd8cf58f7e672e6ec4959878fad440e649efae56bbba647509c463e6bc942598b""}"
1771003643,2026-02-14T02:01:42.359240,0x630272521cf7e6e10a7e58f8634afb2f84979bf79e4fbd18fb376eef8bf6047b:1771003643,572469,18289842382539867639079362738467334752951741961393928566628307174343542320349,BUY,0.035999999863488,6944.444443,249.99999900000003,0x630272521cf7e6e10a7e58f8634afb2f84979bf79e4fbd18fb376eef8bf6047b,"{""proxyWallet"": ""0x1385c8133700a0e58fc69f4a7ed74f02cc2a1cf9"", ""side"": ""BUY"", ""asset"": ""18289842382539867639079362738467334752951741961393928566628307174343542320349"", ""conditionId"": ""0x61b66d02793b4a68ab0cc25be60d65f517fe18c7d654041281bb130341244fcc"", ""size"": 6944.444443, ""price"": 0.035999999863488, ""timestamp"": 1771003643, ""title"": ""Will Trump nominate Kevin Warsh as the next Fed chair?"", ""slug"": ""will-trump-nominate-kevin-warsh-as-the-next-fed-chair"", ""icon"": ""https://polymarket-upload.s3.us-east-2.amazonaws.com/will-trump-nominate-kevin-warsh-as-the-next-fed-chair-Bc-vVyyVjhsS.jpg"", ""eventSlug"": ""who-will-trump-nominate-as-fed-chair"", ""outcome"": ""No"", ""outcomeIndex"": 1, ""name"": ""spongebob443"", ""pseudonym"": ""Lively-Granola"", ""bio"": """", ""profileImage"": ""https://polymarket-upload.s3.us-east-2.amazonaws.com/profile-image-4684761-41c2e9fb-87ce-41a1-b117-9e4c76443d87.jpg"", ""profileImageOptimized"": """", ""transactionHash"": ""0x630272521cf7e6e10a7e58f8634afb2f84979bf79e4fbd18fb376eef8bf6047b""}"
1771003637,2026-02-14T02:01:42.359264,0xcb2ee622c3db801496291ee2c7795f131d97860f43682045363ce5f1f98f21bb:1771003637,572469,18289842382539867639079362738467334752951741961393928566628307174343542320349,BUY,0.036,102.0,3.6719999999999997,0xcb2ee622c3db801496291ee2c7795f131d97860f43682045363ce5f1f98f21bb,"{""proxyWallet"": ""0x6c979ffcc3528a5d2395a2f7c89135711da0988c"", ""side"": ""BUY"", ""asset"": ""18289842382539867639079362738467334752951741961393928566628307174343542320349"", ""conditionId"": ""0x61b66d02793b4a68ab0cc25be60d65f517fe18c7d654041281bb130341244fcc"", ""size"": 102, ""price"": 0.036, ""timestamp"": 1771003637, ""title"": ""Will Trump nominate Kevin Warsh as the next Fed chair?"", ""slug"": ""will-trump-nominate-kevin-warsh-as-the-next-fed-chair"", ""icon"": ""https://polymarket-upload.s3.us-east-2.amazonaws.com/will-trump-nominate-kevin-warsh-as-the-next-fed-chair-Bc-vVyyVjhsS.jpg"", ""eventSlug"": ""who-will-trump-nominate-as-fed-chair"", ""outcome"": ""No"", ""outcomeIndex"": 1, ""name"": ""7G-MAN"", ""pseudonym"": ""Zigzag-Message"", ""bio"": ""LOL, Fake profit."", ""profileImage"": """", ""profileImageOptimized"": """", ""transactionHash"": ""0xcb2ee622c3db801496291ee2c7795f131d97860f43682045363ce5f1f98f21bb""}"
1771003631,2026-02-14T02:01:42.359283,0xf692edaf6eab6ee6ce18b3afbaecffd726e62fd3fb7bfdf6dc34c4af33d349d6:1771003631,572469,18289842382539867639079362738467334752951741961393928566628307174343542320349,BUY,0.036,145.0,5.22,0xf692edaf6eab6ee6ce18b3afbaecffd726e62fd3fb7bfdf6dc34c4af33d349d6,"{""proxyWallet"": ""0x6c979ffcc3528a5d2395a2f7c89135711da0988c"", ""side"": ""BUY"", ""asset"": ""18289842382539867639079362738467334752951741961393928566628307174343542320349"", ""conditionId"": ""0x61b66d02793b4a68ab0cc25be60d65f517fe18c7d654041281bb130341244fcc"", ""size"": 145, ""price"": 0.036, ""timestamp"": 1771003631, ""title"": ""Will Trump nominate Kevin Warsh as the next Fed chair?"", ""slug"": ""will-trump-nominate-kevin-warsh-as-the-next-fed-chair"", ""icon"": ""https://polymarket-upload.s3.us-east-2.amazonaws.com/will-trump-nominate-kevin-warsh-as-the-next-fed-chair-Bc-vVyyVjhsS.jpg"", ""eventSlug"": ""who-will-trump-nominate-as-fed-chair"", ""outcome"": ""No"", ""outcomeIndex"": 1, ""name"": ""7G-MAN"", ""pseudonym"": ""Zigzag-Message"", ""bio"": ""LOL, Fake profit."", ""profileImage"": """", ""profileImageOptimized"": """", ""transactionHash"": ""0xf692edaf6eab6ee6ce18b3afbaecffd726e62fd3fb7bfdf6dc34c4af33d349d6""}"
1771003625,2026-02-14T02:01:42.359306,0x5c0d3d8d86b365df66b5c7d3430d3d750c84b49e01e3bb7b889ede9eba32fd85:1771003625,572469,18289842382539867639079362738467334752951741961393928566628307174343542320349,BUY,0.036,124.0,4.4639999999999995,0x5c0d3d8d86b365df66b5c7d3430d3d750c84b49e01e3bb7b889ede9eba32fd85,"{""proxyWallet"": ""0x6c979ffcc3528a5d2395a2f7c89135711da0988c"", ""side"": ""BUY"", ""asset"": ""18289842382539867639079362738467334752951741961393928566628307174343542320349"", ""conditionId"": ""0x61b66d02793b4a68ab0cc25be60d65f517fe18c7d654041281bb130341244fcc"", ""size"": 124, ""price"": 0.036, ""timestamp"": 1771003625, ""title"": ""Will Trump nominate Kevin Warsh as the next Fed chair?"", ""slug"": ""will-trump-nominate-kevin-warsh-as-the-next-fed-chair"", ""icon"": ""https://polymarket-upload.s3.us-east-2.amazonaws.com/will-trump-nominate-kevin-warsh-as-the-next-fed-chair-Bc-vVyyVjhsS.jpg"", ""eventSlug"": ""who-will-trump-nominate-as-fed-chair"", ""outcome"": ""No"", ""outcomeIndex"": 1, ""name"": ""7G-MAN"", ""pseudonym"": ""Zigzag-Message"", ""bio"": ""LOL, Fake profit."", ""profileImage"": """", ""profileImageOptimized"": """", ""transactionHash"": ""0x5c0d3d8d86b365df66b5c7d3430d3d750c84b49e01e3bb7b889ede9eba32fd85""}"
1771003621,2026-02-14T02:01:42.359327,0x0b77a433f0a24261dfbb57f187b3ad974a043872af39b1b9acd4a659d8124682:1771003621,572469,18289842382539867639079362738467334752951741961393928566628307174343542320349,BUY,0.036,45.0,1.6199999999999999,0x0b77a433f0a24261dfbb57f187b3ad974a043872af39b1b9acd4a659d8124682,"{""proxyWallet"": ""0x6c979ffcc3528a5d2395a2f7c89135711da0988c"", ""side"": ""BUY"", ""asset"": ""18289842382539867639079362738467334752951741961393928566628307174343542320349"", ""conditionId"": ""0x61b66d02793b4a68ab0cc25be60d65f517fe18c7d654041281bb130341244fcc"", ""size"": 45, ""price"": 0.036, ""timestamp"": 1771003621, ""title"": ""Will Trump nominate Kevin Warsh as the next Fed chair?"", ""slug"": ""will-trump-nominate-kevin-warsh-as-the-next-fed-chair"", ""icon"": ""https://polymarket-upload.s3.us-east-2.amazonaws.com/will-trump-nominate-kevin-warsh-as-the-next-fed-chair-Bc-vVyyVjhsS.jpg"", ""eventSlug"": ""who-will-trump-nominate-as-fed-chair"", ""outcome"": ""No"", ""outcomeIndex"": 1, ""name"": ""7G-MAN"", ""pseudonym"": ""Zigzag-Message"", ""bio"": ""LOL, Fake profit."", ""profileImage"": """", ""profileImageOptimized"": """", ""transactionHash"": ""0x0b77a433f0a24261dfbb57f187b3ad974a043872af39b1b9acd4a659d8124682""}"
1771003615,2026-02-14T02:01:42.359346,0x9456c0785b1cc8c3986ae33b9bb9762e032ca6fbf8e8516dcbf55488b07c3788:1771003615,572469,18289842382539867639079362738467334752951741961393928566628307174343542320349,BUY,0.036,65.0,2.34,0x9456c0785b1cc8c3986ae33b9bb9762e032ca6fbf8e8516dcbf55488b07c3788,"{""proxyWallet"": ""0x6c979ffcc3528a5d2395a2f7c89135711da0988c"", ""side"": ""BUY"", ""asset"": ""18289842382539867639079362738467334752951741961393928566628307174343542320349"", ""conditionId"": ""0x61b66d02793b4a68ab0cc25be60d65f517fe18c7d654041281bb130341244fcc"", ""size"": 65, ""price"": 0.036, ""timestamp"": 1771003615, ""title"": ""Will Trump nominate Kevin Warsh as the next Fed chair?"", ""slug"": ""will-trump-nominate-kevin-warsh-as-the-next-fed-chair"", ""icon"": ""https://polymarket-upload.s3.us-east-2.amazonaws.com/will-trump-nominate-kevin-warsh-as-the-next-fed-chair-Bc-vVyyVjhsS.jpg"", ""eventSlug"": ""who-will-trump-nominate-as-fed-chair"", ""outcome"": ""No"", ""outcomeIndex"": 1, ""name"": ""7G-MAN"", ""pseudonym"": ""Zigzag-Message"", ""bio"": ""LOL, Fake profit."", ""profileImage"": """", ""profileImageOptimized"": """", ""transactionHash"": ""0x9456c0785b1cc8c3986ae33b9bb9762e032ca6fbf8e8516dcbf55488b07c3788""}"
1771003609,2026-02-14T02:01:42.359371,0x839965f294c30600ccf455f2f95f5f7c927bf1e25cb6378e7d76e13dbd20176c:1771003609,572469,18289842382539867639079362738467334752951741961393928566628307174343542320349,BUY,0.036,92.0,3.312,0x839965f294c30600ccf455f2f95f5f7c927bf1e25cb6378e7d76e13dbd20176c,"{""proxyWallet"": ""0x6c979ffcc3528a5d2395a2f7c89135711da0988c"", ""side"": ""BUY"", ""asset"": ""18289842382539867639079362738467334752951741961393928566628307174343542320349"", ""conditionId"": ""0x61b66d02793b4a68ab0cc25be60d65f517fe18c7d654041281bb130341244fcc"", ""size"": 92, ""price"": 0.036, ""timestamp"": 1771003609, ""title"": ""Will Trump nominate Kevin Warsh as the next Fed chair?"", ""slug"": ""will-trump-nominate-kevin-warsh-as-the-next-fed-chair"", ""icon"": ""https://polymarket-upload.s3.us-east-2.amazonaws.com/will-trump-nominate-kevin-warsh-as-the-next-fed-chair-Bc-vVyyVjhsS.jpg"", ""eventSlug"": ""who-will-trump-nominate-as-fed-chair"", ""outcome"": ""No"", ""outcomeIndex"": 1, ""name"": ""7G-MAN"", ""pseudonym"": ""Zigzag-Message"", ""bio"": ""LOL, Fake profit."", ""profileImage"": """", ""profileImageOptimized"": """", ""transactionHash"": ""0x839965f294c30600ccf455f2f95f5f7c927bf1e25cb6378e7d76e13dbd20176c""}"
1771003605,2026-02-14T02:01:42.359390,0xcd44860316c82d878b19f780a39278ba829b4870bb53ebf956cde137abbad98f:1771003605,572469,18289842382539867639079362738467334752951741961393928566628307174343542320349,BUY,0.036,132.0,4.752,0xcd44860316c82d878b19f780a39278ba829b4870bb53ebf956cde137abbad98f,"{""proxyWallet"": ""0x6c979ffcc3528a5d2395a2f7c89135711da0988c"", ""side"": ""BUY"", ""asset"": ""18289842382539867639079362738467334752951741961393928566628307174343542320349"", ""conditionId"": ""0x61b66d02793b4a68ab0cc25be60d65f517fe18c7d654041281bb130341244fcc"", ""size"": 132, ""price"": 0.036, ""timestamp"": 1771003605, ""title"": ""Will Trump nominate Kevin Warsh as the next Fed chair?"", ""slug"": ""will-trump-nominate-kevin-warsh-as-the-next-fed-chair"", ""icon"": ""https://polymarket-upload.s3.us-east-2.amazonaws.com/will-trump-nominate-kevin-warsh-as-the-next-fed-chair-Bc-vVyyVjhsS.jpg"", ""eventSlug"": ""who-will-trump-nominate-as-fed-chair"", ""outcome"": ""No"", ""outcomeIndex"": 1, ""name"": ""7G-MAN"", ""pseudonym"": ""Zigzag-Message"", ""bio"": ""LOL, Fake profit."", ""profileImage"": """", ""profileImageOptimized"": """", ""transactionHash"": ""0xcd44860316c82d878b19f780a39278ba829b4870bb53ebf956cde137abbad98f""}"
1771003599,2026-02-14T02:01:42.359408,0x6e7f179200f6ef2c2e41ed17c5f2c530719dd2249096673a0a82ce60341bdb50:1771003599,572469,18289842382539867639079362738467334752951741961393928566628307174343542320349,BUY,0.036,189.0,6.803999999999999,0x6e7f179200f6ef2c2e41ed17c5f2c530719dd2249096673a0a82ce60341bdb50,"{""proxyWallet"": ""0x6c979ffcc3528a5d2395a2f7c89135711da0988c"", ""side"": ""BUY"", ""asset"": ""18289842382539867639079362738467334752951741961393928566628307174343542320349"", ""conditionId"": ""0x61b66d02793b4a68ab0cc25be60d65f517fe18c7d654041281bb130341244fcc"", ""size"": 189, ""price"": 0.036, ""timestamp"": 1771003599, ""title"": ""Will Trump nominate Kevin Warsh as the next Fed chair?"", ""slug"": ""will-trump-nominate-kevin-warsh-as-the-next-fed-chair"", ""icon"": ""https://polymarket-upload.s3.us-east-2.amazonaws.com/will-trump-nominate-kevin-warsh-as-the-next-fed-chair-Bc-vVyyVjhsS.jpg"", ""eventSlug"": ""who-will-trump-nominate-as-fed-chair"", ""outcome"": ""No"", ""outcomeIndex"": 1, ""name"": ""7G-MAN"", ""pseudonym"": ""Zigzag-Message"", ""bio"": ""LOL, Fake profit."", ""profileImage"": """", ""profileImageOptimized"": """", ""transactionHash"": ""0x6e7f179200f6ef2c2e41ed17c5f2c530719dd2249096673a0a82ce60341bdb50""}"
1771003595,2026-02-14T02:01:42.359428,0x9f16e1d928ab73da6788b54e048a347783615d52c00e8b67d6f001793d8b04d9:1771003595,572469,18289842382539867639079362738467334752951741961393928566628307174343542320349,BUY,0.036,270.0,9.719999999999999,0x9f16e1d928ab73da6788b54e048a347783615d52c00e8b67d6f001793d8b04d9,"{""proxyWallet"": ""0x6c979ffcc3528a5d2395a2f7c89135711da0988c"", ""side"": ""BUY"", ""asset"": ""18289842382539867639079362738467334752951741961393928566628307174343542320349"", ""conditionId"": ""0x61b66d02793b4a68ab0cc25be60d65f517fe18c7d654041281bb130341244fcc"", ""size"": 270, ""price"": 0.036, ""timestamp"": 1771003595, ""title"": ""Will Trump nominate Kevin Warsh as the next Fed chair?"", ""slug"": ""will-trump-nominate-kevin-warsh-as-the-next-fed-chair"", ""icon"": ""https://polymarket-upload.s3.us-east-2.amazonaws.com/will-trump-nominate-kevin-warsh-as-the-next-fed-chair-Bc-vVyyVjhsS.jpg"", ""eventSlug"": ""who-will-trump-nominate-as-fed-chair"", ""outcome"": ""No"", ""outcomeIndex"": 1, ""name"": ""7G-MAN"", ""pseudonym"": ""Zigzag-Message"", ""bio"": ""LOL, Fake profit."", ""profileImage"": """", ""profileImageOptimized"": """", ""transactionHash"": ""0x9f16e1d928ab73da6788b54e048a347783615d52c00e8b67d6f001793d8b04d9""}"
1771003589,2026-02-14T02:01:42.359451,0x6b7cf0e1e67a57913e56850bc6444c81867c0f17f2492a0e8b902b396e1d11f2:1771003589,572469,18289842382539867639079362738467334752951741961393928566628307174343542320349,BUY,0.036,386.0,13.895999999999999,0x6b7cf0e1e67a57913e56850bc6444c81867c0f17f2492a0e8b902b396e1d11f2,"{""proxyWallet"": ""0x6c979ffcc3528a5d2395a2f7c89135711da0988c"", ""side"": ""BUY"", ""asset"": ""18289842382539867639079362738467334752951741961393928566628307174343542320349"", ""conditionId"": ""0x61b66d02793b4a68ab0cc25be60d65f517fe18c7d654041281bb130341244fcc"", ""size"": 386, ""price"": 0.036, ""timestamp"": 1771003589, ""title"": ""Will Trump nominate Kevin Warsh as the next Fed chair?"", ""slug"": ""will-trump-nominate-kevin-warsh-as-the-next-fed-chair"", ""icon"": ""https://polymarket-upload.s3.us-east-2.amazonaws.com/will-trump-nominate-kevin-warsh-as-the-next-fed-chair-Bc-vVyyVjhsS.jpg"", ""eventSlug"": ""who-will-trump-nominate-as-fed-chair"", ""outcome"": ""No"", ""outcomeIndex"": 1, ""name"": ""7G-MAN"", ""pseudonym"": ""Zigzag-Message"", ""bio"": ""LOL, Fake profit."", ""profileImage"": """", ""profileImageOptimized"": """", ""transactionHash"": ""0x6b7cf0e1e67a57913e56850bc6444c81867c0f17f2492a0e8b902b396e1d11f2""}"
1771003585,2026-02-14T02:01:42.359471,0xeb29f705a07bc87d973a430c2b5149b62fd9b2dfdbda324d4d58aaf4a6ad18dd:1771003585,572469,18289842382539867639079362738467334752951741961393928566628307174343542320349,BUY,0.036,122.0,4.3919999999999995,0xeb29f705a07bc87d973a430c2b5149b62fd9b2dfdbda324d4d58aaf4a6ad18dd,"{""proxyWallet"": ""0x6c979ffcc3528a5d2395a2f7c89135711da0988c"", ""side"": ""BUY"", ""asset"": ""18289842382539867639079362738467334752951741961393928566628307174343542320349"", ""conditionId"": ""0x61b66d02793b4a68ab0cc25be60d65f517fe18c7d654041281bb130341244fcc"", ""size"": 122, ""price"": 0.036, ""timestamp"": 1771003585, ""title"": ""Will Trump nominate Kevin Warsh as the next Fed chair?"", ""slug"": ""will-trump-nominate-kevin-warsh-as-the-next-fed-chair"", ""icon"": ""https://polymarket-upload.s3.us-east-2.amazonaws.com/will-trump-nominate-kevin-warsh-as-the-next-fed-chair-Bc-vVyyVjhsS.jpg"", ""eventSlug"": ""who-will-trump-nominate-as-fed-chair"", ""outcome"": ""No"", ""outcomeIndex"": 1, ""name"": ""7G-MAN"", ""pseudonym"": ""Zigzag-Message"", ""bio"": ""LOL, Fake profit."", ""profileImage"": """", ""profileImageOptimized"": """", ""transactionHash"": ""0xeb29f705a07bc87d973a430c2b5149b62fd9b2dfdbda324d4d58aaf4a6ad18dd""}"
1771003583,2026-02-14T02:01:42.359494,0xf78973ffae85035e5fe26bdf65373cae021ed5e52568480bb13e865699623b07:1771003583,572469,18289842382539867639079362738467334752951741961393928566628307174343542320349,BUY,0.036,2.68,0.09648,0xf78973ffae85035e5fe26bdf65373cae021ed5e52568480bb13e865699623b07,"{""proxyWallet"": ""0x30cecdf29f069563ea21b8ae94492e41e53a6b2b"", ""side"": ""BUY"", ""asset"": ""18289842382539867639079362738467334752951741961393928566628307174343542320349"", ""conditionId"": ""0x61b66d02793b4a68ab0cc25be60d65f517fe18c7d654041281bb130341244fcc"", ""size"": 2.68, ""price"": 0.036, ""timestamp"": 1771003583, ""title"": ""Will Trump nominate Kevin Warsh as the next Fed chair?"", ""slug"": ""will-trump-nominate-kevin-warsh-as-the-next-fed-chair"", ""icon"": ""https://polymarket-upload.s3.us-east-2.amazonaws.com/will-trump-nominate-kevin-warsh-as-the-next-fed-chair-Bc-vVyyVjhsS.jpg"", ""eventSlug"": ""who-will-trump-nominate-as-fed-chair"", ""outcome"": ""No"", ""outcomeIndex"": 1, ""name"": ""ZXWP"", ""pseudonym"": ""Well-Documented-Hit"", ""bio"": """", ""profileImage"": """", ""profileImageOptimized"": """", ""transactionHash"": ""0xf78973ffae85035e5fe26bdf65373cae021ed5e52568480bb13e865699623b07""}"
1771003579,2026-02-14T02:01:42.359515,0xbac2a19053d17faeb54e03bcf474214ec4c274466d22a6334a0a346dfcafab3d:1771003579,572469,18289842382539867639079362738467334752951741961393928566628307174343542320349,BUY,0.036,194.0,6.983999999999999,0xbac2a19053d17faeb54e03bcf474214ec4c274466d22a6334a0a346dfcafab3d,"{""proxyWallet"": ""0x6c979ffcc3528a5d2395a2f7c89135711da0988c"", ""side"": ""BUY"", ""asset"": ""18289842382539867639079362738467334752951741961393928566628307174343542320349"", ""conditionId"": ""0x61b66d02793b4a68ab0cc25be60d65f517fe18c7d654041281bb130341244fcc"", ""size"": 194, ""price"": 0.036, ""timestamp"": 1771003579, ""title"": ""Will Trump nominate Kevin Warsh as the next Fed chair?"", ""slug"": ""will-trump-nominate-kevin-warsh-as-the-next-fed-chair"", ""icon"": ""https://polymarket-upload.s3.us-east-2.amazonaws.com/will-trump-nominate-kevin-warsh-as-the-next-fed-chair-Bc-vVyyVjhsS.jpg"", ""eventSlug"": ""who-will-trump-nominate-as-fed-chair"", ""outcome"": ""No"", ""outcomeIndex"": 1, ""name"": ""7G-MAN"", ""pseudonym"": ""Zigzag-Message"", ""bio"": ""LOL, Fake profit."", ""profileImage"": """", ""profileImageOptimized"": """", ""transactionHash"": ""0xbac2a19053d17faeb54e03bcf474214ec4c274466d22a6334a0a346dfcafab3d""}"
1771003575,2026-02-14T02:01:42.359537,0x7f75fe57549fe1001cccbbdc81ac8b0c4ec69387ed01111b4bf4066deaa34484:1771003575,572469,18289842382539867639079362738467334752951741961393928566628307174343542320349,BUY,0.036,21.4,0.7703999999999999,0x7f75fe57549fe1001cccbbdc81ac8b0c4ec69387ed01111b4bf4066deaa34484,"{""proxyWallet"": ""0x30cecdf29f069563ea21b8ae94492e41e53a6b2b"", ""side"": ""BUY"", ""asset"": ""18289842382539867639079362738467334752951741961393928566628307174343542320349"", ""conditionId"": ""0x61b66d02793b4a68ab0cc25be60d65f517fe18c7d654041281bb130341244fcc"", ""size"": 21.4, ""price"": 0.036, ""timestamp"": 1771003575, ""title"": ""Will Trump nominate Kevin Warsh as the next Fed chair?"", ""slug"": ""will-trump-nominate-kevin-warsh-as-the-next-fed-chair"", ""icon"": ""https://polymarket-upload.s3.us-east-2.amazonaws.com/will-trump-nominate-kevin-warsh-as-the-next-fed-chair-Bc-vVyyVjhsS.jpg"", ""eventSlug"": ""who-will-trump-nominate-as-fed-chair"", ""outcome"": ""No"", ""outcomeIndex"": 1, ""name"": ""ZXWP"", ""pseudonym"": ""Well-Documented-Hit"", ""bio"": """", ""profileImage"": """", ""profileImageOptimized"": """", ""transactionHash"": ""0x7f75fe57549fe1001cccbbdc81ac8b0c4ec69387ed01111b4bf4066deaa34484""}"
1771003573,2026-02-14T02:01:42.359556,0x63c6c31570878c8a057fe3b5aee5638b3cb9163933541be0581c6b1ec0b43250:1771003573,572469,18289842382539867639079362738467334752951741961393928566628307174343542320349,BUY,0.036,285.0,10.26,0x63c6c31570878c8a057fe3b5aee5638b3cb9163933541be0581c6b1ec0b43250,"{""proxyWallet"": ""0x6c979ffcc3528a5d2395a2f7c89135711da0988c"", ""side"": ""BUY"", ""asset"": ""18289842382539867639079362738467334752951741961393928566628307174343542320349"", ""conditionId"": ""0x61b66d02793b4a68ab0cc25be60d65f517fe18c7d654041281bb130341244fcc"", ""size"": 285, ""price"": 0.036, ""timestamp"": 1771003573, ""title"": ""Will Trump nominate Kevin Warsh as the next Fed chair?"", ""slug"": ""will-trump-nominate-kevin-warsh-as-the-next-fed-chair"", ""icon"": ""https://polymarket-upload.s3.us-east-2.amazonaws.com/will-trump-nominate-kevin-warsh-as-the-next-fed-chair-Bc-vVyyVjhsS.jpg"", ""eventSlug"": ""who-will-trump-nominate-as-fed-chair"", ""outcome"": ""No"", ""outcomeIndex"": 1, ""name"": ""7G-MAN"", ""pseudonym"": ""Zigzag-Message"", ""bio"": ""LOL, Fake profit."", ""profileImage"": """", ""profileImageOptimized"": """", ""transactionHash"": ""0x63c6c31570878c8a057fe3b5aee5638b3cb9163933541be0581c6b1ec0b43250""}"
1771003567,2026-02-14T02:01:42.359578,0xe9942fd36e0725b0ae2c1d0b029be9b38073091b3cffa138841dec1b10c1878d:1771003567,572469,18289842382539867639079362738467334752951741961393928566628307174343542320349,BUY,0.035,171.26,5.9941,0xe9942fd36e0725b0ae2c1d0b029be9b38073091b3cffa138841dec1b10c1878d,"{""proxyWallet"": ""0x30cecdf29f069563ea21b8ae94492e41e53a6b2b"", ""side"": ""BUY"", ""asset"": ""18289842382539867639079362738467334752951741961393928566628307174343542320349"", ""conditionId"": ""0x61b66d02793b4a68ab0cc25be60d65f517fe18c7d654041281bb130341244fcc"", ""size"": 171.26, ""price"": 0.035, ""timestamp"": 1771003567, ""title"": ""Will Trump nominate Kevin Warsh as the next Fed chair?"", ""slug"": ""will-trump-nominate-kevin-warsh-as-the-next-fed-chair"", ""icon"": ""https://polymarket-upload.s3.us-east-2.amazonaws.com/will-trump-nominate-kevin-warsh-as-the-next-fed-chair-Bc-vVyyVjhsS.jpg"", ""eventSlug"": ""who-will-trump-nominate-as-fed-chair"", ""outcome"": ""No"", ""outcomeIndex"": 1, ""name"": ""ZXWP"", ""pseudonym"": ""Well-Documented-Hit"", ""bio"": """", ""profileImage"": """", ""profileImageOptimized"": """", ""transactionHash"": ""0xe9942fd36e0725b0ae2c1d0b029be9b38073091b3cffa138841dec1b10c1878d""}"
1771003563,2026-02-14T02:01:42.359599,0xe4fc5831bc84b87c10083d3d7c5d9b39baff52c3a371b19e077cf7b8669332bb:1771003563,572469,18289842382539867639079362738467334752951741961393928566628307174343542320349,BUY,0.03500000070000001,57.142856,2.0,0xe4fc5831bc84b87c10083d3d7c5d9b39baff52c3a371b19e077cf7b8669332bb,"{""proxyWallet"": ""0x4a72457138f4878d58e80a724c59bdb92efd24af"", ""side"": ""BUY"", ""asset"": ""18289842382539867639079362738467334752951741961393928566628307174343542320349"", ""conditionId"": ""0x61b66d02793b4a68ab0cc25be60d65f517fe18c7d654041281bb130341244fcc"", ""size"": 57.142856, ""price"": 0.03500000070000001, ""timestamp"": 1771003563, ""title"": ""Will Trump nominate Kevin Warsh as the next Fed chair?"", ""slug"": ""will-trump-nominate-kevin-warsh-as-the-next-fed-chair"", ""icon"": ""https://polymarket-upload.s3.us-east-2.amazonaws.com/will-trump-nominate-kevin-warsh-as-the-next-fed-chair-Bc-vVyyVjhsS.jpg"", ""eventSlug"": ""who-will-trump-nominate-as-fed-chair"", ""outcome"": ""No"", ""outcomeIndex"": 1, ""name"": """", ""pseudonym"": """", ""bio"": """", ""profileImage"": """", ""profileImageOptimized"": """", ""transactionHash"": ""0xe4fc5831bc84b87c10083d3d7c5d9b39baff52c3a371b19e077cf7b8669332bb""}"
1771003555,2026-02-14T02:01:42.359621,0x1ce8994f02a8ff902d9e7ba9b764fe8c318877346aeb873ee728e983a54a23dd:1771003555,572469,18289842382539867639079362738467334752951741961393928566628307174343542320349,SELL,0.034,0.09,0.0030600000000000002,0x1ce8994f02a8ff902d9e7ba9b764fe8c318877346aeb873ee728e983a54a23dd,"{""proxyWallet"": ""0x076b73a8d48c4da6136fc64e1b7dfe2136b4354c"", ""side"": ""SELL"", ""asset"": ""18289842382539867639079362738467334752951741961393928566628307174343542320349"", ""conditionId"": ""0x61b66d02793b4a68ab0cc25be60d65f517fe18c7d654041281bb130341244fcc"", ""size"": 0.09, ""price"": 0.034, ""timestamp"": 1771003555, ""title"": ""Will Trump nominate Kevin Warsh as the next Fed chair?"", ""slug"": ""will-trump-nominate-kevin-warsh-as-the-next-fed-chair"", ""icon"": ""https://polymarket-upload.s3.us-east-2.amazonaws.com/will-trump-nominate-kevin-warsh-as-the-next-fed-chair-Bc-vVyyVjhsS.jpg"", ""eventSlug"": ""who-will-trump-nominate-as-fed-chair"", ""outcome"": ""No"", ""outcomeIndex"": 1, ""name"": ""funkc"", ""pseudonym"": ""Easy-Going-Puggle"", ""bio"": """", ""profileImage"": ""https://polymarket-upload.s3.us-east-2.amazonaws.com/profile-image-5867229-2bfff306-e0e1-430c-80c9-9adacda02b76.jpg"", ""profileImageOptimized"": """", ""transactionHash"": ""0x1ce8994f02a8ff902d9e7ba9b764fe8c318877346aeb873ee728e983a54a23dd""}"
1771003551,2026-02-14T02:01:42.359644,0xe36c19310a8d93a6eb9cd0f9645378f05e45cf3ac6c62dd4c72b84e66beec9c6:1771003551,572469,18289842382539867639079362738467334752951741961393928566628307174343542320349,BUY,0.035,5185.51,181.49285000000003,0xe36c19310a8d93a6eb9cd0f9645378f05e45cf3ac6c62dd4c72b84e66beec9c6,"{""proxyWallet"": ""0x12d6cccfc7470a3f4bafc53599a4779cbf2cf2a8"", ""side"": ""BUY"", ""asset"": ""18289842382539867639079362738467334752951741961393928566628307174343542320349"", ""conditionId"": ""0x61b66d02793b4a68ab0cc25be60d65f517fe18c7d654041281bb130341244fcc"", ""size"": 5185.51, ""price"": 0.035, ""timestamp"": 1771003551, ""title"": ""Will Trump nominate Kevin Warsh as the next Fed chair?"", ""slug"": ""will-trump-nominate-kevin-warsh-as-the-next-fed-chair"", ""icon"": ""https://polymarket-upload.s3.us-east-2.amazonaws.com/will-trump-nominate-kevin-warsh-as-the-next-fed-chair-Bc-vVyyVjhsS.jpg"", ""eventSlug"": ""who-will-trump-nominate-as-fed-chair"", ""outcome"": ""No"", ""outcomeIndex"": 1, ""name"": ""classified"", ""pseudonym"": ""Personal-Bake"", ""bio"": ""REDACTED"", ""profileImage"": ""https://polymarket-upload.s3.us-east-2.amazonaws.com/profile-image-2637613-f573f7f0-53b7-4a8d-b884-fec7b37d1b7d.png"", ""profileImageOptimized"": """", ""transactionHash"": ""0xe36c19310a8d93a6eb9cd0f9645378f05e45cf3ac6c62dd4c72b84e66beec9c6""}"
1771003551,2026-02-14T02:01:42.359665,0x6996892eb2eed679f499dc10c7d99a7c5867b365096041c7e9b07a0c6a69848c:1771003551,572469,18289842382539867639079362738467334752951741961393928566628307174343542320349,SELL,0.034,0.03,0.00102,0x6996892eb2eed679f499dc10c7d99a7c5867b365096041c7e9b07a0c6a69848c,"{""proxyWallet"": ""0x4a72457138f4878d58e80a724c59bdb92efd24af"", ""side"": ""SELL"", ""asset"": ""18289842382539867639079362738467334752951741961393928566628307174343542320349"", ""conditionId"": ""0x61b66d02793b4a68ab0cc25be60d65f517fe18c7d654041281bb130341244fcc"", ""size"": 0.03, ""price"": 0.034, ""timestamp"": 1771003551, ""title"": ""Will Trump nominate Kevin Warsh as the next Fed chair?"", ""slug"": ""will-trump-nominate-kevin-warsh-as-the-next-fed-chair"", ""icon"": ""https://polymarket-upload.s3.us-east-2.amazonaws.com/will-trump-nominate-kevin-warsh-as-the-next-fed-chair-Bc-vVyyVjhsS.jpg"", ""eventSlug"": ""who-will-trump-nominate-as-fed-chair"", ""outcome"": ""No"", ""outcomeIndex"": 1, ""name"": """", ""pseudonym"": """", ""bio"": """", ""profileImage"": """", ""profileImageOptimized"": """", ""transactionHash"": ""0x6996892eb2eed679f499dc10c7d99a7c5867b365096041c7e9b07a0c6a69848c""}"
1771003551,2026-02-14T02:01:42.359683,0x027cfe177974b86791aba777ddd0d6956deb34ff2e370be10e375b9da685bef6:1771003551,572469,18289842382539867639079362738467334752951741961393928566628307174343542320349,SELL,0.034,1.66,0.056440000000000004,0x027cfe177974b86791aba777ddd0d6956deb34ff2e370be10e375b9da685bef6,"{""proxyWallet"": ""0x076b73a8d48c4da6136fc64e1b7dfe2136b4354c"", ""side"": ""SELL"", ""asset"": ""18289842382539867639079362738467334752951741961393928566628307174343542320349"", ""conditionId"": ""0x61b66d02793b4a68ab0cc25be60d65f517fe18c7d654041281bb130341244fcc"", ""size"": 1.66, ""price"": 0.034, ""timestamp"": 1771003551, ""title"": ""Will Trump nominate Kevin Warsh as the next Fed chair?"", ""slug"": ""will-trump-nominate-kevin-warsh-as-the-next-fed-chair"", ""icon"": ""https://polymarket-upload.s3.us-east-2.amazonaws.com/will-trump-nominate-kevin-warsh-as-the-next-fed-chair-Bc-vVyyVjhsS.jpg"", ""eventSlug"": ""who-will-trump-nominate-as-fed-chair"", ""outcome"": ""No"", ""outcomeIndex"": 1, ""name"": ""funkc"", ""pseudonym"": ""Easy-Going-Puggle"", ""bio"": """", ""profileImage"": ""https://polymarket-upload.s3.us-east-2.amazonaws.com/profile-image-5867229-2bfff306-e0e1-430c-80c9-9adacda02b76.jpg"", ""profileImageOptimized"": """", ""transactionHash"": ""0x027cfe177974b86791aba777ddd0d6956deb34ff2e370be10e375b9da685bef6""}"
1771003551,2026-02-14T02:01:42.359702,0xbe2dd1e5162f0da2b5a07e9f09031724887f7a1d0f605a765978dfe2599ee518:1771003551,572469,18289842382539867639079362738467334752951741961393928566628307174343542320349,SELL,0.034,0.11,0.0037400000000000003,0xbe2dd1e5162f0da2b5a07e9f09031724887f7a1d0f605a765978dfe2599ee518,"{""proxyWallet"": ""0x956f12f5b4ee207752e97a76c21633802a5120ac"", ""side"": ""SELL"", ""asset"": ""18289842382539867639079362738467334752951741961393928566628307174343542320349"", ""conditionId"": ""0x61b66d02793b4a68ab0cc25be60d65f517fe18c7d654041281bb130341244fcc"", ""size"": 0.11, ""price"": 0.034, ""timestamp"": 1771003551, ""title"": ""Will Trump nominate Kevin Warsh as the next Fed chair?"", ""slug"": ""will-trump-nominate-kevin-warsh-as-the-next-fed-chair"", ""icon"": ""https://polymarket-upload.s3.us-east-2.amazonaws.com/will-trump-nominate-kevin-warsh-as-the-next-fed-chair-Bc-vVyyVjhsS.jpg"", ""eventSlug"": ""who-will-trump-nominate-as-fed-chair"", ""outcome"": ""No"", ""outcomeIndex"": 1, ""name"": """", ""pseudonym"": """", ""bio"": """", ""profileImage"": """", ""profileImageOptimized"": """", ""transactionHash"": ""0xbe2dd1e5162f0da2b5a07e9f09031724887f7a1d0f605a765978dfe2599ee518""}"
1771003545,2026-02-14T02:01:42.359723,0x851c606427ff7a0a3f7559483cb759fb0c5c6fdf2cd6f84291da2500ba9d80b8:1771003545,572469,18289842382539867639079362738467334752951741961393928566628307174343542320349,BUY,0.035,300.0,10.500000000000002,0x851c606427ff7a0a3f7559483cb759fb0c5c6fdf2cd6f84291da2500ba9d80b8,"{""proxyWallet"": ""0xe8dd7741ccb12350957ec71e9ee332e0d1e6ec86"", ""side"": ""BUY"", ""asset"": ""18289842382539867639079362738467334752951741961393928566628307174343542320349"", ""conditionId"": ""0x61b66d02793b4a68ab0cc25be60d65f517fe18c7d654041281bb130341244fcc"", ""size"": 300, ""price"": 0.035, ""timestamp"": 1771003545, ""title"": ""Will Trump nominate Kevin Warsh as the next Fed chair?"", ""slug"": ""will-trump-nominate-kevin-warsh-as-the-next-fed-chair"", ""icon"": ""https://polymarket-upload.s3.us-east-2.amazonaws.com/will-trump-nominate-kevin-warsh-as-the-next-fed-chair-Bc-vVyyVjhsS.jpg"", ""eventSlug"": ""who-will-trump-nominate-as-fed-chair"", ""outcome"": ""No"", ""outcomeIndex"": 1, ""name"": ""influenz.eth"", ""pseudonym"": ""Real-Veteran"", ""bio"": ""3820"", ""profileImage"": """", ""profileImageOptimized"": """", ""transactionHash"": ""0x851c606427ff7a0a3f7559483cb759fb0c5c6fdf2cd6f84291da2500ba9d80b8""}"
1771003537,2026-02-14T02:01:42.359749,0xf9f87c9bed4bbcb00c7b11876a9930285c0ad5eb3c22411e447cf9dd0275a782:1771003537,572469,18289842382539867639079362738467334752951741961393928566628307174343542320349,SELL,0.034,0.01,0.00034,0xf9f87c9bed4bbcb00c7b11876a9930285c0ad5eb3c22411e447cf9dd0275a782,"{""proxyWallet"": ""0x201d64d5fbe721bda742eba45cfbeb34889e2e13"", ""side"": ""SELL"", ""asset"": ""18289842382539867639079362738467334752951741961393928566628307174343542320349"", ""conditionId"": ""0x61b66d02793b4a68ab0cc25be60d65f517fe18c7d654041281bb130341244fcc"", ""size"": 0.01, ""price"": 0.034, ""timestamp"": 1771003537, ""title"": ""Will Trump nominate Kevin Warsh as the next Fed chair?"", ""slug"": ""will-trump-nominate-kevin-warsh-as-the-next-fed-chair"", ""icon"": ""https://polymarket-upload.s3.us-east-2.amazonaws.com/will-trump-nominate-kevin-warsh-as-the-next-fed-chair-Bc-vVyyVjhsS.jpg"", ""eventSlug"": ""who-will-trump-nominate-as-fed-chair"", ""outcome"": ""No"", ""outcomeIndex"": 1, ""name"": """", ""pseudonym"": """", ""bio"": """", ""profileImage"": """", ""profileImageOptimized"": """", ""transactionHash"": ""0xf9f87c9bed4bbcb00c7b11876a9930285c0ad5eb3c22411e447cf9dd0275a782""}"
1771003517,2026-02-14T02:01:42.359774,0xa522daa45ff810ade80409f874cdca670ed793134bb12b048cfb9f95326cbedc:1771003517,572469,18289842382539867639079362738467334752951741961393928566628307174343542320349,SELL,0.033,250.19,8.25627,0xa522daa45ff810ade80409f874cdca670ed793134bb12b048cfb9f95326cbedc,"{""proxyWallet"": ""0xbccedf41ecf2ab16482ea5add8eced9420a026c9"", ""side"": ""SELL"", ""asset"": ""18289842382539867639079362738467334752951741961393928566628307174343542320349"", ""conditionId"": ""0x61b66d02793b4a68ab0cc25be60d65f517fe18c7d654041281bb130341244fcc"", ""size"": 250.19, ""price"": 0.033, ""timestamp"": 1771003517, ""title"": ""Will Trump nominate Kevin Warsh as the next Fed chair?"", ""slug"": ""will-trump-nominate-kevin-warsh-as-the-next-fed-chair"", ""icon"": ""https://polymarket-upload.s3.us-east-2.amazonaws.com/will-trump-nominate-kevin-warsh-as-the-next-fed-chair-Bc-vVyyVjhsS.jpg"", ""eventSlug"": ""who-will-trump-nominate-as-fed-chair"", ""outcome"": ""No"", ""outcomeIndex"": 1, ""name"": ""clawdibotti"", ""pseudonym"": ""Keen-Fugato"", ""bio"": """", ""profileImage"": """", ""profileImageOptimized"": """", ""transactionHash"": ""0xa522daa45ff810ade80409f874cdca670ed793134bb12b048cfb9f95326cbedc""}"
1771003517,2026-02-14T02:01:42.359797,0xcb54b8b7c9c56019dfbf5f0beff1650906796155814354a4bf0add4fbc262560:1771003517,572469,18289842382539867639079362738467334752951741961393928566628307174343542320349,SELL,0.033,0.71,0.02343,0xcb54b8b7c9c56019dfbf5f0beff1650906796155814354a4bf0add4fbc262560,"{""proxyWallet"": ""0x4a72457138f4878d58e80a724c59bdb92efd24af"", ""side"": ""SELL"", ""asset"": ""18289842382539867639079362738467334752951741961393928566628307174343542320349"", ""conditionId"": ""0x61b66d02793b4a68ab0cc25be60d65f517fe18c7d654041281bb130341244fcc"", ""size"": 0.71, ""price"": 0.033, ""timestamp"": 1771003517, ""title"": ""Will Trump nominate Kevin Warsh as the next Fed chair?"", ""slug"": ""will-trump-nominate-kevin-warsh-as-the-next-fed-chair"", ""icon"": ""https://polymarket-upload.s3.us-east-2.amazonaws.com/will-trump-nominate-kevin-warsh-as-the-next-fed-chair-Bc-vVyyVjhsS.jpg"", ""eventSlug"": ""who-will-trump-nominate-as-fed-chair"", ""outcome"": ""No"", ""outcomeIndex"": 1, ""name"": """", ""pseudonym"": """", ""bio"": """", ""profileImage"": """", ""profileImageOptimized"": """", ""transactionHash"": ""0xcb54b8b7c9c56019dfbf5f0beff1650906796155814354a4bf0add4fbc262560""}"
1771003517,2026-02-14T02:01:42.359819,0x3c287f54d56dc72b075be01c58092262eef0093066a115592cd8ba33b2b4a233:1771003517,572469,18289842382539867639079362738467334752951741961393928566628307174343542320349,SELL,0.033,30.81,1.01673,0x3c287f54d56dc72b075be01c58092262eef0093066a115592cd8ba33b2b4a233,"{""proxyWallet"": ""0x076b73a8d48c4da6136fc64e1b7dfe2136b4354c"", ""side"": ""SELL"", ""asset"": ""18289842382539867639079362738467334752951741961393928566628307174343542320349"", ""conditionId"": ""0x61b66d02793b4a68ab0cc25be60d65f517fe18c7d654041281bb130341244fcc"", ""size"": 30.81, ""price"": 0.033, ""timestamp"": 1771003517, ""title"": ""Will Trump nominate Kevin Warsh as the next Fed chair?"", ""slug"": ""will-trump-nominate-kevin-warsh-as-the-next-fed-chair"", ""icon"": ""https://polymarket-upload.s3.us-east-2.amazonaws.com/will-trump-nominate-kevin-warsh-as-the-next-fed-chair-Bc-vVyyVjhsS.jpg"", ""eventSlug"": ""who-will-trump-nominate-as-fed-chair"", ""outcome"": ""No"", ""outcomeIndex"": 1, ""name"": ""funkc"", ""pseudonym"": ""Easy-Going-Puggle"", ""bio"": """", ""profileImage"": ""https://polymarket-upload.s3.us-east-2.amazonaws.com/profile-image-5867229-2bfff306-e0e1-430c-80c9-9adacda02b76.jpg"", ""profileImageOptimized"": """", ""transactionHash"": ""0x3c287f54d56dc72b075be01c58092262eef0093066a115592cd8ba33b2b4a233""}"
1771003517,2026-02-14T02:01:42.359849,0xa1bd557de314667545900689a4b895dfc3f9c5f426f59ef8fa44a045fee5d359:1771003517,572469,18289842382539867639079362738467334752951741961393928566628307174343542320349,SELL,0.033,2.06,0.06798,0xa1bd557de314667545900689a4b895dfc3f9c5f426f59ef8fa44a045fee5d359,"{""proxyWallet"": ""0x956f12f5b4ee207752e97a76c21633802a5120ac"", ""side"": ""SELL"", ""asset"": ""18289842382539867639079362738467334752951741961393928566628307174343542320349"", ""conditionId"": ""0x61b66d02793b4a68ab0cc25be60d65f517fe18c7d654041281bb130341244fcc"", ""size"": 2.06, ""price"": 0.033, ""timestamp"": 1771003517, ""title"": ""Will Trump nominate Kevin Warsh as the next Fed chair?"", ""slug"": ""will-trump-nominate-kevin-warsh-as-the-next-fed-chair"", ""icon"": ""https://polymarket-upload.s3.us-east-2.amazonaws.com/will-trump-nominate-kevin-warsh-as-the-next-fed-chair-Bc-vVyyVjhsS.jpg"", ""eventSlug"": ""who-will-trump-nominate-as-fed-chair"", ""outcome"": ""No"", ""outcomeIndex"": 1, ""name"": """", ""pseudonym"": """", ""bio"": """", ""profileImage"": """", ""profileImageOptimized"": """", ""transactionHash"": ""0xa1bd557de314667545900689a4b895dfc3f9c5f426f59ef8fa44a045fee5d359""}"
1771003511,2026-02-14T02:01:42.359871,0xcf6a402251cc74cd9209a4df80825514e7fbb8d9c8cc7397807a32eeea8514ff:1771003511,572469,18289842382539867639079362738467334752951741961393928566628307174343542320349,BUY,0.03499999913654354,1082.857141,37.899999,0xcf6a402251cc74cd9209a4df80825514e7fbb8d9c8cc7397807a32eeea8514ff,"{""proxyWallet"": ""0x2306e58ff1990635e8512fc49795b454e2adddde"", ""side"": ""BUY"", ""asset"": ""18289842382539867639079362738467334752951741961393928566628307174343542320349"", ""conditionId"": ""0x61b66d02793b4a68ab0cc25be60d65f517fe18c7d654041281bb130341244fcc"", ""size"": 1082.857141, ""price"": 0.03499999913654354, ""timestamp"": 1771003511, ""title"": ""Will Trump nominate Kevin Warsh as the next Fed chair?"", ""slug"": ""will-trump-nominate-kevin-warsh-as-the-next-fed-chair"", ""icon"": ""https://polymarket-upload.s3.us-east-2.amazonaws.com/will-trump-nominate-kevin-warsh-as-the-next-fed-chair-Bc-vVyyVjhsS.jpg"", ""eventSlug"": ""who-will-trump-nominate-as-fed-chair"", ""outcome"": ""No"", ""outcomeIndex"": 1, ""name"": ""Avrynnechu"", ""pseudonym"": ""Likely-Eyelids"", ""bio"": """", ""profileImage"": """", ""profileImageOptimized"": """", ""transactionHash"": ""0xcf6a402251cc74cd9209a4df80825514e7fbb8d9c8cc7397807a32eeea8514ff""}"
1771003511,2026-02-14T02:01:42.359891,0x862f6fb51c91543fd0721d184c1141465357ca7c23ce36efa5caadf238df6cfb:1771003511,572469,18289842382539867639079362738467334752951741961393928566628307174343542320349,SELL,0.033,0.25,0.00825,0x862f6fb51c91543fd0721d184c1141465357ca7c23ce36efa5caadf238df6cfb,"{""proxyWallet"": ""0x201d64d5fbe721bda742eba45cfbeb34889e2e13"", ""side"": ""SELL"", ""asset"": ""18289842382539867639079362738467334752951741961393928566628307174343542320349"", ""conditionId"": ""0x61b66d02793b4a68ab0cc25be60d65f517fe18c7d654041281bb130341244fcc"", ""size"": 0.25, ""price"": 0.033, ""timestamp"": 1771003511, ""title"": ""Will Trump nominate Kevin Warsh as the next Fed chair?"", ""slug"": ""will-trump-nominate-kevin-warsh-as-the-next-fed-chair"", ""icon"": ""https://polymarket-upload.s3.us-east-2.amazonaws.com/will-trump-nominate-kevin-warsh-as-the-next-fed-chair-Bc-vVyyVjhsS.jpg"", ""eventSlug"": ""who-will-trump-nominate-as-fed-chair"", ""outcome"": ""No"", ""outcomeIndex"": 1, ""name"": """", ""pseudonym"": """", ""bio"": """", ""profileImage"": """", ""profileImageOptimized"": """", ""transactionHash"": ""0x862f6fb51c91543fd0721d184c1141465357ca7c23ce36efa5caadf238df6cfb""}"
1771003507,2026-02-14T02:01:42.359914,0x2149e2c514e4f3d6b9af06057e5046bdf44ed6352ed5f805d36ceadbe308bb28:1771003507,572469,18289842382539867639079362738467334752951741961393928566628307174343542320349,SELL,0.033,0.24,0.00792,0x2149e2c514e4f3d6b9af06057e5046bdf44ed6352ed5f805d36ceadbe308bb28,"{""proxyWallet"": ""0x201d64d5fbe721bda742eba45cfbeb34889e2e13"", ""side"": ""SELL"", ""asset"": ""18289842382539867639079362738467334752951741961393928566628307174343542320349"", ""conditionId"": ""0x61b66d02793b4a68ab0cc25be60d65f517fe18c7d654041281bb130341244fcc"", ""size"": 0.24, ""price"": 0.033, ""timestamp"": 1771003507, ""title"": ""Will Trump nominate Kevin Warsh as the next Fed chair?"", ""slug"": ""will-trump-nominate-kevin-warsh-as-the-next-fed-chair"", ""icon"": ""https://polymarket-upload.s3.us-east-2.amazonaws.com/will-trump-nominate-kevin-warsh-as-the-next-fed-chair-Bc-vVyyVjhsS.jpg"", ""eventSlug"": ""who-will-trump-nominate-as-fed-chair"", ""outcome"": ""No"", ""outcomeIndex"": 1, ""name"": """", ""pseudonym"": """", ""bio"": """", ""profileImage"": """", ""profileImageOptimized"": """", ""transactionHash"": ""0x2149e2c514e4f3d6b9af06057e5046bdf44ed6352ed5f805d36ceadbe308bb28""}"
1771003507,2026-02-14T02:01:42.359939,0xac35aa7ce2c8dbe5ec667fd29f67113cde51b62756554e5da21cbbcfc743e557:1771003507,572469,18289842382539867639079362738467334752951741961393928566628307174343542320349,SELL,0.033,29.88,0.98604,0xac35aa7ce2c8dbe5ec667fd29f67113cde51b62756554e5da21cbbcfc743e557,"{""proxyWallet"": ""0x076b73a8d48c4da6136fc64e1b7dfe2136b4354c"", ""side"": ""SELL"", ""asset"": ""18289842382539867639079362738467334752951741961393928566628307174343542320349"", ""conditionId"": ""0x61b66d02793b4a68ab0cc25be60d65f517fe18c7d654041281bb130341244fcc"", ""size"": 29.88, ""price"": 0.033, ""timestamp"": 1771003507, ""title"": ""Will Trump nominate Kevin Warsh as the next Fed chair?"", ""slug"": ""will-trump-nominate-kevin-warsh-as-the-next-fed-chair"", ""icon"": ""https://polymarket-upload.s3.us-east-2.amazonaws.com/will-trump-nominate-kevin-warsh-as-the-next-fed-chair-Bc-vVyyVjhsS.jpg"", ""eventSlug"": ""who-will-trump-nominate-as-fed-chair"", ""outcome"": ""No"", ""outcomeIndex"": 1, ""name"": ""funkc"", ""pseudonym"": ""Easy-Going-Puggle"", ""bio"": """", ""profileImage"": ""https://polymarket-upload.s3.us-east-2.amazonaws.com/profile-image-5867229-2bfff306-e0e1-430c-80c9-9adacda02b76.jpg"", ""profileImageOptimized"": """", ""transactionHash"": ""0xac35aa7ce2c8dbe5ec667fd29f67113cde51b62756554e5da21cbbcfc743e557""}"
1771003507,2026-02-14T02:01:42.359961,0xe1d36638979884decba5eb74942cde9881c2bb01d779df31e1af2832211ac817:1771003507,572469,18289842382539867639079362738467334752951741961393928566628307174343542320349,SELL,0.033,2.0,0.066,0xe1d36638979884decba5eb74942cde9881c2bb01d779df31e1af2832211ac817,"{""proxyWallet"": ""0x956f12f5b4ee207752e97a76c21633802a5120ac"", ""side"": ""SELL"", ""asset"": ""18289842382539867639079362738467334752951741961393928566628307174343542320349"", ""conditionId"": ""0x61b66d02793b4a68ab0cc25be60d65f517fe18c7d654041281bb130341244fcc"", ""size"": 2, ""price"": 0.033, ""timestamp"": 1771003507, ""title"": ""Will Trump nominate Kevin Warsh as the next Fed chair?"", ""slug"": ""will-trump-nominate-kevin-warsh-as-the-next-fed-chair"", ""icon"": ""https://polymarket-upload.s3.us-east-2.amazonaws.com/will-trump-nominate-kevin-warsh-as-the-next-fed-chair-Bc-vVyyVjhsS.jpg"", ""eventSlug"": ""who-will-trump-nominate-as-fed-chair"", ""outcome"": ""No"", ""outcomeIndex"": 1, ""name"": """", ""pseudonym"": """", ""bio"": """", ""profileImage"": """", ""profileImageOptimized"": """", ""transactionHash"": ""0xe1d36638979884decba5eb74942cde9881c2bb01d779df31e1af2832211ac817""}"
1771003507,2026-02-14T02:01:42.359985,0xe02915ac9d7ff4529c88ce9bae447d76b276f0264dcb3fe14384f7937beaffd5:1771003507,572469,18289842382539867639079362738467334752951741961393928566628307174343542320349,SELL,0.033,0.69,0.02277,0xe02915ac9d7ff4529c88ce9bae447d76b276f0264dcb3fe14384f7937beaffd5,"{""proxyWallet"": ""0x4a72457138f4878d58e80a724c59bdb92efd24af"", ""side"": ""SELL"", ""asset"": ""18289842382539867639079362738467334752951741961393928566628307174343542320349"", ""conditionId"": ""0x61b66d02793b4a68ab0cc25be60d65f517fe18c7d654041281bb130341244fcc"", ""size"": 0.69, ""price"": 0.033, ""timestamp"": 1771003507, ""title"": ""Will Trump nominate Kevin Warsh as the next Fed chair?"", ""slug"": ""will-trump-nominate-kevin-warsh-as-the-next-fed-chair"", ""icon"": ""https://polymarket-upload.s3.us-east-2.amazonaws.com/will-trump-nominate-kevin-warsh-as-the-next-fed-chair-Bc-vVyyVjhsS.jpg"", ""eventSlug"": ""who-will-trump-nominate-as-fed-chair"", ""outcome"": ""No"", ""outcomeIndex"": 1, ""name"": """", ""pseudonym"": """", ""bio"": """", ""profileImage"": """", ""profileImageOptimized"": """", ""transactionHash"": ""0xe02915ac9d7ff4529c88ce9bae447d76b276f0264dcb3fe14384f7937beaffd5""}"
1771003501,2026-02-14T02:01:42.360007,0x18a88d97e29f1b72e521dc0a74ed983a5e56b11242b089724cac2341fc19cc2a:1771003501,572469,18289842382539867639079362738467334752951741961393928566628307174343542320349,SELL,0.033,0.05,0.0016500000000000002,0x18a88d97e29f1b72e521dc0a74ed983a5e56b11242b089724cac2341fc19cc2a,"{""proxyWallet"": ""0x201d64d5fbe721bda742eba45cfbeb34889e2e13"", ""side"": ""SELL"", ""asset"": ""18289842382539867639079362738467334752951741961393928566628307174343542320349"", ""conditionId"": ""0x61b66d02793b4a68ab0cc25be60d65f517fe18c7d654041281bb130341244fcc"", ""size"": 0.05, ""price"": 0.033, ""timestamp"": 1771003501, ""title"": ""Will Trump nominate Kevin Warsh as the next Fed chair?"", ""slug"": ""will-trump-nominate-kevin-warsh-as-the-next-fed-chair"", ""icon"": ""https://polymarket-upload.s3.us-east-2.amazonaws.com/will-trump-nominate-kevin-warsh-as-the-next-fed-chair-Bc-vVyyVjhsS.jpg"", ""eventSlug"": ""who-will-trump-nominate-as-fed-chair"", ""outcome"": ""No"", ""outcomeIndex"": 1, ""name"": """", ""pseudonym"": """", ""bio"": """", ""profileImage"": """", ""profileImageOptimized"": """", ""transactionHash"": ""0x18a88d97e29f1b72e521dc0a74ed983a5e56b11242b089724cac2341fc19cc2a""}"
1771003501,2026-02-14T02:01:42.360028,0xad7e6f91e08a9bcc37fdd0e191b4b50e1db20ca1b0894e9904f4202f75e81a16:1771003501,572469,18289842382539867639079362738467334752951741961393928566628307174343542320349,SELL,0.033,0.15,0.00495,0xad7e6f91e08a9bcc37fdd0e191b4b50e1db20ca1b0894e9904f4202f75e81a16,"{""proxyWallet"": ""0x4a72457138f4878d58e80a724c59bdb92efd24af"", ""side"": ""SELL"", ""asset"": ""18289842382539867639079362738467334752951741961393928566628307174343542320349"", ""conditionId"": ""0x61b66d02793b4a68ab0cc25be60d65f517fe18c7d654041281bb130341244fcc"", ""size"": 0.15, ""price"": 0.033, ""timestamp"": 1771003501, ""title"": ""Will Trump nominate Kevin Warsh as the next Fed chair?"", ""slug"": ""will-trump-nominate-kevin-warsh-as-the-next-fed-chair"", ""icon"": ""https://polymarket-upload.s3.us-east-2.amazonaws.com/will-trump-nominate-kevin-warsh-as-the-next-fed-chair-Bc-vVyyVjhsS.jpg"", ""eventSlug"": ""who-will-trump-nominate-as-fed-chair"", ""outcome"": ""No"", ""outcomeIndex"": 1, ""name"": """", ""pseudonym"": """", ""bio"": """", ""profileImage"": """", ""profileImageOptimized"": """", ""transactionHash"": ""0xad7e6f91e08a9bcc37fdd0e191b4b50e1db20ca1b0894e9904f4202f75e81a16""}"
1771003501,2026-02-14T02:01:42.360049,0xa83f7ee3a315286ef2f5a9ebd9b2c3fab94eb50bb9d4e7c7d0cb3bcd7dc30b30:1771003501,572469,18289842382539867639079362738467334752951741961393928566628307174343542320349,SELL,0.033,0.43,0.014190000000000001,0xa83f7ee3a315286ef2f5a9ebd9b2c3fab94eb50bb9d4e7c7d0cb3bcd7dc30b30,"{""proxyWallet"": ""0x956f12f5b4ee207752e97a76c21633802a5120ac"", ""side"": ""SELL"", ""asset"": ""18289842382539867639079362738467334752951741961393928566628307174343542320349"", ""conditionId"": ""0x61b66d02793b4a68ab0cc25be60d65f517fe18c7d654041281bb130341244fcc"", ""size"": 0.43, ""price"": 0.033, ""timestamp"": 1771003501, ""title"": ""Will Trump nominate Kevin Warsh as the next Fed chair?"", ""slug"": ""will-trump-nominate-kevin-warsh-as-the-next-fed-chair"", ""icon"": ""https://polymarket-upload.s3.us-east-2.amazonaws.com/will-trump-nominate-kevin-warsh-as-the-next-fed-chair-Bc-vVyyVjhsS.jpg"", ""eventSlug"": ""who-will-trump-nominate-as-fed-chair"", ""outcome"": ""No"", ""outcomeIndex"": 1, ""name"": """", ""pseudonym"": """", ""bio"": """", ""profileImage"": """", ""profileImageOptimized"": """", ""transactionHash"": ""0xa83f7ee3a315286ef2f5a9ebd9b2c3fab94eb50bb9d4e7c7d0cb3bcd7dc30b30""}"
1771003501,2026-02-14T02:01:42.360070,0x1f191b298c7431cb13fdb6a6ddf02636bb6881687e159ad47330d7dfd9d7ff31:1771003501,572469,18289842382539867639079362738467334752951741961393928566628307174343542320349,SELL,0.033,6.49,0.21417000000000003,0x1f191b298c7431cb13fdb6a6ddf02636bb6881687e159ad47330d7dfd9d7ff31,"{""proxyWallet"": ""0x076b73a8d48c4da6136fc64e1b7dfe2136b4354c"", ""side"": ""SELL"", ""asset"": ""18289842382539867639079362738467334752951741961393928566628307174343542320349"", ""conditionId"": ""0x61b66d02793b4a68ab0cc25be60d65f517fe18c7d654041281bb130341244fcc"", ""size"": 6.49, ""price"": 0.033, ""timestamp"": 1771003501, ""title"": ""Will Trump nominate Kevin Warsh as the next Fed chair?"", ""slug"": ""will-trump-nominate-kevin-warsh-as-the-next-fed-chair"", ""icon"": ""https://polymarket-upload.s3.us-east-2.amazonaws.com/will-trump-nominate-kevin-warsh-as-the-next-fed-chair-Bc-vVyyVjhsS.jpg"", ""eventSlug"": ""who-will-trump-nominate-as-fed-chair"", ""outcome"": ""No"", ""outcomeIndex"": 1, ""name"": ""funkc"", ""pseudonym"": ""Easy-Going-Puggle"", ""bio"": """", ""profileImage"": ""https://polymarket-upload.s3.us-east-2.amazonaws.com/profile-image-5867229-2bfff306-e0e1-430c-80c9-9adacda02b76.jpg"", ""profileImageOptimized"": """", ""transactionHash"": ""0x1f191b298c7431cb13fdb6a6ddf02636bb6881687e159ad47330d7dfd9d7ff31""}"
1771003501,2026-02-14T02:01:42.360092,0xc25431bc7e21816a444de4963e6dc5a405f960bd382eabfb3e91385534e30621:1771003501,572469,18289842382539867639079362738467334752951741961393928566628307174343542320349,BUY,0.034999996331278004,254.857141,8.919999,0xc25431bc7e21816a444de4963e6dc5a405f960bd382eabfb3e91385534e30621,"{""proxyWallet"": ""0xe8dd7741ccb12350957ec71e9ee332e0d1e6ec86"", ""side"": ""BUY"", ""asset"": ""18289842382539867639079362738467334752951741961393928566628307174343542320349"", ""conditionId"": ""0x61b66d02793b4a68ab0cc25be60d65f517fe18c7d654041281bb130341244fcc"", ""size"": 254.857141, ""price"": 0.034999996331278004, ""timestamp"": 1771003501, ""title"": ""Will Trump nominate Kevin Warsh as the next Fed chair?"", ""slug"": ""will-trump-nominate-kevin-warsh-as-the-next-fed-chair"", ""icon"": ""https://polymarket-upload.s3.us-east-2.amazonaws.com/will-trump-nominate-kevin-warsh-as-the-next-fed-chair-Bc-vVyyVjhsS.jpg"", ""eventSlug"": ""who-will-trump-nominate-as-fed-chair"", ""outcome"": ""No"", ""outcomeIndex"": 1, ""name"": ""influenz.eth"", ""pseudonym"": ""Real-Veteran"", ""bio"": ""3820"", ""profileImage"": """", ""profileImageOptimized"": """", ""transactionHash"": ""0xc25431bc7e21816a444de4963e6dc5a405f960bd382eabfb3e91385534e30621""}"
1771003497,2026-02-14T02:01:42.360117,0x2dbfc2e4ceccebd0d2f06de8bdd4a9a60d0c3bcb332c16fcb04a4681761885fa:1771003497,572469,18289842382539867639079362738467334752951741961393928566628307174343542320349,SELL,0.033,1.13,0.03729,0x2dbfc2e4ceccebd0d2f06de8bdd4a9a60d0c3bcb332c16fcb04a4681761885fa,"{""proxyWallet"": ""0x076b73a8d48c4da6136fc64e1b7dfe2136b4354c"", ""side"": ""SELL"", ""asset"": ""18289842382539867639079362738467334752951741961393928566628307174343542320349"", ""conditionId"": ""0x61b66d02793b4a68ab0cc25be60d65f517fe18c7d654041281bb130341244fcc"", ""size"": 1.13, ""price"": 0.033, ""timestamp"": 1771003497, ""title"": ""Will Trump nominate Kevin Warsh as the next Fed chair?"", ""slug"": ""will-trump-nominate-kevin-warsh-as-the-next-fed-chair"", ""icon"": ""https://polymarket-upload.s3.us-east-2.amazonaws.com/will-trump-nominate-kevin-warsh-as-the-next-fed-chair-Bc-vVyyVjhsS.jpg"", ""eventSlug"": ""who-will-trump-nominate-as-fed-chair"", ""outcome"": ""No"", ""outcomeIndex"": 1, ""name"": ""funkc"", ""pseudonym"": ""Easy-Going-Puggle"", ""bio"": """", ""profileImage"": ""https://polymarket-upload.s3.us-east-2.amazonaws.com/profile-image-5867229-2bfff306-e0e1-430c-80c9-9adacda02b76.jpg"", ""profileImageOptimized"": """", ""transactionHash"": ""0x2dbfc2e4ceccebd0d2f06de8bdd4a9a60d0c3bcb332c16fcb04a4681761885fa""}"
1771003497,2026-02-14T02:01:42.360138,0xf3e2028b6799641b5d0c211b93315a0c6b1788a63f64dfd26524d425b18bd2f3:1771003497,572469,18289842382539867639079362738467334752951741961393928566628307174343542320349,SELL,0.033,0.07,0.0023100000000000004,0xf3e2028b6799641b5d0c211b93315a0c6b1788a63f64dfd26524d425b18bd2f3,"{""proxyWallet"": ""0x956f12f5b4ee207752e97a76c21633802a5120ac"", ""side"": ""SELL"", ""asset"": ""18289842382539867639079362738467334752951741961393928566628307174343542320349"", ""conditionId"": ""0x61b66d02793b4a68ab0cc25be60d65f517fe18c7d654041281bb130341244fcc"", ""size"": 0.07, ""price"": 0.033, ""timestamp"": 1771003497, ""title"": ""Will Trump nominate Kevin Warsh as the next Fed chair?"", ""slug"": ""will-trump-nominate-kevin-warsh-as-the-next-fed-chair"", ""icon"": ""https://polymarket-upload.s3.us-east-2.amazonaws.com/will-trump-nominate-kevin-warsh-as-the-next-fed-chair-Bc-vVyyVjhsS.jpg"", ""eventSlug"": ""who-will-trump-nominate-as-fed-chair"", ""outcome"": ""No"", ""outcomeIndex"": 1, ""name"": """", ""pseudonym"": """", ""bio"": """", ""profileImage"": """", ""profileImageOptimized"": """", ""transactionHash"": ""0xf3e2028b6799641b5d0c211b93315a0c6b1788a63f64dfd26524d425b18bd2f3""}"
1771003497,2026-02-14T02:01:42.360157,0x9d6da013649f0bb9a7f31bb87b6d2c38edf58b5cbd84395cd2afb37f5ce0983c:1771003497,572469,18289842382539867639079362738467334752951741961393928566628307174343542320349,SELL,0.033,0.02,0.00066,0x9d6da013649f0bb9a7f31bb87b6d2c38edf58b5cbd84395cd2afb37f5ce0983c,"{""proxyWallet"": ""0x4a72457138f4878d58e80a724c59bdb92efd24af"", ""side"": ""SELL"", ""asset"": ""18289842382539867639079362738467334752951741961393928566628307174343542320349"", ""conditionId"": ""0x61b66d02793b4a68ab0cc25be60d65f517fe18c7d654041281bb130341244fcc"", ""size"": 0.02, ""price"": 0.033, ""timestamp"": 1771003497, ""title"": ""Will Trump nominate Kevin Warsh as the next Fed chair?"", ""slug"": ""will-trump-nominate-kevin-warsh-as-the-next-fed-chair"", ""icon"": ""https://polymarket-upload.s3.us-east-2.amazonaws.com/will-trump-nominate-kevin-warsh-as-the-next-fed-chair-Bc-vVyyVjhsS.jpg"", ""eventSlug"": ""who-will-trump-nominate-as-fed-chair"", ""outcome"": ""No"", ""outcomeIndex"": 1, ""name"": """", ""pseudonym"": """", ""bio"": """", ""profileImage"": """", ""profileImageOptimized"": """", ""transactionHash"": ""0x9d6da013649f0bb9a7f31bb87b6d2c38edf58b5cbd84395cd2afb37f5ce0983c""}"
1771003495,2026-02-14T02:01:42.360177,0x85b48f29187dec27912482f876ba9a902cdd0b5b99f0a4a858615b351fea0741:1771003495,572469,18289842382539867639079362738467334752951741961393928566628307174343542320349,BUY,0.035,40.0,1.4000000000000001,0x85b48f29187dec27912482f876ba9a902cdd0b5b99f0a4a858615b351fea0741,"{""proxyWallet"": ""0xe8dd7741ccb12350957ec71e9ee332e0d1e6ec86"", ""side"": ""BUY"", ""asset"": ""18289842382539867639079362738467334752951741961393928566628307174343542320349"", ""conditionId"": ""0x61b66d02793b4a68ab0cc25be60d65f517fe18c7d654041281bb130341244fcc"", ""size"": 40, ""price"": 0.035, ""timestamp"": 1771003495, ""title"": ""Will Trump nominate Kevin Warsh as the next Fed chair?"", ""slug"": ""will-trump-nominate-kevin-warsh-as-the-next-fed-chair"", ""icon"": ""https://polymarket-upload.s3.us-east-2.amazonaws.com/will-trump-nominate-kevin-warsh-as-the-next-fed-chair-Bc-vVyyVjhsS.jpg"", ""eventSlug"": ""who-will-trump-nominate-as-fed-chair"", ""outcome"": ""No"", ""outcomeIndex"": 1, ""name"": ""influenz.eth"", ""pseudonym"": ""Real-Veteran"", ""bio"": ""3820"", ""profileImage"": """", ""profileImageOptimized"": """", ""transactionHash"": ""0x85b48f29187dec27912482f876ba9a902cdd0b5b99f0a4a858615b351fea0741""}"
1771003489,2026-02-14T02:01:42.360198,0xfb69f66c6f67ee07a13a17e634035887732699cf6d2f402a8f7643a4d1cfa6c7:1771003489,572469,18289842382539867639079362738467334752951741961393928566628307174343542320349,BUY,0.034,31.0,1.054,0xfb69f66c6f67ee07a13a17e634035887732699cf6d2f402a8f7643a4d1cfa6c7,"{""proxyWallet"": ""0x6c979ffcc3528a5d2395a2f7c89135711da0988c"", ""side"": ""BUY"", ""asset"": ""18289842382539867639079362738467334752951741961393928566628307174343542320349"", ""conditionId"": ""0x61b66d02793b4a68ab0cc25be60d65f517fe18c7d654041281bb130341244fcc"", ""size"": 31, ""price"": 0.034, ""timestamp"": 1771003489, ""title"": ""Will Trump nominate Kevin Warsh as the next Fed chair?"", ""slug"": ""will-trump-nominate-kevin-warsh-as-the-next-fed-chair"", ""icon"": ""https://polymarket-upload.s3.us-east-2.amazonaws.com/will-trump-nominate-kevin-warsh-as-the-next-fed-chair-Bc-vVyyVjhsS.jpg"", ""eventSlug"": ""who-will-trump-nominate-as-fed-chair"", ""outcome"": ""No"", ""outcomeIndex"": 1, ""name"": ""7G-MAN"", ""pseudonym"": ""Zigzag-Message"", ""bio"": ""LOL, Fake profit."", ""profileImage"": """", ""profileImageOptimized"": """", ""transactionHash"": ""0xfb69f66c6f67ee07a13a17e634035887732699cf6d2f402a8f7643a4d1cfa6c7""}"
1771003487,2026-02-14T02:01:42.360220,0x9582d100fc865bf5f8209ce42855f76e52b9cf64bb3495470ff2f9799eba2243:1771003487,572469,18289842382539867639079362738467334752951741961393928566628307174343542320349,SELL,0.032,0.96,0.03072,0x9582d100fc865bf5f8209ce42855f76e52b9cf64bb3495470ff2f9799eba2243,"{""proxyWallet"": ""0x4a72457138f4878d58e80a724c59bdb92efd24af"", ""side"": ""SELL"", ""asset"": ""18289842382539867639079362738467334752951741961393928566628307174343542320349"", ""conditionId"": ""0x61b66d02793b4a68ab0cc25be60d65f517fe18c7d654041281bb130341244fcc"", ""size"": 0.96, ""price"": 0.032, ""timestamp"": 1771003487, ""title"": ""Will Trump nominate Kevin Warsh as the next Fed chair?"", ""slug"": ""will-trump-nominate-kevin-warsh-as-the-next-fed-chair"", ""icon"": ""https://polymarket-upload.s3.us-east-2.amazonaws.com/will-trump-nominate-kevin-warsh-as-the-next-fed-chair-Bc-vVyyVjhsS.jpg"", ""eventSlug"": ""who-will-trump-nominate-as-fed-chair"", ""outcome"": ""No"", ""outcomeIndex"": 1, ""name"": """", ""pseudonym"": """", ""bio"": """", ""profileImage"": """", ""profileImageOptimized"": """", ""transactionHash"": ""0x9582d100fc865bf5f8209ce42855f76e52b9cf64bb3495470ff2f9799eba2243""}"
1771003487,2026-02-14T02:01:42.360239,0xc25e84e5a452f8863226291026e033779b6d4e07ba9fb90879d31330fc979497:1771003487,572469,18289842382539867639079362738467334752951741961393928566628307174343542320349,SELL,0.032,0.34,0.01088,0xc25e84e5a452f8863226291026e033779b6d4e07ba9fb90879d31330fc979497,"{""proxyWallet"": ""0x201d64d5fbe721bda742eba45cfbeb34889e2e13"", ""side"": ""SELL"", ""asset"": ""18289842382539867639079362738467334752951741961393928566628307174343542320349"", ""conditionId"": ""0x61b66d02793b4a68ab0cc25be60d65f517fe18c7d654041281bb130341244fcc"", ""size"": 0.34, ""price"": 0.032, ""timestamp"": 1771003487, ""title"": ""Will Trump nominate Kevin Warsh as the next Fed chair?"", ""slug"": ""will-trump-nominate-kevin-warsh-as-the-next-fed-chair"", ""icon"": ""https://polymarket-upload.s3.us-east-2.amazonaws.com/will-trump-nominate-kevin-warsh-as-the-next-fed-chair-Bc-vVyyVjhsS.jpg"", ""eventSlug"": ""who-will-trump-nominate-as-fed-chair"", ""outcome"": ""No"", ""outcomeIndex"": 1, ""name"": """", ""pseudonym"": """", ""bio"": """", ""profileImage"": """", ""profileImageOptimized"": """", ""transactionHash"": ""0xc25e84e5a452f8863226291026e033779b6d4e07ba9fb90879d31330fc979497""}"
1771003487,2026-02-14T02:01:42.360258,0x7220f7163cf5dfe7bb1ef22bc9f97fd378aa3cab73eee60110390968cc3fb207:1771003487,572469,18289842382539867639079362738467334752951741961393928566628307174343542320349,SELL,0.032,41.61,1.33152,0x7220f7163cf5dfe7bb1ef22bc9f97fd378aa3cab73eee60110390968cc3fb207,"{""proxyWallet"": ""0x076b73a8d48c4da6136fc64e1b7dfe2136b4354c"", ""side"": ""SELL"", ""asset"": ""18289842382539867639079362738467334752951741961393928566628307174343542320349"", ""conditionId"": ""0x61b66d02793b4a68ab0cc25be60d65f517fe18c7d654041281bb130341244fcc"", ""size"": 41.61, ""price"": 0.032, ""timestamp"": 1771003487, ""title"": ""Will Trump nominate Kevin Warsh as the next Fed chair?"", ""slug"": ""will-trump-nominate-kevin-warsh-as-the-next-fed-chair"", ""icon"": ""https://polymarket-upload.s3.us-east-2.amazonaws.com/will-trump-nominate-kevin-warsh-as-the-next-fed-chair-Bc-vVyyVjhsS.jpg"", ""eventSlug"": ""who-will-trump-nominate-as-fed-chair"", ""outcome"": ""No"", ""outcomeIndex"": 1, ""name"": ""funkc"", ""pseudonym"": ""Easy-Going-Puggle"", ""bio"": """", ""profileImage"": ""https://polymarket-upload.s3.us-east-2.amazonaws.com/profile-image-5867229-2bfff306-e0e1-430c-80c9-9adacda02b76.jpg"", ""profileImageOptimized"": """", ""transactionHash"": ""0x7220f7163cf5dfe7bb1ef22bc9f97fd378aa3cab73eee60110390968cc3fb207""}"
1771003487,2026-02-14T02:01:42.360278,0xefa77008ade8115bd846409239edc6f89e905b5eebdc008e519b81470279c54d:1771003487,572469,18289842382539867639079362738467334752951741961393928566628307174343542320349,SELL,0.032,2.78,0.08896,0xefa77008ade8115bd846409239edc6f89e905b5eebdc008e519b81470279c54d,"{""proxyWallet"": ""0x956f12f5b4ee207752e97a76c21633802a5120ac"", ""side"": ""SELL"", ""asset"": ""18289842382539867639079362738467334752951741961393928566628307174343542320349"", ""conditionId"": ""0x61b66d02793b4a68ab0cc25be60d65f517fe18c7d654041281bb130341244fcc"", ""size"": 2.78, ""price"": 0.032, ""timestamp"": 1771003487, ""title"": ""Will Trump nominate Kevin Warsh as the next Fed chair?"", ""slug"": ""will-trump-nominate-kevin-warsh-as-the-next-fed-chair"", ""icon"": ""https://polymarket-upload.s3.us-east-2.amazonaws.com/will-trump-nominate-kevin-warsh-as-the-next-fed-chair-Bc-vVyyVjhsS.jpg"", ""eventSlug"": ""who-will-trump-nominate-as-fed-chair"", ""outcome"": ""No"", ""outcomeIndex"": 1, ""name"": """", ""pseudonym"": """", ""bio"": """", ""profileImage"": """", ""profileImageOptimized"": """", ""transactionHash"": ""0xefa77008ade8115bd846409239edc6f89e905b5eebdc008e519b81470279c54d""}"
1771003485,2026-02-14T02:01:42.360295,0xb22b51f4a70f73d0bf76917362a8e3c70858bcc03659cb0672aa1dae057e03f0:1771003485,572469,18289842382539867639079362738467334752951741961393928566628307174343542320349,BUY,0.034,1464.88,49.80592000000001,0xb22b51f4a70f73d0bf76917362a8e3c70858bcc03659cb0672aa1dae057e03f0,"{""proxyWallet"": ""0x67bc6af6806df61ba5144b125174ecf5f821d54e"", ""side"": ""BUY"", ""asset"": ""18289842382539867639079362738467334752951741961393928566628307174343542320349"", ""conditionId"": ""0x61b66d02793b4a68ab0cc25be60d65f517fe18c7d654041281bb130341244fcc"", ""size"": 1464.88, ""price"": 0.034, ""timestamp"": 1771003485, ""title"": ""Will Trump nominate Kevin Warsh as the next Fed chair?"", ""slug"": ""will-trump-nominate-kevin-warsh-as-the-next-fed-chair"", ""icon"": ""https://polymarket-upload.s3.us-east-2.amazonaws.com/will-trump-nominate-kevin-warsh-as-the-next-fed-chair-Bc-vVyyVjhsS.jpg"", ""eventSlug"": ""who-will-trump-nominate-as-fed-chair"", ""outcome"": ""No"", ""outcomeIndex"": 1, ""name"": ""waterfall0"", ""pseudonym"": ""Limp-Colt"", ""bio"": """", ""profileImage"": """", ""profileImageOptimized"": """", ""transactionHash"": ""0xb22b51f4a70f73d0bf76917362a8e3c70858bcc03659cb0672aa1dae057e03f0""}"
1771003485,2026-02-14T02:01:42.360313,0xbc11b59afcb4ca22c9daccbcaf47ecd2329a717edecbd8e46d9e19f4a81de521:1771003485,572469,18289842382539867639079362738467334752951741961393928566628307174343542320349,BUY,0.035,1464.0,51.24,0xbc11b59afcb4ca22c9daccbcaf47ecd2329a717edecbd8e46d9e19f4a81de521,"{""proxyWallet"": ""0x67bc6af6806df61ba5144b125174ecf5f821d54e"", ""side"": ""BUY"", ""asset"": ""18289842382539867639079362738467334752951741961393928566628307174343542320349"", ""conditionId"": ""0x61b66d02793b4a68ab0cc25be60d65f517fe18c7d654041281bb130341244fcc"", ""size"": 1464, ""price"": 0.035, ""timestamp"": 1771003485, ""title"": ""Will Trump nominate Kevin Warsh as the next Fed chair?"", ""slug"": ""will-trump-nominate-kevin-warsh-as-the-next-fed-chair"", ""icon"": ""https://polymarket-upload.s3.us-east-2.amazonaws.com/will-trump-nominate-kevin-warsh-as-the-next-fed-chair-Bc-vVyyVjhsS.jpg"", ""eventSlug"": ""who-will-trump-nominate-as-fed-chair"", ""outcome"": ""No"", ""outcomeIndex"": 1, ""name"": ""waterfall0"", ""pseudonym"": ""Limp-Colt"", ""bio"": """", ""profileImage"": """", ""profileImageOptimized"": """", ""transactionHash"": ""0xbc11b59afcb4ca22c9daccbcaf47ecd2329a717edecbd8e46d9e19f4a81de521""}"
1771003481,2026-02-14T02:01:42.360331,0x438fa8a40031b8d8de25c8f8b322baa9573e14833dbf74bf02a60ed9fb639345:1771003481,572469,18289842382539867639079362738467334752951741961393928566628307174343542320349,BUY,0.034,589.0,20.026,0x438fa8a40031b8d8de25c8f8b322baa9573e14833dbf74bf02a60ed9fb639345,"{""proxyWallet"": ""0x6c979ffcc3528a5d2395a2f7c89135711da0988c"", ""side"": ""BUY"", ""asset"": ""18289842382539867639079362738467334752951741961393928566628307174343542320349"", ""conditionId"": ""0x61b66d02793b4a68ab0cc25be60d65f517fe18c7d654041281bb130341244fcc"", ""size"": 589, ""price"": 0.034, ""timestamp"": 1771003481, ""title"": ""Will Trump nominate Kevin Warsh as the next Fed chair?"", ""slug"": ""will-trump-nominate-kevin-warsh-as-the-next-fed-chair"", ""icon"": ""https://polymarket-upload.s3.us-east-2.amazonaws.com/will-trump-nominate-kevin-warsh-as-the-next-fed-chair-Bc-vVyyVjhsS.jpg"", ""eventSlug"": ""who-will-trump-nominate-as-fed-chair"", ""outcome"": ""No"", ""outcomeIndex"": 1, ""name"": ""7G-MAN"", ""pseudonym"": ""Zigzag-Message"", ""bio"": ""LOL, Fake profit."", ""profileImage"": """", ""profileImageOptimized"": """", ""transactionHash"": ""0x438fa8a40031b8d8de25c8f8b322baa9573e14833dbf74bf02a60ed9fb639345""}"
1771003479,2026-02-14T02:01:43.513934,0x233ac8d901247bbdd3f2c8a434b8e136babbe4e258b7322accc6e964e675516c:1771003479,572469,18289842382539867639079362738467334752951741961393928566628307174343542320349,BUY,0.034,300.0,10.200000000000001,0x233ac8d901247bbdd3f2c8a434b8e136babbe4e258b7322accc6e964e675516c,"{""proxyWallet"": ""0xe8dd7741ccb12350957ec71e9ee332e0d1e6ec86"", ""side"": ""BUY"", ""asset"": ""18289842382539867639079362738467334752951741961393928566628307174343542320349"", ""conditionId"": ""0x61b66d02793b4a68ab0cc25be60d65f517fe18c7d654041281bb130341244fcc"", ""size"": 300, ""price"": 0.034, ""timestamp"": 1771003479, ""title"": ""Will Trump nominate Kevin Warsh as the next Fed chair?"", ""slug"": ""will-trump-nominate-kevin-warsh-as-the-next-fed-chair"", ""icon"": ""https://polymarket-upload.s3.us-east-2.amazonaws.com/will-trump-nominate-kevin-warsh-as-the-next-fed-chair-Bc-vVyyVjhsS.jpg"", ""eventSlug"": ""who-will-trump-nominate-as-fed-chair"", ""outcome"": ""No"", ""outcomeIndex"": 1, ""name"": ""influenz.eth"", ""pseudonym"": ""Real-Veteran"", ""bio"": ""3820"", ""profileImage"": """", ""profileImageOptimized"": """", ""transactionHash"": ""0x233ac8d901247bbdd3f2c8a434b8e136babbe4e258b7322accc6e964e675516c""}"
1771003471,2026-02-14T02:01:43.513987,0xe64ff4c2dde108e114f5883101f47d00a765921b41718fc3057cc75ca13df245:1771003471,572469,18289842382539867639079362738467334752951741961393928566628307174343542320349,BUY,0.033999998716159996,735.294116,24.999999,0xe64ff4c2dde108e114f5883101f47d00a765921b41718fc3057cc75ca13df245,"{""proxyWallet"": ""0x7b9fb719fe2308decb14fa423852a608adceccb0"", ""side"": ""BUY"", ""asset"": ""18289842382539867639079362738467334752951741961393928566628307174343542320349"", ""conditionId"": ""0x61b66d02793b4a68ab0cc25be60d65f517fe18c7d654041281bb130341244fcc"", ""size"": 735.294116, ""price"": 0.033999998716159996, ""timestamp"": 1771003471, ""title"": ""Will Trump nominate Kevin Warsh as the next Fed chair?"", ""slug"": ""will-trump-nominate-kevin-warsh-as-the-next-fed-chair"", ""icon"": ""https://polymarket-upload.s3.us-east-2.amazonaws.com/will-trump-nominate-kevin-warsh-as-the-next-fed-chair-Bc-vVyyVjhsS.jpg"", ""eventSlug"": ""who-will-trump-nominate-as-fed-chair"", ""outcome"": ""No"", ""outcomeIndex"": 1, ""name"": ""sunATF"", ""pseudonym"": ""Rude-Thongs"", ""bio"": """", ""profileImage"": ""https://polymarket-upload.s3.us-east-2.amazonaws.com/profile-image-5906714-1059f00f-d0f3-4a5a-a142-95fe3338b0f6.gif"", ""profileImageOptimized"": """", ""transactionHash"": ""0xe64ff4c2dde108e114f5883101f47d00a765921b41718fc3057cc75ca13df245""}"
1771003465,2026-02-14T02:01:43.514012,0x7e3d7db0b170d2c380256705778e3cc6e30a3648029290e9efee7a9515a3a1b0:1771003465,572469,18289842382539867639079362738467334752951741961393928566628307174343542320349,BUY,0.032,147.0,4.704,0x7e3d7db0b170d2c380256705778e3cc6e30a3648029290e9efee7a9515a3a1b0,"{""proxyWallet"": ""0x6c979ffcc3528a5d2395a2f7c89135711da0988c"", ""side"": ""BUY"", ""asset"": ""18289842382539867639079362738467334752951741961393928566628307174343542320349"", ""conditionId"": ""0x61b66d02793b4a68ab0cc25be60d65f517fe18c7d654041281bb130341244fcc"", ""size"": 147, ""price"": 0.032, ""timestamp"": 1771003465, ""title"": ""Will Trump nominate Kevin Warsh as the next Fed chair?"", ""slug"": ""will-trump-nominate-kevin-warsh-as-the-next-fed-chair"", ""icon"": ""https://polymarket-upload.s3.us-east-2.amazonaws.com/will-trump-nominate-kevin-warsh-as-the-next-fed-chair-Bc-vVyyVjhsS.jpg"", ""eventSlug"": ""who-will-trump-nominate-as-fed-chair"", ""outcome"": ""No"", ""outcomeIndex"": 1, ""name"": ""7G-MAN"", ""pseudonym"": ""Zigzag-Message"", ""bio"": ""LOL, Fake profit."", ""profileImage"": """", ""profileImageOptimized"": """", ""transactionHash"": ""0x7e3d7db0b170d2c380256705778e3cc6e30a3648029290e9efee7a9515a3a1b0""}"
1771003463,2026-02-14T02:01:43.514030,0xfca6e569bd3ebb37be16b6c36e22bbfc152136fe770ae5539e76cb5f26c3b8ff:1771003463,572469,18289842382539867639079362738467334752951741961393928566628307174343542320349,BUY,0.032,880.0,28.16,0xfca6e569bd3ebb37be16b6c36e22bbfc152136fe770ae5539e76cb5f26c3b8ff,"{""proxyWallet"": ""0x63d43bbb87f85af03b8f2f9e2fad7b54334fa2f1"", ""side"": ""BUY"", ""asset"": ""18289842382539867639079362738467334752951741961393928566628307174343542320349"", ""conditionId"": ""0x61b66d02793b4a68ab0cc25be60d65f517fe18c7d654041281bb130341244fcc"", ""size"": 880, ""price"": 0.032, ""timestamp"": 1771003463, ""title"": ""Will Trump nominate Kevin Warsh as the next Fed chair?"", ""slug"": ""will-trump-nominate-kevin-warsh-as-the-next-fed-chair"", ""icon"": ""https://polymarket-upload.s3.us-east-2.amazonaws.com/will-trump-nominate-kevin-warsh-as-the-next-fed-chair-Bc-vVyyVjhsS.jpg"", ""eventSlug"": ""who-will-trump-nominate-as-fed-chair"", ""outcome"": ""No"", ""outcomeIndex"": 1, ""name"": ""wokerjoesleeper"", ""pseudonym"": ""Vivid-Macrofauna"", ""bio"": """", ""profileImage"": """", ""profileImageOptimized"": """", ""transactionHash"": ""0xfca6e569bd3ebb37be16b6c36e22bbfc152136fe770ae5539e76cb5f26c3b8ff""}"
1771003459,2026-02-14T02:01:43.514045,0xf039537048327019c3963c1243266b5a2c983c288fad68fe5572f3a0cc53736e:1771003459,572469,18289842382539867639079362738467334752951741961393928566628307174343542320349,BUY,0.032,43.0,1.3760000000000001,0xf039537048327019c3963c1243266b5a2c983c288fad68fe5572f3a0cc53736e,"{""proxyWallet"": ""0xcd91a549956854fdc38efad7e80ff5da8f5432b8"", ""side"": ""BUY"", ""asset"": ""18289842382539867639079362738467334752951741961393928566628307174343542320349"", ""conditionId"": ""0x61b66d02793b4a68ab0cc25be60d65f517fe18c7d654041281bb130341244fcc"", ""size"": 43, ""price"": 0.032, ""timestamp"": 1771003459, ""title"": ""Will Trump nominate Kevin Warsh as the next Fed chair?"", ""slug"": ""will-trump-nominate-kevin-warsh-as-the-next-fed-chair"", ""icon"": ""https://polymarket-upload.s3.us-east-2.amazonaws.com/will-trump-nominate-kevin-warsh-as-the-next-fed-chair-Bc-vVyyVjhsS.jpg"", ""eventSlug"": ""who-will-trump-nominate-as-fed-chair"", ""outcome"": ""No"", ""outcomeIndex"": 1, ""name"": ""Novus0rdoSeclorum"", ""pseudonym"": ""Giddy-Chafe"", ""bio"": """", ""profileImage"": ""https://polymarket-upload.s3.us-east-2.amazonaws.com/profile-image-3006553-d3f0a094-9641-4093-8f50-fcf4f8ce8b6c.png"", ""profileImageOptimized"": """", ""transactionHash"": ""0xf039537048327019c3963c1243266b5a2c983c288fad68fe5572f3a0cc53736e""}"
1771003457,2026-02-14T02:01:43.514062,0x2685bf9fc158e5b12305baeb49c5ea810e4cc9fd6b9618ca35bf094dbb492794:1771003457,572469,18289842382539867639079362738467334752951741961393928566628307174343542320349,BUY,0.032,300.0,9.6,0x2685bf9fc158e5b12305baeb49c5ea810e4cc9fd6b9618ca35bf094dbb492794,"{""proxyWallet"": ""0xe8dd7741ccb12350957ec71e9ee332e0d1e6ec86"", ""side"": ""BUY"", ""asset"": ""18289842382539867639079362738467334752951741961393928566628307174343542320349"", ""conditionId"": ""0x61b66d02793b4a68ab0cc25be60d65f517fe18c7d654041281bb130341244fcc"", ""size"": 300, ""price"": 0.032, ""timestamp"": 1771003457, ""title"": ""Will Trump nominate Kevin Warsh as the next Fed chair?"", ""slug"": ""will-trump-nominate-kevin-warsh-as-the-next-fed-chair"", ""icon"": ""https://polymarket-upload.s3.us-east-2.amazonaws.com/will-trump-nominate-kevin-warsh-as-the-next-fed-chair-Bc-vVyyVjhsS.jpg"", ""eventSlug"": ""who-will-trump-nominate-as-fed-chair"", ""outcome"": ""No"", ""outcomeIndex"": 1, ""name"": ""influenz.eth"", ""pseudonym"": ""Real-Veteran"", ""bio"": ""3820"", ""profileImage"": """", ""profileImageOptimized"": """", ""transactionHash"": ""0x2685bf9fc158e5b12305baeb49c5ea810e4cc9fd6b9618ca35bf094dbb492794""}"
1771003441,2026-02-14T02:01:43.514077,0xa5626c1489ce0bd5ce7fb2887a35b83d837913c09538c42708dca81c982e55e8:1771003441,572469,18289842382539867639079362738467334752951741961393928566628307174343542320349,BUY,0.032,2.68,0.08576,0xa5626c1489ce0bd5ce7fb2887a35b83d837913c09538c42708dca81c982e55e8,"{""proxyWallet"": ""0x30cecdf29f069563ea21b8ae94492e41e53a6b2b"", ""side"": ""BUY"", ""asset"": ""18289842382539867639079362738467334752951741961393928566628307174343542320349"", ""conditionId"": ""0x61b66d02793b4a68ab0cc25be60d65f517fe18c7d654041281bb130341244fcc"", ""size"": 2.68, ""price"": 0.032, ""timestamp"": 1771003441, ""title"": ""Will Trump nominate Kevin Warsh as the next Fed chair?"", ""slug"": ""will-trump-nominate-kevin-warsh-as-the-next-fed-chair"", ""icon"": ""https://polymarket-upload.s3.us-east-2.amazonaws.com/will-trump-nominate-kevin-warsh-as-the-next-fed-chair-Bc-vVyyVjhsS.jpg"", ""eventSlug"": ""who-will-trump-nominate-as-fed-chair"", ""outcome"": ""No"", ""outcomeIndex"": 1, ""name"": ""ZXWP"", ""pseudonym"": ""Well-Documented-Hit"", ""bio"": """", ""profileImage"": """", ""profileImageOptimized"": """", ""transactionHash"": ""0xa5626c1489ce0bd5ce7fb2887a35b83d837913c09538c42708dca81c982e55e8""}"
1771003435,2026-02-14T02:01:43.514092,0xb119d232b39187dff0cd359ec191d98a5c64c00790ddff221d0fc668c88e56bd:1771003435,572469,18289842382539867639079362738467334752951741961393928566628307174343542320349,BUY,0.032,21.4,0.6848,0xb119d232b39187dff0cd359ec191d98a5c64c00790ddff221d0fc668c88e56bd,"{""proxyWallet"": ""0x30cecdf29f069563ea21b8ae94492e41e53a6b2b"", ""side"": ""BUY"", ""asset"": ""18289842382539867639079362738467334752951741961393928566628307174343542320349"", ""conditionId"": ""0x61b66d02793b4a68ab0cc25be60d65f517fe18c7d654041281bb130341244fcc"", ""size"": 21.4, ""price"": 0.032, ""timestamp"": 1771003435, ""title"": ""Will Trump nominate Kevin Warsh as the next Fed chair?"", ""slug"": ""will-trump-nominate-kevin-warsh-as-the-next-fed-chair"", ""icon"": ""https://polymarket-upload.s3.us-east-2.amazonaws.com/will-trump-nominate-kevin-warsh-as-the-next-fed-chair-Bc-vVyyVjhsS.jpg"", ""eventSlug"": ""who-will-trump-nominate-as-fed-chair"", ""outcome"": ""No"", ""outcomeIndex"": 1, ""name"": ""ZXWP"", ""pseudonym"": ""Well-Documented-Hit"", ""bio"": """", ""profileImage"": """", ""profileImageOptimized"": """", ""transactionHash"": ""0xb119d232b39187dff0cd359ec191d98a5c64c00790ddff221d0fc668c88e56bd""}"
1771003425,2026-02-14T02:01:43.514108,0x9ca3535fbbd95423d1a699ebf75527d57f4d1540906a16c305a13e71e4ab69d7:1771003425,572469,18289842382539867639079362738467334752951741961393928566628307174343542320349,BUY,0.032,171.26,5.48032,0x9ca3535fbbd95423d1a699ebf75527d57f4d1540906a16c305a13e71e4ab69d7,"{""proxyWallet"": ""0x30cecdf29f069563ea21b8ae94492e41e53a6b2b"", ""side"": ""BUY"", ""asset"": ""18289842382539867639079362738467334752951741961393928566628307174343542320349"", ""conditionId"": ""0x61b66d02793b4a68ab0cc25be60d65f517fe18c7d654041281bb130341244fcc"", ""size"": 171.26, ""price"": 0.032, ""timestamp"": 1771003425, ""title"": ""Will Trump nominate Kevin Warsh as the next Fed chair?"", ""slug"": ""will-trump-nominate-kevin-warsh-as-the-next-fed-chair"", ""icon"": ""https://polymarket-upload.s3.us-east-2.amazonaws.com/will-trump-nominate-kevin-warsh-as-the-next-fed-chair-Bc-vVyyVjhsS.jpg"", ""eventSlug"": ""who-will-trump-nominate-as-fed-chair"", ""outcome"": ""No"", ""outcomeIndex"": 1, ""name"": ""ZXWP"", ""pseudonym"": ""Well-Documented-Hit"", ""bio"": """", ""profileImage"": """", ""profileImageOptimized"": """", ""transactionHash"": ""0x9ca3535fbbd95423d1a699ebf75527d57f4d1540906a16c305a13e71e4ab69d7""}"
1771003399,2026-02-14T02:01:43.514126,0x99dfc1621388a91394ceba3da4872916fcbd372b14d2fd78738ce9ba03213002:1771003399,572469,18289842382539867639079362738467334752951741961393928566628307174343542320349,BUY,0.03,263.66,7.909800000000001,0x99dfc1621388a91394ceba3da4872916fcbd372b14d2fd78738ce9ba03213002,"{""proxyWallet"": ""0x5f390e4b7d6f06d6756a6c92afdbf7b3176aa78c"", ""side"": ""BUY"", ""asset"": ""18289842382539867639079362738467334752951741961393928566628307174343542320349"", ""conditionId"": ""0x61b66d02793b4a68ab0cc25be60d65f517fe18c7d654041281bb130341244fcc"", ""size"": 263.66, ""price"": 0.03, ""timestamp"": 1771003399, ""title"": ""Will Trump nominate Kevin Warsh as the next Fed chair?"", ""slug"": ""will-trump-nominate-kevin-warsh-as-the-next-fed-chair"", ""icon"": ""https://polymarket-upload.s3.us-east-2.amazonaws.com/will-trump-nominate-kevin-warsh-as-the-next-fed-chair-Bc-vVyyVjhsS.jpg"", ""eventSlug"": ""who-will-trump-nominate-as-fed-chair"", ""outcome"": ""No"", ""outcomeIndex"": 1, ""name"": ""oVyg7f"", ""pseudonym"": """", ""bio"": """", ""profileImage"": """", ""profileImageOptimized"": """", ""transactionHash"": ""0x99dfc1621388a91394ceba3da4872916fcbd372b14d2fd78738ce9ba03213002""}"
1771003397,2026-02-14T02:01:43.514141,0x37e076bc0a3b18fd63248d637669e75537183f1a4b7aec887e1f510e6b4fe08e:1771003397,572469,18289842382539867639079362738467334752951741961393928566628307174343542320349,BUY,0.03,336.0,10.08,0x37e076bc0a3b18fd63248d637669e75537183f1a4b7aec887e1f510e6b4fe08e,"{""proxyWallet"": ""0x6c979ffcc3528a5d2395a2f7c89135711da0988c"", ""side"": ""BUY"", ""asset"": ""18289842382539867639079362738467334752951741961393928566628307174343542320349"", ""conditionId"": ""0x61b66d02793b4a68ab0cc25be60d65f517fe18c7d654041281bb130341244fcc"", ""size"": 336, ""price"": 0.03, ""timestamp"": 1771003397, ""title"": ""Will Trump nominate Kevin Warsh as the next Fed chair?"", ""slug"": ""will-trump-nominate-kevin-warsh-as-the-next-fed-chair"", ""icon"": ""https://polymarket-upload.s3.us-east-2.amazonaws.com/will-trump-nominate-kevin-warsh-as-the-next-fed-chair-Bc-vVyyVjhsS.jpg"", ""eventSlug"": ""who-will-trump-nominate-as-fed-chair"", ""outcome"": ""No"", ""outcomeIndex"": 1, ""name"": ""7G-MAN"", ""pseudonym"": ""Zigzag-Message"", ""bio"": ""LOL, Fake profit."", ""profileImage"": """", ""profileImageOptimized"": """", ""transactionHash"": ""0x37e076bc0a3b18fd63248d637669e75537183f1a4b7aec887e1f510e6b4fe08e""}"
1771003395,2026-02-14T02:01:43.514157,0x94435e9ed23549a015285ee9cb7e268f745ca4df602fc997b72f27ed89b431d4:1771003395,572469,18289842382539867639079362738467334752951741961393928566628307174343542320349,BUY,0.03,42.0,1.26,0x94435e9ed23549a015285ee9cb7e268f745ca4df602fc997b72f27ed89b431d4,"{""proxyWallet"": ""0xb6fa57039ea79185895500dbd0067c288594abcf"", ""side"": ""BUY"", ""asset"": ""18289842382539867639079362738467334752951741961393928566628307174343542320349"", ""conditionId"": ""0x61b66d02793b4a68ab0cc25be60d65f517fe18c7d654041281bb130341244fcc"", ""size"": 42, ""price"": 0.03, ""timestamp"": 1771003395, ""title"": ""Will Trump nominate Kevin Warsh as the next Fed chair?"", ""slug"": ""will-trump-nominate-kevin-warsh-as-the-next-fed-chair"", ""icon"": ""https://polymarket-upload.s3.us-east-2.amazonaws.com/will-trump-nominate-kevin-warsh-as-the-next-fed-chair-Bc-vVyyVjhsS.jpg"", ""eventSlug"": ""who-will-trump-nominate-as-fed-chair"", ""outcome"": ""No"", ""outcomeIndex"": 1, ""name"": ""anciente"", ""pseudonym"": ""Different-Ecclesia"", ""bio"": """", ""profileImage"": """", ""profileImageOptimized"": """", ""transactionHash"": ""0x94435e9ed23549a015285ee9cb7e268f745ca4df602fc997b72f27ed89b431d4""}"
1771003395,2026-02-14T02:01:43.514170,0x241dc53df8bbb512370d9ece577da0a50a510b6b37e13fb78029a9e7659b9edb:1771003395,572469,18289842382539867639079362738467334752951741961393928566628307174343542320349,BUY,0.03,43.0,1.29,0x241dc53df8bbb512370d9ece577da0a50a510b6b37e13fb78029a9e7659b9edb,"{""proxyWallet"": ""0xcd91a549956854fdc38efad7e80ff5da8f5432b8"", ""side"": ""BUY"", ""asset"": ""18289842382539867639079362738467334752951741961393928566628307174343542320349"", ""conditionId"": ""0x61b66d02793b4a68ab0cc25be60d65f517fe18c7d654041281bb130341244fcc"", ""size"": 43, ""price"": 0.03, ""timestamp"": 1771003395, ""title"": ""Will Trump nominate Kevin Warsh as the next Fed chair?"", ""slug"": ""will-trump-nominate-kevin-warsh-as-the-next-fed-chair"", ""icon"": ""https://polymarket-upload.s3.us-east-2.amazonaws.com/will-trump-nominate-kevin-warsh-as-the-next-fed-chair-Bc-vVyyVjhsS.jpg"", ""eventSlug"": ""who-will-trump-nominate-as-fed-chair"", ""outcome"": ""No"", ""outcomeIndex"": 1, ""name"": ""Novus0rdoSeclorum"", ""pseudonym"": ""Giddy-Chafe"", ""bio"": """", ""profileImage"": ""https://polymarket-upload.s3.us-east-2.amazonaws.com/profile-image-3006553-d3f0a094-9641-4093-8f50-fcf4f8ce8b6c.png"", ""profileImageOptimized"": """", ""transactionHash"": ""0x241dc53df8bbb512370d9ece577da0a50a510b6b37e13fb78029a9e7659b9edb""}"
1771003395,2026-02-14T02:01:43.514185,0x3d4b3f6ecc8a02ddde88e3eff3671ec90a287475de47ac9c1304d3bddd24ac6c:1771003395,572469,18289842382539867639079362738467334752951741961393928566628307174343542320349,BUY,0.03,42.0,1.26,0x3d4b3f6ecc8a02ddde88e3eff3671ec90a287475de47ac9c1304d3bddd24ac6c,"{""proxyWallet"": ""0xb6fa57039ea79185895500dbd0067c288594abcf"", ""side"": ""BUY"", ""asset"": ""18289842382539867639079362738467334752951741961393928566628307174343542320349"", ""conditionId"": ""0x61b66d02793b4a68ab0cc25be60d65f517fe18c7d654041281bb130341244fcc"", ""size"": 42, ""price"": 0.03, ""timestamp"": 1771003395, ""title"": ""Will Trump nominate Kevin Warsh as the next Fed chair?"", ""slug"": ""will-trump-nominate-kevin-warsh-as-the-next-fed-chair"", ""icon"": ""https://polymarket-upload.s3.us-east-2.amazonaws.com/will-trump-nominate-kevin-warsh-as-the-next-fed-chair-Bc-vVyyVjhsS.jpg"", ""eventSlug"": ""who-will-trump-nominate-as-fed-chair"", ""outcome"": ""No"", ""outcomeIndex"": 1, ""name"": ""anciente"", ""pseudonym"": ""Different-Ecclesia"", ""bio"": """", ""profileImage"": """", ""profileImageOptimized"": """", ""transactionHash"": ""0x3d4b3f6ecc8a02ddde88e3eff3671ec90a287475de47ac9c1304d3bddd24ac6c""}"
1771003393,2026-02-14T02:01:43.514199,0xf6d8c3bb8949b459a51fac27dc1928bf5443ce55995443a7be4010404a60fd05:1771003393,572469,18289842382539867639079362738467334752951741961393928566628307174343542320349,BUY,0.031,880.0,27.28,0xf6d8c3bb8949b459a51fac27dc1928bf5443ce55995443a7be4010404a60fd05,"{""proxyWallet"": ""0x63d43bbb87f85af03b8f2f9e2fad7b54334fa2f1"", ""side"": ""BUY"", ""asset"": ""18289842382539867639079362738467334752951741961393928566628307174343542320349"", ""conditionId"": ""0x61b66d02793b4a68ab0cc25be60d65f517fe18c7d654041281bb130341244fcc"", ""size"": 880, ""price"": 0.031, ""timestamp"": 1771003393, ""title"": ""Will Trump nominate Kevin Warsh as the next Fed chair?"", ""slug"": ""will-trump-nominate-kevin-warsh-as-the-next-fed-chair"", ""icon"": ""https://polymarket-upload.s3.us-east-2.amazonaws.com/will-trump-nominate-kevin-warsh-as-the-next-fed-chair-Bc-vVyyVjhsS.jpg"", ""eventSlug"": ""who-will-trump-nominate-as-fed-chair"", ""outcome"": ""No"", ""outcomeIndex"": 1, ""name"": ""wokerjoesleeper"", ""pseudonym"": ""Vivid-Macrofauna"", ""bio"": """", ""profileImage"": """", ""profileImageOptimized"": """", ""transactionHash"": ""0xf6d8c3bb8949b459a51fac27dc1928bf5443ce55995443a7be4010404a60fd05""}"
1771003393,2026-02-14T02:01:43.514212,0xd43babebf1a9807035479a99205fe99a7b611a89d22f71715392a3e8b80470de:1771003393,572469,18289842382539867639079362738467334752951741961393928566628307174343542320349,BUY,0.03,42.0,1.26,0xd43babebf1a9807035479a99205fe99a7b611a89d22f71715392a3e8b80470de,"{""proxyWallet"": ""0xb6fa57039ea79185895500dbd0067c288594abcf"", ""side"": ""BUY"", ""asset"": ""18289842382539867639079362738467334752951741961393928566628307174343542320349"", ""conditionId"": ""0x61b66d02793b4a68ab0cc25be60d65f517fe18c7d654041281bb130341244fcc"", ""size"": 42, ""price"": 0.03, ""timestamp"": 1771003393, ""title"": ""Will Trump nominate Kevin Warsh as the next Fed chair?"", ""slug"": ""will-trump-nominate-kevin-warsh-as-the-next-fed-chair"", ""icon"": ""https://polymarket-upload.s3.us-east-2.amazonaws.com/will-trump-nominate-kevin-warsh-as-the-next-fed-chair-Bc-vVyyVjhsS.jpg"", ""eventSlug"": ""who-will-trump-nominate-as-fed-chair"", ""outcome"": ""No"", ""outcomeIndex"": 1, ""name"": ""anciente"", ""pseudonym"": ""Different-Ecclesia"", ""bio"": """", ""profileImage"": """", ""profileImageOptimized"": """", ""transactionHash"": ""0xd43babebf1a9807035479a99205fe99a7b611a89d22f71715392a3e8b80470de""}"
1771003393,2026-02-14T02:01:43.514226,0x1319ed11cc78c80360b20bc4e683be2b79b45b9049e4cc4d4fbf1a6f34c688a0:1771003393,572469,18289842382539867639079362738467334752951741961393928566628307174343542320349,BUY,0.03,100.0,3.0,0x1319ed11cc78c80360b20bc4e683be2b79b45b9049e4cc4d4fbf1a6f34c688a0,"{""proxyWallet"": ""0x0e7fa09bf44514693b5ecc2420c50abc39b62015"", ""side"": ""BUY"", ""asset"": ""18289842382539867639079362738467334752951741961393928566628307174343542320349"", ""conditionId"": ""0x61b66d02793b4a68ab0cc25be60d65f517fe18c7d654041281bb130341244fcc"", ""size"": 100, ""price"": 0.03, ""timestamp"": 1771003393, ""title"": ""Will Trump nominate Kevin Warsh as the next Fed chair?"", ""slug"": ""will-trump-nominate-kevin-warsh-as-the-next-fed-chair"", ""icon"": ""https://polymarket-upload.s3.us-east-2.amazonaws.com/will-trump-nominate-kevin-warsh-as-the-next-fed-chair-Bc-vVyyVjhsS.jpg"", ""eventSlug"": ""who-will-trump-nominate-as-fed-chair"", ""outcome"": ""No"", ""outcomeIndex"": 1, ""name"": ""NoLoyaltyToTheBosses"", ""pseudonym"": ""Fine-Flanker"", ""bio"": """", ""profileImage"": ""https://polymarket-upload.s3.us-east-2.amazonaws.com/profile-image-3711953-a16e1f23-50bc-4716-a76f-afa4a5b2c26f.jpeg"", ""profileImageOptimized"": """", ""transactionHash"": ""0x1319ed11cc78c80360b20bc4e683be2b79b45b9049e4cc4d4fbf1a6f34c688a0""}"
1771003393,2026-02-14T02:01:43.514240,0xc9a0aeeb4d5cc8c8010e5a29c524f73f3aaa55167172d540eb6492f8f20ed8fb:1771003393,572469,18289842382539867639079362738467334752951741961393928566628307174343542320349,BUY,0.03,42.0,1.26,0xc9a0aeeb4d5cc8c8010e5a29c524f73f3aaa55167172d540eb6492f8f20ed8fb,"{""proxyWallet"": ""0xb6fa57039ea79185895500dbd0067c288594abcf"", ""side"": ""BUY"", ""asset"": ""18289842382539867639079362738467334752951741961393928566628307174343542320349"", ""conditionId"": ""0x61b66d02793b4a68ab0cc25be60d65f517fe18c7d654041281bb130341244fcc"", ""size"": 42, ""price"": 0.03, ""timestamp"": 1771003393, ""title"": ""Will Trump nominate Kevin Warsh as the next Fed chair?"", ""slug"": ""will-trump-nominate-kevin-warsh-as-the-next-fed-chair"", ""icon"": ""https://polymarket-upload.s3.us-east-2.amazonaws.com/will-trump-nominate-kevin-warsh-as-the-next-fed-chair-Bc-vVyyVjhsS.jpg"", ""eventSlug"": ""who-will-trump-nominate-as-fed-chair"", ""outcome"": ""No"", ""outcomeIndex"": 1, ""name"": ""anciente"", ""pseudonym"": ""Different-Ecclesia"", ""bio"": """", ""profileImage"": """", ""profileImageOptimized"": """", ""transactionHash"": ""0xc9a0aeeb4d5cc8c8010e5a29c524f73f3aaa55167172d540eb6492f8f20ed8fb""}"
1771003393,2026-02-14T02:01:43.514254,0x66cdf1965f8e6bba448c45e72b882c3d6a85d8f2db9fdb33f6995552ede7bad6:1771003393,572469,18289842382539867639079362738467334752951741961393928566628307174343542320349,BUY,0.03,42.0,1.26,0x66cdf1965f8e6bba448c45e72b882c3d6a85d8f2db9fdb33f6995552ede7bad6,"{""proxyWallet"": ""0xb6fa57039ea79185895500dbd0067c288594abcf"", ""side"": ""BUY"", ""asset"": ""18289842382539867639079362738467334752951741961393928566628307174343542320349"", ""conditionId"": ""0x61b66d02793b4a68ab0cc25be60d65f517fe18c7d654041281bb130341244fcc"", ""size"": 42, ""price"": 0.03, ""timestamp"": 1771003393, ""title"": ""Will Trump nominate Kevin Warsh as the next Fed chair?"", ""slug"": ""will-trump-nominate-kevin-warsh-as-the-next-fed-chair"", ""icon"": ""https://polymarket-upload.s3.us-east-2.amazonaws.com/will-trump-nominate-kevin-warsh-as-the-next-fed-chair-Bc-vVyyVjhsS.jpg"", ""eventSlug"": ""who-will-trump-nominate-as-fed-chair"", ""outcome"": ""No"", ""outcomeIndex"": 1, ""name"": ""anciente"", ""pseudonym"": ""Different-Ecclesia"", ""bio"": """", ""profileImage"": """", ""profileImageOptimized"": """", ""transactionHash"": ""0x66cdf1965f8e6bba448c45e72b882c3d6a85d8f2db9fdb33f6995552ede7bad6""}"
1771003393,2026-02-14T02:01:43.514267,0x17a7988c3a084a15f2340abbf5089abcd86925bd123070dec3676ad6449985fd:1771003393,572469,18289842382539867639079362738467334752951741961393928566628307174343542320349,BUY,0.03,42.0,1.26,0x17a7988c3a084a15f2340abbf5089abcd86925bd123070dec3676ad6449985fd,"{""proxyWallet"": ""0xb6fa57039ea79185895500dbd0067c288594abcf"", ""side"": ""BUY"", ""asset"": ""18289842382539867639079362738467334752951741961393928566628307174343542320349"", ""conditionId"": ""0x61b66d02793b4a68ab0cc25be60d65f517fe18c7d654041281bb130341244fcc"", ""size"": 42, ""price"": 0.03, ""timestamp"": 1771003393, ""title"": ""Will Trump nominate Kevin Warsh as the next Fed chair?"", ""slug"": ""will-trump-nominate-kevin-warsh-as-the-next-fed-chair"", ""icon"": ""https://polymarket-upload.s3.us-east-2.amazonaws.com/will-trump-nominate-kevin-warsh-as-the-next-fed-chair-Bc-vVyyVjhsS.jpg"", ""eventSlug"": ""who-will-trump-nominate-as-fed-chair"", ""outcome"": ""No"", ""outcomeIndex"": 1, ""name"": ""anciente"", ""pseudonym"": ""Different-Ecclesia"", ""bio"": """", ""profileImage"": """", ""profileImageOptimized"": """", ""transactionHash"": ""0x17a7988c3a084a15f2340abbf5089abcd86925bd123070dec3676ad6449985fd""}"
1771003391,2026-02-14T02:01:43.514294,0x43c9a5d96a69ce9405041ce0f5c7b4510c2515b7dabdbe958db9a456ae7b5b95:1771003391,572469,18289842382539867639079362738467334752951741961393928566628307174343542320349,BUY,0.031,300.0,9.3,0x43c9a5d96a69ce9405041ce0f5c7b4510c2515b7dabdbe958db9a456ae7b5b95,"{""proxyWallet"": ""0x6c979ffcc3528a5d2395a2f7c89135711da0988c"", ""side"": ""BUY"", ""asset"": ""18289842382539867639079362738467334752951741961393928566628307174343542320349"", ""conditionId"": ""0x61b66d02793b4a68ab0cc25be60d65f517fe18c7d654041281bb130341244fcc"", ""size"": 300, ""price"": 0.031, ""timestamp"": 1771003391, ""title"": ""Will Trump nominate Kevin Warsh as the next Fed chair?"", ""slug"": ""will-trump-nominate-kevin-warsh-as-the-next-fed-chair"", ""icon"": ""https://polymarket-upload.s3.us-east-2.amazonaws.com/will-trump-nominate-kevin-warsh-as-the-next-fed-chair-Bc-vVyyVjhsS.jpg"", ""eventSlug"": ""who-will-trump-nominate-as-fed-chair"", ""outcome"": ""No"", ""outcomeIndex"": 1, ""name"": ""7G-MAN"", ""pseudonym"": ""Zigzag-Message"", ""bio"": ""LOL, Fake profit."", ""profileImage"": """", ""profileImageOptimized"": """", ""transactionHash"": ""0x43c9a5d96a69ce9405041ce0f5c7b4510c2515b7dabdbe958db9a456ae7b5b95""}"
1771003383,2026-02-14T02:01:43.514313,0xb4a084f8928704939bb1215d36ea7cbc5b8369b5f97c0121667859d673ed15aa:1771003383,572469,18289842382539867639079362738467334752951741961393928566628307174343542320349,BUY,0.031,60.0,1.8599999999999999,0xb4a084f8928704939bb1215d36ea7cbc5b8369b5f97c0121667859d673ed15aa,"{""proxyWallet"": ""0x6586fb56a335aeb953b09b299eb181de3ffd497c"", ""side"": ""BUY"", ""asset"": ""18289842382539867639079362738467334752951741961393928566628307174343542320349"", ""conditionId"": ""0x61b66d02793b4a68ab0cc25be60d65f517fe18c7d654041281bb130341244fcc"", ""size"": 60, ""price"": 0.031, ""timestamp"": 1771003383, ""title"": ""Will Trump nominate Kevin Warsh as the next Fed chair?"", ""slug"": ""will-trump-nominate-kevin-warsh-as-the-next-fed-chair"", ""icon"": ""https://polymarket-upload.s3.us-east-2.amazonaws.com/will-trump-nominate-kevin-warsh-as-the-next-fed-chair-Bc-vVyyVjhsS.jpg"", ""eventSlug"": ""who-will-trump-nominate-as-fed-chair"", ""outcome"": ""No"", ""outcomeIndex"": 1, ""name"": ""yzhaobk-nrt"", ""pseudonym"": ""Agitated-Crowd"", ""bio"": """", ""profileImage"": """", ""profileImageOptimized"": """", ""transactionHash"": ""0xb4a084f8928704939bb1215d36ea7cbc5b8369b5f97c0121667859d673ed15aa""}"
1771003381,2026-02-14T02:01:43.514328,0x088ac687dacbcce3ae00936739c53a72cba2bb752657a0f6b4cd6c77914e65a4:1771003381,572469,18289842382539867639079362738467334752951741961393928566628307174343542320349,BUY,0.031,43.0,1.333,0x088ac687dacbcce3ae00936739c53a72cba2bb752657a0f6b4cd6c77914e65a4,"{""proxyWallet"": ""0xcd91a549956854fdc38efad7e80ff5da8f5432b8"", ""side"": ""BUY"", ""asset"": ""18289842382539867639079362738467334752951741961393928566628307174343542320349"", ""conditionId"": ""0x61b66d02793b4a68ab0cc25be60d65f517fe18c7d654041281bb130341244fcc"", ""size"": 43, ""price"": 0.031, ""timestamp"": 1771003381, ""title"": ""Will Trump nominate Kevin Warsh as the next Fed chair?"", ""slug"": ""will-trump-nominate-kevin-warsh-as-the-next-fed-chair"", ""icon"": ""https://polymarket-upload.s3.us-east-2.amazonaws.com/will-trump-nominate-kevin-warsh-as-the-next-fed-chair-Bc-vVyyVjhsS.jpg"", ""eventSlug"": ""who-will-trump-nominate-as-fed-chair"", ""outcome"": ""No"", ""outcomeIndex"": 1, ""name"": ""Novus0rdoSeclorum"", ""pseudonym"": ""Giddy-Chafe"", ""bio"": """", ""profileImage"": ""https://polymarket-upload.s3.us-east-2.amazonaws.com/profile-image-3006553-d3f0a094-9641-4093-8f50-fcf4f8ce8b6c.png"", ""profileImageOptimized"": """", ""transactionHash"": ""0x088ac687dacbcce3ae00936739c53a72cba2bb752657a0f6b4cd6c77914e65a4""}"
1771003367,2026-02-14T02:01:43.514343,0x44b830f1abbff734a6afa69cc84cb1038820e74669721b62d20107b3acfd886c:1771003367,572469,18289842382539867639079362738467334752951741961393928566628307174343542320349,BUY,0.030999987051327112,72.903224,2.2599989999999996,0x44b830f1abbff734a6afa69cc84cb1038820e74669721b62d20107b3acfd886c,"{""proxyWallet"": ""0xe8dd7741ccb12350957ec71e9ee332e0d1e6ec86"", ""side"": ""BUY"", ""asset"": ""18289842382539867639079362738467334752951741961393928566628307174343542320349"", ""conditionId"": ""0x61b66d02793b4a68ab0cc25be60d65f517fe18c7d654041281bb130341244fcc"", ""size"": 72.903224, ""price"": 0.030999987051327112, ""timestamp"": 1771003367, ""title"": ""Will Trump nominate Kevin Warsh as the next Fed chair?"", ""slug"": ""will-trump-nominate-kevin-warsh-as-the-next-fed-chair"", ""icon"": ""https://polymarket-upload.s3.us-east-2.amazonaws.com/will-trump-nominate-kevin-warsh-as-the-next-fed-chair-Bc-vVyyVjhsS.jpg"", ""eventSlug"": ""who-will-trump-nominate-as-fed-chair"", ""outcome"": ""No"", ""outcomeIndex"": 1, ""name"": ""influenz.eth"", ""pseudonym"": ""Real-Veteran"", ""bio"": ""3820"", ""profileImage"": """", ""profileImageOptimized"": """", ""transactionHash"": ""0x44b830f1abbff734a6afa69cc84cb1038820e74669721b62d20107b3acfd886c""}"
1771003367,2026-02-14T02:01:43.514359,0x3757d02548af9b656b0f6b91afa1cbe69b473e389eda489a0e1b8589f78e59a3:1771003367,572469,18289842382539867639079362738467334752951741961393928566628307174343542320349,BUY,0.03099999890384185,864.838708,26.809999,0x3757d02548af9b656b0f6b91afa1cbe69b473e389eda489a0e1b8589f78e59a3,"{""proxyWallet"": ""0xe8dd7741ccb12350957ec71e9ee332e0d1e6ec86"", ""side"": ""BUY"", ""asset"": ""18289842382539867639079362738467334752951741961393928566628307174343542320349"", ""conditionId"": ""0x61b66d02793b4a68ab0cc25be60d65f517fe18c7d654041281bb130341244fcc"", ""size"": 864.838708, ""price"": 0.03099999890384185, ""timestamp"": 1771003367, ""title"": ""Will Trump nominate Kevin Warsh as the next Fed chair?"", ""slug"": ""will-trump-nominate-kevin-warsh-as-the-next-fed-chair"", ""icon"": ""https://polymarket-upload.s3.us-east-2.amazonaws.com/will-trump-nominate-kevin-warsh-as-the-next-fed-chair-Bc-vVyyVjhsS.jpg"", ""eventSlug"": ""who-will-trump-nominate-as-fed-chair"", ""outcome"": ""No"", ""outcomeIndex"": 1, ""name"": ""influenz.eth"", ""pseudonym"": ""Real-Veteran"", ""bio"": ""3820"", ""profileImage"": """", ""profileImageOptimized"": """", ""transactionHash"": ""0x3757d02548af9b656b0f6b91afa1cbe69b473e389eda489a0e1b8589f78e59a3""}"
1771003361,2026-02-14T02:01:43.514373,0x30a2c40b457ea0ae7e605f997a72f1051556dfc2aef252c141b5914b2aadbf6e:1771003361,572469,18289842382539867639079362738467334752951741961393928566628307174343542320349,BUY,0.03099999074843737,103.225805,3.1999989999999996,0x30a2c40b457ea0ae7e605f997a72f1051556dfc2aef252c141b5914b2aadbf6e,"{""proxyWallet"": ""0xe8dd7741ccb12350957ec71e9ee332e0d1e6ec86"", ""side"": ""BUY"", ""asset"": ""18289842382539867639079362738467334752951741961393928566628307174343542320349"", ""conditionId"": ""0x61b66d02793b4a68ab0cc25be60d65f517fe18c7d654041281bb130341244fcc"", ""size"": 103.225805, ""price"": 0.03099999074843737, ""timestamp"": 1771003361, ""title"": ""Will Trump nominate Kevin Warsh as the next Fed chair?"", ""slug"": ""will-trump-nominate-kevin-warsh-as-the-next-fed-chair"", ""icon"": ""https://polymarket-upload.s3.us-east-2.amazonaws.com/will-trump-nominate-kevin-warsh-as-the-next-fed-chair-Bc-vVyyVjhsS.jpg"", ""eventSlug"": ""who-will-trump-nominate-as-fed-chair"", ""outcome"": ""No"", ""outcomeIndex"": 1, ""name"": ""influenz.eth"", ""pseudonym"": ""Real-Veteran"", ""bio"": ""3820"", ""profileImage"": """", ""profileImageOptimized"": """", ""transactionHash"": ""0x30a2c40b457ea0ae7e605f997a72f1051556dfc2aef252c141b5914b2aadbf6e""}"
1771003359,2026-02-14T02:01:43.514389,0x172aedee1b575bc47938ea637a0fa2d66e09e4832eb3149700ba5648151833ed:1771003359,572469,18289842382539867639079362738467334752951741961393928566628307174343542320349,BUY,0.031000000038345573,834.516128,25.869999999999997,0x172aedee1b575bc47938ea637a0fa2d66e09e4832eb3149700ba5648151833ed,"{""proxyWallet"": ""0xe8dd7741ccb12350957ec71e9ee332e0d1e6ec86"", ""side"": ""BUY"", ""asset"": ""18289842382539867639079362738467334752951741961393928566628307174343542320349"", ""conditionId"": ""0x61b66d02793b4a68ab0cc25be60d65f517fe18c7d654041281bb130341244fcc"", ""size"": 834.516128, ""price"": 0.031000000038345573, ""timestamp"": 1771003359, ""title"": ""Will Trump nominate Kevin Warsh as the next Fed chair?"", ""slug"": ""will-trump-nominate-kevin-warsh-as-the-next-fed-chair"", ""icon"": ""https://polymarket-upload.s3.us-east-2.amazonaws.com/will-trump-nominate-kevin-warsh-as-the-next-fed-chair-Bc-vVyyVjhsS.jpg"", ""eventSlug"": ""who-will-trump-nominate-as-fed-chair"", ""outcome"": ""No"", ""outcomeIndex"": 1, ""name"": ""influenz.eth"", ""pseudonym"": ""Real-Veteran"", ""bio"": ""3820"", ""profileImage"": """", ""profileImageOptimized"": """", ""transactionHash"": ""0x172aedee1b575bc47938ea637a0fa2d66e09e4832eb3149700ba5648151833ed""}"
1771003341,2026-02-14T02:01:43.514404,0x7d1aed3e58236f006e4ab0f661d2dcc2b03c1749d318381ebdd9884a8e3d0f24:1771003341,572469,18289842382539867639079362738467334752951741961393928566628307174343542320349,BUY,0.031,2.68,0.08308,0x7d1aed3e58236f006e4ab0f661d2dcc2b03c1749d318381ebdd9884a8e3d0f24,"{""proxyWallet"": ""0x30cecdf29f069563ea21b8ae94492e41e53a6b2b"", ""side"": ""BUY"", ""asset"": ""18289842382539867639079362738467334752951741961393928566628307174343542320349"", ""conditionId"": ""0x61b66d02793b4a68ab0cc25be60d65f517fe18c7d654041281bb130341244fcc"", ""size"": 2.68, ""price"": 0.031, ""timestamp"": 1771003341, ""title"": ""Will Trump nominate Kevin Warsh as the next Fed chair?"", ""slug"": ""will-trump-nominate-kevin-warsh-as-the-next-fed-chair"", ""icon"": ""https://polymarket-upload.s3.us-east-2.amazonaws.com/will-trump-nominate-kevin-warsh-as-the-next-fed-chair-Bc-vVyyVjhsS.jpg"", ""eventSlug"": ""who-will-trump-nominate-as-fed-chair"", ""outcome"": ""No"", ""outcomeIndex"": 1, ""name"": ""ZXWP"", ""pseudonym"": ""Well-Documented-Hit"", ""bio"": """", ""profileImage"": """", ""profileImageOptimized"": """", ""transactionHash"": ""0x7d1aed3e58236f006e4ab0f661d2dcc2b03c1749d318381ebdd9884a8e3d0f24""}"
1771003333,2026-02-14T02:01:43.514418,0x3492ea20c0a279425a1ca08e45da3fe9c15d004ca2e07065f2533d9aa1347979:1771003333,572469,18289842382539867639079362738467334752951741961393928566628307174343542320349,BUY,0.031,21.4,0.6634,0x3492ea20c0a279425a1ca08e45da3fe9c15d004ca2e07065f2533d9aa1347979,"{""proxyWallet"": ""0x30cecdf29f069563ea21b8ae94492e41e53a6b2b"", ""side"": ""BUY"", ""asset"": ""18289842382539867639079362738467334752951741961393928566628307174343542320349"", ""conditionId"": ""0x61b66d02793b4a68ab0cc25be60d65f517fe18c7d654041281bb130341244fcc"", ""size"": 21.4, ""price"": 0.031, ""timestamp"": 1771003333, ""title"": ""Will Trump nominate Kevin Warsh as the next Fed chair?"", ""slug"": ""will-trump-nominate-kevin-warsh-as-the-next-fed-chair"", ""icon"": ""https://polymarket-upload.s3.us-east-2.amazonaws.com/will-trump-nominate-kevin-warsh-as-the-next-fed-chair-Bc-vVyyVjhsS.jpg"", ""eventSlug"": ""who-will-trump-nominate-as-fed-chair"", ""outcome"": ""No"", ""outcomeIndex"": 1, ""name"": ""ZXWP"", ""pseudonym"": ""Well-Documented-Hit"", ""bio"": """", ""profileImage"": """", ""profileImageOptimized"": """", ""transactionHash"": ""0x3492ea20c0a279425a1ca08e45da3fe9c15d004ca2e07065f2533d9aa1347979""}"
1771003325,2026-02-14T02:01:43.514432,0x43889b949ac02cdc7ccbd02ae070dfb5a433a4ffb61bc8a20c9b6d43460333e9:1771003325,572469,18289842382539867639079362738467334752951741961393928566628307174343542320349,BUY,0.031,171.26,5.30906,0x43889b949ac02cdc7ccbd02ae070dfb5a433a4ffb61bc8a20c9b6d43460333e9,"{""proxyWallet"": ""0x30cecdf29f069563ea21b8ae94492e41e53a6b2b"", ""side"": ""BUY"", ""asset"": ""18289842382539867639079362738467334752951741961393928566628307174343542320349"", ""conditionId"": ""0x61b66d02793b4a68ab0cc25be60d65f517fe18c7d654041281bb130341244fcc"", ""size"": 171.26, ""price"": 0.031, ""timestamp"": 1771003325, ""title"": ""Will Trump nominate Kevin Warsh as the next Fed chair?"", ""slug"": ""will-trump-nominate-kevin-warsh-as-the-next-fed-chair"", ""icon"": ""https://polymarket-upload.s3.us-east-2.amazonaws.com/will-trump-nominate-kevin-warsh-as-the-next-fed-chair-Bc-vVyyVjhsS.jpg"", ""eventSlug"": ""who-will-trump-nominate-as-fed-chair"", ""outcome"": ""No"", ""outcomeIndex"": 1, ""name"": ""ZXWP"", ""pseudonym"": ""Well-Documented-Hit"", ""bio"": """", ""profileImage"": """", ""profileImageOptimized"": """", ""transactionHash"": ""0x43889b949ac02cdc7ccbd02ae070dfb5a433a4ffb61bc8a20c9b6d43460333e9""}"
1771003315,2026-02-14T02:01:43.514447,0xdfd1921a1f86018ff695b38711f003369b2ef8fc60afb84e667f39d587c6cf43:1771003315,572469,18289842382539867639079362738467334752951741961393928566628307174343542320349,BUY,0.03,10.0,0.3,0xdfd1921a1f86018ff695b38711f003369b2ef8fc60afb84e667f39d587c6cf43,"{""proxyWallet"": ""0x63d43bbb87f85af03b8f2f9e2fad7b54334fa2f1"", ""side"": ""BUY"", ""asset"": ""18289842382539867639079362738467334752951741961393928566628307174343542320349"", ""conditionId"": ""0x61b66d02793b4a68ab0cc25be60d65f517fe18c7d654041281bb130341244fcc"", ""size"": 10, ""price"": 0.03, ""timestamp"": 1771003315, ""title"": ""Will Trump nominate Kevin Warsh as the next Fed chair?"", ""slug"": ""will-trump-nominate-kevin-warsh-as-the-next-fed-chair"", ""icon"": ""https://polymarket-upload.s3.us-east-2.amazonaws.com/will-trump-nominate-kevin-warsh-as-the-next-fed-chair-Bc-vVyyVjhsS.jpg"", ""eventSlug"": ""who-will-trump-nominate-as-fed-chair"", ""outcome"": ""No"", ""outcomeIndex"": 1, ""name"": ""wokerjoesleeper"", ""pseudonym"": ""Vivid-Macrofauna"", ""bio"": """", ""profileImage"": """", ""profileImageOptimized"": """", ""transactionHash"": ""0xdfd1921a1f86018ff695b38711f003369b2ef8fc60afb84e667f39d587c6cf43""}"
1771003265,2026-02-14T02:01:43.514463,0xceb98192804bd30df4fa3cbe21806b0a241bcd49c3a6b2a7257bd6fe8278eab5:1771003265,572469,18289842382539867639079362738467334752951741961393928566628307174343542320349,BUY,0.031,839.18,26.01458,0xceb98192804bd30df4fa3cbe21806b0a241bcd49c3a6b2a7257bd6fe8278eab5,"{""proxyWallet"": ""0xe8dd7741ccb12350957ec71e9ee332e0d1e6ec86"", ""side"": ""BUY"", ""asset"": ""18289842382539867639079362738467334752951741961393928566628307174343542320349"", ""conditionId"": ""0x61b66d02793b4a68ab0cc25be60d65f517fe18c7d654041281bb130341244fcc"", ""size"": 839.18, ""price"": 0.031, ""timestamp"": 1771003265, ""title"": ""Will Trump nominate Kevin Warsh as the next Fed chair?"", ""slug"": ""will-trump-nominate-kevin-warsh-as-the-next-fed-chair"", ""icon"": ""https://polymarket-upload.s3.us-east-2.amazonaws.com/will-trump-nominate-kevin-warsh-as-the-next-fed-chair-Bc-vVyyVjhsS.jpg"", ""eventSlug"": ""who-will-trump-nominate-as-fed-chair"", ""outcome"": ""No"", ""outcomeIndex"": 1, ""name"": ""influenz.eth"", ""pseudonym"": ""Real-Veteran"", ""bio"": ""3820"", ""profileImage"": """", ""profileImageOptimized"": """", ""transactionHash"": ""0xceb98192804bd30df4fa3cbe21806b0a241bcd49c3a6b2a7257bd6fe8278eab5""}"
1771003241,2026-02-14T02:01:43.514477,0x3fa65797e0edd70b0ef3199a48071845514de2eb6439d41ac100fc8757aea2bb:1771003241,572469,18289842382539867639079362738467334752951741961393928566628307174343542320349,BUY,0.031,1000.0,31.0,0x3fa65797e0edd70b0ef3199a48071845514de2eb6439d41ac100fc8757aea2bb,"{""proxyWallet"": ""0x67bc6af6806df61ba5144b125174ecf5f821d54e"", ""side"": ""BUY"", ""asset"": ""18289842382539867639079362738467334752951741961393928566628307174343542320349"", ""conditionId"": ""0x61b66d02793b4a68ab0cc25be60d65f517fe18c7d654041281bb130341244fcc"", ""size"": 1000, ""price"": 0.031, ""timestamp"": 1771003241, ""title"": ""Will Trump nominate Kevin Warsh as the next Fed chair?"", ""slug"": ""will-trump-nominate-kevin-warsh-as-the-next-fed-chair"", ""icon"": ""https://polymarket-upload.s3.us-east-2.amazonaws.com/will-trump-nominate-kevin-warsh-as-the-next-fed-chair-Bc-vVyyVjhsS.jpg"", ""eventSlug"": ""who-will-trump-nominate-as-fed-chair"", ""outcome"": ""No"", ""outcomeIndex"": 1, ""name"": ""waterfall0"", ""pseudonym"": ""Limp-Colt"", ""bio"": """", ""profileImage"": """", ""profileImageOptimized"": """", ""transactionHash"": ""0x3fa65797e0edd70b0ef3199a48071845514de2eb6439d41ac100fc8757aea2bb""}"
1771003231,2026-02-14T02:01:43.514492,0x59eecd25be148cf657cc08b071d0cb5be6e4005779cb11067622cdb9fec7dac1:1771003231,572469,18289842382539867639079362738467334752951741961393928566628307174343542320349,SELL,0.03,402.25,12.067499999999999,0x59eecd25be148cf657cc08b071d0cb5be6e4005779cb11067622cdb9fec7dac1,"{""proxyWallet"": ""0x65989258b3e0ea9c2e5f8f5450d1135bc81d0b0b"", ""side"": ""SELL"", ""asset"": ""18289842382539867639079362738467334752951741961393928566628307174343542320349"", ""conditionId"": ""0x61b66d02793b4a68ab0cc25be60d65f517fe18c7d654041281bb130341244fcc"", ""size"": 402.25, ""price"": 0.03, ""timestamp"": 1771003231, ""title"": ""Will Trump nominate Kevin Warsh as the next Fed chair?"", ""slug"": ""will-trump-nominate-kevin-warsh-as-the-next-fed-chair"", ""icon"": ""https://polymarket-upload.s3.us-east-2.amazonaws.com/will-trump-nominate-kevin-warsh-as-the-next-fed-chair-Bc-vVyyVjhsS.jpg"", ""eventSlug"": ""who-will-trump-nominate-as-fed-chair"", ""outcome"": ""No"", ""outcomeIndex"": 1, ""name"": ""tomomatsumoto"", ""pseudonym"": ""Interesting-Evaluator"", ""bio"": """", ""profileImage"": """", ""profileImageOptimized"": """", ""transactionHash"": ""0x59eecd25be148cf657cc08b071d0cb5be6e4005779cb11067622cdb9fec7dac1""}"
1771003217,2026-02-14T02:01:43.514506,0xac44f8d10f10e7d6a185b672830c662975169a26584d0a8b7cdc8a9ce0a82f1f:1771003217,572469,18289842382539867639079362738467334752951741961393928566628307174343542320349,BUY,0.031,2.68,0.08308,0xac44f8d10f10e7d6a185b672830c662975169a26584d0a8b7cdc8a9ce0a82f1f,"{""proxyWallet"": ""0x30cecdf29f069563ea21b8ae94492e41e53a6b2b"", ""side"": ""BUY"", ""asset"": ""18289842382539867639079362738467334752951741961393928566628307174343542320349"", ""conditionId"": ""0x61b66d02793b4a68ab0cc25be60d65f517fe18c7d654041281bb130341244fcc"", ""size"": 2.68, ""price"": 0.031, ""timestamp"": 1771003217, ""title"": ""Will Trump nominate Kevin Warsh as the next Fed chair?"", ""slug"": ""will-trump-nominate-kevin-warsh-as-the-next-fed-chair"", ""icon"": ""https://polymarket-upload.s3.us-east-2.amazonaws.com/will-trump-nominate-kevin-warsh-as-the-next-fed-chair-Bc-vVyyVjhsS.jpg"", ""eventSlug"": ""who-will-trump-nominate-as-fed-chair"", ""outcome"": ""No"", ""outcomeIndex"": 1, ""name"": ""ZXWP"", ""pseudonym"": ""Well-Documented-Hit"", ""bio"": """", ""profileImage"": """", ""profileImageOptimized"": """", ""transactionHash"": ""0xac44f8d10f10e7d6a185b672830c662975169a26584d0a8b7cdc8a9ce0a82f1f""}"
1771003209,2026-02-14T02:01:43.514520,0xe5a5672ab16dc802f6e60b2aaa8df9144e018e685baf3704b04df9f353cfc1dc:1771003209,572469,18289842382539867639079362738467334752951741961393928566628307174343542320349,BUY,0.031,21.4,0.6634,0xe5a5672ab16dc802f6e60b2aaa8df9144e018e685baf3704b04df9f353cfc1dc,"{""proxyWallet"": ""0x30cecdf29f069563ea21b8ae94492e41e53a6b2b"", ""side"": ""BUY"", ""asset"": ""18289842382539867639079362738467334752951741961393928566628307174343542320349"", ""conditionId"": ""0x61b66d02793b4a68ab0cc25be60d65f517fe18c7d654041281bb130341244fcc"", ""size"": 21.4, ""price"": 0.031, ""timestamp"": 1771003209, ""title"": ""Will Trump nominate Kevin Warsh as the next Fed chair?"", ""slug"": ""will-trump-nominate-kevin-warsh-as-the-next-fed-chair"", ""icon"": ""https://polymarket-upload.s3.us-east-2.amazonaws.com/will-trump-nominate-kevin-warsh-as-the-next-fed-chair-Bc-vVyyVjhsS.jpg"", ""eventSlug"": ""who-will-trump-nominate-as-fed-chair"", ""outcome"": ""No"", ""outcomeIndex"": 1, ""name"": ""ZXWP"", ""pseudonym"": ""Well-Documented-Hit"", ""bio"": """", ""profileImage"": """", ""profileImageOptimized"": """", ""transactionHash"": ""0xe5a5672ab16dc802f6e60b2aaa8df9144e018e685baf3704b04df9f353cfc1dc""}"
1771003201,2026-02-14T02:01:43.514534,0x61e2d3499d3f4fdb31ce4a42ac6714ba249dfa3eabf63f4bf6c7dfccace02a79:1771003201,572469,18289842382539867639079362738467334752951741961393928566628307174343542320349,BUY,0.031,171.26,5.30906,0x61e2d3499d3f4fdb31ce4a42ac6714ba249dfa3eabf63f4bf6c7dfccace02a79,"{""proxyWallet"": ""0x30cecdf29f069563ea21b8ae94492e41e53a6b2b"", ""side"": ""BUY"", ""asset"": ""18289842382539867639079362738467334752951741961393928566628307174343542320349"", ""conditionId"": ""0x61b66d02793b4a68ab0cc25be60d65f517fe18c7d654041281bb130341244fcc"", ""size"": 171.26, ""price"": 0.031, ""timestamp"": 1771003201, ""title"": ""Will Trump nominate Kevin Warsh as the next Fed chair?"", ""slug"": ""will-trump-nominate-kevin-warsh-as-the-next-fed-chair"", ""icon"": ""https://polymarket-upload.s3.us-east-2.amazonaws.com/will-trump-nominate-kevin-warsh-as-the-next-fed-chair-Bc-vVyyVjhsS.jpg"", ""eventSlug"": ""who-will-trump-nominate-as-fed-chair"", ""outcome"": ""No"", ""outcomeIndex"": 1, ""name"": ""ZXWP"", ""pseudonym"": ""Well-Documented-Hit"", ""bio"": """", ""profileImage"": """", ""profileImageOptimized"": """", ""transactionHash"": ""0x61e2d3499d3f4fdb31ce4a42ac6714ba249dfa3eabf63f4bf6c7dfccace02a79""}"
1771003155,2026-02-14T02:01:43.514553,0xbba72a37f6172d0ce5e0a45c4768a9ee3c11b0494907d6edbdfbe9a0daa36a15:1771003155,572469,18289842382539867639079362738467334752951741961393928566628307174343542320349,SELL,0.03,0.11,0.0033,0xbba72a37f6172d0ce5e0a45c4768a9ee3c11b0494907d6edbdfbe9a0daa36a15,"{""proxyWallet"": ""0x201d64d5fbe721bda742eba45cfbeb34889e2e13"", ""side"": ""SELL"", ""asset"": ""18289842382539867639079362738467334752951741961393928566628307174343542320349"", ""conditionId"": ""0x61b66d02793b4a68ab0cc25be60d65f517fe18c7d654041281bb130341244fcc"", ""size"": 0.11, ""price"": 0.03, ""timestamp"": 1771003155, ""title"": ""Will Trump nominate Kevin Warsh as the next Fed chair?"", ""slug"": ""will-trump-nominate-kevin-warsh-as-the-next-fed-chair"", ""icon"": ""https://polymarket-upload.s3.us-east-2.amazonaws.com/will-trump-nominate-kevin-warsh-as-the-next-fed-chair-Bc-vVyyVjhsS.jpg"", ""eventSlug"": ""who-will-trump-nominate-as-fed-chair"", ""outcome"": ""No"", ""outcomeIndex"": 1, ""name"": """", ""pseudonym"": """", ""bio"": """", ""profileImage"": """", ""profileImageOptimized"": """", ""transactionHash"": ""0xbba72a37f6172d0ce5e0a45c4768a9ee3c11b0494907d6edbdfbe9a0daa36a15""}"
1771003155,2026-02-14T02:01:43.514567,0x0402209aaf45fe3d522412ed43b8ff37dff8c82598ac0b700de4d9b537569fe7:1771003155,572469,18289842382539867639079362738467334752951741961393928566628307174343542320349,SELL,0.03,13.91,0.4173,0x0402209aaf45fe3d522412ed43b8ff37dff8c82598ac0b700de4d9b537569fe7,"{""proxyWallet"": ""0x076b73a8d48c4da6136fc64e1b7dfe2136b4354c"", ""side"": ""SELL"", ""asset"": ""18289842382539867639079362738467334752951741961393928566628307174343542320349"", ""conditionId"": ""0x61b66d02793b4a68ab0cc25be60d65f517fe18c7d654041281bb130341244fcc"", ""size"": 13.91, ""price"": 0.03, ""timestamp"": 1771003155, ""title"": ""Will Trump nominate Kevin Warsh as the next Fed chair?"", ""slug"": ""will-trump-nominate-kevin-warsh-as-the-next-fed-chair"", ""icon"": ""https://polymarket-upload.s3.us-east-2.amazonaws.com/will-trump-nominate-kevin-warsh-as-the-next-fed-chair-Bc-vVyyVjhsS.jpg"", ""eventSlug"": ""who-will-trump-nominate-as-fed-chair"", ""outcome"": ""No"", ""outcomeIndex"": 1, ""name"": ""funkc"", ""pseudonym"": ""Easy-Going-Puggle"", ""bio"": """", ""profileImage"": ""https://polymarket-upload.s3.us-east-2.amazonaws.com/profile-image-5867229-2bfff306-e0e1-430c-80c9-9adacda02b76.jpg"", ""profileImageOptimized"": """", ""transactionHash"": ""0x0402209aaf45fe3d522412ed43b8ff37dff8c82598ac0b700de4d9b537569fe7""}"
1771003155,2026-02-14T02:01:43.514582,0x10040babe2eac2bc45d977834bb280d6f78eaad8b91282f7438a6ffed22e304a:1771003155,572469,18289842382539867639079362738467334752951741961393928566628307174343542320349,SELL,0.03,0.32,0.0096,0x10040babe2eac2bc45d977834bb280d6f78eaad8b91282f7438a6ffed22e304a,"{""proxyWallet"": ""0x4a72457138f4878d58e80a724c59bdb92efd24af"", ""side"": ""SELL"", ""asset"": ""18289842382539867639079362738467334752951741961393928566628307174343542320349"", ""conditionId"": ""0x61b66d02793b4a68ab0cc25be60d65f517fe18c7d654041281bb130341244fcc"", ""size"": 0.32, ""price"": 0.03, ""timestamp"": 1771003155, ""title"": ""Will Trump nominate Kevin Warsh as the next Fed chair?"", ""slug"": ""will-trump-nominate-kevin-warsh-as-the-next-fed-chair"", ""icon"": ""https://polymarket-upload.s3.us-east-2.amazonaws.com/will-trump-nominate-kevin-warsh-as-the-next-fed-chair-Bc-vVyyVjhsS.jpg"", ""eventSlug"": ""who-will-trump-nominate-as-fed-chair"", ""outcome"": ""No"", ""outcomeIndex"": 1, ""name"": """", ""pseudonym"": """", ""bio"": """", ""profileImage"": """", ""profileImageOptimized"": """", ""transactionHash"": ""0x10040babe2eac2bc45d977834bb280d6f78eaad8b91282f7438a6ffed22e304a""}"
1771003155,2026-02-14T02:01:43.514595,0xba92afb53eef4392b6955b6428c658f96545d18f589162a28904e514ce0d8912:1771003155,572469,18289842382539867639079362738467334752951741961393928566628307174343542320349,SELL,0.03,0.93,0.0279,0xba92afb53eef4392b6955b6428c658f96545d18f589162a28904e514ce0d8912,"{""proxyWallet"": ""0x956f12f5b4ee207752e97a76c21633802a5120ac"", ""side"": ""SELL"", ""asset"": ""18289842382539867639079362738467334752951741961393928566628307174343542320349"", ""conditionId"": ""0x61b66d02793b4a68ab0cc25be60d65f517fe18c7d654041281bb130341244fcc"", ""size"": 0.93, ""price"": 0.03, ""timestamp"": 1771003155, ""title"": ""Will Trump nominate Kevin Warsh as the next Fed chair?"", ""slug"": ""will-trump-nominate-kevin-warsh-as-the-next-fed-chair"", ""icon"": ""https://polymarket-upload.s3.us-east-2.amazonaws.com/will-trump-nominate-kevin-warsh-as-the-next-fed-chair-Bc-vVyyVjhsS.jpg"", ""eventSlug"": ""who-will-trump-nominate-as-fed-chair"", ""outcome"": ""No"", ""outcomeIndex"": 1, ""name"": """", ""pseudonym"": """", ""bio"": """", ""profileImage"": """", ""profileImageOptimized"": """", ""transactionHash"": ""0xba92afb53eef4392b6955b6428c658f96545d18f589162a28904e514ce0d8912""}"
1771003153,2026-02-14T02:01:43.514608,0x0f1d8b586ee3c53eb1dd7acbcc597e67acb7a91429e8bd8964c92c8ef452671f:1771003153,572469,18289842382539867639079362738467334752951741961393928566628307174343542320349,BUY,0.031,1200.0,37.2,0x0f1d8b586ee3c53eb1dd7acbcc597e67acb7a91429e8bd8964c92c8ef452671f,"{""proxyWallet"": ""0x67bc6af6806df61ba5144b125174ecf5f821d54e"", ""side"": ""BUY"", ""asset"": ""18289842382539867639079362738467334752951741961393928566628307174343542320349"", ""conditionId"": ""0x61b66d02793b4a68ab0cc25be60d65f517fe18c7d654041281bb130341244fcc"", ""size"": 1200, ""price"": 0.031, ""timestamp"": 1771003153, ""title"": ""Will Trump nominate Kevin Warsh as the next Fed chair?"", ""slug"": ""will-trump-nominate-kevin-warsh-as-the-next-fed-chair"", ""icon"": ""https://polymarket-upload.s3.us-east-2.amazonaws.com/will-trump-nominate-kevin-warsh-as-the-next-fed-chair-Bc-vVyyVjhsS.jpg"", ""eventSlug"": ""who-will-trump-nominate-as-fed-chair"", ""outcome"": ""No"", ""outcomeIndex"": 1, ""name"": ""waterfall0"", ""pseudonym"": ""Limp-Colt"", ""bio"": """", ""profileImage"": """", ""profileImageOptimized"": """", ""transactionHash"": ""0x0f1d8b586ee3c53eb1dd7acbcc597e67acb7a91429e8bd8964c92c8ef452671f""}"
1771003035,2026-02-14T02:01:43.514625,0x17a216b739bddb3b01a7130b9cedabbdc167011c9e6dc7a6fd4c975f1ca50b05:1771003035,572469,18289842382539867639079362738467334752951741961393928566628307174343542320349,SELL,0.034,30.0,1.02,0x17a216b739bddb3b01a7130b9cedabbdc167011c9e6dc7a6fd4c975f1ca50b05,"{""proxyWallet"": ""0x7cde7800543f1e5ca87447b9f80b095aa73f1af7"", ""side"": ""SELL"", ""asset"": ""18289842382539867639079362738467334752951741961393928566628307174343542320349"", ""conditionId"": ""0x61b66d02793b4a68ab0cc25be60d65f517fe18c7d654041281bb130341244fcc"", ""size"": 30, ""price"": 0.034, ""timestamp"": 1771003035, ""title"": ""Will Trump nominate Kevin Warsh as the next Fed chair?"", ""slug"": ""will-trump-nominate-kevin-warsh-as-the-next-fed-chair"", ""icon"": ""https://polymarket-upload.s3.us-east-2.amazonaws.com/will-trump-nominate-kevin-warsh-as-the-next-fed-chair-Bc-vVyyVjhsS.jpg"", ""eventSlug"": ""who-will-trump-nominate-as-fed-chair"", ""outcome"": ""No"", ""outcomeIndex"": 1, ""name"": ""0x7cDE7800543f1e5ca87447B9F80b095aA73F1af7-1766149413950"", ""pseudonym"": ""Devoted-Ox"", ""bio"": """", ""profileImage"": """", ""profileImageOptimized"": """", ""transactionHash"": ""0x17a216b739bddb3b01a7130b9cedabbdc167011c9e6dc7a6fd4c975f1ca50b05""}"
1771002943,2026-02-14T02:01:43.514644,0x02ce791ee0286058bc2c145630593a1df89f6ef7305d451ea66df0c5ff0f068b:1771002943,572469,18289842382539867639079362738467334752951741961393928566628307174343542320349,SELL,0.035,150.0,5.250000000000001,0x02ce791ee0286058bc2c145630593a1df89f6ef7305d451ea66df0c5ff0f068b,"{""proxyWallet"": ""0xdbed0330711fb67475034e2f7ba6dd2d200b133f"", ""side"": ""SELL"", ""asset"": ""18289842382539867639079362738467334752951741961393928566628307174343542320349"", ""conditionId"": ""0x61b66d02793b4a68ab0cc25be60d65f517fe18c7d654041281bb130341244fcc"", ""size"": 150, ""price"": 0.035, ""timestamp"": 1771002943, ""title"": ""Will Trump nominate Kevin Warsh as the next Fed chair?"", ""slug"": ""will-trump-nominate-kevin-warsh-as-the-next-fed-chair"", ""icon"": ""https://polymarket-upload.s3.us-east-2.amazonaws.com/will-trump-nominate-kevin-warsh-as-the-next-fed-chair-Bc-vVyyVjhsS.jpg"", ""eventSlug"": ""who-will-trump-nominate-as-fed-chair"", ""outcome"": ""No"", ""outcomeIndex"": 1, ""name"": ""dna1234"", ""pseudonym"": ""Immaculate-Decimal"", ""bio"": """", ""profileImage"": """", ""profileImageOptimized"": """", ""transactionHash"": ""0x02ce791ee0286058bc2c145630593a1df89f6ef7305d451ea66df0c5ff0f068b""}"
1771002917,2026-02-14T02:01:43.514660,0xe4b50c53a934f0939511ddae8ccab7fdc7f1dbd3fc70e0c8b3c0ca07c93b5e8e:1771002917,572469,18289842382539867639079362738467334752951741961393928566628307174343542320349,BUY,0.036,150.0,5.3999999999999995,0xe4b50c53a934f0939511ddae8ccab7fdc7f1dbd3fc70e0c8b3c0ca07c93b5e8e,"{""proxyWallet"": ""0xdbed0330711fb67475034e2f7ba6dd2d200b133f"", ""side"": ""BUY"", ""asset"": ""18289842382539867639079362738467334752951741961393928566628307174343542320349"", ""conditionId"": ""0x61b66d02793b4a68ab0cc25be60d65f517fe18c7d654041281bb130341244fcc"", ""size"": 150, ""price"": 0.036, ""timestamp"": 1771002917, ""title"": ""Will Trump nominate Kevin Warsh as the next Fed chair?"", ""slug"": ""will-trump-nominate-kevin-warsh-as-the-next-fed-chair"", ""icon"": ""https://polymarket-upload.s3.us-east-2.amazonaws.com/will-trump-nominate-kevin-warsh-as-the-next-fed-chair-Bc-vVyyVjhsS.jpg"", ""eventSlug"": ""who-will-trump-nominate-as-fed-chair"", ""outcome"": ""No"", ""outcomeIndex"": 1, ""name"": ""dna1234"", ""pseudonym"": ""Immaculate-Decimal"", ""bio"": """", ""profileImage"": """", ""profileImageOptimized"": """", ""transactionHash"": ""0xe4b50c53a934f0939511ddae8ccab7fdc7f1dbd3fc70e0c8b3c0ca07c93b5e8e""}"
1771002873,2026-02-14T02:01:43.514674,0x0b4ebc9f3aaeb37c973eef080c3413c1a75a58ca36f60b371f6a9aa57372f383:1771002873,572469,18289842382539867639079362738467334752951741961393928566628307174343542320349,SELL,0.036,1066.46,38.392559999999996,0x0b4ebc9f3aaeb37c973eef080c3413c1a75a58ca36f60b371f6a9aa57372f383,"{""proxyWallet"": ""0x4207c4f53b785c6d0d48512a497ebd845c29b81b"", ""side"": ""SELL"", ""asset"": ""18289842382539867639079362738467334752951741961393928566628307174343542320349"", ""conditionId"": ""0x61b66d02793b4a68ab0cc25be60d65f517fe18c7d654041281bb130341244fcc"", ""size"": 1066.46, ""price"": 0.036, ""timestamp"": 1771002873, ""title"": ""Will Trump nominate Kevin Warsh as the next Fed chair?"", ""slug"": ""will-trump-nominate-kevin-warsh-as-the-next-fed-chair"", ""icon"": ""https://polymarket-upload.s3.us-east-2.amazonaws.com/will-trump-nominate-kevin-warsh-as-the-next-fed-chair-Bc-vVyyVjhsS.jpg"", ""eventSlug"": ""who-will-trump-nominate-as-fed-chair"", ""outcome"": ""No"", ""outcomeIndex"": 1, ""name"": ""0x4207c4f53b785c6dOd48512a497ebd845c29b81b"", ""pseudonym"": ""Wonderful-Disgust"", ""bio"": """", ""profileImage"": """", ""profileImageOptimized"": """", ""transactionHash"": ""0x0b4ebc9f3aaeb37c973eef080c3413c1a75a58ca36f60b371f6a9aa57372f383""}"
1771002873,2026-02-14T02:01:43.514690,0x448b30d4a466d690741edaa0d549ea4de8067726966fd8cf653f909843d856ad:1771002873,572469,18289842382539867639079362738467334752951741961393928566628307174343542320349,BUY,0.03700000140600005,27.027026,0.9999999999999999,0x448b30d4a466d690741edaa0d549ea4de8067726966fd8cf653f909843d856ad,"{""proxyWallet"": ""0x956f12f5b4ee207752e97a76c21633802a5120ac"", ""side"": ""BUY"", ""asset"": ""18289842382539867639079362738467334752951741961393928566628307174343542320349"", ""conditionId"": ""0x61b66d02793b4a68ab0cc25be60d65f517fe18c7d654041281bb130341244fcc"", ""size"": 27.027026, ""price"": 0.03700000140600005, ""timestamp"": 1771002873, ""title"": ""Will Trump nominate Kevin Warsh as the next Fed chair?"", ""slug"": ""will-trump-nominate-kevin-warsh-as-the-next-fed-chair"", ""icon"": ""https://polymarket-upload.s3.us-east-2.amazonaws.com/will-trump-nominate-kevin-warsh-as-the-next-fed-chair-Bc-vVyyVjhsS.jpg"", ""eventSlug"": ""who-will-trump-nominate-as-fed-chair"", ""outcome"": ""No"", ""outcomeIndex"": 1, ""name"": """", ""pseudonym"": """", ""bio"": """", ""profileImage"": """", ""profileImageOptimized"": """", ""transactionHash"": ""0x448b30d4a466d690741edaa0d549ea4de8067726966fd8cf653f909843d856ad""}"
1771002865,2026-02-14T02:01:43.514705,0xd1f7bab3feda70cc0a8a48f1ef9d57d0b25ef299b7ee33d263c2d37074df21b9:1771002865,572469,18289842382539867639079362738467334752951741961393928566628307174343542320349,BUY,0.037,100.0,3.6999999999999997,0xd1f7bab3feda70cc0a8a48f1ef9d57d0b25ef299b7ee33d263c2d37074df21b9,"{""proxyWallet"": ""0xd3d33123e7b965afebc9705f17cca04abd72e21d"", ""side"": ""BUY"", ""asset"": ""18289842382539867639079362738467334752951741961393928566628307174343542320349"", ""conditionId"": ""0x61b66d02793b4a68ab0cc25be60d65f517fe18c7d654041281bb130341244fcc"", ""size"": 100, ""price"": 0.037, ""timestamp"": 1771002865, ""title"": ""Will Trump nominate Kevin Warsh as the next Fed chair?"", ""slug"": ""will-trump-nominate-kevin-warsh-as-the-next-fed-chair"", ""icon"": ""https://polymarket-upload.s3.us-east-2.amazonaws.com/will-trump-nominate-kevin-warsh-as-the-next-fed-chair-Bc-vVyyVjhsS.jpg"", ""eventSlug"": ""who-will-trump-nominate-as-fed-chair"", ""outcome"": ""No"", ""outcomeIndex"": 1, ""name"": ""Peacekeeper"", ""pseudonym"": ""Somber-Usher"", ""bio"": """", ""profileImage"": """", ""profileImageOptimized"": """", ""transactionHash"": ""0xd1f7bab3feda70cc0a8a48f1ef9d57d0b25ef299b7ee33d263c2d37074df21b9""}"
1771002853,2026-02-14T02:01:43.514719,0xeb150ec6ef9c06743d1022cd32549a5e77458921c4489a346e2a8385e76c42a4:1771002853,572469,18289842382539867639079362738467334752951741961393928566628307174343542320349,SELL,0.037,1223.46,45.26802,0xeb150ec6ef9c06743d1022cd32549a5e77458921c4489a346e2a8385e76c42a4,"{""proxyWallet"": ""0x15bdcd6484d10cef6062d4eee5b247e3ab551457"", ""side"": ""SELL"", ""asset"": ""18289842382539867639079362738467334752951741961393928566628307174343542320349"", ""conditionId"": ""0x61b66d02793b4a68ab0cc25be60d65f517fe18c7d654041281bb130341244fcc"", ""size"": 1223.46, ""price"": 0.037, ""timestamp"": 1771002853, ""title"": ""Will Trump nominate Kevin Warsh as the next Fed chair?"", ""slug"": ""will-trump-nominate-kevin-warsh-as-the-next-fed-chair"", ""icon"": ""https://polymarket-upload.s3.us-east-2.amazonaws.com/will-trump-nominate-kevin-warsh-as-the-next-fed-chair-Bc-vVyyVjhsS.jpg"", ""eventSlug"": ""who-will-trump-nominate-as-fed-chair"", ""outcome"": ""No"", ""outcomeIndex"": 1, ""name"": ""mkdiii"", ""pseudonym"": ""Pretty-Rat"", ""bio"": """", ""profileImage"": """", ""profileImageOptimized"": """", ""transactionHash"": ""0xeb150ec6ef9c06743d1022cd32549a5e77458921c4489a346e2a8385e76c42a4""}"
1771002841,2026-02-14T02:01:43.514733,0x5d0e8367d4e3dd6b3e67c05ebd73fe710a54120d13edff545570e1285fef4978:1771002841,572469,18289842382539867639079362738467334752951741961393928566628307174343542320349,SELL,0.038,1.26,0.04788,0x5d0e8367d4e3dd6b3e67c05ebd73fe710a54120d13edff545570e1285fef4978,"{""proxyWallet"": ""0x201d64d5fbe721bda742eba45cfbeb34889e2e13"", ""side"": ""SELL"", ""asset"": ""18289842382539867639079362738467334752951741961393928566628307174343542320349"", ""conditionId"": ""0x61b66d02793b4a68ab0cc25be60d65f517fe18c7d654041281bb130341244fcc"", ""size"": 1.26, ""price"": 0.038, ""timestamp"": 1771002841, ""title"": ""Will Trump nominate Kevin Warsh as the next Fed chair?"", ""slug"": ""will-trump-nominate-kevin-warsh-as-the-next-fed-chair"", ""icon"": ""https://polymarket-upload.s3.us-east-2.amazonaws.com/will-trump-nominate-kevin-warsh-as-the-next-fed-chair-Bc-vVyyVjhsS.jpg"", ""eventSlug"": ""who-will-trump-nominate-as-fed-chair"", ""outcome"": ""No"", ""outcomeIndex"": 1, ""name"": """", ""pseudonym"": """", ""bio"": """", ""profileImage"": """", ""profileImageOptimized"": """", ""transactionHash"": ""0x5d0e8367d4e3dd6b3e67c05ebd73fe710a54120d13edff545570e1285fef4978""}"
1771002841,2026-02-14T02:01:43.514747,0x2f7663de899e9892fb181fb7bd007eeeede4266c0473750c3a345437bbd6fe55:1771002841,572469,18289842382539867639079362738467334752951741961393928566628307174343542320349,SELL,0.038,3.87,0.14706,0x2f7663de899e9892fb181fb7bd007eeeede4266c0473750c3a345437bbd6fe55,"{""proxyWallet"": ""0x956f12f5b4ee207752e97a76c21633802a5120ac"", ""side"": ""SELL"", ""asset"": ""18289842382539867639079362738467334752951741961393928566628307174343542320349"", ""conditionId"": ""0x61b66d02793b4a68ab0cc25be60d65f517fe18c7d654041281bb130341244fcc"", ""size"": 3.87, ""price"": 0.038, ""timestamp"": 1771002841, ""title"": ""Will Trump nominate Kevin Warsh as the next Fed chair?"", ""slug"": ""will-trump-nominate-kevin-warsh-as-the-next-fed-chair"", ""icon"": ""https://polymarket-upload.s3.us-east-2.amazonaws.com/will-trump-nominate-kevin-warsh-as-the-next-fed-chair-Bc-vVyyVjhsS.jpg"", ""eventSlug"": ""who-will-trump-nominate-as-fed-chair"", ""outcome"": ""No"", ""outcomeIndex"": 1, ""name"": """", ""pseudonym"": """", ""bio"": """", ""profileImage"": """", ""profileImageOptimized"": """", ""transactionHash"": ""0x2f7663de899e9892fb181fb7bd007eeeede4266c0473750c3a345437bbd6fe55""}"
1771002841,2026-02-14T02:01:43.514760,0x1e8deb04da3f3da9026a3f7532790c696d2d89921dba4a102b2c9aaa9ffd6c5f:1771002841,572469,18289842382539867639079362738467334752951741961393928566628307174343542320349,SELL,0.0371952546372157,152.57,5.674879999999999,0x1e8deb04da3f3da9026a3f7532790c696d2d89921dba4a102b2c9aaa9ffd6c5f,"{""proxyWallet"": ""0x076b73a8d48c4da6136fc64e1b7dfe2136b4354c"", ""side"": ""SELL"", ""asset"": ""18289842382539867639079362738467334752951741961393928566628307174343542320349"", ""conditionId"": ""0x61b66d02793b4a68ab0cc25be60d65f517fe18c7d654041281bb130341244fcc"", ""size"": 152.57, ""price"": 0.0371952546372157, ""timestamp"": 1771002841, ""title"": ""Will Trump nominate Kevin Warsh as the next Fed chair?"", ""slug"": ""will-trump-nominate-kevin-warsh-as-the-next-fed-chair"", ""icon"": ""https://polymarket-upload.s3.us-east-2.amazonaws.com/will-trump-nominate-kevin-warsh-as-the-next-fed-chair-Bc-vVyyVjhsS.jpg"", ""eventSlug"": ""who-will-trump-nominate-as-fed-chair"", ""outcome"": ""No"", ""outcomeIndex"": 1, ""name"": ""funkc"", ""pseudonym"": ""Easy-Going-Puggle"", ""bio"": """", ""profileImage"": ""https://polymarket-upload.s3.us-east-2.amazonaws.com/profile-image-5867229-2bfff306-e0e1-430c-80c9-9adacda02b76.jpg"", ""profileImageOptimized"": """", ""transactionHash"": ""0x1e8deb04da3f3da9026a3f7532790c696d2d89921dba4a102b2c9aaa9ffd6c5f""}"
1771002839,2026-02-14T02:01:43.514775,0xbf62a171bfbaf14cd042b562c2271cd3f4f79ee0bec659a831dbd43431f067eb:1771002839,572469,18289842382539867639079362738467334752951741961393928566628307174343542320349,SELL,0.038,5555.0,211.09,0xbf62a171bfbaf14cd042b562c2271cd3f4f79ee0bec659a831dbd43431f067eb,"{""proxyWallet"": ""0x12d6cccfc7470a3f4bafc53599a4779cbf2cf2a8"", ""side"": ""SELL"", ""asset"": ""18289842382539867639079362738467334752951741961393928566628307174343542320349"", ""conditionId"": ""0x61b66d02793b4a68ab0cc25be60d65f517fe18c7d654041281bb130341244fcc"", ""size"": 5555, ""price"": 0.038, ""timestamp"": 1771002839, ""title"": ""Will Trump nominate Kevin Warsh as the next Fed chair?"", ""slug"": ""will-trump-nominate-kevin-warsh-as-the-next-fed-chair"", ""icon"": ""https://polymarket-upload.s3.us-east-2.amazonaws.com/will-trump-nominate-kevin-warsh-as-the-next-fed-chair-Bc-vVyyVjhsS.jpg"", ""eventSlug"": ""who-will-trump-nominate-as-fed-chair"", ""outcome"": ""No"", ""outcomeIndex"": 1, ""name"": ""classified"", ""pseudonym"": ""Personal-Bake"", ""bio"": ""REDACTED"", ""profileImage"": ""https://polymarket-upload.s3.us-east-2.amazonaws.com/profile-image-2637613-f573f7f0-53b7-4a8d-b884-fec7b37d1b7d.png"", ""profileImageOptimized"": """", ""transactionHash"": ""0xbf62a171bfbaf14cd042b562c2271cd3f4f79ee0bec659a831dbd43431f067eb""}"
1771002801,2026-02-14T02:01:43.514798,0xc00493674380a8562dee4fa729e2329da11fd807f0b940279ae0afa071a590a5:1771002801,572469,18289842382539867639079362738467334752951741961393928566628307174343542320349,BUY,0.039,200.0,7.8,0xc00493674380a8562dee4fa729e2329da11fd807f0b940279ae0afa071a590a5,"{""proxyWallet"": ""0xd3d33123e7b965afebc9705f17cca04abd72e21d"", ""side"": ""BUY"", ""asset"": ""18289842382539867639079362738467334752951741961393928566628307174343542320349"", ""conditionId"": ""0x61b66d02793b4a68ab0cc25be60d65f517fe18c7d654041281bb130341244fcc"", ""size"": 200, ""price"": 0.039, ""timestamp"": 1771002801, ""title"": ""Will Trump nominate Kevin Warsh as the next Fed chair?"", ""slug"": ""will-trump-nominate-kevin-warsh-as-the-next-fed-chair"", ""icon"": ""https://polymarket-upload.s3.us-east-2.amazonaws.com/will-trump-nominate-kevin-warsh-as-the-next-fed-chair-Bc-vVyyVjhsS.jpg"", ""eventSlug"": ""who-will-trump-nominate-as-fed-chair"", ""outcome"": ""No"", ""outcomeIndex"": 1, ""name"": ""Peacekeeper"", ""pseudonym"": ""Somber-Usher"", ""bio"": """", ""profileImage"": """", ""profileImageOptimized"": """", ""transactionHash"": ""0xc00493674380a8562dee4fa729e2329da11fd807f0b940279ae0afa071a590a5""}"
1771002757,2026-02-14T02:01:43.514813,0x94593c556401750e91dd505cbf168f4507fbd4e0ea5d3ecd8dd6357627103853:1771002757,572469,18289842382539867639079362738467334752951741961393928566628307174343542320349,BUY,0.04,50.0,2.0,0x94593c556401750e91dd505cbf168f4507fbd4e0ea5d3ecd8dd6357627103853,"{""proxyWallet"": ""0xbccedf41ecf2ab16482ea5add8eced9420a026c9"", ""side"": ""BUY"", ""asset"": ""18289842382539867639079362738467334752951741961393928566628307174343542320349"", ""conditionId"": ""0x61b66d02793b4a68ab0cc25be60d65f517fe18c7d654041281bb130341244fcc"", ""size"": 50, ""price"": 0.04, ""timestamp"": 1771002757, ""title"": ""Will Trump nominate Kevin Warsh as the next Fed chair?"", ""slug"": ""will-trump-nominate-kevin-warsh-as-the-next-fed-chair"", ""icon"": ""https://polymarket-upload.s3.us-east-2.amazonaws.com/will-trump-nominate-kevin-warsh-as-the-next-fed-chair-Bc-vVyyVjhsS.jpg"", ""eventSlug"": ""who-will-trump-nominate-as-fed-chair"", ""outcome"": ""No"", ""outcomeIndex"": 1, ""name"": ""clawdibotti"", ""pseudonym"": ""Keen-Fugato"", ""bio"": """", ""profileImage"": """", ""profileImageOptimized"": """", ""transactionHash"": ""0x94593c556401750e91dd505cbf168f4507fbd4e0ea5d3ecd8dd6357627103853""}"
1771002645,2026-02-14T02:01:43.514829,0x178e53c5368e0d489aa4cdac6993539958fe8e0e153004425962353da7151e1b:1771002645,572469,18289842382539867639079362738467334752951741961393928566628307174343542320349,BUY,0.04,125.0,5.0,0x178e53c5368e0d489aa4cdac6993539958fe8e0e153004425962353da7151e1b,"{""proxyWallet"": ""0xbccedf41ecf2ab16482ea5add8eced9420a026c9"", ""side"": ""BUY"", ""asset"": ""18289842382539867639079362738467334752951741961393928566628307174343542320349"", ""conditionId"": ""0x61b66d02793b4a68ab0cc25be60d65f517fe18c7d654041281bb130341244fcc"", ""size"": 125, ""price"": 0.04, ""timestamp"": 1771002645, ""title"": ""Will Trump nominate Kevin Warsh as the next Fed chair?"", ""slug"": ""will-trump-nominate-kevin-warsh-as-the-next-fed-chair"", ""icon"": ""https://polymarket-upload.s3.us-east-2.amazonaws.com/will-trump-nominate-kevin-warsh-as-the-next-fed-chair-Bc-vVyyVjhsS.jpg"", ""eventSlug"": ""who-will-trump-nominate-as-fed-chair"", ""outcome"": ""No"", ""outcomeIndex"": 1, ""name"": ""clawdibotti"", ""pseudonym"": ""Keen-Fugato"", ""bio"": """", ""profileImage"": """", ""profileImageOptimized"": """", ""transactionHash"": ""0x178e53c5368e0d489aa4cdac6993539958fe8e0e153004425962353da7151e1b""}"
1771002613,2026-02-14T02:01:43.514844,0x143076303f4ff24ec8e6bfa780df852639846ed8feb6be6762a247fa15281f95:1771002613,572469,18289842382539867639079362738467334752951741961393928566628307174343542320349,BUY,0.04,402.25,16.09,0x143076303f4ff24ec8e6bfa780df852639846ed8feb6be6762a247fa15281f95,"{""proxyWallet"": ""0x65989258b3e0ea9c2e5f8f5450d1135bc81d0b0b"", ""side"": ""BUY"", ""asset"": ""18289842382539867639079362738467334752951741961393928566628307174343542320349"", ""conditionId"": ""0x61b66d02793b4a68ab0cc25be60d65f517fe18c7d654041281bb130341244fcc"", ""size"": 402.25, ""price"": 0.04, ""timestamp"": 1771002613, ""title"": ""Will Trump nominate Kevin Warsh as the next Fed chair?"", ""slug"": ""will-trump-nominate-kevin-warsh-as-the-next-fed-chair"", ""icon"": ""https://polymarket-upload.s3.us-east-2.amazonaws.com/will-trump-nominate-kevin-warsh-as-the-next-fed-chair-Bc-vVyyVjhsS.jpg"", ""eventSlug"": ""who-will-trump-nominate-as-fed-chair"", ""outcome"": ""No"", ""outcomeIndex"": 1, ""name"": ""tomomatsumoto"", ""pseudonym"": ""Interesting-Evaluator"", ""bio"": """", ""profileImage"": """", ""profileImageOptimized"": """", ""transactionHash"": ""0x143076303f4ff24ec8e6bfa780df852639846ed8feb6be6762a247fa15281f95""}"
1771002613,2026-02-14T02:01:43.514862,0xd6472a4fa4fb87a8003f8711eb4b08f78cca8a222c89ebc0264300828964e305:1771002613,572469,18289842382539867639079362738467334752951741961393928566628307174343542320349,BUY,0.04,100.0,4.0,0xd6472a4fa4fb87a8003f8711eb4b08f78cca8a222c89ebc0264300828964e305,"{""proxyWallet"": ""0xd4932b0fa75ed34bbd4cf90183eb971d91d27f04"", ""side"": ""BUY"", ""asset"": ""18289842382539867639079362738467334752951741961393928566628307174343542320349"", ""conditionId"": ""0x61b66d02793b4a68ab0cc25be60d65f517fe18c7d654041281bb130341244fcc"", ""size"": 100, ""price"": 0.04, ""timestamp"": 1771002613, ""title"": ""Will Trump nominate Kevin Warsh as the next Fed chair?"", ""slug"": ""will-trump-nominate-kevin-warsh-as-the-next-fed-chair"", ""icon"": ""https://polymarket-upload.s3.us-east-2.amazonaws.com/will-trump-nominate-kevin-warsh-as-the-next-fed-chair-Bc-vVyyVjhsS.jpg"", ""eventSlug"": ""who-will-trump-nominate-as-fed-chair"", ""outcome"": ""No"", ""outcomeIndex"": 1, ""name"": ""orin40"", ""pseudonym"": ""Fragrant-Interchange"", ""bio"": """", ""profileImage"": """", ""profileImageOptimized"": """", ""transactionHash"": ""0xd6472a4fa4fb87a8003f8711eb4b08f78cca8a222c89ebc0264300828964e305""}"
1771002605,2026-02-14T02:01:43.514877,0x48257703bb3f5e3efc9a17d935f5f7eedb3c6c5a392418411ae12be907b02235:1771002605,572469,18289842382539867639079362738467334752951741961393928566628307174343542320349,BUY,0.04,25.0,1.0,0x48257703bb3f5e3efc9a17d935f5f7eedb3c6c5a392418411ae12be907b02235,"{""proxyWallet"": ""0xbccedf41ecf2ab16482ea5add8eced9420a026c9"", ""side"": ""BUY"", ""asset"": ""18289842382539867639079362738467334752951741961393928566628307174343542320349"", ""conditionId"": ""0x61b66d02793b4a68ab0cc25be60d65f517fe18c7d654041281bb130341244fcc"", ""size"": 25, ""price"": 0.04, ""timestamp"": 1771002605, ""title"": ""Will Trump nominate Kevin Warsh as the next Fed chair?"", ""slug"": ""will-trump-nominate-kevin-warsh-as-the-next-fed-chair"", ""icon"": ""https://polymarket-upload.s3.us-east-2.amazonaws.com/will-trump-nominate-kevin-warsh-as-the-next-fed-chair-Bc-vVyyVjhsS.jpg"", ""eventSlug"": ""who-will-trump-nominate-as-fed-chair"", ""outcome"": ""No"", ""outcomeIndex"": 1, ""name"": ""clawdibotti"", ""pseudonym"": ""Keen-Fugato"", ""bio"": """", ""profileImage"": """", ""profileImageOptimized"": """", ""transactionHash"": ""0x48257703bb3f5e3efc9a17d935f5f7eedb3c6c5a392418411ae12be907b02235""}"
1771002573,2026-02-14T02:01:43.514893,0x0622be9441176dc52ebd6545d5bf8421dbe415ea19586ca70fbf35fdc3e633d6:1771002573,572469,18289842382539867639079362738467334752951741961393928566628307174343542320349,BUY,0.039,408.08,15.91512,0x0622be9441176dc52ebd6545d5bf8421dbe415ea19586ca70fbf35fdc3e633d6,"{""proxyWallet"": ""0x12d6cccfc7470a3f4bafc53599a4779cbf2cf2a8"", ""side"": ""BUY"", ""asset"": ""18289842382539867639079362738467334752951741961393928566628307174343542320349"", ""conditionId"": ""0x61b66d02793b4a68ab0cc25be60d65f517fe18c7d654041281bb130341244fcc"", ""size"": 408.08, ""price"": 0.039, ""timestamp"": 1771002573, ""title"": ""Will Trump nominate Kevin Warsh as the next Fed chair?"", ""slug"": ""will-trump-nominate-kevin-warsh-as-the-next-fed-chair"", ""icon"": ""https://polymarket-upload.s3.us-east-2.amazonaws.com/will-trump-nominate-kevin-warsh-as-the-next-fed-chair-Bc-vVyyVjhsS.jpg"", ""eventSlug"": ""who-will-trump-nominate-as-fed-chair"", ""outcome"": ""No"", ""outcomeIndex"": 1, ""name"": ""classified"", ""pseudonym"": ""Personal-Bake"", ""bio"": ""REDACTED"", ""profileImage"": ""https://polymarket-upload.s3.us-east-2.amazonaws.com/profile-image-2637613-f573f7f0-53b7-4a8d-b884-fec7b37d1b7d.png"", ""profileImageOptimized"": """", ""transactionHash"": ""0x0622be9441176dc52ebd6545d5bf8421dbe415ea19586ca70fbf35fdc3e633d6""}"
1771002573,2026-02-14T02:01:43.514908,0x4362c825b7675e6612cf7cad509f982e9d2d9c372d38ebcea50b677c47b736e7:1771002573,572469,18289842382539867639079362738467334752951741961393928566628307174343542320349,BUY,0.039,25.0,0.975,0x4362c825b7675e6612cf7cad509f982e9d2d9c372d38ebcea50b677c47b736e7,"{""proxyWallet"": ""0xbccedf41ecf2ab16482ea5add8eced9420a026c9"", ""side"": ""BUY"", ""asset"": ""18289842382539867639079362738467334752951741961393928566628307174343542320349"", ""conditionId"": ""0x61b66d02793b4a68ab0cc25be60d65f517fe18c7d654041281bb130341244fcc"", ""size"": 25, ""price"": 0.039, ""timestamp"": 1771002573, ""title"": ""Will Trump nominate Kevin Warsh as the next Fed chair?"", ""slug"": ""will-trump-nominate-kevin-warsh-as-the-next-fed-chair"", ""icon"": ""https://polymarket-upload.s3.us-east-2.amazonaws.com/will-trump-nominate-kevin-warsh-as-the-next-fed-chair-Bc-vVyyVjhsS.jpg"", ""eventSlug"": ""who-will-trump-nominate-as-fed-chair"", ""outcome"": ""No"", ""outcomeIndex"": 1, ""name"": ""clawdibotti"", ""pseudonym"": ""Keen-Fugato"", ""bio"": """", ""profileImage"": """", ""profileImageOptimized"": """", ""transactionHash"": ""0x4362c825b7675e6612cf7cad509f982e9d2d9c372d38ebcea50b677c47b736e7""}"
1771002549,2026-02-14T02:01:43.514922,0x1e90425306963d5c6ce90b6b209dfbab2ff90a7a766b7627a525f3648c6e6ed7:1771002549,572469,18289842382539867639079362738467334752951741961393928566628307174343542320349,BUY,0.039,180.0,7.02,0x1e90425306963d5c6ce90b6b209dfbab2ff90a7a766b7627a525f3648c6e6ed7,"{""proxyWallet"": ""0x6c979ffcc3528a5d2395a2f7c89135711da0988c"", ""side"": ""BUY"", ""asset"": ""18289842382539867639079362738467334752951741961393928566628307174343542320349"", ""conditionId"": ""0x61b66d02793b4a68ab0cc25be60d65f517fe18c7d654041281bb130341244fcc"", ""size"": 180, ""price"": 0.039, ""timestamp"": 1771002549, ""title"": ""Will Trump nominate Kevin Warsh as the next Fed chair?"", ""slug"": ""will-trump-nominate-kevin-warsh-as-the-next-fed-chair"", ""icon"": ""https://polymarket-upload.s3.us-east-2.amazonaws.com/will-trump-nominate-kevin-warsh-as-the-next-fed-chair-Bc-vVyyVjhsS.jpg"", ""eventSlug"": ""who-will-trump-nominate-as-fed-chair"", ""outcome"": ""No"", ""outcomeIndex"": 1, ""name"": ""7G-MAN"", ""pseudonym"": ""Zigzag-Message"", ""bio"": ""LOL, Fake profit."", ""profileImage"": """", ""profileImageOptimized"": """", ""transactionHash"": ""0x1e90425306963d5c6ce90b6b209dfbab2ff90a7a766b7627a525f3648c6e6ed7""}"
1771002543,2026-02-14T02:01:43.514935,0xfcdb425c5cff6b1f02e5b3f08d537dc4c30e60eab100986318c8dd57e3768765:1771002543,572469,18289842382539867639079362738467334752951741961393928566628307174343542320349,BUY,0.039,100.0,3.9,0xfcdb425c5cff6b1f02e5b3f08d537dc4c30e60eab100986318c8dd57e3768765,"{""proxyWallet"": ""0x6c3789734ebd5c9494932e4936b7cc20cfdcd40f"", ""side"": ""BUY"", ""asset"": ""18289842382539867639079362738467334752951741961393928566628307174343542320349"", ""conditionId"": ""0x61b66d02793b4a68ab0cc25be60d65f517fe18c7d654041281bb130341244fcc"", ""size"": 100, ""price"": 0.039, ""timestamp"": 1771002543, ""title"": ""Will Trump nominate Kevin Warsh as the next Fed chair?"", ""slug"": ""will-trump-nominate-kevin-warsh-as-the-next-fed-chair"", ""icon"": ""https://polymarket-upload.s3.us-east-2.amazonaws.com/will-trump-nominate-kevin-warsh-as-the-next-fed-chair-Bc-vVyyVjhsS.jpg"", ""eventSlug"": ""who-will-trump-nominate-as-fed-chair"", ""outcome"": ""No"", ""outcomeIndex"": 1, ""name"": ""ma99"", ""pseudonym"": ""Obedient-Population"", ""bio"": """", ""profileImage"": """", ""profileImageOptimized"": """", ""transactionHash"": ""0xfcdb425c5cff6b1f02e5b3f08d537dc4c30e60eab100986318c8dd57e3768765""}"
1771002543,2026-02-14T02:01:43.514949,0x961ddeb1885190a2439747eff21b71bfc2c3e67500c9eaf7665012ccb02c4e40:1771002543,572469,18289842382539867639079362738467334752951741961393928566628307174343542320349,BUY,0.039,300.0,11.7,0x961ddeb1885190a2439747eff21b71bfc2c3e67500c9eaf7665012ccb02c4e40,"{""proxyWallet"": ""0x6c979ffcc3528a5d2395a2f7c89135711da0988c"", ""side"": ""BUY"", ""asset"": ""18289842382539867639079362738467334752951741961393928566628307174343542320349"", ""conditionId"": ""0x61b66d02793b4a68ab0cc25be60d65f517fe18c7d654041281bb130341244fcc"", ""size"": 300, ""price"": 0.039, ""timestamp"": 1771002543, ""title"": ""Will Trump nominate Kevin Warsh as the next Fed chair?"", ""slug"": ""will-trump-nominate-kevin-warsh-as-the-next-fed-chair"", ""icon"": ""https://polymarket-upload.s3.us-east-2.amazonaws.com/will-trump-nominate-kevin-warsh-as-the-next-fed-chair-Bc-vVyyVjhsS.jpg"", ""eventSlug"": ""who-will-trump-nominate-as-fed-chair"", ""outcome"": ""No"", ""outcomeIndex"": 1, ""name"": ""7G-MAN"", ""pseudonym"": ""Zigzag-Message"", ""bio"": ""LOL, Fake profit."", ""profileImage"": """", ""profileImageOptimized"": """", ""transactionHash"": ""0x961ddeb1885190a2439747eff21b71bfc2c3e67500c9eaf7665012ccb02c4e40""}"
1771002537,2026-02-14T02:01:43.514966,0xedc3a5ed2109608ee877ab40f321ab21a1f57045f10989eb21f9a3b52cca8d59:1771002537,572469,18289842382539867639079362738467334752951741961393928566628307174343542320349,BUY,0.039697111042743864,25.19075,1.0,0xedc3a5ed2109608ee877ab40f321ab21a1f57045f10989eb21f9a3b52cca8d59,"{""proxyWallet"": ""0xbccedf41ecf2ab16482ea5add8eced9420a026c9"", ""side"": ""BUY"", ""asset"": ""18289842382539867639079362738467334752951741961393928566628307174343542320349"", ""conditionId"": ""0x61b66d02793b4a68ab0cc25be60d65f517fe18c7d654041281bb130341244fcc"", ""size"": 25.19075, ""price"": 0.039697111042743864, ""timestamp"": 1771002537, ""title"": ""Will Trump nominate Kevin Warsh as the next Fed chair?"", ""slug"": ""will-trump-nominate-kevin-warsh-as-the-next-fed-chair"", ""icon"": ""https://polymarket-upload.s3.us-east-2.amazonaws.com/will-trump-nominate-kevin-warsh-as-the-next-fed-chair-Bc-vVyyVjhsS.jpg"", ""eventSlug"": ""who-will-trump-nominate-as-fed-chair"", ""outcome"": ""No"", ""outcomeIndex"": 1, ""name"": ""clawdibotti"", ""pseudonym"": ""Keen-Fugato"", ""bio"": """", ""profileImage"": """", ""profileImageOptimized"": """", ""transactionHash"": ""0xedc3a5ed2109608ee877ab40f321ab21a1f57045f10989eb21f9a3b52cca8d59""}"
1771002531,2026-02-14T02:01:43.514989,0xb84e439792ec950b9feaeceef4f04ed769041584cb843f075effc14a113a0f1d:1771002531,572469,18289842382539867639079362738467334752951741961393928566628307174343542320349,BUY,0.039,210.0,8.19,0xb84e439792ec950b9feaeceef4f04ed769041584cb843f075effc14a113a0f1d,"{""proxyWallet"": ""0x6c979ffcc3528a5d2395a2f7c89135711da0988c"", ""side"": ""BUY"", ""asset"": ""18289842382539867639079362738467334752951741961393928566628307174343542320349"", ""conditionId"": ""0x61b66d02793b4a68ab0cc25be60d65f517fe18c7d654041281bb130341244fcc"", ""size"": 210, ""price"": 0.039, ""timestamp"": 1771002531, ""title"": ""Will Trump nominate Kevin Warsh as the next Fed chair?"", ""slug"": ""will-trump-nominate-kevin-warsh-as-the-next-fed-chair"", ""icon"": ""https://polymarket-upload.s3.us-east-2.amazonaws.com/will-trump-nominate-kevin-warsh-as-the-next-fed-chair-Bc-vVyyVjhsS.jpg"", ""eventSlug"": ""who-will-trump-nominate-as-fed-chair"", ""outcome"": ""No"", ""outcomeIndex"": 1, ""name"": ""7G-MAN"", ""pseudonym"": ""Zigzag-Message"", ""bio"": ""LOL, Fake profit."", ""profileImage"": """", ""profileImageOptimized"": """", ""transactionHash"": ""0xb84e439792ec950b9feaeceef4f04ed769041584cb843f075effc14a113a0f1d""}"
1771002527,2026-02-14T02:01:43.515003,0xd378d4172dc9999384ed5efe6c3901115795dfcbe9ea5aff033786856bbef30d:1771002527,572469,18289842382539867639079362738467334752951741961393928566628307174343542320349,BUY,0.039,300.0,11.7,0xd378d4172dc9999384ed5efe6c3901115795dfcbe9ea5aff033786856bbef30d,"{""proxyWallet"": ""0x6c979ffcc3528a5d2395a2f7c89135711da0988c"", ""side"": ""BUY"", ""asset"": ""18289842382539867639079362738467334752951741961393928566628307174343542320349"", ""conditionId"": ""0x61b66d02793b4a68ab0cc25be60d65f517fe18c7d654041281bb130341244fcc"", ""size"": 300, ""price"": 0.039, ""timestamp"": 1771002527, ""title"": ""Will Trump nominate Kevin Warsh as the next Fed chair?"", ""slug"": ""will-trump-nominate-kevin-warsh-as-the-next-fed-chair"", ""icon"": ""https://polymarket-upload.s3.us-east-2.amazonaws.com/will-trump-nominate-kevin-warsh-as-the-next-fed-chair-Bc-vVyyVjhsS.jpg"", ""eventSlug"": ""who-will-trump-nominate-as-fed-chair"", ""outcome"": ""No"", ""outcomeIndex"": 1, ""name"": ""7G-MAN"", ""pseudonym"": ""Zigzag-Message"", ""bio"": ""LOL, Fake profit."", ""profileImage"": """", ""profileImageOptimized"": """", ""transactionHash"": ""0xd378d4172dc9999384ed5efe6c3901115795dfcbe9ea5aff033786856bbef30d""}"
1771002525,2026-02-14T02:01:43.515017,0x317361891b2711608008124f208ddf13554b5a3efa2c7d9f32b517d4a723330e:1771002525,572469,18289842382539867639079362738467334752951741961393928566628307174343542320349,SELL,0.038,42.37,1.6100599999999998,0x317361891b2711608008124f208ddf13554b5a3efa2c7d9f32b517d4a723330e,"{""proxyWallet"": ""0x02f4cf71ec0f15b16b208ccc51036603d9ab4eff"", ""side"": ""SELL"", ""asset"": ""18289842382539867639079362738467334752951741961393928566628307174343542320349"", ""conditionId"": ""0x61b66d02793b4a68ab0cc25be60d65f517fe18c7d654041281bb130341244fcc"", ""size"": 42.37, ""price"": 0.038, ""timestamp"": 1771002525, ""title"": ""Will Trump nominate Kevin Warsh as the next Fed chair?"", ""slug"": ""will-trump-nominate-kevin-warsh-as-the-next-fed-chair"", ""icon"": ""https://polymarket-upload.s3.us-east-2.amazonaws.com/will-trump-nominate-kevin-warsh-as-the-next-fed-chair-Bc-vVyyVjhsS.jpg"", ""eventSlug"": ""who-will-trump-nominate-as-fed-chair"", ""outcome"": ""No"", ""outcomeIndex"": 1, ""name"": """", ""pseudonym"": """", ""bio"": """", ""profileImage"": """", ""profileImageOptimized"": """", ""transactionHash"": ""0x317361891b2711608008124f208ddf13554b5a3efa2c7d9f32b517d4a723330e""}"
1771002519,2026-02-14T02:01:43.515031,0x358a27d5ab0783cafe47e3131c97c086f3983a71f324cce42232580a45a6452b:1771002519,572469,18289842382539867639079362738467334752951741961393928566628307174343542320349,BUY,0.039,75.0,2.925,0x358a27d5ab0783cafe47e3131c97c086f3983a71f324cce42232580a45a6452b,"{""proxyWallet"": ""0x6c979ffcc3528a5d2395a2f7c89135711da0988c"", ""side"": ""BUY"", ""asset"": ""18289842382539867639079362738467334752951741961393928566628307174343542320349"", ""conditionId"": ""0x61b66d02793b4a68ab0cc25be60d65f517fe18c7d654041281bb130341244fcc"", ""size"": 75, ""price"": 0.039, ""timestamp"": 1771002519, ""title"": ""Will Trump nominate Kevin Warsh as the next Fed chair?"", ""slug"": ""will-trump-nominate-kevin-warsh-as-the-next-fed-chair"", ""icon"": ""https://polymarket-upload.s3.us-east-2.amazonaws.com/will-trump-nominate-kevin-warsh-as-the-next-fed-chair-Bc-vVyyVjhsS.jpg"", ""eventSlug"": ""who-will-trump-nominate-as-fed-chair"", ""outcome"": ""No"", ""outcomeIndex"": 1, ""name"": ""7G-MAN"", ""pseudonym"": ""Zigzag-Message"", ""bio"": ""LOL, Fake profit."", ""profileImage"": """", ""profileImageOptimized"": """", ""transactionHash"": ""0x358a27d5ab0783cafe47e3131c97c086f3983a71f324cce42232580a45a6452b""}"
1771002513,2026-02-14T02:01:43.515045,0xcba912457eb9c1704b9a90b6142dbc68e912417fcf019a4c7a9fb3b4d543165c:1771002513,572469,18289842382539867639079362738467334752951741961393928566628307174343542320349,BUY,0.039,890.0,34.71,0xcba912457eb9c1704b9a90b6142dbc68e912417fcf019a4c7a9fb3b4d543165c,"{""proxyWallet"": ""0x63d43bbb87f85af03b8f2f9e2fad7b54334fa2f1"", ""side"": ""BUY"", ""asset"": ""18289842382539867639079362738467334752951741961393928566628307174343542320349"", ""conditionId"": ""0x61b66d02793b4a68ab0cc25be60d65f517fe18c7d654041281bb130341244fcc"", ""size"": 890, ""price"": 0.039, ""timestamp"": 1771002513, ""title"": ""Will Trump nominate Kevin Warsh as the next Fed chair?"", ""slug"": ""will-trump-nominate-kevin-warsh-as-the-next-fed-chair"", ""icon"": ""https://polymarket-upload.s3.us-east-2.amazonaws.com/will-trump-nominate-kevin-warsh-as-the-next-fed-chair-Bc-vVyyVjhsS.jpg"", ""eventSlug"": ""who-will-trump-nominate-as-fed-chair"", ""outcome"": ""No"", ""outcomeIndex"": 1, ""name"": ""wokerjoesleeper"", ""pseudonym"": ""Vivid-Macrofauna"", ""bio"": """", ""profileImage"": """", ""profileImageOptimized"": """", ""transactionHash"": ""0xcba912457eb9c1704b9a90b6142dbc68e912417fcf019a4c7a9fb3b4d543165c""}"
1771002513,2026-02-14T02:01:43.515059,0xec0fad30f436e171ea4b6b625b84aafe7b2cbacfa1e9e3031c9680540af1893d:1771002513,572469,18289842382539867639079362738467334752951741961393928566628307174343542320349,BUY,0.039,107.0,4.173,0xec0fad30f436e171ea4b6b625b84aafe7b2cbacfa1e9e3031c9680540af1893d,"{""proxyWallet"": ""0x6c979ffcc3528a5d2395a2f7c89135711da0988c"", ""side"": ""BUY"", ""asset"": ""18289842382539867639079362738467334752951741961393928566628307174343542320349"", ""conditionId"": ""0x61b66d02793b4a68ab0cc25be60d65f517fe18c7d654041281bb130341244fcc"", ""size"": 107, ""price"": 0.039, ""timestamp"": 1771002513, ""title"": ""Will Trump nominate Kevin Warsh as the next Fed chair?"", ""slug"": ""will-trump-nominate-kevin-warsh-as-the-next-fed-chair"", ""icon"": ""https://polymarket-upload.s3.us-east-2.amazonaws.com/will-trump-nominate-kevin-warsh-as-the-next-fed-chair-Bc-vVyyVjhsS.jpg"", ""eventSlug"": ""who-will-trump-nominate-as-fed-chair"", ""outcome"": ""No"", ""outcomeIndex"": 1, ""name"": ""7G-MAN"", ""pseudonym"": ""Zigzag-Message"", ""bio"": ""LOL, Fake profit."", ""profileImage"": """", ""profileImageOptimized"": """", ""transactionHash"": ""0xec0fad30f436e171ea4b6b625b84aafe7b2cbacfa1e9e3031c9680540af1893d""}"
1771002505,2026-02-14T02:01:43.515074,0x42449bd9b144373183a049e86f2dc58f2c9c6d99129bc548afe5da3de190407f:1771002505,572469,18289842382539867639079362738467334752951741961393928566628307174343542320349,BUY,0.039,991.48,38.66772,0x42449bd9b144373183a049e86f2dc58f2c9c6d99129bc548afe5da3de190407f,"{""proxyWallet"": ""0x67bc6af6806df61ba5144b125174ecf5f821d54e"", ""side"": ""BUY"", ""asset"": ""18289842382539867639079362738467334752951741961393928566628307174343542320349"", ""conditionId"": ""0x61b66d02793b4a68ab0cc25be60d65f517fe18c7d654041281bb130341244fcc"", ""size"": 991.48, ""price"": 0.039, ""timestamp"": 1771002505, ""title"": ""Will Trump nominate Kevin Warsh as the next Fed chair?"", ""slug"": ""will-trump-nominate-kevin-warsh-as-the-next-fed-chair"", ""icon"": ""https://polymarket-upload.s3.us-east-2.amazonaws.com/will-trump-nominate-kevin-warsh-as-the-next-fed-chair-Bc-vVyyVjhsS.jpg"", ""eventSlug"": ""who-will-trump-nominate-as-fed-chair"", ""outcome"": ""No"", ""outcomeIndex"": 1, ""name"": ""waterfall0"", ""pseudonym"": ""Limp-Colt"", ""bio"": """", ""profileImage"": """", ""profileImageOptimized"": """", ""transactionHash"": ""0x42449bd9b144373183a049e86f2dc58f2c9c6d99129bc548afe5da3de190407f""}"
1771002505,2026-02-14T02:01:43.515089,0xbfd5113bae884603e1a01cb4e405fb44c48c3d05cb68bec8f0551a07d4e570cd:1771002505,572469,18289842382539867639079362738467334752951741961393928566628307174343542320349,BUY,0.04,7991.0,319.64,0xbfd5113bae884603e1a01cb4e405fb44c48c3d05cb68bec8f0551a07d4e570cd,"{""proxyWallet"": ""0x67bc6af6806df61ba5144b125174ecf5f821d54e"", ""side"": ""BUY"", ""asset"": ""18289842382539867639079362738467334752951741961393928566628307174343542320349"", ""conditionId"": ""0x61b66d02793b4a68ab0cc25be60d65f517fe18c7d654041281bb130341244fcc"", ""size"": 7991, ""price"": 0.04, ""timestamp"": 1771002505, ""title"": ""Will Trump nominate Kevin Warsh as the next Fed chair?"", ""slug"": ""will-trump-nominate-kevin-warsh-as-the-next-fed-chair"", ""icon"": ""https://polymarket-upload.s3.us-east-2.amazonaws.com/will-trump-nominate-kevin-warsh-as-the-next-fed-chair-Bc-vVyyVjhsS.jpg"", ""eventSlug"": ""who-will-trump-nominate-as-fed-chair"", ""outcome"": ""No"", ""outcomeIndex"": 1, ""name"": ""waterfall0"", ""pseudonym"": ""Limp-Colt"", ""bio"": """", ""profileImage"": """", ""profileImageOptimized"": """", ""transactionHash"": ""0xbfd5113bae884603e1a01cb4e405fb44c48c3d05cb68bec8f0551a07d4e570cd""}"
1771002489,2026-02-14T02:01:43.515102,0x551b38e75a2b55a5a1420045f5f1107fb6ae56df6b218702da0387b94dcdd61c:1771002489,572469,18289842382539867639079362738467334752951741961393928566628307174343542320349,BUY,0.04,76.0,3.04,0x551b38e75a2b55a5a1420045f5f1107fb6ae56df6b218702da0387b94dcdd61c,"{""proxyWallet"": ""0x076b73a8d48c4da6136fc64e1b7dfe2136b4354c"", ""side"": ""BUY"", ""asset"": ""18289842382539867639079362738467334752951741961393928566628307174343542320349"", ""conditionId"": ""0x61b66d02793b4a68ab0cc25be60d65f517fe18c7d654041281bb130341244fcc"", ""size"": 76, ""price"": 0.04, ""timestamp"": 1771002489, ""title"": ""Will Trump nominate Kevin Warsh as the next Fed chair?"", ""slug"": ""will-trump-nominate-kevin-warsh-as-the-next-fed-chair"", ""icon"": ""https://polymarket-upload.s3.us-east-2.amazonaws.com/will-trump-nominate-kevin-warsh-as-the-next-fed-chair-Bc-vVyyVjhsS.jpg"", ""eventSlug"": ""who-will-trump-nominate-as-fed-chair"", ""outcome"": ""No"", ""outcomeIndex"": 1, ""name"": ""funkc"", ""pseudonym"": ""Easy-Going-Puggle"", ""bio"": """", ""profileImage"": ""https://polymarket-upload.s3.us-east-2.amazonaws.com/profile-image-5867229-2bfff306-e0e1-430c-80c9-9adacda02b76.jpg"", ""profileImageOptimized"": """", ""transactionHash"": ""0x551b38e75a2b55a5a1420045f5f1107fb6ae56df6b218702da0387b94dcdd61c""}"
1771002447,2026-02-14T02:01:43.515125,0xc8c856faacb759dfdcfbd227f9485db82fe9b127f810b4310816fcc04104dc01:1771002447,572469,18289842382539867639079362738467334752951741961393928566628307174343542320349,BUY,0.04,164.94,6.5976,0xc8c856faacb759dfdcfbd227f9485db82fe9b127f810b4310816fcc04104dc01,"{""proxyWallet"": ""0x30cecdf29f069563ea21b8ae94492e41e53a6b2b"", ""side"": ""BUY"", ""asset"": ""18289842382539867639079362738467334752951741961393928566628307174343542320349"", ""conditionId"": ""0x61b66d02793b4a68ab0cc25be60d65f517fe18c7d654041281bb130341244fcc"", ""size"": 164.94, ""price"": 0.04, ""timestamp"": 1771002447, ""title"": ""Will Trump nominate Kevin Warsh as the next Fed chair?"", ""slug"": ""will-trump-nominate-kevin-warsh-as-the-next-fed-chair"", ""icon"": ""https://polymarket-upload.s3.us-east-2.amazonaws.com/will-trump-nominate-kevin-warsh-as-the-next-fed-chair-Bc-vVyyVjhsS.jpg"", ""eventSlug"": ""who-will-trump-nominate-as-fed-chair"", ""outcome"": ""No"", ""outcomeIndex"": 1, ""name"": ""ZXWP"", ""pseudonym"": ""Well-Documented-Hit"", ""bio"": """", ""profileImage"": """", ""profileImageOptimized"": """", ""transactionHash"": ""0xc8c856faacb759dfdcfbd227f9485db82fe9b127f810b4310816fcc04104dc01""}"
1771002443,2026-02-14T02:01:43.515139,0x0e17ea07d84d36304b5c5a3e82e3fc326918dfeb79e0fb1206147e6b5eff3078:1771002443,572469,18289842382539867639079362738467334752951741961393928566628307174343542320349,BUY,0.04,334.0,13.36,0x0e17ea07d84d36304b5c5a3e82e3fc326918dfeb79e0fb1206147e6b5eff3078,"{""proxyWallet"": ""0x6c979ffcc3528a5d2395a2f7c89135711da0988c"", ""side"": ""BUY"", ""asset"": ""18289842382539867639079362738467334752951741961393928566628307174343542320349"", ""conditionId"": ""0x61b66d02793b4a68ab0cc25be60d65f517fe18c7d654041281bb130341244fcc"", ""size"": 334, ""price"": 0.04, ""timestamp"": 1771002443, ""title"": ""Will Trump nominate Kevin Warsh as the next Fed chair?"", ""slug"": ""will-trump-nominate-kevin-warsh-as-the-next-fed-chair"", ""icon"": ""https://polymarket-upload.s3.us-east-2.amazonaws.com/will-trump-nominate-kevin-warsh-as-the-next-fed-chair-Bc-vVyyVjhsS.jpg"", ""eventSlug"": ""who-will-trump-nominate-as-fed-chair"", ""outcome"": ""No"", ""outcomeIndex"": 1, ""name"": ""7G-MAN"", ""pseudonym"": ""Zigzag-Message"", ""bio"": ""LOL, Fake profit."", ""profileImage"": """", ""profileImageOptimized"": """", ""transactionHash"": ""0x0e17ea07d84d36304b5c5a3e82e3fc326918dfeb79e0fb1206147e6b5eff3078""}"
1771002437,2026-02-14T02:01:43.515152,0x063b63a7ed93eadd0ded80e03ac3e34ad48e16229e4be6fc5bbb02417214550d:1771002437,572469,18289842382539867639079362738467334752951741961393928566628307174343542320349,BUY,0.04,49.0,1.96,0x063b63a7ed93eadd0ded80e03ac3e34ad48e16229e4be6fc5bbb02417214550d,"{""proxyWallet"": ""0x6c979ffcc3528a5d2395a2f7c89135711da0988c"", ""side"": ""BUY"", ""asset"": ""18289842382539867639079362738467334752951741961393928566628307174343542320349"", ""conditionId"": ""0x61b66d02793b4a68ab0cc25be60d65f517fe18c7d654041281bb130341244fcc"", ""size"": 49, ""price"": 0.04, ""timestamp"": 1771002437, ""title"": ""Will Trump nominate Kevin Warsh as the next Fed chair?"", ""slug"": ""will-trump-nominate-kevin-warsh-as-the-next-fed-chair"", ""icon"": ""https://polymarket-upload.s3.us-east-2.amazonaws.com/will-trump-nominate-kevin-warsh-as-the-next-fed-chair-Bc-vVyyVjhsS.jpg"", ""eventSlug"": ""who-will-trump-nominate-as-fed-chair"", ""outcome"": ""No"", ""outcomeIndex"": 1, ""name"": ""7G-MAN"", ""pseudonym"": ""Zigzag-Message"", ""bio"": ""LOL, Fake profit."", ""profileImage"": """", ""profileImageOptimized"": """", ""transactionHash"": ""0x063b63a7ed93eadd0ded80e03ac3e34ad48e16229e4be6fc5bbb02417214550d""}"
1771002429,2026-02-14T02:01:43.515166,0xbaaf92f013cec67631c7200dfb5dcd7f549d24bb94fd5b24bfcdb29d338f90d7:1771002429,572469,18289842382539867639079362738467334752951741961393928566628307174343542320349,BUY,0.042000000258288775,178.095237,7.48,0xbaaf92f013cec67631c7200dfb5dcd7f549d24bb94fd5b24bfcdb29d338f90d7,"{""proxyWallet"": ""0x076b73a8d48c4da6136fc64e1b7dfe2136b4354c"", ""side"": ""BUY"", ""asset"": ""18289842382539867639079362738467334752951741961393928566628307174343542320349"", ""conditionId"": ""0x61b66d02793b4a68ab0cc25be60d65f517fe18c7d654041281bb130341244fcc"", ""size"": 178.095237, ""price"": 0.042000000258288775, ""timestamp"": 1771002429, ""title"": ""Will Trump nominate Kevin Warsh as the next Fed chair?"", ""slug"": ""will-trump-nominate-kevin-warsh-as-the-next-fed-chair"", ""icon"": ""https://polymarket-upload.s3.us-east-2.amazonaws.com/will-trump-nominate-kevin-warsh-as-the-next-fed-chair-Bc-vVyyVjhsS.jpg"", ""eventSlug"": ""who-will-trump-nominate-as-fed-chair"", ""outcome"": ""No"", ""outcomeIndex"": 1, ""name"": ""funkc"", ""pseudonym"": ""Easy-Going-Puggle"", ""bio"": """", ""profileImage"": ""https://polymarket-upload.s3.us-east-2.amazonaws.com/profile-image-5867229-2bfff306-e0e1-430c-80c9-9adacda02b76.jpg"", ""profileImageOptimized"": """", ""transactionHash"": ""0xbaaf92f013cec67631c7200dfb5dcd7f549d24bb94fd5b24bfcdb29d338f90d7""}"
1771002429,2026-02-14T02:01:43.515183,0x8932f613e9bb5660989bdc233f1ea8d0240caa81f8808f519f84e40f8c01d345:1771002429,572469,18289842382539867639079362738467334752951741961393928566628307174343542320349,BUY,0.04321176831136991,32.63,1.4100000000000001,0x8932f613e9bb5660989bdc233f1ea8d0240caa81f8808f519f84e40f8c01d345,"{""proxyWallet"": ""0x076b73a8d48c4da6136fc64e1b7dfe2136b4354c"", ""side"": ""BUY"", ""asset"": ""18289842382539867639079362738467334752951741961393928566628307174343542320349"", ""conditionId"": ""0x61b66d02793b4a68ab0cc25be60d65f517fe18c7d654041281bb130341244fcc"", ""size"": 32.63, ""price"": 0.04321176831136991, ""timestamp"": 1771002429, ""title"": ""Will Trump nominate Kevin Warsh as the next Fed chair?"", ""slug"": ""will-trump-nominate-kevin-warsh-as-the-next-fed-chair"", ""icon"": ""https://polymarket-upload.s3.us-east-2.amazonaws.com/will-trump-nominate-kevin-warsh-as-the-next-fed-chair-Bc-vVyyVjhsS.jpg"", ""eventSlug"": ""who-will-trump-nominate-as-fed-chair"", ""outcome"": ""No"", ""outcomeIndex"": 1, ""name"": ""funkc"", ""pseudonym"": ""Easy-Going-Puggle"", ""bio"": """", ""profileImage"": ""https://polymarket-upload.s3.us-east-2.amazonaws.com/profile-image-5867229-2bfff306-e0e1-430c-80c9-9adacda02b76.jpg"", ""profileImageOptimized"": """", ""transactionHash"": ""0x8932f613e9bb5660989bdc233f1ea8d0240caa81f8808f519f84e40f8c01d345""}"
1771002429,2026-02-14T02:01:43.515199,0xec4d4a46fe640edcae75a4d93a18c7da9ab02bf14e50a33c2160c3ef05f4dfa8:1771002429,572469,18289842382539867639079362738467334752951741961393928566628307174343542320349,BUY,0.04199997682588151,40.476189,1.699999,0xec4d4a46fe640edcae75a4d93a18c7da9ab02bf14e50a33c2160c3ef05f4dfa8,"{""proxyWallet"": ""0x076b73a8d48c4da6136fc64e1b7dfe2136b4354c"", ""side"": ""BUY"", ""asset"": ""18289842382539867639079362738467334752951741961393928566628307174343542320349"", ""conditionId"": ""0x61b66d02793b4a68ab0cc25be60d65f517fe18c7d654041281bb130341244fcc"", ""size"": 40.476189, ""price"": 0.04199997682588151, ""timestamp"": 1771002429, ""title"": ""Will Trump nominate Kevin Warsh as the next Fed chair?"", ""slug"": ""will-trump-nominate-kevin-warsh-as-the-next-fed-chair"", ""icon"": ""https://polymarket-upload.s3.us-east-2.amazonaws.com/will-trump-nominate-kevin-warsh-as-the-next-fed-chair-Bc-vVyyVjhsS.jpg"", ""eventSlug"": ""who-will-trump-nominate-as-fed-chair"", ""outcome"": ""No"", ""outcomeIndex"": 1, ""name"": ""funkc"", ""pseudonym"": ""Easy-Going-Puggle"", ""bio"": """", ""profileImage"": ""https://polymarket-upload.s3.us-east-2.amazonaws.com/profile-image-5867229-2bfff306-e0e1-430c-80c9-9adacda02b76.jpg"", ""profileImageOptimized"": """", ""transactionHash"": ""0xec4d4a46fe640edcae75a4d93a18c7da9ab02bf14e50a33c2160c3ef05f4dfa8""}"
1771002427,2026-02-14T02:01:43.515214,0xd6d55763a70338b78ecca38df326c8b85f4ff21aece9b49d2a0f209cc50a4093:1771002427,572469,18289842382539867639079362738467334752951741961393928566628307174343542320349,BUY,0.041,1204.28,49.37548,0xd6d55763a70338b78ecca38df326c8b85f4ff21aece9b49d2a0f209cc50a4093,"{""proxyWallet"": ""0x12d6cccfc7470a3f4bafc53599a4779cbf2cf2a8"", ""side"": ""BUY"", ""asset"": ""18289842382539867639079362738467334752951741961393928566628307174343542320349"", ""conditionId"": ""0x61b66d02793b4a68ab0cc25be60d65f517fe18c7d654041281bb130341244fcc"", ""size"": 1204.28, ""price"": 0.041, ""timestamp"": 1771002427, ""title"": ""Will Trump nominate Kevin Warsh as the next Fed chair?"", ""slug"": ""will-trump-nominate-kevin-warsh-as-the-next-fed-chair"", ""icon"": ""https://polymarket-upload.s3.us-east-2.amazonaws.com/will-trump-nominate-kevin-warsh-as-the-next-fed-chair-Bc-vVyyVjhsS.jpg"", ""eventSlug"": ""who-will-trump-nominate-as-fed-chair"", ""outcome"": ""No"", ""outcomeIndex"": 1, ""name"": ""classified"", ""pseudonym"": ""Personal-Bake"", ""bio"": ""REDACTED"", ""profileImage"": ""https://polymarket-upload.s3.us-east-2.amazonaws.com/profile-image-2637613-f573f7f0-53b7-4a8d-b884-fec7b37d1b7d.png"", ""profileImageOptimized"": """", ""transactionHash"": ""0xd6d55763a70338b78ecca38df326c8b85f4ff21aece9b49d2a0f209cc50a4093""}"
1771002411,2026-02-14T02:01:43.515229,0xe5fd540e6384a0ed1b69d1267ae09febc2e1c75d7813e95960c99fb7e1581fdb:1771002411,572469,18289842382539867639079362738467334752951741961393928566628307174343542320349,BUY,0.04500000027915633,179.11111,8.06,0xe5fd540e6384a0ed1b69d1267ae09febc2e1c75d7813e95960c99fb7e1581fdb,"{""proxyWallet"": ""0x076b73a8d48c4da6136fc64e1b7dfe2136b4354c"", ""side"": ""BUY"", ""asset"": ""18289842382539867639079362738467334752951741961393928566628307174343542320349"", ""conditionId"": ""0x61b66d02793b4a68ab0cc25be60d65f517fe18c7d654041281bb130341244fcc"", ""size"": 179.11111, ""price"": 0.04500000027915633, ""timestamp"": 1771002411, ""title"": ""Will Trump nominate Kevin Warsh as the next Fed chair?"", ""slug"": ""will-trump-nominate-kevin-warsh-as-the-next-fed-chair"", ""icon"": ""https://polymarket-upload.s3.us-east-2.amazonaws.com/will-trump-nominate-kevin-warsh-as-the-next-fed-chair-Bc-vVyyVjhsS.jpg"", ""eventSlug"": ""who-will-trump-nominate-as-fed-chair"", ""outcome"": ""No"", ""outcomeIndex"": 1, ""name"": ""funkc"", ""pseudonym"": ""Easy-Going-Puggle"", ""bio"": """", ""profileImage"": ""https://polymarket-upload.s3.us-east-2.amazonaws.com/profile-image-5867229-2bfff306-e0e1-430c-80c9-9adacda02b76.jpg"", ""profileImageOptimized"": """", ""transactionHash"": ""0xe5fd540e6384a0ed1b69d1267ae09febc2e1c75d7813e95960c99fb7e1581fdb""}"
1771002397,2026-02-14T02:01:43.515245,0xa4950bac5e76e8dceb7bd1982597a55b2aca6e8f9c5bfa87610aa583468b8db9:1771002397,572469,18289842382539867639079362738467334752951741961393928566628307174343542320349,SELL,0.045,3.34,0.1503,0xa4950bac5e76e8dceb7bd1982597a55b2aca6e8f9c5bfa87610aa583468b8db9,"{""proxyWallet"": ""0x201d64d5fbe721bda742eba45cfbeb34889e2e13"", ""side"": ""SELL"", ""asset"": ""18289842382539867639079362738467334752951741961393928566628307174343542320349"", ""conditionId"": ""0x61b66d02793b4a68ab0cc25be60d65f517fe18c7d654041281bb130341244fcc"", ""size"": 3.34, ""price"": 0.045, ""timestamp"": 1771002397, ""title"": ""Will Trump nominate Kevin Warsh as the next Fed chair?"", ""slug"": ""will-trump-nominate-kevin-warsh-as-the-next-fed-chair"", ""icon"": ""https://polymarket-upload.s3.us-east-2.amazonaws.com/will-trump-nominate-kevin-warsh-as-the-next-fed-chair-Bc-vVyyVjhsS.jpg"", ""eventSlug"": ""who-will-trump-nominate-as-fed-chair"", ""outcome"": ""No"", ""outcomeIndex"": 1, ""name"": """", ""pseudonym"": """", ""bio"": """", ""profileImage"": """", ""profileImageOptimized"": """", ""transactionHash"": ""0xa4950bac5e76e8dceb7bd1982597a55b2aca6e8f9c5bfa87610aa583468b8db9""}"
1771002395,2026-02-14T02:01:43.515260,0x174c96362d36fb7f358747f63bf17d92d6b839e82d6c11e3fc5543664c042e6d:1771002395,572469,18289842382539867639079362738467334752951741961393928566628307174343542320349,SELL,0.045,5000.0,225.0,0x174c96362d36fb7f358747f63bf17d92d6b839e82d6c11e3fc5543664c042e6d,"{""proxyWallet"": ""0x12d6cccfc7470a3f4bafc53599a4779cbf2cf2a8"", ""side"": ""SELL"", ""asset"": ""18289842382539867639079362738467334752951741961393928566628307174343542320349"", ""conditionId"": ""0x61b66d02793b4a68ab0cc25be60d65f517fe18c7d654041281bb130341244fcc"", ""size"": 5000, ""price"": 0.045, ""timestamp"": 1771002395, ""title"": ""Will Trump nominate Kevin Warsh as the next Fed chair?"", ""slug"": ""will-trump-nominate-kevin-warsh-as-the-next-fed-chair"", ""icon"": ""https://polymarket-upload.s3.us-east-2.amazonaws.com/will-trump-nominate-kevin-warsh-as-the-next-fed-chair-Bc-vVyyVjhsS.jpg"", ""eventSlug"": ""who-will-trump-nominate-as-fed-chair"", ""outcome"": ""No"", ""outcomeIndex"": 1, ""name"": ""classified"", ""pseudonym"": ""Personal-Bake"", ""bio"": ""REDACTED"", ""profileImage"": ""https://polymarket-upload.s3.us-east-2.amazonaws.com/profile-image-2637613-f573f7f0-53b7-4a8d-b884-fec7b37d1b7d.png"", ""profileImageOptimized"": """", ""transactionHash"": ""0x174c96362d36fb7f358747f63bf17d92d6b839e82d6c11e3fc5543664c042e6d""}"
1771002395,2026-02-14T02:01:43.515277,0x7519134adc937382a6463e9886426493cafbb2b22ef6b759c396dfd77bb4dc32:1771002395,572469,18289842382539867639079362738467334752951741961393928566628307174343542320349,SELL,0.04474227702204651,149.23,6.67689,0x7519134adc937382a6463e9886426493cafbb2b22ef6b759c396dfd77bb4dc32,"{""proxyWallet"": ""0x076b73a8d48c4da6136fc64e1b7dfe2136b4354c"", ""side"": ""SELL"", ""asset"": ""18289842382539867639079362738467334752951741961393928566628307174343542320349"", ""conditionId"": ""0x61b66d02793b4a68ab0cc25be60d65f517fe18c7d654041281bb130341244fcc"", ""size"": 149.23, ""price"": 0.04474227702204651, ""timestamp"": 1771002395, ""title"": ""Will Trump nominate Kevin Warsh as the next Fed chair?"", ""slug"": ""will-trump-nominate-kevin-warsh-as-the-next-fed-chair"", ""icon"": ""https://polymarket-upload.s3.us-east-2.amazonaws.com/will-trump-nominate-kevin-warsh-as-the-next-fed-chair-Bc-vVyyVjhsS.jpg"", ""eventSlug"": ""who-will-trump-nominate-as-fed-chair"", ""outcome"": ""No"", ""outcomeIndex"": 1, ""name"": ""funkc"", ""pseudonym"": ""Easy-Going-Puggle"", ""bio"": """", ""profileImage"": ""https://polymarket-upload.s3.us-east-2.amazonaws.com/profile-image-5867229-2bfff306-e0e1-430c-80c9-9adacda02b76.jpg"", ""profileImageOptimized"": """", ""transactionHash"": ""0x7519134adc937382a6463e9886426493cafbb2b22ef6b759c396dfd77bb4dc32""}"
1771001919,2026-02-14T02:01:44.744854,0x2b93b9e82f7497929a50f7f6402ae7ef10d736899142c46bba5e26748ef8a632:1771001919,572469,18289842382539867639079362738467334752951741961393928566628307174343542320349,BUY,0.046,20.0,0.9199999999999999,0x2b93b9e82f7497929a50f7f6402ae7ef10d736899142c46bba5e26748ef8a632,"{""proxyWallet"": ""0xcf8fd792e73dfde8b19faae9da17bdbddb4f7d45"", ""side"": ""BUY"", ""asset"": ""18289842382539867639079362738467334752951741961393928566628307174343542320349"", ""conditionId"": ""0x61b66d02793b4a68ab0cc25be60d65f517fe18c7d654041281bb130341244fcc"", ""size"": 20, ""price"": 0.046, ""timestamp"": 1771001919, ""title"": ""Will Trump nominate Kevin Warsh as the next Fed chair?"", ""slug"": ""will-trump-nominate-kevin-warsh-as-the-next-fed-chair"", ""icon"": ""https://polymarket-upload.s3.us-east-2.amazonaws.com/will-trump-nominate-kevin-warsh-as-the-next-fed-chair-Bc-vVyyVjhsS.jpg"", ""eventSlug"": ""who-will-trump-nominate-as-fed-chair"", ""outcome"": ""No"", ""outcomeIndex"": 1, ""name"": ""0xcf8Fd792e73dfde8B19FaaE9DA17bDbdDB4F7D45-1770988659710"", ""pseudonym"": ""Loud-Birch"", ""bio"": """", ""profileImage"": """", ""profileImageOptimized"": """", ""transactionHash"": ""0x2b93b9e82f7497929a50f7f6402ae7ef10d736899142c46bba5e26748ef8a632""}"
1771000605,2026-02-14T02:01:44.744985,0x304aa1079ccd6a2989e52f7bd24dc4cce3dfd57051f04fe4cc097a9dc560b4de:1771000605,572469,18289842382539867639079362738467334752951741961393928566628307174343542320349,BUY,0.04520329220097429,221.222825,10.0,0x304aa1079ccd6a2989e52f7bd24dc4cce3dfd57051f04fe4cc097a9dc560b4de,"{""proxyWallet"": ""0xde2e9094ec9ebf2835a102900cb53dc49220cf31"", ""side"": ""BUY"", ""asset"": ""18289842382539867639079362738467334752951741961393928566628307174343542320349"", ""conditionId"": ""0x61b66d02793b4a68ab0cc25be60d65f517fe18c7d654041281bb130341244fcc"", ""size"": 221.222825, ""price"": 0.04520329220097429, ""timestamp"": 1771000605, ""title"": ""Will Trump nominate Kevin Warsh as the next Fed chair?"", ""slug"": ""will-trump-nominate-kevin-warsh-as-the-next-fed-chair"", ""icon"": ""https://polymarket-upload.s3.us-east-2.amazonaws.com/will-trump-nominate-kevin-warsh-as-the-next-fed-chair-Bc-vVyyVjhsS.jpg"", ""eventSlug"": ""who-will-trump-nominate-as-fed-chair"", ""outcome"": ""No"", ""outcomeIndex"": 1, ""name"": ""0xDE2E9094EC9eBf2835A102900cb53dc49220Cf31-1770999870638"", ""pseudonym"": ""Menacing-Textbook"", ""bio"": """", ""profileImage"": """", ""profileImageOptimized"": """", ""transactionHash"": ""0x304aa1079ccd6a2989e52f7bd24dc4cce3dfd57051f04fe4cc097a9dc560b4de""}"
1771000437,2026-02-14T02:01:44.745033,0x81bddec49c9f5896de2c9f9d85bf079bfaa771106df08fb52147b94e13dd4ae9:1771000437,572469,18289842382539867639079362738467334752951741961393928566628307174343542320349,BUY,0.04574428521162132,218.60652,9.999999,0x81bddec49c9f5896de2c9f9d85bf079bfaa771106df08fb52147b94e13dd4ae9,"{""proxyWallet"": ""0xde2e9094ec9ebf2835a102900cb53dc49220cf31"", ""side"": ""BUY"", ""asset"": ""18289842382539867639079362738467334752951741961393928566628307174343542320349"", ""conditionId"": ""0x61b66d02793b4a68ab0cc25be60d65f517fe18c7d654041281bb130341244fcc"", ""size"": 218.60652, ""price"": 0.04574428521162132, ""timestamp"": 1771000437, ""title"": ""Will Trump nominate Kevin Warsh as the next Fed chair?"", ""slug"": ""will-trump-nominate-kevin-warsh-as-the-next-fed-chair"", ""icon"": ""https://polymarket-upload.s3.us-east-2.amazonaws.com/will-trump-nominate-kevin-warsh-as-the-next-fed-chair-Bc-vVyyVjhsS.jpg"", ""eventSlug"": ""who-will-trump-nominate-as-fed-chair"", ""outcome"": ""No"", ""outcomeIndex"": 1, ""name"": ""0xDE2E9094EC9eBf2835A102900cb53dc49220Cf31-1770999870638"", ""pseudonym"": ""Menacing-Textbook"", ""bio"": """", ""profileImage"": """", ""profileImageOptimized"": """", ""transactionHash"": ""0x81bddec49c9f5896de2c9f9d85bf079bfaa771106df08fb52147b94e13dd4ae9""}"
1770999291,2026-02-14T02:01:44.745092,0x32e578d33b1765a8e4c7b5411497985ef3a15e1e6364cc7358f4b29c8cadbc3d:1770999291,572469,18289842382539867639079362738467334752951741961393928566628307174343542320349,BUY,0.045,1000.0,45.0,0x32e578d33b1765a8e4c7b5411497985ef3a15e1e6364cc7358f4b29c8cadbc3d,"{""proxyWallet"": ""0x93357810ba671679ed5c8552db979f5a1a09d9be"", ""side"": ""BUY"", ""asset"": ""18289842382539867639079362738467334752951741961393928566628307174343542320349"", ""conditionId"": ""0x61b66d02793b4a68ab0cc25be60d65f517fe18c7d654041281bb130341244fcc"", ""size"": 1000, ""price"": 0.045, ""timestamp"": 1770999291, ""title"": ""Will Trump nominate Kevin Warsh as the next Fed chair?"", ""slug"": ""will-trump-nominate-kevin-warsh-as-the-next-fed-chair"", ""icon"": ""https://polymarket-upload.s3.us-east-2.amazonaws.com/will-trump-nominate-kevin-warsh-as-the-next-fed-chair-Bc-vVyyVjhsS.jpg"", ""eventSlug"": ""who-will-trump-nominate-as-fed-chair"", ""outcome"": ""No"", ""outcomeIndex"": 1, ""name"": """", ""pseudonym"": """", ""bio"": """", ""profileImage"": """", ""profileImageOptimized"": """", ""transactionHash"": ""0x32e578d33b1765a8e4c7b5411497985ef3a15e1e6364cc7358f4b29c8cadbc3d""}"
1770999259,2026-02-14T02:01:44.745127,0x3a8a742a910a12c069568616e217dc178ddb8a4409547bbfde549e68038c2f18:1770999259,572469,18289842382539867639079362738467334752951741961393928566628307174343542320349,SELL,0.044,416.66,18.33304,0x3a8a742a910a12c069568616e217dc178ddb8a4409547bbfde549e68038c2f18,"{""proxyWallet"": ""0x8b32f4a2bebb3ef05d5a46a93d0ce27ab76db1fd"", ""side"": ""SELL"", ""asset"": ""18289842382539867639079362738467334752951741961393928566628307174343542320349"", ""conditionId"": ""0x61b66d02793b4a68ab0cc25be60d65f517fe18c7d654041281bb130341244fcc"", ""size"": 416.66, ""price"": 0.044, ""timestamp"": 1770999259, ""title"": ""Will Trump nominate Kevin Warsh as the next Fed chair?"", ""slug"": ""will-trump-nominate-kevin-warsh-as-the-next-fed-chair"", ""icon"": ""https://polymarket-upload.s3.us-east-2.amazonaws.com/will-trump-nominate-kevin-warsh-as-the-next-fed-chair-Bc-vVyyVjhsS.jpg"", ""eventSlug"": ""who-will-trump-nominate-as-fed-chair"", ""outcome"": ""No"", ""outcomeIndex"": 1, ""name"": ""AnonSer"", ""pseudonym"": ""Welcome-Hatred"", ""bio"": """", ""profileImage"": ""https://polymarket-upload.s3.us-east-2.amazonaws.com/profile-image-719877-6bb6fdae-820d-4369-b5fd-c773c5fadc3c.png"", ""profileImageOptimized"": """", ""transactionHash"": ""0x3a8a742a910a12c069568616e217dc178ddb8a4409547bbfde549e68038c2f18""}"
1770999193,2026-02-14T02:01:44.745163,0xc80a7dca7b161335cead125c1297bd648e431379348e8d3f9fd45bf140d82d20:1770999193,572469,18289842382539867639079362738467334752951741961393928566628307174343542320349,SELL,0.044,5000.0,220.0,0xc80a7dca7b161335cead125c1297bd648e431379348e8d3f9fd45bf140d82d20,"{""proxyWallet"": ""0x98af5de68e4195bde40a5b1242ed11ef1dea3a0d"", ""side"": ""SELL"", ""asset"": ""18289842382539867639079362738467334752951741961393928566628307174343542320349"", ""conditionId"": ""0x61b66d02793b4a68ab0cc25be60d65f517fe18c7d654041281bb130341244fcc"", ""size"": 5000, ""price"": 0.044, ""timestamp"": 1770999193, ""title"": ""Will Trump nominate Kevin Warsh as the next Fed chair?"", ""slug"": ""will-trump-nominate-kevin-warsh-as-the-next-fed-chair"", ""icon"": ""https://polymarket-upload.s3.us-east-2.amazonaws.com/will-trump-nominate-kevin-warsh-as-the-next-fed-chair-Bc-vVyyVjhsS.jpg"", ""eventSlug"": ""who-will-trump-nominate-as-fed-chair"", ""outcome"": ""No"", ""outcomeIndex"": 1, ""name"": ""Madjax"", ""pseudonym"": ""Oblong-Cough"", ""bio"": """", ""profileImage"": """", ""profileImageOptimized"": """", ""transactionHash"": ""0xc80a7dca7b161335cead125c1297bd648e431379348e8d3f9fd45bf140d82d20""}"
1770998997,2026-02-14T02:01:44.745200,0xb53507d4533edf1d98dae946e09bee428a71684d49160039f08bf831c20af967:1770998997,572469,18289842382539867639079362738467334752951741961393928566628307174343542320349,SELL,0.044,363.0,15.972,0xb53507d4533edf1d98dae946e09bee428a71684d49160039f08bf831c20af967,"{""proxyWallet"": ""0xf1ff40f082633619cd012bb96affb4ac7a645b03"", ""side"": ""SELL"", ""asset"": ""18289842382539867639079362738467334752951741961393928566628307174343542320349"", ""conditionId"": ""0x61b66d02793b4a68ab0cc25be60d65f517fe18c7d654041281bb130341244fcc"", ""size"": 363, ""price"": 0.044, ""timestamp"": 1770998997, ""title"": ""Will Trump nominate Kevin Warsh as the next Fed chair?"", ""slug"": ""will-trump-nominate-kevin-warsh-as-the-next-fed-chair"", ""icon"": ""https://polymarket-upload.s3.us-east-2.amazonaws.com/will-trump-nominate-kevin-warsh-as-the-next-fed-chair-Bc-vVyyVjhsS.jpg"", ""eventSlug"": ""who-will-trump-nominate-as-fed-chair"", ""outcome"": ""No"", ""outcomeIndex"": 1, ""name"": ""ithinkthisisgod"", ""pseudonym"": ""Infatuated-Treasury"", ""bio"": """", ""profileImage"": ""https://polymarket-upload.s3.us-east-2.amazonaws.com/profile-image-4503891-a8a8b6b0-64a3-4abc-99c8-5d922b37634f.jpg"", ""profileImageOptimized"": """", ""transactionHash"": ""0xb53507d4533edf1d98dae946e09bee428a71684d49160039f08bf831c20af967""}"
1770998321,2026-02-14T02:01:44.745247,0xedafb6e519c765889c3d5bf96df79cf8493c66d337e3f307c5efce8983e20f94:1770998321,572469,18289842382539867639079362738467334752951741961393928566628307174343542320349,SELL,0.044,132.38,5.824719999999999,0xedafb6e519c765889c3d5bf96df79cf8493c66d337e3f307c5efce8983e20f94,"{""proxyWallet"": ""0x81924e30a4fe9e1eb715ade61296be6fa74c0664"", ""side"": ""SELL"", ""asset"": ""18289842382539867639079362738467334752951741961393928566628307174343542320349"", ""conditionId"": ""0x61b66d02793b4a68ab0cc25be60d65f517fe18c7d654041281bb130341244fcc"", ""size"": 132.38, ""price"": 0.044, ""timestamp"": 1770998321, ""title"": ""Will Trump nominate Kevin Warsh as the next Fed chair?"", ""slug"": ""will-trump-nominate-kevin-warsh-as-the-next-fed-chair"", ""icon"": ""https://polymarket-upload.s3.us-east-2.amazonaws.com/will-trump-nominate-kevin-warsh-as-the-next-fed-chair-Bc-vVyyVjhsS.jpg"", ""eventSlug"": ""who-will-trump-nominate-as-fed-chair"", ""outcome"": ""No"", ""outcomeIndex"": 1, ""name"": ""ImpossibleAk12"", ""pseudonym"": ""Thoughtful-Proportion"", ""bio"": """", ""profileImage"": ""https://polymarket-upload.s3.us-east-2.amazonaws.com/profile-image-4175572-487ad7c6-f259-4f9b-a025-89fe7faca83a.jpg"", ""profileImageOptimized"": """", ""transactionHash"": ""0xedafb6e519c765889c3d5bf96df79cf8493c66d337e3f307c5efce8983e20f94""}"
1770998017,2026-02-14T02:01:44.745322,0x3e401cd87b80c330da9b8a63208094d94ccb93867be7b8e5c6116227394d170c:1770998017,572469,18289842382539867639079362738467334752951741961393928566628307174343542320349,BUY,0.044,119.07,5.2390799999999995,0x3e401cd87b80c330da9b8a63208094d94ccb93867be7b8e5c6116227394d170c,"{""proxyWallet"": ""0x4207c4f53b785c6d0d48512a497ebd845c29b81b"", ""side"": ""BUY"", ""asset"": ""18289842382539867639079362738467334752951741961393928566628307174343542320349"", ""conditionId"": ""0x61b66d02793b4a68ab0cc25be60d65f517fe18c7d654041281bb130341244fcc"", ""size"": 119.07, ""price"": 0.044, ""timestamp"": 1770998017, ""title"": ""Will Trump nominate Kevin Warsh as the next Fed chair?"", ""slug"": ""will-trump-nominate-kevin-warsh-as-the-next-fed-chair"", ""icon"": ""https://polymarket-upload.s3.us-east-2.amazonaws.com/will-trump-nominate-kevin-warsh-as-the-next-fed-chair-Bc-vVyyVjhsS.jpg"", ""eventSlug"": ""who-will-trump-nominate-as-fed-chair"", ""outcome"": ""No"", ""outcomeIndex"": 1, ""name"": ""0x4207c4f53b785c6dOd48512a497ebd845c29b81b"", ""pseudonym"": ""Wonderful-Disgust"", ""bio"": """", ""profileImage"": """", ""profileImageOptimized"": """", ""transactionHash"": ""0x3e401cd87b80c330da9b8a63208094d94ccb93867be7b8e5c6116227394d170c""}"
1770997889,2026-02-14T02:01:44.745359,0x6b911c5dd53b5cf72aedd2e1d8fc27e93547aba08462133b548742bd71301a01:1770997889,572469,18289842382539867639079362738467334752951741961393928566628307174343542320349,BUY,0.044,10.0,0.43999999999999995,0x6b911c5dd53b5cf72aedd2e1d8fc27e93547aba08462133b548742bd71301a01,"{""proxyWallet"": ""0x201d64d5fbe721bda742eba45cfbeb34889e2e13"", ""side"": ""BUY"", ""asset"": ""18289842382539867639079362738467334752951741961393928566628307174343542320349"", ""conditionId"": ""0x61b66d02793b4a68ab0cc25be60d65f517fe18c7d654041281bb130341244fcc"", ""size"": 10, ""price"": 0.044, ""timestamp"": 1770997889, ""title"": ""Will Trump nominate Kevin Warsh as the next Fed chair?"", ""slug"": ""will-trump-nominate-kevin-warsh-as-the-next-fed-chair"", ""icon"": ""https://polymarket-upload.s3.us-east-2.amazonaws.com/will-trump-nominate-kevin-warsh-as-the-next-fed-chair-Bc-vVyyVjhsS.jpg"", ""eventSlug"": ""who-will-trump-nominate-as-fed-chair"", ""outcome"": ""No"", ""outcomeIndex"": 1, ""name"": """", ""pseudonym"": """", ""bio"": """", ""profileImage"": """", ""profileImageOptimized"": """", ""transactionHash"": ""0x6b911c5dd53b5cf72aedd2e1d8fc27e93547aba08462133b548742bd71301a01""}"
1770997883,2026-02-14T02:01:44.745391,0xfb232f80e732029f4aad9fc66cc035c6a38ca0344e49863bd043f830adc43ca4:1770997883,572469,18289842382539867639079362738467334752951741961393928566628307174343542320349,SELL,0.044,10.0,0.43999999999999995,0xfb232f80e732029f4aad9fc66cc035c6a38ca0344e49863bd043f830adc43ca4,"{""proxyWallet"": ""0x3576871638c92f5fbdaccd99903f199ccd3209de"", ""side"": ""SELL"", ""asset"": ""18289842382539867639079362738467334752951741961393928566628307174343542320349"", ""conditionId"": ""0x61b66d02793b4a68ab0cc25be60d65f517fe18c7d654041281bb130341244fcc"", ""size"": 10, ""price"": 0.044, ""timestamp"": 1770997883, ""title"": ""Will Trump nominate Kevin Warsh as the next Fed chair?"", ""slug"": ""will-trump-nominate-kevin-warsh-as-the-next-fed-chair"", ""icon"": ""https://polymarket-upload.s3.us-east-2.amazonaws.com/will-trump-nominate-kevin-warsh-as-the-next-fed-chair-Bc-vVyyVjhsS.jpg"", ""eventSlug"": ""who-will-trump-nominate-as-fed-chair"", ""outcome"": ""No"", ""outcomeIndex"": 1, ""name"": ""jamesjesse"", ""pseudonym"": ""Watery-Ceiling"", ""bio"": """", ""profileImage"": """", ""profileImageOptimized"": """", ""transactionHash"": ""0xfb232f80e732029f4aad9fc66cc035c6a38ca0344e49863bd043f830adc43ca4""}"
1770997755,2026-02-14T02:01:44.745423,0x00624f89091c0f256c770c4cf65b5069f2d3ba1919db74261f69ad1d4d3ba3c9:1770997755,572469,18289842382539867639079362738467334752951741961393928566628307174343542320349,SELL,0.044,1.0,0.044,0x00624f89091c0f256c770c4cf65b5069f2d3ba1919db74261f69ad1d4d3ba3c9,"{""proxyWallet"": ""0xd316e8e25c412a6ec7093eabec4c44796ef02c89"", ""side"": ""SELL"", ""asset"": ""18289842382539867639079362738467334752951741961393928566628307174343542320349"", ""conditionId"": ""0x61b66d02793b4a68ab0cc25be60d65f517fe18c7d654041281bb130341244fcc"", ""size"": 1, ""price"": 0.044, ""timestamp"": 1770997755, ""title"": ""Will Trump nominate Kevin Warsh as the next Fed chair?"", ""slug"": ""will-trump-nominate-kevin-warsh-as-the-next-fed-chair"", ""icon"": ""https://polymarket-upload.s3.us-east-2.amazonaws.com/will-trump-nominate-kevin-warsh-as-the-next-fed-chair-Bc-vVyyVjhsS.jpg"", ""eventSlug"": ""who-will-trump-nominate-as-fed-chair"", ""outcome"": ""No"", ""outcomeIndex"": 1, ""name"": ""0xd316E8E25c412a6EC7093EAbec4c44796eF02C89-1770886248302"", ""pseudonym"": ""Glistening-Deduction"", ""bio"": """", ""profileImage"": """", ""profileImageOptimized"": """", ""transactionHash"": ""0x00624f89091c0f256c770c4cf65b5069f2d3ba1919db74261f69ad1d4d3ba3c9""}"
1770997749,2026-02-14T02:01:44.745455,0xc067fdfc0fe713e7298e39b4c2769c6290809aadf3ed76859327e4deb3c500ae:1770997749,572469,18289842382539867639079362738467334752951741961393928566628307174343542320349,SELL,0.044,11.0,0.484,0xc067fdfc0fe713e7298e39b4c2769c6290809aadf3ed76859327e4deb3c500ae,"{""proxyWallet"": ""0xd316e8e25c412a6ec7093eabec4c44796ef02c89"", ""side"": ""SELL"", ""asset"": ""18289842382539867639079362738467334752951741961393928566628307174343542320349"", ""conditionId"": ""0x61b66d02793b4a68ab0cc25be60d65f517fe18c7d654041281bb130341244fcc"", ""size"": 11, ""price"": 0.044, ""timestamp"": 1770997749, ""title"": ""Will Trump nominate Kevin Warsh as the next Fed chair?"", ""slug"": ""will-trump-nominate-kevin-warsh-as-the-next-fed-chair"", ""icon"": ""https://polymarket-upload.s3.us-east-2.amazonaws.com/will-trump-nominate-kevin-warsh-as-the-next-fed-chair-Bc-vVyyVjhsS.jpg"", ""eventSlug"": ""who-will-trump-nominate-as-fed-chair"", ""outcome"": ""No"", ""outcomeIndex"": 1, ""name"": ""0xd316E8E25c412a6EC7093EAbec4c44796eF02C89-1770886248302"", ""pseudonym"": ""Glistening-Deduction"", ""bio"": """", ""profileImage"": """", ""profileImageOptimized"": """", ""transactionHash"": ""0xc067fdfc0fe713e7298e39b4c2769c6290809aadf3ed76859327e4deb3c500ae""}"
1770997551,2026-02-14T02:01:44.745490,0x7adb6d214e7c6e1283af6cf50ce7b3228005fd3dafa6217b177d9d3b33b11a8d:1770997551,572469,18289842382539867639079362738467334752951741961393928566628307174343542320349,BUY,0.04499999786479591,435.555554,19.599998999999997,0x7adb6d214e7c6e1283af6cf50ce7b3228005fd3dafa6217b177d9d3b33b11a8d,"{""proxyWallet"": ""0xc93698a48618aefe70dfd47a22fc1f53e492ec95"", ""side"": ""BUY"", ""asset"": ""18289842382539867639079362738467334752951741961393928566628307174343542320349"", ""conditionId"": ""0x61b66d02793b4a68ab0cc25be60d65f517fe18c7d654041281bb130341244fcc"", ""size"": 435.555554, ""price"": 0.04499999786479591, ""timestamp"": 1770997551, ""title"": ""Will Trump nominate Kevin Warsh as the next Fed chair?"", ""slug"": ""will-trump-nominate-kevin-warsh-as-the-next-fed-chair"", ""icon"": ""https://polymarket-upload.s3.us-east-2.amazonaws.com/will-trump-nominate-kevin-warsh-as-the-next-fed-chair-Bc-vVyyVjhsS.jpg"", ""eventSlug"": ""who-will-trump-nominate-as-fed-chair"", ""outcome"": ""No"", ""outcomeIndex"": 1, ""name"": """", ""pseudonym"": """", ""bio"": """", ""profileImage"": """", ""profileImageOptimized"": """", ""transactionHash"": ""0x7adb6d214e7c6e1283af6cf50ce7b3228005fd3dafa6217b177d9d3b33b11a8d""}"
1770997511,2026-02-14T02:01:44.745523,0xb27e8e6139ff00c8ecdf9bdba83d2d9d4fec1536337770a8a21a91406b32970e:1770997511,572469,18289842382539867639079362738467334752951741961393928566628307174343542320349,BUY,0.04499997276315646,33.777776,1.519999,0xb27e8e6139ff00c8ecdf9bdba83d2d9d4fec1536337770a8a21a91406b32970e,"{""proxyWallet"": ""0x076b73a8d48c4da6136fc64e1b7dfe2136b4354c"", ""side"": ""BUY"", ""asset"": ""18289842382539867639079362738467334752951741961393928566628307174343542320349"", ""conditionId"": ""0x61b66d02793b4a68ab0cc25be60d65f517fe18c7d654041281bb130341244fcc"", ""size"": 33.777776, ""price"": 0.04499997276315646, ""timestamp"": 1770997511, ""title"": ""Will Trump nominate Kevin Warsh as the next Fed chair?"", ""slug"": ""will-trump-nominate-kevin-warsh-as-the-next-fed-chair"", ""icon"": ""https://polymarket-upload.s3.us-east-2.amazonaws.com/will-trump-nominate-kevin-warsh-as-the-next-fed-chair-Bc-vVyyVjhsS.jpg"", ""eventSlug"": ""who-will-trump-nominate-as-fed-chair"", ""outcome"": ""No"", ""outcomeIndex"": 1, ""name"": ""funkc"", ""pseudonym"": ""Easy-Going-Puggle"", ""bio"": """", ""profileImage"": ""https://polymarket-upload.s3.us-east-2.amazonaws.com/profile-image-5867229-2bfff306-e0e1-430c-80c9-9adacda02b76.jpg"", ""profileImageOptimized"": """", ""transactionHash"": ""0xb27e8e6139ff00c8ecdf9bdba83d2d9d4fec1536337770a8a21a91406b32970e""}"
1770997507,2026-02-14T02:01:44.745560,0x45290b1fc76ee233e6c4a422b02babc00966c4d25360125698968c04fc4ab910:1770997507,572469,18289842382539867639079362738467334752951741961393928566628307174343542320349,BUY,0.04499999786479591,435.555554,19.599998999999997,0x45290b1fc76ee233e6c4a422b02babc00966c4d25360125698968c04fc4ab910,"{""proxyWallet"": ""0xc93698a48618aefe70dfd47a22fc1f53e492ec95"", ""side"": ""BUY"", ""asset"": ""18289842382539867639079362738467334752951741961393928566628307174343542320349"", ""conditionId"": ""0x61b66d02793b4a68ab0cc25be60d65f517fe18c7d654041281bb130341244fcc"", ""size"": 435.555554, ""price"": 0.04499999786479591, ""timestamp"": 1770997507, ""title"": ""Will Trump nominate Kevin Warsh as the next Fed chair?"", ""slug"": ""will-trump-nominate-kevin-warsh-as-the-next-fed-chair"", ""icon"": ""https://polymarket-upload.s3.us-east-2.amazonaws.com/will-trump-nominate-kevin-warsh-as-the-next-fed-chair-Bc-vVyyVjhsS.jpg"", ""eventSlug"": ""who-will-trump-nominate-as-fed-chair"", ""outcome"": ""No"", ""outcomeIndex"": 1, ""name"": """", ""pseudonym"": """", ""bio"": """", ""profileImage"": """", ""profileImageOptimized"": """", ""transactionHash"": ""0x45290b1fc76ee233e6c4a422b02babc00966c4d25360125698968c04fc4ab910""}"
1770997307,2026-02-14T02:01:44.745594,0xb2b151cb6f5996276cb9a2bcf9aadc4a449bf4cfaef1102115e2b1b0ad2bc93c:1770997307,572469,18289842382539867639079362738467334752951741961393928566628307174343542320349,BUY,0.046,101.0,4.646,0xb2b151cb6f5996276cb9a2bcf9aadc4a449bf4cfaef1102115e2b1b0ad2bc93c,"{""proxyWallet"": ""0xd9e100a2043691f670219e5ca5dafb516c803fc9"", ""side"": ""BUY"", ""asset"": ""18289842382539867639079362738467334752951741961393928566628307174343542320349"", ""conditionId"": ""0x61b66d02793b4a68ab0cc25be60d65f517fe18c7d654041281bb130341244fcc"", ""size"": 101, ""price"": 0.046, ""timestamp"": 1770997307, ""title"": ""Will Trump nominate Kevin Warsh as the next Fed chair?"", ""slug"": ""will-trump-nominate-kevin-warsh-as-the-next-fed-chair"", ""icon"": ""https://polymarket-upload.s3.us-east-2.amazonaws.com/will-trump-nominate-kevin-warsh-as-the-next-fed-chair-Bc-vVyyVjhsS.jpg"", ""eventSlug"": ""who-will-trump-nominate-as-fed-chair"", ""outcome"": ""No"", ""outcomeIndex"": 1, ""name"": ""Thep8lymath"", ""pseudonym"": ""Ready-View"", ""bio"": ""CHANCE FD419AAADEEBE9D1"", ""profileImage"": ""https://polymarket-upload.s3.us-east-2.amazonaws.com/profile-image-2637324-a97f538c-0cc0-4d8c-8a11-9e21c7ba97b9.jpg"", ""profileImageOptimized"": """", ""transactionHash"": ""0xb2b151cb6f5996276cb9a2bcf9aadc4a449bf4cfaef1102115e2b1b0ad2bc93c""}"
1770997203,2026-02-14T02:01:44.745631,0x4a74afe7afdc7949a8e39b8f450ef086ba6bc422985adec772e47c3f25798031:1770997203,572469,18289842382539867639079362738467334752951741961393928566628307174343542320349,BUY,0.046,100.0,4.6,0x4a74afe7afdc7949a8e39b8f450ef086ba6bc422985adec772e47c3f25798031,"{""proxyWallet"": ""0xa7f7a91c91dfc33fe5a0be6f41e38a7b538c74eb"", ""side"": ""BUY"", ""asset"": ""18289842382539867639079362738467334752951741961393928566628307174343542320349"", ""conditionId"": ""0x61b66d02793b4a68ab0cc25be60d65f517fe18c7d654041281bb130341244fcc"", ""size"": 100, ""price"": 0.046, ""timestamp"": 1770997203, ""title"": ""Will Trump nominate Kevin Warsh as the next Fed chair?"", ""slug"": ""will-trump-nominate-kevin-warsh-as-the-next-fed-chair"", ""icon"": ""https://polymarket-upload.s3.us-east-2.amazonaws.com/will-trump-nominate-kevin-warsh-as-the-next-fed-chair-Bc-vVyyVjhsS.jpg"", ""eventSlug"": ""who-will-trump-nominate-as-fed-chair"", ""outcome"": ""No"", ""outcomeIndex"": 1, ""name"": ""QuadraticBillionaire"", ""pseudonym"": ""Frilly-Artery"", ""bio"": ""no risk no story"", ""profileImage"": """", ""profileImageOptimized"": """", ""transactionHash"": ""0x4a74afe7afdc7949a8e39b8f450ef086ba6bc422985adec772e47c3f25798031""}"
1770996905,2026-02-14T02:01:44.745666,0x0930890637e001da27c62b16df7dff4b08541744fd3c68218c5b7ed324c27e65:1770996905,572469,18289842382539867639079362738467334752951741961393928566628307174343542320349,BUY,0.046,100.0,4.6,0x0930890637e001da27c62b16df7dff4b08541744fd3c68218c5b7ed324c27e65,"{""proxyWallet"": ""0x048a6b6ae44b99e7e50523519aec4f995c2d635c"", ""side"": ""BUY"", ""asset"": ""18289842382539867639079362738467334752951741961393928566628307174343542320349"", ""conditionId"": ""0x61b66d02793b4a68ab0cc25be60d65f517fe18c7d654041281bb130341244fcc"", ""size"": 100, ""price"": 0.046, ""timestamp"": 1770996905, ""title"": ""Will Trump nominate Kevin Warsh as the next Fed chair?"", ""slug"": ""will-trump-nominate-kevin-warsh-as-the-next-fed-chair"", ""icon"": ""https://polymarket-upload.s3.us-east-2.amazonaws.com/will-trump-nominate-kevin-warsh-as-the-next-fed-chair-Bc-vVyyVjhsS.jpg"", ""eventSlug"": ""who-will-trump-nominate-as-fed-chair"", ""outcome"": ""No"", ""outcomeIndex"": 1, ""name"": ""gazg0lder"", ""pseudonym"": ""Tempting-Haircut"", ""bio"": """", ""profileImage"": ""https://polymarket-upload.s3.us-east-2.amazonaws.com/profile-image-3154666-4ec4af1f-7b64-469d-8472-9db6096a92de.jpg"", ""profileImageOptimized"": """", ""transactionHash"": ""0x0930890637e001da27c62b16df7dff4b08541744fd3c68218c5b7ed324c27e65""}"
1770996523,2026-02-14T02:01:44.745705,0x31cc91505f0f933593a65087c63b960445f8d384de5b0bfb5b1faf74111ef4ac:1770996523,572469,18289842382539867639079362738467334752951741961393928566628307174343542320349,BUY,0.044999994822761145,178.666665,8.039999,0x31cc91505f0f933593a65087c63b960445f8d384de5b0bfb5b1faf74111ef4ac,"{""proxyWallet"": ""0x076b73a8d48c4da6136fc64e1b7dfe2136b4354c"", ""side"": ""BUY"", ""asset"": ""18289842382539867639079362738467334752951741961393928566628307174343542320349"", ""conditionId"": ""0x61b66d02793b4a68ab0cc25be60d65f517fe18c7d654041281bb130341244fcc"", ""size"": 178.666665, ""price"": 0.044999994822761145, ""timestamp"": 1770996523, ""title"": ""Will Trump nominate Kevin Warsh as the next Fed chair?"", ""slug"": ""will-trump-nominate-kevin-warsh-as-the-next-fed-chair"", ""icon"": ""https://polymarket-upload.s3.us-east-2.amazonaws.com/will-trump-nominate-kevin-warsh-as-the-next-fed-chair-Bc-vVyyVjhsS.jpg"", ""eventSlug"": ""who-will-trump-nominate-as-fed-chair"", ""outcome"": ""No"", ""outcomeIndex"": 1, ""name"": ""funkc"", ""pseudonym"": ""Easy-Going-Puggle"", ""bio"": """", ""profileImage"": ""https://polymarket-upload.s3.us-east-2.amazonaws.com/profile-image-5867229-2bfff306-e0e1-430c-80c9-9adacda02b76.jpg"", ""profileImageOptimized"": """", ""transactionHash"": ""0x31cc91505f0f933593a65087c63b960445f8d384de5b0bfb5b1faf74111ef4ac""}"
1770996453,2026-02-14T02:01:44.745740,0x8ab1af6d8abe875e83bef407acab1d56315320016ecbeb33c44c83b10096f5e6:1770996453,572469,18289842382539867639079362738467334752951741961393928566628307174343542320349,BUY,0.044,33.66,1.4810399999999997,0x8ab1af6d8abe875e83bef407acab1d56315320016ecbeb33c44c83b10096f5e6,"{""proxyWallet"": ""0x488db2222b7459c0940fa92fbcf35be8e8a38804"", ""side"": ""BUY"", ""asset"": ""18289842382539867639079362738467334752951741961393928566628307174343542320349"", ""conditionId"": ""0x61b66d02793b4a68ab0cc25be60d65f517fe18c7d654041281bb130341244fcc"", ""size"": 33.66, ""price"": 0.044, ""timestamp"": 1770996453, ""title"": ""Will Trump nominate Kevin Warsh as the next Fed chair?"", ""slug"": ""will-trump-nominate-kevin-warsh-as-the-next-fed-chair"", ""icon"": ""https://polymarket-upload.s3.us-east-2.amazonaws.com/will-trump-nominate-kevin-warsh-as-the-next-fed-chair-Bc-vVyyVjhsS.jpg"", ""eventSlug"": ""who-will-trump-nominate-as-fed-chair"", ""outcome"": ""No"", ""outcomeIndex"": 1, ""name"": """", ""pseudonym"": """", ""bio"": """", ""profileImage"": """", ""profileImageOptimized"": """", ""transactionHash"": ""0x8ab1af6d8abe875e83bef407acab1d56315320016ecbeb33c44c83b10096f5e6""}"
1770996429,2026-02-14T02:01:44.745773,0x5d4d35d9ddc250c8d1d292f8dec90040a1bf613579fef924f2ea7b40dcf7c0e6:1770996429,572469,18289842382539867639079362738467334752951741961393928566628307174343542320349,BUY,0.04499995747499766,22.222221,0.999999,0x5d4d35d9ddc250c8d1d292f8dec90040a1bf613579fef924f2ea7b40dcf7c0e6,"{""proxyWallet"": ""0xbc64d2875e2e1f288a5ab73a77ad82dafa6ac311"", ""side"": ""BUY"", ""asset"": ""18289842382539867639079362738467334752951741961393928566628307174343542320349"", ""conditionId"": ""0x61b66d02793b4a68ab0cc25be60d65f517fe18c7d654041281bb130341244fcc"", ""size"": 22.222221, ""price"": 0.04499995747499766, ""timestamp"": 1770996429, ""title"": ""Will Trump nominate Kevin Warsh as the next Fed chair?"", ""slug"": ""will-trump-nominate-kevin-warsh-as-the-next-fed-chair"", ""icon"": ""https://polymarket-upload.s3.us-east-2.amazonaws.com/will-trump-nominate-kevin-warsh-as-the-next-fed-chair-Bc-vVyyVjhsS.jpg"", ""eventSlug"": ""who-will-trump-nominate-as-fed-chair"", ""outcome"": ""No"", ""outcomeIndex"": 1, ""name"": ""pusher6"", ""pseudonym"": ""Salty-Adult"", ""bio"": """", ""profileImage"": """", ""profileImageOptimized"": """", ""transactionHash"": ""0x5d4d35d9ddc250c8d1d292f8dec90040a1bf613579fef924f2ea7b40dcf7c0e6""}"
1770996365,2026-02-14T02:01:44.745804,0x19a7f17423b83988f5699798926842713ebbba1094ae931f1ae5fe1b7a09a105:1770996365,572469,18289842382539867639079362738467334752951741961393928566628307174343542320349,SELL,0.04316476302305722,187.36,8.08735,0x19a7f17423b83988f5699798926842713ebbba1094ae931f1ae5fe1b7a09a105,"{""proxyWallet"": ""0xe3bec5464af4d1809fc0304e7d41d59aa998f6ea"", ""side"": ""SELL"", ""asset"": ""18289842382539867639079362738467334752951741961393928566628307174343542320349"", ""conditionId"": ""0x61b66d02793b4a68ab0cc25be60d65f517fe18c7d654041281bb130341244fcc"", ""size"": 187.36, ""price"": 0.04316476302305722, ""timestamp"": 1770996365, ""title"": ""Will Trump nominate Kevin Warsh as the next Fed chair?"", ""slug"": ""will-trump-nominate-kevin-warsh-as-the-next-fed-chair"", ""icon"": ""https://polymarket-upload.s3.us-east-2.amazonaws.com/will-trump-nominate-kevin-warsh-as-the-next-fed-chair-Bc-vVyyVjhsS.jpg"", ""eventSlug"": ""who-will-trump-nominate-as-fed-chair"", ""outcome"": ""No"", ""outcomeIndex"": 1, ""name"": ""woohs"", ""pseudonym"": ""Realistic-Settler"", ""bio"": """", ""profileImage"": ""https://polymarket-upload.s3.us-east-2.amazonaws.com/profile-image-5628867-ec632eac-fbe3-4018-b8a0-e84823c254e9.jpg"", ""profileImageOptimized"": """", ""transactionHash"": ""0x19a7f17423b83988f5699798926842713ebbba1094ae931f1ae5fe1b7a09a105""}"
1770994789,2026-02-14T02:01:44.745890,0x1046e84d85fc9c662b480373507c223409af851d28336268a8b4a721894b96e6:1770994789,572469,18289842382539867639079362738467334752951741961393928566628307174343542320349,SELL,0.046,10.6,0.4876,0x1046e84d85fc9c662b480373507c223409af851d28336268a8b4a721894b96e6,"{""proxyWallet"": ""0x0b3492ec87748d0f32427e8be4cbc650ff67ffc3"", ""side"": ""SELL"", ""asset"": ""18289842382539867639079362738467334752951741961393928566628307174343542320349"", ""conditionId"": ""0x61b66d02793b4a68ab0cc25be60d65f517fe18c7d654041281bb130341244fcc"", ""size"": 10.6, ""price"": 0.046, ""timestamp"": 1770994789, ""title"": ""Will Trump nominate Kevin Warsh as the next Fed chair?"", ""slug"": ""will-trump-nominate-kevin-warsh-as-the-next-fed-chair"", ""icon"": ""https://polymarket-upload.s3.us-east-2.amazonaws.com/will-trump-nominate-kevin-warsh-as-the-next-fed-chair-Bc-vVyyVjhsS.jpg"", ""eventSlug"": ""who-will-trump-nominate-as-fed-chair"", ""outcome"": ""No"", ""outcomeIndex"": 1, ""name"": ""16r0ob"", ""pseudonym"": ""Joyful-Monsoon"", ""bio"": """", ""profileImage"": """", ""profileImageOptimized"": """", ""transactionHash"": ""0x1046e84d85fc9c662b480373507c223409af851d28336268a8b4a721894b96e6""}"
1770994069,2026-02-14T02:01:44.745933,0x74d7233de7e938d21736b2303059280155ff7796b08bd26e48dbbcb15e8a47f2:1770994069,572469,18289842382539867639079362738467334752951741961393928566628307174343542320349,SELL,0.047,54.09,2.54223,0x74d7233de7e938d21736b2303059280155ff7796b08bd26e48dbbcb15e8a47f2,"{""proxyWallet"": ""0x0bc53e991abc15b309fb965aca6d1a166e94db85"", ""side"": ""SELL"", ""asset"": ""18289842382539867639079362738467334752951741961393928566628307174343542320349"", ""conditionId"": ""0x61b66d02793b4a68ab0cc25be60d65f517fe18c7d654041281bb130341244fcc"", ""size"": 54.09, ""price"": 0.047, ""timestamp"": 1770994069, ""title"": ""Will Trump nominate Kevin Warsh as the next Fed chair?"", ""slug"": ""will-trump-nominate-kevin-warsh-as-the-next-fed-chair"", ""icon"": ""https://polymarket-upload.s3.us-east-2.amazonaws.com/will-trump-nominate-kevin-warsh-as-the-next-fed-chair-Bc-vVyyVjhsS.jpg"", ""eventSlug"": ""who-will-trump-nominate-as-fed-chair"", ""outcome"": ""No"", ""outcomeIndex"": 1, ""name"": ""serholst"", ""pseudonym"": ""Juicy-Pay"", ""bio"": """", ""profileImage"": """", ""profileImageOptimized"": """", ""transactionHash"": ""0x74d7233de7e938d21736b2303059280155ff7796b08bd26e48dbbcb15e8a47f2""}"
1770993799,2026-02-14T02:01:44.745968,0x6841cc63d1064202e9f87d5a4bf132be4f899451e3ff943637f0f93ead3aad7c:1770993799,572469,18289842382539867639079362738467334752951741961393928566628307174343542320349,SELL,0.046,100.0,4.6,0x6841cc63d1064202e9f87d5a4bf132be4f899451e3ff943637f0f93ead3aad7c,"{""proxyWallet"": ""0x413235c45ed85a83fed5e83913ac1b1cf977a46e"", ""side"": ""SELL"", ""asset"": ""18289842382539867639079362738467334752951741961393928566628307174343542320349"", ""conditionId"": ""0x61b66d02793b4a68ab0cc25be60d65f517fe18c7d654041281bb130341244fcc"", ""size"": 100, ""price"": 0.046, ""timestamp"": 1770993799, ""title"": ""Will Trump nominate Kevin Warsh as the next Fed chair?"", ""slug"": ""will-trump-nominate-kevin-warsh-as-the-next-fed-chair"", ""icon"": ""https://polymarket-upload.s3.us-east-2.amazonaws.com/will-trump-nominate-kevin-warsh-as-the-next-fed-chair-Bc-vVyyVjhsS.jpg"", ""eventSlug"": ""who-will-trump-nominate-as-fed-chair"", ""outcome"": ""No"", ""outcomeIndex"": 1, ""name"": """", ""pseudonym"": """", ""bio"": """", ""profileImage"": """", ""profileImageOptimized"": """", ""transactionHash"": ""0x6841cc63d1064202e9f87d5a4bf132be4f899451e3ff943637f0f93ead3aad7c""}"
1770993223,2026-02-14T02:01:45.898356,0xed8d442e46467ec167760502aff38f65a8c22bb0ba57a42787b32e6b48948e3f:1770993223,572469,18289842382539867639079362738467334752951741961393928566628307174343542320349,SELL,0.047,38.62,1.81514,0xed8d442e46467ec167760502aff38f65a8c22bb0ba57a42787b32e6b48948e3f,"{""proxyWallet"": ""0x5732d0f250281f7a8c49688fbe1d8ae7551ddf6c"", ""side"": ""SELL"", ""asset"": ""18289842382539867639079362738467334752951741961393928566628307174343542320349"", ""conditionId"": ""0x61b66d02793b4a68ab0cc25be60d65f517fe18c7d654041281bb130341244fcc"", ""size"": 38.62, ""price"": 0.047, ""timestamp"": 1770993223, ""title"": ""Will Trump nominate Kevin Warsh as the next Fed chair?"", ""slug"": ""will-trump-nominate-kevin-warsh-as-the-next-fed-chair"", ""icon"": ""https://polymarket-upload.s3.us-east-2.amazonaws.com/will-trump-nominate-kevin-warsh-as-the-next-fed-chair-Bc-vVyyVjhsS.jpg"", ""eventSlug"": ""who-will-trump-nominate-as-fed-chair"", ""outcome"": ""No"", ""outcomeIndex"": 1, ""name"": ""LindaLee546"", ""pseudonym"": ""Forthright-Consonant"", ""bio"": """", ""profileImage"": """", ""profileImageOptimized"": """", ""transactionHash"": ""0xed8d442e46467ec167760502aff38f65a8c22bb0ba57a42787b32e6b48948e3f""}"
1770993221,2026-02-14T02:01:45.898436,0x1d287341c72879520d47bb5268f7c25274ce2f67e2f56708a12a03afc5bf3f3c:1770993221,572469,18289842382539867639079362738467334752951741961393928566628307174343542320349,SELL,0.047,34.81,1.6360700000000001,0x1d287341c72879520d47bb5268f7c25274ce2f67e2f56708a12a03afc5bf3f3c,"{""proxyWallet"": ""0xdc8522f72a7ff090fd551b9455467ab2ad6a1c11"", ""side"": ""SELL"", ""asset"": ""18289842382539867639079362738467334752951741961393928566628307174343542320349"", ""conditionId"": ""0x61b66d02793b4a68ab0cc25be60d65f517fe18c7d654041281bb130341244fcc"", ""size"": 34.81, ""price"": 0.047, ""timestamp"": 1770993221, ""title"": ""Will Trump nominate Kevin Warsh as the next Fed chair?"", ""slug"": ""will-trump-nominate-kevin-warsh-as-the-next-fed-chair"", ""icon"": ""https://polymarket-upload.s3.us-east-2.amazonaws.com/will-trump-nominate-kevin-warsh-as-the-next-fed-chair-Bc-vVyyVjhsS.jpg"", ""eventSlug"": ""who-will-trump-nominate-as-fed-chair"", ""outcome"": ""No"", ""outcomeIndex"": 1, ""name"": ""MichelleRamirez793"", ""pseudonym"": ""Poised-Economics"", ""bio"": """", ""profileImage"": """", ""profileImageOptimized"": """", ""transactionHash"": ""0x1d287341c72879520d47bb5268f7c25274ce2f67e2f56708a12a03afc5bf3f3c""}"
1770993181,2026-02-14T02:01:45.898461,0x344b403cf0e8b87f5fb785803a6a5504726cf168b5d33d35d62a99e1782094a7:1770993181,572469,18289842382539867639079362738467334752951741961393928566628307174343542320349,SELL,0.047,37.67,1.7704900000000001,0x344b403cf0e8b87f5fb785803a6a5504726cf168b5d33d35d62a99e1782094a7,"{""proxyWallet"": ""0x663e8b911c22bb070acf387b98693b51e3c6182a"", ""side"": ""SELL"", ""asset"": ""18289842382539867639079362738467334752951741961393928566628307174343542320349"", ""conditionId"": ""0x61b66d02793b4a68ab0cc25be60d65f517fe18c7d654041281bb130341244fcc"", ""size"": 37.67, ""price"": 0.047, ""timestamp"": 1770993181, ""title"": ""Will Trump nominate Kevin Warsh as the next Fed chair?"", ""slug"": ""will-trump-nominate-kevin-warsh-as-the-next-fed-chair"", ""icon"": ""https://polymarket-upload.s3.us-east-2.amazonaws.com/will-trump-nominate-kevin-warsh-as-the-next-fed-chair-Bc-vVyyVjhsS.jpg"", ""eventSlug"": ""who-will-trump-nominate-as-fed-chair"", ""outcome"": ""No"", ""outcomeIndex"": 1, ""name"": ""JoshuaAnderson475"", ""pseudonym"": ""Young-Vacation"", ""bio"": """", ""profileImage"": """", ""profileImageOptimized"": """", ""transactionHash"": ""0x344b403cf0e8b87f5fb785803a6a5504726cf168b5d33d35d62a99e1782094a7""}"
1770993135,2026-02-14T02:01:45.898483,0x0ab952f57bff37b36cd4476ba3e6e544d06e6583de06c154f84c92dfa30183e5:1770993135,572469,18289842382539867639079362738467334752951741961393928566628307174343542320349,BUY,0.04799999447999995,166.666665,7.999999,0x0ab952f57bff37b36cd4476ba3e6e544d06e6583de06c154f84c92dfa30183e5,"{""proxyWallet"": ""0x1bf5d0914f6449fba8d7de754623779e697681e5"", ""side"": ""BUY"", ""asset"": ""18289842382539867639079362738467334752951741961393928566628307174343542320349"", ""conditionId"": ""0x61b66d02793b4a68ab0cc25be60d65f517fe18c7d654041281bb130341244fcc"", ""size"": 166.666665, ""price"": 0.04799999447999995, ""timestamp"": 1770993135, ""title"": ""Will Trump nominate Kevin Warsh as the next Fed chair?"", ""slug"": ""will-trump-nominate-kevin-warsh-as-the-next-fed-chair"", ""icon"": ""https://polymarket-upload.s3.us-east-2.amazonaws.com/will-trump-nominate-kevin-warsh-as-the-next-fed-chair-Bc-vVyyVjhsS.jpg"", ""eventSlug"": ""who-will-trump-nominate-as-fed-chair"", ""outcome"": ""No"", ""outcomeIndex"": 1, ""name"": ""0x1bf5D0914f6449FBa8d7De754623779e697681E5-1770288730666"", ""pseudonym"": ""Cavernous-Rooster"", ""bio"": """", ""profileImage"": """", ""profileImageOptimized"": """", ""transactionHash"": ""0x0ab952f57bff37b36cd4476ba3e6e544d06e6583de06c154f84c92dfa30183e5""}"
1770992337,2026-02-14T02:01:45.898523,0x41f794bb5ee1f86c2706f0f171a8801f059804b6a5bec969b24fff9b3437a377:1770992337,572469,18289842382539867639079362738467334752951741961393928566628307174343542320349,SELL,0.048,7928.2,380.5536,0x41f794bb5ee1f86c2706f0f171a8801f059804b6a5bec969b24fff9b3437a377,"{""proxyWallet"": ""0x4207c4f53b785c6d0d48512a497ebd845c29b81b"", ""side"": ""SELL"", ""asset"": ""18289842382539867639079362738467334752951741961393928566628307174343542320349"", ""conditionId"": ""0x61b66d02793b4a68ab0cc25be60d65f517fe18c7d654041281bb130341244fcc"", ""size"": 7928.2, ""price"": 0.048, ""timestamp"": 1770992337, ""title"": ""Will Trump nominate Kevin Warsh as the next Fed chair?"", ""slug"": ""will-trump-nominate-kevin-warsh-as-the-next-fed-chair"", ""icon"": ""https://polymarket-upload.s3.us-east-2.amazonaws.com/will-trump-nominate-kevin-warsh-as-the-next-fed-chair-Bc-vVyyVjhsS.jpg"", ""eventSlug"": ""who-will-trump-nominate-as-fed-chair"", ""outcome"": ""No"", ""outcomeIndex"": 1, ""name"": ""0x4207c4f53b785c6dOd48512a497ebd845c29b81b"", ""pseudonym"": ""Wonderful-Disgust"", ""bio"": """", ""profileImage"": """", ""profileImageOptimized"": """", ""transactionHash"": ""0x41f794bb5ee1f86c2706f0f171a8801f059804b6a5bec969b24fff9b3437a377""}"
1770992327,2026-02-14T02:01:45.898546,0x46cd4641cf9e6935863136f451c235b005e19768390ef28a400c26f03e8c90ed:1770992327,572469,18289842382539867639079362738467334752951741961393928566628307174343542320349,BUY,0.04900000048558559,113.265305,5.55,0x46cd4641cf9e6935863136f451c235b005e19768390ef28a400c26f03e8c90ed,"{""proxyWallet"": ""0x076b73a8d48c4da6136fc64e1b7dfe2136b4354c"", ""side"": ""BUY"", ""asset"": ""18289842382539867639079362738467334752951741961393928566628307174343542320349"", ""conditionId"": ""0x61b66d02793b4a68ab0cc25be60d65f517fe18c7d654041281bb130341244fcc"", ""size"": 113.265305, ""price"": 0.04900000048558559, ""timestamp"": 1770992327, ""title"": ""Will Trump nominate Kevin Warsh as the next Fed chair?"", ""slug"": ""will-trump-nominate-kevin-warsh-as-the-next-fed-chair"", ""icon"": ""https://polymarket-upload.s3.us-east-2.amazonaws.com/will-trump-nominate-kevin-warsh-as-the-next-fed-chair-Bc-vVyyVjhsS.jpg"", ""eventSlug"": ""who-will-trump-nominate-as-fed-chair"", ""outcome"": ""No"", ""outcomeIndex"": 1, ""name"": ""funkc"", ""pseudonym"": ""Easy-Going-Puggle"", ""bio"": """", ""profileImage"": ""https://polymarket-upload.s3.us-east-2.amazonaws.com/profile-image-5867229-2bfff306-e0e1-430c-80c9-9adacda02b76.jpg"", ""profileImageOptimized"": """", ""transactionHash"": ""0x46cd4641cf9e6935863136f451c235b005e19768390ef28a400c26f03e8c90ed""}"
1770992327,2026-02-14T02:01:45.898566,0x1db6898cd2ba5da0183d33542bb44550132713a38bbd812c1cf4cad88870433f:1770992327,572469,18289842382539867639079362738467334752951741961393928566628307174343542320349,BUY,0.04899995403799715,20.408162,0.9999990000000001,0x1db6898cd2ba5da0183d33542bb44550132713a38bbd812c1cf4cad88870433f,"{""proxyWallet"": ""0x956f12f5b4ee207752e97a76c21633802a5120ac"", ""side"": ""BUY"", ""asset"": ""18289842382539867639079362738467334752951741961393928566628307174343542320349"", ""conditionId"": ""0x61b66d02793b4a68ab0cc25be60d65f517fe18c7d654041281bb130341244fcc"", ""size"": 20.408162, ""price"": 0.04899995403799715, ""timestamp"": 1770992327, ""title"": ""Will Trump nominate Kevin Warsh as the next Fed chair?"", ""slug"": ""will-trump-nominate-kevin-warsh-as-the-next-fed-chair"", ""icon"": ""https://polymarket-upload.s3.us-east-2.amazonaws.com/will-trump-nominate-kevin-warsh-as-the-next-fed-chair-Bc-vVyyVjhsS.jpg"", ""eventSlug"": ""who-will-trump-nominate-as-fed-chair"", ""outcome"": ""No"", ""outcomeIndex"": 1, ""name"": """", ""pseudonym"": """", ""bio"": """", ""profileImage"": """", ""profileImageOptimized"": """", ""transactionHash"": ""0x1db6898cd2ba5da0183d33542bb44550132713a38bbd812c1cf4cad88870433f""}"
1770992327,2026-02-14T02:01:45.898586,0x726e87c1488ea83d7512725ccbe696e6ba7a6bbba258ebd3d3581aebbfd804e3:1770992327,572469,18289842382539867639079362738467334752951741961393928566628307174343542320349,SELL,0.048,5656.23,271.49904,0x726e87c1488ea83d7512725ccbe696e6ba7a6bbba258ebd3d3581aebbfd804e3,"{""proxyWallet"": ""0xf5889380a621f588658803586b6f84c2d91835e2"", ""side"": ""SELL"", ""asset"": ""18289842382539867639079362738467334752951741961393928566628307174343542320349"", ""conditionId"": ""0x61b66d02793b4a68ab0cc25be60d65f517fe18c7d654041281bb130341244fcc"", ""size"": 5656.23, ""price"": 0.048, ""timestamp"": 1770992327, ""title"": ""Will Trump nominate Kevin Warsh as the next Fed chair?"", ""slug"": ""will-trump-nominate-kevin-warsh-as-the-next-fed-chair"", ""icon"": ""https://polymarket-upload.s3.us-east-2.amazonaws.com/will-trump-nominate-kevin-warsh-as-the-next-fed-chair-Bc-vVyyVjhsS.jpg"", ""eventSlug"": ""who-will-trump-nominate-as-fed-chair"", ""outcome"": ""No"", ""outcomeIndex"": 1, ""name"": ""0xf5889380A621F588658803586B6F84c2d91835E2-1770833137473"", ""pseudonym"": ""Entire-Misreading"", ""bio"": """", ""profileImage"": """", ""profileImageOptimized"": """", ""transactionHash"": ""0x726e87c1488ea83d7512725ccbe696e6ba7a6bbba258ebd3d3581aebbfd804e3""}"
1770992093,2026-02-14T02:01:45.898606,0x4acc23d9ae0151d81bfbe1dc3833ff3b4bc6003ea946e243d32621d1dbae38f3:1770992093,572469,18289842382539867639079362738467334752951741961393928566628307174343542320349,SELL,0.048,169.49,8.135520000000001,0x4acc23d9ae0151d81bfbe1dc3833ff3b4bc6003ea946e243d32621d1dbae38f3,"{""proxyWallet"": ""0x65e491543df73a88baeb23b61e95c5e186596898"", ""side"": ""SELL"", ""asset"": ""18289842382539867639079362738467334752951741961393928566628307174343542320349"", ""conditionId"": ""0x61b66d02793b4a68ab0cc25be60d65f517fe18c7d654041281bb130341244fcc"", ""size"": 169.49, ""price"": 0.048, ""timestamp"": 1770992093, ""title"": ""Will Trump nominate Kevin Warsh as the next Fed chair?"", ""slug"": ""will-trump-nominate-kevin-warsh-as-the-next-fed-chair"", ""icon"": ""https://polymarket-upload.s3.us-east-2.amazonaws.com/will-trump-nominate-kevin-warsh-as-the-next-fed-chair-Bc-vVyyVjhsS.jpg"", ""eventSlug"": ""who-will-trump-nominate-as-fed-chair"", ""outcome"": ""No"", ""outcomeIndex"": 1, ""name"": ""selec24"", ""pseudonym"": ""Greedy-Badger"", ""bio"": """", ""profileImage"": """", ""profileImageOptimized"": """", ""transactionHash"": ""0x4acc23d9ae0151d81bfbe1dc3833ff3b4bc6003ea946e243d32621d1dbae38f3""}"
1770991879,2026-02-14T02:01:45.898630,0x85a789f7d0ff963f4ff96d88108a26fa88dfd49218308eeda073186d2da5c7df:1770991879,572469,18289842382539867639079362738467334752951741961393928566628307174343542320349,SELL,0.05,81.92,4.096,0x85a789f7d0ff963f4ff96d88108a26fa88dfd49218308eeda073186d2da5c7df,"{""proxyWallet"": ""0x4207c4f53b785c6d0d48512a497ebd845c29b81b"", ""side"": ""SELL"", ""asset"": ""18289842382539867639079362738467334752951741961393928566628307174343542320349"", ""conditionId"": ""0x61b66d02793b4a68ab0cc25be60d65f517fe18c7d654041281bb130341244fcc"", ""size"": 81.92, ""price"": 0.05, ""timestamp"": 1770991879, ""title"": ""Will Trump nominate Kevin Warsh as the next Fed chair?"", ""slug"": ""will-trump-nominate-kevin-warsh-as-the-next-fed-chair"", ""icon"": ""https://polymarket-upload.s3.us-east-2.amazonaws.com/will-trump-nominate-kevin-warsh-as-the-next-fed-chair-Bc-vVyyVjhsS.jpg"", ""eventSlug"": ""who-will-trump-nominate-as-fed-chair"", ""outcome"": ""No"", ""outcomeIndex"": 1, ""name"": ""0x4207c4f53b785c6dOd48512a497ebd845c29b81b"", ""pseudonym"": ""Wonderful-Disgust"", ""bio"": """", ""profileImage"": """", ""profileImageOptimized"": """", ""transactionHash"": ""0x85a789f7d0ff963f4ff96d88108a26fa88dfd49218308eeda073186d2da5c7df""}"
1770991871,2026-02-14T02:01:45.898673,0x61e99343873ba18b292d58744cbd77eb52d896546edf888609cd1dab96b8063f:1770991871,572469,18289842382539867639079362738467334752951741961393928566628307174343542320349,BUY,0.05099999525699997,196.07843,9.999999,0x61e99343873ba18b292d58744cbd77eb52d896546edf888609cd1dab96b8063f,"{""proxyWallet"": ""0xa2b91ad0f7717c8616059c13e01809b66cf6b0d2"", ""side"": ""BUY"", ""asset"": ""18289842382539867639079362738467334752951741961393928566628307174343542320349"", ""conditionId"": ""0x61b66d02793b4a68ab0cc25be60d65f517fe18c7d654041281bb130341244fcc"", ""size"": 196.07843, ""price"": 0.05099999525699997, ""timestamp"": 1770991871, ""title"": ""Will Trump nominate Kevin Warsh as the next Fed chair?"", ""slug"": ""will-trump-nominate-kevin-warsh-as-the-next-fed-chair"", ""icon"": ""https://polymarket-upload.s3.us-east-2.amazonaws.com/will-trump-nominate-kevin-warsh-as-the-next-fed-chair-Bc-vVyyVjhsS.jpg"", ""eventSlug"": ""who-will-trump-nominate-as-fed-chair"", ""outcome"": ""No"", ""outcomeIndex"": 1, ""name"": ""whybing"", ""pseudonym"": ""Warped-Subject"", ""bio"": """", ""profileImage"": """", ""profileImageOptimized"": """", ""transactionHash"": ""0x61e99343873ba18b292d58744cbd77eb52d896546edf888609cd1dab96b8063f""}"
1770991499,2026-02-14T02:01:45.898698,0x803ceac389b98f7a3774c0572700aa38a574b9c7e9b2d610e431c99b0488a2c9:1770991499,572469,18289842382539867639079362738467334752951741961393928566628307174343542320349,BUY,0.05190507755126584,3293.319422,170.94,0x803ceac389b98f7a3774c0572700aa38a574b9c7e9b2d610e431c99b0488a2c9,"{""proxyWallet"": ""0x2306e58ff1990635e8512fc49795b454e2adddde"", ""side"": ""BUY"", ""asset"": ""18289842382539867639079362738467334752951741961393928566628307174343542320349"", ""conditionId"": ""0x61b66d02793b4a68ab0cc25be60d65f517fe18c7d654041281bb130341244fcc"", ""size"": 3293.319422, ""price"": 0.05190507755126584, ""timestamp"": 1770991499, ""title"": ""Will Trump nominate Kevin Warsh as the next Fed chair?"", ""slug"": ""will-trump-nominate-kevin-warsh-as-the-next-fed-chair"", ""icon"": ""https://polymarket-upload.s3.us-east-2.amazonaws.com/will-trump-nominate-kevin-warsh-as-the-next-fed-chair-Bc-vVyyVjhsS.jpg"", ""eventSlug"": ""who-will-trump-nominate-as-fed-chair"", ""outcome"": ""No"", ""outcomeIndex"": 1, ""name"": ""Avrynnechu"", ""pseudonym"": ""Likely-Eyelids"", ""bio"": """", ""profileImage"": """", ""profileImageOptimized"": """", ""transactionHash"": ""0x803ceac389b98f7a3774c0572700aa38a574b9c7e9b2d610e431c99b0488a2c9""}"
1770990857,2026-02-14T02:01:45.898728,0x6f98e7cd8aca969ddc215c36cf0ca8e394ed5430a56816ef30de8fec417f0a33:1770990857,572469,18289842382539867639079362738467334752951741961393928566628307174343542320349,BUY,0.05,20.0,1.0,0x6f98e7cd8aca969ddc215c36cf0ca8e394ed5430a56816ef30de8fec417f0a33,"{""proxyWallet"": ""0x7cbbddc66c5336fe05273ee50333c74ab23dfb92"", ""side"": ""BUY"", ""asset"": ""18289842382539867639079362738467334752951741961393928566628307174343542320349"", ""conditionId"": ""0x61b66d02793b4a68ab0cc25be60d65f517fe18c7d654041281bb130341244fcc"", ""size"": 20, ""price"": 0.05, ""timestamp"": 1770990857, ""title"": ""Will Trump nominate Kevin Warsh as the next Fed chair?"", ""slug"": ""will-trump-nominate-kevin-warsh-as-the-next-fed-chair"", ""icon"": ""https://polymarket-upload.s3.us-east-2.amazonaws.com/will-trump-nominate-kevin-warsh-as-the-next-fed-chair-Bc-vVyyVjhsS.jpg"", ""eventSlug"": ""who-will-trump-nominate-as-fed-chair"", ""outcome"": ""No"", ""outcomeIndex"": 1, ""name"": ""richardeus"", ""pseudonym"": ""Woozy-Incompetence"", ""bio"": """", ""profileImage"": ""https://polymarket-upload.s3.us-east-2.amazonaws.com/profile-image-5626573-1e1047ca-4f55-48cf-9fda-a88013d21406.jpeg"", ""profileImageOptimized"": """", ""transactionHash"": ""0x6f98e7cd8aca969ddc215c36cf0ca8e394ed5430a56816ef30de8fec417f0a33""}"
1770990775,2026-02-14T02:01:45.898752,0xa04043ca8f2648c6d0e6dc65d4df7b0c6df9635a3d01de9f85356074bf251362:1770990775,572469,18289842382539867639079362738467334752951741961393928566628307174343542320349,SELL,0.05,431.19,21.5595,0xa04043ca8f2648c6d0e6dc65d4df7b0c6df9635a3d01de9f85356074bf251362,"{""proxyWallet"": ""0xd3d33123e7b965afebc9705f17cca04abd72e21d"", ""side"": ""SELL"", ""asset"": ""18289842382539867639079362738467334752951741961393928566628307174343542320349"", ""conditionId"": ""0x61b66d02793b4a68ab0cc25be60d65f517fe18c7d654041281bb130341244fcc"", ""size"": 431.19, ""price"": 0.05, ""timestamp"": 1770990775, ""title"": ""Will Trump nominate Kevin Warsh as the next Fed chair?"", ""slug"": ""will-trump-nominate-kevin-warsh-as-the-next-fed-chair"", ""icon"": ""https://polymarket-upload.s3.us-east-2.amazonaws.com/will-trump-nominate-kevin-warsh-as-the-next-fed-chair-Bc-vVyyVjhsS.jpg"", ""eventSlug"": ""who-will-trump-nominate-as-fed-chair"", ""outcome"": ""No"", ""outcomeIndex"": 1, ""name"": ""Peacekeeper"", ""pseudonym"": ""Somber-Usher"", ""bio"": """", ""profileImage"": """", ""profileImageOptimized"": """", ""transactionHash"": ""0xa04043ca8f2648c6d0e6dc65d4df7b0c6df9635a3d01de9f85356074bf251362""}"
1770990679,2026-02-14T02:01:45.898776,0x0fea3cb013ce11486a6c3b413acc6648831d15b896482d50e73cecd58a7e01b9:1770990679,572469,18289842382539867639079362738467334752951741961393928566628307174343542320349,SELL,0.05,140.66,7.033,0x0fea3cb013ce11486a6c3b413acc6648831d15b896482d50e73cecd58a7e01b9,"{""proxyWallet"": ""0x11e3ec15545c6efeac1a85ca7b35ea5534cca727"", ""side"": ""SELL"", ""asset"": ""18289842382539867639079362738467334752951741961393928566628307174343542320349"", ""conditionId"": ""0x61b66d02793b4a68ab0cc25be60d65f517fe18c7d654041281bb130341244fcc"", ""size"": 140.66, ""price"": 0.05, ""timestamp"": 1770990679, ""title"": ""Will Trump nominate Kevin Warsh as the next Fed chair?"", ""slug"": ""will-trump-nominate-kevin-warsh-as-the-next-fed-chair"", ""icon"": ""https://polymarket-upload.s3.us-east-2.amazonaws.com/will-trump-nominate-kevin-warsh-as-the-next-fed-chair-Bc-vVyyVjhsS.jpg"", ""eventSlug"": ""who-will-trump-nominate-as-fed-chair"", ""outcome"": ""No"", ""outcomeIndex"": 1, ""name"": ""EVProphet"", ""pseudonym"": ""Lone-Circle"", ""bio"": ""extract, realize, repeat"", ""profileImage"": ""https://polymarket-upload.s3.us-east-2.amazonaws.com/profile-image-3808412-e8c4301a-835a-452d-bb67-2c4e7c55ece6.gif"", ""profileImageOptimized"": """", ""transactionHash"": ""0x0fea3cb013ce11486a6c3b413acc6648831d15b896482d50e73cecd58a7e01b9""}"
1770990213,2026-02-14T02:01:45.898799,0x4a04599dc2b11b78c461ed9d8bf6ddcd4b8f4faba2df04ca863b6d55d26402e6:1770990213,572469,18289842382539867639079362738467334752951741961393928566628307174343542320349,SELL,0.05,17.01,0.8505000000000001,0x4a04599dc2b11b78c461ed9d8bf6ddcd4b8f4faba2df04ca863b6d55d26402e6,"{""proxyWallet"": ""0xef262802721499561246532bac3c607511e7e6cf"", ""side"": ""SELL"", ""asset"": ""18289842382539867639079362738467334752951741961393928566628307174343542320349"", ""conditionId"": ""0x61b66d02793b4a68ab0cc25be60d65f517fe18c7d654041281bb130341244fcc"", ""size"": 17.01, ""price"": 0.05, ""timestamp"": 1770990213, ""title"": ""Will Trump nominate Kevin Warsh as the next Fed chair?"", ""slug"": ""will-trump-nominate-kevin-warsh-as-the-next-fed-chair"", ""icon"": ""https://polymarket-upload.s3.us-east-2.amazonaws.com/will-trump-nominate-kevin-warsh-as-the-next-fed-chair-Bc-vVyyVjhsS.jpg"", ""eventSlug"": ""who-will-trump-nominate-as-fed-chair"", ""outcome"": ""No"", ""outcomeIndex"": 1, ""name"": ""ayles1"", ""pseudonym"": ""Cruel-Oats"", ""bio"": """", ""profileImage"": """", ""profileImageOptimized"": """", ""transactionHash"": ""0x4a04599dc2b11b78c461ed9d8bf6ddcd4b8f4faba2df04ca863b6d55d26402e6""}"
1770989665,2026-02-14T02:01:45.898828,0x9227ce229ff7bf2a745b874b3c20274d96df9b343cca499517043f05249b56c2:1770989665,572469,18289842382539867639079362738467334752951741961393928566628307174343542320349,SELL,0.05,166.66,8.333,0x9227ce229ff7bf2a745b874b3c20274d96df9b343cca499517043f05249b56c2,"{""proxyWallet"": ""0xfe908c13210598b13c345e5e22b2af77b8aebbaa"", ""side"": ""SELL"", ""asset"": ""18289842382539867639079362738467334752951741961393928566628307174343542320349"", ""conditionId"": ""0x61b66d02793b4a68ab0cc25be60d65f517fe18c7d654041281bb130341244fcc"", ""size"": 166.66, ""price"": 0.05, ""timestamp"": 1770989665, ""title"": ""Will Trump nominate Kevin Warsh as the next Fed chair?"", ""slug"": ""will-trump-nominate-kevin-warsh-as-the-next-fed-chair"", ""icon"": ""https://polymarket-upload.s3.us-east-2.amazonaws.com/will-trump-nominate-kevin-warsh-as-the-next-fed-chair-Bc-vVyyVjhsS.jpg"", ""eventSlug"": ""who-will-trump-nominate-as-fed-chair"", ""outcome"": ""No"", ""outcomeIndex"": 1, ""name"": ""StFredo"", ""pseudonym"": ""Pricey-Cable"", ""bio"": """", ""profileImage"": """", ""profileImageOptimized"": """", ""transactionHash"": ""0x9227ce229ff7bf2a745b874b3c20274d96df9b343cca499517043f05249b56c2""}"
1770989419,2026-02-14T02:01:45.898851,0x6c42ae186dd8aaa0e80c5cea3b67741bc6d41678456a6bd9b9b76cd64ae38fda:1770989419,572469,18289842382539867639079362738467334752951741961393928566628307174343542320349,SELL,0.05,36.38,1.8190000000000002,0x6c42ae186dd8aaa0e80c5cea3b67741bc6d41678456a6bd9b9b76cd64ae38fda,"{""proxyWallet"": ""0xfa6c39226b24ca5e6646f68d37abb1ec21a6a67d"", ""side"": ""SELL"", ""asset"": ""18289842382539867639079362738467334752951741961393928566628307174343542320349"", ""conditionId"": ""0x61b66d02793b4a68ab0cc25be60d65f517fe18c7d654041281bb130341244fcc"", ""size"": 36.38, ""price"": 0.05, ""timestamp"": 1770989419, ""title"": ""Will Trump nominate Kevin Warsh as the next Fed chair?"", ""slug"": ""will-trump-nominate-kevin-warsh-as-the-next-fed-chair"", ""icon"": ""https://polymarket-upload.s3.us-east-2.amazonaws.com/will-trump-nominate-kevin-warsh-as-the-next-fed-chair-Bc-vVyyVjhsS.jpg"", ""eventSlug"": ""who-will-trump-nominate-as-fed-chair"", ""outcome"": ""No"", ""outcomeIndex"": 1, ""name"": """", ""pseudonym"": """", ""bio"": """", ""profileImage"": """", ""profileImageOptimized"": """", ""transactionHash"": ""0x6c42ae186dd8aaa0e80c5cea3b67741bc6d41678456a6bd9b9b76cd64ae38fda""}"
1770989103,2026-02-14T02:01:45.898875,0x89e6a962a0411ccfce8bcb9163316e80f88a36cc6980dafb3308379df2969a65:1770989103,572469,18289842382539867639079362738467334752951741961393928566628307174343542320349,BUY,0.05099999767694999,392.156861,19.999999,0x89e6a962a0411ccfce8bcb9163316e80f88a36cc6980dafb3308379df2969a65,"{""proxyWallet"": ""0x9fb66c639b95e83d1690dcdf523f721080deac56"", ""side"": ""BUY"", ""asset"": ""18289842382539867639079362738467334752951741961393928566628307174343542320349"", ""conditionId"": ""0x61b66d02793b4a68ab0cc25be60d65f517fe18c7d654041281bb130341244fcc"", ""size"": 392.156861, ""price"": 0.05099999767694999, ""timestamp"": 1770989103, ""title"": ""Will Trump nominate Kevin Warsh as the next Fed chair?"", ""slug"": ""will-trump-nominate-kevin-warsh-as-the-next-fed-chair"", ""icon"": ""https://polymarket-upload.s3.us-east-2.amazonaws.com/will-trump-nominate-kevin-warsh-as-the-next-fed-chair-Bc-vVyyVjhsS.jpg"", ""eventSlug"": ""who-will-trump-nominate-as-fed-chair"", ""outcome"": ""No"", ""outcomeIndex"": 1, ""name"": ""strand0m"", ""pseudonym"": ""Simple-Netbook"", ""bio"": """", ""profileImage"": """", ""profileImageOptimized"": """", ""transactionHash"": ""0x89e6a962a0411ccfce8bcb9163316e80f88a36cc6980dafb3308379df2969a65""}"
1770988525,2026-02-14T02:01:45.898903,0x6ad1860ddc8cd87ef14e6b32a8e27f8f22c5cd4e59ddd92bf75723604debde1b:1770988525,572469,18289842382539867639079362738467334752951741961393928566628307174343542320349,BUY,0.05,100.0,5.0,0x6ad1860ddc8cd87ef14e6b32a8e27f8f22c5cd4e59ddd92bf75723604debde1b,"{""proxyWallet"": ""0xca8f0374e3fc79b485499cc0b038d4f7e783d963"", ""side"": ""BUY"", ""asset"": ""18289842382539867639079362738467334752951741961393928566628307174343542320349"", ""conditionId"": ""0x61b66d02793b4a68ab0cc25be60d65f517fe18c7d654041281bb130341244fcc"", ""size"": 100, ""price"": 0.05, ""timestamp"": 1770988525, ""title"": ""Will Trump nominate Kevin Warsh as the next Fed chair?"", ""slug"": ""will-trump-nominate-kevin-warsh-as-the-next-fed-chair"", ""icon"": ""https://polymarket-upload.s3.us-east-2.amazonaws.com/will-trump-nominate-kevin-warsh-as-the-next-fed-chair-Bc-vVyyVjhsS.jpg"", ""eventSlug"": ""who-will-trump-nominate-as-fed-chair"", ""outcome"": ""No"", ""outcomeIndex"": 1, ""name"": ""ScottVan"", ""pseudonym"": ""Quirky-Jackfruit"", ""bio"": ""Xiao hong shu: Scott Van"", ""profileImage"": ""https://polymarket-upload.s3.us-east-2.amazonaws.com/pexels_mnannapaneni_28891953_0d0aab77-e6a2-4288-9554-65e8d94404dc_1734553189528.jpg"", ""profileImageOptimized"": """", ""transactionHash"": ""0x6ad1860ddc8cd87ef14e6b32a8e27f8f22c5cd4e59ddd92bf75723604debde1b""}"
1770988455,2026-02-14T02:01:45.898937,0xfde0d2ec3dfb4652117feaafe0b22613d8dd2d11796fa4de0d3b2e4642ace954:1770988455,572469,18289842382539867639079362738467334752951741961393928566628307174343542320349,SELL,0.049,1609.77,78.87873,0xfde0d2ec3dfb4652117feaafe0b22613d8dd2d11796fa4de0d3b2e4642ace954,"{""proxyWallet"": ""0xdbed0330711fb67475034e2f7ba6dd2d200b133f"", ""side"": ""SELL"", ""asset"": ""18289842382539867639079362738467334752951741961393928566628307174343542320349"", ""conditionId"": ""0x61b66d02793b4a68ab0cc25be60d65f517fe18c7d654041281bb130341244fcc"", ""size"": 1609.77, ""price"": 0.049, ""timestamp"": 1770988455, ""title"": ""Will Trump nominate Kevin Warsh as the next Fed chair?"", ""slug"": ""will-trump-nominate-kevin-warsh-as-the-next-fed-chair"", ""icon"": ""https://polymarket-upload.s3.us-east-2.amazonaws.com/will-trump-nominate-kevin-warsh-as-the-next-fed-chair-Bc-vVyyVjhsS.jpg"", ""eventSlug"": ""who-will-trump-nominate-as-fed-chair"", ""outcome"": ""No"", ""outcomeIndex"": 1, ""name"": ""dna1234"", ""pseudonym"": ""Immaculate-Decimal"", ""bio"": """", ""profileImage"": """", ""profileImageOptimized"": """", ""transactionHash"": ""0xfde0d2ec3dfb4652117feaafe0b22613d8dd2d11796fa4de0d3b2e4642ace954""}"
1770988361,2026-02-14T02:01:45.898960,0x4a290072b2e759a7578bc6619f7706582982ba2c5fd05d0e77d98ed8ff5a327c:1770988361,572469,18289842382539867639079362738467334752951741961393928566628307174343542320349,SELL,0.049,625.0,30.625,0x4a290072b2e759a7578bc6619f7706582982ba2c5fd05d0e77d98ed8ff5a327c,"{""proxyWallet"": ""0xedefa2bbb4d74a892a7d0e78c19f46c78b914ee4"", ""side"": ""SELL"", ""asset"": ""18289842382539867639079362738467334752951741961393928566628307174343542320349"", ""conditionId"": ""0x61b66d02793b4a68ab0cc25be60d65f517fe18c7d654041281bb130341244fcc"", ""size"": 625, ""price"": 0.049, ""timestamp"": 1770988361, ""title"": ""Will Trump nominate Kevin Warsh as the next Fed chair?"", ""slug"": ""will-trump-nominate-kevin-warsh-as-the-next-fed-chair"", ""icon"": ""https://polymarket-upload.s3.us-east-2.amazonaws.com/will-trump-nominate-kevin-warsh-as-the-next-fed-chair-Bc-vVyyVjhsS.jpg"", ""eventSlug"": ""who-will-trump-nominate-as-fed-chair"", ""outcome"": ""No"", ""outcomeIndex"": 1, ""name"": ""geNaL"", ""pseudonym"": ""Burdensome-Excerpt"", ""bio"": """", ""profileImage"": """", ""profileImageOptimized"": """", ""transactionHash"": ""0x4a290072b2e759a7578bc6619f7706582982ba2c5fd05d0e77d98ed8ff5a327c""}"
1770987969,2026-02-14T02:01:45.898982,0xf71126bc0e3821ec09d528138dae56e1fd07dbf8350e4e2518a095cd48a67fb6:1770987969,572469,18289842382539867639079362738467334752951741961393928566628307174343542320349,SELL,0.0508616940303298,3271.37,166.38742,0xf71126bc0e3821ec09d528138dae56e1fd07dbf8350e4e2518a095cd48a67fb6,"{""proxyWallet"": ""0x7c9fe8643bafcb41dcc81afeaadf8cdb896ad56e"", ""side"": ""SELL"", ""asset"": ""18289842382539867639079362738467334752951741961393928566628307174343542320349"", ""conditionId"": ""0x61b66d02793b4a68ab0cc25be60d65f517fe18c7d654041281bb130341244fcc"", ""size"": 3271.37, ""price"": 0.0508616940303298, ""timestamp"": 1770987969, ""title"": ""Will Trump nominate Kevin Warsh as the next Fed chair?"", ""slug"": ""will-trump-nominate-kevin-warsh-as-the-next-fed-chair"", ""icon"": ""https://polymarket-upload.s3.us-east-2.amazonaws.com/will-trump-nominate-kevin-warsh-as-the-next-fed-chair-Bc-vVyyVjhsS.jpg"", ""eventSlug"": ""who-will-trump-nominate-as-fed-chair"", ""outcome"": ""No"", ""outcomeIndex"": 1, ""name"": """", ""pseudonym"": """", ""bio"": """", ""profileImage"": """", ""profileImageOptimized"": """", ""transactionHash"": ""0xf71126bc0e3821ec09d528138dae56e1fd07dbf8350e4e2518a095cd48a67fb6""}"
1770987747,2026-02-14T02:01:45.899007,0xf28edeab5f310f4a8f01d2bed494b17ee289eb24d609465383dbf15c4653acd4:1770987747,572469,18289842382539867639079362738467334752951741961393928566628307174343542320349,BUY,0.054,20.0,1.08,0xf28edeab5f310f4a8f01d2bed494b17ee289eb24d609465383dbf15c4653acd4,"{""proxyWallet"": ""0xe91bfa7db9e530e66a055809702829141f9f4f0c"", ""side"": ""BUY"", ""asset"": ""18289842382539867639079362738467334752951741961393928566628307174343542320349"", ""conditionId"": ""0x61b66d02793b4a68ab0cc25be60d65f517fe18c7d654041281bb130341244fcc"", ""size"": 20, ""price"": 0.054, ""timestamp"": 1770987747, ""title"": ""Will Trump nominate Kevin Warsh as the next Fed chair?"", ""slug"": ""will-trump-nominate-kevin-warsh-as-the-next-fed-chair"", ""icon"": ""https://polymarket-upload.s3.us-east-2.amazonaws.com/will-trump-nominate-kevin-warsh-as-the-next-fed-chair-Bc-vVyyVjhsS.jpg"", ""eventSlug"": ""who-will-trump-nominate-as-fed-chair"", ""outcome"": ""No"", ""outcomeIndex"": 1, ""name"": ""whitef0x"", ""pseudonym"": ""Ragged-Bid"", ""bio"": """", ""profileImage"": """", ""profileImageOptimized"": """", ""transactionHash"": ""0xf28edeab5f310f4a8f01d2bed494b17ee289eb24d609465383dbf15c4653acd4""}"
1770987567,2026-02-14T02:01:45.899030,0x92043a55aa7ab067cc74e3adfd14ae16088eee53996f4da08697922924e863d9:1770987567,572469,18289842382539867639079362738467334752951741961393928566628307174343542320349,SELL,0.052,10.0,0.52,0x92043a55aa7ab067cc74e3adfd14ae16088eee53996f4da08697922924e863d9,"{""proxyWallet"": ""0xb4e586443a3464cd8a05940529cd06180f89b608"", ""side"": ""SELL"", ""asset"": ""18289842382539867639079362738467334752951741961393928566628307174343542320349"", ""conditionId"": ""0x61b66d02793b4a68ab0cc25be60d65f517fe18c7d654041281bb130341244fcc"", ""size"": 10, ""price"": 0.052, ""timestamp"": 1770987567, ""title"": ""Will Trump nominate Kevin Warsh as the next Fed chair?"", ""slug"": ""will-trump-nominate-kevin-warsh-as-the-next-fed-chair"", ""icon"": ""https://polymarket-upload.s3.us-east-2.amazonaws.com/will-trump-nominate-kevin-warsh-as-the-next-fed-chair-Bc-vVyyVjhsS.jpg"", ""eventSlug"": ""who-will-trump-nominate-as-fed-chair"", ""outcome"": ""No"", ""outcomeIndex"": 1, ""name"": ""0xB4e586443a3464cD8a05940529cD06180F89b608-1770966556258"", ""pseudonym"": ""Glistening-Enigma"", ""bio"": """", ""profileImage"": """", ""profileImageOptimized"": """", ""transactionHash"": ""0x92043a55aa7ab067cc74e3adfd14ae16088eee53996f4da08697922924e863d9""}"
1770987469,2026-02-14T02:01:45.899048,0xe53dca0a4319bd7a6582451a0125da08938bd2725e5785a087f69d14842dd990:1770987469,572469,18289842382539867639079362738467334752951741961393928566628307174343542320349,SELL,0.052,25.0,1.3,0xe53dca0a4319bd7a6582451a0125da08938bd2725e5785a087f69d14842dd990,"{""proxyWallet"": ""0xecd1fe0038002c5055945f82a42cb1605ad22b46"", ""side"": ""SELL"", ""asset"": ""18289842382539867639079362738467334752951741961393928566628307174343542320349"", ""conditionId"": ""0x61b66d02793b4a68ab0cc25be60d65f517fe18c7d654041281bb130341244fcc"", ""size"": 25, ""price"": 0.052, ""timestamp"": 1770987469, ""title"": ""Will Trump nominate Kevin Warsh as the next Fed chair?"", ""slug"": ""will-trump-nominate-kevin-warsh-as-the-next-fed-chair"", ""icon"": ""https://polymarket-upload.s3.us-east-2.amazonaws.com/will-trump-nominate-kevin-warsh-as-the-next-fed-chair-Bc-vVyyVjhsS.jpg"", ""eventSlug"": ""who-will-trump-nominate-as-fed-chair"", ""outcome"": ""No"", ""outcomeIndex"": 1, ""name"": ""MasterMind15"", ""pseudonym"": ""Impassioned-Dud"", ""bio"": """", ""profileImage"": """", ""profileImageOptimized"": """", ""transactionHash"": ""0xe53dca0a4319bd7a6582451a0125da08938bd2725e5785a087f69d14842dd990""}"
1770987469,2026-02-14T02:01:45.899067,0x36e356dc83cae849be6fa8404b2eb76d37d26d0d8b2524f82022fa4a9b23fa1f:1770987469,572469,18289842382539867639079362738467334752951741961393928566628307174343542320349,SELL,0.052,25.0,1.3,0x36e356dc83cae849be6fa8404b2eb76d37d26d0d8b2524f82022fa4a9b23fa1f,"{""proxyWallet"": ""0x66e1200b5feb64d6c8fd3a3da8e12ad4e0ff5aef"", ""side"": ""SELL"", ""asset"": ""18289842382539867639079362738467334752951741961393928566628307174343542320349"", ""conditionId"": ""0x61b66d02793b4a68ab0cc25be60d65f517fe18c7d654041281bb130341244fcc"", ""size"": 25, ""price"": 0.052, ""timestamp"": 1770987469, ""title"": ""Will Trump nominate Kevin Warsh as the next Fed chair?"", ""slug"": ""will-trump-nominate-kevin-warsh-as-the-next-fed-chair"", ""icon"": ""https://polymarket-upload.s3.us-east-2.amazonaws.com/will-trump-nominate-kevin-warsh-as-the-next-fed-chair-Bc-vVyyVjhsS.jpg"", ""eventSlug"": ""who-will-trump-nominate-as-fed-chair"", ""outcome"": ""No"", ""outcomeIndex"": 1, ""name"": ""YAQI356"", ""pseudonym"": ""Mountainous-Boulder"", ""bio"": """", ""profileImage"": """", ""profileImageOptimized"": """", ""transactionHash"": ""0x36e356dc83cae849be6fa8404b2eb76d37d26d0d8b2524f82022fa4a9b23fa1f""}"
1770987469,2026-02-14T02:01:45.899084,0xaf6910eb2f3769d72337807bd2af1ab1d6a18435c2eef9be0f3e08ffaf40cb78:1770987469,572469,18289842382539867639079362738467334752951741961393928566628307174343542320349,BUY,0.05596268807656986,268.035713,14.999998999999999,0xaf6910eb2f3769d72337807bd2af1ab1d6a18435c2eef9be0f3e08ffaf40cb78,"{""proxyWallet"": ""0x9853151285e9c09a4bc72a461372500666dde86a"", ""side"": ""BUY"", ""asset"": ""18289842382539867639079362738467334752951741961393928566628307174343542320349"", ""conditionId"": ""0x61b66d02793b4a68ab0cc25be60d65f517fe18c7d654041281bb130341244fcc"", ""size"": 268.035713, ""price"": 0.05596268807656986, ""timestamp"": 1770987469, ""title"": ""Will Trump nominate Kevin Warsh as the next Fed chair?"", ""slug"": ""will-trump-nominate-kevin-warsh-as-the-next-fed-chair"", ""icon"": ""https://polymarket-upload.s3.us-east-2.amazonaws.com/will-trump-nominate-kevin-warsh-as-the-next-fed-chair-Bc-vVyyVjhsS.jpg"", ""eventSlug"": ""who-will-trump-nominate-as-fed-chair"", ""outcome"": ""No"", ""outcomeIndex"": 1, ""name"": ""TiagoPinto"", ""pseudonym"": ""Tart-Crewmen"", ""bio"": """", ""profileImage"": """", ""profileImageOptimized"": """", ""transactionHash"": ""0xaf6910eb2f3769d72337807bd2af1ab1d6a18435c2eef9be0f3e08ffaf40cb78""}"
1770987361,2026-02-14T02:01:45.899105,0x8c850250306fb8313b38e5b519806c85f79298bb23c6643adffdc8c665be8394:1770987361,572469,18289842382539867639079362738467334752951741961393928566628307174343542320349,SELL,0.052,50.0,2.6,0x8c850250306fb8313b38e5b519806c85f79298bb23c6643adffdc8c665be8394,"{""proxyWallet"": ""0xca8f0374e3fc79b485499cc0b038d4f7e783d963"", ""side"": ""SELL"", ""asset"": ""18289842382539867639079362738467334752951741961393928566628307174343542320349"", ""conditionId"": ""0x61b66d02793b4a68ab0cc25be60d65f517fe18c7d654041281bb130341244fcc"", ""size"": 50, ""price"": 0.052, ""timestamp"": 1770987361, ""title"": ""Will Trump nominate Kevin Warsh as the next Fed chair?"", ""slug"": ""will-trump-nominate-kevin-warsh-as-the-next-fed-chair"", ""icon"": ""https://polymarket-upload.s3.us-east-2.amazonaws.com/will-trump-nominate-kevin-warsh-as-the-next-fed-chair-Bc-vVyyVjhsS.jpg"", ""eventSlug"": ""who-will-trump-nominate-as-fed-chair"", ""outcome"": ""No"", ""outcomeIndex"": 1, ""name"": ""ScottVan"", ""pseudonym"": ""Quirky-Jackfruit"", ""bio"": ""Xiao hong shu: Scott Van"", ""profileImage"": ""https://polymarket-upload.s3.us-east-2.amazonaws.com/pexels_mnannapaneni_28891953_0d0aab77-e6a2-4288-9554-65e8d94404dc_1734553189528.jpg"", ""profileImageOptimized"": """", ""transactionHash"": ""0x8c850250306fb8313b38e5b519806c85f79298bb23c6643adffdc8c665be8394""}"
1770987351,2026-02-14T02:01:45.899123,0x9a1adf6a3caa3dc72266432d47f5e1aa28062fc4ea2ef00d06df11ad7abb4c9c:1770987351,572469,18289842382539867639079362738467334752951741961393928566628307174343542320349,SELL,0.05018033030941896,4164.58,208.98,0x9a1adf6a3caa3dc72266432d47f5e1aa28062fc4ea2ef00d06df11ad7abb4c9c,"{""proxyWallet"": ""0xc8d995fd73efeaa0371dfb3018fb181faa559085"", ""side"": ""SELL"", ""asset"": ""18289842382539867639079362738467334752951741961393928566628307174343542320349"", ""conditionId"": ""0x61b66d02793b4a68ab0cc25be60d65f517fe18c7d654041281bb130341244fcc"", ""size"": 4164.58, ""price"": 0.05018033030941896, ""timestamp"": 1770987351, ""title"": ""Will Trump nominate Kevin Warsh as the next Fed chair?"", ""slug"": ""will-trump-nominate-kevin-warsh-as-the-next-fed-chair"", ""icon"": ""https://polymarket-upload.s3.us-east-2.amazonaws.com/will-trump-nominate-kevin-warsh-as-the-next-fed-chair-Bc-vVyyVjhsS.jpg"", ""eventSlug"": ""who-will-trump-nominate-as-fed-chair"", ""outcome"": ""No"", ""outcomeIndex"": 1, ""name"": ""mossom"", ""pseudonym"": ""Peppery-Monger"", ""bio"": """", ""profileImage"": """", ""profileImageOptimized"": """", ""transactionHash"": ""0x9a1adf6a3caa3dc72266432d47f5e1aa28062fc4ea2ef00d06df11ad7abb4c9c""}"
1770987311,2026-02-14T02:01:45.899140,0x38e4495b3bd6e11a387a9df813e6b8188d911047112374e35202f1b582ef49d0:1770987311,572469,18289842382539867639079362738467334752951741961393928566628307174343542320349,SELL,0.050302096551724136,2900.0,145.87608,0x38e4495b3bd6e11a387a9df813e6b8188d911047112374e35202f1b582ef49d0,"{""proxyWallet"": ""0xd70cc69ff197da38d6ecf29e4b84b6ccce18b6ea"", ""side"": ""SELL"", ""asset"": ""18289842382539867639079362738467334752951741961393928566628307174343542320349"", ""conditionId"": ""0x61b66d02793b4a68ab0cc25be60d65f517fe18c7d654041281bb130341244fcc"", ""size"": 2900, ""price"": 0.050302096551724136, ""timestamp"": 1770987311, ""title"": ""Will Trump nominate Kevin Warsh as the next Fed chair?"", ""slug"": ""will-trump-nominate-kevin-warsh-as-the-next-fed-chair"", ""icon"": ""https://polymarket-upload.s3.us-east-2.amazonaws.com/will-trump-nominate-kevin-warsh-as-the-next-fed-chair-Bc-vVyyVjhsS.jpg"", ""eventSlug"": ""who-will-trump-nominate-as-fed-chair"", ""outcome"": ""No"", ""outcomeIndex"": 1, ""name"": ""Nobleees"", ""pseudonym"": ""Dimpled-Labor"", ""bio"": """", ""profileImage"": """", ""profileImageOptimized"": """", ""transactionHash"": ""0x38e4495b3bd6e11a387a9df813e6b8188d911047112374e35202f1b582ef49d0""}"
1770987311,2026-02-14T02:01:45.899157,0x20c70b355184440ddb1d7fb3c01d34c4614c85f5d20cbd301572acb3dbe1a6f8:1770987311,572469,18289842382539867639079362738467334752951741961393928566628307174343542320349,BUY,0.054,34.0,1.836,0x20c70b355184440ddb1d7fb3c01d34c4614c85f5d20cbd301572acb3dbe1a6f8,"{""proxyWallet"": ""0xfd44f1a088085cef573246c20704770f55a1176e"", ""side"": ""BUY"", ""asset"": ""18289842382539867639079362738467334752951741961393928566628307174343542320349"", ""conditionId"": ""0x61b66d02793b4a68ab0cc25be60d65f517fe18c7d654041281bb130341244fcc"", ""size"": 34, ""price"": 0.054, ""timestamp"": 1770987311, ""title"": ""Will Trump nominate Kevin Warsh as the next Fed chair?"", ""slug"": ""will-trump-nominate-kevin-warsh-as-the-next-fed-chair"", ""icon"": ""https://polymarket-upload.s3.us-east-2.amazonaws.com/will-trump-nominate-kevin-warsh-as-the-next-fed-chair-Bc-vVyyVjhsS.jpg"", ""eventSlug"": ""who-will-trump-nominate-as-fed-chair"", ""outcome"": ""No"", ""outcomeIndex"": 1, ""name"": """", ""pseudonym"": """", ""bio"": """", ""profileImage"": """", ""profileImageOptimized"": """", ""transactionHash"": ""0x20c70b355184440ddb1d7fb3c01d34c4614c85f5d20cbd301572acb3dbe1a6f8""}"
1770987103,2026-02-14T02:01:45.899177,0x245ae6e458fb39b3f4054ba539925867661a8e6ba810bb7bc636b080cb8c90c8:1770987103,572469,18289842382539867639079362738467334752951741961393928566628307174343542320349,SELL,0.052,70.0,3.6399999999999997,0x245ae6e458fb39b3f4054ba539925867661a8e6ba810bb7bc636b080cb8c90c8,"{""proxyWallet"": ""0xa376aa0b156bf746bf28ccf16f70065678c01699"", ""side"": ""SELL"", ""asset"": ""18289842382539867639079362738467334752951741961393928566628307174343542320349"", ""conditionId"": ""0x61b66d02793b4a68ab0cc25be60d65f517fe18c7d654041281bb130341244fcc"", ""size"": 70, ""price"": 0.052, ""timestamp"": 1770987103, ""title"": ""Will Trump nominate Kevin Warsh as the next Fed chair?"", ""slug"": ""will-trump-nominate-kevin-warsh-as-the-next-fed-chair"", ""icon"": ""https://polymarket-upload.s3.us-east-2.amazonaws.com/will-trump-nominate-kevin-warsh-as-the-next-fed-chair-Bc-vVyyVjhsS.jpg"", ""eventSlug"": ""who-will-trump-nominate-as-fed-chair"", ""outcome"": ""No"", ""outcomeIndex"": 1, ""name"": """", ""pseudonym"": """", ""bio"": """", ""profileImage"": """", ""profileImageOptimized"": """", ""transactionHash"": ""0x245ae6e458fb39b3f4054ba539925867661a8e6ba810bb7bc636b080cb8c90c8""}"
1770987043,2026-02-14T02:01:45.899196,0xa3ce3c18dc2fedac732ee27b9b2ddee0861dd44e4fd48dab4f28b63f6ac47b86:1770987043,572469,18289842382539867639079362738467334752951741961393928566628307174343542320349,SELL,0.051,740.42,37.761419999999994,0xa3ce3c18dc2fedac732ee27b9b2ddee0861dd44e4fd48dab4f28b63f6ac47b86,"{""proxyWallet"": ""0xe85d3307b17e5b45aef83c38f9ad86b820952b16"", ""side"": ""SELL"", ""asset"": ""18289842382539867639079362738467334752951741961393928566628307174343542320349"", ""conditionId"": ""0x61b66d02793b4a68ab0cc25be60d65f517fe18c7d654041281bb130341244fcc"", ""size"": 740.42, ""price"": 0.051, ""timestamp"": 1770987043, ""title"": ""Will Trump nominate Kevin Warsh as the next Fed chair?"", ""slug"": ""will-trump-nominate-kevin-warsh-as-the-next-fed-chair"", ""icon"": ""https://polymarket-upload.s3.us-east-2.amazonaws.com/will-trump-nominate-kevin-warsh-as-the-next-fed-chair-Bc-vVyyVjhsS.jpg"", ""eventSlug"": ""who-will-trump-nominate-as-fed-chair"", ""outcome"": ""No"", ""outcomeIndex"": 1, ""name"": ""sanuk"", ""pseudonym"": ""Heartfelt-Chitchat"", ""bio"": """", ""profileImage"": """", ""profileImageOptimized"": """", ""transactionHash"": ""0xa3ce3c18dc2fedac732ee27b9b2ddee0861dd44e4fd48dab4f28b63f6ac47b86""}"
1770986973,2026-02-14T02:01:45.899216,0xda9a9f7380f8bbf559dc5adef1922b6a4389c3a7ec636db7a7475976bf9945dc:1770986973,572469,18289842382539867639079362738467334752951741961393928566628307174343542320349,BUY,0.052,106.68,5.54736,0xda9a9f7380f8bbf559dc5adef1922b6a4389c3a7ec636db7a7475976bf9945dc,"{""proxyWallet"": ""0x30cecdf29f069563ea21b8ae94492e41e53a6b2b"", ""side"": ""BUY"", ""asset"": ""18289842382539867639079362738467334752951741961393928566628307174343542320349"", ""conditionId"": ""0x61b66d02793b4a68ab0cc25be60d65f517fe18c7d654041281bb130341244fcc"", ""size"": 106.68, ""price"": 0.052, ""timestamp"": 1770986973, ""title"": ""Will Trump nominate Kevin Warsh as the next Fed chair?"", ""slug"": ""will-trump-nominate-kevin-warsh-as-the-next-fed-chair"", ""icon"": ""https://polymarket-upload.s3.us-east-2.amazonaws.com/will-trump-nominate-kevin-warsh-as-the-next-fed-chair-Bc-vVyyVjhsS.jpg"", ""eventSlug"": ""who-will-trump-nominate-as-fed-chair"", ""outcome"": ""No"", ""outcomeIndex"": 1, ""name"": ""ZXWP"", ""pseudonym"": ""Well-Documented-Hit"", ""bio"": """", ""profileImage"": """", ""profileImageOptimized"": """", ""transactionHash"": ""0xda9a9f7380f8bbf559dc5adef1922b6a4389c3a7ec636db7a7475976bf9945dc""}"
1770986971,2026-02-14T02:01:45.899235,0x46cbf04913ec23ea974816e7bb0bf8a6c88434b557566bbf435e9b6d0ddad08e:1770986971,572469,18289842382539867639079362738467334752951741961393928566628307174343542320349,BUY,0.052,257.0,13.363999999999999,0x46cbf04913ec23ea974816e7bb0bf8a6c88434b557566bbf435e9b6d0ddad08e,"{""proxyWallet"": ""0x6c979ffcc3528a5d2395a2f7c89135711da0988c"", ""side"": ""BUY"", ""asset"": ""18289842382539867639079362738467334752951741961393928566628307174343542320349"", ""conditionId"": ""0x61b66d02793b4a68ab0cc25be60d65f517fe18c7d654041281bb130341244fcc"", ""size"": 257, ""price"": 0.052, ""timestamp"": 1770986971, ""title"": ""Will Trump nominate Kevin Warsh as the next Fed chair?"", ""slug"": ""will-trump-nominate-kevin-warsh-as-the-next-fed-chair"", ""icon"": ""https://polymarket-upload.s3.us-east-2.amazonaws.com/will-trump-nominate-kevin-warsh-as-the-next-fed-chair-Bc-vVyyVjhsS.jpg"", ""eventSlug"": ""who-will-trump-nominate-as-fed-chair"", ""outcome"": ""No"", ""outcomeIndex"": 1, ""name"": ""7G-MAN"", ""pseudonym"": ""Zigzag-Message"", ""bio"": ""LOL, Fake profit."", ""profileImage"": """", ""profileImageOptimized"": """", ""transactionHash"": ""0x46cbf04913ec23ea974816e7bb0bf8a6c88434b557566bbf435e9b6d0ddad08e""}"
1770986965,2026-02-14T02:01:45.899253,0xc2e10d09f6f6e00c732127c718426ae87d38af337bf1dcb30d54b9fb196f05f9:1770986965,572469,18289842382539867639079362738467334752951741961393928566628307174343542320349,BUY,0.052,367.0,19.084,0xc2e10d09f6f6e00c732127c718426ae87d38af337bf1dcb30d54b9fb196f05f9,"{""proxyWallet"": ""0x6c979ffcc3528a5d2395a2f7c89135711da0988c"", ""side"": ""BUY"", ""asset"": ""18289842382539867639079362738467334752951741961393928566628307174343542320349"", ""conditionId"": ""0x61b66d02793b4a68ab0cc25be60d65f517fe18c7d654041281bb130341244fcc"", ""size"": 367, ""price"": 0.052, ""timestamp"": 1770986965, ""title"": ""Will Trump nominate Kevin Warsh as the next Fed chair?"", ""slug"": ""will-trump-nominate-kevin-warsh-as-the-next-fed-chair"", ""icon"": ""https://polymarket-upload.s3.us-east-2.amazonaws.com/will-trump-nominate-kevin-warsh-as-the-next-fed-chair-Bc-vVyyVjhsS.jpg"", ""eventSlug"": ""who-will-trump-nominate-as-fed-chair"", ""outcome"": ""No"", ""outcomeIndex"": 1, ""name"": ""7G-MAN"", ""pseudonym"": ""Zigzag-Message"", ""bio"": ""LOL, Fake profit."", ""profileImage"": """", ""profileImageOptimized"": """", ""transactionHash"": ""0xc2e10d09f6f6e00c732127c718426ae87d38af337bf1dcb30d54b9fb196f05f9""}"
1770986965,2026-02-14T02:01:47.231305,0xc2e10d09f6f6e00c732127c718426ae87d38af337bf1dcb30d54b9fb196f05f9:1770986965,572469,18289842382539867639079362738467334752951741961393928566628307174343542320349,BUY,0.052,367.0,19.084,0xc2e10d09f6f6e00c732127c718426ae87d38af337bf1dcb30d54b9fb196f05f9,"{""proxyWallet"": ""0x6c979ffcc3528a5d2395a2f7c89135711da0988c"", ""side"": ""BUY"", ""asset"": ""18289842382539867639079362738467334752951741961393928566628307174343542320349"", ""conditionId"": ""0x61b66d02793b4a68ab0cc25be60d65f517fe18c7d654041281bb130341244fcc"", ""size"": 367, ""price"": 0.052, ""timestamp"": 1770986965, ""title"": ""Will Trump nominate Kevin Warsh as the next Fed chair?"", ""slug"": ""will-trump-nominate-kevin-warsh-as-the-next-fed-chair"", ""icon"": ""https://polymarket-upload.s3.us-east-2.amazonaws.com/will-trump-nominate-kevin-warsh-as-the-next-fed-chair-Bc-vVyyVjhsS.jpg"", ""eventSlug"": ""who-will-trump-nominate-as-fed-chair"", ""outcome"": ""No"", ""outcomeIndex"": 1, ""name"": ""7G-MAN"", ""pseudonym"": ""Zigzag-Message"", ""bio"": ""LOL, Fake profit."", ""profileImage"": """", ""profileImageOptimized"": """", ""transactionHash"": ""0xc2e10d09f6f6e00c732127c718426ae87d38af337bf1dcb30d54b9fb196f05f9""}"
1770986959,2026-02-14T02:01:47.231388,0x8e38fe7cbaafd415926c83f32cc5f3986e4cea368a1c0eeb708c00e3f6e4216e:1770986959,572469,18289842382539867639079362738467334752951741961393928566628307174343542320349,BUY,0.052,524.0,27.247999999999998,0x8e38fe7cbaafd415926c83f32cc5f3986e4cea368a1c0eeb708c00e3f6e4216e,"{""proxyWallet"": ""0x6c979ffcc3528a5d2395a2f7c89135711da0988c"", ""side"": ""BUY"", ""asset"": ""18289842382539867639079362738467334752951741961393928566628307174343542320349"", ""conditionId"": ""0x61b66d02793b4a68ab0cc25be60d65f517fe18c7d654041281bb130341244fcc"", ""size"": 524, ""price"": 0.052, ""timestamp"": 1770986959, ""title"": ""Will Trump nominate Kevin Warsh as the next Fed chair?"", ""slug"": ""will-trump-nominate-kevin-warsh-as-the-next-fed-chair"", ""icon"": ""https://polymarket-upload.s3.us-east-2.amazonaws.com/will-trump-nominate-kevin-warsh-as-the-next-fed-chair-Bc-vVyyVjhsS.jpg"", ""eventSlug"": ""who-will-trump-nominate-as-fed-chair"", ""outcome"": ""No"", ""outcomeIndex"": 1, ""name"": ""7G-MAN"", ""pseudonym"": ""Zigzag-Message"", ""bio"": ""LOL, Fake profit."", ""profileImage"": """", ""profileImageOptimized"": """", ""transactionHash"": ""0x8e38fe7cbaafd415926c83f32cc5f3986e4cea368a1c0eeb708c00e3f6e4216e""}"
1770986919,2026-02-14T02:01:47.231438,0x9fd7f696bc83c13115f68f26fcfd28ecdd333218cfbd3efdc7057dabb956e750:1770986919,572469,18289842382539867639079362738467334752951741961393928566628307174343542320349,BUY,0.055,72.0,3.96,0x9fd7f696bc83c13115f68f26fcfd28ecdd333218cfbd3efdc7057dabb956e750,"{""proxyWallet"": ""0xa376aa0b156bf746bf28ccf16f70065678c01699"", ""side"": ""BUY"", ""asset"": ""18289842382539867639079362738467334752951741961393928566628307174343542320349"", ""conditionId"": ""0x61b66d02793b4a68ab0cc25be60d65f517fe18c7d654041281bb130341244fcc"", ""size"": 72, ""price"": 0.055, ""timestamp"": 1770986919, ""title"": ""Will Trump nominate Kevin Warsh as the next Fed chair?"", ""slug"": ""will-trump-nominate-kevin-warsh-as-the-next-fed-chair"", ""icon"": ""https://polymarket-upload.s3.us-east-2.amazonaws.com/will-trump-nominate-kevin-warsh-as-the-next-fed-chair-Bc-vVyyVjhsS.jpg"", ""eventSlug"": ""who-will-trump-nominate-as-fed-chair"", ""outcome"": ""No"", ""outcomeIndex"": 1, ""name"": """", ""pseudonym"": """", ""bio"": """", ""profileImage"": """", ""profileImageOptimized"": """", ""transactionHash"": ""0x9fd7f696bc83c13115f68f26fcfd28ecdd333218cfbd3efdc7057dabb956e750""}"
1770986913,2026-02-14T02:01:47.231462,0xadee1e0b0cc4eb249a473badf2f80eb791898d7b44b781c617c5ed8214f7cba4:1770986913,572469,18289842382539867639079362738467334752951741961393928566628307174343542320349,BUY,0.053,476.75,25.26775,0xadee1e0b0cc4eb249a473badf2f80eb791898d7b44b781c617c5ed8214f7cba4,"{""proxyWallet"": ""0xbb39ba863319281427a482c8714ffdf69cb7ee8a"", ""side"": ""BUY"", ""asset"": ""18289842382539867639079362738467334752951741961393928566628307174343542320349"", ""conditionId"": ""0x61b66d02793b4a68ab0cc25be60d65f517fe18c7d654041281bb130341244fcc"", ""size"": 476.75, ""price"": 0.053, ""timestamp"": 1770986913, ""title"": ""Will Trump nominate Kevin Warsh as the next Fed chair?"", ""slug"": ""will-trump-nominate-kevin-warsh-as-the-next-fed-chair"", ""icon"": ""https://polymarket-upload.s3.us-east-2.amazonaws.com/will-trump-nominate-kevin-warsh-as-the-next-fed-chair-Bc-vVyyVjhsS.jpg"", ""eventSlug"": ""who-will-trump-nominate-as-fed-chair"", ""outcome"": ""No"", ""outcomeIndex"": 1, ""name"": ""ColdMarble"", ""pseudonym"": ""Decisive-Test"", ""bio"": """", ""profileImage"": ""https://polymarket-upload.s3.us-east-2.amazonaws.com/profile-image-4946133-673e025a-89c4-499e-91db-2d6d5de93653.png"", ""profileImageOptimized"": """", ""transactionHash"": ""0xadee1e0b0cc4eb249a473badf2f80eb791898d7b44b781c617c5ed8214f7cba4""}"
1770986533,2026-02-14T02:01:47.231493,0xac948187b3a0d0a701d104c801ba57ffcbc31016ef13057a64271e09b814ce48:1770986533,572469,18289842382539867639079362738467334752951741961393928566628307174343542320349,SELL,0.056,10.0,0.56,0xac948187b3a0d0a701d104c801ba57ffcbc31016ef13057a64271e09b814ce48,"{""proxyWallet"": ""0xd4d38e15d94c638d00602bd1d4d2da944bf3c5af"", ""side"": ""SELL"", ""asset"": ""18289842382539867639079362738467334752951741961393928566628307174343542320349"", ""conditionId"": ""0x61b66d02793b4a68ab0cc25be60d65f517fe18c7d654041281bb130341244fcc"", ""size"": 10, ""price"": 0.056, ""timestamp"": 1770986533, ""title"": ""Will Trump nominate Kevin Warsh as the next Fed chair?"", ""slug"": ""will-trump-nominate-kevin-warsh-as-the-next-fed-chair"", ""icon"": ""https://polymarket-upload.s3.us-east-2.amazonaws.com/will-trump-nominate-kevin-warsh-as-the-next-fed-chair-Bc-vVyyVjhsS.jpg"", ""eventSlug"": ""who-will-trump-nominate-as-fed-chair"", ""outcome"": ""No"", ""outcomeIndex"": 1, ""name"": ""Mokado"", ""pseudonym"": ""International-Rethinking"", ""bio"": """", ""profileImage"": """", ""profileImageOptimized"": """", ""transactionHash"": ""0xac948187b3a0d0a701d104c801ba57ffcbc31016ef13057a64271e09b814ce48""}"
1770986083,2026-02-14T02:01:47.231523,0xf9c3333a3340ff60a5f738566094c966f3a90a4d0deee39968624675165e1889:1770986083,572469,18289842382539867639079362738467334752951741961393928566628307174343542320349,SELL,0.056,21.73,1.21688,0xf9c3333a3340ff60a5f738566094c966f3a90a4d0deee39968624675165e1889,"{""proxyWallet"": ""0x9efd7de8b46e048c1081446ff961ed4695ad8f3c"", ""side"": ""SELL"", ""asset"": ""18289842382539867639079362738467334752951741961393928566628307174343542320349"", ""conditionId"": ""0x61b66d02793b4a68ab0cc25be60d65f517fe18c7d654041281bb130341244fcc"", ""size"": 21.73, ""price"": 0.056, ""timestamp"": 1770986083, ""title"": ""Will Trump nominate Kevin Warsh as the next Fed chair?"", ""slug"": ""will-trump-nominate-kevin-warsh-as-the-next-fed-chair"", ""icon"": ""https://polymarket-upload.s3.us-east-2.amazonaws.com/will-trump-nominate-kevin-warsh-as-the-next-fed-chair-Bc-vVyyVjhsS.jpg"", ""eventSlug"": ""who-will-trump-nominate-as-fed-chair"", ""outcome"": ""No"", ""outcomeIndex"": 1, ""name"": ""DNSTPMNW"", ""pseudonym"": ""Pessimistic-Counsel"", ""bio"": """", ""profileImage"": """", ""profileImageOptimized"": """", ""transactionHash"": ""0xf9c3333a3340ff60a5f738566094c966f3a90a4d0deee39968624675165e1889""}"
1770986051,2026-02-14T02:01:47.231546,0x1f2a43a3a480eaa4d43bc26388b075e49ec413c53c3e53510cd39ab8debf3d24:1770986051,572469,18289842382539867639079362738467334752951741961393928566628307174343542320349,BUY,0.05699994835799515,17.543858,0.9999990000000001,0x1f2a43a3a480eaa4d43bc26388b075e49ec413c53c3e53510cd39ab8debf3d24,"{""proxyWallet"": ""0x088cc0f9fe1c956ae295bb416114de966c22b190"", ""side"": ""BUY"", ""asset"": ""18289842382539867639079362738467334752951741961393928566628307174343542320349"", ""conditionId"": ""0x61b66d02793b4a68ab0cc25be60d65f517fe18c7d654041281bb130341244fcc"", ""size"": 17.543858, ""price"": 0.05699994835799515, ""timestamp"": 1770986051, ""title"": ""Will Trump nominate Kevin Warsh as the next Fed chair?"", ""slug"": ""will-trump-nominate-kevin-warsh-as-the-next-fed-chair"", ""icon"": ""https://polymarket-upload.s3.us-east-2.amazonaws.com/will-trump-nominate-kevin-warsh-as-the-next-fed-chair-Bc-vVyyVjhsS.jpg"", ""eventSlug"": ""who-will-trump-nominate-as-fed-chair"", ""outcome"": ""No"", ""outcomeIndex"": 1, ""name"": ""x26844"", ""pseudonym"": ""Corny-Incident"", ""bio"": """", ""profileImage"": """", ""profileImageOptimized"": """", ""transactionHash"": ""0x1f2a43a3a480eaa4d43bc26388b075e49ec413c53c3e53510cd39ab8debf3d24""}"
1770985619,2026-02-14T02:01:47.231573,0xff8ba1f4832f8a6b26391421fd53678bb029f45aa142937269d751dd27465daf:1770985619,572469,18289842382539867639079362738467334752951741961393928566628307174343542320349,SELL,0.056,51.6,2.8896,0xff8ba1f4832f8a6b26391421fd53678bb029f45aa142937269d751dd27465daf,"{""proxyWallet"": ""0x0b3492ec87748d0f32427e8be4cbc650ff67ffc3"", ""side"": ""SELL"", ""asset"": ""18289842382539867639079362738467334752951741961393928566628307174343542320349"", ""conditionId"": ""0x61b66d02793b4a68ab0cc25be60d65f517fe18c7d654041281bb130341244fcc"", ""size"": 51.6, ""price"": 0.056, ""timestamp"": 1770985619, ""title"": ""Will Trump nominate Kevin Warsh as the next Fed chair?"", ""slug"": ""will-trump-nominate-kevin-warsh-as-the-next-fed-chair"", ""icon"": ""https://polymarket-upload.s3.us-east-2.amazonaws.com/will-trump-nominate-kevin-warsh-as-the-next-fed-chair-Bc-vVyyVjhsS.jpg"", ""eventSlug"": ""who-will-trump-nominate-as-fed-chair"", ""outcome"": ""No"", ""outcomeIndex"": 1, ""name"": ""16r0ob"", ""pseudonym"": ""Joyful-Monsoon"", ""bio"": """", ""profileImage"": """", ""profileImageOptimized"": """", ""transactionHash"": ""0xff8ba1f4832f8a6b26391421fd53678bb029f45aa142937269d751dd27465daf""}"
1770984799,2026-02-14T02:01:47.231598,0xcacf341f6de8c11b7a3463c4ef8285f306ede28cb35f2ce1edb42eee15bb14d4:1770984799,572469,18289842382539867639079362738467334752951741961393928566628307174343542320349,BUY,0.057,100.0,5.7,0xcacf341f6de8c11b7a3463c4ef8285f306ede28cb35f2ce1edb42eee15bb14d4,"{""proxyWallet"": ""0x1e9851cf9c439811937fc19c0a144c8a9fd06345"", ""side"": ""BUY"", ""asset"": ""18289842382539867639079362738467334752951741961393928566628307174343542320349"", ""conditionId"": ""0x61b66d02793b4a68ab0cc25be60d65f517fe18c7d654041281bb130341244fcc"", ""size"": 100, ""price"": 0.057, ""timestamp"": 1770984799, ""title"": ""Will Trump nominate Kevin Warsh as the next Fed chair?"", ""slug"": ""will-trump-nominate-kevin-warsh-as-the-next-fed-chair"", ""icon"": ""https://polymarket-upload.s3.us-east-2.amazonaws.com/will-trump-nominate-kevin-warsh-as-the-next-fed-chair-Bc-vVyyVjhsS.jpg"", ""eventSlug"": ""who-will-trump-nominate-as-fed-chair"", ""outcome"": ""No"", ""outcomeIndex"": 1, ""name"": ""BSS37"", ""pseudonym"": ""Fruitful-Heroine"", ""bio"": """", ""profileImage"": """", ""profileImageOptimized"": """", ""transactionHash"": ""0xcacf341f6de8c11b7a3463c4ef8285f306ede28cb35f2ce1edb42eee15bb14d4""}"
1770984763,2026-02-14T02:01:47.231616,0x803b1e20889e61f5aadcab6679e276c79425711c1934e129ddf9712803d27eb4:1770984763,572469,18289842382539867639079362738467334752951741961393928566628307174343542320349,BUY,0.057,100.0,5.7,0x803b1e20889e61f5aadcab6679e276c79425711c1934e129ddf9712803d27eb4,"{""proxyWallet"": ""0x9dc2e5f6d8a88fd78d549d390918671282ef0727"", ""side"": ""BUY"", ""asset"": ""18289842382539867639079362738467334752951741961393928566628307174343542320349"", ""conditionId"": ""0x61b66d02793b4a68ab0cc25be60d65f517fe18c7d654041281bb130341244fcc"", ""size"": 100, ""price"": 0.057, ""timestamp"": 1770984763, ""title"": ""Will Trump nominate Kevin Warsh as the next Fed chair?"", ""slug"": ""will-trump-nominate-kevin-warsh-as-the-next-fed-chair"", ""icon"": ""https://polymarket-upload.s3.us-east-2.amazonaws.com/will-trump-nominate-kevin-warsh-as-the-next-fed-chair-Bc-vVyyVjhsS.jpg"", ""eventSlug"": ""who-will-trump-nominate-as-fed-chair"", ""outcome"": ""No"", ""outcomeIndex"": 1, ""name"": ""Bska36"", ""pseudonym"": ""Used-Thrill"", ""bio"": """", ""profileImage"": """", ""profileImageOptimized"": """", ""transactionHash"": ""0x803b1e20889e61f5aadcab6679e276c79425711c1934e129ddf9712803d27eb4""}"
1770984549,2026-02-14T02:01:47.231639,0xa16740e31183dd93bfac9721711f153f57175207b619fc7719ded691f8696066:1770984549,572469,18289842382539867639079362738467334752951741961393928566628307174343542320349,SELL,0.058,2000.0,116.0,0xa16740e31183dd93bfac9721711f153f57175207b619fc7719ded691f8696066,"{""proxyWallet"": ""0xc4e518fd8df8e0f2d66600a02992f05857253263"", ""side"": ""SELL"", ""asset"": ""18289842382539867639079362738467334752951741961393928566628307174343542320349"", ""conditionId"": ""0x61b66d02793b4a68ab0cc25be60d65f517fe18c7d654041281bb130341244fcc"", ""size"": 2000, ""price"": 0.058, ""timestamp"": 1770984549, ""title"": ""Will Trump nominate Kevin Warsh as the next Fed chair?"", ""slug"": ""will-trump-nominate-kevin-warsh-as-the-next-fed-chair"", ""icon"": ""https://polymarket-upload.s3.us-east-2.amazonaws.com/will-trump-nominate-kevin-warsh-as-the-next-fed-chair-Bc-vVyyVjhsS.jpg"", ""eventSlug"": ""who-will-trump-nominate-as-fed-chair"", ""outcome"": ""No"", ""outcomeIndex"": 1, ""name"": ""Sogapor"", ""pseudonym"": ""Admirable-Ideology"", ""bio"": """", ""profileImage"": """", ""profileImageOptimized"": """", ""transactionHash"": ""0xa16740e31183dd93bfac9721711f153f57175207b619fc7719ded691f8696066""}"
1770984499,2026-02-14T02:01:47.231659,0xd587de940d0d3892782b4cf68eeab7066562ec37d9c43b6d9776bfcd01601133:1770984499,572469,18289842382539867639079362738467334752951741961393928566628307174343542320349,SELL,0.058,167.02,9.68716,0xd587de940d0d3892782b4cf68eeab7066562ec37d9c43b6d9776bfcd01601133,"{""proxyWallet"": ""0xa7be6febd11becb7bac7259655abfaef69e577f4"", ""side"": ""SELL"", ""asset"": ""18289842382539867639079362738467334752951741961393928566628307174343542320349"", ""conditionId"": ""0x61b66d02793b4a68ab0cc25be60d65f517fe18c7d654041281bb130341244fcc"", ""size"": 167.02, ""price"": 0.058, ""timestamp"": 1770984499, ""title"": ""Will Trump nominate Kevin Warsh as the next Fed chair?"", ""slug"": ""will-trump-nominate-kevin-warsh-as-the-next-fed-chair"", ""icon"": ""https://polymarket-upload.s3.us-east-2.amazonaws.com/will-trump-nominate-kevin-warsh-as-the-next-fed-chair-Bc-vVyyVjhsS.jpg"", ""eventSlug"": ""who-will-trump-nominate-as-fed-chair"", ""outcome"": ""No"", ""outcomeIndex"": 1, ""name"": ""bulekale"", ""pseudonym"": ""Some-Router"", ""bio"": """", ""profileImage"": """", ""profileImageOptimized"": """", ""transactionHash"": ""0xd587de940d0d3892782b4cf68eeab7066562ec37d9c43b6d9776bfcd01601133""}"
1770984351,2026-02-14T02:01:47.231679,0x54bceb0c4134229c6c312a220b133b017188d22922a1d44ab1bc5524fd0392f4:1770984351,572469,18289842382539867639079362738467334752951741961393928566628307174343542320349,SELL,0.058,47.1,2.7318000000000002,0x54bceb0c4134229c6c312a220b133b017188d22922a1d44ab1bc5524fd0392f4,"{""proxyWallet"": ""0xa7be6febd11becb7bac7259655abfaef69e577f4"", ""side"": ""SELL"", ""asset"": ""18289842382539867639079362738467334752951741961393928566628307174343542320349"", ""conditionId"": ""0x61b66d02793b4a68ab0cc25be60d65f517fe18c7d654041281bb130341244fcc"", ""size"": 47.1, ""price"": 0.058, ""timestamp"": 1770984351, ""title"": ""Will Trump nominate Kevin Warsh as the next Fed chair?"", ""slug"": ""will-trump-nominate-kevin-warsh-as-the-next-fed-chair"", ""icon"": ""https://polymarket-upload.s3.us-east-2.amazonaws.com/will-trump-nominate-kevin-warsh-as-the-next-fed-chair-Bc-vVyyVjhsS.jpg"", ""eventSlug"": ""who-will-trump-nominate-as-fed-chair"", ""outcome"": ""No"", ""outcomeIndex"": 1, ""name"": ""bulekale"", ""pseudonym"": ""Some-Router"", ""bio"": """", ""profileImage"": """", ""profileImageOptimized"": """", ""transactionHash"": ""0x54bceb0c4134229c6c312a220b133b017188d22922a1d44ab1bc5524fd0392f4""}"
1770984289,2026-02-14T02:01:47.231697,0x4348b1ee3f1957959b697da6f765a8ea306c1ecb00d769dd1fc5a7d53d14cfc6:1770984289,572469,18289842382539867639079362738467334752951741961393928566628307174343542320349,BUY,0.059000000589034374,103.559321,6.109999999999999,0x4348b1ee3f1957959b697da6f765a8ea306c1ecb00d769dd1fc5a7d53d14cfc6,"{""proxyWallet"": ""0x45e966982b5b415c95073b8fd5998f6d8b6dd4c1"", ""side"": ""BUY"", ""asset"": ""18289842382539867639079362738467334752951741961393928566628307174343542320349"", ""conditionId"": ""0x61b66d02793b4a68ab0cc25be60d65f517fe18c7d654041281bb130341244fcc"", ""size"": 103.559321, ""price"": 0.059000000589034374, ""timestamp"": 1770984289, ""title"": ""Will Trump nominate Kevin Warsh as the next Fed chair?"", ""slug"": ""will-trump-nominate-kevin-warsh-as-the-next-fed-chair"", ""icon"": ""https://polymarket-upload.s3.us-east-2.amazonaws.com/will-trump-nominate-kevin-warsh-as-the-next-fed-chair-Bc-vVyyVjhsS.jpg"", ""eventSlug"": ""who-will-trump-nominate-as-fed-chair"", ""outcome"": ""No"", ""outcomeIndex"": 1, ""name"": ""OreList"", ""pseudonym"": ""Stormy-Fourths"", ""bio"": """", ""profileImage"": ""https://polymarket-upload.s3.us-east-2.amazonaws.com/profile-image-4875260-5fd8188d-0f28-46c3-85b3-c884a3898a96.png"", ""profileImageOptimized"": """", ""transactionHash"": ""0x4348b1ee3f1957959b697da6f765a8ea306c1ecb00d769dd1fc5a7d53d14cfc6""}"
1770984255,2026-02-14T02:01:47.231716,0xcd9b264dbe2eb48c71be292f7fcdcb66353e39e417badc81e014fbfe305e5025:1770984255,572469,18289842382539867639079362738467334752951741961393928566628307174343542320349,SELL,0.058,86.38,5.01004,0xcd9b264dbe2eb48c71be292f7fcdcb66353e39e417badc81e014fbfe305e5025,"{""proxyWallet"": ""0xa7be6febd11becb7bac7259655abfaef69e577f4"", ""side"": ""SELL"", ""asset"": ""18289842382539867639079362738467334752951741961393928566628307174343542320349"", ""conditionId"": ""0x61b66d02793b4a68ab0cc25be60d65f517fe18c7d654041281bb130341244fcc"", ""size"": 86.38, ""price"": 0.058, ""timestamp"": 1770984255, ""title"": ""Will Trump nominate Kevin Warsh as the next Fed chair?"", ""slug"": ""will-trump-nominate-kevin-warsh-as-the-next-fed-chair"", ""icon"": ""https://polymarket-upload.s3.us-east-2.amazonaws.com/will-trump-nominate-kevin-warsh-as-the-next-fed-chair-Bc-vVyyVjhsS.jpg"", ""eventSlug"": ""who-will-trump-nominate-as-fed-chair"", ""outcome"": ""No"", ""outcomeIndex"": 1, ""name"": ""bulekale"", ""pseudonym"": ""Some-Router"", ""bio"": """", ""profileImage"": """", ""profileImageOptimized"": """", ""transactionHash"": ""0xcd9b264dbe2eb48c71be292f7fcdcb66353e39e417badc81e014fbfe305e5025""}"
1770983953,2026-02-14T02:01:47.231739,0xfd671bd1b5d1341e4d8e194b2a092b5c00c426c3f9dc2b2f3521ab212c362eee:1770983953,572469,18289842382539867639079362738467334752951741961393928566628307174343542320349,SELL,0.058,47.24,2.73992,0xfd671bd1b5d1341e4d8e194b2a092b5c00c426c3f9dc2b2f3521ab212c362eee,"{""proxyWallet"": ""0xa7be6febd11becb7bac7259655abfaef69e577f4"", ""side"": ""SELL"", ""asset"": ""18289842382539867639079362738467334752951741961393928566628307174343542320349"", ""conditionId"": ""0x61b66d02793b4a68ab0cc25be60d65f517fe18c7d654041281bb130341244fcc"", ""size"": 47.24, ""price"": 0.058, ""timestamp"": 1770983953, ""title"": ""Will Trump nominate Kevin Warsh as the next Fed chair?"", ""slug"": ""will-trump-nominate-kevin-warsh-as-the-next-fed-chair"", ""icon"": ""https://polymarket-upload.s3.us-east-2.amazonaws.com/will-trump-nominate-kevin-warsh-as-the-next-fed-chair-Bc-vVyyVjhsS.jpg"", ""eventSlug"": ""who-will-trump-nominate-as-fed-chair"", ""outcome"": ""No"", ""outcomeIndex"": 1, ""name"": ""bulekale"", ""pseudonym"": ""Some-Router"", ""bio"": """", ""profileImage"": """", ""profileImageOptimized"": """", ""transactionHash"": ""0xfd671bd1b5d1341e4d8e194b2a092b5c00c426c3f9dc2b2f3521ab212c362eee""}"
1770983763,2026-02-14T02:01:47.231759,0x75d3f17c047c1e3de05c17c6e9345886a9514bf597ab522200c3adb4e51be03c:1770983763,572469,18289842382539867639079362738467334752951741961393928566628307174343542320349,SELL,0.058,139.75,8.105500000000001,0x75d3f17c047c1e3de05c17c6e9345886a9514bf597ab522200c3adb4e51be03c,"{""proxyWallet"": ""0xa7be6febd11becb7bac7259655abfaef69e577f4"", ""side"": ""SELL"", ""asset"": ""18289842382539867639079362738467334752951741961393928566628307174343542320349"", ""conditionId"": ""0x61b66d02793b4a68ab0cc25be60d65f517fe18c7d654041281bb130341244fcc"", ""size"": 139.75, ""price"": 0.058, ""timestamp"": 1770983763, ""title"": ""Will Trump nominate Kevin Warsh as the next Fed chair?"", ""slug"": ""will-trump-nominate-kevin-warsh-as-the-next-fed-chair"", ""icon"": ""https://polymarket-upload.s3.us-east-2.amazonaws.com/will-trump-nominate-kevin-warsh-as-the-next-fed-chair-Bc-vVyyVjhsS.jpg"", ""eventSlug"": ""who-will-trump-nominate-as-fed-chair"", ""outcome"": ""No"", ""outcomeIndex"": 1, ""name"": ""bulekale"", ""pseudonym"": ""Some-Router"", ""bio"": """", ""profileImage"": """", ""profileImageOptimized"": """", ""transactionHash"": ""0x75d3f17c047c1e3de05c17c6e9345886a9514bf597ab522200c3adb4e51be03c""}"
1770983175,2026-02-14T02:01:47.231778,0x7435f4b2022579bc3defcadaffc735c0a481fe351f2ec1c4717d87bff45a1a2f:1770983175,572469,18289842382539867639079362738467334752951741961393928566628307174343542320349,SELL,0.057784150388667396,448.97,25.943350000000002,0x7435f4b2022579bc3defcadaffc735c0a481fe351f2ec1c4717d87bff45a1a2f,"{""proxyWallet"": ""0xee407eb07d2053fd535be1ecad5a21accf6eede2"", ""side"": ""SELL"", ""asset"": ""18289842382539867639079362738467334752951741961393928566628307174343542320349"", ""conditionId"": ""0x61b66d02793b4a68ab0cc25be60d65f517fe18c7d654041281bb130341244fcc"", ""size"": 448.97, ""price"": 0.057784150388667396, ""timestamp"": 1770983175, ""title"": ""Will Trump nominate Kevin Warsh as the next Fed chair?"", ""slug"": ""will-trump-nominate-kevin-warsh-as-the-next-fed-chair"", ""icon"": ""https://polymarket-upload.s3.us-east-2.amazonaws.com/will-trump-nominate-kevin-warsh-as-the-next-fed-chair-Bc-vVyyVjhsS.jpg"", ""eventSlug"": ""who-will-trump-nominate-as-fed-chair"", ""outcome"": ""No"", ""outcomeIndex"": 1, ""name"": ""crt"", ""pseudonym"": ""Frayed-Profession"", ""bio"": """", ""profileImage"": """", ""profileImageOptimized"": """", ""transactionHash"": ""0x7435f4b2022579bc3defcadaffc735c0a481fe351f2ec1c4717d87bff45a1a2f""}"
1770983019,2026-02-14T02:01:47.231796,0x263e5a427e53916300434c3ff8bfef77e2997ffb0d165c786699e9e506c94e09:1770983019,572469,18289842382539867639079362738467334752951741961393928566628307174343542320349,SELL,0.058,878.01,50.92458,0x263e5a427e53916300434c3ff8bfef77e2997ffb0d165c786699e9e506c94e09,"{""proxyWallet"": ""0xa7be6febd11becb7bac7259655abfaef69e577f4"", ""side"": ""SELL"", ""asset"": ""18289842382539867639079362738467334752951741961393928566628307174343542320349"", ""conditionId"": ""0x61b66d02793b4a68ab0cc25be60d65f517fe18c7d654041281bb130341244fcc"", ""size"": 878.01, ""price"": 0.058, ""timestamp"": 1770983019, ""title"": ""Will Trump nominate Kevin Warsh as the next Fed chair?"", ""slug"": ""will-trump-nominate-kevin-warsh-as-the-next-fed-chair"", ""icon"": ""https://polymarket-upload.s3.us-east-2.amazonaws.com/will-trump-nominate-kevin-warsh-as-the-next-fed-chair-Bc-vVyyVjhsS.jpg"", ""eventSlug"": ""who-will-trump-nominate-as-fed-chair"", ""outcome"": ""No"", ""outcomeIndex"": 1, ""name"": ""bulekale"", ""pseudonym"": ""Some-Router"", ""bio"": """", ""profileImage"": """", ""profileImageOptimized"": """", ""transactionHash"": ""0x263e5a427e53916300434c3ff8bfef77e2997ffb0d165c786699e9e506c94e09""}"
1770983007,2026-02-14T02:01:47.231812,0xe00d28f0b9e3d5055ed4f9a8e937b11cfa9e9d13bca53d1c165834837a2d34cc:1770983007,572469,18289842382539867639079362738467334752951741961393928566628307174343542320349,SELL,0.058,207.98,12.06284,0xe00d28f0b9e3d5055ed4f9a8e937b11cfa9e9d13bca53d1c165834837a2d34cc,"{""proxyWallet"": ""0xa7be6febd11becb7bac7259655abfaef69e577f4"", ""side"": ""SELL"", ""asset"": ""18289842382539867639079362738467334752951741961393928566628307174343542320349"", ""conditionId"": ""0x61b66d02793b4a68ab0cc25be60d65f517fe18c7d654041281bb130341244fcc"", ""size"": 207.98, ""price"": 0.058, ""timestamp"": 1770983007, ""title"": ""Will Trump nominate Kevin Warsh as the next Fed chair?"", ""slug"": ""will-trump-nominate-kevin-warsh-as-the-next-fed-chair"", ""icon"": ""https://polymarket-upload.s3.us-east-2.amazonaws.com/will-trump-nominate-kevin-warsh-as-the-next-fed-chair-Bc-vVyyVjhsS.jpg"", ""eventSlug"": ""who-will-trump-nominate-as-fed-chair"", ""outcome"": ""No"", ""outcomeIndex"": 1, ""name"": ""bulekale"", ""pseudonym"": ""Some-Router"", ""bio"": """", ""profileImage"": """", ""profileImageOptimized"": """", ""transactionHash"": ""0xe00d28f0b9e3d5055ed4f9a8e937b11cfa9e9d13bca53d1c165834837a2d34cc""}"
1770981759,2026-02-14T02:01:47.231854,0x4cc60c4cc4e9b6247dc7ca4407b343e95df107cece3d196e8541739e121a530b:1770981759,572469,18289842382539867639079362738467334752951741961393928566628307174343542320349,SELL,0.058,188.67,10.94286,0x4cc60c4cc4e9b6247dc7ca4407b343e95df107cece3d196e8541739e121a530b,"{""proxyWallet"": ""0xa135c9a5a6fb4d5b86832ff8475463722b3e68b8"", ""side"": ""SELL"", ""asset"": ""18289842382539867639079362738467334752951741961393928566628307174343542320349"", ""conditionId"": ""0x61b66d02793b4a68ab0cc25be60d65f517fe18c7d654041281bb130341244fcc"", ""size"": 188.67, ""price"": 0.058, ""timestamp"": 1770981759, ""title"": ""Will Trump nominate Kevin Warsh as the next Fed chair?"", ""slug"": ""will-trump-nominate-kevin-warsh-as-the-next-fed-chair"", ""icon"": ""https://polymarket-upload.s3.us-east-2.amazonaws.com/will-trump-nominate-kevin-warsh-as-the-next-fed-chair-Bc-vVyyVjhsS.jpg"", ""eventSlug"": ""who-will-trump-nominate-as-fed-chair"", ""outcome"": ""No"", ""outcomeIndex"": 1, ""name"": ""WWQ"", ""pseudonym"": ""Curvy-Cargo"", ""bio"": ""Hoping for a greatest comeback :/"", ""profileImage"": """", ""profileImageOptimized"": """", ""transactionHash"": ""0x4cc60c4cc4e9b6247dc7ca4407b343e95df107cece3d196e8541739e121a530b""}"
1770981089,2026-02-14T02:01:47.231878,0xc1ab96e046d719d1223c0f8bcd6e7131cee85566d9d0b3c881c9f94494df8c80:1770981089,572469,18289842382539867639079362738467334752951741961393928566628307174343542320349,SELL,0.057,16.94,0.9655800000000001,0xc1ab96e046d719d1223c0f8bcd6e7131cee85566d9d0b3c881c9f94494df8c80,"{""proxyWallet"": ""0x3ae26122e9961dbf618b2021fd3b2c81cd933620"", ""side"": ""SELL"", ""asset"": ""18289842382539867639079362738467334752951741961393928566628307174343542320349"", ""conditionId"": ""0x61b66d02793b4a68ab0cc25be60d65f517fe18c7d654041281bb130341244fcc"", ""size"": 16.94, ""price"": 0.057, ""timestamp"": 1770981089, ""title"": ""Will Trump nominate Kevin Warsh as the next Fed chair?"", ""slug"": ""will-trump-nominate-kevin-warsh-as-the-next-fed-chair"", ""icon"": ""https://polymarket-upload.s3.us-east-2.amazonaws.com/will-trump-nominate-kevin-warsh-as-the-next-fed-chair-Bc-vVyyVjhsS.jpg"", ""eventSlug"": ""who-will-trump-nominate-as-fed-chair"", ""outcome"": ""No"", ""outcomeIndex"": 1, ""name"": """", ""pseudonym"": """", ""bio"": """", ""profileImage"": """", ""profileImageOptimized"": """", ""transactionHash"": ""0xc1ab96e046d719d1223c0f8bcd6e7131cee85566d9d0b3c881c9f94494df8c80""}"
1770981043,2026-02-14T02:01:47.231894,0xf8a12c7f7e90826715b48eaa89059f93ebcd5aabe57b601298aaddb037cdbe76:1770981043,572469,18289842382539867639079362738467334752951741961393928566628307174343542320349,SELL,0.057,16.66,0.94962,0xf8a12c7f7e90826715b48eaa89059f93ebcd5aabe57b601298aaddb037cdbe76,"{""proxyWallet"": ""0x09e58078949c633efa9b2ce670d3e3c8dc17369a"", ""side"": ""SELL"", ""asset"": ""18289842382539867639079362738467334752951741961393928566628307174343542320349"", ""conditionId"": ""0x61b66d02793b4a68ab0cc25be60d65f517fe18c7d654041281bb130341244fcc"", ""size"": 16.66, ""price"": 0.057, ""timestamp"": 1770981043, ""title"": ""Will Trump nominate Kevin Warsh as the next Fed chair?"", ""slug"": ""will-trump-nominate-kevin-warsh-as-the-next-fed-chair"", ""icon"": ""https://polymarket-upload.s3.us-east-2.amazonaws.com/will-trump-nominate-kevin-warsh-as-the-next-fed-chair-Bc-vVyyVjhsS.jpg"", ""eventSlug"": ""who-will-trump-nominate-as-fed-chair"", ""outcome"": ""No"", ""outcomeIndex"": 1, ""name"": ""MisterTzs"", ""pseudonym"": ""Present-Incense"", ""bio"": """", ""profileImage"": """", ""profileImageOptimized"": """", ""transactionHash"": ""0xf8a12c7f7e90826715b48eaa89059f93ebcd5aabe57b601298aaddb037cdbe76""}"
1770981029,2026-02-14T02:01:47.231911,0x928192a8f40b73b25694528d290e84b9c1c34c6e90b821606145c3f2e9066fc6:1770981029,572469,18289842382539867639079362738467334752951741961393928566628307174343542320349,BUY,0.05899994636899512,16.949151,0.999999,0x928192a8f40b73b25694528d290e84b9c1c34c6e90b821606145c3f2e9066fc6,"{""proxyWallet"": ""0x3ae26122e9961dbf618b2021fd3b2c81cd933620"", ""side"": ""BUY"", ""asset"": ""18289842382539867639079362738467334752951741961393928566628307174343542320349"", ""conditionId"": ""0x61b66d02793b4a68ab0cc25be60d65f517fe18c7d654041281bb130341244fcc"", ""size"": 16.949151, ""price"": 0.05899994636899512, ""timestamp"": 1770981029, ""title"": ""Will Trump nominate Kevin Warsh as the next Fed chair?"", ""slug"": ""will-trump-nominate-kevin-warsh-as-the-next-fed-chair"", ""icon"": ""https://polymarket-upload.s3.us-east-2.amazonaws.com/will-trump-nominate-kevin-warsh-as-the-next-fed-chair-Bc-vVyyVjhsS.jpg"", ""eventSlug"": ""who-will-trump-nominate-as-fed-chair"", ""outcome"": ""No"", ""outcomeIndex"": 1, ""name"": """", ""pseudonym"": """", ""bio"": """", ""profileImage"": """", ""profileImageOptimized"": """", ""transactionHash"": ""0x928192a8f40b73b25694528d290e84b9c1c34c6e90b821606145c3f2e9066fc6""}"
1770980021,2026-02-14T02:01:49.089943,0x5365f8d62401e741389911d20cfa83566cef264ea96445e2daa1a0a1608e3544:1770980021,572469,18289842382539867639079362738467334752951741961393928566628307174343542320349,BUY,0.059,50.0,2.9499999999999997,0x5365f8d62401e741389911d20cfa83566cef264ea96445e2daa1a0a1608e3544,"{""proxyWallet"": ""0xf72afbf1903fbf4b25a8061107ca398b07c4ac4f"", ""side"": ""BUY"", ""asset"": ""18289842382539867639079362738467334752951741961393928566628307174343542320349"", ""conditionId"": ""0x61b66d02793b4a68ab0cc25be60d65f517fe18c7d654041281bb130341244fcc"", ""size"": 50, ""price"": 0.059, ""timestamp"": 1770980021, ""title"": ""Will Trump nominate Kevin Warsh as the next Fed chair?"", ""slug"": ""will-trump-nominate-kevin-warsh-as-the-next-fed-chair"", ""icon"": ""https://polymarket-upload.s3.us-east-2.amazonaws.com/will-trump-nominate-kevin-warsh-as-the-next-fed-chair-Bc-vVyyVjhsS.jpg"", ""eventSlug"": ""who-will-trump-nominate-as-fed-chair"", ""outcome"": ""No"", ""outcomeIndex"": 1, ""name"": ""0xf72aFbF1903Fbf4b25A8061107Ca398b07c4AC4f-1760909467112"", ""pseudonym"": ""Buoyant-Statistics"", ""bio"": """", ""profileImage"": """", ""profileImageOptimized"": """", ""transactionHash"": ""0x5365f8d62401e741389911d20cfa83566cef264ea96445e2daa1a0a1608e3544""}"
1770979719,2026-02-14T02:01:49.090032,0x6753c10eafa2a27b6e5da2124346b30b53c73d3bf7427aef362e59ffc008cc81:1770979719,572469,18289842382539867639079362738467334752951741961393928566628307174343542320349,BUY,0.06,200.0,12.0,0x6753c10eafa2a27b6e5da2124346b30b53c73d3bf7427aef362e59ffc008cc81,"{""proxyWallet"": ""0xdce0d1016ead1525fc8c7b6513f989a60ff02daf"", ""side"": ""BUY"", ""asset"": ""18289842382539867639079362738467334752951741961393928566628307174343542320349"", ""conditionId"": ""0x61b66d02793b4a68ab0cc25be60d65f517fe18c7d654041281bb130341244fcc"", ""size"": 200, ""price"": 0.06, ""timestamp"": 1770979719, ""title"": ""Will Trump nominate Kevin Warsh as the next Fed chair?"", ""slug"": ""will-trump-nominate-kevin-warsh-as-the-next-fed-chair"", ""icon"": ""https://polymarket-upload.s3.us-east-2.amazonaws.com/will-trump-nominate-kevin-warsh-as-the-next-fed-chair-Bc-vVyyVjhsS.jpg"", ""eventSlug"": ""who-will-trump-nominate-as-fed-chair"", ""outcome"": ""No"", ""outcomeIndex"": 1, ""name"": ""0xdcE0d1016eaD1525fC8c7b6513f989a60fF02DAF-1757924374902"", ""pseudonym"": ""Cloudy-Canoe"", ""bio"": """", ""profileImage"": """", ""profileImageOptimized"": """", ""transactionHash"": ""0x6753c10eafa2a27b6e5da2124346b30b53c73d3bf7427aef362e59ffc008cc81""}"
1770979269,2026-02-14T02:01:49.090063,0xbd8edb9b4db8800aa847fc8bade4ebdf87276e6f82216eb61aab551e274ba2b6:1770979269,572469,18289842382539867639079362738467334752951741961393928566628307174343542320349,SELL,0.057092541806709696,969.94,55.376340000000006,0xbd8edb9b4db8800aa847fc8bade4ebdf87276e6f82216eb61aab551e274ba2b6,"{""proxyWallet"": ""0x2940a47f7c276ff07cc9e041c9e8353945e36ab3"", ""side"": ""SELL"", ""asset"": ""18289842382539867639079362738467334752951741961393928566628307174343542320349"", ""conditionId"": ""0x61b66d02793b4a68ab0cc25be60d65f517fe18c7d654041281bb130341244fcc"", ""size"": 969.94, ""price"": 0.057092541806709696, ""timestamp"": 1770979269, ""title"": ""Will Trump nominate Kevin Warsh as the next Fed chair?"", ""slug"": ""will-trump-nominate-kevin-warsh-as-the-next-fed-chair"", ""icon"": ""https://polymarket-upload.s3.us-east-2.amazonaws.com/will-trump-nominate-kevin-warsh-as-the-next-fed-chair-Bc-vVyyVjhsS.jpg"", ""eventSlug"": ""who-will-trump-nominate-as-fed-chair"", ""outcome"": ""No"", ""outcomeIndex"": 1, ""name"": ""tiopp"", ""pseudonym"": ""Cluttered-Lobster"", ""bio"": """", ""profileImage"": """", ""profileImageOptimized"": """", ""transactionHash"": ""0xbd8edb9b4db8800aa847fc8bade4ebdf87276e6f82216eb61aab551e274ba2b6""}"
1770978879,2026-02-14T02:01:49.090090,0x2fe2573cfc0890b8bcc6b342211140c3346a44380c4b7954ad0c37f8ea0cf16f:1770978879,572469,18289842382539867639079362738467334752951741961393928566628307174343542320349,SELL,0.057,16.39,0.9342300000000001,0x2fe2573cfc0890b8bcc6b342211140c3346a44380c4b7954ad0c37f8ea0cf16f,"{""proxyWallet"": ""0x355ca7af6447021e01d27032fe4c8d05cfe5ab2e"", ""side"": ""SELL"", ""asset"": ""18289842382539867639079362738467334752951741961393928566628307174343542320349"", ""conditionId"": ""0x61b66d02793b4a68ab0cc25be60d65f517fe18c7d654041281bb130341244fcc"", ""size"": 16.39, ""price"": 0.057, ""timestamp"": 1770978879, ""title"": ""Will Trump nominate Kevin Warsh as the next Fed chair?"", ""slug"": ""will-trump-nominate-kevin-warsh-as-the-next-fed-chair"", ""icon"": ""https://polymarket-upload.s3.us-east-2.amazonaws.com/will-trump-nominate-kevin-warsh-as-the-next-fed-chair-Bc-vVyyVjhsS.jpg"", ""eventSlug"": ""who-will-trump-nominate-as-fed-chair"", ""outcome"": ""No"", ""outcomeIndex"": 1, ""name"": ""charizard1985"", ""pseudonym"": ""Insistent-Topsail"", ""bio"": """", ""profileImage"": """", ""profileImageOptimized"": """", ""transactionHash"": ""0x2fe2573cfc0890b8bcc6b342211140c3346a44380c4b7954ad0c37f8ea0cf16f""}"
1770978575,2026-02-14T02:01:49.090115,0xc514a9f6828a0c027f76d9ee7aea3dc97f5f590fa43f9c27b3cd077cd241826e:1770978575,572469,18289842382539867639079362738467334752951741961393928566628307174343542320349,BUY,0.05999999319041605,132.166665,7.929999,0xc514a9f6828a0c027f76d9ee7aea3dc97f5f590fa43f9c27b3cd077cd241826e,"{""proxyWallet"": ""0x9c46158d90af7c83d66160fc1e6b8b8e5e736a39"", ""side"": ""BUY"", ""asset"": ""18289842382539867639079362738467334752951741961393928566628307174343542320349"", ""conditionId"": ""0x61b66d02793b4a68ab0cc25be60d65f517fe18c7d654041281bb130341244fcc"", ""size"": 132.166665, ""price"": 0.05999999319041605, ""timestamp"": 1770978575, ""title"": ""Will Trump nominate Kevin Warsh as the next Fed chair?"", ""slug"": ""will-trump-nominate-kevin-warsh-as-the-next-fed-chair"", ""icon"": ""https://polymarket-upload.s3.us-east-2.amazonaws.com/will-trump-nominate-kevin-warsh-as-the-next-fed-chair-Bc-vVyyVjhsS.jpg"", ""eventSlug"": ""who-will-trump-nominate-as-fed-chair"", ""outcome"": ""No"", ""outcomeIndex"": 1, ""name"": ""0x9C46158D90aF7c83D66160FC1e6B8b8E5e736a39-1770972305681"", ""pseudonym"": ""High-Passing"", ""bio"": """", ""profileImage"": """", ""profileImageOptimized"": """", ""transactionHash"": ""0xc514a9f6828a0c027f76d9ee7aea3dc97f5f590fa43f9c27b3cd077cd241826e""}"
1770978487,2026-02-14T02:01:49.090140,0x724fc231fee856e6b1992d1035e54a427af880eb9a33191ef67b93b26a9f464b:1770978487,572469,18289842382539867639079362738467334752951741961393928566628307174343542320349,SELL,0.059,599.99,35.399409999999996,0x724fc231fee856e6b1992d1035e54a427af880eb9a33191ef67b93b26a9f464b,"{""proxyWallet"": ""0xa7be6febd11becb7bac7259655abfaef69e577f4"", ""side"": ""SELL"", ""asset"": ""18289842382539867639079362738467334752951741961393928566628307174343542320349"", ""conditionId"": ""0x61b66d02793b4a68ab0cc25be60d65f517fe18c7d654041281bb130341244fcc"", ""size"": 599.99, ""price"": 0.059, ""timestamp"": 1770978487, ""title"": ""Will Trump nominate Kevin Warsh as the next Fed chair?"", ""slug"": ""will-trump-nominate-kevin-warsh-as-the-next-fed-chair"", ""icon"": ""https://polymarket-upload.s3.us-east-2.amazonaws.com/will-trump-nominate-kevin-warsh-as-the-next-fed-chair-Bc-vVyyVjhsS.jpg"", ""eventSlug"": ""who-will-trump-nominate-as-fed-chair"", ""outcome"": ""No"", ""outcomeIndex"": 1, ""name"": ""bulekale"", ""pseudonym"": ""Some-Router"", ""bio"": """", ""profileImage"": """", ""profileImageOptimized"": """", ""transactionHash"": ""0x724fc231fee856e6b1992d1035e54a427af880eb9a33191ef67b93b26a9f464b""}"
1770978265,2026-02-14T02:01:49.090162,0x18d4dcec3f627353d09d8f7429b8d4c6fc33e213c1ebd7859e92162a95d33b5f:1770978265,572469,18289842382539867639079362738467334752951741961393928566628307174343542320349,BUY,0.061,50.0,3.05,0x18d4dcec3f627353d09d8f7429b8d4c6fc33e213c1ebd7859e92162a95d33b5f,"{""proxyWallet"": ""0xdce0d1016ead1525fc8c7b6513f989a60ff02daf"", ""side"": ""BUY"", ""asset"": ""18289842382539867639079362738467334752951741961393928566628307174343542320349"", ""conditionId"": ""0x61b66d02793b4a68ab0cc25be60d65f517fe18c7d654041281bb130341244fcc"", ""size"": 50, ""price"": 0.061, ""timestamp"": 1770978265, ""title"": ""Will Trump nominate Kevin Warsh as the next Fed chair?"", ""slug"": ""will-trump-nominate-kevin-warsh-as-the-next-fed-chair"", ""icon"": ""https://polymarket-upload.s3.us-east-2.amazonaws.com/will-trump-nominate-kevin-warsh-as-the-next-fed-chair-Bc-vVyyVjhsS.jpg"", ""eventSlug"": ""who-will-trump-nominate-as-fed-chair"", ""outcome"": ""No"", ""outcomeIndex"": 1, ""name"": ""0xdcE0d1016eaD1525fC8c7b6513f989a60fF02DAF-1757924374902"", ""pseudonym"": ""Cloudy-Canoe"", ""bio"": """", ""profileImage"": """", ""profileImageOptimized"": """", ""transactionHash"": ""0x18d4dcec3f627353d09d8f7429b8d4c6fc33e213c1ebd7859e92162a95d33b5f""}"
1770978065,2026-02-14T02:01:49.090192,0x3322d08026dad9f371d046d0369bf516125ee5c115bc8dc45d3cd8a745016155:1770978065,572469,18289842382539867639079362738467334752951741961393928566628307174343542320349,BUY,0.06099994503899456,16.393441,0.999999,0x3322d08026dad9f371d046d0369bf516125ee5c115bc8dc45d3cd8a745016155,"{""proxyWallet"": ""0x355ca7af6447021e01d27032fe4c8d05cfe5ab2e"", ""side"": ""BUY"", ""asset"": ""18289842382539867639079362738467334752951741961393928566628307174343542320349"", ""conditionId"": ""0x61b66d02793b4a68ab0cc25be60d65f517fe18c7d654041281bb130341244fcc"", ""size"": 16.393441, ""price"": 0.06099994503899456, ""timestamp"": 1770978065, ""title"": ""Will Trump nominate Kevin Warsh as the next Fed chair?"", ""slug"": ""will-trump-nominate-kevin-warsh-as-the-next-fed-chair"", ""icon"": ""https://polymarket-upload.s3.us-east-2.amazonaws.com/will-trump-nominate-kevin-warsh-as-the-next-fed-chair-Bc-vVyyVjhsS.jpg"", ""eventSlug"": ""who-will-trump-nominate-as-fed-chair"", ""outcome"": ""No"", ""outcomeIndex"": 1, ""name"": ""charizard1985"", ""pseudonym"": ""Insistent-Topsail"", ""bio"": """", ""profileImage"": """", ""profileImageOptimized"": """", ""transactionHash"": ""0x3322d08026dad9f371d046d0369bf516125ee5c115bc8dc45d3cd8a745016155""}"
1770978003,2026-02-14T02:01:49.090212,0x19470022df21b6ca372de08d03a90d952af63e1eefb2fdc4d66b656f64e65426:1770978003,572469,18289842382539867639079362738467334752951741961393928566628307174343542320349,BUY,0.06,10.0,0.6,0x19470022df21b6ca372de08d03a90d952af63e1eefb2fdc4d66b656f64e65426,"{""proxyWallet"": ""0xb4e586443a3464cd8a05940529cd06180f89b608"", ""side"": ""BUY"", ""asset"": ""18289842382539867639079362738467334752951741961393928566628307174343542320349"", ""conditionId"": ""0x61b66d02793b4a68ab0cc25be60d65f517fe18c7d654041281bb130341244fcc"", ""size"": 10, ""price"": 0.06, ""timestamp"": 1770978003, ""title"": ""Will Trump nominate Kevin Warsh as the next Fed chair?"", ""slug"": ""will-trump-nominate-kevin-warsh-as-the-next-fed-chair"", ""icon"": ""https://polymarket-upload.s3.us-east-2.amazonaws.com/will-trump-nominate-kevin-warsh-as-the-next-fed-chair-Bc-vVyyVjhsS.jpg"", ""eventSlug"": ""who-will-trump-nominate-as-fed-chair"", ""outcome"": ""No"", ""outcomeIndex"": 1, ""name"": ""0xB4e586443a3464cD8a05940529cD06180F89b608-1770966556258"", ""pseudonym"": ""Glistening-Enigma"", ""bio"": """", ""profileImage"": """", ""profileImageOptimized"": """", ""transactionHash"": ""0x19470022df21b6ca372de08d03a90d952af63e1eefb2fdc4d66b656f64e65426""}"
1770977689,2026-02-14T02:01:49.090236,0x439319f6343f1455927fd6b5b8b65244d4629dc54d728a6af800021a01526327:1770977689,572469,18289842382539867639079362738467334752951741961393928566628307174343542320349,BUY,0.061,200.0,12.2,0x439319f6343f1455927fd6b5b8b65244d4629dc54d728a6af800021a01526327,"{""proxyWallet"": ""0xdce0d1016ead1525fc8c7b6513f989a60ff02daf"", ""side"": ""BUY"", ""asset"": ""18289842382539867639079362738467334752951741961393928566628307174343542320349"", ""conditionId"": ""0x61b66d02793b4a68ab0cc25be60d65f517fe18c7d654041281bb130341244fcc"", ""size"": 200, ""price"": 0.061, ""timestamp"": 1770977689, ""title"": ""Will Trump nominate Kevin Warsh as the next Fed chair?"", ""slug"": ""will-trump-nominate-kevin-warsh-as-the-next-fed-chair"", ""icon"": ""https://polymarket-upload.s3.us-east-2.amazonaws.com/will-trump-nominate-kevin-warsh-as-the-next-fed-chair-Bc-vVyyVjhsS.jpg"", ""eventSlug"": ""who-will-trump-nominate-as-fed-chair"", ""outcome"": ""No"", ""outcomeIndex"": 1, ""name"": ""0xdcE0d1016eaD1525fC8c7b6513f989a60fF02DAF-1757924374902"", ""pseudonym"": ""Cloudy-Canoe"", ""bio"": """", ""profileImage"": """", ""profileImageOptimized"": """", ""transactionHash"": ""0x439319f6343f1455927fd6b5b8b65244d4629dc54d728a6af800021a01526327""}"
1770975455,2026-02-14T02:01:49.090281,0x93f9e72cc35cdb93c39c93e0b12e5f880cb51f879f2323103146498f893730d4:1770975455,572469,18289842382539867639079362738467334752951741961393928566628307174343542320349,SELL,0.06,10.0,0.6,0x93f9e72cc35cdb93c39c93e0b12e5f880cb51f879f2323103146498f893730d4,"{""proxyWallet"": ""0xd4932b0fa75ed34bbd4cf90183eb971d91d27f04"", ""side"": ""SELL"", ""asset"": ""18289842382539867639079362738467334752951741961393928566628307174343542320349"", ""conditionId"": ""0x61b66d02793b4a68ab0cc25be60d65f517fe18c7d654041281bb130341244fcc"", ""size"": 10, ""price"": 0.06, ""timestamp"": 1770975455, ""title"": ""Will Trump nominate Kevin Warsh as the next Fed chair?"", ""slug"": ""will-trump-nominate-kevin-warsh-as-the-next-fed-chair"", ""icon"": ""https://polymarket-upload.s3.us-east-2.amazonaws.com/will-trump-nominate-kevin-warsh-as-the-next-fed-chair-Bc-vVyyVjhsS.jpg"", ""eventSlug"": ""who-will-trump-nominate-as-fed-chair"", ""outcome"": ""No"", ""outcomeIndex"": 1, ""name"": ""orin40"", ""pseudonym"": ""Fragrant-Interchange"", ""bio"": """", ""profileImage"": """", ""profileImageOptimized"": """", ""transactionHash"": ""0x93f9e72cc35cdb93c39c93e0b12e5f880cb51f879f2323103146498f893730d4""}"
1770975329,2026-02-14T02:01:49.090303,0xffa9b263498381f50bc7724fc710023d9d768610201c7fbc7c34dc6736b92527:1770975329,572469,18289842382539867639079362738467334752951741961393928566628307174343542320349,SELL,0.06,73.54,4.4124,0xffa9b263498381f50bc7724fc710023d9d768610201c7fbc7c34dc6736b92527,"{""proxyWallet"": ""0x9dc2e5f6d8a88fd78d549d390918671282ef0727"", ""side"": ""SELL"", ""asset"": ""18289842382539867639079362738467334752951741961393928566628307174343542320349"", ""conditionId"": ""0x61b66d02793b4a68ab0cc25be60d65f517fe18c7d654041281bb130341244fcc"", ""size"": 73.54, ""price"": 0.06, ""timestamp"": 1770975329, ""title"": ""Will Trump nominate Kevin Warsh as the next Fed chair?"", ""slug"": ""will-trump-nominate-kevin-warsh-as-the-next-fed-chair"", ""icon"": ""https://polymarket-upload.s3.us-east-2.amazonaws.com/will-trump-nominate-kevin-warsh-as-the-next-fed-chair-Bc-vVyyVjhsS.jpg"", ""eventSlug"": ""who-will-trump-nominate-as-fed-chair"", ""outcome"": ""No"", ""outcomeIndex"": 1, ""name"": ""Bska36"", ""pseudonym"": ""Used-Thrill"", ""bio"": """", ""profileImage"": """", ""profileImageOptimized"": """", ""transactionHash"": ""0xffa9b263498381f50bc7724fc710023d9d768610201c7fbc7c34dc6736b92527""}"
1770975057,2026-02-14T02:01:49.090329,0x582f5b22b6fb2b77b632f78bcfe09c7369df345e30976ad43a0f0a45f61f26d9:1770975057,572469,18289842382539867639079362738467334752951741961393928566628307174343542320349,SELL,0.057,11.0,0.627,0x582f5b22b6fb2b77b632f78bcfe09c7369df345e30976ad43a0f0a45f61f26d9,"{""proxyWallet"": ""0x0ea6e87a23d432380e7af784f72c29a6aa46f94e"", ""side"": ""SELL"", ""asset"": ""18289842382539867639079362738467334752951741961393928566628307174343542320349"", ""conditionId"": ""0x61b66d02793b4a68ab0cc25be60d65f517fe18c7d654041281bb130341244fcc"", ""size"": 11, ""price"": 0.057, ""timestamp"": 1770975057, ""title"": ""Will Trump nominate Kevin Warsh as the next Fed chair?"", ""slug"": ""will-trump-nominate-kevin-warsh-as-the-next-fed-chair"", ""icon"": ""https://polymarket-upload.s3.us-east-2.amazonaws.com/will-trump-nominate-kevin-warsh-as-the-next-fed-chair-Bc-vVyyVjhsS.jpg"", ""eventSlug"": ""who-will-trump-nominate-as-fed-chair"", ""outcome"": ""No"", ""outcomeIndex"": 1, ""name"": """", ""pseudonym"": """", ""bio"": """", ""profileImage"": """", ""profileImageOptimized"": """", ""transactionHash"": ""0x582f5b22b6fb2b77b632f78bcfe09c7369df345e30976ad43a0f0a45f61f26d9""}"
1770974749,2026-02-14T02:01:49.090350,0x44820d12c75224d89068428063752675c2f820d5cc19a37f7dd0438798c3dc0e:1770974749,572469,18289842382539867639079362738467334752951741961393928566628307174343542320349,SELL,0.05691252699784017,37.04,2.10804,0x44820d12c75224d89068428063752675c2f820d5cc19a37f7dd0438798c3dc0e,"{""proxyWallet"": ""0xeb533c927bf1ec326505f845ee409a95a3f10412"", ""side"": ""SELL"", ""asset"": ""18289842382539867639079362738467334752951741961393928566628307174343542320349"", ""conditionId"": ""0x61b66d02793b4a68ab0cc25be60d65f517fe18c7d654041281bb130341244fcc"", ""size"": 37.04, ""price"": 0.05691252699784017, ""timestamp"": 1770974749, ""title"": ""Will Trump nominate Kevin Warsh as the next Fed chair?"", ""slug"": ""will-trump-nominate-kevin-warsh-as-the-next-fed-chair"", ""icon"": ""https://polymarket-upload.s3.us-east-2.amazonaws.com/will-trump-nominate-kevin-warsh-as-the-next-fed-chair-Bc-vVyyVjhsS.jpg"", ""eventSlug"": ""who-will-trump-nominate-as-fed-chair"", ""outcome"": ""No"", ""outcomeIndex"": 1, ""name"": ""0xeb533C927Bf1ec326505F845Ee409a95A3F10412-1764837574208"", ""pseudonym"": ""Acrobatic-Seal"", ""bio"": """", ""profileImage"": """", ""profileImageOptimized"": """", ""transactionHash"": ""0x44820d12c75224d89068428063752675c2f820d5cc19a37f7dd0438798c3dc0e""}"
1770974719,2026-02-14T02:01:49.090405,0x7d6a3720b52116610d359979e5d037fc2f6c0677ecc324acfc99a79c921e918a:1770974719,572469,18289842382539867639079362738467334752951741961393928566628307174343542320349,SELL,0.058,16.94,0.9825200000000002,0x7d6a3720b52116610d359979e5d037fc2f6c0677ecc324acfc99a79c921e918a,"{""proxyWallet"": ""0x8ec76ae3cdaea171d6bfac23f37531e7b86bb9ab"", ""side"": ""SELL"", ""asset"": ""18289842382539867639079362738467334752951741961393928566628307174343542320349"", ""conditionId"": ""0x61b66d02793b4a68ab0cc25be60d65f517fe18c7d654041281bb130341244fcc"", ""size"": 16.94, ""price"": 0.058, ""timestamp"": 1770974719, ""title"": ""Will Trump nominate Kevin Warsh as the next Fed chair?"", ""slug"": ""will-trump-nominate-kevin-warsh-as-the-next-fed-chair"", ""icon"": ""https://polymarket-upload.s3.us-east-2.amazonaws.com/will-trump-nominate-kevin-warsh-as-the-next-fed-chair-Bc-vVyyVjhsS.jpg"", ""eventSlug"": ""who-will-trump-nominate-as-fed-chair"", ""outcome"": ""No"", ""outcomeIndex"": 1, ""name"": ""0x8ec76AE3CdaEa171d6bfac23F37531e7b86bb9Ab-1770885089733"", ""pseudonym"": ""Simple-Alibi"", ""bio"": """", ""profileImage"": """", ""profileImageOptimized"": """", ""transactionHash"": ""0x7d6a3720b52116610d359979e5d037fc2f6c0677ecc324acfc99a79c921e918a""}"
1770974567,2026-02-14T02:01:49.090429,0x0e22051410bfca5affc9b3c5dee2db0c889c80f361829ded646a01f3c5c674bd:1770974567,572469,18289842382539867639079362738467334752951741961393928566628307174343542320349,BUY,0.058,100.0,5.800000000000001,0x0e22051410bfca5affc9b3c5dee2db0c889c80f361829ded646a01f3c5c674bd,"{""proxyWallet"": ""0xca8f0374e3fc79b485499cc0b038d4f7e783d963"", ""side"": ""BUY"", ""asset"": ""18289842382539867639079362738467334752951741961393928566628307174343542320349"", ""conditionId"": ""0x61b66d02793b4a68ab0cc25be60d65f517fe18c7d654041281bb130341244fcc"", ""size"": 100, ""price"": 0.058, ""timestamp"": 1770974567, ""title"": ""Will Trump nominate Kevin Warsh as the next Fed chair?"", ""slug"": ""will-trump-nominate-kevin-warsh-as-the-next-fed-chair"", ""icon"": ""https://polymarket-upload.s3.us-east-2.amazonaws.com/will-trump-nominate-kevin-warsh-as-the-next-fed-chair-Bc-vVyyVjhsS.jpg"", ""eventSlug"": ""who-will-trump-nominate-as-fed-chair"", ""outcome"": ""No"", ""outcomeIndex"": 1, ""name"": ""ScottVan"", ""pseudonym"": ""Quirky-Jackfruit"", ""bio"": ""Xiao hong shu: Scott Van"", ""profileImage"": ""https://polymarket-upload.s3.us-east-2.amazonaws.com/pexels_mnannapaneni_28891953_0d0aab77-e6a2-4288-9554-65e8d94404dc_1734553189528.jpg"", ""profileImageOptimized"": """", ""transactionHash"": ""0x0e22051410bfca5affc9b3c5dee2db0c889c80f361829ded646a01f3c5c674bd""}"
1770974461,2026-02-14T02:01:49.090453,0xc7ba3b2169d43bee05b9fd2251af68e006f49b873163a97106b3072017bc476e:1770974461,572469,18289842382539867639079362738467334752951741961393928566628307174343542320349,SELL,0.05615767535708597,376.66,21.152350000000002,0xc7ba3b2169d43bee05b9fd2251af68e006f49b873163a97106b3072017bc476e,"{""proxyWallet"": ""0x0599fc2ec3a13d90196f48d975267e8fffdaf0eb"", ""side"": ""SELL"", ""asset"": ""18289842382539867639079362738467334752951741961393928566628307174343542320349"", ""conditionId"": ""0x61b66d02793b4a68ab0cc25be60d65f517fe18c7d654041281bb130341244fcc"", ""size"": 376.66, ""price"": 0.05615767535708597, ""timestamp"": 1770974461, ""title"": ""Will Trump nominate Kevin Warsh as the next Fed chair?"", ""slug"": ""will-trump-nominate-kevin-warsh-as-the-next-fed-chair"", ""icon"": ""https://polymarket-upload.s3.us-east-2.amazonaws.com/will-trump-nominate-kevin-warsh-as-the-next-fed-chair-Bc-vVyyVjhsS.jpg"", ""eventSlug"": ""who-will-trump-nominate-as-fed-chair"", ""outcome"": ""No"", ""outcomeIndex"": 1, ""name"": ""kamli228"", ""pseudonym"": ""Important-Shock"", ""bio"": """", ""profileImage"": """", ""profileImageOptimized"": """", ""transactionHash"": ""0xc7ba3b2169d43bee05b9fd2251af68e006f49b873163a97106b3072017bc476e""}"
1770974413,2026-02-14T02:01:49.090473,0xeef6697eaaf9b0eba18d6d0f59623e5abc25a4427427af526485368c3c704fae:1770974413,572469,18289842382539867639079362738467334752951741961393928566628307174343542320349,SELL,0.057,1331.41,75.89037,0xeef6697eaaf9b0eba18d6d0f59623e5abc25a4427427af526485368c3c704fae,"{""proxyWallet"": ""0x0599fc2ec3a13d90196f48d975267e8fffdaf0eb"", ""side"": ""SELL"", ""asset"": ""18289842382539867639079362738467334752951741961393928566628307174343542320349"", ""conditionId"": ""0x61b66d02793b4a68ab0cc25be60d65f517fe18c7d654041281bb130341244fcc"", ""size"": 1331.41, ""price"": 0.057, ""timestamp"": 1770974413, ""title"": ""Will Trump nominate Kevin Warsh as the next Fed chair?"", ""slug"": ""will-trump-nominate-kevin-warsh-as-the-next-fed-chair"", ""icon"": ""https://polymarket-upload.s3.us-east-2.amazonaws.com/will-trump-nominate-kevin-warsh-as-the-next-fed-chair-Bc-vVyyVjhsS.jpg"", ""eventSlug"": ""who-will-trump-nominate-as-fed-chair"", ""outcome"": ""No"", ""outcomeIndex"": 1, ""name"": ""kamli228"", ""pseudonym"": ""Important-Shock"", ""bio"": """", ""profileImage"": """", ""profileImageOptimized"": """", ""transactionHash"": ""0xeef6697eaaf9b0eba18d6d0f59623e5abc25a4427427af526485368c3c704fae""}"
1770974357,2026-02-14T02:01:49.090492,0x33fe0d577333267613e708c39ae7cd5991b7b7161c30761380a47f638d0c012b:1770974357,572469,18289842382539867639079362738467334752951741961393928566628307174343542320349,SELL,0.059,3.81,0.22479,0x33fe0d577333267613e708c39ae7cd5991b7b7161c30761380a47f638d0c012b,"{""proxyWallet"": ""0x0599fc2ec3a13d90196f48d975267e8fffdaf0eb"", ""side"": ""SELL"", ""asset"": ""18289842382539867639079362738467334752951741961393928566628307174343542320349"", ""conditionId"": ""0x61b66d02793b4a68ab0cc25be60d65f517fe18c7d654041281bb130341244fcc"", ""size"": 3.81, ""price"": 0.059, ""timestamp"": 1770974357, ""title"": ""Will Trump nominate Kevin Warsh as the next Fed chair?"", ""slug"": ""will-trump-nominate-kevin-warsh-as-the-next-fed-chair"", ""icon"": ""https://polymarket-upload.s3.us-east-2.amazonaws.com/will-trump-nominate-kevin-warsh-as-the-next-fed-chair-Bc-vVyyVjhsS.jpg"", ""eventSlug"": ""who-will-trump-nominate-as-fed-chair"", ""outcome"": ""No"", ""outcomeIndex"": 1, ""name"": ""kamli228"", ""pseudonym"": ""Important-Shock"", ""bio"": """", ""profileImage"": """", ""profileImageOptimized"": """", ""transactionHash"": ""0x33fe0d577333267613e708c39ae7cd5991b7b7161c30761380a47f638d0c012b""}"
1770974159,2026-02-14T02:01:49.090514,0xe24e142a915761b6efafddaa82d6a4245c8053b971202cfebffddee869f958b3:1770974159,572469,18289842382539867639079362738467334752951741961393928566628307174343542320349,BUY,0.05973472379980126,16.740665,0.999999,0xe24e142a915761b6efafddaa82d6a4245c8053b971202cfebffddee869f958b3,"{""proxyWallet"": ""0x7bc5a7dd52233e3c4ece4545ab06fef32377b570"", ""side"": ""BUY"", ""asset"": ""18289842382539867639079362738467334752951741961393928566628307174343542320349"", ""conditionId"": ""0x61b66d02793b4a68ab0cc25be60d65f517fe18c7d654041281bb130341244fcc"", ""size"": 16.740665, ""price"": 0.05973472379980126, ""timestamp"": 1770974159, ""title"": ""Will Trump nominate Kevin Warsh as the next Fed chair?"", ""slug"": ""will-trump-nominate-kevin-warsh-as-the-next-fed-chair"", ""icon"": ""https://polymarket-upload.s3.us-east-2.amazonaws.com/will-trump-nominate-kevin-warsh-as-the-next-fed-chair-Bc-vVyyVjhsS.jpg"", ""eventSlug"": ""who-will-trump-nominate-as-fed-chair"", ""outcome"": ""No"", ""outcomeIndex"": 1, ""name"": ""0x7Bc5a7DD52233e3c4ECe4545Ab06FeF32377B570-1770802771548"", ""pseudonym"": ""Colorless-Recession"", ""bio"": """", ""profileImage"": """", ""profileImageOptimized"": """", ""transactionHash"": ""0xe24e142a915761b6efafddaa82d6a4245c8053b971202cfebffddee869f958b3""}"
1770973313,2026-02-14T02:01:49.090547,0x56ca88e320b3a55f21cb0448c7ccf302457a69fbc92894d3b6405f460dffb4a0:1770973313,572469,18289842382539867639079362738467334752951741961393928566628307174343542320349,BUY,0.05899994636899512,16.949151,0.999999,0x56ca88e320b3a55f21cb0448c7ccf302457a69fbc92894d3b6405f460dffb4a0,"{""proxyWallet"": ""0x8ec76ae3cdaea171d6bfac23f37531e7b86bb9ab"", ""side"": ""BUY"", ""asset"": ""18289842382539867639079362738467334752951741961393928566628307174343542320349"", ""conditionId"": ""0x61b66d02793b4a68ab0cc25be60d65f517fe18c7d654041281bb130341244fcc"", ""size"": 16.949151, ""price"": 0.05899994636899512, ""timestamp"": 1770973313, ""title"": ""Will Trump nominate Kevin Warsh as the next Fed chair?"", ""slug"": ""will-trump-nominate-kevin-warsh-as-the-next-fed-chair"", ""icon"": ""https://polymarket-upload.s3.us-east-2.amazonaws.com/will-trump-nominate-kevin-warsh-as-the-next-fed-chair-Bc-vVyyVjhsS.jpg"", ""eventSlug"": ""who-will-trump-nominate-as-fed-chair"", ""outcome"": ""No"", ""outcomeIndex"": 1, ""name"": ""0x8ec76AE3CdaEa171d6bfac23F37531e7b86bb9Ab-1770885089733"", ""pseudonym"": ""Simple-Alibi"", ""bio"": """", ""profileImage"": """", ""profileImageOptimized"": """", ""transactionHash"": ""0x56ca88e320b3a55f21cb0448c7ccf302457a69fbc92894d3b6405f460dffb4a0""}"
1770972679,2026-02-14T02:01:49.090580,0xe0084fb9a771bd9e1a8b4d7b95dae9f9345f20308b70e0b1736e2763ab31e0e9:1770972679,572469,18289842382539867639079362738467334752951741961393928566628307174343542320349,SELL,0.058,20.0,1.1600000000000001,0xe0084fb9a771bd9e1a8b4d7b95dae9f9345f20308b70e0b1736e2763ab31e0e9,"{""proxyWallet"": ""0x293b00bd8e2300b68758c9a9cdad9424b11e600c"", ""side"": ""SELL"", ""asset"": ""18289842382539867639079362738467334752951741961393928566628307174343542320349"", ""conditionId"": ""0x61b66d02793b4a68ab0cc25be60d65f517fe18c7d654041281bb130341244fcc"", ""size"": 20, ""price"": 0.058, ""timestamp"": 1770972679, ""title"": ""Will Trump nominate Kevin Warsh as the next Fed chair?"", ""slug"": ""will-trump-nominate-kevin-warsh-as-the-next-fed-chair"", ""icon"": ""https://polymarket-upload.s3.us-east-2.amazonaws.com/will-trump-nominate-kevin-warsh-as-the-next-fed-chair-Bc-vVyyVjhsS.jpg"", ""eventSlug"": ""who-will-trump-nominate-as-fed-chair"", ""outcome"": ""No"", ""outcomeIndex"": 1, ""name"": ""Cornucopia"", ""pseudonym"": ""Tidy-Sportsman"", ""bio"": """", ""profileImage"": """", ""profileImageOptimized"": """", ""transactionHash"": ""0xe0084fb9a771bd9e1a8b4d7b95dae9f9345f20308b70e0b1736e2763ab31e0e9""}"
1770972061,2026-02-14T02:01:49.090602,0x71b4b0d3ade751b512edabd840721187fffeb67af3010eab03a87d06efe2319b:1770972061,572469,18289842382539867639079362738467334752951741961393928566628307174343542320349,BUY,0.058,42.46,2.46268,0x71b4b0d3ade751b512edabd840721187fffeb67af3010eab03a87d06efe2319b,"{""proxyWallet"": ""0xca8f0374e3fc79b485499cc0b038d4f7e783d963"", ""side"": ""BUY"", ""asset"": ""18289842382539867639079362738467334752951741961393928566628307174343542320349"", ""conditionId"": ""0x61b66d02793b4a68ab0cc25be60d65f517fe18c7d654041281bb130341244fcc"", ""size"": 42.46, ""price"": 0.058, ""timestamp"": 1770972061, ""title"": ""Will Trump nominate Kevin Warsh as the next Fed chair?"", ""slug"": ""will-trump-nominate-kevin-warsh-as-the-next-fed-chair"", ""icon"": ""https://polymarket-upload.s3.us-east-2.amazonaws.com/will-trump-nominate-kevin-warsh-as-the-next-fed-chair-Bc-vVyyVjhsS.jpg"", ""eventSlug"": ""who-will-trump-nominate-as-fed-chair"", ""outcome"": ""No"", ""outcomeIndex"": 1, ""name"": ""ScottVan"", ""pseudonym"": ""Quirky-Jackfruit"", ""bio"": ""Xiao hong shu: Scott Van"", ""profileImage"": ""https://polymarket-upload.s3.us-east-2.amazonaws.com/pexels_mnannapaneni_28891953_0d0aab77-e6a2-4288-9554-65e8d94404dc_1734553189528.jpg"", ""profileImageOptimized"": """", ""transactionHash"": ""0x71b4b0d3ade751b512edabd840721187fffeb67af3010eab03a87d06efe2319b""}"
1770971879,2026-02-14T02:01:50.402423,0xd3a640c36d39a44e2005f741a92677645f5152b3835c389cc09b2dd8200bfc05:1770971879,572469,18289842382539867639079362738467334752951741961393928566628307174343542320349,BUY,0.0599999459999946,16.666665,0.9999989999999999,0xd3a640c36d39a44e2005f741a92677645f5152b3835c389cc09b2dd8200bfc05,"{""proxyWallet"": ""0xf7ec2b3cddf311be4322cdf375d1ba4bbb144925"", ""side"": ""BUY"", ""asset"": ""18289842382539867639079362738467334752951741961393928566628307174343542320349"", ""conditionId"": ""0x61b66d02793b4a68ab0cc25be60d65f517fe18c7d654041281bb130341244fcc"", ""size"": 16.666665, ""price"": 0.0599999459999946, ""timestamp"": 1770971879, ""title"": ""Will Trump nominate Kevin Warsh as the next Fed chair?"", ""slug"": ""will-trump-nominate-kevin-warsh-as-the-next-fed-chair"", ""icon"": ""https://polymarket-upload.s3.us-east-2.amazonaws.com/will-trump-nominate-kevin-warsh-as-the-next-fed-chair-Bc-vVyyVjhsS.jpg"", ""eventSlug"": ""who-will-trump-nominate-as-fed-chair"", ""outcome"": ""No"", ""outcomeIndex"": 1, ""name"": ""0xF7ec2B3cDdF311bE4322CDf375D1bA4BbB144925-1770904234864"", ""pseudonym"": ""Arctic-Exam"", ""bio"": """", ""profileImage"": """", ""profileImageOptimized"": """", ""transactionHash"": ""0xd3a640c36d39a44e2005f741a92677645f5152b3835c389cc09b2dd8200bfc05""}"
1770971763,2026-02-14T02:01:50.402469,0xc9170e8b4be5dd1db96b0f8ed46391c8144ef05c461213f2b551e32b3ba499e9:1770971763,572469,18289842382539867639079362738467334752951741961393928566628307174343542320349,SELL,0.05746772684752105,21.38,1.22866,0xc9170e8b4be5dd1db96b0f8ed46391c8144ef05c461213f2b551e32b3ba499e9,"{""proxyWallet"": ""0xd56ee3edbd486197d9f5a6a5605972420716b9a6"", ""side"": ""SELL"", ""asset"": ""18289842382539867639079362738467334752951741961393928566628307174343542320349"", ""conditionId"": ""0x61b66d02793b4a68ab0cc25be60d65f517fe18c7d654041281bb130341244fcc"", ""size"": 21.38, ""price"": 0.05746772684752105, ""timestamp"": 1770971763, ""title"": ""Will Trump nominate Kevin Warsh as the next Fed chair?"", ""slug"": ""will-trump-nominate-kevin-warsh-as-the-next-fed-chair"", ""icon"": ""https://polymarket-upload.s3.us-east-2.amazonaws.com/will-trump-nominate-kevin-warsh-as-the-next-fed-chair-Bc-vVyyVjhsS.jpg"", ""eventSlug"": ""who-will-trump-nominate-as-fed-chair"", ""outcome"": ""No"", ""outcomeIndex"": 1, ""name"": ""batmat90"", ""pseudonym"": ""Worst-Improvement"", ""bio"": """", ""profileImage"": """", ""profileImageOptimized"": """", ""transactionHash"": ""0xc9170e8b4be5dd1db96b0f8ed46391c8144ef05c461213f2b551e32b3ba499e9""}"
1770971537,2026-02-14T02:01:50.402489,0xa0767c940cd6bb79a3211ffa112edf215f2a5eb6803e626133bcc2f448413e00:1770971537,572469,18289842382539867639079362738467334752951741961393928566628307174343542320349,SELL,0.06,20.43,1.2258,0xa0767c940cd6bb79a3211ffa112edf215f2a5eb6803e626133bcc2f448413e00,"{""proxyWallet"": ""0x0d2b029f3afa0eb6c0ff8e28dc42f0768b8424f2"", ""side"": ""SELL"", ""asset"": ""18289842382539867639079362738467334752951741961393928566628307174343542320349"", ""conditionId"": ""0x61b66d02793b4a68ab0cc25be60d65f517fe18c7d654041281bb130341244fcc"", ""size"": 20.43, ""price"": 0.06, ""timestamp"": 1770971537, ""title"": ""Will Trump nominate Kevin Warsh as the next Fed chair?"", ""slug"": ""will-trump-nominate-kevin-warsh-as-the-next-fed-chair"", ""icon"": ""https://polymarket-upload.s3.us-east-2.amazonaws.com/will-trump-nominate-kevin-warsh-as-the-next-fed-chair-Bc-vVyyVjhsS.jpg"", ""eventSlug"": ""who-will-trump-nominate-as-fed-chair"", ""outcome"": ""No"", ""outcomeIndex"": 1, ""name"": ""kevinyu"", ""pseudonym"": ""Helpful-Specification"", ""bio"": """", ""profileImage"": ""https://polymarket-upload.s3.us-east-2.amazonaws.com/IMG_4318_e850967c-f1e9-4aa7-b4c4-db9dafb0c6b1_1723514071987.JPG"", ""profileImageOptimized"": """", ""transactionHash"": ""0xa0767c940cd6bb79a3211ffa112edf215f2a5eb6803e626133bcc2f448413e00""}"
1770970269,2026-02-14T02:01:50.402513,0xea6503ea217279a50772e47d4d86b9536e8f2b3a587a33ad26a8203428029172:1770970269,572469,18289842382539867639079362738467334752951741961393928566628307174343542320349,BUY,0.05899994636899512,16.949151,0.999999,0xea6503ea217279a50772e47d4d86b9536e8f2b3a587a33ad26a8203428029172,"{""proxyWallet"": ""0x04079eabce6891431034026d6a72ce4e6e462b38"", ""side"": ""BUY"", ""asset"": ""18289842382539867639079362738467334752951741961393928566628307174343542320349"", ""conditionId"": ""0x61b66d02793b4a68ab0cc25be60d65f517fe18c7d654041281bb130341244fcc"", ""size"": 16.949151, ""price"": 0.05899994636899512, ""timestamp"": 1770970269, ""title"": ""Will Trump nominate Kevin Warsh as the next Fed chair?"", ""slug"": ""will-trump-nominate-kevin-warsh-as-the-next-fed-chair"", ""icon"": ""https://polymarket-upload.s3.us-east-2.amazonaws.com/will-trump-nominate-kevin-warsh-as-the-next-fed-chair-Bc-vVyyVjhsS.jpg"", ""eventSlug"": ""who-will-trump-nominate-as-fed-chair"", ""outcome"": ""No"", ""outcomeIndex"": 1, ""name"": ""Ney126"", ""pseudonym"": ""Corny-Ecumenist"", ""bio"": """", ""profileImage"": """", ""profileImageOptimized"": """", ""transactionHash"": ""0xea6503ea217279a50772e47d4d86b9536e8f2b3a587a33ad26a8203428029172""}"
1770968953,2026-02-14T02:01:50.402534,0x6d519d594999ab5e97f8684b5c9607aa64086805a41b23888dbc7d9aabac3d6e:1770968953,572469,18289842382539867639079362738467334752951741961393928566628307174343542320349,BUY,0.06,5000.0,300.0,0x6d519d594999ab5e97f8684b5c9607aa64086805a41b23888dbc7d9aabac3d6e,"{""proxyWallet"": ""0x21aa6040992e7f3c0951e4ccd2307438a24342f1"", ""side"": ""BUY"", ""asset"": ""18289842382539867639079362738467334752951741961393928566628307174343542320349"", ""conditionId"": ""0x61b66d02793b4a68ab0cc25be60d65f517fe18c7d654041281bb130341244fcc"", ""size"": 5000, ""price"": 0.06, ""timestamp"": 1770968953, ""title"": ""Will Trump nominate Kevin Warsh as the next Fed chair?"", ""slug"": ""will-trump-nominate-kevin-warsh-as-the-next-fed-chair"", ""icon"": ""https://polymarket-upload.s3.us-east-2.amazonaws.com/will-trump-nominate-kevin-warsh-as-the-next-fed-chair-Bc-vVyyVjhsS.jpg"", ""eventSlug"": ""who-will-trump-nominate-as-fed-chair"", ""outcome"": ""No"", ""outcomeIndex"": 1, ""name"": """", ""pseudonym"": """", ""bio"": """", ""profileImage"": """", ""profileImageOptimized"": """", ""transactionHash"": ""0x6d519d594999ab5e97f8684b5c9607aa64086805a41b23888dbc7d9aabac3d6e""}"
1770968877,2026-02-14T02:01:50.402547,0xe9785cb6ed7e1db3e779b0b335fd27090beee89beb1063ae6ca27a93abac6baa:1770968877,572469,18289842382539867639079362738467334752951741961393928566628307174343542320349,BUY,0.05999999723999999,333.333332,19.999999,0xe9785cb6ed7e1db3e779b0b335fd27090beee89beb1063ae6ca27a93abac6baa,"{""proxyWallet"": ""0x21aa6040992e7f3c0951e4ccd2307438a24342f1"", ""side"": ""BUY"", ""asset"": ""18289842382539867639079362738467334752951741961393928566628307174343542320349"", ""conditionId"": ""0x61b66d02793b4a68ab0cc25be60d65f517fe18c7d654041281bb130341244fcc"", ""size"": 333.333332, ""price"": 0.05999999723999999, ""timestamp"": 1770968877, ""title"": ""Will Trump nominate Kevin Warsh as the next Fed chair?"", ""slug"": ""will-trump-nominate-kevin-warsh-as-the-next-fed-chair"", ""icon"": ""https://polymarket-upload.s3.us-east-2.amazonaws.com/will-trump-nominate-kevin-warsh-as-the-next-fed-chair-Bc-vVyyVjhsS.jpg"", ""eventSlug"": ""who-will-trump-nominate-as-fed-chair"", ""outcome"": ""No"", ""outcomeIndex"": 1, ""name"": """", ""pseudonym"": """", ""bio"": """", ""profileImage"": """", ""profileImageOptimized"": """", ""transactionHash"": ""0xe9785cb6ed7e1db3e779b0b335fd27090beee89beb1063ae6ca27a93abac6baa""}"
1770967687,2026-02-14T02:01:50.402568,0xa85f40c997643b9c63f2d90d13792d27ae1a89a2bbd4431610aa2fd193285e7a:1770967687,572469,18289842382539867639079362738467334752951741961393928566628307174343542320349,BUY,0.05980854875231382,2675.202832,159.999999,0xa85f40c997643b9c63f2d90d13792d27ae1a89a2bbd4431610aa2fd193285e7a,"{""proxyWallet"": ""0x0ae192f74b0c3b3eb1bc26c8fb6bd0afd738bef3"", ""side"": ""BUY"", ""asset"": ""18289842382539867639079362738467334752951741961393928566628307174343542320349"", ""conditionId"": ""0x61b66d02793b4a68ab0cc25be60d65f517fe18c7d654041281bb130341244fcc"", ""size"": 2675.202832, ""price"": 0.05980854875231382, ""timestamp"": 1770967687, ""title"": ""Will Trump nominate Kevin Warsh as the next Fed chair?"", ""slug"": ""will-trump-nominate-kevin-warsh-as-the-next-fed-chair"", ""icon"": ""https://polymarket-upload.s3.us-east-2.amazonaws.com/will-trump-nominate-kevin-warsh-as-the-next-fed-chair-Bc-vVyyVjhsS.jpg"", ""eventSlug"": ""who-will-trump-nominate-as-fed-chair"", ""outcome"": ""No"", ""outcomeIndex"": 1, ""name"": """", ""pseudonym"": """", ""bio"": """", ""profileImage"": """", ""profileImageOptimized"": """", ""transactionHash"": ""0xa85f40c997643b9c63f2d90d13792d27ae1a89a2bbd4431610aa2fd193285e7a""}"
1770967659,2026-02-14T02:01:50.402582,0x6eee72a2fec604a4a2c8c99bf5f85b124a84f66e516c0336be8e2c17ff345f64:1770967659,572469,18289842382539867639079362738467334752951741961393928566628307174343542320349,BUY,0.059,20.0,1.18,0x6eee72a2fec604a4a2c8c99bf5f85b124a84f66e516c0336be8e2c17ff345f64,"{""proxyWallet"": ""0x7013450618fdb0a58887e6c5553fe818ccd48bfa"", ""side"": ""BUY"", ""asset"": ""18289842382539867639079362738467334752951741961393928566628307174343542320349"", ""conditionId"": ""0x61b66d02793b4a68ab0cc25be60d65f517fe18c7d654041281bb130341244fcc"", ""size"": 20, ""price"": 0.059, ""timestamp"": 1770967659, ""title"": ""Will Trump nominate Kevin Warsh as the next Fed chair?"", ""slug"": ""will-trump-nominate-kevin-warsh-as-the-next-fed-chair"", ""icon"": ""https://polymarket-upload.s3.us-east-2.amazonaws.com/will-trump-nominate-kevin-warsh-as-the-next-fed-chair-Bc-vVyyVjhsS.jpg"", ""eventSlug"": ""who-will-trump-nominate-as-fed-chair"", ""outcome"": ""No"", ""outcomeIndex"": 1, ""name"": ""cwe1143"", ""pseudonym"": ""Optimistic-Principal"", ""bio"": """", ""profileImage"": """", ""profileImageOptimized"": """", ""transactionHash"": ""0x6eee72a2fec604a4a2c8c99bf5f85b124a84f66e516c0336be8e2c17ff345f64""}"
1770966993,2026-02-14T02:01:50.402597,0x4ae91ed7dcb878fc83104511ae7f33dbff85d84ca6a61e2bc35fea0b59fbbdae:1770966993,572469,18289842382539867639079362738467334752951741961393928566628307174343542320349,BUY,0.06,70.0,4.2,0x4ae91ed7dcb878fc83104511ae7f33dbff85d84ca6a61e2bc35fea0b59fbbdae,"{""proxyWallet"": ""0xde25ecba5258e967beca024ef0fb934632421ada"", ""side"": ""BUY"", ""asset"": ""18289842382539867639079362738467334752951741961393928566628307174343542320349"", ""conditionId"": ""0x61b66d02793b4a68ab0cc25be60d65f517fe18c7d654041281bb130341244fcc"", ""size"": 70, ""price"": 0.06, ""timestamp"": 1770966993, ""title"": ""Will Trump nominate Kevin Warsh as the next Fed chair?"", ""slug"": ""will-trump-nominate-kevin-warsh-as-the-next-fed-chair"", ""icon"": ""https://polymarket-upload.s3.us-east-2.amazonaws.com/will-trump-nominate-kevin-warsh-as-the-next-fed-chair-Bc-vVyyVjhsS.jpg"", ""eventSlug"": ""who-will-trump-nominate-as-fed-chair"", ""outcome"": ""No"", ""outcomeIndex"": 1, ""name"": ""11231sb"", ""pseudonym"": ""Overcooked-Stain"", ""bio"": """", ""profileImage"": """", ""profileImageOptimized"": """", ""transactionHash"": ""0x4ae91ed7dcb878fc83104511ae7f33dbff85d84ca6a61e2bc35fea0b59fbbdae""}"
1770966699,2026-02-14T02:01:50.402611,0xde83021d28186a01dbf372f6895375e04ca11e0e285d691e254229721cf2c6c7:1770966699,572469,18289842382539867639079362738467334752951741961393928566628307174343542320349,BUY,0.06,20.0,1.2,0xde83021d28186a01dbf372f6895375e04ca11e0e285d691e254229721cf2c6c7,"{""proxyWallet"": ""0x5044ddca816392e5c3d4f7f02cb44050a96e4c2a"", ""side"": ""BUY"", ""asset"": ""18289842382539867639079362738467334752951741961393928566628307174343542320349"", ""conditionId"": ""0x61b66d02793b4a68ab0cc25be60d65f517fe18c7d654041281bb130341244fcc"", ""size"": 20, ""price"": 0.06, ""timestamp"": 1770966699, ""title"": ""Will Trump nominate Kevin Warsh as the next Fed chair?"", ""slug"": ""will-trump-nominate-kevin-warsh-as-the-next-fed-chair"", ""icon"": ""https://polymarket-upload.s3.us-east-2.amazonaws.com/will-trump-nominate-kevin-warsh-as-the-next-fed-chair-Bc-vVyyVjhsS.jpg"", ""eventSlug"": ""who-will-trump-nominate-as-fed-chair"", ""outcome"": ""No"", ""outcomeIndex"": 1, ""name"": ""sfa11"", ""pseudonym"": ""Complex-Scooter"", ""bio"": """", ""profileImage"": """", ""profileImageOptimized"": """", ""transactionHash"": ""0xde83021d28186a01dbf372f6895375e04ca11e0e285d691e254229721cf2c6c7""}"
1770966681,2026-02-14T02:01:50.402630,0xe158140e3f422f75f95a410104858153963909cfb805d15608b1565e8344f56f:1770966681,572469,18289842382539867639079362738467334752951741961393928566628307174343542320349,BUY,0.059999972399998894,33.333332,1.9999989999999999,0xe158140e3f422f75f95a410104858153963909cfb805d15608b1565e8344f56f,"{""proxyWallet"": ""0x9130cf6751eac9b992042aa8c3ed9f9954adeae7"", ""side"": ""BUY"", ""asset"": ""18289842382539867639079362738467334752951741961393928566628307174343542320349"", ""conditionId"": ""0x61b66d02793b4a68ab0cc25be60d65f517fe18c7d654041281bb130341244fcc"", ""size"": 33.333332, ""price"": 0.059999972399998894, ""timestamp"": 1770966681, ""title"": ""Will Trump nominate Kevin Warsh as the next Fed chair?"", ""slug"": ""will-trump-nominate-kevin-warsh-as-the-next-fed-chair"", ""icon"": ""https://polymarket-upload.s3.us-east-2.amazonaws.com/will-trump-nominate-kevin-warsh-as-the-next-fed-chair-Bc-vVyyVjhsS.jpg"", ""eventSlug"": ""who-will-trump-nominate-as-fed-chair"", ""outcome"": ""No"", ""outcomeIndex"": 1, ""name"": ""0x9130cF6751eaC9B992042aa8C3eD9F9954AdEAe7-1770759762640"", ""pseudonym"": ""Mortified-Opening"", ""bio"": """", ""profileImage"": """", ""profileImageOptimized"": """", ""transactionHash"": ""0xe158140e3f422f75f95a410104858153963909cfb805d15608b1565e8344f56f""}"
1770966327,2026-02-14T02:01:50.402647,0xe1924d9ef922d6fbb13b699b0661af7928a3624075cc72543f7c6de312ac3b85:1770966327,572469,18289842382539867639079362738467334752951741961393928566628307174343542320349,SELL,0.059,10.0,0.59,0xe1924d9ef922d6fbb13b699b0661af7928a3624075cc72543f7c6de312ac3b85,"{""proxyWallet"": ""0x68fe449973d82e3b643ce3e91becb6bfa7ba9ec0"", ""side"": ""SELL"", ""asset"": ""18289842382539867639079362738467334752951741961393928566628307174343542320349"", ""conditionId"": ""0x61b66d02793b4a68ab0cc25be60d65f517fe18c7d654041281bb130341244fcc"", ""size"": 10, ""price"": 0.059, ""timestamp"": 1770966327, ""title"": ""Will Trump nominate Kevin Warsh as the next Fed chair?"", ""slug"": ""will-trump-nominate-kevin-warsh-as-the-next-fed-chair"", ""icon"": ""https://polymarket-upload.s3.us-east-2.amazonaws.com/will-trump-nominate-kevin-warsh-as-the-next-fed-chair-Bc-vVyyVjhsS.jpg"", ""eventSlug"": ""who-will-trump-nominate-as-fed-chair"", ""outcome"": ""No"", ""outcomeIndex"": 1, ""name"": ""ADSASHJTYUIKUY"", ""pseudonym"": ""Gargantuan-Refrigerator"", ""bio"": """", ""profileImage"": """", ""profileImageOptimized"": """", ""transactionHash"": ""0xe1924d9ef922d6fbb13b699b0661af7928a3624075cc72543f7c6de312ac3b85""}"
1770966327,2026-02-14T02:01:50.402659,0xe52c879cdc6d6beeb8c3ca1b24f506ef0437d267297749a7b2aeac82c294be48:1770966327,572469,18289842382539867639079362738467334752951741961393928566628307174343542320349,SELL,0.059,10.0,0.59,0xe52c879cdc6d6beeb8c3ca1b24f506ef0437d267297749a7b2aeac82c294be48,"{""proxyWallet"": ""0xfd2f3a1392a284ad48232ea899e46c66a7a45c8e"", ""side"": ""SELL"", ""asset"": ""18289842382539867639079362738467334752951741961393928566628307174343542320349"", ""conditionId"": ""0x61b66d02793b4a68ab0cc25be60d65f517fe18c7d654041281bb130341244fcc"", ""size"": 10, ""price"": 0.059, ""timestamp"": 1770966327, ""title"": ""Will Trump nominate Kevin Warsh as the next Fed chair?"", ""slug"": ""will-trump-nominate-kevin-warsh-as-the-next-fed-chair"", ""icon"": ""https://polymarket-upload.s3.us-east-2.amazonaws.com/will-trump-nominate-kevin-warsh-as-the-next-fed-chair-Bc-vVyyVjhsS.jpg"", ""eventSlug"": ""who-will-trump-nominate-as-fed-chair"", ""outcome"": ""No"", ""outcomeIndex"": 1, ""name"": ""TEWADSUDSAIU"", ""pseudonym"": ""Watchful-Rhetoric"", ""bio"": """", ""profileImage"": """", ""profileImageOptimized"": """", ""transactionHash"": ""0xe52c879cdc6d6beeb8c3ca1b24f506ef0437d267297749a7b2aeac82c294be48""}"
1770966255,2026-02-14T02:01:50.402671,0xc410ec8e0648b5a33855cc434596d1360f390a271d611f6da9c83faabd7dfd91:1770966255,572469,18289842382539867639079362738467334752951741961393928566628307174343542320349,BUY,0.06,20.0,1.2,0xc410ec8e0648b5a33855cc434596d1360f390a271d611f6da9c83faabd7dfd91,"{""proxyWallet"": ""0x5044ddca816392e5c3d4f7f02cb44050a96e4c2a"", ""side"": ""BUY"", ""asset"": ""18289842382539867639079362738467334752951741961393928566628307174343542320349"", ""conditionId"": ""0x61b66d02793b4a68ab0cc25be60d65f517fe18c7d654041281bb130341244fcc"", ""size"": 20, ""price"": 0.06, ""timestamp"": 1770966255, ""title"": ""Will Trump nominate Kevin Warsh as the next Fed chair?"", ""slug"": ""will-trump-nominate-kevin-warsh-as-the-next-fed-chair"", ""icon"": ""https://polymarket-upload.s3.us-east-2.amazonaws.com/will-trump-nominate-kevin-warsh-as-the-next-fed-chair-Bc-vVyyVjhsS.jpg"", ""eventSlug"": ""who-will-trump-nominate-as-fed-chair"", ""outcome"": ""No"", ""outcomeIndex"": 1, ""name"": ""sfa11"", ""pseudonym"": ""Complex-Scooter"", ""bio"": """", ""profileImage"": """", ""profileImageOptimized"": """", ""transactionHash"": ""0xc410ec8e0648b5a33855cc434596d1360f390a271d611f6da9c83faabd7dfd91""}"
1770966089,2026-02-14T02:01:50.402684,0x9bc363d6558c1810998d997516efc4efc48560fdbe7a8e3902ae42d4e549a031:1770966089,572469,18289842382539867639079362738467334752951741961393928566628307174343542320349,BUY,0.059999999373012265,1467.333332,88.039999,0x9bc363d6558c1810998d997516efc4efc48560fdbe7a8e3902ae42d4e549a031,"{""proxyWallet"": ""0x292a601f23dce479064408cf26a86efb8d87e42f"", ""side"": ""BUY"", ""asset"": ""18289842382539867639079362738467334752951741961393928566628307174343542320349"", ""conditionId"": ""0x61b66d02793b4a68ab0cc25be60d65f517fe18c7d654041281bb130341244fcc"", ""size"": 1467.333332, ""price"": 0.059999999373012265, ""timestamp"": 1770966089, ""title"": ""Will Trump nominate Kevin Warsh as the next Fed chair?"", ""slug"": ""will-trump-nominate-kevin-warsh-as-the-next-fed-chair"", ""icon"": ""https://polymarket-upload.s3.us-east-2.amazonaws.com/will-trump-nominate-kevin-warsh-as-the-next-fed-chair-Bc-vVyyVjhsS.jpg"", ""eventSlug"": ""who-will-trump-nominate-as-fed-chair"", ""outcome"": ""No"", ""outcomeIndex"": 1, ""name"": ""Anon98192"", ""pseudonym"": ""Harsh-Organisation"", ""bio"": """", ""profileImage"": """", ""profileImageOptimized"": """", ""transactionHash"": ""0x9bc363d6558c1810998d997516efc4efc48560fdbe7a8e3902ae42d4e549a031""}"
1770965945,2026-02-14T02:01:50.402697,0xf52291a03e62578eb35ce11e06fb0f1f39ecd6db2df49ff429b58b16c9531ed9:1770965945,572469,18289842382539867639079362738467334752951741961393928566628307174343542320349,BUY,0.06,250.0,15.0,0xf52291a03e62578eb35ce11e06fb0f1f39ecd6db2df49ff429b58b16c9531ed9,"{""proxyWallet"": ""0xd4938e1b684d7e4d0ba1e838326c2d5e609e205a"", ""side"": ""BUY"", ""asset"": ""18289842382539867639079362738467334752951741961393928566628307174343542320349"", ""conditionId"": ""0x61b66d02793b4a68ab0cc25be60d65f517fe18c7d654041281bb130341244fcc"", ""size"": 250, ""price"": 0.06, ""timestamp"": 1770965945, ""title"": ""Will Trump nominate Kevin Warsh as the next Fed chair?"", ""slug"": ""will-trump-nominate-kevin-warsh-as-the-next-fed-chair"", ""icon"": ""https://polymarket-upload.s3.us-east-2.amazonaws.com/will-trump-nominate-kevin-warsh-as-the-next-fed-chair-Bc-vVyyVjhsS.jpg"", ""eventSlug"": ""who-will-trump-nominate-as-fed-chair"", ""outcome"": ""No"", ""outcomeIndex"": 1, ""name"": ""hoshe"", ""pseudonym"": ""Shocking-Bowl"", ""bio"": """", ""profileImage"": """", ""profileImageOptimized"": """", ""transactionHash"": ""0xf52291a03e62578eb35ce11e06fb0f1f39ecd6db2df49ff429b58b16c9531ed9""}"
1770965837,2026-02-14T02:01:50.402710,0x50f8b188e5a96bcaeac1af78a953a04767dbed78c70d2a9cd53cc020ed034a9f:1770965837,572469,18289842382539867639079362738467334752951741961393928566628307174343542320349,BUY,0.059,20.0,1.18,0x50f8b188e5a96bcaeac1af78a953a04767dbed78c70d2a9cd53cc020ed034a9f,"{""proxyWallet"": ""0x5044ddca816392e5c3d4f7f02cb44050a96e4c2a"", ""side"": ""BUY"", ""asset"": ""18289842382539867639079362738467334752951741961393928566628307174343542320349"", ""conditionId"": ""0x61b66d02793b4a68ab0cc25be60d65f517fe18c7d654041281bb130341244fcc"", ""size"": 20, ""price"": 0.059, ""timestamp"": 1770965837, ""title"": ""Will Trump nominate Kevin Warsh as the next Fed chair?"", ""slug"": ""will-trump-nominate-kevin-warsh-as-the-next-fed-chair"", ""icon"": ""https://polymarket-upload.s3.us-east-2.amazonaws.com/will-trump-nominate-kevin-warsh-as-the-next-fed-chair-Bc-vVyyVjhsS.jpg"", ""eventSlug"": ""who-will-trump-nominate-as-fed-chair"", ""outcome"": ""No"", ""outcomeIndex"": 1, ""name"": ""sfa11"", ""pseudonym"": ""Complex-Scooter"", ""bio"": """", ""profileImage"": """", ""profileImageOptimized"": """", ""transactionHash"": ""0x50f8b188e5a96bcaeac1af78a953a04767dbed78c70d2a9cd53cc020ed034a9f""}"
1770965673,2026-02-14T02:01:50.402744,0x6aec7058097dba42ba06433e00c8a813ce944ace9a3028196bda12c14cb01667:1770965673,572469,18289842382539867639079362738467334752951741961393928566628307174343542320349,BUY,0.05899998575212731,63.728812,3.7599989999999996,0x6aec7058097dba42ba06433e00c8a813ce944ace9a3028196bda12c14cb01667,"{""proxyWallet"": ""0x8781fc0d393af89ea2553ba458d179c312d10d7a"", ""side"": ""BUY"", ""asset"": ""18289842382539867639079362738467334752951741961393928566628307174343542320349"", ""conditionId"": ""0x61b66d02793b4a68ab0cc25be60d65f517fe18c7d654041281bb130341244fcc"", ""size"": 63.728812, ""price"": 0.05899998575212731, ""timestamp"": 1770965673, ""title"": ""Will Trump nominate Kevin Warsh as the next Fed chair?"", ""slug"": ""will-trump-nominate-kevin-warsh-as-the-next-fed-chair"", ""icon"": ""https://polymarket-upload.s3.us-east-2.amazonaws.com/will-trump-nominate-kevin-warsh-as-the-next-fed-chair-Bc-vVyyVjhsS.jpg"", ""eventSlug"": ""who-will-trump-nominate-as-fed-chair"", ""outcome"": ""No"", ""outcomeIndex"": 1, ""name"": ""JohnnyDP"", ""pseudonym"": ""Fruitful-Sinuosity"", ""bio"": """", ""profileImage"": """", ""profileImageOptimized"": """", ""transactionHash"": ""0x6aec7058097dba42ba06433e00c8a813ce944ace9a3028196bda12c14cb01667""}"
1770965631,2026-02-14T02:01:50.402784,0x1a1d093c9b7b0282903f672c1560af158acb95ae1b45b3c4e5eaa98cc1f47d73:1770965631,572469,18289842382539867639079362738467334752951741961393928566628307174343542320349,BUY,0.059,150.0,8.85,0x1a1d093c9b7b0282903f672c1560af158acb95ae1b45b3c4e5eaa98cc1f47d73,"{""proxyWallet"": ""0xf7913df0c748f1e685281b7849aec50cfad94a8f"", ""side"": ""BUY"", ""asset"": ""18289842382539867639079362738467334752951741961393928566628307174343542320349"", ""conditionId"": ""0x61b66d02793b4a68ab0cc25be60d65f517fe18c7d654041281bb130341244fcc"", ""size"": 150, ""price"": 0.059, ""timestamp"": 1770965631, ""title"": ""Will Trump nominate Kevin Warsh as the next Fed chair?"", ""slug"": ""will-trump-nominate-kevin-warsh-as-the-next-fed-chair"", ""icon"": ""https://polymarket-upload.s3.us-east-2.amazonaws.com/will-trump-nominate-kevin-warsh-as-the-next-fed-chair-Bc-vVyyVjhsS.jpg"", ""eventSlug"": ""who-will-trump-nominate-as-fed-chair"", ""outcome"": ""No"", ""outcomeIndex"": 1, ""name"": ""btwx"", ""pseudonym"": ""Svelte-Dungeon"", ""bio"": """", ""profileImage"": """", ""profileImageOptimized"": """", ""transactionHash"": ""0x1a1d093c9b7b0282903f672c1560af158acb95ae1b45b3c4e5eaa98cc1f47d73""}"
1770965629,2026-02-14T02:01:50.402802,0x748f7ee832dfc51903e88f6e5c1fcf37f19558c9fb8479a900582047e4632220:1770965629,572469,18289842382539867639079362738467334752951741961393928566628307174343542320349,SELL,0.058,1.08,0.06264,0x748f7ee832dfc51903e88f6e5c1fcf37f19558c9fb8479a900582047e4632220,"{""proxyWallet"": ""0x867470a1b827e7441f82a0d9d7f36cc8fd170d1e"", ""side"": ""SELL"", ""asset"": ""18289842382539867639079362738467334752951741961393928566628307174343542320349"", ""conditionId"": ""0x61b66d02793b4a68ab0cc25be60d65f517fe18c7d654041281bb130341244fcc"", ""size"": 1.08, ""price"": 0.058, ""timestamp"": 1770965629, ""title"": ""Will Trump nominate Kevin Warsh as the next Fed chair?"", ""slug"": ""will-trump-nominate-kevin-warsh-as-the-next-fed-chair"", ""icon"": ""https://polymarket-upload.s3.us-east-2.amazonaws.com/will-trump-nominate-kevin-warsh-as-the-next-fed-chair-Bc-vVyyVjhsS.jpg"", ""eventSlug"": ""who-will-trump-nominate-as-fed-chair"", ""outcome"": ""No"", ""outcomeIndex"": 1, ""name"": ""0x0820"", ""pseudonym"": ""Jumbo-Patron"", ""bio"": """", ""profileImage"": """", ""profileImageOptimized"": """", ""transactionHash"": ""0x748f7ee832dfc51903e88f6e5c1fcf37f19558c9fb8479a900582047e4632220""}"
1770965393,2026-02-14T02:01:50.402819,0xbe83afbb721472b264f889877f595fe6ad64b374d2fda4f3431f7d0c121fe84f:1770965393,572469,18289842382539867639079362738467334752951741961393928566628307174343542320349,BUY,0.059,80.0,4.72,0xbe83afbb721472b264f889877f595fe6ad64b374d2fda4f3431f7d0c121fe84f,"{""proxyWallet"": ""0x007ce5c43679bc69094d4db91f997d3c8c9b5f25"", ""side"": ""BUY"", ""asset"": ""18289842382539867639079362738467334752951741961393928566628307174343542320349"", ""conditionId"": ""0x61b66d02793b4a68ab0cc25be60d65f517fe18c7d654041281bb130341244fcc"", ""size"": 80, ""price"": 0.059, ""timestamp"": 1770965393, ""title"": ""Will Trump nominate Kevin Warsh as the next Fed chair?"", ""slug"": ""will-trump-nominate-kevin-warsh-as-the-next-fed-chair"", ""icon"": ""https://polymarket-upload.s3.us-east-2.amazonaws.com/will-trump-nominate-kevin-warsh-as-the-next-fed-chair-Bc-vVyyVjhsS.jpg"", ""eventSlug"": ""who-will-trump-nominate-as-fed-chair"", ""outcome"": ""No"", ""outcomeIndex"": 1, ""name"": ""vwer1"", ""pseudonym"": ""Svelte-Opposite"", ""bio"": """", ""profileImage"": """", ""profileImageOptimized"": """", ""transactionHash"": ""0xbe83afbb721472b264f889877f595fe6ad64b374d2fda4f3431f7d0c121fe84f""}"
1770965197,2026-02-14T02:01:50.402835,0x2c72d758699a23574f9a0921f42804e068e49c4a3ef6df0cc97430e059c749b1:1770965197,572469,18289842382539867639079362738467334752951741961393928566628307174343542320349,BUY,0.059,20.0,1.18,0x2c72d758699a23574f9a0921f42804e068e49c4a3ef6df0cc97430e059c749b1,"{""proxyWallet"": ""0x5044ddca816392e5c3d4f7f02cb44050a96e4c2a"", ""side"": ""BUY"", ""asset"": ""18289842382539867639079362738467334752951741961393928566628307174343542320349"", ""conditionId"": ""0x61b66d02793b4a68ab0cc25be60d65f517fe18c7d654041281bb130341244fcc"", ""size"": 20, ""price"": 0.059, ""timestamp"": 1770965197, ""title"": ""Will Trump nominate Kevin Warsh as the next Fed chair?"", ""slug"": ""will-trump-nominate-kevin-warsh-as-the-next-fed-chair"", ""icon"": ""https://polymarket-upload.s3.us-east-2.amazonaws.com/will-trump-nominate-kevin-warsh-as-the-next-fed-chair-Bc-vVyyVjhsS.jpg"", ""eventSlug"": ""who-will-trump-nominate-as-fed-chair"", ""outcome"": ""No"", ""outcomeIndex"": 1, ""name"": ""sfa11"", ""pseudonym"": ""Complex-Scooter"", ""bio"": """", ""profileImage"": """", ""profileImageOptimized"": """", ""transactionHash"": ""0x2c72d758699a23574f9a0921f42804e068e49c4a3ef6df0cc97430e059c749b1""}"
1770965185,2026-02-14T02:01:50.402847,0x64c7e84a97d7756fb28251f7d763d2c64f40ca9f565edf54cf5ebdc865b02b54:1770965185,572469,18289842382539867639079362738467334752951741961393928566628307174343542320349,SELL,0.058,0.27,0.01566,0x64c7e84a97d7756fb28251f7d763d2c64f40ca9f565edf54cf5ebdc865b02b54,"{""proxyWallet"": ""0x539d04ce381edb57d87d4cbfe9644c3ecfa70213"", ""side"": ""SELL"", ""asset"": ""18289842382539867639079362738467334752951741961393928566628307174343542320349"", ""conditionId"": ""0x61b66d02793b4a68ab0cc25be60d65f517fe18c7d654041281bb130341244fcc"", ""size"": 0.27, ""price"": 0.058, ""timestamp"": 1770965185, ""title"": ""Will Trump nominate Kevin Warsh as the next Fed chair?"", ""slug"": ""will-trump-nominate-kevin-warsh-as-the-next-fed-chair"", ""icon"": ""https://polymarket-upload.s3.us-east-2.amazonaws.com/will-trump-nominate-kevin-warsh-as-the-next-fed-chair-Bc-vVyyVjhsS.jpg"", ""eventSlug"": ""who-will-trump-nominate-as-fed-chair"", ""outcome"": ""No"", ""outcomeIndex"": 1, ""name"": ""user7777777"", ""pseudonym"": ""Ripe-Mezzanine"", ""bio"": """", ""profileImage"": """", ""profileImageOptimized"": """", ""transactionHash"": ""0x64c7e84a97d7756fb28251f7d763d2c64f40ca9f565edf54cf5ebdc865b02b54""}"
1770964983,2026-02-14T02:01:50.402860,0x82f586784e15c542283874b580afa886fc2c5255aa5baeea47b9bb132d9e5031:1770964983,572469,18289842382539867639079362738467334752951741961393928566628307174343542320349,SELL,0.058,74.89,4.3436200000000005,0x82f586784e15c542283874b580afa886fc2c5255aa5baeea47b9bb132d9e5031,"{""proxyWallet"": ""0x71d854219492ed5b7ca266dba99ed677d9cb3102"", ""side"": ""SELL"", ""asset"": ""18289842382539867639079362738467334752951741961393928566628307174343542320349"", ""conditionId"": ""0x61b66d02793b4a68ab0cc25be60d65f517fe18c7d654041281bb130341244fcc"", ""size"": 74.89, ""price"": 0.058, ""timestamp"": 1770964983, ""title"": ""Will Trump nominate Kevin Warsh as the next Fed chair?"", ""slug"": ""will-trump-nominate-kevin-warsh-as-the-next-fed-chair"", ""icon"": ""https://polymarket-upload.s3.us-east-2.amazonaws.com/will-trump-nominate-kevin-warsh-as-the-next-fed-chair-Bc-vVyyVjhsS.jpg"", ""eventSlug"": ""who-will-trump-nominate-as-fed-chair"", ""outcome"": ""No"", ""outcomeIndex"": 1, ""name"": """", ""pseudonym"": """", ""bio"": """", ""profileImage"": """", ""profileImageOptimized"": """", ""transactionHash"": ""0x82f586784e15c542283874b580afa886fc2c5255aa5baeea47b9bb132d9e5031""}"
1770964981,2026-02-14T02:01:50.402872,0x49aaa55f5d707966f9fef2581c65c44ccaca50a95a31bb03e50a5acc987b2725:1770964981,572469,18289842382539867639079362738467334752951741961393928566628307174343542320349,BUY,0.059,60.0,3.54,0x49aaa55f5d707966f9fef2581c65c44ccaca50a95a31bb03e50a5acc987b2725,"{""proxyWallet"": ""0x3dd9c297fac1a72bab39708f08dad87a1168bec5"", ""side"": ""BUY"", ""asset"": ""18289842382539867639079362738467334752951741961393928566628307174343542320349"", ""conditionId"": ""0x61b66d02793b4a68ab0cc25be60d65f517fe18c7d654041281bb130341244fcc"", ""size"": 60, ""price"": 0.059, ""timestamp"": 1770964981, ""title"": ""Will Trump nominate Kevin Warsh as the next Fed chair?"", ""slug"": ""will-trump-nominate-kevin-warsh-as-the-next-fed-chair"", ""icon"": ""https://polymarket-upload.s3.us-east-2.amazonaws.com/will-trump-nominate-kevin-warsh-as-the-next-fed-chair-Bc-vVyyVjhsS.jpg"", ""eventSlug"": ""who-will-trump-nominate-as-fed-chair"", ""outcome"": ""No"", ""outcomeIndex"": 1, ""name"": ""nynte"", ""pseudonym"": ""Used-Platform"", ""bio"": """", ""profileImage"": """", ""profileImageOptimized"": """", ""transactionHash"": ""0x49aaa55f5d707966f9fef2581c65c44ccaca50a95a31bb03e50a5acc987b2725""}"
1770964767,2026-02-14T02:01:50.402886,0x3df69d73b3c80d387913f5d438010024d0c98f101060a8ba58644c49b56c1ca0:1770964767,572469,18289842382539867639079362738467334752951741961393928566628307174343542320349,BUY,0.059,60.0,3.54,0x3df69d73b3c80d387913f5d438010024d0c98f101060a8ba58644c49b56c1ca0,"{""proxyWallet"": ""0x498a8b9671362d55289eee9f08df43f6645d0509"", ""side"": ""BUY"", ""asset"": ""18289842382539867639079362738467334752951741961393928566628307174343542320349"", ""conditionId"": ""0x61b66d02793b4a68ab0cc25be60d65f517fe18c7d654041281bb130341244fcc"", ""size"": 60, ""price"": 0.059, ""timestamp"": 1770964767, ""title"": ""Will Trump nominate Kevin Warsh as the next Fed chair?"", ""slug"": ""will-trump-nominate-kevin-warsh-as-the-next-fed-chair"", ""icon"": ""https://polymarket-upload.s3.us-east-2.amazonaws.com/will-trump-nominate-kevin-warsh-as-the-next-fed-chair-Bc-vVyyVjhsS.jpg"", ""eventSlug"": ""who-will-trump-nominate-as-fed-chair"", ""outcome"": ""No"", ""outcomeIndex"": 1, ""name"": ""sswa1"", ""pseudonym"": ""Uncomfortable-Concentration"", ""bio"": """", ""profileImage"": """", ""profileImageOptimized"": """", ""transactionHash"": ""0x3df69d73b3c80d387913f5d438010024d0c98f101060a8ba58644c49b56c1ca0""}"
1770964685,2026-02-14T02:01:50.402907,0x1bb3e60fb1715aeb9ab1104c83e62c99e9724ceabde77ee1e61aeb769fe9d00c:1770964685,572469,18289842382539867639079362738467334752951741961393928566628307174343542320349,BUY,0.059,20.0,1.18,0x1bb3e60fb1715aeb9ab1104c83e62c99e9724ceabde77ee1e61aeb769fe9d00c,"{""proxyWallet"": ""0x5044ddca816392e5c3d4f7f02cb44050a96e4c2a"", ""side"": ""BUY"", ""asset"": ""18289842382539867639079362738467334752951741961393928566628307174343542320349"", ""conditionId"": ""0x61b66d02793b4a68ab0cc25be60d65f517fe18c7d654041281bb130341244fcc"", ""size"": 20, ""price"": 0.059, ""timestamp"": 1770964685, ""title"": ""Will Trump nominate Kevin Warsh as the next Fed chair?"", ""slug"": ""will-trump-nominate-kevin-warsh-as-the-next-fed-chair"", ""icon"": ""https://polymarket-upload.s3.us-east-2.amazonaws.com/will-trump-nominate-kevin-warsh-as-the-next-fed-chair-Bc-vVyyVjhsS.jpg"", ""eventSlug"": ""who-will-trump-nominate-as-fed-chair"", ""outcome"": ""No"", ""outcomeIndex"": 1, ""name"": ""sfa11"", ""pseudonym"": ""Complex-Scooter"", ""bio"": """", ""profileImage"": """", ""profileImageOptimized"": """", ""transactionHash"": ""0x1bb3e60fb1715aeb9ab1104c83e62c99e9724ceabde77ee1e61aeb769fe9d00c""}"
1770964183,2026-02-14T02:01:51.196591,0x51d174ccc42dcc56056423a798efbbd22ae237b5ed07c2d56e15f90b8d5d5e6c:1770964183,572469,18289842382539867639079362738467334752951741961393928566628307174343542320349,BUY,0.059,120.0,7.08,0x51d174ccc42dcc56056423a798efbbd22ae237b5ed07c2d56e15f90b8d5d5e6c,"{""proxyWallet"": ""0xe9957cb3245a1450c76d169fd3e475fbf74b9d00"", ""side"": ""BUY"", ""asset"": ""18289842382539867639079362738467334752951741961393928566628307174343542320349"", ""conditionId"": ""0x61b66d02793b4a68ab0cc25be60d65f517fe18c7d654041281bb130341244fcc"", ""size"": 120, ""price"": 0.059, ""timestamp"": 1770964183, ""title"": ""Will Trump nominate Kevin Warsh as the next Fed chair?"", ""slug"": ""will-trump-nominate-kevin-warsh-as-the-next-fed-chair"", ""icon"": ""https://polymarket-upload.s3.us-east-2.amazonaws.com/will-trump-nominate-kevin-warsh-as-the-next-fed-chair-Bc-vVyyVjhsS.jpg"", ""eventSlug"": ""who-will-trump-nominate-as-fed-chair"", ""outcome"": ""No"", ""outcomeIndex"": 1, ""name"": ""btrebetr"", ""pseudonym"": ""Grotesque-Ligand"", ""bio"": """", ""profileImage"": """", ""profileImageOptimized"": """", ""transactionHash"": ""0x51d174ccc42dcc56056423a798efbbd22ae237b5ed07c2d56e15f90b8d5d5e6c""}"
1770964067,2026-02-14T02:01:51.196667,0x5451494ff4d8b2e0878d4d78eafc5853db29b7de70a21afaffb6f5a2066f6d75:1770964067,572469,18289842382539867639079362738467334752951741961393928566628307174343542320349,BUY,0.059,50.0,2.9499999999999997,0x5451494ff4d8b2e0878d4d78eafc5853db29b7de70a21afaffb6f5a2066f6d75,"{""proxyWallet"": ""0x3dd9c297fac1a72bab39708f08dad87a1168bec5"", ""side"": ""BUY"", ""asset"": ""18289842382539867639079362738467334752951741961393928566628307174343542320349"", ""conditionId"": ""0x61b66d02793b4a68ab0cc25be60d65f517fe18c7d654041281bb130341244fcc"", ""size"": 50, ""price"": 0.059, ""timestamp"": 1770964067, ""title"": ""Will Trump nominate Kevin Warsh as the next Fed chair?"", ""slug"": ""will-trump-nominate-kevin-warsh-as-the-next-fed-chair"", ""icon"": ""https://polymarket-upload.s3.us-east-2.amazonaws.com/will-trump-nominate-kevin-warsh-as-the-next-fed-chair-Bc-vVyyVjhsS.jpg"", ""eventSlug"": ""who-will-trump-nominate-as-fed-chair"", ""outcome"": ""No"", ""outcomeIndex"": 1, ""name"": ""nynte"", ""pseudonym"": ""Used-Platform"", ""bio"": """", ""profileImage"": """", ""profileImageOptimized"": """", ""transactionHash"": ""0x5451494ff4d8b2e0878d4d78eafc5853db29b7de70a21afaffb6f5a2066f6d75""}"
1770963763,2026-02-14T02:01:51.196715,0x3109936d305d201df6c07eddaa8e45acbf2b6b6205cfa6e76b85f65f2f715d78:1770963763,572469,18289842382539867639079362738467334752951741961393928566628307174343542320349,BUY,0.059,120.0,7.08,0x3109936d305d201df6c07eddaa8e45acbf2b6b6205cfa6e76b85f65f2f715d78,"{""proxyWallet"": ""0xe867881ca7ceb76f292e8076ec0ff34d48a695b5"", ""side"": ""BUY"", ""asset"": ""18289842382539867639079362738467334752951741961393928566628307174343542320349"", ""conditionId"": ""0x61b66d02793b4a68ab0cc25be60d65f517fe18c7d654041281bb130341244fcc"", ""size"": 120, ""price"": 0.059, ""timestamp"": 1770963763, ""title"": ""Will Trump nominate Kevin Warsh as the next Fed chair?"", ""slug"": ""will-trump-nominate-kevin-warsh-as-the-next-fed-chair"", ""icon"": ""https://polymarket-upload.s3.us-east-2.amazonaws.com/will-trump-nominate-kevin-warsh-as-the-next-fed-chair-Bc-vVyyVjhsS.jpg"", ""eventSlug"": ""who-will-trump-nominate-as-fed-chair"", ""outcome"": ""No"", ""outcomeIndex"": 1, ""name"": ""nytnye1"", ""pseudonym"": ""Waterlogged-Cake"", ""bio"": """", ""profileImage"": """", ""profileImageOptimized"": """", ""transactionHash"": ""0x3109936d305d201df6c07eddaa8e45acbf2b6b6205cfa6e76b85f65f2f715d78""}"
1770963539,2026-02-14T02:01:51.196751,0x77ace991c446b44f4891f2130b09d648c1f344cfb58ca6b1c802c6d4db427548:1770963539,572469,18289842382539867639079362738467334752951741961393928566628307174343542320349,BUY,0.05899999459559995,169.491524,9.999998999999999,0x77ace991c446b44f4891f2130b09d648c1f344cfb58ca6b1c802c6d4db427548,"{""proxyWallet"": ""0x8daabaf06214e2e0417932eb2a7f7ae367eb57b8"", ""side"": ""BUY"", ""asset"": ""18289842382539867639079362738467334752951741961393928566628307174343542320349"", ""conditionId"": ""0x61b66d02793b4a68ab0cc25be60d65f517fe18c7d654041281bb130341244fcc"", ""size"": 169.491524, ""price"": 0.05899999459559995, ""timestamp"": 1770963539, ""title"": ""Will Trump nominate Kevin Warsh as the next Fed chair?"", ""slug"": ""will-trump-nominate-kevin-warsh-as-the-next-fed-chair"", ""icon"": ""https://polymarket-upload.s3.us-east-2.amazonaws.com/will-trump-nominate-kevin-warsh-as-the-next-fed-chair-Bc-vVyyVjhsS.jpg"", ""eventSlug"": ""who-will-trump-nominate-as-fed-chair"", ""outcome"": ""No"", ""outcomeIndex"": 1, ""name"": ""0x8DaabaF06214e2E0417932EB2a7f7Ae367Eb57B8-1770042729784"", ""pseudonym"": ""Pastel-Friction"", ""bio"": """", ""profileImage"": """", ""profileImageOptimized"": """", ""transactionHash"": ""0x77ace991c446b44f4891f2130b09d648c1f344cfb58ca6b1c802c6d4db427548""}"
1770963501,2026-02-14T02:01:51.196789,0x24a78081dc12b31479a47ec9ecc6a00d36f6b505beb62632ef29cf6900da3316:1770963501,572469,18289842382539867639079362738467334752951741961393928566628307174343542320349,BUY,0.059,20.0,1.18,0x24a78081dc12b31479a47ec9ecc6a00d36f6b505beb62632ef29cf6900da3316,"{""proxyWallet"": ""0x5044ddca816392e5c3d4f7f02cb44050a96e4c2a"", ""side"": ""BUY"", ""asset"": ""18289842382539867639079362738467334752951741961393928566628307174343542320349"", ""conditionId"": ""0x61b66d02793b4a68ab0cc25be60d65f517fe18c7d654041281bb130341244fcc"", ""size"": 20, ""price"": 0.059, ""timestamp"": 1770963501, ""title"": ""Will Trump nominate Kevin Warsh as the next Fed chair?"", ""slug"": ""will-trump-nominate-kevin-warsh-as-the-next-fed-chair"", ""icon"": ""https://polymarket-upload.s3.us-east-2.amazonaws.com/will-trump-nominate-kevin-warsh-as-the-next-fed-chair-Bc-vVyyVjhsS.jpg"", ""eventSlug"": ""who-will-trump-nominate-as-fed-chair"", ""outcome"": ""No"", ""outcomeIndex"": 1, ""name"": ""sfa11"", ""pseudonym"": ""Complex-Scooter"", ""bio"": """", ""profileImage"": """", ""profileImageOptimized"": """", ""transactionHash"": ""0x24a78081dc12b31479a47ec9ecc6a00d36f6b505beb62632ef29cf6900da3316""}"
1770963173,2026-02-14T02:01:51.196825,0x6a204509650337d55bdcdff7d10d78650236e1822c569c875acaf73330d03a1c:1770963173,572469,18289842382539867639079362738467334752951741961393928566628307174343542320349,BUY,0.059,50.0,2.9499999999999997,0x6a204509650337d55bdcdff7d10d78650236e1822c569c875acaf73330d03a1c,"{""proxyWallet"": ""0x85b5c551ac64c83cbf5ffe08642d2f225569145d"", ""side"": ""BUY"", ""asset"": ""18289842382539867639079362738467334752951741961393928566628307174343542320349"", ""conditionId"": ""0x61b66d02793b4a68ab0cc25be60d65f517fe18c7d654041281bb130341244fcc"", ""size"": 50, ""price"": 0.059, ""timestamp"": 1770963173, ""title"": ""Will Trump nominate Kevin Warsh as the next Fed chair?"", ""slug"": ""will-trump-nominate-kevin-warsh-as-the-next-fed-chair"", ""icon"": ""https://polymarket-upload.s3.us-east-2.amazonaws.com/will-trump-nominate-kevin-warsh-as-the-next-fed-chair-Bc-vVyyVjhsS.jpg"", ""eventSlug"": ""who-will-trump-nominate-as-fed-chair"", ""outcome"": ""No"", ""outcomeIndex"": 1, ""name"": ""brrbe18832"", ""pseudonym"": ""Yummy-Freighter"", ""bio"": """", ""profileImage"": """", ""profileImageOptimized"": """", ""transactionHash"": ""0x6a204509650337d55bdcdff7d10d78650236e1822c569c875acaf73330d03a1c""}"
1770962887,2026-02-14T02:01:51.196846,0xcb9faae398eeee17bf387775e73b1269f94c868fd0e843dbde0d8b03c2e49e57:1770962887,572469,18289842382539867639079362738467334752951741961393928566628307174343542320349,BUY,0.059,20.0,1.18,0xcb9faae398eeee17bf387775e73b1269f94c868fd0e843dbde0d8b03c2e49e57,"{""proxyWallet"": ""0x5044ddca816392e5c3d4f7f02cb44050a96e4c2a"", ""side"": ""BUY"", ""asset"": ""18289842382539867639079362738467334752951741961393928566628307174343542320349"", ""conditionId"": ""0x61b66d02793b4a68ab0cc25be60d65f517fe18c7d654041281bb130341244fcc"", ""size"": 20, ""price"": 0.059, ""timestamp"": 1770962887, ""title"": ""Will Trump nominate Kevin Warsh as the next Fed chair?"", ""slug"": ""will-trump-nominate-kevin-warsh-as-the-next-fed-chair"", ""icon"": ""https://polymarket-upload.s3.us-east-2.amazonaws.com/will-trump-nominate-kevin-warsh-as-the-next-fed-chair-Bc-vVyyVjhsS.jpg"", ""eventSlug"": ""who-will-trump-nominate-as-fed-chair"", ""outcome"": ""No"", ""outcomeIndex"": 1, ""name"": ""sfa11"", ""pseudonym"": ""Complex-Scooter"", ""bio"": """", ""profileImage"": """", ""profileImageOptimized"": """", ""transactionHash"": ""0xcb9faae398eeee17bf387775e73b1269f94c868fd0e843dbde0d8b03c2e49e57""}"
1770962785,2026-02-14T02:01:51.196865,0x12c0c92500f20885c93f6e23e1ccea05e949c5f45477a7f16b71a8b1f08ff7ab:1770962785,572469,18289842382539867639079362738467334752951741961393928566628307174343542320349,BUY,0.058999952049086285,18.644066,1.099999,0x12c0c92500f20885c93f6e23e1ccea05e949c5f45477a7f16b71a8b1f08ff7ab,"{""proxyWallet"": ""0x71d854219492ed5b7ca266dba99ed677d9cb3102"", ""side"": ""BUY"", ""asset"": ""18289842382539867639079362738467334752951741961393928566628307174343542320349"", ""conditionId"": ""0x61b66d02793b4a68ab0cc25be60d65f517fe18c7d654041281bb130341244fcc"", ""size"": 18.644066, ""price"": 0.058999952049086285, ""timestamp"": 1770962785, ""title"": ""Will Trump nominate Kevin Warsh as the next Fed chair?"", ""slug"": ""will-trump-nominate-kevin-warsh-as-the-next-fed-chair"", ""icon"": ""https://polymarket-upload.s3.us-east-2.amazonaws.com/will-trump-nominate-kevin-warsh-as-the-next-fed-chair-Bc-vVyyVjhsS.jpg"", ""eventSlug"": ""who-will-trump-nominate-as-fed-chair"", ""outcome"": ""No"", ""outcomeIndex"": 1, ""name"": """", ""pseudonym"": """", ""bio"": """", ""profileImage"": """", ""profileImageOptimized"": """", ""transactionHash"": ""0x12c0c92500f20885c93f6e23e1ccea05e949c5f45477a7f16b71a8b1f08ff7ab""}"
1770962731,2026-02-14T02:01:51.196890,0x86485f3dadbb32af4573832612e1b00fb64dace4c431564a68b121066156720b:1770962731,572469,18289842382539867639079362738467334752951741961393928566628307174343542320349,BUY,0.05799995106908771,18.965516,1.0999990000000002,0x86485f3dadbb32af4573832612e1b00fb64dace4c431564a68b121066156720b,"{""proxyWallet"": ""0x71d854219492ed5b7ca266dba99ed677d9cb3102"", ""side"": ""BUY"", ""asset"": ""18289842382539867639079362738467334752951741961393928566628307174343542320349"", ""conditionId"": ""0x61b66d02793b4a68ab0cc25be60d65f517fe18c7d654041281bb130341244fcc"", ""size"": 18.965516, ""price"": 0.05799995106908771, ""timestamp"": 1770962731, ""title"": ""Will Trump nominate Kevin Warsh as the next Fed chair?"", ""slug"": ""will-trump-nominate-kevin-warsh-as-the-next-fed-chair"", ""icon"": ""https://polymarket-upload.s3.us-east-2.amazonaws.com/will-trump-nominate-kevin-warsh-as-the-next-fed-chair-Bc-vVyyVjhsS.jpg"", ""eventSlug"": ""who-will-trump-nominate-as-fed-chair"", ""outcome"": ""No"", ""outcomeIndex"": 1, ""name"": """", ""pseudonym"": """", ""bio"": """", ""profileImage"": """", ""profileImageOptimized"": """", ""transactionHash"": ""0x86485f3dadbb32af4573832612e1b00fb64dace4c431564a68b121066156720b""}"
1770962657,2026-02-14T02:01:51.196909,0x5dc22d892efa770da8c317238df4046427e765f8d67bf15fc94fb26e6040d4b6:1770962657,572469,18289842382539867639079362738467334752951741961393928566628307174343542320349,BUY,0.058,47.5,2.7550000000000003,0x5dc22d892efa770da8c317238df4046427e765f8d67bf15fc94fb26e6040d4b6,"{""proxyWallet"": ""0x0b3492ec87748d0f32427e8be4cbc650ff67ffc3"", ""side"": ""BUY"", ""asset"": ""18289842382539867639079362738467334752951741961393928566628307174343542320349"", ""conditionId"": ""0x61b66d02793b4a68ab0cc25be60d65f517fe18c7d654041281bb130341244fcc"", ""size"": 47.5, ""price"": 0.058, ""timestamp"": 1770962657, ""title"": ""Will Trump nominate Kevin Warsh as the next Fed chair?"", ""slug"": ""will-trump-nominate-kevin-warsh-as-the-next-fed-chair"", ""icon"": ""https://polymarket-upload.s3.us-east-2.amazonaws.com/will-trump-nominate-kevin-warsh-as-the-next-fed-chair-Bc-vVyyVjhsS.jpg"", ""eventSlug"": ""who-will-trump-nominate-as-fed-chair"", ""outcome"": ""No"", ""outcomeIndex"": 1, ""name"": ""16r0ob"", ""pseudonym"": ""Joyful-Monsoon"", ""bio"": """", ""profileImage"": """", ""profileImageOptimized"": """", ""transactionHash"": ""0x5dc22d892efa770da8c317238df4046427e765f8d67bf15fc94fb26e6040d4b6""}"
1770962657,2026-02-14T02:01:51.196933,0x191e6ba0df078dab9c08c4de84b7cf94a674751cba04ced9229ecff1e5b91df5:1770962657,572469,18289842382539867639079362738467334752951741961393928566628307174343542320349,BUY,0.058,30.0,1.74,0x191e6ba0df078dab9c08c4de84b7cf94a674751cba04ced9229ecff1e5b91df5,"{""proxyWallet"": ""0x498a8b9671362d55289eee9f08df43f6645d0509"", ""side"": ""BUY"", ""asset"": ""18289842382539867639079362738467334752951741961393928566628307174343542320349"", ""conditionId"": ""0x61b66d02793b4a68ab0cc25be60d65f517fe18c7d654041281bb130341244fcc"", ""size"": 30, ""price"": 0.058, ""timestamp"": 1770962657, ""title"": ""Will Trump nominate Kevin Warsh as the next Fed chair?"", ""slug"": ""will-trump-nominate-kevin-warsh-as-the-next-fed-chair"", ""icon"": ""https://polymarket-upload.s3.us-east-2.amazonaws.com/will-trump-nominate-kevin-warsh-as-the-next-fed-chair-Bc-vVyyVjhsS.jpg"", ""eventSlug"": ""who-will-trump-nominate-as-fed-chair"", ""outcome"": ""No"", ""outcomeIndex"": 1, ""name"": ""sswa1"", ""pseudonym"": ""Uncomfortable-Concentration"", ""bio"": """", ""profileImage"": """", ""profileImageOptimized"": """", ""transactionHash"": ""0x191e6ba0df078dab9c08c4de84b7cf94a674751cba04ced9229ecff1e5b91df5""}"
1770962529,2026-02-14T02:01:51.196951,0xf824248661cfe4a141eb4f12a68236f556d1dd112af7ddeedc53f62e65001acf:1770962529,572469,18289842382539867639079362738467334752951741961393928566628307174343542320349,BUY,0.058,57.81,3.3529800000000005,0xf824248661cfe4a141eb4f12a68236f556d1dd112af7ddeedc53f62e65001acf,"{""proxyWallet"": ""0xa7be6febd11becb7bac7259655abfaef69e577f4"", ""side"": ""BUY"", ""asset"": ""18289842382539867639079362738467334752951741961393928566628307174343542320349"", ""conditionId"": ""0x61b66d02793b4a68ab0cc25be60d65f517fe18c7d654041281bb130341244fcc"", ""size"": 57.81, ""price"": 0.058, ""timestamp"": 1770962529, ""title"": ""Will Trump nominate Kevin Warsh as the next Fed chair?"", ""slug"": ""will-trump-nominate-kevin-warsh-as-the-next-fed-chair"", ""icon"": ""https://polymarket-upload.s3.us-east-2.amazonaws.com/will-trump-nominate-kevin-warsh-as-the-next-fed-chair-Bc-vVyyVjhsS.jpg"", ""eventSlug"": ""who-will-trump-nominate-as-fed-chair"", ""outcome"": ""No"", ""outcomeIndex"": 1, ""name"": ""bulekale"", ""pseudonym"": ""Some-Router"", ""bio"": """", ""profileImage"": """", ""profileImageOptimized"": """", ""transactionHash"": ""0xf824248661cfe4a141eb4f12a68236f556d1dd112af7ddeedc53f62e65001acf""}"
1770962469,2026-02-14T02:01:51.196971,0x9c59ada774f883ebfabf227934cf8acfac883c65c2098f906f8364f5fa6b1f7a:1770962469,572469,18289842382539867639079362738467334752951741961393928566628307174343542320349,SELL,0.058,60.41,3.50378,0x9c59ada774f883ebfabf227934cf8acfac883c65c2098f906f8364f5fa6b1f7a,"{""proxyWallet"": ""0x5757e3d994b9936d55637be2af840a5910d3d3dd"", ""side"": ""SELL"", ""asset"": ""18289842382539867639079362738467334752951741961393928566628307174343542320349"", ""conditionId"": ""0x61b66d02793b4a68ab0cc25be60d65f517fe18c7d654041281bb130341244fcc"", ""size"": 60.41, ""price"": 0.058, ""timestamp"": 1770962469, ""title"": ""Will Trump nominate Kevin Warsh as the next Fed chair?"", ""slug"": ""will-trump-nominate-kevin-warsh-as-the-next-fed-chair"", ""icon"": ""https://polymarket-upload.s3.us-east-2.amazonaws.com/will-trump-nominate-kevin-warsh-as-the-next-fed-chair-Bc-vVyyVjhsS.jpg"", ""eventSlug"": ""who-will-trump-nominate-as-fed-chair"", ""outcome"": ""No"", ""outcomeIndex"": 1, ""name"": ""54374567"", ""pseudonym"": ""Frilly-Decade"", ""bio"": """", ""profileImage"": """", ""profileImageOptimized"": """", ""transactionHash"": ""0x9c59ada774f883ebfabf227934cf8acfac883c65c2098f906f8364f5fa6b1f7a""}"
1770962451,2026-02-14T02:01:51.196990,0x740513cb512a5c3fb4648eecf6710e23d2d650afc0dd7890f24072204d8b5962:1770962451,572469,18289842382539867639079362738467334752951741961393928566628307174343542320349,BUY,0.059,20.0,1.18,0x740513cb512a5c3fb4648eecf6710e23d2d650afc0dd7890f24072204d8b5962,"{""proxyWallet"": ""0x23ae7c42dbfe6f7457bc9d5dad7b5d9ee04eb673"", ""side"": ""BUY"", ""asset"": ""18289842382539867639079362738467334752951741961393928566628307174343542320349"", ""conditionId"": ""0x61b66d02793b4a68ab0cc25be60d65f517fe18c7d654041281bb130341244fcc"", ""size"": 20, ""price"": 0.059, ""timestamp"": 1770962451, ""title"": ""Will Trump nominate Kevin Warsh as the next Fed chair?"", ""slug"": ""will-trump-nominate-kevin-warsh-as-the-next-fed-chair"", ""icon"": ""https://polymarket-upload.s3.us-east-2.amazonaws.com/will-trump-nominate-kevin-warsh-as-the-next-fed-chair-Bc-vVyyVjhsS.jpg"", ""eventSlug"": ""who-will-trump-nominate-as-fed-chair"", ""outcome"": ""No"", ""outcomeIndex"": 1, ""name"": ""afsdv144"", ""pseudonym"": ""Suspicious-Excitement"", ""bio"": """", ""profileImage"": """", ""profileImageOptimized"": """", ""transactionHash"": ""0x740513cb512a5c3fb4648eecf6710e23d2d650afc0dd7890f24072204d8b5962""}"
1770962159,2026-02-14T02:01:51.197014,0x4c7e45e6b33eff2c03081dd8ae7f70875c9046ddb36908797a585aa76a315bd5:1770962159,572469,18289842382539867639079362738467334752951741961393928566628307174343542320349,BUY,0.059,40.0,2.36,0x4c7e45e6b33eff2c03081dd8ae7f70875c9046ddb36908797a585aa76a315bd5,"{""proxyWallet"": ""0x498a8b9671362d55289eee9f08df43f6645d0509"", ""side"": ""BUY"", ""asset"": ""18289842382539867639079362738467334752951741961393928566628307174343542320349"", ""conditionId"": ""0x61b66d02793b4a68ab0cc25be60d65f517fe18c7d654041281bb130341244fcc"", ""size"": 40, ""price"": 0.059, ""timestamp"": 1770962159, ""title"": ""Will Trump nominate Kevin Warsh as the next Fed chair?"", ""slug"": ""will-trump-nominate-kevin-warsh-as-the-next-fed-chair"", ""icon"": ""https://polymarket-upload.s3.us-east-2.amazonaws.com/will-trump-nominate-kevin-warsh-as-the-next-fed-chair-Bc-vVyyVjhsS.jpg"", ""eventSlug"": ""who-will-trump-nominate-as-fed-chair"", ""outcome"": ""No"", ""outcomeIndex"": 1, ""name"": ""sswa1"", ""pseudonym"": ""Uncomfortable-Concentration"", ""bio"": """", ""profileImage"": """", ""profileImageOptimized"": """", ""transactionHash"": ""0x4c7e45e6b33eff2c03081dd8ae7f70875c9046ddb36908797a585aa76a315bd5""}"
1770962107,2026-02-14T02:01:51.197044,0x244f2ccbd9508331e167641e57610fc1e7aaca907ed6acccfd87c9fbc0989007:1770962107,572469,18289842382539867639079362738467334752951741961393928566628307174343542320349,BUY,0.05899994636899512,16.949151,0.999999,0x244f2ccbd9508331e167641e57610fc1e7aaca907ed6acccfd87c9fbc0989007,"{""proxyWallet"": ""0xdd4b5fa5a6941f7cda1f2f4c043669a25106ed86"", ""side"": ""BUY"", ""asset"": ""18289842382539867639079362738467334752951741961393928566628307174343542320349"", ""conditionId"": ""0x61b66d02793b4a68ab0cc25be60d65f517fe18c7d654041281bb130341244fcc"", ""size"": 16.949151, ""price"": 0.05899994636899512, ""timestamp"": 1770962107, ""title"": ""Will Trump nominate Kevin Warsh as the next Fed chair?"", ""slug"": ""will-trump-nominate-kevin-warsh-as-the-next-fed-chair"", ""icon"": ""https://polymarket-upload.s3.us-east-2.amazonaws.com/will-trump-nominate-kevin-warsh-as-the-next-fed-chair-Bc-vVyyVjhsS.jpg"", ""eventSlug"": ""who-will-trump-nominate-as-fed-chair"", ""outcome"": ""No"", ""outcomeIndex"": 1, ""name"": ""Nemesis71"", ""pseudonym"": ""Subdued-Policeman"", ""bio"": """", ""profileImage"": """", ""profileImageOptimized"": """", ""transactionHash"": ""0x244f2ccbd9508331e167641e57610fc1e7aaca907ed6acccfd87c9fbc0989007""}"
1770961943,2026-02-14T02:01:51.197065,0xddd36bec736e8be838f33da384238b3b2e6c03a81db753f7544ed6a0fe7f2129:1770961943,572469,18289842382539867639079362738467334752951741961393928566628307174343542320349,BUY,0.058999952049086285,18.644066,1.099999,0xddd36bec736e8be838f33da384238b3b2e6c03a81db753f7544ed6a0fe7f2129,"{""proxyWallet"": ""0x71d854219492ed5b7ca266dba99ed677d9cb3102"", ""side"": ""BUY"", ""asset"": ""18289842382539867639079362738467334752951741961393928566628307174343542320349"", ""conditionId"": ""0x61b66d02793b4a68ab0cc25be60d65f517fe18c7d654041281bb130341244fcc"", ""size"": 18.644066, ""price"": 0.058999952049086285, ""timestamp"": 1770961943, ""title"": ""Will Trump nominate Kevin Warsh as the next Fed chair?"", ""slug"": ""will-trump-nominate-kevin-warsh-as-the-next-fed-chair"", ""icon"": ""https://polymarket-upload.s3.us-east-2.amazonaws.com/will-trump-nominate-kevin-warsh-as-the-next-fed-chair-Bc-vVyyVjhsS.jpg"", ""eventSlug"": ""who-will-trump-nominate-as-fed-chair"", ""outcome"": ""No"", ""outcomeIndex"": 1, ""name"": """", ""pseudonym"": """", ""bio"": """", ""profileImage"": """", ""profileImageOptimized"": """", ""transactionHash"": ""0xddd36bec736e8be838f33da384238b3b2e6c03a81db753f7544ed6a0fe7f2129""}"
1770961861,2026-02-14T02:01:51.197084,0xc5d5fbe73250c1c311b8392d8983c80ae52247524ef5f3c02df5055518b0d922:1770961861,572469,18289842382539867639079362738467334752951741961393928566628307174343542320349,BUY,0.058999952049086285,18.644066,1.099999,0xc5d5fbe73250c1c311b8392d8983c80ae52247524ef5f3c02df5055518b0d922,"{""proxyWallet"": ""0x71d854219492ed5b7ca266dba99ed677d9cb3102"", ""side"": ""BUY"", ""asset"": ""18289842382539867639079362738467334752951741961393928566628307174343542320349"", ""conditionId"": ""0x61b66d02793b4a68ab0cc25be60d65f517fe18c7d654041281bb130341244fcc"", ""size"": 18.644066, ""price"": 0.058999952049086285, ""timestamp"": 1770961861, ""title"": ""Will Trump nominate Kevin Warsh as the next Fed chair?"", ""slug"": ""will-trump-nominate-kevin-warsh-as-the-next-fed-chair"", ""icon"": ""https://polymarket-upload.s3.us-east-2.amazonaws.com/will-trump-nominate-kevin-warsh-as-the-next-fed-chair-Bc-vVyyVjhsS.jpg"", ""eventSlug"": ""who-will-trump-nominate-as-fed-chair"", ""outcome"": ""No"", ""outcomeIndex"": 1, ""name"": """", ""pseudonym"": """", ""bio"": """", ""profileImage"": """", ""profileImageOptimized"": """", ""transactionHash"": ""0xc5d5fbe73250c1c311b8392d8983c80ae52247524ef5f3c02df5055518b0d922""}"
1770961859,2026-02-14T02:01:51.197103,0x830b0921f3ff272ba49d48f45b192093e4f95cc2a471a46320e500139360ae41:1770961859,572469,18289842382539867639079362738467334752951741961393928566628307174343542320349,BUY,0.059,140.0,8.26,0x830b0921f3ff272ba49d48f45b192093e4f95cc2a471a46320e500139360ae41,"{""proxyWallet"": ""0xe9957cb3245a1450c76d169fd3e475fbf74b9d00"", ""side"": ""BUY"", ""asset"": ""18289842382539867639079362738467334752951741961393928566628307174343542320349"", ""conditionId"": ""0x61b66d02793b4a68ab0cc25be60d65f517fe18c7d654041281bb130341244fcc"", ""size"": 140, ""price"": 0.059, ""timestamp"": 1770961859, ""title"": ""Will Trump nominate Kevin Warsh as the next Fed chair?"", ""slug"": ""will-trump-nominate-kevin-warsh-as-the-next-fed-chair"", ""icon"": ""https://polymarket-upload.s3.us-east-2.amazonaws.com/will-trump-nominate-kevin-warsh-as-the-next-fed-chair-Bc-vVyyVjhsS.jpg"", ""eventSlug"": ""who-will-trump-nominate-as-fed-chair"", ""outcome"": ""No"", ""outcomeIndex"": 1, ""name"": ""btrebetr"", ""pseudonym"": ""Grotesque-Ligand"", ""bio"": """", ""profileImage"": """", ""profileImageOptimized"": """", ""transactionHash"": ""0x830b0921f3ff272ba49d48f45b192093e4f95cc2a471a46320e500139360ae41""}"
1770961433,2026-02-14T02:01:51.197124,0x9f2964a20650a0b9543bfb98997cbd336e892f391d2861aa68f4d1652cd67c1a:1770961433,572469,18289842382539867639079362738467334752951741961393928566628307174343542320349,SELL,0.058,64.9,3.7642000000000007,0x9f2964a20650a0b9543bfb98997cbd336e892f391d2861aa68f4d1652cd67c1a,"{""proxyWallet"": ""0xa7be6febd11becb7bac7259655abfaef69e577f4"", ""side"": ""SELL"", ""asset"": ""18289842382539867639079362738467334752951741961393928566628307174343542320349"", ""conditionId"": ""0x61b66d02793b4a68ab0cc25be60d65f517fe18c7d654041281bb130341244fcc"", ""size"": 64.9, ""price"": 0.058, ""timestamp"": 1770961433, ""title"": ""Will Trump nominate Kevin Warsh as the next Fed chair?"", ""slug"": ""will-trump-nominate-kevin-warsh-as-the-next-fed-chair"", ""icon"": ""https://polymarket-upload.s3.us-east-2.amazonaws.com/will-trump-nominate-kevin-warsh-as-the-next-fed-chair-Bc-vVyyVjhsS.jpg"", ""eventSlug"": ""who-will-trump-nominate-as-fed-chair"", ""outcome"": ""No"", ""outcomeIndex"": 1, ""name"": ""bulekale"", ""pseudonym"": ""Some-Router"", ""bio"": """", ""profileImage"": """", ""profileImageOptimized"": """", ""transactionHash"": ""0x9f2964a20650a0b9543bfb98997cbd336e892f391d2861aa68f4d1652cd67c1a""}"
1770961417,2026-02-14T02:01:51.197143,0x41577370532fc679340314989e4a703995dbd634a1dce5208529fddd26f858be:1770961417,572469,18289842382539867639079362738467334752951741961393928566628307174343542320349,BUY,0.059,50.0,2.9499999999999997,0x41577370532fc679340314989e4a703995dbd634a1dce5208529fddd26f858be,"{""proxyWallet"": ""0x85b5c551ac64c83cbf5ffe08642d2f225569145d"", ""side"": ""BUY"", ""asset"": ""18289842382539867639079362738467334752951741961393928566628307174343542320349"", ""conditionId"": ""0x61b66d02793b4a68ab0cc25be60d65f517fe18c7d654041281bb130341244fcc"", ""size"": 50, ""price"": 0.059, ""timestamp"": 1770961417, ""title"": ""Will Trump nominate Kevin Warsh as the next Fed chair?"", ""slug"": ""will-trump-nominate-kevin-warsh-as-the-next-fed-chair"", ""icon"": ""https://polymarket-upload.s3.us-east-2.amazonaws.com/will-trump-nominate-kevin-warsh-as-the-next-fed-chair-Bc-vVyyVjhsS.jpg"", ""eventSlug"": ""who-will-trump-nominate-as-fed-chair"", ""outcome"": ""No"", ""outcomeIndex"": 1, ""name"": ""brrbe18832"", ""pseudonym"": ""Yummy-Freighter"", ""bio"": """", ""profileImage"": """", ""profileImageOptimized"": """", ""transactionHash"": ""0x41577370532fc679340314989e4a703995dbd634a1dce5208529fddd26f858be""}"
1770961137,2026-02-14T02:01:51.197164,0x255d7039f41cf4acedd75d034a4574f149eacacae1215b3dd3dd249b659e6bbc:1770961137,572469,18289842382539867639079362738467334752951741961393928566628307174343542320349,SELL,0.057,10.95,0.62415,0x255d7039f41cf4acedd75d034a4574f149eacacae1215b3dd3dd249b659e6bbc,"{""proxyWallet"": ""0xa7be6febd11becb7bac7259655abfaef69e577f4"", ""side"": ""SELL"", ""asset"": ""18289842382539867639079362738467334752951741961393928566628307174343542320349"", ""conditionId"": ""0x61b66d02793b4a68ab0cc25be60d65f517fe18c7d654041281bb130341244fcc"", ""size"": 10.95, ""price"": 0.057, ""timestamp"": 1770961137, ""title"": ""Will Trump nominate Kevin Warsh as the next Fed chair?"", ""slug"": ""will-trump-nominate-kevin-warsh-as-the-next-fed-chair"", ""icon"": ""https://polymarket-upload.s3.us-east-2.amazonaws.com/will-trump-nominate-kevin-warsh-as-the-next-fed-chair-Bc-vVyyVjhsS.jpg"", ""eventSlug"": ""who-will-trump-nominate-as-fed-chair"", ""outcome"": ""No"", ""outcomeIndex"": 1, ""name"": ""bulekale"", ""pseudonym"": ""Some-Router"", ""bio"": """", ""profileImage"": """", ""profileImageOptimized"": """", ""transactionHash"": ""0x255d7039f41cf4acedd75d034a4574f149eacacae1215b3dd3dd249b659e6bbc""}"
1770960783,2026-02-14T02:01:51.197186,0xa03e3fcfedf5701c53fe1e6f420457c6d54828ea81b8350aab3d7c587db53306:1770960783,572469,18289842382539867639079362738467334752951741961393928566628307174343542320349,SELL,0.056,17.0,0.9520000000000001,0xa03e3fcfedf5701c53fe1e6f420457c6d54828ea81b8350aab3d7c587db53306,"{""proxyWallet"": ""0x0ea6e87a23d432380e7af784f72c29a6aa46f94e"", ""side"": ""SELL"", ""asset"": ""18289842382539867639079362738467334752951741961393928566628307174343542320349"", ""conditionId"": ""0x61b66d02793b4a68ab0cc25be60d65f517fe18c7d654041281bb130341244fcc"", ""size"": 17, ""price"": 0.056, ""timestamp"": 1770960783, ""title"": ""Will Trump nominate Kevin Warsh as the next Fed chair?"", ""slug"": ""will-trump-nominate-kevin-warsh-as-the-next-fed-chair"", ""icon"": ""https://polymarket-upload.s3.us-east-2.amazonaws.com/will-trump-nominate-kevin-warsh-as-the-next-fed-chair-Bc-vVyyVjhsS.jpg"", ""eventSlug"": ""who-will-trump-nominate-as-fed-chair"", ""outcome"": ""No"", ""outcomeIndex"": 1, ""name"": """", ""pseudonym"": """", ""bio"": """", ""profileImage"": """", ""profileImageOptimized"": """", ""transactionHash"": ""0xa03e3fcfedf5701c53fe1e6f420457c6d54828ea81b8350aab3d7c587db53306""}"
1770960363,2026-02-14T02:01:51.197210,0x4e07040be1e28b4a50e160cee70d9ab91382c808930ab59ed4d2149393fec503:1770960363,572469,18289842382539867639079362738467334752951741961393928566628307174343542320349,BUY,0.05821500322690614,309.198643,18.0,0x4e07040be1e28b4a50e160cee70d9ab91382c808930ab59ed4d2149393fec503,"{""proxyWallet"": ""0x3f20b410be0fbcd81bf57c8df862f001dc525d9b"", ""side"": ""BUY"", ""asset"": ""18289842382539867639079362738467334752951741961393928566628307174343542320349"", ""conditionId"": ""0x61b66d02793b4a68ab0cc25be60d65f517fe18c7d654041281bb130341244fcc"", ""size"": 309.198643, ""price"": 0.05821500322690614, ""timestamp"": 1770960363, ""title"": ""Will Trump nominate Kevin Warsh as the next Fed chair?"", ""slug"": ""will-trump-nominate-kevin-warsh-as-the-next-fed-chair"", ""icon"": ""https://polymarket-upload.s3.us-east-2.amazonaws.com/will-trump-nominate-kevin-warsh-as-the-next-fed-chair-Bc-vVyyVjhsS.jpg"", ""eventSlug"": ""who-will-trump-nominate-as-fed-chair"", ""outcome"": ""No"", ""outcomeIndex"": 1, ""name"": ""Ram121313"", ""pseudonym"": ""Worthless-Signup"", ""bio"": """", ""profileImage"": """", ""profileImageOptimized"": """", ""transactionHash"": ""0x4e07040be1e28b4a50e160cee70d9ab91382c808930ab59ed4d2149393fec503""}"
1770960211,2026-02-14T02:01:51.197230,0xeec32ae47cbeb8a455ff854295005498083d21b40b0683cba94c18a34aebc5a6:1770960211,572469,18289842382539867639079362738467334752951741961393928566628307174343542320349,SELL,0.058,937.89,54.39762,0xeec32ae47cbeb8a455ff854295005498083d21b40b0683cba94c18a34aebc5a6,"{""proxyWallet"": ""0xa7be6febd11becb7bac7259655abfaef69e577f4"", ""side"": ""SELL"", ""asset"": ""18289842382539867639079362738467334752951741961393928566628307174343542320349"", ""conditionId"": ""0x61b66d02793b4a68ab0cc25be60d65f517fe18c7d654041281bb130341244fcc"", ""size"": 937.89, ""price"": 0.058, ""timestamp"": 1770960211, ""title"": ""Will Trump nominate Kevin Warsh as the next Fed chair?"", ""slug"": ""will-trump-nominate-kevin-warsh-as-the-next-fed-chair"", ""icon"": ""https://polymarket-upload.s3.us-east-2.amazonaws.com/will-trump-nominate-kevin-warsh-as-the-next-fed-chair-Bc-vVyyVjhsS.jpg"", ""eventSlug"": ""who-will-trump-nominate-as-fed-chair"", ""outcome"": ""No"", ""outcomeIndex"": 1, ""name"": ""bulekale"", ""pseudonym"": ""Some-Router"", ""bio"": """", ""profileImage"": """", ""profileImageOptimized"": """", ""transactionHash"": ""0xeec32ae47cbeb8a455ff854295005498083d21b40b0683cba94c18a34aebc5a6""}"
1770959871,2026-02-14T02:01:51.197252,0xaecde7dce5bfd33e6a2dd2bf992966487abae6e24bbe7a7cfa1005e6201c6818:1770959871,572469,18289842382539867639079362738467334752951741961393928566628307174343542320349,BUY,0.05810130338652332,643.186948,37.37,0xaecde7dce5bfd33e6a2dd2bf992966487abae6e24bbe7a7cfa1005e6201c6818,"{""proxyWallet"": ""0x074cfcf1be63c7e6e62d10d5ae01640d29d3ad5e"", ""side"": ""BUY"", ""asset"": ""18289842382539867639079362738467334752951741961393928566628307174343542320349"", ""conditionId"": ""0x61b66d02793b4a68ab0cc25be60d65f517fe18c7d654041281bb130341244fcc"", ""size"": 643.186948, ""price"": 0.05810130338652332, ""timestamp"": 1770959871, ""title"": ""Will Trump nominate Kevin Warsh as the next Fed chair?"", ""slug"": ""will-trump-nominate-kevin-warsh-as-the-next-fed-chair"", ""icon"": ""https://polymarket-upload.s3.us-east-2.amazonaws.com/will-trump-nominate-kevin-warsh-as-the-next-fed-chair-Bc-vVyyVjhsS.jpg"", ""eventSlug"": ""who-will-trump-nominate-as-fed-chair"", ""outcome"": ""No"", ""outcomeIndex"": 1, ""name"": ""tuggys"", ""pseudonym"": ""Smart-Serial"", ""bio"": """", ""profileImage"": ""https://polymarket-upload.s3.us-east-2.amazonaws.com/profile-image-4621510-74b2e360-0d2b-4cd4-be27-1fbf49d36cd8.webp"", ""profileImageOptimized"": """", ""transactionHash"": ""0xaecde7dce5bfd33e6a2dd2bf992966487abae6e24bbe7a7cfa1005e6201c6818""}"
1770959227,2026-02-14T02:01:51.197278,0xda7378d06912368583b0da3d31faad8ae6d4ad2d1d49fcf982e6cd7fede83863:1770959227,572469,18289842382539867639079362738467334752951741961393928566628307174343542320349,SELL,0.058,57.5,3.335,0xda7378d06912368583b0da3d31faad8ae6d4ad2d1d49fcf982e6cd7fede83863,"{""proxyWallet"": ""0xa7be6febd11becb7bac7259655abfaef69e577f4"", ""side"": ""SELL"", ""asset"": ""18289842382539867639079362738467334752951741961393928566628307174343542320349"", ""conditionId"": ""0x61b66d02793b4a68ab0cc25be60d65f517fe18c7d654041281bb130341244fcc"", ""size"": 57.5, ""price"": 0.058, ""timestamp"": 1770959227, ""title"": ""Will Trump nominate Kevin Warsh as the next Fed chair?"", ""slug"": ""will-trump-nominate-kevin-warsh-as-the-next-fed-chair"", ""icon"": ""https://polymarket-upload.s3.us-east-2.amazonaws.com/will-trump-nominate-kevin-warsh-as-the-next-fed-chair-Bc-vVyyVjhsS.jpg"", ""eventSlug"": ""who-will-trump-nominate-as-fed-chair"", ""outcome"": ""No"", ""outcomeIndex"": 1, ""name"": ""bulekale"", ""pseudonym"": ""Some-Router"", ""bio"": """", ""profileImage"": """", ""profileImageOptimized"": """", ""transactionHash"": ""0xda7378d06912368583b0da3d31faad8ae6d4ad2d1d49fcf982e6cd7fede83863""}"
1770959145,2026-02-14T02:01:51.197296,0xa2ae884aa06cc85120ae904e3f526800b2f4ff37fa1a2128b98bd129d7f395ad:1770959145,572469,18289842382539867639079362738467334752951741961393928566628307174343542320349,SELL,0.058,52.43,3.04094,0xa2ae884aa06cc85120ae904e3f526800b2f4ff37fa1a2128b98bd129d7f395ad,"{""proxyWallet"": ""0xa7be6febd11becb7bac7259655abfaef69e577f4"", ""side"": ""SELL"", ""asset"": ""18289842382539867639079362738467334752951741961393928566628307174343542320349"", ""conditionId"": ""0x61b66d02793b4a68ab0cc25be60d65f517fe18c7d654041281bb130341244fcc"", ""size"": 52.43, ""price"": 0.058, ""timestamp"": 1770959145, ""title"": ""Will Trump nominate Kevin Warsh as the next Fed chair?"", ""slug"": ""will-trump-nominate-kevin-warsh-as-the-next-fed-chair"", ""icon"": ""https://polymarket-upload.s3.us-east-2.amazonaws.com/will-trump-nominate-kevin-warsh-as-the-next-fed-chair-Bc-vVyyVjhsS.jpg"", ""eventSlug"": ""who-will-trump-nominate-as-fed-chair"", ""outcome"": ""No"", ""outcomeIndex"": 1, ""name"": ""bulekale"", ""pseudonym"": ""Some-Router"", ""bio"": """", ""profileImage"": """", ""profileImageOptimized"": """", ""transactionHash"": ""0xa2ae884aa06cc85120ae904e3f526800b2f4ff37fa1a2128b98bd129d7f395ad""}"
1770958945,2026-02-14T02:01:51.197318,0x31a6ebda28f0e8f592df5900d80b25218afdd00dd53d6cf2f41cd524650c640b:1770958945,572469,18289842382539867639079362738467334752951741961393928566628307174343542320349,SELL,0.058,19.91,1.1547800000000001,0x31a6ebda28f0e8f592df5900d80b25218afdd00dd53d6cf2f41cd524650c640b,"{""proxyWallet"": ""0xa7be6febd11becb7bac7259655abfaef69e577f4"", ""side"": ""SELL"", ""asset"": ""18289842382539867639079362738467334752951741961393928566628307174343542320349"", ""conditionId"": ""0x61b66d02793b4a68ab0cc25be60d65f517fe18c7d654041281bb130341244fcc"", ""size"": 19.91, ""price"": 0.058, ""timestamp"": 1770958945, ""title"": ""Will Trump nominate Kevin Warsh as the next Fed chair?"", ""slug"": ""will-trump-nominate-kevin-warsh-as-the-next-fed-chair"", ""icon"": ""https://polymarket-upload.s3.us-east-2.amazonaws.com/will-trump-nominate-kevin-warsh-as-the-next-fed-chair-Bc-vVyyVjhsS.jpg"", ""eventSlug"": ""who-will-trump-nominate-as-fed-chair"", ""outcome"": ""No"", ""outcomeIndex"": 1, ""name"": ""bulekale"", ""pseudonym"": ""Some-Router"", ""bio"": """", ""profileImage"": """", ""profileImageOptimized"": """", ""transactionHash"": ""0x31a6ebda28f0e8f592df5900d80b25218afdd00dd53d6cf2f41cd524650c640b""}"
1770958729,2026-02-14T02:01:51.197339,0x7b9143b6e377f4d121a6cabb48757c2bb407f235060a05d43d495bd1f4976e58:1770958729,572469,18289842382539867639079362738467334752951741961393928566628307174343542320349,SELL,0.057,90.0,5.13,0x7b9143b6e377f4d121a6cabb48757c2bb407f235060a05d43d495bd1f4976e58,"{""proxyWallet"": ""0xf3b6d807bce5e7a068d96749dca14924d04fc2a2"", ""side"": ""SELL"", ""asset"": ""18289842382539867639079362738467334752951741961393928566628307174343542320349"", ""conditionId"": ""0x61b66d02793b4a68ab0cc25be60d65f517fe18c7d654041281bb130341244fcc"", ""size"": 90, ""price"": 0.057, ""timestamp"": 1770958729, ""title"": ""Will Trump nominate Kevin Warsh as the next Fed chair?"", ""slug"": ""will-trump-nominate-kevin-warsh-as-the-next-fed-chair"", ""icon"": ""https://polymarket-upload.s3.us-east-2.amazonaws.com/will-trump-nominate-kevin-warsh-as-the-next-fed-chair-Bc-vVyyVjhsS.jpg"", ""eventSlug"": ""who-will-trump-nominate-as-fed-chair"", ""outcome"": ""No"", ""outcomeIndex"": 1, ""name"": ""dtrhuydrfs"", ""pseudonym"": ""Gleaming-Civilisation"", ""bio"": """", ""profileImage"": """", ""profileImageOptimized"": """", ""transactionHash"": ""0x7b9143b6e377f4d121a6cabb48757c2bb407f235060a05d43d495bd1f4976e58""}"
1770958577,2026-02-14T02:01:51.197356,0x38a29980a9ddc94d5002c255c69ba74ce8573a7a92a3d43143a43032eab7567c:1770958577,572469,18289842382539867639079362738467334752951741961393928566628307174343542320349,BUY,0.059,169.49,9.99991,0x38a29980a9ddc94d5002c255c69ba74ce8573a7a92a3d43143a43032eab7567c,"{""proxyWallet"": ""0x3692aef72175812606e88991b4f0f44eed2b2136"", ""side"": ""BUY"", ""asset"": ""18289842382539867639079362738467334752951741961393928566628307174343542320349"", ""conditionId"": ""0x61b66d02793b4a68ab0cc25be60d65f517fe18c7d654041281bb130341244fcc"", ""size"": 169.49, ""price"": 0.059, ""timestamp"": 1770958577, ""title"": ""Will Trump nominate Kevin Warsh as the next Fed chair?"", ""slug"": ""will-trump-nominate-kevin-warsh-as-the-next-fed-chair"", ""icon"": ""https://polymarket-upload.s3.us-east-2.amazonaws.com/will-trump-nominate-kevin-warsh-as-the-next-fed-chair-Bc-vVyyVjhsS.jpg"", ""eventSlug"": ""who-will-trump-nominate-as-fed-chair"", ""outcome"": ""No"", ""outcomeIndex"": 1, ""name"": ""qvhsbvwjhdbusbfrsuyfs"", ""pseudonym"": ""Equatorial-Citizen"", ""bio"": """", ""profileImage"": """", ""profileImageOptimized"": """", ""transactionHash"": ""0x38a29980a9ddc94d5002c255c69ba74ce8573a7a92a3d43143a43032eab7567c""}"
1770958233,2026-02-14T02:01:51.197374,0xce80c30ecc7a6fc17182c8dfc226572dafb72fc579abc1346a867fbbdb1e00de:1770958233,572469,18289842382539867639079362738467334752951741961393928566628307174343542320349,BUY,0.05728160850241005,1745.761015,99.999999,0xce80c30ecc7a6fc17182c8dfc226572dafb72fc579abc1346a867fbbdb1e00de,"{""proxyWallet"": ""0xe4ad686ea808c45135177d73cb8fe18b8f520603"", ""side"": ""BUY"", ""asset"": ""18289842382539867639079362738467334752951741961393928566628307174343542320349"", ""conditionId"": ""0x61b66d02793b4a68ab0cc25be60d65f517fe18c7d654041281bb130341244fcc"", ""size"": 1745.761015, ""price"": 0.05728160850241005, ""timestamp"": 1770958233, ""title"": ""Will Trump nominate Kevin Warsh as the next Fed chair?"", ""slug"": ""will-trump-nominate-kevin-warsh-as-the-next-fed-chair"", ""icon"": ""https://polymarket-upload.s3.us-east-2.amazonaws.com/will-trump-nominate-kevin-warsh-as-the-next-fed-chair-Bc-vVyyVjhsS.jpg"", ""eventSlug"": ""who-will-trump-nominate-as-fed-chair"", ""outcome"": ""No"", ""outcomeIndex"": 1, ""name"": ""pibeing12"", ""pseudonym"": ""Apprehensive-Broccoli-Snowplow"", ""bio"": """", ""profileImage"": """", ""profileImageOptimized"": """", ""transactionHash"": ""0xce80c30ecc7a6fc17182c8dfc226572dafb72fc579abc1346a867fbbdb1e00de""}"
1770958085,2026-02-14T02:01:51.197397,0x875d03d427a9d84da798a908feaa5647f1982d4039370105c08a043cbff0b88a:1770958085,572469,18289842382539867639079362738467334752951741961393928566628307174343542320349,SELL,0.055,57.0,3.1350000000000002,0x875d03d427a9d84da798a908feaa5647f1982d4039370105c08a043cbff0b88a,"{""proxyWallet"": ""0x4a8562928ff018fb20af4a536f9fe05357e4c04b"", ""side"": ""SELL"", ""asset"": ""18289842382539867639079362738467334752951741961393928566628307174343542320349"", ""conditionId"": ""0x61b66d02793b4a68ab0cc25be60d65f517fe18c7d654041281bb130341244fcc"", ""size"": 57, ""price"": 0.055, ""timestamp"": 1770958085, ""title"": ""Will Trump nominate Kevin Warsh as the next Fed chair?"", ""slug"": ""will-trump-nominate-kevin-warsh-as-the-next-fed-chair"", ""icon"": ""https://polymarket-upload.s3.us-east-2.amazonaws.com/will-trump-nominate-kevin-warsh-as-the-next-fed-chair-Bc-vVyyVjhsS.jpg"", ""eventSlug"": ""who-will-trump-nominate-as-fed-chair"", ""outcome"": ""No"", ""outcomeIndex"": 1, ""name"": ""Marcopower"", ""pseudonym"": ""Mushy-Stimulus"", ""bio"": """", ""profileImage"": """", ""profileImageOptimized"": """", ""transactionHash"": ""0x875d03d427a9d84da798a908feaa5647f1982d4039370105c08a043cbff0b88a""}"
1770956713,2026-02-14T02:01:52.090697,0x8d4f085dfcbcb6e92c2b009ca57fd053aa5fb6c176b7484c17e78c0d7b9426d3:1770956713,572469,18289842382539867639079362738467334752951741961393928566628307174343542320349,SELL,0.054,61.22,3.3058799999999997,0x8d4f085dfcbcb6e92c2b009ca57fd053aa5fb6c176b7484c17e78c0d7b9426d3,"{""proxyWallet"": ""0xbf8c989c2d4947b6cd805b047c8bcc30755c233f"", ""side"": ""SELL"", ""asset"": ""18289842382539867639079362738467334752951741961393928566628307174343542320349"", ""conditionId"": ""0x61b66d02793b4a68ab0cc25be60d65f517fe18c7d654041281bb130341244fcc"", ""size"": 61.22, ""price"": 0.054, ""timestamp"": 1770956713, ""title"": ""Will Trump nominate Kevin Warsh as the next Fed chair?"", ""slug"": ""will-trump-nominate-kevin-warsh-as-the-next-fed-chair"", ""icon"": ""https://polymarket-upload.s3.us-east-2.amazonaws.com/will-trump-nominate-kevin-warsh-as-the-next-fed-chair-Bc-vVyyVjhsS.jpg"", ""eventSlug"": ""who-will-trump-nominate-as-fed-chair"", ""outcome"": ""No"", ""outcomeIndex"": 1, ""name"": ""goto5000"", ""pseudonym"": ""Cheery-Wrong"", ""bio"": """", ""profileImage"": """", ""profileImageOptimized"": """", ""transactionHash"": ""0x8d4f085dfcbcb6e92c2b009ca57fd053aa5fb6c176b7484c17e78c0d7b9426d3""}"
1770955833,2026-02-14T02:01:52.090808,0xb89f2b5b5f8a655918076bc0401bfea7368eea0f1818e171f0e5528e66cfbcb3:1770955833,572469,18289842382539867639079362738467334752951741961393928566628307174343542320349,SELL,0.054,1000.0,54.0,0xb89f2b5b5f8a655918076bc0401bfea7368eea0f1818e171f0e5528e66cfbcb3,"{""proxyWallet"": ""0xc22ee811ba7c97540f0d5186fa023cd921c240c0"", ""side"": ""SELL"", ""asset"": ""18289842382539867639079362738467334752951741961393928566628307174343542320349"", ""conditionId"": ""0x61b66d02793b4a68ab0cc25be60d65f517fe18c7d654041281bb130341244fcc"", ""size"": 1000, ""price"": 0.054, ""timestamp"": 1770955833, ""title"": ""Will Trump nominate Kevin Warsh as the next Fed chair?"", ""slug"": ""will-trump-nominate-kevin-warsh-as-the-next-fed-chair"", ""icon"": ""https://polymarket-upload.s3.us-east-2.amazonaws.com/will-trump-nominate-kevin-warsh-as-the-next-fed-chair-Bc-vVyyVjhsS.jpg"", ""eventSlug"": ""who-will-trump-nominate-as-fed-chair"", ""outcome"": ""No"", ""outcomeIndex"": 1, ""name"": ""RobberBaronn"", ""pseudonym"": ""Forked-Cuticle"", ""bio"": """", ""profileImage"": """", ""profileImageOptimized"": """", ""transactionHash"": ""0xb89f2b5b5f8a655918076bc0401bfea7368eea0f1818e171f0e5528e66cfbcb3""}"
1770955595,2026-02-14T02:01:52.090858,0x49d15c912d43d22ca20f99533dfe9c47f3f155b60f108bd63ae21b02b6c84c80:1770955595,572469,18289842382539867639079362738467334752951741961393928566628307174343542320349,BUY,0.055,48.0,2.64,0x49d15c912d43d22ca20f99533dfe9c47f3f155b60f108bd63ae21b02b6c84c80,"{""proxyWallet"": ""0x6c979ffcc3528a5d2395a2f7c89135711da0988c"", ""side"": ""BUY"", ""asset"": ""18289842382539867639079362738467334752951741961393928566628307174343542320349"", ""conditionId"": ""0x61b66d02793b4a68ab0cc25be60d65f517fe18c7d654041281bb130341244fcc"", ""size"": 48, ""price"": 0.055, ""timestamp"": 1770955595, ""title"": ""Will Trump nominate Kevin Warsh as the next Fed chair?"", ""slug"": ""will-trump-nominate-kevin-warsh-as-the-next-fed-chair"", ""icon"": ""https://polymarket-upload.s3.us-east-2.amazonaws.com/will-trump-nominate-kevin-warsh-as-the-next-fed-chair-Bc-vVyyVjhsS.jpg"", ""eventSlug"": ""who-will-trump-nominate-as-fed-chair"", ""outcome"": ""No"", ""outcomeIndex"": 1, ""name"": ""7G-MAN"", ""pseudonym"": ""Zigzag-Message"", ""bio"": ""LOL, Fake profit."", ""profileImage"": """", ""profileImageOptimized"": """", ""transactionHash"": ""0x49d15c912d43d22ca20f99533dfe9c47f3f155b60f108bd63ae21b02b6c84c80""}"
1770954841,2026-02-14T02:01:52.090900,0x7ff0edb1431805e2abe07657c5d39686887ab5d61e78ac61484f222f5881532f:1770954841,572469,18289842382539867639079362738467334752951741961393928566628307174343542320349,BUY,0.05599998960639985,89.285713,4.999999,0x7ff0edb1431805e2abe07657c5d39686887ab5d61e78ac61484f222f5881532f,"{""proxyWallet"": ""0x2fd086950b24f99d58fdc1c509bc43d4cca411db"", ""side"": ""BUY"", ""asset"": ""18289842382539867639079362738467334752951741961393928566628307174343542320349"", ""conditionId"": ""0x61b66d02793b4a68ab0cc25be60d65f517fe18c7d654041281bb130341244fcc"", ""size"": 89.285713, ""price"": 0.05599998960639985, ""timestamp"": 1770954841, ""title"": ""Will Trump nominate Kevin Warsh as the next Fed chair?"", ""slug"": ""will-trump-nominate-kevin-warsh-as-the-next-fed-chair"", ""icon"": ""https://polymarket-upload.s3.us-east-2.amazonaws.com/will-trump-nominate-kevin-warsh-as-the-next-fed-chair-Bc-vVyyVjhsS.jpg"", ""eventSlug"": ""who-will-trump-nominate-as-fed-chair"", ""outcome"": ""No"", ""outcomeIndex"": 1, ""name"": ""WashedTrader"", ""pseudonym"": ""Expert-Picket"", ""bio"": """", ""profileImage"": ""https://polymarket-upload.s3.us-east-2.amazonaws.com/profile-image-4702210-b2482015-117a-44f0-a864-be1a7dd75ce4.png"", ""profileImageOptimized"": """", ""transactionHash"": ""0x7ff0edb1431805e2abe07657c5d39686887ab5d61e78ac61484f222f5881532f""}"
1770953879,2026-02-14T02:01:52.090953,0x4cd3d097d561ef3824f7187a34199c997a0184eea4c393e03f426ec46fed39c8:1770953879,572469,18289842382539867639079362738467334752951741961393928566628307174343542320349,SELL,0.055,5.0,0.275,0x4cd3d097d561ef3824f7187a34199c997a0184eea4c393e03f426ec46fed39c8,"{""proxyWallet"": ""0x6b36973dcfbb4a1e4c6fadfe35b755eee99c0d4b"", ""side"": ""SELL"", ""asset"": ""18289842382539867639079362738467334752951741961393928566628307174343542320349"", ""conditionId"": ""0x61b66d02793b4a68ab0cc25be60d65f517fe18c7d654041281bb130341244fcc"", ""size"": 5, ""price"": 0.055, ""timestamp"": 1770953879, ""title"": ""Will Trump nominate Kevin Warsh as the next Fed chair?"", ""slug"": ""will-trump-nominate-kevin-warsh-as-the-next-fed-chair"", ""icon"": ""https://polymarket-upload.s3.us-east-2.amazonaws.com/will-trump-nominate-kevin-warsh-as-the-next-fed-chair-Bc-vVyyVjhsS.jpg"", ""eventSlug"": ""who-will-trump-nominate-as-fed-chair"", ""outcome"": ""No"", ""outcomeIndex"": 1, ""name"": ""deepcoiner"", ""pseudonym"": ""Well-Off-String"", ""bio"": """", ""profileImage"": """", ""profileImageOptimized"": """", ""transactionHash"": ""0x4cd3d097d561ef3824f7187a34199c997a0184eea4c393e03f426ec46fed39c8""}"
1770953687,2026-02-14T02:01:52.090985,0xdc5bce5b10bb40f7a400f1a38807f364292f07c32682faaa9d598771e034b057:1770953687,572469,18289842382539867639079362738467334752951741961393928566628307174343542320349,BUY,0.05599999946412618,1686.964284,94.46999899999999,0xdc5bce5b10bb40f7a400f1a38807f364292f07c32682faaa9d598771e034b057,"{""proxyWallet"": ""0x05608c52cdccc3513ed2d87a7dc3c3ab239acd15"", ""side"": ""BUY"", ""asset"": ""18289842382539867639079362738467334752951741961393928566628307174343542320349"", ""conditionId"": ""0x61b66d02793b4a68ab0cc25be60d65f517fe18c7d654041281bb130341244fcc"", ""size"": 1686.964284, ""price"": 0.05599999946412618, ""timestamp"": 1770953687, ""title"": ""Will Trump nominate Kevin Warsh as the next Fed chair?"", ""slug"": ""will-trump-nominate-kevin-warsh-as-the-next-fed-chair"", ""icon"": ""https://polymarket-upload.s3.us-east-2.amazonaws.com/will-trump-nominate-kevin-warsh-as-the-next-fed-chair-Bc-vVyyVjhsS.jpg"", ""eventSlug"": ""who-will-trump-nominate-as-fed-chair"", ""outcome"": ""No"", ""outcomeIndex"": 1, ""name"": ""0x05608c52CdCcC3513ed2d87a7dc3c3ab239aCd15-1768332792839"", ""pseudonym"": ""United-Sneeze"", ""bio"": """", ""profileImage"": """", ""profileImageOptimized"": """", ""transactionHash"": ""0xdc5bce5b10bb40f7a400f1a38807f364292f07c32682faaa9d598771e034b057""}"
1770953417,2026-02-14T02:01:52.091023,0xa9019d98b7a8f27ce05b3698189e80b627364f3c9196e9b5e44db27d2fcfa231:1770953417,572469,18289842382539867639079362738467334752951741961393928566628307174343542320349,SELL,0.05425456651231974,4343.03,235.62920999999997,0xa9019d98b7a8f27ce05b3698189e80b627364f3c9196e9b5e44db27d2fcfa231,"{""proxyWallet"": ""0xc680ec7bd5bd12af22f90464b47ff3affbd3e94c"", ""side"": ""SELL"", ""asset"": ""18289842382539867639079362738467334752951741961393928566628307174343542320349"", ""conditionId"": ""0x61b66d02793b4a68ab0cc25be60d65f517fe18c7d654041281bb130341244fcc"", ""size"": 4343.03, ""price"": 0.05425456651231974, ""timestamp"": 1770953417, ""title"": ""Will Trump nominate Kevin Warsh as the next Fed chair?"", ""slug"": ""will-trump-nominate-kevin-warsh-as-the-next-fed-chair"", ""icon"": ""https://polymarket-upload.s3.us-east-2.amazonaws.com/will-trump-nominate-kevin-warsh-as-the-next-fed-chair-Bc-vVyyVjhsS.jpg"", ""eventSlug"": ""who-will-trump-nominate-as-fed-chair"", ""outcome"": ""No"", ""outcomeIndex"": 1, ""name"": ""joker0077"", ""pseudonym"": ""Turbulent-Organisation"", ""bio"": """", ""profileImage"": """", ""profileImageOptimized"": """", ""transactionHash"": ""0xa9019d98b7a8f27ce05b3698189e80b627364f3c9196e9b5e44db27d2fcfa231""}"
1770952977,2026-02-14T02:01:52.091062,0x305b7e27b38470c937476a76feb0a979152aefd052dbb5deed5121f80d89073d:1770952977,572469,18289842382539867639079362738467334752951741961393928566628307174343542320349,SELL,0.057,30.0,1.71,0x305b7e27b38470c937476a76feb0a979152aefd052dbb5deed5121f80d89073d,"{""proxyWallet"": ""0xa7be6febd11becb7bac7259655abfaef69e577f4"", ""side"": ""SELL"", ""asset"": ""18289842382539867639079362738467334752951741961393928566628307174343542320349"", ""conditionId"": ""0x61b66d02793b4a68ab0cc25be60d65f517fe18c7d654041281bb130341244fcc"", ""size"": 30, ""price"": 0.057, ""timestamp"": 1770952977, ""title"": ""Will Trump nominate Kevin Warsh as the next Fed chair?"", ""slug"": ""will-trump-nominate-kevin-warsh-as-the-next-fed-chair"", ""icon"": ""https://polymarket-upload.s3.us-east-2.amazonaws.com/will-trump-nominate-kevin-warsh-as-the-next-fed-chair-Bc-vVyyVjhsS.jpg"", ""eventSlug"": ""who-will-trump-nominate-as-fed-chair"", ""outcome"": ""No"", ""outcomeIndex"": 1, ""name"": ""bulekale"", ""pseudonym"": ""Some-Router"", ""bio"": """", ""profileImage"": """", ""profileImageOptimized"": """", ""transactionHash"": ""0x305b7e27b38470c937476a76feb0a979152aefd052dbb5deed5121f80d89073d""}"
1770952945,2026-02-14T02:01:52.091095,0xdab0c071a7117970a20308dfa0011dbc8e88a1e2e39c5c1c90ecc8fd0378dfdb:1770952945,572469,18289842382539867639079362738467334752951741961393928566628307174343542320349,SELL,0.057,60.46,3.4462200000000003,0xdab0c071a7117970a20308dfa0011dbc8e88a1e2e39c5c1c90ecc8fd0378dfdb,"{""proxyWallet"": ""0xa7be6febd11becb7bac7259655abfaef69e577f4"", ""side"": ""SELL"", ""asset"": ""18289842382539867639079362738467334752951741961393928566628307174343542320349"", ""conditionId"": ""0x61b66d02793b4a68ab0cc25be60d65f517fe18c7d654041281bb130341244fcc"", ""size"": 60.46, ""price"": 0.057, ""timestamp"": 1770952945, ""title"": ""Will Trump nominate Kevin Warsh as the next Fed chair?"", ""slug"": ""will-trump-nominate-kevin-warsh-as-the-next-fed-chair"", ""icon"": ""https://polymarket-upload.s3.us-east-2.amazonaws.com/will-trump-nominate-kevin-warsh-as-the-next-fed-chair-Bc-vVyyVjhsS.jpg"", ""eventSlug"": ""who-will-trump-nominate-as-fed-chair"", ""outcome"": ""No"", ""outcomeIndex"": 1, ""name"": ""bulekale"", ""pseudonym"": ""Some-Router"", ""bio"": """", ""profileImage"": """", ""profileImageOptimized"": """", ""transactionHash"": ""0xdab0c071a7117970a20308dfa0011dbc8e88a1e2e39c5c1c90ecc8fd0378dfdb""}"
1770952683,2026-02-14T02:01:52.091132,0x587da6c5781cc719119669c2ead3531e56be0f136de575e4e2d93334ff41165e:1770952683,572469,18289842382539867639079362738467334752951741961393928566628307174343542320349,BUY,0.057999995101023216,185.344826,10.749999,0x587da6c5781cc719119669c2ead3531e56be0f136de575e4e2d93334ff41165e,"{""proxyWallet"": ""0x3f20b410be0fbcd81bf57c8df862f001dc525d9b"", ""side"": ""BUY"", ""asset"": ""18289842382539867639079362738467334752951741961393928566628307174343542320349"", ""conditionId"": ""0x61b66d02793b4a68ab0cc25be60d65f517fe18c7d654041281bb130341244fcc"", ""size"": 185.344826, ""price"": 0.057999995101023216, ""timestamp"": 1770952683, ""title"": ""Will Trump nominate Kevin Warsh as the next Fed chair?"", ""slug"": ""will-trump-nominate-kevin-warsh-as-the-next-fed-chair"", ""icon"": ""https://polymarket-upload.s3.us-east-2.amazonaws.com/will-trump-nominate-kevin-warsh-as-the-next-fed-chair-Bc-vVyyVjhsS.jpg"", ""eventSlug"": ""who-will-trump-nominate-as-fed-chair"", ""outcome"": ""No"", ""outcomeIndex"": 1, ""name"": ""Ram121313"", ""pseudonym"": ""Worthless-Signup"", ""bio"": """", ""profileImage"": """", ""profileImageOptimized"": """", ""transactionHash"": ""0x587da6c5781cc719119669c2ead3531e56be0f136de575e4e2d93334ff41165e""}"
1770952087,2026-02-14T02:01:52.091177,0x4f4e77446688c6a004819aad02f945514fc3844eea224b2fe654f4b3a7a78a21:1770952087,572469,18289842382539867639079362738467334752951741961393928566628307174343542320349,SELL,0.05463356,500.0,27.316779999999998,0x4f4e77446688c6a004819aad02f945514fc3844eea224b2fe654f4b3a7a78a21,"{""proxyWallet"": ""0x5e8f3f269435768d30df68f209f233abe187d1ba"", ""side"": ""SELL"", ""asset"": ""18289842382539867639079362738467334752951741961393928566628307174343542320349"", ""conditionId"": ""0x61b66d02793b4a68ab0cc25be60d65f517fe18c7d654041281bb130341244fcc"", ""size"": 500, ""price"": 0.05463356, ""timestamp"": 1770952087, ""title"": ""Will Trump nominate Kevin Warsh as the next Fed chair?"", ""slug"": ""will-trump-nominate-kevin-warsh-as-the-next-fed-chair"", ""icon"": ""https://polymarket-upload.s3.us-east-2.amazonaws.com/will-trump-nominate-kevin-warsh-as-the-next-fed-chair-Bc-vVyyVjhsS.jpg"", ""eventSlug"": ""who-will-trump-nominate-as-fed-chair"", ""outcome"": ""No"", ""outcomeIndex"": 1, ""name"": ""delta604"", ""pseudonym"": ""Stupendous-Anywhere"", ""bio"": """", ""profileImage"": """", ""profileImageOptimized"": """", ""transactionHash"": ""0x4f4e77446688c6a004819aad02f945514fc3844eea224b2fe654f4b3a7a78a21""}"
1770951905,2026-02-14T02:01:52.091218,0x5c7d19a5a92386bee459c909a562d7038ce124e1e6bc57bff84c6544d07fe17a:1770951905,572469,18289842382539867639079362738467334752951741961393928566628307174343542320349,SELL,0.056,19.6,1.0976000000000001,0x5c7d19a5a92386bee459c909a562d7038ce124e1e6bc57bff84c6544d07fe17a,"{""proxyWallet"": ""0x69d2fe7aa2629b018e56ac2ead29e4802bb6be38"", ""side"": ""SELL"", ""asset"": ""18289842382539867639079362738467334752951741961393928566628307174343542320349"", ""conditionId"": ""0x61b66d02793b4a68ab0cc25be60d65f517fe18c7d654041281bb130341244fcc"", ""size"": 19.6, ""price"": 0.056, ""timestamp"": 1770951905, ""title"": ""Will Trump nominate Kevin Warsh as the next Fed chair?"", ""slug"": ""will-trump-nominate-kevin-warsh-as-the-next-fed-chair"", ""icon"": ""https://polymarket-upload.s3.us-east-2.amazonaws.com/will-trump-nominate-kevin-warsh-as-the-next-fed-chair-Bc-vVyyVjhsS.jpg"", ""eventSlug"": ""who-will-trump-nominate-as-fed-chair"", ""outcome"": ""No"", ""outcomeIndex"": 1, ""name"": ""0x69D2FE7aa2629B018e56aC2EAD29e4802BB6bE38-1770831258905"", ""pseudonym"": ""Unhappy-Cytokine"", ""bio"": """", ""profileImage"": """", ""profileImageOptimized"": """", ""transactionHash"": ""0x5c7d19a5a92386bee459c909a562d7038ce124e1e6bc57bff84c6544d07fe17a""}"
1770951795,2026-02-14T02:01:52.091256,0xeca198e6ad1d45f3bed0f641b31c0794ca746a334701bdd6ea36f572c355f23b:1770951795,572469,18289842382539867639079362738467334752951741961393928566628307174343542320349,BUY,0.056999999628737155,2510.350876,143.08999899999998,0xeca198e6ad1d45f3bed0f641b31c0794ca746a334701bdd6ea36f572c355f23b,"{""proxyWallet"": ""0x05608c52cdccc3513ed2d87a7dc3c3ab239acd15"", ""side"": ""BUY"", ""asset"": ""18289842382539867639079362738467334752951741961393928566628307174343542320349"", ""conditionId"": ""0x61b66d02793b4a68ab0cc25be60d65f517fe18c7d654041281bb130341244fcc"", ""size"": 2510.350876, ""price"": 0.056999999628737155, ""timestamp"": 1770951795, ""title"": ""Will Trump nominate Kevin Warsh as the next Fed chair?"", ""slug"": ""will-trump-nominate-kevin-warsh-as-the-next-fed-chair"", ""icon"": ""https://polymarket-upload.s3.us-east-2.amazonaws.com/will-trump-nominate-kevin-warsh-as-the-next-fed-chair-Bc-vVyyVjhsS.jpg"", ""eventSlug"": ""who-will-trump-nominate-as-fed-chair"", ""outcome"": ""No"", ""outcomeIndex"": 1, ""name"": ""0x05608c52CdCcC3513ed2d87a7dc3c3ab239aCd15-1768332792839"", ""pseudonym"": ""United-Sneeze"", ""bio"": """", ""profileImage"": """", ""profileImageOptimized"": """", ""transactionHash"": ""0xeca198e6ad1d45f3bed0f641b31c0794ca746a334701bdd6ea36f572c355f23b""}"
1770951259,2026-02-14T02:01:52.091302,0xfcc9c830283810831d712c7a76757d87dbfb0d6f372d0022ae884acf212a3b44:1770951259,572469,18289842382539867639079362738467334752951741961393928566628307174343542320349,BUY,0.05700000017272727,34.736842,1.9800000000000002,0xfcc9c830283810831d712c7a76757d87dbfb0d6f372d0022ae884acf212a3b44,"{""proxyWallet"": ""0xd479f03125f6361876e04ba29d1131699e63be37"", ""side"": ""BUY"", ""asset"": ""18289842382539867639079362738467334752951741961393928566628307174343542320349"", ""conditionId"": ""0x61b66d02793b4a68ab0cc25be60d65f517fe18c7d654041281bb130341244fcc"", ""size"": 34.736842, ""price"": 0.05700000017272727, ""timestamp"": 1770951259, ""title"": ""Will Trump nominate Kevin Warsh as the next Fed chair?"", ""slug"": ""will-trump-nominate-kevin-warsh-as-the-next-fed-chair"", ""icon"": ""https://polymarket-upload.s3.us-east-2.amazonaws.com/will-trump-nominate-kevin-warsh-as-the-next-fed-chair-Bc-vVyyVjhsS.jpg"", ""eventSlug"": ""who-will-trump-nominate-as-fed-chair"", ""outcome"": ""No"", ""outcomeIndex"": 1, ""name"": ""ripple589"", ""pseudonym"": ""Studious-Laptop"", ""bio"": """", ""profileImage"": """", ""profileImageOptimized"": """", ""transactionHash"": ""0xfcc9c830283810831d712c7a76757d87dbfb0d6f372d0022ae884acf212a3b44""}"
1770951075,2026-02-14T02:01:52.091339,0x8c3aee777f4e0f716e4377df8d8e39481d86e88776c18b82ac6a3f2405b47600:1770951075,572469,18289842382539867639079362738467334752951741961393928566628307174343542320349,BUY,0.056,51.62,2.89072,0x8c3aee777f4e0f716e4377df8d8e39481d86e88776c18b82ac6a3f2405b47600,"{""proxyWallet"": ""0x30cecdf29f069563ea21b8ae94492e41e53a6b2b"", ""side"": ""BUY"", ""asset"": ""18289842382539867639079362738467334752951741961393928566628307174343542320349"", ""conditionId"": ""0x61b66d02793b4a68ab0cc25be60d65f517fe18c7d654041281bb130341244fcc"", ""size"": 51.62, ""price"": 0.056, ""timestamp"": 1770951075, ""title"": ""Will Trump nominate Kevin Warsh as the next Fed chair?"", ""slug"": ""will-trump-nominate-kevin-warsh-as-the-next-fed-chair"", ""icon"": ""https://polymarket-upload.s3.us-east-2.amazonaws.com/will-trump-nominate-kevin-warsh-as-the-next-fed-chair-Bc-vVyyVjhsS.jpg"", ""eventSlug"": ""who-will-trump-nominate-as-fed-chair"", ""outcome"": ""No"", ""outcomeIndex"": 1, ""name"": ""ZXWP"", ""pseudonym"": ""Well-Documented-Hit"", ""bio"": """", ""profileImage"": """", ""profileImageOptimized"": """", ""transactionHash"": ""0x8c3aee777f4e0f716e4377df8d8e39481d86e88776c18b82ac6a3f2405b47600""}"
1770951067,2026-02-14T02:01:52.091369,0x49b26c22146fca01b7b8ed78b3e4467268a9606cab83a0f60a11610d228f6224:1770951067,572469,18289842382539867639079362738467334752951741961393928566628307174343542320349,BUY,0.056,22.0,1.232,0x49b26c22146fca01b7b8ed78b3e4467268a9606cab83a0f60a11610d228f6224,"{""proxyWallet"": ""0x6c979ffcc3528a5d2395a2f7c89135711da0988c"", ""side"": ""BUY"", ""asset"": ""18289842382539867639079362738467334752951741961393928566628307174343542320349"", ""conditionId"": ""0x61b66d02793b4a68ab0cc25be60d65f517fe18c7d654041281bb130341244fcc"", ""size"": 22, ""price"": 0.056, ""timestamp"": 1770951067, ""title"": ""Will Trump nominate Kevin Warsh as the next Fed chair?"", ""slug"": ""will-trump-nominate-kevin-warsh-as-the-next-fed-chair"", ""icon"": ""https://polymarket-upload.s3.us-east-2.amazonaws.com/will-trump-nominate-kevin-warsh-as-the-next-fed-chair-Bc-vVyyVjhsS.jpg"", ""eventSlug"": ""who-will-trump-nominate-as-fed-chair"", ""outcome"": ""No"", ""outcomeIndex"": 1, ""name"": ""7G-MAN"", ""pseudonym"": ""Zigzag-Message"", ""bio"": ""LOL, Fake profit."", ""profileImage"": """", ""profileImageOptimized"": """", ""transactionHash"": ""0x49b26c22146fca01b7b8ed78b3e4467268a9606cab83a0f60a11610d228f6224""}"
1770951063,2026-02-14T02:01:52.091400,0xaec33231437eb29c87fb9738d4c210147c09ba1b86426c3ae208984cc54b66ab:1770951063,572469,18289842382539867639079362738467334752951741961393928566628307174343542320349,BUY,0.056,31.0,1.736,0xaec33231437eb29c87fb9738d4c210147c09ba1b86426c3ae208984cc54b66ab,"{""proxyWallet"": ""0x6c979ffcc3528a5d2395a2f7c89135711da0988c"", ""side"": ""BUY"", ""asset"": ""18289842382539867639079362738467334752951741961393928566628307174343542320349"", ""conditionId"": ""0x61b66d02793b4a68ab0cc25be60d65f517fe18c7d654041281bb130341244fcc"", ""size"": 31, ""price"": 0.056, ""timestamp"": 1770951063, ""title"": ""Will Trump nominate Kevin Warsh as the next Fed chair?"", ""slug"": ""will-trump-nominate-kevin-warsh-as-the-next-fed-chair"", ""icon"": ""https://polymarket-upload.s3.us-east-2.amazonaws.com/will-trump-nominate-kevin-warsh-as-the-next-fed-chair-Bc-vVyyVjhsS.jpg"", ""eventSlug"": ""who-will-trump-nominate-as-fed-chair"", ""outcome"": ""No"", ""outcomeIndex"": 1, ""name"": ""7G-MAN"", ""pseudonym"": ""Zigzag-Message"", ""bio"": ""LOL, Fake profit."", ""profileImage"": """", ""profileImageOptimized"": """", ""transactionHash"": ""0xaec33231437eb29c87fb9738d4c210147c09ba1b86426c3ae208984cc54b66ab""}"
1770950945,2026-02-14T02:01:52.091455,0x28077c903ee5cde4674b18b3f6c5686676fe5e4ebcd022ba00a125e3d2e7a59d:1770950945,572469,18289842382539867639079362738467334752951741961393928566628307174343542320349,BUY,0.056,12.94,0.72464,0x28077c903ee5cde4674b18b3f6c5686676fe5e4ebcd022ba00a125e3d2e7a59d,"{""proxyWallet"": ""0x30cecdf29f069563ea21b8ae94492e41e53a6b2b"", ""side"": ""BUY"", ""asset"": ""18289842382539867639079362738467334752951741961393928566628307174343542320349"", ""conditionId"": ""0x61b66d02793b4a68ab0cc25be60d65f517fe18c7d654041281bb130341244fcc"", ""size"": 12.94, ""price"": 0.056, ""timestamp"": 1770950945, ""title"": ""Will Trump nominate Kevin Warsh as the next Fed chair?"", ""slug"": ""will-trump-nominate-kevin-warsh-as-the-next-fed-chair"", ""icon"": ""https://polymarket-upload.s3.us-east-2.amazonaws.com/will-trump-nominate-kevin-warsh-as-the-next-fed-chair-Bc-vVyyVjhsS.jpg"", ""eventSlug"": ""who-will-trump-nominate-as-fed-chair"", ""outcome"": ""No"", ""outcomeIndex"": 1, ""name"": ""ZXWP"", ""pseudonym"": ""Well-Documented-Hit"", ""bio"": """", ""profileImage"": """", ""profileImageOptimized"": """", ""transactionHash"": ""0x28077c903ee5cde4674b18b3f6c5686676fe5e4ebcd022ba00a125e3d2e7a59d""}"
1770950941,2026-02-14T02:01:52.091487,0xc53d612a1c24e772318b67b408487cf56d375eb7edbf198112e17545171ea9ae:1770950941,572469,18289842382539867639079362738467334752951741961393928566628307174343542320349,BUY,0.056,26.0,1.456,0xc53d612a1c24e772318b67b408487cf56d375eb7edbf198112e17545171ea9ae,"{""proxyWallet"": ""0x6c979ffcc3528a5d2395a2f7c89135711da0988c"", ""side"": ""BUY"", ""asset"": ""18289842382539867639079362738467334752951741961393928566628307174343542320349"", ""conditionId"": ""0x61b66d02793b4a68ab0cc25be60d65f517fe18c7d654041281bb130341244fcc"", ""size"": 26, ""price"": 0.056, ""timestamp"": 1770950941, ""title"": ""Will Trump nominate Kevin Warsh as the next Fed chair?"", ""slug"": ""will-trump-nominate-kevin-warsh-as-the-next-fed-chair"", ""icon"": ""https://polymarket-upload.s3.us-east-2.amazonaws.com/will-trump-nominate-kevin-warsh-as-the-next-fed-chair-Bc-vVyyVjhsS.jpg"", ""eventSlug"": ""who-will-trump-nominate-as-fed-chair"", ""outcome"": ""No"", ""outcomeIndex"": 1, ""name"": ""7G-MAN"", ""pseudonym"": ""Zigzag-Message"", ""bio"": ""LOL, Fake profit."", ""profileImage"": """", ""profileImageOptimized"": """", ""transactionHash"": ""0xc53d612a1c24e772318b67b408487cf56d375eb7edbf198112e17545171ea9ae""}"
1770950937,2026-02-14T02:01:52.091519,0xdd3ca7d4818d201f67548204896a28d719567011b8da6ecedce7bc389b56f2c1:1770950937,572469,18289842382539867639079362738467334752951741961393928566628307174343542320349,BUY,0.056,82.0,4.5920000000000005,0xdd3ca7d4818d201f67548204896a28d719567011b8da6ecedce7bc389b56f2c1,"{""proxyWallet"": ""0x6c979ffcc3528a5d2395a2f7c89135711da0988c"", ""side"": ""BUY"", ""asset"": ""18289842382539867639079362738467334752951741961393928566628307174343542320349"", ""conditionId"": ""0x61b66d02793b4a68ab0cc25be60d65f517fe18c7d654041281bb130341244fcc"", ""size"": 82, ""price"": 0.056, ""timestamp"": 1770950937, ""title"": ""Will Trump nominate Kevin Warsh as the next Fed chair?"", ""slug"": ""will-trump-nominate-kevin-warsh-as-the-next-fed-chair"", ""icon"": ""https://polymarket-upload.s3.us-east-2.amazonaws.com/will-trump-nominate-kevin-warsh-as-the-next-fed-chair-Bc-vVyyVjhsS.jpg"", ""eventSlug"": ""who-will-trump-nominate-as-fed-chair"", ""outcome"": ""No"", ""outcomeIndex"": 1, ""name"": ""7G-MAN"", ""pseudonym"": ""Zigzag-Message"", ""bio"": ""LOL, Fake profit."", ""profileImage"": """", ""profileImageOptimized"": """", ""transactionHash"": ""0xdd3ca7d4818d201f67548204896a28d719567011b8da6ecedce7bc389b56f2c1""}"
1770950937,2026-02-14T02:01:52.091550,0xf9e56cac9f7aa91c55327260679fe188ef5291ee7aec3d4a0351774395df8952:1770950937,572469,18289842382539867639079362738467334752951741961393928566628307174343542320349,BUY,0.056,116.44,6.52064,0xf9e56cac9f7aa91c55327260679fe188ef5291ee7aec3d4a0351774395df8952,"{""proxyWallet"": ""0x30cecdf29f069563ea21b8ae94492e41e53a6b2b"", ""side"": ""BUY"", ""asset"": ""18289842382539867639079362738467334752951741961393928566628307174343542320349"", ""conditionId"": ""0x61b66d02793b4a68ab0cc25be60d65f517fe18c7d654041281bb130341244fcc"", ""size"": 116.44, ""price"": 0.056, ""timestamp"": 1770950937, ""title"": ""Will Trump nominate Kevin Warsh as the next Fed chair?"", ""slug"": ""will-trump-nominate-kevin-warsh-as-the-next-fed-chair"", ""icon"": ""https://polymarket-upload.s3.us-east-2.amazonaws.com/will-trump-nominate-kevin-warsh-as-the-next-fed-chair-Bc-vVyyVjhsS.jpg"", ""eventSlug"": ""who-will-trump-nominate-as-fed-chair"", ""outcome"": ""No"", ""outcomeIndex"": 1, ""name"": ""ZXWP"", ""pseudonym"": ""Well-Documented-Hit"", ""bio"": """", ""profileImage"": """", ""profileImageOptimized"": """", ""transactionHash"": ""0xf9e56cac9f7aa91c55327260679fe188ef5291ee7aec3d4a0351774395df8952""}"
1770950931,2026-02-14T02:01:52.091581,0xae763915ccfef730c52999cb847e032a7e97ddf0eabb2856208fbefcd5b99751:1770950931,572469,18289842382539867639079362738467334752951741961393928566628307174343542320349,BUY,0.056,118.0,6.6080000000000005,0xae763915ccfef730c52999cb847e032a7e97ddf0eabb2856208fbefcd5b99751,"{""proxyWallet"": ""0x6c979ffcc3528a5d2395a2f7c89135711da0988c"", ""side"": ""BUY"", ""asset"": ""18289842382539867639079362738467334752951741961393928566628307174343542320349"", ""conditionId"": ""0x61b66d02793b4a68ab0cc25be60d65f517fe18c7d654041281bb130341244fcc"", ""size"": 118, ""price"": 0.056, ""timestamp"": 1770950931, ""title"": ""Will Trump nominate Kevin Warsh as the next Fed chair?"", ""slug"": ""will-trump-nominate-kevin-warsh-as-the-next-fed-chair"", ""icon"": ""https://polymarket-upload.s3.us-east-2.amazonaws.com/will-trump-nominate-kevin-warsh-as-the-next-fed-chair-Bc-vVyyVjhsS.jpg"", ""eventSlug"": ""who-will-trump-nominate-as-fed-chair"", ""outcome"": ""No"", ""outcomeIndex"": 1, ""name"": ""7G-MAN"", ""pseudonym"": ""Zigzag-Message"", ""bio"": ""LOL, Fake profit."", ""profileImage"": """", ""profileImageOptimized"": """", ""transactionHash"": ""0xae763915ccfef730c52999cb847e032a7e97ddf0eabb2856208fbefcd5b99751""}"
1770950925,2026-02-14T02:01:52.091616,0x05997f6cf24187f63a1111f648c74b6ff3743e3679d3217dfcda9e413ece9a9a:1770950925,572469,18289842382539867639079362738467334752951741961393928566628307174343542320349,BUY,0.056,164.0,9.184000000000001,0x05997f6cf24187f63a1111f648c74b6ff3743e3679d3217dfcda9e413ece9a9a,"{""proxyWallet"": ""0x6c979ffcc3528a5d2395a2f7c89135711da0988c"", ""side"": ""BUY"", ""asset"": ""18289842382539867639079362738467334752951741961393928566628307174343542320349"", ""conditionId"": ""0x61b66d02793b4a68ab0cc25be60d65f517fe18c7d654041281bb130341244fcc"", ""size"": 164, ""price"": 0.056, ""timestamp"": 1770950925, ""title"": ""Will Trump nominate Kevin Warsh as the next Fed chair?"", ""slug"": ""will-trump-nominate-kevin-warsh-as-the-next-fed-chair"", ""icon"": ""https://polymarket-upload.s3.us-east-2.amazonaws.com/will-trump-nominate-kevin-warsh-as-the-next-fed-chair-Bc-vVyyVjhsS.jpg"", ""eventSlug"": ""who-will-trump-nominate-as-fed-chair"", ""outcome"": ""No"", ""outcomeIndex"": 1, ""name"": ""7G-MAN"", ""pseudonym"": ""Zigzag-Message"", ""bio"": ""LOL, Fake profit."", ""profileImage"": """", ""profileImageOptimized"": """", ""transactionHash"": ""0x05997f6cf24187f63a1111f648c74b6ff3743e3679d3217dfcda9e413ece9a9a""}"
1770948899,2026-02-14T02:01:52.091682,0x0e35b43eb4623c50c3254c4811586487db2e004e31960fa9b62410f13a09d4a8:1770948899,572469,18289842382539867639079362738467334752951741961393928566628307174343542320349,SELL,0.056,1191.0,66.696,0x0e35b43eb4623c50c3254c4811586487db2e004e31960fa9b62410f13a09d4a8,"{""proxyWallet"": ""0xfc9b79be34b2c426ddea4bbdab716aac4469d776"", ""side"": ""SELL"", ""asset"": ""18289842382539867639079362738467334752951741961393928566628307174343542320349"", ""conditionId"": ""0x61b66d02793b4a68ab0cc25be60d65f517fe18c7d654041281bb130341244fcc"", ""size"": 1191, ""price"": 0.056, ""timestamp"": 1770948899, ""title"": ""Will Trump nominate Kevin Warsh as the next Fed chair?"", ""slug"": ""will-trump-nominate-kevin-warsh-as-the-next-fed-chair"", ""icon"": ""https://polymarket-upload.s3.us-east-2.amazonaws.com/will-trump-nominate-kevin-warsh-as-the-next-fed-chair-Bc-vVyyVjhsS.jpg"", ""eventSlug"": ""who-will-trump-nominate-as-fed-chair"", ""outcome"": ""No"", ""outcomeIndex"": 1, ""name"": ""PPZ"", ""pseudonym"": ""Masculine-Ascend"", ""bio"": """", ""profileImage"": """", ""profileImageOptimized"": """", ""transactionHash"": ""0x0e35b43eb4623c50c3254c4811586487db2e004e31960fa9b62410f13a09d4a8""}"
1770947227,2026-02-14T02:01:52.091734,0x85c6eacfe13fc41dec776f0a7d17cd327ea5d8cbeaf3133ad23745bacaaf30e4:1770947227,572469,18289842382539867639079362738467334752951741961393928566628307174343542320349,BUY,0.058,8646.59,501.50222,0x85c6eacfe13fc41dec776f0a7d17cd327ea5d8cbeaf3133ad23745bacaaf30e4,"{""proxyWallet"": ""0xe9cf1a43a1c2091b99d6ec1209e29a05d545dbad"", ""side"": ""BUY"", ""asset"": ""18289842382539867639079362738467334752951741961393928566628307174343542320349"", ""conditionId"": ""0x61b66d02793b4a68ab0cc25be60d65f517fe18c7d654041281bb130341244fcc"", ""size"": 8646.59, ""price"": 0.058, ""timestamp"": 1770947227, ""title"": ""Will Trump nominate Kevin Warsh as the next Fed chair?"", ""slug"": ""will-trump-nominate-kevin-warsh-as-the-next-fed-chair"", ""icon"": ""https://polymarket-upload.s3.us-east-2.amazonaws.com/will-trump-nominate-kevin-warsh-as-the-next-fed-chair-Bc-vVyyVjhsS.jpg"", ""eventSlug"": ""who-will-trump-nominate-as-fed-chair"", ""outcome"": ""No"", ""outcomeIndex"": 1, ""name"": ""mostlywrong"", ""pseudonym"": ""Blushing-Tuna"", ""bio"": """", ""profileImage"": """", ""profileImageOptimized"": """", ""transactionHash"": ""0x85c6eacfe13fc41dec776f0a7d17cd327ea5d8cbeaf3133ad23745bacaaf30e4""}"
1770947179,2026-02-14T02:01:52.091766,0x6d12bc210831e430cf7abd1752f42e677e4ca906ca66ddf6a1fb4d7d46afe2db:1770947179,572469,18289842382539867639079362738467334752951741961393928566628307174343542320349,BUY,0.057,1652.28,94.17996000000001,0x6d12bc210831e430cf7abd1752f42e677e4ca906ca66ddf6a1fb4d7d46afe2db,"{""proxyWallet"": ""0xe9cf1a43a1c2091b99d6ec1209e29a05d545dbad"", ""side"": ""BUY"", ""asset"": ""18289842382539867639079362738467334752951741961393928566628307174343542320349"", ""conditionId"": ""0x61b66d02793b4a68ab0cc25be60d65f517fe18c7d654041281bb130341244fcc"", ""size"": 1652.28, ""price"": 0.057, ""timestamp"": 1770947179, ""title"": ""Will Trump nominate Kevin Warsh as the next Fed chair?"", ""slug"": ""will-trump-nominate-kevin-warsh-as-the-next-fed-chair"", ""icon"": ""https://polymarket-upload.s3.us-east-2.amazonaws.com/will-trump-nominate-kevin-warsh-as-the-next-fed-chair-Bc-vVyyVjhsS.jpg"", ""eventSlug"": ""who-will-trump-nominate-as-fed-chair"", ""outcome"": ""No"", ""outcomeIndex"": 1, ""name"": ""mostlywrong"", ""pseudonym"": ""Blushing-Tuna"", ""bio"": """", ""profileImage"": """", ""profileImageOptimized"": """", ""transactionHash"": ""0x6d12bc210831e430cf7abd1752f42e677e4ca906ca66ddf6a1fb4d7d46afe2db""}"
1770946535,2026-02-14T02:01:52.821718,0x598cd707c3e599d10df97e2df4de71ffcb27096b6338df24314f6be272001894:1770946535,572469,18289842382539867639079362738467334752951741961393928566628307174343542320349,BUY,0.055,10.0,0.55,0x598cd707c3e599d10df97e2df4de71ffcb27096b6338df24314f6be272001894,"{""proxyWallet"": ""0x30cecdf29f069563ea21b8ae94492e41e53a6b2b"", ""side"": ""BUY"", ""asset"": ""18289842382539867639079362738467334752951741961393928566628307174343542320349"", ""conditionId"": ""0x61b66d02793b4a68ab0cc25be60d65f517fe18c7d654041281bb130341244fcc"", ""size"": 10, ""price"": 0.055, ""timestamp"": 1770946535, ""title"": ""Will Trump nominate Kevin Warsh as the next Fed chair?"", ""slug"": ""will-trump-nominate-kevin-warsh-as-the-next-fed-chair"", ""icon"": ""https://polymarket-upload.s3.us-east-2.amazonaws.com/will-trump-nominate-kevin-warsh-as-the-next-fed-chair-Bc-vVyyVjhsS.jpg"", ""eventSlug"": ""who-will-trump-nominate-as-fed-chair"", ""outcome"": ""No"", ""outcomeIndex"": 1, ""name"": ""ZXWP"", ""pseudonym"": ""Well-Documented-Hit"", ""bio"": """", ""profileImage"": """", ""profileImageOptimized"": """", ""transactionHash"": ""0x598cd707c3e599d10df97e2df4de71ffcb27096b6338df24314f6be272001894""}"
1770946255,2026-02-14T02:01:52.821770,0x3e13a91217dce48dfc9bf37adb49eac8364219dbb59af1d0afc476b046f0030f:1770946255,572469,18289842382539867639079362738467334752951741961393928566628307174343542320349,BUY,0.05699999212488678,116.315788,6.629999,0x3e13a91217dce48dfc9bf37adb49eac8364219dbb59af1d0afc476b046f0030f,"{""proxyWallet"": ""0xbcf4ed94b7aa4107b3ca116672bb112e44e555f7"", ""side"": ""BUY"", ""asset"": ""18289842382539867639079362738467334752951741961393928566628307174343542320349"", ""conditionId"": ""0x61b66d02793b4a68ab0cc25be60d65f517fe18c7d654041281bb130341244fcc"", ""size"": 116.315788, ""price"": 0.05699999212488678, ""timestamp"": 1770946255, ""title"": ""Will Trump nominate Kevin Warsh as the next Fed chair?"", ""slug"": ""will-trump-nominate-kevin-warsh-as-the-next-fed-chair"", ""icon"": ""https://polymarket-upload.s3.us-east-2.amazonaws.com/will-trump-nominate-kevin-warsh-as-the-next-fed-chair-Bc-vVyyVjhsS.jpg"", ""eventSlug"": ""who-will-trump-nominate-as-fed-chair"", ""outcome"": ""No"", ""outcomeIndex"": 1, ""name"": ""zsDr544usbDR"", ""pseudonym"": ""Digital-Youngster"", ""bio"": """", ""profileImage"": """", ""profileImageOptimized"": """", ""transactionHash"": ""0x3e13a91217dce48dfc9bf37adb49eac8364219dbb59af1d0afc476b046f0030f""}"
1770946195,2026-02-14T02:01:52.821797,0x188c5a7500cb0839d353757f235ea613454140db04e8d08ea5e28774bf7d971f:1770946195,572469,18289842382539867639079362738467334752951741961393928566628307174343542320349,SELL,0.05403816774009992,9981.99,539.4084499999999,0x188c5a7500cb0839d353757f235ea613454140db04e8d08ea5e28774bf7d971f,"{""proxyWallet"": ""0xc680ec7bd5bd12af22f90464b47ff3affbd3e94c"", ""side"": ""SELL"", ""asset"": ""18289842382539867639079362738467334752951741961393928566628307174343542320349"", ""conditionId"": ""0x61b66d02793b4a68ab0cc25be60d65f517fe18c7d654041281bb130341244fcc"", ""size"": 9981.99, ""price"": 0.05403816774009992, ""timestamp"": 1770946195, ""title"": ""Will Trump nominate Kevin Warsh as the next Fed chair?"", ""slug"": ""will-trump-nominate-kevin-warsh-as-the-next-fed-chair"", ""icon"": ""https://polymarket-upload.s3.us-east-2.amazonaws.com/will-trump-nominate-kevin-warsh-as-the-next-fed-chair-Bc-vVyyVjhsS.jpg"", ""eventSlug"": ""who-will-trump-nominate-as-fed-chair"", ""outcome"": ""No"", ""outcomeIndex"": 1, ""name"": ""joker0077"", ""pseudonym"": ""Turbulent-Organisation"", ""bio"": """", ""profileImage"": """", ""profileImageOptimized"": """", ""transactionHash"": ""0x188c5a7500cb0839d353757f235ea613454140db04e8d08ea5e28774bf7d971f""}"
1770946151,2026-02-14T02:01:52.821819,0xba21b5fb430ba2e4ed832a29b6c84c53218a8a8a1de7c92906151e138477194a:1770946151,572469,18289842382539867639079362738467334752951741961393928566628307174343542320349,BUY,0.056999951497218586,18.947367,1.079999,0xba21b5fb430ba2e4ed832a29b6c84c53218a8a8a1de7c92906151e138477194a,"{""proxyWallet"": ""0xce2a1babd2fc4b19ee7ee1c1bc086fb3e75b1d50"", ""side"": ""BUY"", ""asset"": ""18289842382539867639079362738467334752951741961393928566628307174343542320349"", ""conditionId"": ""0x61b66d02793b4a68ab0cc25be60d65f517fe18c7d654041281bb130341244fcc"", ""size"": 18.947367, ""price"": 0.056999951497218586, ""timestamp"": 1770946151, ""title"": ""Will Trump nominate Kevin Warsh as the next Fed chair?"", ""slug"": ""will-trump-nominate-kevin-warsh-as-the-next-fed-chair"", ""icon"": ""https://polymarket-upload.s3.us-east-2.amazonaws.com/will-trump-nominate-kevin-warsh-as-the-next-fed-chair-Bc-vVyyVjhsS.jpg"", ""eventSlug"": ""who-will-trump-nominate-as-fed-chair"", ""outcome"": ""No"", ""outcomeIndex"": 1, ""name"": ""neatflayer04"", ""pseudonym"": ""Ready-Dirt"", ""bio"": """", ""profileImage"": ""https://polymarket-upload.s3.us-east-2.amazonaws.com/profile-image-5682358-22e4a043-7aae-487b-9e4a-9fd11f68e28b.jpeg"", ""profileImageOptimized"": """", ""transactionHash"": ""0xba21b5fb430ba2e4ed832a29b6c84c53218a8a8a1de7c92906151e138477194a""}"
1770944311,2026-02-14T02:01:52.821851,0x1e422639e5452bba6985833071e36f082b9c613dfd47d90299693398c717c144:1770944311,572469,18289842382539867639079362738467334752951741961393928566628307174343542320349,BUY,0.05899998939179978,84.745761,4.999999,0x1e422639e5452bba6985833071e36f082b9c613dfd47d90299693398c717c144,"{""proxyWallet"": ""0x65e491543df73a88baeb23b61e95c5e186596898"", ""side"": ""BUY"", ""asset"": ""18289842382539867639079362738467334752951741961393928566628307174343542320349"", ""conditionId"": ""0x61b66d02793b4a68ab0cc25be60d65f517fe18c7d654041281bb130341244fcc"", ""size"": 84.745761, ""price"": 0.05899998939179978, ""timestamp"": 1770944311, ""title"": ""Will Trump nominate Kevin Warsh as the next Fed chair?"", ""slug"": ""will-trump-nominate-kevin-warsh-as-the-next-fed-chair"", ""icon"": ""https://polymarket-upload.s3.us-east-2.amazonaws.com/will-trump-nominate-kevin-warsh-as-the-next-fed-chair-Bc-vVyyVjhsS.jpg"", ""eventSlug"": ""who-will-trump-nominate-as-fed-chair"", ""outcome"": ""No"", ""outcomeIndex"": 1, ""name"": ""selec24"", ""pseudonym"": ""Greedy-Badger"", ""bio"": """", ""profileImage"": """", ""profileImageOptimized"": """", ""transactionHash"": ""0x1e422639e5452bba6985833071e36f082b9c613dfd47d90299693398c717c144""}"
1770944309,2026-02-14T02:01:52.821870,0xdc2536bbea9b3451b0db954de6c986b767c59a7bf1658a745fc095498c44fbc5:1770944309,572469,18289842382539867639079362738467334752951741961393928566628307174343542320349,BUY,0.05899998939179978,84.745761,4.999999,0xdc2536bbea9b3451b0db954de6c986b767c59a7bf1658a745fc095498c44fbc5,"{""proxyWallet"": ""0x65e491543df73a88baeb23b61e95c5e186596898"", ""side"": ""BUY"", ""asset"": ""18289842382539867639079362738467334752951741961393928566628307174343542320349"", ""conditionId"": ""0x61b66d02793b4a68ab0cc25be60d65f517fe18c7d654041281bb130341244fcc"", ""size"": 84.745761, ""price"": 0.05899998939179978, ""timestamp"": 1770944309, ""title"": ""Will Trump nominate Kevin Warsh as the next Fed chair?"", ""slug"": ""will-trump-nominate-kevin-warsh-as-the-next-fed-chair"", ""icon"": ""https://polymarket-upload.s3.us-east-2.amazonaws.com/will-trump-nominate-kevin-warsh-as-the-next-fed-chair-Bc-vVyyVjhsS.jpg"", ""eventSlug"": ""who-will-trump-nominate-as-fed-chair"", ""outcome"": ""No"", ""outcomeIndex"": 1, ""name"": ""selec24"", ""pseudonym"": ""Greedy-Badger"", ""bio"": """", ""profileImage"": """", ""profileImageOptimized"": """", ""transactionHash"": ""0xdc2536bbea9b3451b0db954de6c986b767c59a7bf1658a745fc095498c44fbc5""}"
1770942629,2026-02-14T02:01:52.821900,0x0bc6acdbb73647e0bdb5e4b72e41313165d7db1eeb30a3b62abf41bf1c499d93:1770942629,572469,18289842382539867639079362738467334752951741961393928566628307174343542320349,SELL,0.056,28.57,1.59992,0x0bc6acdbb73647e0bdb5e4b72e41313165d7db1eeb30a3b62abf41bf1c499d93,"{""proxyWallet"": ""0x2d8e634a14a8e7867902dacd0454514fdf32559e"", ""side"": ""SELL"", ""asset"": ""18289842382539867639079362738467334752951741961393928566628307174343542320349"", ""conditionId"": ""0x61b66d02793b4a68ab0cc25be60d65f517fe18c7d654041281bb130341244fcc"", ""size"": 28.57, ""price"": 0.056, ""timestamp"": 1770942629, ""title"": ""Will Trump nominate Kevin Warsh as the next Fed chair?"", ""slug"": ""will-trump-nominate-kevin-warsh-as-the-next-fed-chair"", ""icon"": ""https://polymarket-upload.s3.us-east-2.amazonaws.com/will-trump-nominate-kevin-warsh-as-the-next-fed-chair-Bc-vVyyVjhsS.jpg"", ""eventSlug"": ""who-will-trump-nominate-as-fed-chair"", ""outcome"": ""No"", ""outcomeIndex"": 1, ""name"": ""Zender9"", ""pseudonym"": ""Expensive-Rag"", ""bio"": """", ""profileImage"": """", ""profileImageOptimized"": """", ""transactionHash"": ""0x0bc6acdbb73647e0bdb5e4b72e41313165d7db1eeb30a3b62abf41bf1c499d93""}"
1770942457,2026-02-14T02:01:52.821922,0xbaffe3e59231ba0f64cd3dde1425b30926c37f83e45dbde256e462c1c442f8f4:1770942457,572469,18289842382539867639079362738467334752951741961393928566628307174343542320349,SELL,0.05625,40.0,2.25,0xbaffe3e59231ba0f64cd3dde1425b30926c37f83e45dbde256e462c1c442f8f4,"{""proxyWallet"": ""0x6924c085172aa5dd990e33e8e6f6341e3c50b33e"", ""side"": ""SELL"", ""asset"": ""18289842382539867639079362738467334752951741961393928566628307174343542320349"", ""conditionId"": ""0x61b66d02793b4a68ab0cc25be60d65f517fe18c7d654041281bb130341244fcc"", ""size"": 40, ""price"": 0.05625, ""timestamp"": 1770942457, ""title"": ""Will Trump nominate Kevin Warsh as the next Fed chair?"", ""slug"": ""will-trump-nominate-kevin-warsh-as-the-next-fed-chair"", ""icon"": ""https://polymarket-upload.s3.us-east-2.amazonaws.com/will-trump-nominate-kevin-warsh-as-the-next-fed-chair-Bc-vVyyVjhsS.jpg"", ""eventSlug"": ""who-will-trump-nominate-as-fed-chair"", ""outcome"": ""No"", ""outcomeIndex"": 1, ""name"": ""Sigmaballer33"", ""pseudonym"": ""Essential-Capital"", ""bio"": """", ""profileImage"": """", ""profileImageOptimized"": """", ""transactionHash"": ""0xbaffe3e59231ba0f64cd3dde1425b30926c37f83e45dbde256e462c1c442f8f4""}"
1770942355,2026-02-14T02:01:52.821951,0xacb75e57f280111066dd8b99abd64ea6f3155cb7f624e9cf0d9c97f0f1c92a42:1770942355,572469,18289842382539867639079362738467334752951741961393928566628307174343542320349,BUY,0.057999946407995925,17.241378,0.9999990000000001,0xacb75e57f280111066dd8b99abd64ea6f3155cb7f624e9cf0d9c97f0f1c92a42,"{""proxyWallet"": ""0xaf4f4377ba7d0e40473028cabec0154ad10644b7"", ""side"": ""BUY"", ""asset"": ""18289842382539867639079362738467334752951741961393928566628307174343542320349"", ""conditionId"": ""0x61b66d02793b4a68ab0cc25be60d65f517fe18c7d654041281bb130341244fcc"", ""size"": 17.241378, ""price"": 0.057999946407995925, ""timestamp"": 1770942355, ""title"": ""Will Trump nominate Kevin Warsh as the next Fed chair?"", ""slug"": ""will-trump-nominate-kevin-warsh-as-the-next-fed-chair"", ""icon"": ""https://polymarket-upload.s3.us-east-2.amazonaws.com/will-trump-nominate-kevin-warsh-as-the-next-fed-chair-Bc-vVyyVjhsS.jpg"", ""eventSlug"": ""who-will-trump-nominate-as-fed-chair"", ""outcome"": ""No"", ""outcomeIndex"": 1, ""name"": ""0xaF4F4377ba7D0E40473028CabeC0154AD10644B7-1770941397045"", ""pseudonym"": ""Kosher-Misfit"", ""bio"": """", ""profileImage"": """", ""profileImageOptimized"": """", ""transactionHash"": ""0xacb75e57f280111066dd8b99abd64ea6f3155cb7f624e9cf0d9c97f0f1c92a42""}"
1770941987,2026-02-14T02:01:52.821973,0x9e5afe4b4496a3092fe2c58ed6dc34842aee291d9dca7047e0d8241c82d2bb3e:1770941987,572469,18289842382539867639079362738467334752951741961393928566628307174343542320349,BUY,0.057600980448041954,175.43,10.104940000000001,0x9e5afe4b4496a3092fe2c58ed6dc34842aee291d9dca7047e0d8241c82d2bb3e,"{""proxyWallet"": ""0x3692aef72175812606e88991b4f0f44eed2b2136"", ""side"": ""BUY"", ""asset"": ""18289842382539867639079362738467334752951741961393928566628307174343542320349"", ""conditionId"": ""0x61b66d02793b4a68ab0cc25be60d65f517fe18c7d654041281bb130341244fcc"", ""size"": 175.43, ""price"": 0.057600980448041954, ""timestamp"": 1770941987, ""title"": ""Will Trump nominate Kevin Warsh as the next Fed chair?"", ""slug"": ""will-trump-nominate-kevin-warsh-as-the-next-fed-chair"", ""icon"": ""https://polymarket-upload.s3.us-east-2.amazonaws.com/will-trump-nominate-kevin-warsh-as-the-next-fed-chair-Bc-vVyyVjhsS.jpg"", ""eventSlug"": ""who-will-trump-nominate-as-fed-chair"", ""outcome"": ""No"", ""outcomeIndex"": 1, ""name"": ""qvhsbvwjhdbusbfrsuyfs"", ""pseudonym"": ""Equatorial-Citizen"", ""bio"": """", ""profileImage"": """", ""profileImageOptimized"": """", ""transactionHash"": ""0x9e5afe4b4496a3092fe2c58ed6dc34842aee291d9dca7047e0d8241c82d2bb3e""}"
1770940877,2026-02-14T02:01:52.822003,0xc1221afa23ef3e7165d1aac10f7d5db37563d1522f6a643f4a505af16796b323:1770940877,572469,18289842382539867639079362738467334752951741961393928566628307174343542320349,BUY,0.05683472462505295,2111.385263,120.0,0xc1221afa23ef3e7165d1aac10f7d5db37563d1522f6a643f4a505af16796b323,"{""proxyWallet"": ""0x7c9fe8643bafcb41dcc81afeaadf8cdb896ad56e"", ""side"": ""BUY"", ""asset"": ""18289842382539867639079362738467334752951741961393928566628307174343542320349"", ""conditionId"": ""0x61b66d02793b4a68ab0cc25be60d65f517fe18c7d654041281bb130341244fcc"", ""size"": 2111.385263, ""price"": 0.05683472462505295, ""timestamp"": 1770940877, ""title"": ""Will Trump nominate Kevin Warsh as the next Fed chair?"", ""slug"": ""will-trump-nominate-kevin-warsh-as-the-next-fed-chair"", ""icon"": ""https://polymarket-upload.s3.us-east-2.amazonaws.com/will-trump-nominate-kevin-warsh-as-the-next-fed-chair-Bc-vVyyVjhsS.jpg"", ""eventSlug"": ""who-will-trump-nominate-as-fed-chair"", ""outcome"": ""No"", ""outcomeIndex"": 1, ""name"": """", ""pseudonym"": """", ""bio"": """", ""profileImage"": """", ""profileImageOptimized"": """", ""transactionHash"": ""0xc1221afa23ef3e7165d1aac10f7d5db37563d1522f6a643f4a505af16796b323""}"
1770940673,2026-02-14T02:01:52.822026,0x9b6f144345296435144a5e21cfc4e144bb61163ca41ecdfe8eeda960a9bb0c05:1770940673,572469,18289842382539867639079362738467334752951741961393928566628307174343542320349,SELL,0.054,17.5,0.945,0x9b6f144345296435144a5e21cfc4e144bb61163ca41ecdfe8eeda960a9bb0c05,"{""proxyWallet"": ""0x78d2ad24aafa9344976a590eebc0fae5a49d7a2b"", ""side"": ""SELL"", ""asset"": ""18289842382539867639079362738467334752951741961393928566628307174343542320349"", ""conditionId"": ""0x61b66d02793b4a68ab0cc25be60d65f517fe18c7d654041281bb130341244fcc"", ""size"": 17.5, ""price"": 0.054, ""timestamp"": 1770940673, ""title"": ""Will Trump nominate Kevin Warsh as the next Fed chair?"", ""slug"": ""will-trump-nominate-kevin-warsh-as-the-next-fed-chair"", ""icon"": ""https://polymarket-upload.s3.us-east-2.amazonaws.com/will-trump-nominate-kevin-warsh-as-the-next-fed-chair-Bc-vVyyVjhsS.jpg"", ""eventSlug"": ""who-will-trump-nominate-as-fed-chair"", ""outcome"": ""No"", ""outcomeIndex"": 1, ""name"": ""JohnJJJ"", ""pseudonym"": ""Glass-Cocktail"", ""bio"": """", ""profileImage"": """", ""profileImageOptimized"": """", ""transactionHash"": ""0x9b6f144345296435144a5e21cfc4e144bb61163ca41ecdfe8eeda960a9bb0c05""}"
1770940527,2026-02-14T02:01:52.822046,0xa424547d206c5d497dafdfa4a77ec81f7d3314030ed0ee29359b2fe1b56de086:1770940527,572469,18289842382539867639079362738467334752951741961393928566628307174343542320349,SELL,0.054889714285714285,17.5,0.96057,0xa424547d206c5d497dafdfa4a77ec81f7d3314030ed0ee29359b2fe1b56de086,"{""proxyWallet"": ""0x78d2ad24aafa9344976a590eebc0fae5a49d7a2b"", ""side"": ""SELL"", ""asset"": ""18289842382539867639079362738467334752951741961393928566628307174343542320349"", ""conditionId"": ""0x61b66d02793b4a68ab0cc25be60d65f517fe18c7d654041281bb130341244fcc"", ""size"": 17.5, ""price"": 0.054889714285714285, ""timestamp"": 1770940527, ""title"": ""Will Trump nominate Kevin Warsh as the next Fed chair?"", ""slug"": ""will-trump-nominate-kevin-warsh-as-the-next-fed-chair"", ""icon"": ""https://polymarket-upload.s3.us-east-2.amazonaws.com/will-trump-nominate-kevin-warsh-as-the-next-fed-chair-Bc-vVyyVjhsS.jpg"", ""eventSlug"": ""who-will-trump-nominate-as-fed-chair"", ""outcome"": ""No"", ""outcomeIndex"": 1, ""name"": ""JohnJJJ"", ""pseudonym"": ""Glass-Cocktail"", ""bio"": """", ""profileImage"": """", ""profileImageOptimized"": """", ""transactionHash"": ""0xa424547d206c5d497dafdfa4a77ec81f7d3314030ed0ee29359b2fe1b56de086""}"
1770939895,2026-02-14T02:01:52.822069,0x77c9dfc69ade345a6d757ac28e0a95cbfba0ed8aa10058b775d2019836367ab7:1770939895,572469,18289842382539867639079362738467334752951741961393928566628307174343542320349,SELL,0.054,178.2,9.6228,0x77c9dfc69ade345a6d757ac28e0a95cbfba0ed8aa10058b775d2019836367ab7,"{""proxyWallet"": ""0x65989258b3e0ea9c2e5f8f5450d1135bc81d0b0b"", ""side"": ""SELL"", ""asset"": ""18289842382539867639079362738467334752951741961393928566628307174343542320349"", ""conditionId"": ""0x61b66d02793b4a68ab0cc25be60d65f517fe18c7d654041281bb130341244fcc"", ""size"": 178.2, ""price"": 0.054, ""timestamp"": 1770939895, ""title"": ""Will Trump nominate Kevin Warsh as the next Fed chair?"", ""slug"": ""will-trump-nominate-kevin-warsh-as-the-next-fed-chair"", ""icon"": ""https://polymarket-upload.s3.us-east-2.amazonaws.com/will-trump-nominate-kevin-warsh-as-the-next-fed-chair-Bc-vVyyVjhsS.jpg"", ""eventSlug"": ""who-will-trump-nominate-as-fed-chair"", ""outcome"": ""No"", ""outcomeIndex"": 1, ""name"": ""tomomatsumoto"", ""pseudonym"": ""Interesting-Evaluator"", ""bio"": """", ""profileImage"": """", ""profileImageOptimized"": """", ""transactionHash"": ""0x77c9dfc69ade345a6d757ac28e0a95cbfba0ed8aa10058b775d2019836367ab7""}"
1770939735,2026-02-14T02:01:52.822087,0x9037ad5598b1c9771053e91c29d7649f293e444b131421bb1df6a3b841c58a28:1770939735,572469,18289842382539867639079362738467334752951741961393928566628307174343542320349,BUY,0.054999948574996654,18.181817,0.9999989999999999,0x9037ad5598b1c9771053e91c29d7649f293e444b131421bb1df6a3b841c58a28,"{""proxyWallet"": ""0x1ce33de81d9504abd9215915d289d8944667fad3"", ""side"": ""BUY"", ""asset"": ""18289842382539867639079362738467334752951741961393928566628307174343542320349"", ""conditionId"": ""0x61b66d02793b4a68ab0cc25be60d65f517fe18c7d654041281bb130341244fcc"", ""size"": 18.181817, ""price"": 0.054999948574996654, ""timestamp"": 1770939735, ""title"": ""Will Trump nominate Kevin Warsh as the next Fed chair?"", ""slug"": ""will-trump-nominate-kevin-warsh-as-the-next-fed-chair"", ""icon"": ""https://polymarket-upload.s3.us-east-2.amazonaws.com/will-trump-nominate-kevin-warsh-as-the-next-fed-chair-Bc-vVyyVjhsS.jpg"", ""eventSlug"": ""who-will-trump-nominate-as-fed-chair"", ""outcome"": ""No"", ""outcomeIndex"": 1, ""name"": ""ZhaRuch"", ""pseudonym"": ""Necessary-Tintype"", ""bio"": """", ""profileImage"": """", ""profileImageOptimized"": """", ""transactionHash"": ""0x9037ad5598b1c9771053e91c29d7649f293e444b131421bb1df6a3b841c58a28""}"
1770939693,2026-02-14T02:01:52.822106,0x28041115b9655dfff2021f991767b585f3b57cd374908d61721f4d34bfb076f6:1770939693,572469,18289842382539867639079362738467334752951741961393928566628307174343542320349,SELL,0.055,10.0,0.55,0x28041115b9655dfff2021f991767b585f3b57cd374908d61721f4d34bfb076f6,"{""proxyWallet"": ""0x1e9851cf9c439811937fc19c0a144c8a9fd06345"", ""side"": ""SELL"", ""asset"": ""18289842382539867639079362738467334752951741961393928566628307174343542320349"", ""conditionId"": ""0x61b66d02793b4a68ab0cc25be60d65f517fe18c7d654041281bb130341244fcc"", ""size"": 10, ""price"": 0.055, ""timestamp"": 1770939693, ""title"": ""Will Trump nominate Kevin Warsh as the next Fed chair?"", ""slug"": ""will-trump-nominate-kevin-warsh-as-the-next-fed-chair"", ""icon"": ""https://polymarket-upload.s3.us-east-2.amazonaws.com/will-trump-nominate-kevin-warsh-as-the-next-fed-chair-Bc-vVyyVjhsS.jpg"", ""eventSlug"": ""who-will-trump-nominate-as-fed-chair"", ""outcome"": ""No"", ""outcomeIndex"": 1, ""name"": ""BSS37"", ""pseudonym"": ""Fruitful-Heroine"", ""bio"": """", ""profileImage"": """", ""profileImageOptimized"": """", ""transactionHash"": ""0x28041115b9655dfff2021f991767b585f3b57cd374908d61721f4d34bfb076f6""}"
1770939663,2026-02-14T02:01:52.822123,0x3fb722ed7bf0cdfd63ac136b82dc5a3ff5126929d82f8aabb115508d039b7476:1770939663,572469,18289842382539867639079362738467334752951741961393928566628307174343542320349,BUY,0.056999994784499956,175.438595,9.999998999999999,0x3fb722ed7bf0cdfd63ac136b82dc5a3ff5126929d82f8aabb115508d039b7476,"{""proxyWallet"": ""0xd316e8e25c412a6ec7093eabec4c44796ef02c89"", ""side"": ""BUY"", ""asset"": ""18289842382539867639079362738467334752951741961393928566628307174343542320349"", ""conditionId"": ""0x61b66d02793b4a68ab0cc25be60d65f517fe18c7d654041281bb130341244fcc"", ""size"": 175.438595, ""price"": 0.056999994784499956, ""timestamp"": 1770939663, ""title"": ""Will Trump nominate Kevin Warsh as the next Fed chair?"", ""slug"": ""will-trump-nominate-kevin-warsh-as-the-next-fed-chair"", ""icon"": ""https://polymarket-upload.s3.us-east-2.amazonaws.com/will-trump-nominate-kevin-warsh-as-the-next-fed-chair-Bc-vVyyVjhsS.jpg"", ""eventSlug"": ""who-will-trump-nominate-as-fed-chair"", ""outcome"": ""No"", ""outcomeIndex"": 1, ""name"": ""0xd316E8E25c412a6EC7093EAbec4c44796eF02C89-1770886248302"", ""pseudonym"": ""Glistening-Deduction"", ""bio"": """", ""profileImage"": """", ""profileImageOptimized"": """", ""transactionHash"": ""0x3fb722ed7bf0cdfd63ac136b82dc5a3ff5126929d82f8aabb115508d039b7476""}"
1770939651,2026-02-14T02:01:52.822142,0x8734174fc5261e670229630e73388dd0e1cb675700a394b3707d40b6bf053279:1770939651,572469,18289842382539867639079362738467334752951741961393928566628307174343542320349,BUY,0.05650579618699495,2654.594911,149.999999,0x8734174fc5261e670229630e73388dd0e1cb675700a394b3707d40b6bf053279,"{""proxyWallet"": ""0x2306e58ff1990635e8512fc49795b454e2adddde"", ""side"": ""BUY"", ""asset"": ""18289842382539867639079362738467334752951741961393928566628307174343542320349"", ""conditionId"": ""0x61b66d02793b4a68ab0cc25be60d65f517fe18c7d654041281bb130341244fcc"", ""size"": 2654.594911, ""price"": 0.05650579618699495, ""timestamp"": 1770939651, ""title"": ""Will Trump nominate Kevin Warsh as the next Fed chair?"", ""slug"": ""will-trump-nominate-kevin-warsh-as-the-next-fed-chair"", ""icon"": ""https://polymarket-upload.s3.us-east-2.amazonaws.com/will-trump-nominate-kevin-warsh-as-the-next-fed-chair-Bc-vVyyVjhsS.jpg"", ""eventSlug"": ""who-will-trump-nominate-as-fed-chair"", ""outcome"": ""No"", ""outcomeIndex"": 1, ""name"": ""Avrynnechu"", ""pseudonym"": ""Likely-Eyelids"", ""bio"": """", ""profileImage"": """", ""profileImageOptimized"": """", ""transactionHash"": ""0x8734174fc5261e670229630e73388dd0e1cb675700a394b3707d40b6bf053279""}"
1770939261,2026-02-14T02:01:52.822166,0x02c8d10db97f860162c1453fe6bc2451b0cb8206484cbe1bd76e2de852ccca09:1770939261,572469,18289842382539867639079362738467334752951741961393928566628307174343542320349,BUY,0.054,39.0,2.106,0x02c8d10db97f860162c1453fe6bc2451b0cb8206484cbe1bd76e2de852ccca09,"{""proxyWallet"": ""0x6c979ffcc3528a5d2395a2f7c89135711da0988c"", ""side"": ""BUY"", ""asset"": ""18289842382539867639079362738467334752951741961393928566628307174343542320349"", ""conditionId"": ""0x61b66d02793b4a68ab0cc25be60d65f517fe18c7d654041281bb130341244fcc"", ""size"": 39, ""price"": 0.054, ""timestamp"": 1770939261, ""title"": ""Will Trump nominate Kevin Warsh as the next Fed chair?"", ""slug"": ""will-trump-nominate-kevin-warsh-as-the-next-fed-chair"", ""icon"": ""https://polymarket-upload.s3.us-east-2.amazonaws.com/will-trump-nominate-kevin-warsh-as-the-next-fed-chair-Bc-vVyyVjhsS.jpg"", ""eventSlug"": ""who-will-trump-nominate-as-fed-chair"", ""outcome"": ""No"", ""outcomeIndex"": 1, ""name"": ""7G-MAN"", ""pseudonym"": ""Zigzag-Message"", ""bio"": ""LOL, Fake profit."", ""profileImage"": """", ""profileImageOptimized"": """", ""transactionHash"": ""0x02c8d10db97f860162c1453fe6bc2451b0cb8206484cbe1bd76e2de852ccca09""}"
1770939259,2026-02-14T02:01:52.822184,0x3d4ee25a5a085b54669a7b3e99950df854616af50d750472723a0ffdaedf25c9:1770939259,572469,18289842382539867639079362738467334752951741961393928566628307174343542320349,BUY,0.054,178.2,9.6228,0x3d4ee25a5a085b54669a7b3e99950df854616af50d750472723a0ffdaedf25c9,"{""proxyWallet"": ""0x65989258b3e0ea9c2e5f8f5450d1135bc81d0b0b"", ""side"": ""BUY"", ""asset"": ""18289842382539867639079362738467334752951741961393928566628307174343542320349"", ""conditionId"": ""0x61b66d02793b4a68ab0cc25be60d65f517fe18c7d654041281bb130341244fcc"", ""size"": 178.2, ""price"": 0.054, ""timestamp"": 1770939259, ""title"": ""Will Trump nominate Kevin Warsh as the next Fed chair?"", ""slug"": ""will-trump-nominate-kevin-warsh-as-the-next-fed-chair"", ""icon"": ""https://polymarket-upload.s3.us-east-2.amazonaws.com/will-trump-nominate-kevin-warsh-as-the-next-fed-chair-Bc-vVyyVjhsS.jpg"", ""eventSlug"": ""who-will-trump-nominate-as-fed-chair"", ""outcome"": ""No"", ""outcomeIndex"": 1, ""name"": ""tomomatsumoto"", ""pseudonym"": ""Interesting-Evaluator"", ""bio"": """", ""profileImage"": """", ""profileImageOptimized"": """", ""transactionHash"": ""0x3d4ee25a5a085b54669a7b3e99950df854616af50d750472723a0ffdaedf25c9""}"
1770939255,2026-02-14T02:01:52.822202,0xb688872ec1e60e2706c288c9f88386e147ffbef696126eec6e912eb3f6cbb9a9:1770939255,572469,18289842382539867639079362738467334752951741961393928566628307174343542320349,BUY,0.054,131.0,7.074,0xb688872ec1e60e2706c288c9f88386e147ffbef696126eec6e912eb3f6cbb9a9,"{""proxyWallet"": ""0x6c979ffcc3528a5d2395a2f7c89135711da0988c"", ""side"": ""BUY"", ""asset"": ""18289842382539867639079362738467334752951741961393928566628307174343542320349"", ""conditionId"": ""0x61b66d02793b4a68ab0cc25be60d65f517fe18c7d654041281bb130341244fcc"", ""size"": 131, ""price"": 0.054, ""timestamp"": 1770939255, ""title"": ""Will Trump nominate Kevin Warsh as the next Fed chair?"", ""slug"": ""will-trump-nominate-kevin-warsh-as-the-next-fed-chair"", ""icon"": ""https://polymarket-upload.s3.us-east-2.amazonaws.com/will-trump-nominate-kevin-warsh-as-the-next-fed-chair-Bc-vVyyVjhsS.jpg"", ""eventSlug"": ""who-will-trump-nominate-as-fed-chair"", ""outcome"": ""No"", ""outcomeIndex"": 1, ""name"": ""7G-MAN"", ""pseudonym"": ""Zigzag-Message"", ""bio"": ""LOL, Fake profit."", ""profileImage"": """", ""profileImageOptimized"": """", ""transactionHash"": ""0xb688872ec1e60e2706c288c9f88386e147ffbef696126eec6e912eb3f6cbb9a9""}"
1770939249,2026-02-14T02:01:52.822234,0xdfc101bfab4fc3421aa138455d9242a7f60ef4a350704f1b8059fa08a10b5242:1770939249,572469,18289842382539867639079362738467334752951741961393928566628307174343542320349,BUY,0.054,188.0,10.152,0xdfc101bfab4fc3421aa138455d9242a7f60ef4a350704f1b8059fa08a10b5242,"{""proxyWallet"": ""0x6c979ffcc3528a5d2395a2f7c89135711da0988c"", ""side"": ""BUY"", ""asset"": ""18289842382539867639079362738467334752951741961393928566628307174343542320349"", ""conditionId"": ""0x61b66d02793b4a68ab0cc25be60d65f517fe18c7d654041281bb130341244fcc"", ""size"": 188, ""price"": 0.054, ""timestamp"": 1770939249, ""title"": ""Will Trump nominate Kevin Warsh as the next Fed chair?"", ""slug"": ""will-trump-nominate-kevin-warsh-as-the-next-fed-chair"", ""icon"": ""https://polymarket-upload.s3.us-east-2.amazonaws.com/will-trump-nominate-kevin-warsh-as-the-next-fed-chair-Bc-vVyyVjhsS.jpg"", ""eventSlug"": ""who-will-trump-nominate-as-fed-chair"", ""outcome"": ""No"", ""outcomeIndex"": 1, ""name"": ""7G-MAN"", ""pseudonym"": ""Zigzag-Message"", ""bio"": ""LOL, Fake profit."", ""profileImage"": """", ""profileImageOptimized"": """", ""transactionHash"": ""0xdfc101bfab4fc3421aa138455d9242a7f60ef4a350704f1b8059fa08a10b5242""}"
1770939243,2026-02-14T02:01:52.822252,0x838ef425b99b58d1377752955b7ef25929366218ffb0cacfe4f0a7ce6cbb2655:1770939243,572469,18289842382539867639079362738467334752951741961393928566628307174343542320349,BUY,0.05399999012879983,92.592591,4.999999,0x838ef425b99b58d1377752955b7ef25929366218ffb0cacfe4f0a7ce6cbb2655,"{""proxyWallet"": ""0x024c889b285bca85423e54a37dbe61675e3f84ef"", ""side"": ""BUY"", ""asset"": ""18289842382539867639079362738467334752951741961393928566628307174343542320349"", ""conditionId"": ""0x61b66d02793b4a68ab0cc25be60d65f517fe18c7d654041281bb130341244fcc"", ""size"": 92.592591, ""price"": 0.05399999012879983, ""timestamp"": 1770939243, ""title"": ""Will Trump nominate Kevin Warsh as the next Fed chair?"", ""slug"": ""will-trump-nominate-kevin-warsh-as-the-next-fed-chair"", ""icon"": ""https://polymarket-upload.s3.us-east-2.amazonaws.com/will-trump-nominate-kevin-warsh-as-the-next-fed-chair-Bc-vVyyVjhsS.jpg"", ""eventSlug"": ""who-will-trump-nominate-as-fed-chair"", ""outcome"": ""No"", ""outcomeIndex"": 1, ""name"": ""0x024c889B285Bca85423E54a37DbE61675E3f84Ef-1770938761701"", ""pseudonym"": ""Whopping-Nutrient"", ""bio"": """", ""profileImage"": """", ""profileImageOptimized"": """", ""transactionHash"": ""0x838ef425b99b58d1377752955b7ef25929366218ffb0cacfe4f0a7ce6cbb2655""}"
1770939241,2026-02-14T02:01:52.822271,0xdbadc9b7a38e02c85a0a46db0c2d313335346f1bbc23f94147a18054a027398a:1770939241,572469,18289842382539867639079362738467334752951741961393928566628307174343542320349,BUY,0.054,50.0,2.7,0xdbadc9b7a38e02c85a0a46db0c2d313335346f1bbc23f94147a18054a027398a,"{""proxyWallet"": ""0x6c979ffcc3528a5d2395a2f7c89135711da0988c"", ""side"": ""BUY"", ""asset"": ""18289842382539867639079362738467334752951741961393928566628307174343542320349"", ""conditionId"": ""0x61b66d02793b4a68ab0cc25be60d65f517fe18c7d654041281bb130341244fcc"", ""size"": 50, ""price"": 0.054, ""timestamp"": 1770939241, ""title"": ""Will Trump nominate Kevin Warsh as the next Fed chair?"", ""slug"": ""will-trump-nominate-kevin-warsh-as-the-next-fed-chair"", ""icon"": ""https://polymarket-upload.s3.us-east-2.amazonaws.com/will-trump-nominate-kevin-warsh-as-the-next-fed-chair-Bc-vVyyVjhsS.jpg"", ""eventSlug"": ""who-will-trump-nominate-as-fed-chair"", ""outcome"": ""No"", ""outcomeIndex"": 1, ""name"": ""7G-MAN"", ""pseudonym"": ""Zigzag-Message"", ""bio"": ""LOL, Fake profit."", ""profileImage"": """", ""profileImageOptimized"": """", ""transactionHash"": ""0xdbadc9b7a38e02c85a0a46db0c2d313335346f1bbc23f94147a18054a027398a""}"
1770939237,2026-02-14T02:01:52.822293,0x6939be77825fe27012acb84d28f4dba4243ea9a0689a6b6fd6e5819a1c620ccf:1770939237,572469,18289842382539867639079362738467334752951741961393928566628307174343542320349,BUY,0.054,72.0,3.888,0x6939be77825fe27012acb84d28f4dba4243ea9a0689a6b6fd6e5819a1c620ccf,"{""proxyWallet"": ""0x6c979ffcc3528a5d2395a2f7c89135711da0988c"", ""side"": ""BUY"", ""asset"": ""18289842382539867639079362738467334752951741961393928566628307174343542320349"", ""conditionId"": ""0x61b66d02793b4a68ab0cc25be60d65f517fe18c7d654041281bb130341244fcc"", ""size"": 72, ""price"": 0.054, ""timestamp"": 1770939237, ""title"": ""Will Trump nominate Kevin Warsh as the next Fed chair?"", ""slug"": ""will-trump-nominate-kevin-warsh-as-the-next-fed-chair"", ""icon"": ""https://polymarket-upload.s3.us-east-2.amazonaws.com/will-trump-nominate-kevin-warsh-as-the-next-fed-chair-Bc-vVyyVjhsS.jpg"", ""eventSlug"": ""who-will-trump-nominate-as-fed-chair"", ""outcome"": ""No"", ""outcomeIndex"": 1, ""name"": ""7G-MAN"", ""pseudonym"": ""Zigzag-Message"", ""bio"": ""LOL, Fake profit."", ""profileImage"": """", ""profileImageOptimized"": """", ""transactionHash"": ""0x6939be77825fe27012acb84d28f4dba4243ea9a0689a6b6fd6e5819a1c620ccf""}"
1770939231,2026-02-14T02:01:52.822311,0x7e2488977a3b675c1b453a59f8f86608ca213af1628e4b6b6b4cab652f89dc84:1770939231,572469,18289842382539867639079362738467334752951741961393928566628307174343542320349,BUY,0.054,103.0,5.562,0x7e2488977a3b675c1b453a59f8f86608ca213af1628e4b6b6b4cab652f89dc84,"{""proxyWallet"": ""0x6c979ffcc3528a5d2395a2f7c89135711da0988c"", ""side"": ""BUY"", ""asset"": ""18289842382539867639079362738467334752951741961393928566628307174343542320349"", ""conditionId"": ""0x61b66d02793b4a68ab0cc25be60d65f517fe18c7d654041281bb130341244fcc"", ""size"": 103, ""price"": 0.054, ""timestamp"": 1770939231, ""title"": ""Will Trump nominate Kevin Warsh as the next Fed chair?"", ""slug"": ""will-trump-nominate-kevin-warsh-as-the-next-fed-chair"", ""icon"": ""https://polymarket-upload.s3.us-east-2.amazonaws.com/will-trump-nominate-kevin-warsh-as-the-next-fed-chair-Bc-vVyyVjhsS.jpg"", ""eventSlug"": ""who-will-trump-nominate-as-fed-chair"", ""outcome"": ""No"", ""outcomeIndex"": 1, ""name"": ""7G-MAN"", ""pseudonym"": ""Zigzag-Message"", ""bio"": ""LOL, Fake profit."", ""profileImage"": """", ""profileImageOptimized"": """", ""transactionHash"": ""0x7e2488977a3b675c1b453a59f8f86608ca213af1628e4b6b6b4cab652f89dc84""}"
1770939231,2026-02-14T02:01:52.822328,0xcdbee0e4f26ffc51d526d0799525f1752a10c8d61cda430f83fbef8c61430afd:1770939231,572469,18289842382539867639079362738467334752951741961393928566628307174343542320349,BUY,0.054,1.71,0.09233999999999999,0xcdbee0e4f26ffc51d526d0799525f1752a10c8d61cda430f83fbef8c61430afd,"{""proxyWallet"": ""0x30cecdf29f069563ea21b8ae94492e41e53a6b2b"", ""side"": ""BUY"", ""asset"": ""18289842382539867639079362738467334752951741961393928566628307174343542320349"", ""conditionId"": ""0x61b66d02793b4a68ab0cc25be60d65f517fe18c7d654041281bb130341244fcc"", ""size"": 1.71, ""price"": 0.054, ""timestamp"": 1770939231, ""title"": ""Will Trump nominate Kevin Warsh as the next Fed chair?"", ""slug"": ""will-trump-nominate-kevin-warsh-as-the-next-fed-chair"", ""icon"": ""https://polymarket-upload.s3.us-east-2.amazonaws.com/will-trump-nominate-kevin-warsh-as-the-next-fed-chair-Bc-vVyyVjhsS.jpg"", ""eventSlug"": ""who-will-trump-nominate-as-fed-chair"", ""outcome"": ""No"", ""outcomeIndex"": 1, ""name"": ""ZXWP"", ""pseudonym"": ""Well-Documented-Hit"", ""bio"": """", ""profileImage"": """", ""profileImageOptimized"": """", ""transactionHash"": ""0xcdbee0e4f26ffc51d526d0799525f1752a10c8d61cda430f83fbef8c61430afd""}"
1770939225,2026-02-14T02:01:52.822348,0x49faa5c9884384a821bd7555b0b95491224e037bd88c37bb14cf8372d9d0a685:1770939225,572469,18289842382539867639079362738467334752951741961393928566628307174343542320349,BUY,0.054,148.0,7.992,0x49faa5c9884384a821bd7555b0b95491224e037bd88c37bb14cf8372d9d0a685,"{""proxyWallet"": ""0x6c979ffcc3528a5d2395a2f7c89135711da0988c"", ""side"": ""BUY"", ""asset"": ""18289842382539867639079362738467334752951741961393928566628307174343542320349"", ""conditionId"": ""0x61b66d02793b4a68ab0cc25be60d65f517fe18c7d654041281bb130341244fcc"", ""size"": 148, ""price"": 0.054, ""timestamp"": 1770939225, ""title"": ""Will Trump nominate Kevin Warsh as the next Fed chair?"", ""slug"": ""will-trump-nominate-kevin-warsh-as-the-next-fed-chair"", ""icon"": ""https://polymarket-upload.s3.us-east-2.amazonaws.com/will-trump-nominate-kevin-warsh-as-the-next-fed-chair-Bc-vVyyVjhsS.jpg"", ""eventSlug"": ""who-will-trump-nominate-as-fed-chair"", ""outcome"": ""No"", ""outcomeIndex"": 1, ""name"": ""7G-MAN"", ""pseudonym"": ""Zigzag-Message"", ""bio"": ""LOL, Fake profit."", ""profileImage"": """", ""profileImageOptimized"": """", ""transactionHash"": ""0x49faa5c9884384a821bd7555b0b95491224e037bd88c37bb14cf8372d9d0a685""}"
1770939223,2026-02-14T02:01:52.822367,0x70f2c885a4e8702b8a45e38e89ca340aa9cd612fa24235b3240277f441ec96f1:1770939223,572469,18289842382539867639079362738467334752951741961393928566628307174343542320349,BUY,0.054,15.4,0.8316,0x70f2c885a4e8702b8a45e38e89ca340aa9cd612fa24235b3240277f441ec96f1,"{""proxyWallet"": ""0x30cecdf29f069563ea21b8ae94492e41e53a6b2b"", ""side"": ""BUY"", ""asset"": ""18289842382539867639079362738467334752951741961393928566628307174343542320349"", ""conditionId"": ""0x61b66d02793b4a68ab0cc25be60d65f517fe18c7d654041281bb130341244fcc"", ""size"": 15.4, ""price"": 0.054, ""timestamp"": 1770939223, ""title"": ""Will Trump nominate Kevin Warsh as the next Fed chair?"", ""slug"": ""will-trump-nominate-kevin-warsh-as-the-next-fed-chair"", ""icon"": ""https://polymarket-upload.s3.us-east-2.amazonaws.com/will-trump-nominate-kevin-warsh-as-the-next-fed-chair-Bc-vVyyVjhsS.jpg"", ""eventSlug"": ""who-will-trump-nominate-as-fed-chair"", ""outcome"": ""No"", ""outcomeIndex"": 1, ""name"": ""ZXWP"", ""pseudonym"": ""Well-Documented-Hit"", ""bio"": """", ""profileImage"": """", ""profileImageOptimized"": """", ""transactionHash"": ""0x70f2c885a4e8702b8a45e38e89ca340aa9cd612fa24235b3240277f441ec96f1""}"
1770939221,2026-02-14T02:01:52.822384,0xe97446159789c88005c50554bc5ca8d6cc92be14599f8ac1a46e5de2a712f8fe:1770939221,572469,18289842382539867639079362738467334752951741961393928566628307174343542320349,BUY,0.054,218.0,11.772,0xe97446159789c88005c50554bc5ca8d6cc92be14599f8ac1a46e5de2a712f8fe,"{""proxyWallet"": ""0x6c979ffcc3528a5d2395a2f7c89135711da0988c"", ""side"": ""BUY"", ""asset"": ""18289842382539867639079362738467334752951741961393928566628307174343542320349"", ""conditionId"": ""0x61b66d02793b4a68ab0cc25be60d65f517fe18c7d654041281bb130341244fcc"", ""size"": 218, ""price"": 0.054, ""timestamp"": 1770939221, ""title"": ""Will Trump nominate Kevin Warsh as the next Fed chair?"", ""slug"": ""will-trump-nominate-kevin-warsh-as-the-next-fed-chair"", ""icon"": ""https://polymarket-upload.s3.us-east-2.amazonaws.com/will-trump-nominate-kevin-warsh-as-the-next-fed-chair-Bc-vVyyVjhsS.jpg"", ""eventSlug"": ""who-will-trump-nominate-as-fed-chair"", ""outcome"": ""No"", ""outcomeIndex"": 1, ""name"": ""7G-MAN"", ""pseudonym"": ""Zigzag-Message"", ""bio"": ""LOL, Fake profit."", ""profileImage"": """", ""profileImageOptimized"": """", ""transactionHash"": ""0xe97446159789c88005c50554bc5ca8d6cc92be14599f8ac1a46e5de2a712f8fe""}"
1770939215,2026-02-14T02:01:52.822403,0xa04c350395205987b4b1666823a9ae2b6e1df086ab45aae0145ec923d78fd8ed:1770939215,572469,18289842382539867639079362738467334752951741961393928566628307174343542320349,BUY,0.054,138.6,7.4844,0xa04c350395205987b4b1666823a9ae2b6e1df086ab45aae0145ec923d78fd8ed,"{""proxyWallet"": ""0x30cecdf29f069563ea21b8ae94492e41e53a6b2b"", ""side"": ""BUY"", ""asset"": ""18289842382539867639079362738467334752951741961393928566628307174343542320349"", ""conditionId"": ""0x61b66d02793b4a68ab0cc25be60d65f517fe18c7d654041281bb130341244fcc"", ""size"": 138.6, ""price"": 0.054, ""timestamp"": 1770939215, ""title"": ""Will Trump nominate Kevin Warsh as the next Fed chair?"", ""slug"": ""will-trump-nominate-kevin-warsh-as-the-next-fed-chair"", ""icon"": ""https://polymarket-upload.s3.us-east-2.amazonaws.com/will-trump-nominate-kevin-warsh-as-the-next-fed-chair-Bc-vVyyVjhsS.jpg"", ""eventSlug"": ""who-will-trump-nominate-as-fed-chair"", ""outcome"": ""No"", ""outcomeIndex"": 1, ""name"": ""ZXWP"", ""pseudonym"": ""Well-Documented-Hit"", ""bio"": """", ""profileImage"": """", ""profileImageOptimized"": """", ""transactionHash"": ""0xa04c350395205987b4b1666823a9ae2b6e1df086ab45aae0145ec923d78fd8ed""}"
1770939215,2026-02-14T02:01:52.822422,0x8f274b8e02646df5f61822a552d3b47ef37b0be1d0c71a2dda16e49317a65403:1770939215,572469,18289842382539867639079362738467334752951741961393928566628307174343542320349,BUY,0.054,114.0,6.156,0x8f274b8e02646df5f61822a552d3b47ef37b0be1d0c71a2dda16e49317a65403,"{""proxyWallet"": ""0x6c979ffcc3528a5d2395a2f7c89135711da0988c"", ""side"": ""BUY"", ""asset"": ""18289842382539867639079362738467334752951741961393928566628307174343542320349"", ""conditionId"": ""0x61b66d02793b4a68ab0cc25be60d65f517fe18c7d654041281bb130341244fcc"", ""size"": 114, ""price"": 0.054, ""timestamp"": 1770939215, ""title"": ""Will Trump nominate Kevin Warsh as the next Fed chair?"", ""slug"": ""will-trump-nominate-kevin-warsh-as-the-next-fed-chair"", ""icon"": ""https://polymarket-upload.s3.us-east-2.amazonaws.com/will-trump-nominate-kevin-warsh-as-the-next-fed-chair-Bc-vVyyVjhsS.jpg"", ""eventSlug"": ""who-will-trump-nominate-as-fed-chair"", ""outcome"": ""No"", ""outcomeIndex"": 1, ""name"": ""7G-MAN"", ""pseudonym"": ""Zigzag-Message"", ""bio"": ""LOL, Fake profit."", ""profileImage"": """", ""profileImageOptimized"": """", ""transactionHash"": ""0x8f274b8e02646df5f61822a552d3b47ef37b0be1d0c71a2dda16e49317a65403""}"
1770939211,2026-02-14T02:01:52.822439,0xb4466c200407f573a268d8acc932cd13b724cee3f1f449dce5d65ad509c51bc4:1770939211,572469,18289842382539867639079362738467334752951741961393928566628307174343542320349,BUY,0.054,163.0,8.802,0xb4466c200407f573a268d8acc932cd13b724cee3f1f449dce5d65ad509c51bc4,"{""proxyWallet"": ""0x6c979ffcc3528a5d2395a2f7c89135711da0988c"", ""side"": ""BUY"", ""asset"": ""18289842382539867639079362738467334752951741961393928566628307174343542320349"", ""conditionId"": ""0x61b66d02793b4a68ab0cc25be60d65f517fe18c7d654041281bb130341244fcc"", ""size"": 163, ""price"": 0.054, ""timestamp"": 1770939211, ""title"": ""Will Trump nominate Kevin Warsh as the next Fed chair?"", ""slug"": ""will-trump-nominate-kevin-warsh-as-the-next-fed-chair"", ""icon"": ""https://polymarket-upload.s3.us-east-2.amazonaws.com/will-trump-nominate-kevin-warsh-as-the-next-fed-chair-Bc-vVyyVjhsS.jpg"", ""eventSlug"": ""who-will-trump-nominate-as-fed-chair"", ""outcome"": ""No"", ""outcomeIndex"": 1, ""name"": ""7G-MAN"", ""pseudonym"": ""Zigzag-Message"", ""bio"": ""LOL, Fake profit."", ""profileImage"": """", ""profileImageOptimized"": """", ""transactionHash"": ""0xb4466c200407f573a268d8acc932cd13b724cee3f1f449dce5d65ad509c51bc4""}"
1770939205,2026-02-14T02:01:52.822457,0x64ebe98379c253323c7b34d5cc41cb99ed63a40b8ca97ac4f50373073e80b831:1770939205,572469,18289842382539867639079362738467334752951741961393928566628307174343542320349,BUY,0.054,232.0,12.528,0x64ebe98379c253323c7b34d5cc41cb99ed63a40b8ca97ac4f50373073e80b831,"{""proxyWallet"": ""0x6c979ffcc3528a5d2395a2f7c89135711da0988c"", ""side"": ""BUY"", ""asset"": ""18289842382539867639079362738467334752951741961393928566628307174343542320349"", ""conditionId"": ""0x61b66d02793b4a68ab0cc25be60d65f517fe18c7d654041281bb130341244fcc"", ""size"": 232, ""price"": 0.054, ""timestamp"": 1770939205, ""title"": ""Will Trump nominate Kevin Warsh as the next Fed chair?"", ""slug"": ""will-trump-nominate-kevin-warsh-as-the-next-fed-chair"", ""icon"": ""https://polymarket-upload.s3.us-east-2.amazonaws.com/will-trump-nominate-kevin-warsh-as-the-next-fed-chair-Bc-vVyyVjhsS.jpg"", ""eventSlug"": ""who-will-trump-nominate-as-fed-chair"", ""outcome"": ""No"", ""outcomeIndex"": 1, ""name"": ""7G-MAN"", ""pseudonym"": ""Zigzag-Message"", ""bio"": ""LOL, Fake profit."", ""profileImage"": """", ""profileImageOptimized"": """", ""transactionHash"": ""0x64ebe98379c253323c7b34d5cc41cb99ed63a40b8ca97ac4f50373073e80b831""}"
1770939199,2026-02-14T02:01:52.822474,0xa16006266b298683be7b8155740bf2962300fa7caca3d14f57500ba577d52b91:1770939199,572469,18289842382539867639079362738467334752951741961393928566628307174343542320349,BUY,0.054,74.0,3.996,0xa16006266b298683be7b8155740bf2962300fa7caca3d14f57500ba577d52b91,"{""proxyWallet"": ""0x6c979ffcc3528a5d2395a2f7c89135711da0988c"", ""side"": ""BUY"", ""asset"": ""18289842382539867639079362738467334752951741961393928566628307174343542320349"", ""conditionId"": ""0x61b66d02793b4a68ab0cc25be60d65f517fe18c7d654041281bb130341244fcc"", ""size"": 74, ""price"": 0.054, ""timestamp"": 1770939199, ""title"": ""Will Trump nominate Kevin Warsh as the next Fed chair?"", ""slug"": ""will-trump-nominate-kevin-warsh-as-the-next-fed-chair"", ""icon"": ""https://polymarket-upload.s3.us-east-2.amazonaws.com/will-trump-nominate-kevin-warsh-as-the-next-fed-chair-Bc-vVyyVjhsS.jpg"", ""eventSlug"": ""who-will-trump-nominate-as-fed-chair"", ""outcome"": ""No"", ""outcomeIndex"": 1, ""name"": ""7G-MAN"", ""pseudonym"": ""Zigzag-Message"", ""bio"": ""LOL, Fake profit."", ""profileImage"": """", ""profileImageOptimized"": """", ""transactionHash"": ""0xa16006266b298683be7b8155740bf2962300fa7caca3d14f57500ba577d52b91""}"
1770939195,2026-02-14T02:01:52.822492,0x580da44bcb7f38beb911383d582ec9940467db2d99cb4799d3d13e547ec2ce13:1770939195,572469,18289842382539867639079362738467334752951741961393928566628307174343542320349,BUY,0.054,106.0,5.724,0x580da44bcb7f38beb911383d582ec9940467db2d99cb4799d3d13e547ec2ce13,"{""proxyWallet"": ""0x6c979ffcc3528a5d2395a2f7c89135711da0988c"", ""side"": ""BUY"", ""asset"": ""18289842382539867639079362738467334752951741961393928566628307174343542320349"", ""conditionId"": ""0x61b66d02793b4a68ab0cc25be60d65f517fe18c7d654041281bb130341244fcc"", ""size"": 106, ""price"": 0.054, ""timestamp"": 1770939195, ""title"": ""Will Trump nominate Kevin Warsh as the next Fed chair?"", ""slug"": ""will-trump-nominate-kevin-warsh-as-the-next-fed-chair"", ""icon"": ""https://polymarket-upload.s3.us-east-2.amazonaws.com/will-trump-nominate-kevin-warsh-as-the-next-fed-chair-Bc-vVyyVjhsS.jpg"", ""eventSlug"": ""who-will-trump-nominate-as-fed-chair"", ""outcome"": ""No"", ""outcomeIndex"": 1, ""name"": ""7G-MAN"", ""pseudonym"": ""Zigzag-Message"", ""bio"": ""LOL, Fake profit."", ""profileImage"": """", ""profileImageOptimized"": """", ""transactionHash"": ""0x580da44bcb7f38beb911383d582ec9940467db2d99cb4799d3d13e547ec2ce13""}"
1770939189,2026-02-14T02:01:52.822509,0xb81f62c839d8245b0193a9c01bd47f9622325058fdbcbc50e7ba542f8792693e:1770939189,572469,18289842382539867639079362738467334752951741961393928566628307174343542320349,BUY,0.054,151.0,8.154,0xb81f62c839d8245b0193a9c01bd47f9622325058fdbcbc50e7ba542f8792693e,"{""proxyWallet"": ""0x6c979ffcc3528a5d2395a2f7c89135711da0988c"", ""side"": ""BUY"", ""asset"": ""18289842382539867639079362738467334752951741961393928566628307174343542320349"", ""conditionId"": ""0x61b66d02793b4a68ab0cc25be60d65f517fe18c7d654041281bb130341244fcc"", ""size"": 151, ""price"": 0.054, ""timestamp"": 1770939189, ""title"": ""Will Trump nominate Kevin Warsh as the next Fed chair?"", ""slug"": ""will-trump-nominate-kevin-warsh-as-the-next-fed-chair"", ""icon"": ""https://polymarket-upload.s3.us-east-2.amazonaws.com/will-trump-nominate-kevin-warsh-as-the-next-fed-chair-Bc-vVyyVjhsS.jpg"", ""eventSlug"": ""who-will-trump-nominate-as-fed-chair"", ""outcome"": ""No"", ""outcomeIndex"": 1, ""name"": ""7G-MAN"", ""pseudonym"": ""Zigzag-Message"", ""bio"": ""LOL, Fake profit."", ""profileImage"": """", ""profileImageOptimized"": """", ""transactionHash"": ""0xb81f62c839d8245b0193a9c01bd47f9622325058fdbcbc50e7ba542f8792693e""}"
1770939183,2026-02-14T02:01:52.822529,0x6b54528c69c96bb1a877bbf18496401b428cebe2552433f5b46fecd6046503d6:1770939183,572469,18289842382539867639079362738467334752951741961393928566628307174343542320349,BUY,0.054,216.0,11.664,0x6b54528c69c96bb1a877bbf18496401b428cebe2552433f5b46fecd6046503d6,"{""proxyWallet"": ""0x6c979ffcc3528a5d2395a2f7c89135711da0988c"", ""side"": ""BUY"", ""asset"": ""18289842382539867639079362738467334752951741961393928566628307174343542320349"", ""conditionId"": ""0x61b66d02793b4a68ab0cc25be60d65f517fe18c7d654041281bb130341244fcc"", ""size"": 216, ""price"": 0.054, ""timestamp"": 1770939183, ""title"": ""Will Trump nominate Kevin Warsh as the next Fed chair?"", ""slug"": ""will-trump-nominate-kevin-warsh-as-the-next-fed-chair"", ""icon"": ""https://polymarket-upload.s3.us-east-2.amazonaws.com/will-trump-nominate-kevin-warsh-as-the-next-fed-chair-Bc-vVyyVjhsS.jpg"", ""eventSlug"": ""who-will-trump-nominate-as-fed-chair"", ""outcome"": ""No"", ""outcomeIndex"": 1, ""name"": ""7G-MAN"", ""pseudonym"": ""Zigzag-Message"", ""bio"": ""LOL, Fake profit."", ""profileImage"": """", ""profileImageOptimized"": """", ""transactionHash"": ""0x6b54528c69c96bb1a877bbf18496401b428cebe2552433f5b46fecd6046503d6""}"
1770939179,2026-02-14T02:01:52.822550,0x919aeb9078c13060bc7e858a3437e91a92b604be0aece850d23c03d34b0502ab:1770939179,572469,18289842382539867639079362738467334752951741961393928566628307174343542320349,BUY,0.054,138.0,7.452,0x919aeb9078c13060bc7e858a3437e91a92b604be0aece850d23c03d34b0502ab,"{""proxyWallet"": ""0x6c979ffcc3528a5d2395a2f7c89135711da0988c"", ""side"": ""BUY"", ""asset"": ""18289842382539867639079362738467334752951741961393928566628307174343542320349"", ""conditionId"": ""0x61b66d02793b4a68ab0cc25be60d65f517fe18c7d654041281bb130341244fcc"", ""size"": 138, ""price"": 0.054, ""timestamp"": 1770939179, ""title"": ""Will Trump nominate Kevin Warsh as the next Fed chair?"", ""slug"": ""will-trump-nominate-kevin-warsh-as-the-next-fed-chair"", ""icon"": ""https://polymarket-upload.s3.us-east-2.amazonaws.com/will-trump-nominate-kevin-warsh-as-the-next-fed-chair-Bc-vVyyVjhsS.jpg"", ""eventSlug"": ""who-will-trump-nominate-as-fed-chair"", ""outcome"": ""No"", ""outcomeIndex"": 1, ""name"": ""7G-MAN"", ""pseudonym"": ""Zigzag-Message"", ""bio"": ""LOL, Fake profit."", ""profileImage"": """", ""profileImageOptimized"": """", ""transactionHash"": ""0x919aeb9078c13060bc7e858a3437e91a92b604be0aece850d23c03d34b0502ab""}"
1770939173,2026-02-14T02:01:52.822568,0x06400677dff5019e51e0f71d3677cf0a2cefecc1ddb20831f876f68077792786:1770939173,572469,18289842382539867639079362738467334752951741961393928566628307174343542320349,BUY,0.054,196.0,10.584,0x06400677dff5019e51e0f71d3677cf0a2cefecc1ddb20831f876f68077792786,"{""proxyWallet"": ""0x6c979ffcc3528a5d2395a2f7c89135711da0988c"", ""side"": ""BUY"", ""asset"": ""18289842382539867639079362738467334752951741961393928566628307174343542320349"", ""conditionId"": ""0x61b66d02793b4a68ab0cc25be60d65f517fe18c7d654041281bb130341244fcc"", ""size"": 196, ""price"": 0.054, ""timestamp"": 1770939173, ""title"": ""Will Trump nominate Kevin Warsh as the next Fed chair?"", ""slug"": ""will-trump-nominate-kevin-warsh-as-the-next-fed-chair"", ""icon"": ""https://polymarket-upload.s3.us-east-2.amazonaws.com/will-trump-nominate-kevin-warsh-as-the-next-fed-chair-Bc-vVyyVjhsS.jpg"", ""eventSlug"": ""who-will-trump-nominate-as-fed-chair"", ""outcome"": ""No"", ""outcomeIndex"": 1, ""name"": ""7G-MAN"", ""pseudonym"": ""Zigzag-Message"", ""bio"": ""LOL, Fake profit."", ""profileImage"": """", ""profileImageOptimized"": """", ""transactionHash"": ""0x06400677dff5019e51e0f71d3677cf0a2cefecc1ddb20831f876f68077792786""}"
1770939167,2026-02-14T02:01:52.822589,0xc1a709bda80acd3e1e0ae2ad97e550ec06cbefb833846e827b640d064d6c3f51:1770939167,572469,18289842382539867639079362738467334752951741961393928566628307174343542320349,BUY,0.054,66.0,3.564,0xc1a709bda80acd3e1e0ae2ad97e550ec06cbefb833846e827b640d064d6c3f51,"{""proxyWallet"": ""0x6c979ffcc3528a5d2395a2f7c89135711da0988c"", ""side"": ""BUY"", ""asset"": ""18289842382539867639079362738467334752951741961393928566628307174343542320349"", ""conditionId"": ""0x61b66d02793b4a68ab0cc25be60d65f517fe18c7d654041281bb130341244fcc"", ""size"": 66, ""price"": 0.054, ""timestamp"": 1770939167, ""title"": ""Will Trump nominate Kevin Warsh as the next Fed chair?"", ""slug"": ""will-trump-nominate-kevin-warsh-as-the-next-fed-chair"", ""icon"": ""https://polymarket-upload.s3.us-east-2.amazonaws.com/will-trump-nominate-kevin-warsh-as-the-next-fed-chair-Bc-vVyyVjhsS.jpg"", ""eventSlug"": ""who-will-trump-nominate-as-fed-chair"", ""outcome"": ""No"", ""outcomeIndex"": 1, ""name"": ""7G-MAN"", ""pseudonym"": ""Zigzag-Message"", ""bio"": ""LOL, Fake profit."", ""profileImage"": """", ""profileImageOptimized"": """", ""transactionHash"": ""0xc1a709bda80acd3e1e0ae2ad97e550ec06cbefb833846e827b640d064d6c3f51""}"
1770939163,2026-02-14T02:01:52.822607,0xe114dcb71d303fce4ea0d9dd53a6e466c01d09fd8fb357b938ed49a60b447697:1770939163,572469,18289842382539867639079362738467334752951741961393928566628307174343542320349,BUY,0.054,95.0,5.13,0xe114dcb71d303fce4ea0d9dd53a6e466c01d09fd8fb357b938ed49a60b447697,"{""proxyWallet"": ""0x6c979ffcc3528a5d2395a2f7c89135711da0988c"", ""side"": ""BUY"", ""asset"": ""18289842382539867639079362738467334752951741961393928566628307174343542320349"", ""conditionId"": ""0x61b66d02793b4a68ab0cc25be60d65f517fe18c7d654041281bb130341244fcc"", ""size"": 95, ""price"": 0.054, ""timestamp"": 1770939163, ""title"": ""Will Trump nominate Kevin Warsh as the next Fed chair?"", ""slug"": ""will-trump-nominate-kevin-warsh-as-the-next-fed-chair"", ""icon"": ""https://polymarket-upload.s3.us-east-2.amazonaws.com/will-trump-nominate-kevin-warsh-as-the-next-fed-chair-Bc-vVyyVjhsS.jpg"", ""eventSlug"": ""who-will-trump-nominate-as-fed-chair"", ""outcome"": ""No"", ""outcomeIndex"": 1, ""name"": ""7G-MAN"", ""pseudonym"": ""Zigzag-Message"", ""bio"": ""LOL, Fake profit."", ""profileImage"": """", ""profileImageOptimized"": """", ""transactionHash"": ""0xe114dcb71d303fce4ea0d9dd53a6e466c01d09fd8fb357b938ed49a60b447697""}"
1770939157,2026-02-14T02:01:52.822624,0x435f5e88502bd8437df9d3e3b3dfbf5208285efbd2523d829329659118745d3f:1770939157,572469,18289842382539867639079362738467334752951741961393928566628307174343542320349,BUY,0.054,136.0,7.344,0x435f5e88502bd8437df9d3e3b3dfbf5208285efbd2523d829329659118745d3f,"{""proxyWallet"": ""0x6c979ffcc3528a5d2395a2f7c89135711da0988c"", ""side"": ""BUY"", ""asset"": ""18289842382539867639079362738467334752951741961393928566628307174343542320349"", ""conditionId"": ""0x61b66d02793b4a68ab0cc25be60d65f517fe18c7d654041281bb130341244fcc"", ""size"": 136, ""price"": 0.054, ""timestamp"": 1770939157, ""title"": ""Will Trump nominate Kevin Warsh as the next Fed chair?"", ""slug"": ""will-trump-nominate-kevin-warsh-as-the-next-fed-chair"", ""icon"": ""https://polymarket-upload.s3.us-east-2.amazonaws.com/will-trump-nominate-kevin-warsh-as-the-next-fed-chair-Bc-vVyyVjhsS.jpg"", ""eventSlug"": ""who-will-trump-nominate-as-fed-chair"", ""outcome"": ""No"", ""outcomeIndex"": 1, ""name"": ""7G-MAN"", ""pseudonym"": ""Zigzag-Message"", ""bio"": ""LOL, Fake profit."", ""profileImage"": """", ""profileImageOptimized"": """", ""transactionHash"": ""0x435f5e88502bd8437df9d3e3b3dfbf5208285efbd2523d829329659118745d3f""}"
1770939151,2026-02-14T02:01:52.822642,0x066d74a3cf71bc2c45f1feea3b4106f0693f0111246c20e95235aa798805c268:1770939151,572469,18289842382539867639079362738467334752951741961393928566628307174343542320349,BUY,0.054,194.0,10.475999999999999,0x066d74a3cf71bc2c45f1feea3b4106f0693f0111246c20e95235aa798805c268,"{""proxyWallet"": ""0x6c979ffcc3528a5d2395a2f7c89135711da0988c"", ""side"": ""BUY"", ""asset"": ""18289842382539867639079362738467334752951741961393928566628307174343542320349"", ""conditionId"": ""0x61b66d02793b4a68ab0cc25be60d65f517fe18c7d654041281bb130341244fcc"", ""size"": 194, ""price"": 0.054, ""timestamp"": 1770939151, ""title"": ""Will Trump nominate Kevin Warsh as the next Fed chair?"", ""slug"": ""will-trump-nominate-kevin-warsh-as-the-next-fed-chair"", ""icon"": ""https://polymarket-upload.s3.us-east-2.amazonaws.com/will-trump-nominate-kevin-warsh-as-the-next-fed-chair-Bc-vVyyVjhsS.jpg"", ""eventSlug"": ""who-will-trump-nominate-as-fed-chair"", ""outcome"": ""No"", ""outcomeIndex"": 1, ""name"": ""7G-MAN"", ""pseudonym"": ""Zigzag-Message"", ""bio"": ""LOL, Fake profit."", ""profileImage"": """", ""profileImageOptimized"": """", ""transactionHash"": ""0x066d74a3cf71bc2c45f1feea3b4106f0693f0111246c20e95235aa798805c268""}"
1770939149,2026-02-14T02:01:52.822661,0xfd8790e02ca9e6f760809e8225812a56868f8eabe319a75866997904c8adcc82:1770939149,572469,18289842382539867639079362738467334752951741961393928566628307174343542320349,BUY,0.054,1.82,0.09828,0xfd8790e02ca9e6f760809e8225812a56868f8eabe319a75866997904c8adcc82,"{""proxyWallet"": ""0x30cecdf29f069563ea21b8ae94492e41e53a6b2b"", ""side"": ""BUY"", ""asset"": ""18289842382539867639079362738467334752951741961393928566628307174343542320349"", ""conditionId"": ""0x61b66d02793b4a68ab0cc25be60d65f517fe18c7d654041281bb130341244fcc"", ""size"": 1.82, ""price"": 0.054, ""timestamp"": 1770939149, ""title"": ""Will Trump nominate Kevin Warsh as the next Fed chair?"", ""slug"": ""will-trump-nominate-kevin-warsh-as-the-next-fed-chair"", ""icon"": ""https://polymarket-upload.s3.us-east-2.amazonaws.com/will-trump-nominate-kevin-warsh-as-the-next-fed-chair-Bc-vVyyVjhsS.jpg"", ""eventSlug"": ""who-will-trump-nominate-as-fed-chair"", ""outcome"": ""No"", ""outcomeIndex"": 1, ""name"": ""ZXWP"", ""pseudonym"": ""Well-Documented-Hit"", ""bio"": """", ""profileImage"": """", ""profileImageOptimized"": """", ""transactionHash"": ""0xfd8790e02ca9e6f760809e8225812a56868f8eabe319a75866997904c8adcc82""}"
1770939147,2026-02-14T02:01:52.822680,0xdc7f5a4b5b3d4bc428ef3ff31f2e9631f6c97d094de3bd0d18af40664a348511:1770939147,572469,18289842382539867639079362738467334752951741961393928566628307174343542320349,BUY,0.054,278.0,15.012,0xdc7f5a4b5b3d4bc428ef3ff31f2e9631f6c97d094de3bd0d18af40664a348511,"{""proxyWallet"": ""0x6c979ffcc3528a5d2395a2f7c89135711da0988c"", ""side"": ""BUY"", ""asset"": ""18289842382539867639079362738467334752951741961393928566628307174343542320349"", ""conditionId"": ""0x61b66d02793b4a68ab0cc25be60d65f517fe18c7d654041281bb130341244fcc"", ""size"": 278, ""price"": 0.054, ""timestamp"": 1770939147, ""title"": ""Will Trump nominate Kevin Warsh as the next Fed chair?"", ""slug"": ""will-trump-nominate-kevin-warsh-as-the-next-fed-chair"", ""icon"": ""https://polymarket-upload.s3.us-east-2.amazonaws.com/will-trump-nominate-kevin-warsh-as-the-next-fed-chair-Bc-vVyyVjhsS.jpg"", ""eventSlug"": ""who-will-trump-nominate-as-fed-chair"", ""outcome"": ""No"", ""outcomeIndex"": 1, ""name"": ""7G-MAN"", ""pseudonym"": ""Zigzag-Message"", ""bio"": ""LOL, Fake profit."", ""profileImage"": """", ""profileImageOptimized"": """", ""transactionHash"": ""0xdc7f5a4b5b3d4bc428ef3ff31f2e9631f6c97d094de3bd0d18af40664a348511""}"
1770939141,2026-02-14T02:01:52.822699,0x1ebad37764cd7f1a7cf23fd6966462472e06e8e875b9239ee1d889d79483d81a:1770939141,572469,18289842382539867639079362738467334752951741961393928566628307174343542320349,BUY,0.054,140.0,7.56,0x1ebad37764cd7f1a7cf23fd6966462472e06e8e875b9239ee1d889d79483d81a,"{""proxyWallet"": ""0x6c979ffcc3528a5d2395a2f7c89135711da0988c"", ""side"": ""BUY"", ""asset"": ""18289842382539867639079362738467334752951741961393928566628307174343542320349"", ""conditionId"": ""0x61b66d02793b4a68ab0cc25be60d65f517fe18c7d654041281bb130341244fcc"", ""size"": 140, ""price"": 0.054, ""timestamp"": 1770939141, ""title"": ""Will Trump nominate Kevin Warsh as the next Fed chair?"", ""slug"": ""will-trump-nominate-kevin-warsh-as-the-next-fed-chair"", ""icon"": ""https://polymarket-upload.s3.us-east-2.amazonaws.com/will-trump-nominate-kevin-warsh-as-the-next-fed-chair-Bc-vVyyVjhsS.jpg"", ""eventSlug"": ""who-will-trump-nominate-as-fed-chair"", ""outcome"": ""No"", ""outcomeIndex"": 1, ""name"": ""7G-MAN"", ""pseudonym"": ""Zigzag-Message"", ""bio"": ""LOL, Fake profit."", ""profileImage"": """", ""profileImageOptimized"": """", ""transactionHash"": ""0x1ebad37764cd7f1a7cf23fd6966462472e06e8e875b9239ee1d889d79483d81a""}"
1770939141,2026-02-14T02:01:52.822718,0xa60dfcf2cf2021a8ed60f9a712268102810f994162e9dd798f09fc5ba22ac2ef:1770939141,572469,18289842382539867639079362738467334752951741961393928566628307174343542320349,BUY,0.054,16.37,0.8839800000000001,0xa60dfcf2cf2021a8ed60f9a712268102810f994162e9dd798f09fc5ba22ac2ef,"{""proxyWallet"": ""0x30cecdf29f069563ea21b8ae94492e41e53a6b2b"", ""side"": ""BUY"", ""asset"": ""18289842382539867639079362738467334752951741961393928566628307174343542320349"", ""conditionId"": ""0x61b66d02793b4a68ab0cc25be60d65f517fe18c7d654041281bb130341244fcc"", ""size"": 16.37, ""price"": 0.054, ""timestamp"": 1770939141, ""title"": ""Will Trump nominate Kevin Warsh as the next Fed chair?"", ""slug"": ""will-trump-nominate-kevin-warsh-as-the-next-fed-chair"", ""icon"": ""https://polymarket-upload.s3.us-east-2.amazonaws.com/will-trump-nominate-kevin-warsh-as-the-next-fed-chair-Bc-vVyyVjhsS.jpg"", ""eventSlug"": ""who-will-trump-nominate-as-fed-chair"", ""outcome"": ""No"", ""outcomeIndex"": 1, ""name"": ""ZXWP"", ""pseudonym"": ""Well-Documented-Hit"", ""bio"": """", ""profileImage"": """", ""profileImageOptimized"": """", ""transactionHash"": ""0xa60dfcf2cf2021a8ed60f9a712268102810f994162e9dd798f09fc5ba22ac2ef""}"
1770939135,2026-02-14T02:01:52.822735,0xb16b5a6033eaf17b5c052d9fb016d4d7b2f792afdf16b219c689c23da81c5b74:1770939135,572469,18289842382539867639079362738467334752951741961393928566628307174343542320349,BUY,0.054,207.0,11.177999999999999,0xb16b5a6033eaf17b5c052d9fb016d4d7b2f792afdf16b219c689c23da81c5b74,"{""proxyWallet"": ""0x6c979ffcc3528a5d2395a2f7c89135711da0988c"", ""side"": ""BUY"", ""asset"": ""18289842382539867639079362738467334752951741961393928566628307174343542320349"", ""conditionId"": ""0x61b66d02793b4a68ab0cc25be60d65f517fe18c7d654041281bb130341244fcc"", ""size"": 207, ""price"": 0.054, ""timestamp"": 1770939135, ""title"": ""Will Trump nominate Kevin Warsh as the next Fed chair?"", ""slug"": ""will-trump-nominate-kevin-warsh-as-the-next-fed-chair"", ""icon"": ""https://polymarket-upload.s3.us-east-2.amazonaws.com/will-trump-nominate-kevin-warsh-as-the-next-fed-chair-Bc-vVyyVjhsS.jpg"", ""eventSlug"": ""who-will-trump-nominate-as-fed-chair"", ""outcome"": ""No"", ""outcomeIndex"": 1, ""name"": ""7G-MAN"", ""pseudonym"": ""Zigzag-Message"", ""bio"": ""LOL, Fake profit."", ""profileImage"": """", ""profileImageOptimized"": """", ""transactionHash"": ""0xb16b5a6033eaf17b5c052d9fb016d4d7b2f792afdf16b219c689c23da81c5b74""}"
1770939133,2026-02-14T02:01:52.822753,0xe819f5633b0740e5d1bcef05630bb421629c11bed45ffc3289e7b5d4552fc381:1770939133,572469,18289842382539867639079362738467334752951741961393928566628307174343542320349,BUY,0.054,147.29,7.953659999999999,0xe819f5633b0740e5d1bcef05630bb421629c11bed45ffc3289e7b5d4552fc381,"{""proxyWallet"": ""0x30cecdf29f069563ea21b8ae94492e41e53a6b2b"", ""side"": ""BUY"", ""asset"": ""18289842382539867639079362738467334752951741961393928566628307174343542320349"", ""conditionId"": ""0x61b66d02793b4a68ab0cc25be60d65f517fe18c7d654041281bb130341244fcc"", ""size"": 147.29, ""price"": 0.054, ""timestamp"": 1770939133, ""title"": ""Will Trump nominate Kevin Warsh as the next Fed chair?"", ""slug"": ""will-trump-nominate-kevin-warsh-as-the-next-fed-chair"", ""icon"": ""https://polymarket-upload.s3.us-east-2.amazonaws.com/will-trump-nominate-kevin-warsh-as-the-next-fed-chair-Bc-vVyyVjhsS.jpg"", ""eventSlug"": ""who-will-trump-nominate-as-fed-chair"", ""outcome"": ""No"", ""outcomeIndex"": 1, ""name"": ""ZXWP"", ""pseudonym"": ""Well-Documented-Hit"", ""bio"": """", ""profileImage"": """", ""profileImageOptimized"": """", ""transactionHash"": ""0xe819f5633b0740e5d1bcef05630bb421629c11bed45ffc3289e7b5d4552fc381""}"
1770939131,2026-02-14T02:01:52.822770,0xc1236757ac5ac10f722f0a4b540d91a83dc38210789d02dbba4fefaee1fe8dbf:1770939131,572469,18289842382539867639079362738467334752951741961393928566628307174343542320349,BUY,0.054,358.0,19.332,0xc1236757ac5ac10f722f0a4b540d91a83dc38210789d02dbba4fefaee1fe8dbf,"{""proxyWallet"": ""0x6c979ffcc3528a5d2395a2f7c89135711da0988c"", ""side"": ""BUY"", ""asset"": ""18289842382539867639079362738467334752951741961393928566628307174343542320349"", ""conditionId"": ""0x61b66d02793b4a68ab0cc25be60d65f517fe18c7d654041281bb130341244fcc"", ""size"": 358, ""price"": 0.054, ""timestamp"": 1770939131, ""title"": ""Will Trump nominate Kevin Warsh as the next Fed chair?"", ""slug"": ""will-trump-nominate-kevin-warsh-as-the-next-fed-chair"", ""icon"": ""https://polymarket-upload.s3.us-east-2.amazonaws.com/will-trump-nominate-kevin-warsh-as-the-next-fed-chair-Bc-vVyyVjhsS.jpg"", ""eventSlug"": ""who-will-trump-nominate-as-fed-chair"", ""outcome"": ""No"", ""outcomeIndex"": 1, ""name"": ""7G-MAN"", ""pseudonym"": ""Zigzag-Message"", ""bio"": ""LOL, Fake profit."", ""profileImage"": """", ""profileImageOptimized"": """", ""transactionHash"": ""0xc1236757ac5ac10f722f0a4b540d91a83dc38210789d02dbba4fefaee1fe8dbf""}"
1770939125,2026-02-14T02:01:52.822788,0x3097c52f97bc5233afbac52b36f7fbde768627ac863c956a02683d94bf6e1c4c:1770939125,572469,18289842382539867639079362738467334752951741961393928566628307174343542320349,BUY,0.054,84.0,4.536,0x3097c52f97bc5233afbac52b36f7fbde768627ac863c956a02683d94bf6e1c4c,"{""proxyWallet"": ""0x6c979ffcc3528a5d2395a2f7c89135711da0988c"", ""side"": ""BUY"", ""asset"": ""18289842382539867639079362738467334752951741961393928566628307174343542320349"", ""conditionId"": ""0x61b66d02793b4a68ab0cc25be60d65f517fe18c7d654041281bb130341244fcc"", ""size"": 84, ""price"": 0.054, ""timestamp"": 1770939125, ""title"": ""Will Trump nominate Kevin Warsh as the next Fed chair?"", ""slug"": ""will-trump-nominate-kevin-warsh-as-the-next-fed-chair"", ""icon"": ""https://polymarket-upload.s3.us-east-2.amazonaws.com/will-trump-nominate-kevin-warsh-as-the-next-fed-chair-Bc-vVyyVjhsS.jpg"", ""eventSlug"": ""who-will-trump-nominate-as-fed-chair"", ""outcome"": ""No"", ""outcomeIndex"": 1, ""name"": ""7G-MAN"", ""pseudonym"": ""Zigzag-Message"", ""bio"": ""LOL, Fake profit."", ""profileImage"": """", ""profileImageOptimized"": """", ""transactionHash"": ""0x3097c52f97bc5233afbac52b36f7fbde768627ac863c956a02683d94bf6e1c4c""}"
1770939121,2026-02-14T02:01:52.822806,0x5359904dcade49fe7d59dbf88b42ab4f77fc47c45e1f66f237cbd35471a1651e:1770939121,572469,18289842382539867639079362738467334752951741961393928566628307174343542320349,BUY,0.054,120.0,6.4799999999999995,0x5359904dcade49fe7d59dbf88b42ab4f77fc47c45e1f66f237cbd35471a1651e,"{""proxyWallet"": ""0x6c979ffcc3528a5d2395a2f7c89135711da0988c"", ""side"": ""BUY"", ""asset"": ""18289842382539867639079362738467334752951741961393928566628307174343542320349"", ""conditionId"": ""0x61b66d02793b4a68ab0cc25be60d65f517fe18c7d654041281bb130341244fcc"", ""size"": 120, ""price"": 0.054, ""timestamp"": 1770939121, ""title"": ""Will Trump nominate Kevin Warsh as the next Fed chair?"", ""slug"": ""will-trump-nominate-kevin-warsh-as-the-next-fed-chair"", ""icon"": ""https://polymarket-upload.s3.us-east-2.amazonaws.com/will-trump-nominate-kevin-warsh-as-the-next-fed-chair-Bc-vVyyVjhsS.jpg"", ""eventSlug"": ""who-will-trump-nominate-as-fed-chair"", ""outcome"": ""No"", ""outcomeIndex"": 1, ""name"": ""7G-MAN"", ""pseudonym"": ""Zigzag-Message"", ""bio"": ""LOL, Fake profit."", ""profileImage"": """", ""profileImageOptimized"": """", ""transactionHash"": ""0x5359904dcade49fe7d59dbf88b42ab4f77fc47c45e1f66f237cbd35471a1651e""}"
1770938939,2026-02-14T02:01:52.822824,0x486afabb9466fa8a684e73c634f0c4d04831eb7d354265463686aa3a7d4918b8:1770938939,572469,18289842382539867639079362738467334752951741961393928566628307174343542320349,BUY,0.054,31.0,1.674,0x486afabb9466fa8a684e73c634f0c4d04831eb7d354265463686aa3a7d4918b8,"{""proxyWallet"": ""0x6c979ffcc3528a5d2395a2f7c89135711da0988c"", ""side"": ""BUY"", ""asset"": ""18289842382539867639079362738467334752951741961393928566628307174343542320349"", ""conditionId"": ""0x61b66d02793b4a68ab0cc25be60d65f517fe18c7d654041281bb130341244fcc"", ""size"": 31, ""price"": 0.054, ""timestamp"": 1770938939, ""title"": ""Will Trump nominate Kevin Warsh as the next Fed chair?"", ""slug"": ""will-trump-nominate-kevin-warsh-as-the-next-fed-chair"", ""icon"": ""https://polymarket-upload.s3.us-east-2.amazonaws.com/will-trump-nominate-kevin-warsh-as-the-next-fed-chair-Bc-vVyyVjhsS.jpg"", ""eventSlug"": ""who-will-trump-nominate-as-fed-chair"", ""outcome"": ""No"", ""outcomeIndex"": 1, ""name"": ""7G-MAN"", ""pseudonym"": ""Zigzag-Message"", ""bio"": ""LOL, Fake profit."", ""profileImage"": """", ""profileImageOptimized"": """", ""transactionHash"": ""0x486afabb9466fa8a684e73c634f0c4d04831eb7d354265463686aa3a7d4918b8""}"
1770938939,2026-02-14T02:01:52.822841,0x57c0ae11c0c9d9b0676b33030f96f214eb470c1f0a5c1ab82d890b77e1f1d1c5:1770938939,572469,18289842382539867639079362738467334752951741961393928566628307174343542320349,BUY,0.054,74.39,4.01706,0x57c0ae11c0c9d9b0676b33030f96f214eb470c1f0a5c1ab82d890b77e1f1d1c5,"{""proxyWallet"": ""0x30cecdf29f069563ea21b8ae94492e41e53a6b2b"", ""side"": ""BUY"", ""asset"": ""18289842382539867639079362738467334752951741961393928566628307174343542320349"", ""conditionId"": ""0x61b66d02793b4a68ab0cc25be60d65f517fe18c7d654041281bb130341244fcc"", ""size"": 74.39, ""price"": 0.054, ""timestamp"": 1770938939, ""title"": ""Will Trump nominate Kevin Warsh as the next Fed chair?"", ""slug"": ""will-trump-nominate-kevin-warsh-as-the-next-fed-chair"", ""icon"": ""https://polymarket-upload.s3.us-east-2.amazonaws.com/will-trump-nominate-kevin-warsh-as-the-next-fed-chair-Bc-vVyyVjhsS.jpg"", ""eventSlug"": ""who-will-trump-nominate-as-fed-chair"", ""outcome"": ""No"", ""outcomeIndex"": 1, ""name"": ""ZXWP"", ""pseudonym"": ""Well-Documented-Hit"", ""bio"": """", ""profileImage"": """", ""profileImageOptimized"": """", ""transactionHash"": ""0x57c0ae11c0c9d9b0676b33030f96f214eb470c1f0a5c1ab82d890b77e1f1d1c5""}"
1770938933,2026-02-14T02:01:52.822860,0x8cb6f39e607a8cd444d0929104b8a82997b8cfb611eb81358924f0bfcef8bdf6:1770938933,572469,18289842382539867639079362738467334752951741961393928566628307174343542320349,BUY,0.054,21.0,1.134,0x8cb6f39e607a8cd444d0929104b8a82997b8cfb611eb81358924f0bfcef8bdf6,"{""proxyWallet"": ""0x6c979ffcc3528a5d2395a2f7c89135711da0988c"", ""side"": ""BUY"", ""asset"": ""18289842382539867639079362738467334752951741961393928566628307174343542320349"", ""conditionId"": ""0x61b66d02793b4a68ab0cc25be60d65f517fe18c7d654041281bb130341244fcc"", ""size"": 21, ""price"": 0.054, ""timestamp"": 1770938933, ""title"": ""Will Trump nominate Kevin Warsh as the next Fed chair?"", ""slug"": ""will-trump-nominate-kevin-warsh-as-the-next-fed-chair"", ""icon"": ""https://polymarket-upload.s3.us-east-2.amazonaws.com/will-trump-nominate-kevin-warsh-as-the-next-fed-chair-Bc-vVyyVjhsS.jpg"", ""eventSlug"": ""who-will-trump-nominate-as-fed-chair"", ""outcome"": ""No"", ""outcomeIndex"": 1, ""name"": ""7G-MAN"", ""pseudonym"": ""Zigzag-Message"", ""bio"": ""LOL, Fake profit."", ""profileImage"": """", ""profileImageOptimized"": """", ""transactionHash"": ""0x8cb6f39e607a8cd444d0929104b8a82997b8cfb611eb81358924f0bfcef8bdf6""}"
1770938927,2026-02-14T02:01:52.822881,0xd91a2ce98d6c88e069d45cd2c59b38a7a99ac8b74d363eae4c7a87760f42d2cd:1770938927,572469,18289842382539867639079362738467334752951741961393928566628307174343542320349,BUY,0.054,30.0,1.6199999999999999,0xd91a2ce98d6c88e069d45cd2c59b38a7a99ac8b74d363eae4c7a87760f42d2cd,"{""proxyWallet"": ""0x6c979ffcc3528a5d2395a2f7c89135711da0988c"", ""side"": ""BUY"", ""asset"": ""18289842382539867639079362738467334752951741961393928566628307174343542320349"", ""conditionId"": ""0x61b66d02793b4a68ab0cc25be60d65f517fe18c7d654041281bb130341244fcc"", ""size"": 30, ""price"": 0.054, ""timestamp"": 1770938927, ""title"": ""Will Trump nominate Kevin Warsh as the next Fed chair?"", ""slug"": ""will-trump-nominate-kevin-warsh-as-the-next-fed-chair"", ""icon"": ""https://polymarket-upload.s3.us-east-2.amazonaws.com/will-trump-nominate-kevin-warsh-as-the-next-fed-chair-Bc-vVyyVjhsS.jpg"", ""eventSlug"": ""who-will-trump-nominate-as-fed-chair"", ""outcome"": ""No"", ""outcomeIndex"": 1, ""name"": ""7G-MAN"", ""pseudonym"": ""Zigzag-Message"", ""bio"": ""LOL, Fake profit."", ""profileImage"": """", ""profileImageOptimized"": """", ""transactionHash"": ""0xd91a2ce98d6c88e069d45cd2c59b38a7a99ac8b74d363eae4c7a87760f42d2cd""}"
1770938403,2026-02-14T02:01:52.822903,0xc3b4d54b6ff81b4d746cb729cd65b599fa1e860dbf2725d92bb7ac9aaf6b6b4a:1770938403,572469,18289842382539867639079362738467334752951741961393928566628307174343542320349,BUY,0.054,103.0,5.562,0xc3b4d54b6ff81b4d746cb729cd65b599fa1e860dbf2725d92bb7ac9aaf6b6b4a,"{""proxyWallet"": ""0x30cecdf29f069563ea21b8ae94492e41e53a6b2b"", ""side"": ""BUY"", ""asset"": ""18289842382539867639079362738467334752951741961393928566628307174343542320349"", ""conditionId"": ""0x61b66d02793b4a68ab0cc25be60d65f517fe18c7d654041281bb130341244fcc"", ""size"": 103, ""price"": 0.054, ""timestamp"": 1770938403, ""title"": ""Will Trump nominate Kevin Warsh as the next Fed chair?"", ""slug"": ""will-trump-nominate-kevin-warsh-as-the-next-fed-chair"", ""icon"": ""https://polymarket-upload.s3.us-east-2.amazonaws.com/will-trump-nominate-kevin-warsh-as-the-next-fed-chair-Bc-vVyyVjhsS.jpg"", ""eventSlug"": ""who-will-trump-nominate-as-fed-chair"", ""outcome"": ""No"", ""outcomeIndex"": 1, ""name"": ""ZXWP"", ""pseudonym"": ""Well-Documented-Hit"", ""bio"": """", ""profileImage"": """", ""profileImageOptimized"": """", ""transactionHash"": ""0xc3b4d54b6ff81b4d746cb729cd65b599fa1e860dbf2725d92bb7ac9aaf6b6b4a""}"
1770938403,2026-02-14T02:01:53.747338,0xcef3145b296365272db1acbecb9c8c62d583181f848ea1bd7373cb609240120c:1770938403,572469,18289842382539867639079362738467334752951741961393928566628307174343542320349,BUY,0.054,44.0,2.376,0xcef3145b296365272db1acbecb9c8c62d583181f848ea1bd7373cb609240120c,"{""proxyWallet"": ""0x6c979ffcc3528a5d2395a2f7c89135711da0988c"", ""side"": ""BUY"", ""asset"": ""18289842382539867639079362738467334752951741961393928566628307174343542320349"", ""conditionId"": ""0x61b66d02793b4a68ab0cc25be60d65f517fe18c7d654041281bb130341244fcc"", ""size"": 44, ""price"": 0.054, ""timestamp"": 1770938403, ""title"": ""Will Trump nominate Kevin Warsh as the next Fed chair?"", ""slug"": ""will-trump-nominate-kevin-warsh-as-the-next-fed-chair"", ""icon"": ""https://polymarket-upload.s3.us-east-2.amazonaws.com/will-trump-nominate-kevin-warsh-as-the-next-fed-chair-Bc-vVyyVjhsS.jpg"", ""eventSlug"": ""who-will-trump-nominate-as-fed-chair"", ""outcome"": ""No"", ""outcomeIndex"": 1, ""name"": ""7G-MAN"", ""pseudonym"": ""Zigzag-Message"", ""bio"": ""LOL, Fake profit."", ""profileImage"": """", ""profileImageOptimized"": """", ""transactionHash"": ""0xcef3145b296365272db1acbecb9c8c62d583181f848ea1bd7373cb609240120c""}"
1770938397,2026-02-14T02:01:53.747364,0x672e96b45662c2ed34adbd606a64c67246345c8821c94898644094c582876acd:1770938397,572469,18289842382539867639079362738467334752951741961393928566628307174343542320349,BUY,0.054,63.0,3.402,0x672e96b45662c2ed34adbd606a64c67246345c8821c94898644094c582876acd,"{""proxyWallet"": ""0x6c979ffcc3528a5d2395a2f7c89135711da0988c"", ""side"": ""BUY"", ""asset"": ""18289842382539867639079362738467334752951741961393928566628307174343542320349"", ""conditionId"": ""0x61b66d02793b4a68ab0cc25be60d65f517fe18c7d654041281bb130341244fcc"", ""size"": 63, ""price"": 0.054, ""timestamp"": 1770938397, ""title"": ""Will Trump nominate Kevin Warsh as the next Fed chair?"", ""slug"": ""will-trump-nominate-kevin-warsh-as-the-next-fed-chair"", ""icon"": ""https://polymarket-upload.s3.us-east-2.amazonaws.com/will-trump-nominate-kevin-warsh-as-the-next-fed-chair-Bc-vVyyVjhsS.jpg"", ""eventSlug"": ""who-will-trump-nominate-as-fed-chair"", ""outcome"": ""No"", ""outcomeIndex"": 1, ""name"": ""7G-MAN"", ""pseudonym"": ""Zigzag-Message"", ""bio"": ""LOL, Fake profit."", ""profileImage"": """", ""profileImageOptimized"": """", ""transactionHash"": ""0x672e96b45662c2ed34adbd606a64c67246345c8821c94898644094c582876acd""}"
1770938391,2026-02-14T02:01:53.747376,0x38f8ad5e80419e51ebf3f7cdb314b3371efac3e7a30769c3cb46da0ec980dde1:1770938391,572469,18289842382539867639079362738467334752951741961393928566628307174343542320349,BUY,0.054,90.0,4.86,0x38f8ad5e80419e51ebf3f7cdb314b3371efac3e7a30769c3cb46da0ec980dde1,"{""proxyWallet"": ""0x6c979ffcc3528a5d2395a2f7c89135711da0988c"", ""side"": ""BUY"", ""asset"": ""18289842382539867639079362738467334752951741961393928566628307174343542320349"", ""conditionId"": ""0x61b66d02793b4a68ab0cc25be60d65f517fe18c7d654041281bb130341244fcc"", ""size"": 90, ""price"": 0.054, ""timestamp"": 1770938391, ""title"": ""Will Trump nominate Kevin Warsh as the next Fed chair?"", ""slug"": ""will-trump-nominate-kevin-warsh-as-the-next-fed-chair"", ""icon"": ""https://polymarket-upload.s3.us-east-2.amazonaws.com/will-trump-nominate-kevin-warsh-as-the-next-fed-chair-Bc-vVyyVjhsS.jpg"", ""eventSlug"": ""who-will-trump-nominate-as-fed-chair"", ""outcome"": ""No"", ""outcomeIndex"": 1, ""name"": ""7G-MAN"", ""pseudonym"": ""Zigzag-Message"", ""bio"": ""LOL, Fake profit."", ""profileImage"": """", ""profileImageOptimized"": """", ""transactionHash"": ""0x38f8ad5e80419e51ebf3f7cdb314b3371efac3e7a30769c3cb46da0ec980dde1""}"
1770937869,2026-02-14T02:01:53.747387,0xf3abdd3ac3f80185273270655af969e3071a2d2bcd79069d7942e3bf9091241f:1770937869,572469,18289842382539867639079362738467334752951741961393928566628307174343542320349,BUY,0.056,50.0,2.8000000000000003,0xf3abdd3ac3f80185273270655af969e3071a2d2bcd79069d7942e3bf9091241f,"{""proxyWallet"": ""0x83aae4f6573d5e04d7db06a2d903a179637431ea"", ""side"": ""BUY"", ""asset"": ""18289842382539867639079362738467334752951741961393928566628307174343542320349"", ""conditionId"": ""0x61b66d02793b4a68ab0cc25be60d65f517fe18c7d654041281bb130341244fcc"", ""size"": 50, ""price"": 0.056, ""timestamp"": 1770937869, ""title"": ""Will Trump nominate Kevin Warsh as the next Fed chair?"", ""slug"": ""will-trump-nominate-kevin-warsh-as-the-next-fed-chair"", ""icon"": ""https://polymarket-upload.s3.us-east-2.amazonaws.com/will-trump-nominate-kevin-warsh-as-the-next-fed-chair-Bc-vVyyVjhsS.jpg"", ""eventSlug"": ""who-will-trump-nominate-as-fed-chair"", ""outcome"": ""No"", ""outcomeIndex"": 1, ""name"": ""topacuinnutu"", ""pseudonym"": ""Artistic-Sponge"", ""bio"": """", ""profileImage"": """", ""profileImageOptimized"": """", ""transactionHash"": ""0xf3abdd3ac3f80185273270655af969e3071a2d2bcd79069d7942e3bf9091241f""}"
1770937505,2026-02-14T02:01:53.747397,0xde27f72ba8dc1cb28a330ac2e3cbe29df008dc0f0e35db76634c70d8ba85acc6:1770937505,572469,18289842382539867639079362738467334752951741961393928566628307174343542320349,SELL,0.054,20.0,1.08,0xde27f72ba8dc1cb28a330ac2e3cbe29df008dc0f0e35db76634c70d8ba85acc6,"{""proxyWallet"": ""0x5dfd6505a27ee58e19bd2bb80f395094afad96b4"", ""side"": ""SELL"", ""asset"": ""18289842382539867639079362738467334752951741961393928566628307174343542320349"", ""conditionId"": ""0x61b66d02793b4a68ab0cc25be60d65f517fe18c7d654041281bb130341244fcc"", ""size"": 20, ""price"": 0.054, ""timestamp"": 1770937505, ""title"": ""Will Trump nominate Kevin Warsh as the next Fed chair?"", ""slug"": ""will-trump-nominate-kevin-warsh-as-the-next-fed-chair"", ""icon"": ""https://polymarket-upload.s3.us-east-2.amazonaws.com/will-trump-nominate-kevin-warsh-as-the-next-fed-chair-Bc-vVyyVjhsS.jpg"", ""eventSlug"": ""who-will-trump-nominate-as-fed-chair"", ""outcome"": ""No"", ""outcomeIndex"": 1, ""name"": ""Tasofire"", ""pseudonym"": ""Dead-Beyond"", ""bio"": """", ""profileImage"": """", ""profileImageOptimized"": """", ""transactionHash"": ""0xde27f72ba8dc1cb28a330ac2e3cbe29df008dc0f0e35db76634c70d8ba85acc6""}"
1770937501,2026-02-14T02:01:53.747405,0x0b0bfe722ba375976f2312192ae2128918afbd447cf3ea3b038ece2af6f3d170:1770937501,572469,18289842382539867639079362738467334752951741961393928566628307174343542320349,SELL,0.054,20.0,1.08,0x0b0bfe722ba375976f2312192ae2128918afbd447cf3ea3b038ece2af6f3d170,"{""proxyWallet"": ""0xce2a1babd2fc4b19ee7ee1c1bc086fb3e75b1d50"", ""side"": ""SELL"", ""asset"": ""18289842382539867639079362738467334752951741961393928566628307174343542320349"", ""conditionId"": ""0x61b66d02793b4a68ab0cc25be60d65f517fe18c7d654041281bb130341244fcc"", ""size"": 20, ""price"": 0.054, ""timestamp"": 1770937501, ""title"": ""Will Trump nominate Kevin Warsh as the next Fed chair?"", ""slug"": ""will-trump-nominate-kevin-warsh-as-the-next-fed-chair"", ""icon"": ""https://polymarket-upload.s3.us-east-2.amazonaws.com/will-trump-nominate-kevin-warsh-as-the-next-fed-chair-Bc-vVyyVjhsS.jpg"", ""eventSlug"": ""who-will-trump-nominate-as-fed-chair"", ""outcome"": ""No"", ""outcomeIndex"": 1, ""name"": ""neatflayer04"", ""pseudonym"": ""Ready-Dirt"", ""bio"": """", ""profileImage"": ""https://polymarket-upload.s3.us-east-2.amazonaws.com/profile-image-5682358-22e4a043-7aae-487b-9e4a-9fd11f68e28b.jpeg"", ""profileImageOptimized"": """", ""transactionHash"": ""0x0b0bfe722ba375976f2312192ae2128918afbd447cf3ea3b038ece2af6f3d170""}"
1770936929,2026-02-14T02:01:53.747417,0x99da61b367ef7f717a57e847f60b9d12cd41e2d11a0e7aeaff6f1f15c7832811:1770936929,572469,18289842382539867639079362738467334752951741961393928566628307174343542320349,BUY,0.057,55.8,3.1806,0x99da61b367ef7f717a57e847f60b9d12cd41e2d11a0e7aeaff6f1f15c7832811,"{""proxyWallet"": ""0x83aae4f6573d5e04d7db06a2d903a179637431ea"", ""side"": ""BUY"", ""asset"": ""18289842382539867639079362738467334752951741961393928566628307174343542320349"", ""conditionId"": ""0x61b66d02793b4a68ab0cc25be60d65f517fe18c7d654041281bb130341244fcc"", ""size"": 55.8, ""price"": 0.057, ""timestamp"": 1770936929, ""title"": ""Will Trump nominate Kevin Warsh as the next Fed chair?"", ""slug"": ""will-trump-nominate-kevin-warsh-as-the-next-fed-chair"", ""icon"": ""https://polymarket-upload.s3.us-east-2.amazonaws.com/will-trump-nominate-kevin-warsh-as-the-next-fed-chair-Bc-vVyyVjhsS.jpg"", ""eventSlug"": ""who-will-trump-nominate-as-fed-chair"", ""outcome"": ""No"", ""outcomeIndex"": 1, ""name"": ""topacuinnutu"", ""pseudonym"": ""Artistic-Sponge"", ""bio"": """", ""profileImage"": """", ""profileImageOptimized"": """", ""transactionHash"": ""0x99da61b367ef7f717a57e847f60b9d12cd41e2d11a0e7aeaff6f1f15c7832811""}"
1770936223,2026-02-14T02:01:53.747427,0x82d9c9a5095fa2b186f9bdd6872527976080d8929a388493b17e9a42a23bd3ab:1770936223,572469,18289842382539867639079362738467334752951741961393928566628307174343542320349,SELL,0.056,10.0,0.56,0x82d9c9a5095fa2b186f9bdd6872527976080d8929a388493b17e9a42a23bd3ab,"{""proxyWallet"": ""0x4207c4f53b785c6d0d48512a497ebd845c29b81b"", ""side"": ""SELL"", ""asset"": ""18289842382539867639079362738467334752951741961393928566628307174343542320349"", ""conditionId"": ""0x61b66d02793b4a68ab0cc25be60d65f517fe18c7d654041281bb130341244fcc"", ""size"": 10, ""price"": 0.056, ""timestamp"": 1770936223, ""title"": ""Will Trump nominate Kevin Warsh as the next Fed chair?"", ""slug"": ""will-trump-nominate-kevin-warsh-as-the-next-fed-chair"", ""icon"": ""https://polymarket-upload.s3.us-east-2.amazonaws.com/will-trump-nominate-kevin-warsh-as-the-next-fed-chair-Bc-vVyyVjhsS.jpg"", ""eventSlug"": ""who-will-trump-nominate-as-fed-chair"", ""outcome"": ""No"", ""outcomeIndex"": 1, ""name"": ""0x4207c4f53b785c6dOd48512a497ebd845c29b81b"", ""pseudonym"": ""Wonderful-Disgust"", ""bio"": """", ""profileImage"": """", ""profileImageOptimized"": """", ""transactionHash"": ""0x82d9c9a5095fa2b186f9bdd6872527976080d8929a388493b17e9a42a23bd3ab""}"
1770936203,2026-02-14T02:01:53.747435,0x75f6aa7118087a5d8f055d4419bb1066072df3361134f8e61db336e8a754ac35:1770936203,572469,18289842382539867639079362738467334752951741961393928566628307174343542320349,SELL,0.056,35.44,1.98464,0x75f6aa7118087a5d8f055d4419bb1066072df3361134f8e61db336e8a754ac35,"{""proxyWallet"": ""0x4207c4f53b785c6d0d48512a497ebd845c29b81b"", ""side"": ""SELL"", ""asset"": ""18289842382539867639079362738467334752951741961393928566628307174343542320349"", ""conditionId"": ""0x61b66d02793b4a68ab0cc25be60d65f517fe18c7d654041281bb130341244fcc"", ""size"": 35.44, ""price"": 0.056, ""timestamp"": 1770936203, ""title"": ""Will Trump nominate Kevin Warsh as the next Fed chair?"", ""slug"": ""will-trump-nominate-kevin-warsh-as-the-next-fed-chair"", ""icon"": ""https://polymarket-upload.s3.us-east-2.amazonaws.com/will-trump-nominate-kevin-warsh-as-the-next-fed-chair-Bc-vVyyVjhsS.jpg"", ""eventSlug"": ""who-will-trump-nominate-as-fed-chair"", ""outcome"": ""No"", ""outcomeIndex"": 1, ""name"": ""0x4207c4f53b785c6dOd48512a497ebd845c29b81b"", ""pseudonym"": ""Wonderful-Disgust"", ""bio"": """", ""profileImage"": """", ""profileImageOptimized"": """", ""transactionHash"": ""0x75f6aa7118087a5d8f055d4419bb1066072df3361134f8e61db336e8a754ac35""}"
1770935985,2026-02-14T02:01:53.747444,0x8b3cfed9ecc0efc2f7090366efdba7b8ae28fff2ddf679b8c7d8bec30294a751:1770935985,572469,18289842382539867639079362738467334752951741961393928566628307174343542320349,BUY,0.05665315436241611,74.5,4.22066,0x8b3cfed9ecc0efc2f7090366efdba7b8ae28fff2ddf679b8c7d8bec30294a751,"{""proxyWallet"": ""0x83aae4f6573d5e04d7db06a2d903a179637431ea"", ""side"": ""BUY"", ""asset"": ""18289842382539867639079362738467334752951741961393928566628307174343542320349"", ""conditionId"": ""0x61b66d02793b4a68ab0cc25be60d65f517fe18c7d654041281bb130341244fcc"", ""size"": 74.5, ""price"": 0.05665315436241611, ""timestamp"": 1770935985, ""title"": ""Will Trump nominate Kevin Warsh as the next Fed chair?"", ""slug"": ""will-trump-nominate-kevin-warsh-as-the-next-fed-chair"", ""icon"": ""https://polymarket-upload.s3.us-east-2.amazonaws.com/will-trump-nominate-kevin-warsh-as-the-next-fed-chair-Bc-vVyyVjhsS.jpg"", ""eventSlug"": ""who-will-trump-nominate-as-fed-chair"", ""outcome"": ""No"", ""outcomeIndex"": 1, ""name"": ""topacuinnutu"", ""pseudonym"": ""Artistic-Sponge"", ""bio"": """", ""profileImage"": """", ""profileImageOptimized"": """", ""transactionHash"": ""0x8b3cfed9ecc0efc2f7090366efdba7b8ae28fff2ddf679b8c7d8bec30294a751""}"
1770935617,2026-02-14T02:01:53.747455,0x50428a5de024ca7406a128a1cfb47fd479e50bb5014a4fd7b7d319ef5bf1b383:1770935617,572469,18289842382539867639079362738467334752951741961393928566628307174343542320349,SELL,0.056,100.0,5.6000000000000005,0x50428a5de024ca7406a128a1cfb47fd479e50bb5014a4fd7b7d319ef5bf1b383,"{""proxyWallet"": ""0x48d8a3b604454477e5dda833c4db17ff9c7a172b"", ""side"": ""SELL"", ""asset"": ""18289842382539867639079362738467334752951741961393928566628307174343542320349"", ""conditionId"": ""0x61b66d02793b4a68ab0cc25be60d65f517fe18c7d654041281bb130341244fcc"", ""size"": 100, ""price"": 0.056, ""timestamp"": 1770935617, ""title"": ""Will Trump nominate Kevin Warsh as the next Fed chair?"", ""slug"": ""will-trump-nominate-kevin-warsh-as-the-next-fed-chair"", ""icon"": ""https://polymarket-upload.s3.us-east-2.amazonaws.com/will-trump-nominate-kevin-warsh-as-the-next-fed-chair-Bc-vVyyVjhsS.jpg"", ""eventSlug"": ""who-will-trump-nominate-as-fed-chair"", ""outcome"": ""No"", ""outcomeIndex"": 1, ""name"": ""0x48D8A3b604454477e5DDa833C4db17Ff9C7a172B-1768771120904"", ""pseudonym"": ""Flawed-Footage"", ""bio"": """", ""profileImage"": """", ""profileImageOptimized"": """", ""transactionHash"": ""0x50428a5de024ca7406a128a1cfb47fd479e50bb5014a4fd7b7d319ef5bf1b383""}"
1770935555,2026-02-14T02:01:53.747463,0xc00c69f0ebe87f76032699e819d319167eb56b99e38f6a4287d83ac068ed549b:1770935555,572469,18289842382539867639079362738467334752951741961393928566628307174343542320349,BUY,0.056,10.59,0.59304,0xc00c69f0ebe87f76032699e819d319167eb56b99e38f6a4287d83ac068ed549b,"{""proxyWallet"": ""0x7b9fb719fe2308decb14fa423852a608adceccb0"", ""side"": ""BUY"", ""asset"": ""18289842382539867639079362738467334752951741961393928566628307174343542320349"", ""conditionId"": ""0x61b66d02793b4a68ab0cc25be60d65f517fe18c7d654041281bb130341244fcc"", ""size"": 10.59, ""price"": 0.056, ""timestamp"": 1770935555, ""title"": ""Will Trump nominate Kevin Warsh as the next Fed chair?"", ""slug"": ""will-trump-nominate-kevin-warsh-as-the-next-fed-chair"", ""icon"": ""https://polymarket-upload.s3.us-east-2.amazonaws.com/will-trump-nominate-kevin-warsh-as-the-next-fed-chair-Bc-vVyyVjhsS.jpg"", ""eventSlug"": ""who-will-trump-nominate-as-fed-chair"", ""outcome"": ""No"", ""outcomeIndex"": 1, ""name"": ""sunATF"", ""pseudonym"": ""Rude-Thongs"", ""bio"": """", ""profileImage"": ""https://polymarket-upload.s3.us-east-2.amazonaws.com/profile-image-5906714-1059f00f-d0f3-4a5a-a142-95fe3338b0f6.gif"", ""profileImageOptimized"": """", ""transactionHash"": ""0xc00c69f0ebe87f76032699e819d319167eb56b99e38f6a4287d83ac068ed549b""}"
1770935391,2026-02-14T02:01:53.747471,0x0225a84ac11e1dd9b78fe81b963c372cf37f8c6b8a8e7b854cfa000e1121686a:1770935391,572469,18289842382539867639079362738467334752951741961393928566628307174343542320349,BUY,0.05699998940939985,87.719297,4.999999,0x0225a84ac11e1dd9b78fe81b963c372cf37f8c6b8a8e7b854cfa000e1121686a,"{""proxyWallet"": ""0xf915728ba9dcb35ad3c909c3d6fe2d75eecf0c01"", ""side"": ""BUY"", ""asset"": ""18289842382539867639079362738467334752951741961393928566628307174343542320349"", ""conditionId"": ""0x61b66d02793b4a68ab0cc25be60d65f517fe18c7d654041281bb130341244fcc"", ""size"": 87.719297, ""price"": 0.05699998940939985, ""timestamp"": 1770935391, ""title"": ""Will Trump nominate Kevin Warsh as the next Fed chair?"", ""slug"": ""will-trump-nominate-kevin-warsh-as-the-next-fed-chair"", ""icon"": ""https://polymarket-upload.s3.us-east-2.amazonaws.com/will-trump-nominate-kevin-warsh-as-the-next-fed-chair-Bc-vVyyVjhsS.jpg"", ""eventSlug"": ""who-will-trump-nominate-as-fed-chair"", ""outcome"": ""No"", ""outcomeIndex"": 1, ""name"": ""Frosty2"", ""pseudonym"": ""Expensive-Owl"", ""bio"": """", ""profileImage"": """", ""profileImageOptimized"": """", ""transactionHash"": ""0x0225a84ac11e1dd9b78fe81b963c372cf37f8c6b8a8e7b854cfa000e1121686a""}"
1770935381,2026-02-14T02:01:53.747480,0xae90f7eee456ad971ef15c6ed518969c50fa4164db96a801d1f5c8e3d2f40224:1770935381,572469,18289842382539867639079362738467334752951741961393928566628307174343542320349,BUY,0.05599114797806959,6932.167191,388.139999,0xae90f7eee456ad971ef15c6ed518969c50fa4164db96a801d1f5c8e3d2f40224,"{""proxyWallet"": ""0x2306e58ff1990635e8512fc49795b454e2adddde"", ""side"": ""BUY"", ""asset"": ""18289842382539867639079362738467334752951741961393928566628307174343542320349"", ""conditionId"": ""0x61b66d02793b4a68ab0cc25be60d65f517fe18c7d654041281bb130341244fcc"", ""size"": 6932.167191, ""price"": 0.05599114797806959, ""timestamp"": 1770935381, ""title"": ""Will Trump nominate Kevin Warsh as the next Fed chair?"", ""slug"": ""will-trump-nominate-kevin-warsh-as-the-next-fed-chair"", ""icon"": ""https://polymarket-upload.s3.us-east-2.amazonaws.com/will-trump-nominate-kevin-warsh-as-the-next-fed-chair-Bc-vVyyVjhsS.jpg"", ""eventSlug"": ""who-will-trump-nominate-as-fed-chair"", ""outcome"": ""No"", ""outcomeIndex"": 1, ""name"": ""Avrynnechu"", ""pseudonym"": ""Likely-Eyelids"", ""bio"": """", ""profileImage"": """", ""profileImageOptimized"": """", ""transactionHash"": ""0xae90f7eee456ad971ef15c6ed518969c50fa4164db96a801d1f5c8e3d2f40224""}"
1770935139,2026-02-14T02:01:53.747493,0xe037f01127adf93e92ccf17a2d7ff9377fbcf439ddb072aab6e2b7e8934b498d:1770935139,572469,18289842382539867639079362738467334752951741961393928566628307174343542320349,BUY,0.0550000000055,909.090909,50.0,0xe037f01127adf93e92ccf17a2d7ff9377fbcf439ddb072aab6e2b7e8934b498d,"{""proxyWallet"": ""0xff16d0be2546959a4761d3159e28e5a22e1d6f52"", ""side"": ""BUY"", ""asset"": ""18289842382539867639079362738467334752951741961393928566628307174343542320349"", ""conditionId"": ""0x61b66d02793b4a68ab0cc25be60d65f517fe18c7d654041281bb130341244fcc"", ""size"": 909.090909, ""price"": 0.0550000000055, ""timestamp"": 1770935139, ""title"": ""Will Trump nominate Kevin Warsh as the next Fed chair?"", ""slug"": ""will-trump-nominate-kevin-warsh-as-the-next-fed-chair"", ""icon"": ""https://polymarket-upload.s3.us-east-2.amazonaws.com/will-trump-nominate-kevin-warsh-as-the-next-fed-chair-Bc-vVyyVjhsS.jpg"", ""eventSlug"": ""who-will-trump-nominate-as-fed-chair"", ""outcome"": ""No"", ""outcomeIndex"": 1, ""name"": ""Historiah"", ""pseudonym"": ""Jumpy-Bachelor"", ""bio"": """", ""profileImage"": """", ""profileImageOptimized"": """", ""transactionHash"": ""0xe037f01127adf93e92ccf17a2d7ff9377fbcf439ddb072aab6e2b7e8934b498d""}"
1770933911,2026-02-14T02:01:53.747506,0xcef04635bf81ae8f04ee0c86e542adaf4526caceee0130cd233a0daef5ab56ec:1770933911,572469,18289842382539867639079362738467334752951741961393928566628307174343542320349,SELL,0.054,54.12,2.9224799999999997,0xcef04635bf81ae8f04ee0c86e542adaf4526caceee0130cd233a0daef5ab56ec,"{""proxyWallet"": ""0x4207c4f53b785c6d0d48512a497ebd845c29b81b"", ""side"": ""SELL"", ""asset"": ""18289842382539867639079362738467334752951741961393928566628307174343542320349"", ""conditionId"": ""0x61b66d02793b4a68ab0cc25be60d65f517fe18c7d654041281bb130341244fcc"", ""size"": 54.12, ""price"": 0.054, ""timestamp"": 1770933911, ""title"": ""Will Trump nominate Kevin Warsh as the next Fed chair?"", ""slug"": ""will-trump-nominate-kevin-warsh-as-the-next-fed-chair"", ""icon"": ""https://polymarket-upload.s3.us-east-2.amazonaws.com/will-trump-nominate-kevin-warsh-as-the-next-fed-chair-Bc-vVyyVjhsS.jpg"", ""eventSlug"": ""who-will-trump-nominate-as-fed-chair"", ""outcome"": ""No"", ""outcomeIndex"": 1, ""name"": ""0x4207c4f53b785c6dOd48512a497ebd845c29b81b"", ""pseudonym"": ""Wonderful-Disgust"", ""bio"": """", ""profileImage"": """", ""profileImageOptimized"": """", ""transactionHash"": ""0xcef04635bf81ae8f04ee0c86e542adaf4526caceee0130cd233a0daef5ab56ec""}"
1770933849,2026-02-14T02:01:53.747514,0x10eccd616be057df8118845f60add62476cd86dae266694c40c94ccbb9afcf3f:1770933849,572469,18289842382539867639079362738467334752951741961393928566628307174343542320349,BUY,0.054999990154999796,90.909089,4.999999,0x10eccd616be057df8118845f60add62476cd86dae266694c40c94ccbb9afcf3f,"{""proxyWallet"": ""0x0c520946bc2c33b07d2a3d40696384bb9ce920ef"", ""side"": ""BUY"", ""asset"": ""18289842382539867639079362738467334752951741961393928566628307174343542320349"", ""conditionId"": ""0x61b66d02793b4a68ab0cc25be60d65f517fe18c7d654041281bb130341244fcc"", ""size"": 90.909089, ""price"": 0.054999990154999796, ""timestamp"": 1770933849, ""title"": ""Will Trump nominate Kevin Warsh as the next Fed chair?"", ""slug"": ""will-trump-nominate-kevin-warsh-as-the-next-fed-chair"", ""icon"": ""https://polymarket-upload.s3.us-east-2.amazonaws.com/will-trump-nominate-kevin-warsh-as-the-next-fed-chair-Bc-vVyyVjhsS.jpg"", ""eventSlug"": ""who-will-trump-nominate-as-fed-chair"", ""outcome"": ""No"", ""outcomeIndex"": 1, ""name"": """", ""pseudonym"": """", ""bio"": """", ""profileImage"": """", ""profileImageOptimized"": """", ""transactionHash"": ""0x10eccd616be057df8118845f60add62476cd86dae266694c40c94ccbb9afcf3f""}"
1770933531,2026-02-14T02:01:53.747523,0xdab95a045015feeb4cbd0af1312c011b6294bd52f3d4020bf1f782d929633673:1770933531,572469,18289842382539867639079362738467334752951741961393928566628307174343542320349,SELL,0.053,100.0,5.3,0xdab95a045015feeb4cbd0af1312c011b6294bd52f3d4020bf1f782d929633673,"{""proxyWallet"": ""0x0c520946bc2c33b07d2a3d40696384bb9ce920ef"", ""side"": ""SELL"", ""asset"": ""18289842382539867639079362738467334752951741961393928566628307174343542320349"", ""conditionId"": ""0x61b66d02793b4a68ab0cc25be60d65f517fe18c7d654041281bb130341244fcc"", ""size"": 100, ""price"": 0.053, ""timestamp"": 1770933531, ""title"": ""Will Trump nominate Kevin Warsh as the next Fed chair?"", ""slug"": ""will-trump-nominate-kevin-warsh-as-the-next-fed-chair"", ""icon"": ""https://polymarket-upload.s3.us-east-2.amazonaws.com/will-trump-nominate-kevin-warsh-as-the-next-fed-chair-Bc-vVyyVjhsS.jpg"", ""eventSlug"": ""who-will-trump-nominate-as-fed-chair"", ""outcome"": ""No"", ""outcomeIndex"": 1, ""name"": """", ""pseudonym"": """", ""bio"": """", ""profileImage"": """", ""profileImageOptimized"": """", ""transactionHash"": ""0xdab95a045015feeb4cbd0af1312c011b6294bd52f3d4020bf1f782d929633673""}"
1770933401,2026-02-14T02:01:53.747532,0x6afded2e7559f40bd4e965c98dae355201c96748ebc5118664a77ea276049257:1770933401,572469,18289842382539867639079362738467334752951741961393928566628307174343542320349,BUY,0.05499999899705882,927.272726,50.999998999999995,0x6afded2e7559f40bd4e965c98dae355201c96748ebc5118664a77ea276049257,"{""proxyWallet"": ""0x0c520946bc2c33b07d2a3d40696384bb9ce920ef"", ""side"": ""BUY"", ""asset"": ""18289842382539867639079362738467334752951741961393928566628307174343542320349"", ""conditionId"": ""0x61b66d02793b4a68ab0cc25be60d65f517fe18c7d654041281bb130341244fcc"", ""size"": 927.272726, ""price"": 0.05499999899705882, ""timestamp"": 1770933401, ""title"": ""Will Trump nominate Kevin Warsh as the next Fed chair?"", ""slug"": ""will-trump-nominate-kevin-warsh-as-the-next-fed-chair"", ""icon"": ""https://polymarket-upload.s3.us-east-2.amazonaws.com/will-trump-nominate-kevin-warsh-as-the-next-fed-chair-Bc-vVyyVjhsS.jpg"", ""eventSlug"": ""who-will-trump-nominate-as-fed-chair"", ""outcome"": ""No"", ""outcomeIndex"": 1, ""name"": """", ""pseudonym"": """", ""bio"": """", ""profileImage"": """", ""profileImageOptimized"": """", ""transactionHash"": ""0x6afded2e7559f40bd4e965c98dae355201c96748ebc5118664a77ea276049257""}"
1770933107,2026-02-14T02:01:53.747546,0xf43e1a8833b59ecb1a41418175da85d93595caa66527cea28b57b45306e46484:1770933107,572469,18289842382539867639079362738467334752951741961393928566628307174343542320349,SELL,0.054,49.68,2.6827199999999998,0xf43e1a8833b59ecb1a41418175da85d93595caa66527cea28b57b45306e46484,"{""proxyWallet"": ""0x4207c4f53b785c6d0d48512a497ebd845c29b81b"", ""side"": ""SELL"", ""asset"": ""18289842382539867639079362738467334752951741961393928566628307174343542320349"", ""conditionId"": ""0x61b66d02793b4a68ab0cc25be60d65f517fe18c7d654041281bb130341244fcc"", ""size"": 49.68, ""price"": 0.054, ""timestamp"": 1770933107, ""title"": ""Will Trump nominate Kevin Warsh as the next Fed chair?"", ""slug"": ""will-trump-nominate-kevin-warsh-as-the-next-fed-chair"", ""icon"": ""https://polymarket-upload.s3.us-east-2.amazonaws.com/will-trump-nominate-kevin-warsh-as-the-next-fed-chair-Bc-vVyyVjhsS.jpg"", ""eventSlug"": ""who-will-trump-nominate-as-fed-chair"", ""outcome"": ""No"", ""outcomeIndex"": 1, ""name"": ""0x4207c4f53b785c6dOd48512a497ebd845c29b81b"", ""pseudonym"": ""Wonderful-Disgust"", ""bio"": """", ""profileImage"": """", ""profileImageOptimized"": """", ""transactionHash"": ""0xf43e1a8833b59ecb1a41418175da85d93595caa66527cea28b57b45306e46484""}"
1770933027,2026-02-14T02:01:53.747556,0x4a3c7bd8b7ea2dc14e354956393b84cf7d36fc87db4cce02e527bf113dd1bb81:1770933027,572469,18289842382539867639079362738467334752951741961393928566628307174343542320349,SELL,0.053,6.01,0.31853,0x4a3c7bd8b7ea2dc14e354956393b84cf7d36fc87db4cce02e527bf113dd1bb81,"{""proxyWallet"": ""0x3576871638c92f5fbdaccd99903f199ccd3209de"", ""side"": ""SELL"", ""asset"": ""18289842382539867639079362738467334752951741961393928566628307174343542320349"", ""conditionId"": ""0x61b66d02793b4a68ab0cc25be60d65f517fe18c7d654041281bb130341244fcc"", ""size"": 6.01, ""price"": 0.053, ""timestamp"": 1770933027, ""title"": ""Will Trump nominate Kevin Warsh as the next Fed chair?"", ""slug"": ""will-trump-nominate-kevin-warsh-as-the-next-fed-chair"", ""icon"": ""https://polymarket-upload.s3.us-east-2.amazonaws.com/will-trump-nominate-kevin-warsh-as-the-next-fed-chair-Bc-vVyyVjhsS.jpg"", ""eventSlug"": ""who-will-trump-nominate-as-fed-chair"", ""outcome"": ""No"", ""outcomeIndex"": 1, ""name"": ""jamesjesse"", ""pseudonym"": ""Watery-Ceiling"", ""bio"": """", ""profileImage"": """", ""profileImageOptimized"": """", ""transactionHash"": ""0x4a3c7bd8b7ea2dc14e354956393b84cf7d36fc87db4cce02e527bf113dd1bb81""}"
1770932447,2026-02-14T02:01:53.747566,0xe672044d236b553ba70141f9aac16672b819be95d28e0e65a3dd81a017af71aa:1770932447,572469,18289842382539867639079362738467334752951741961393928566628307174343542320349,BUY,0.055877458157769844,357.92607,19.999999,0xe672044d236b553ba70141f9aac16672b819be95d28e0e65a3dd81a017af71aa,"{""proxyWallet"": ""0x29503d06241880491f720c23d93d2ffeed7aec26"", ""side"": ""BUY"", ""asset"": ""18289842382539867639079362738467334752951741961393928566628307174343542320349"", ""conditionId"": ""0x61b66d02793b4a68ab0cc25be60d65f517fe18c7d654041281bb130341244fcc"", ""size"": 357.92607, ""price"": 0.055877458157769844, ""timestamp"": 1770932447, ""title"": ""Will Trump nominate Kevin Warsh as the next Fed chair?"", ""slug"": ""will-trump-nominate-kevin-warsh-as-the-next-fed-chair"", ""icon"": ""https://polymarket-upload.s3.us-east-2.amazonaws.com/will-trump-nominate-kevin-warsh-as-the-next-fed-chair-Bc-vVyyVjhsS.jpg"", ""eventSlug"": ""who-will-trump-nominate-as-fed-chair"", ""outcome"": ""No"", ""outcomeIndex"": 1, ""name"": ""0x29503D06241880491f720c23d93d2ffEeD7Aec26-1769904641951"", ""pseudonym"": ""Closed-Act"", ""bio"": """", ""profileImage"": """", ""profileImageOptimized"": """", ""transactionHash"": ""0xe672044d236b553ba70141f9aac16672b819be95d28e0e65a3dd81a017af71aa""}"
1770931913,2026-02-14T02:01:54.574580,0x2b4febfbfa6167a15cd7d7032456052e079a23e0831af5ec9ca20d80fdd99042:1770931913,572469,18289842382539867639079362738467334752951741961393928566628307174343542320349,SELL,0.052,328.57,17.085639999999998,0x2b4febfbfa6167a15cd7d7032456052e079a23e0831af5ec9ca20d80fdd99042,"{""proxyWallet"": ""0x1e1e99ba82a89adaf20a9fd3219635acf919cbff"", ""side"": ""SELL"", ""asset"": ""18289842382539867639079362738467334752951741961393928566628307174343542320349"", ""conditionId"": ""0x61b66d02793b4a68ab0cc25be60d65f517fe18c7d654041281bb130341244fcc"", ""size"": 328.57, ""price"": 0.052, ""timestamp"": 1770931913, ""title"": ""Will Trump nominate Kevin Warsh as the next Fed chair?"", ""slug"": ""will-trump-nominate-kevin-warsh-as-the-next-fed-chair"", ""icon"": ""https://polymarket-upload.s3.us-east-2.amazonaws.com/will-trump-nominate-kevin-warsh-as-the-next-fed-chair-Bc-vVyyVjhsS.jpg"", ""eventSlug"": ""who-will-trump-nominate-as-fed-chair"", ""outcome"": ""No"", ""outcomeIndex"": 1, ""name"": ""0x1e1e99bA82A89aDaf20a9fd3219635aCF919CbFf-1749819147343"", ""pseudonym"": ""Winged-Watch"", ""bio"": """", ""profileImage"": """", ""profileImageOptimized"": """", ""transactionHash"": ""0x2b4febfbfa6167a15cd7d7032456052e079a23e0831af5ec9ca20d80fdd99042""}"
1770931803,2026-02-14T02:01:54.574692,0x73f079ed557db0912bab31a2bd96e0a51dbc92f5bc478f9220051c0dbc0d7643:1770931803,572469,18289842382539867639079362738467334752951741961393928566628307174343542320349,BUY,0.0535397278615502,1044.644813,55.92999900000001,0x73f079ed557db0912bab31a2bd96e0a51dbc92f5bc478f9220051c0dbc0d7643,"{""proxyWallet"": ""0x35ec5df8741390b5d8a368fbc3958bef60da839e"", ""side"": ""BUY"", ""asset"": ""18289842382539867639079362738467334752951741961393928566628307174343542320349"", ""conditionId"": ""0x61b66d02793b4a68ab0cc25be60d65f517fe18c7d654041281bb130341244fcc"", ""size"": 1044.644813, ""price"": 0.0535397278615502, ""timestamp"": 1770931803, ""title"": ""Will Trump nominate Kevin Warsh as the next Fed chair?"", ""slug"": ""will-trump-nominate-kevin-warsh-as-the-next-fed-chair"", ""icon"": ""https://polymarket-upload.s3.us-east-2.amazonaws.com/will-trump-nominate-kevin-warsh-as-the-next-fed-chair-Bc-vVyyVjhsS.jpg"", ""eventSlug"": ""who-will-trump-nominate-as-fed-chair"", ""outcome"": ""No"", ""outcomeIndex"": 1, ""name"": ""0x35eC5df8741390B5d8a368FBC3958beF60da839E-1770750602805"", ""pseudonym"": ""Fluid-Distinction"", ""bio"": """", ""profileImage"": """", ""profileImageOptimized"": """", ""transactionHash"": ""0x73f079ed557db0912bab31a2bd96e0a51dbc92f5bc478f9220051c0dbc0d7643""}"
1770930773,2026-02-14T02:01:54.574751,0xac7e3fce5306f8a33e5abd1031fb7500fdfdb26da27545c9576392237a4bd985:1770930773,572469,18289842382539867639079362738467334752951741961393928566628307174343542320349,SELL,0.052,17.0,0.884,0xac7e3fce5306f8a33e5abd1031fb7500fdfdb26da27545c9576392237a4bd985,"{""proxyWallet"": ""0x78d2ad24aafa9344976a590eebc0fae5a49d7a2b"", ""side"": ""SELL"", ""asset"": ""18289842382539867639079362738467334752951741961393928566628307174343542320349"", ""conditionId"": ""0x61b66d02793b4a68ab0cc25be60d65f517fe18c7d654041281bb130341244fcc"", ""size"": 17, ""price"": 0.052, ""timestamp"": 1770930773, ""title"": ""Will Trump nominate Kevin Warsh as the next Fed chair?"", ""slug"": ""will-trump-nominate-kevin-warsh-as-the-next-fed-chair"", ""icon"": ""https://polymarket-upload.s3.us-east-2.amazonaws.com/will-trump-nominate-kevin-warsh-as-the-next-fed-chair-Bc-vVyyVjhsS.jpg"", ""eventSlug"": ""who-will-trump-nominate-as-fed-chair"", ""outcome"": ""No"", ""outcomeIndex"": 1, ""name"": ""JohnJJJ"", ""pseudonym"": ""Glass-Cocktail"", ""bio"": """", ""profileImage"": """", ""profileImageOptimized"": """", ""transactionHash"": ""0xac7e3fce5306f8a33e5abd1031fb7500fdfdb26da27545c9576392237a4bd985""}"
1770930043,2026-02-14T02:01:54.574796,0x399442715bca0954bc9aa773764a8168b425224462046e4d9304e4d48c4d741c:1770930043,572469,18289842382539867639079362738467334752951741961393928566628307174343542320349,BUY,0.0529999993818875,1509.433961,79.999999,0x399442715bca0954bc9aa773764a8168b425224462046e4d9304e4d48c4d741c,"{""proxyWallet"": ""0x29503d06241880491f720c23d93d2ffeed7aec26"", ""side"": ""BUY"", ""asset"": ""18289842382539867639079362738467334752951741961393928566628307174343542320349"", ""conditionId"": ""0x61b66d02793b4a68ab0cc25be60d65f517fe18c7d654041281bb130341244fcc"", ""size"": 1509.433961, ""price"": 0.0529999993818875, ""timestamp"": 1770930043, ""title"": ""Will Trump nominate Kevin Warsh as the next Fed chair?"", ""slug"": ""will-trump-nominate-kevin-warsh-as-the-next-fed-chair"", ""icon"": ""https://polymarket-upload.s3.us-east-2.amazonaws.com/will-trump-nominate-kevin-warsh-as-the-next-fed-chair-Bc-vVyyVjhsS.jpg"", ""eventSlug"": ""who-will-trump-nominate-as-fed-chair"", ""outcome"": ""No"", ""outcomeIndex"": 1, ""name"": ""0x29503D06241880491f720c23d93d2ffEeD7Aec26-1769904641951"", ""pseudonym"": ""Closed-Act"", ""bio"": """", ""profileImage"": """", ""profileImageOptimized"": """", ""transactionHash"": ""0x399442715bca0954bc9aa773764a8168b425224462046e4d9304e4d48c4d741c""}"
1770930007,2026-02-14T02:01:54.574834,0xefc0b72988def4e1ccc18a2cb0a93ed0fb3f8bb17d03ca78ab1c7ef1766610f9:1770930007,572469,18289842382539867639079362738467334752951741961393928566628307174343542320349,BUY,0.053000000010899745,366.981132,19.45,0xefc0b72988def4e1ccc18a2cb0a93ed0fb3f8bb17d03ca78ab1c7ef1766610f9,"{""proxyWallet"": ""0x3c6e124baaad20c1d149ff6972ed43963e9f5699"", ""side"": ""BUY"", ""asset"": ""18289842382539867639079362738467334752951741961393928566628307174343542320349"", ""conditionId"": ""0x61b66d02793b4a68ab0cc25be60d65f517fe18c7d654041281bb130341244fcc"", ""size"": 366.981132, ""price"": 0.053000000010899745, ""timestamp"": 1770930007, ""title"": ""Will Trump nominate Kevin Warsh as the next Fed chair?"", ""slug"": ""will-trump-nominate-kevin-warsh-as-the-next-fed-chair"", ""icon"": ""https://polymarket-upload.s3.us-east-2.amazonaws.com/will-trump-nominate-kevin-warsh-as-the-next-fed-chair-Bc-vVyyVjhsS.jpg"", ""eventSlug"": ""who-will-trump-nominate-as-fed-chair"", ""outcome"": ""No"", ""outcomeIndex"": 1, ""name"": ""mathisrsl"", ""pseudonym"": ""Extra-Large-Fawn"", ""bio"": """", ""profileImage"": """", ""profileImageOptimized"": """", ""transactionHash"": ""0xefc0b72988def4e1ccc18a2cb0a93ed0fb3f8bb17d03ca78ab1c7ef1766610f9""}"
1770928013,2026-02-14T02:01:54.574902,0x3bcec522a02969c29cc3625a15edfe481c146b06d97eb3d85a54157e2c938651:1770928013,572469,18289842382539867639079362738467334752951741961393928566628307174343542320349,BUY,0.054000000104275865,537.037036,29.0,0x3bcec522a02969c29cc3625a15edfe481c146b06d97eb3d85a54157e2c938651,"{""proxyWallet"": ""0x3b9460fc02c6894e50b1268c64d206247b234864"", ""side"": ""BUY"", ""asset"": ""18289842382539867639079362738467334752951741961393928566628307174343542320349"", ""conditionId"": ""0x61b66d02793b4a68ab0cc25be60d65f517fe18c7d654041281bb130341244fcc"", ""size"": 537.037036, ""price"": 0.054000000104275865, ""timestamp"": 1770928013, ""title"": ""Will Trump nominate Kevin Warsh as the next Fed chair?"", ""slug"": ""will-trump-nominate-kevin-warsh-as-the-next-fed-chair"", ""icon"": ""https://polymarket-upload.s3.us-east-2.amazonaws.com/will-trump-nominate-kevin-warsh-as-the-next-fed-chair-Bc-vVyyVjhsS.jpg"", ""eventSlug"": ""who-will-trump-nominate-as-fed-chair"", ""outcome"": ""No"", ""outcomeIndex"": 1, ""name"": """", ""pseudonym"": """", ""bio"": """", ""profileImage"": """", ""profileImageOptimized"": """", ""transactionHash"": ""0x3bcec522a02969c29cc3625a15edfe481c146b06d97eb3d85a54157e2c938651""}"
1770927673,2026-02-14T02:01:54.574947,0x1cff3533b07dc0aef773983a3d871a9c3fb7614887bda9af79c64d27703c66e1:1770927673,572469,18289842382539867639079362738467334752951741961393928566628307174343542320349,BUY,0.05399999012879983,92.592591,4.999999,0x1cff3533b07dc0aef773983a3d871a9c3fb7614887bda9af79c64d27703c66e1,"{""proxyWallet"": ""0xf1f6d35efc9f78c25cc414697169a8c96a9a2671"", ""side"": ""BUY"", ""asset"": ""18289842382539867639079362738467334752951741961393928566628307174343542320349"", ""conditionId"": ""0x61b66d02793b4a68ab0cc25be60d65f517fe18c7d654041281bb130341244fcc"", ""size"": 92.592591, ""price"": 0.05399999012879983, ""timestamp"": 1770927673, ""title"": ""Will Trump nominate Kevin Warsh as the next Fed chair?"", ""slug"": ""will-trump-nominate-kevin-warsh-as-the-next-fed-chair"", ""icon"": ""https://polymarket-upload.s3.us-east-2.amazonaws.com/will-trump-nominate-kevin-warsh-as-the-next-fed-chair-Bc-vVyyVjhsS.jpg"", ""eventSlug"": ""who-will-trump-nominate-as-fed-chair"", ""outcome"": ""No"", ""outcomeIndex"": 1, ""name"": """", ""pseudonym"": """", ""bio"": """", ""profileImage"": """", ""profileImageOptimized"": """", ""transactionHash"": ""0x1cff3533b07dc0aef773983a3d871a9c3fb7614887bda9af79c64d27703c66e1""}"
1770927195,2026-02-14T02:01:54.575049,0x56ef721fee305039ce662198300cbeeeeccfe24a41edc120011927d1ced6ac27:1770927195,572469,18289842382539867639079362738467334752951741961393928566628307174343542320349,BUY,0.056,84.75,4.746,0x56ef721fee305039ce662198300cbeeeeccfe24a41edc120011927d1ced6ac27,"{""proxyWallet"": ""0xf4c159883462086e9de69061c55c37ac55c582b3"", ""side"": ""BUY"", ""asset"": ""18289842382539867639079362738467334752951741961393928566628307174343542320349"", ""conditionId"": ""0x61b66d02793b4a68ab0cc25be60d65f517fe18c7d654041281bb130341244fcc"", ""size"": 84.75, ""price"": 0.056, ""timestamp"": 1770927195, ""title"": ""Will Trump nominate Kevin Warsh as the next Fed chair?"", ""slug"": ""will-trump-nominate-kevin-warsh-as-the-next-fed-chair"", ""icon"": ""https://polymarket-upload.s3.us-east-2.amazonaws.com/will-trump-nominate-kevin-warsh-as-the-next-fed-chair-Bc-vVyyVjhsS.jpg"", ""eventSlug"": ""who-will-trump-nominate-as-fed-chair"", ""outcome"": ""No"", ""outcomeIndex"": 1, ""name"": ""Han-van-Meegeren"", ""pseudonym"": ""Great-Mixer"", ""bio"": """", ""profileImage"": """", ""profileImageOptimized"": """", ""transactionHash"": ""0x56ef721fee305039ce662198300cbeeeeccfe24a41edc120011927d1ced6ac27""}"
1770926417,2026-02-14T02:01:54.575097,0x92f233898441e0d47c447ff337c5b7b5270dd48dfa9390e01171e9b29536fe4e:1770926417,572469,18289842382539867639079362738467334752951741961393928566628307174343542320349,BUY,0.055999974687998784,35.714284,1.9999989999999999,0x92f233898441e0d47c447ff337c5b7b5270dd48dfa9390e01171e9b29536fe4e,"{""proxyWallet"": ""0x50cda66811d8c78bad20f4af2b7cb5703b3066f5"", ""side"": ""BUY"", ""asset"": ""18289842382539867639079362738467334752951741961393928566628307174343542320349"", ""conditionId"": ""0x61b66d02793b4a68ab0cc25be60d65f517fe18c7d654041281bb130341244fcc"", ""size"": 35.714284, ""price"": 0.055999974687998784, ""timestamp"": 1770926417, ""title"": ""Will Trump nominate Kevin Warsh as the next Fed chair?"", ""slug"": ""will-trump-nominate-kevin-warsh-as-the-next-fed-chair"", ""icon"": ""https://polymarket-upload.s3.us-east-2.amazonaws.com/will-trump-nominate-kevin-warsh-as-the-next-fed-chair-Bc-vVyyVjhsS.jpg"", ""eventSlug"": ""who-will-trump-nominate-as-fed-chair"", ""outcome"": ""No"", ""outcomeIndex"": 1, ""name"": ""0x50cDA66811d8C78BaD20F4aF2B7cb5703B3066f5-1770676683776"", ""pseudonym"": ""Adored-Aluminium"", ""bio"": """", ""profileImage"": """", ""profileImageOptimized"": """", ""transactionHash"": ""0x92f233898441e0d47c447ff337c5b7b5270dd48dfa9390e01171e9b29536fe4e""}"
1770924671,2026-02-14T02:01:55.366999,0x108446a39bee1c07c01f3a859b973ce3e061221d0583ecc3af0ef01542ee04f1:1770924671,572469,18289842382539867639079362738467334752951741961393928566628307174343542320349,SELL,0.054,111.11,5.99994,0x108446a39bee1c07c01f3a859b973ce3e061221d0583ecc3af0ef01542ee04f1,"{""proxyWallet"": ""0x165681c221a91f1168898d5d1b1c6d7dd9715a6a"", ""side"": ""SELL"", ""asset"": ""18289842382539867639079362738467334752951741961393928566628307174343542320349"", ""conditionId"": ""0x61b66d02793b4a68ab0cc25be60d65f517fe18c7d654041281bb130341244fcc"", ""size"": 111.11, ""price"": 0.054, ""timestamp"": 1770924671, ""title"": ""Will Trump nominate Kevin Warsh as the next Fed chair?"", ""slug"": ""will-trump-nominate-kevin-warsh-as-the-next-fed-chair"", ""icon"": ""https://polymarket-upload.s3.us-east-2.amazonaws.com/will-trump-nominate-kevin-warsh-as-the-next-fed-chair-Bc-vVyyVjhsS.jpg"", ""eventSlug"": ""who-will-trump-nominate-as-fed-chair"", ""outcome"": ""No"", ""outcomeIndex"": 1, ""name"": ""Schlingl"", ""pseudonym"": ""Wavy-Loss"", ""bio"": """", ""profileImage"": """", ""profileImageOptimized"": """", ""transactionHash"": ""0x108446a39bee1c07c01f3a859b973ce3e061221d0583ecc3af0ef01542ee04f1""}"
1770924085,2026-02-14T02:01:55.367111,0x08f59812d4fa7ea7ce76805f886a38415d1d27fdd86428fc092a3b79291883ab:1770924085,572469,18289842382539867639079362738467334752951741961393928566628307174343542320349,BUY,0.0569999870467497,70.175437,3.999999,0x08f59812d4fa7ea7ce76805f886a38415d1d27fdd86428fc092a3b79291883ab,"{""proxyWallet"": ""0x5861043a6375133ddded93bc7f26c1adab88e73b"", ""side"": ""BUY"", ""asset"": ""18289842382539867639079362738467334752951741961393928566628307174343542320349"", ""conditionId"": ""0x61b66d02793b4a68ab0cc25be60d65f517fe18c7d654041281bb130341244fcc"", ""size"": 70.175437, ""price"": 0.0569999870467497, ""timestamp"": 1770924085, ""title"": ""Will Trump nominate Kevin Warsh as the next Fed chair?"", ""slug"": ""will-trump-nominate-kevin-warsh-as-the-next-fed-chair"", ""icon"": ""https://polymarket-upload.s3.us-east-2.amazonaws.com/will-trump-nominate-kevin-warsh-as-the-next-fed-chair-Bc-vVyyVjhsS.jpg"", ""eventSlug"": ""who-will-trump-nominate-as-fed-chair"", ""outcome"": ""No"", ""outcomeIndex"": 1, ""name"": ""MANFON0122"", ""pseudonym"": ""Entire-Buzzard"", ""bio"": """", ""profileImage"": """", ""profileImageOptimized"": """", ""transactionHash"": ""0x08f59812d4fa7ea7ce76805f886a38415d1d27fdd86428fc092a3b79291883ab""}"
1770923757,2026-02-14T02:01:55.367162,0x1dcf3be270ac730f370c373c03466210eca585131f10583b45ba102b2a805ae9:1770923757,572469,18289842382539867639079362738467334752951741961393928566628307174343542320349,SELL,0.05407739259722983,127.79,6.910550000000001,0x1dcf3be270ac730f370c373c03466210eca585131f10583b45ba102b2a805ae9,"{""proxyWallet"": ""0x1cd3867b7113e9ed7d0bb547d88aafdcb1745c96"", ""side"": ""SELL"", ""asset"": ""18289842382539867639079362738467334752951741961393928566628307174343542320349"", ""conditionId"": ""0x61b66d02793b4a68ab0cc25be60d65f517fe18c7d654041281bb130341244fcc"", ""size"": 127.79, ""price"": 0.05407739259722983, ""timestamp"": 1770923757, ""title"": ""Will Trump nominate Kevin Warsh as the next Fed chair?"", ""slug"": ""will-trump-nominate-kevin-warsh-as-the-next-fed-chair"", ""icon"": ""https://polymarket-upload.s3.us-east-2.amazonaws.com/will-trump-nominate-kevin-warsh-as-the-next-fed-chair-Bc-vVyyVjhsS.jpg"", ""eventSlug"": ""who-will-trump-nominate-as-fed-chair"", ""outcome"": ""No"", ""outcomeIndex"": 1, ""name"": ""0x1cd3867B7113E9ed7d0bb547D88aafDCB1745C96-1770405261431"", ""pseudonym"": ""Any-Commandment"", ""bio"": """", ""profileImage"": """", ""profileImageOptimized"": """", ""transactionHash"": ""0x1dcf3be270ac730f370c373c03466210eca585131f10583b45ba102b2a805ae9""}"
1770922861,2026-02-14T02:01:55.367222,0x0877bccf6c3d0242dbcc27661a9c43c2bb7dfa5ee8eca48013701839cd3b0949:1770922861,572469,18289842382539867639079362738467334752951741961393928566628307174343542320349,SELL,0.0556746345181182,144.33,8.03552,0x0877bccf6c3d0242dbcc27661a9c43c2bb7dfa5ee8eca48013701839cd3b0949,"{""proxyWallet"": ""0xd774b949e4afe95808ae5ac05e130f3eca8b82cd"", ""side"": ""SELL"", ""asset"": ""18289842382539867639079362738467334752951741961393928566628307174343542320349"", ""conditionId"": ""0x61b66d02793b4a68ab0cc25be60d65f517fe18c7d654041281bb130341244fcc"", ""size"": 144.33, ""price"": 0.0556746345181182, ""timestamp"": 1770922861, ""title"": ""Will Trump nominate Kevin Warsh as the next Fed chair?"", ""slug"": ""will-trump-nominate-kevin-warsh-as-the-next-fed-chair"", ""icon"": ""https://polymarket-upload.s3.us-east-2.amazonaws.com/will-trump-nominate-kevin-warsh-as-the-next-fed-chair-Bc-vVyyVjhsS.jpg"", ""eventSlug"": ""who-will-trump-nominate-as-fed-chair"", ""outcome"": ""No"", ""outcomeIndex"": 1, ""name"": ""DFY"", ""pseudonym"": """", ""bio"": """", ""profileImage"": ""https://polymarket-upload.s3.us-east-2.amazonaws.com/profile-image-124292-212ba884-529f-42f5-80e2-01c4368ded16.jpg"", ""profileImageOptimized"": """", ""transactionHash"": ""0x0877bccf6c3d0242dbcc27661a9c43c2bb7dfa5ee8eca48013701839cd3b0949""}"
1770922703,2026-02-14T02:01:55.367268,0x1c42990f3757183756839af82035240dcd9b5844d4311599a7c454206e06cc8b:1770922703,572469,18289842382539867639079362738467334752951741961393928566628307174343542320349,BUY,0.05892292338170782,169.713219,9.999999,0x1c42990f3757183756839af82035240dcd9b5844d4311599a7c454206e06cc8b,"{""proxyWallet"": ""0x263f7f02829e80892948b485f09e7fe5d1bfb621"", ""side"": ""BUY"", ""asset"": ""18289842382539867639079362738467334752951741961393928566628307174343542320349"", ""conditionId"": ""0x61b66d02793b4a68ab0cc25be60d65f517fe18c7d654041281bb130341244fcc"", ""size"": 169.713219, ""price"": 0.05892292338170782, ""timestamp"": 1770922703, ""title"": ""Will Trump nominate Kevin Warsh as the next Fed chair?"", ""slug"": ""will-trump-nominate-kevin-warsh-as-the-next-fed-chair"", ""icon"": ""https://polymarket-upload.s3.us-east-2.amazonaws.com/will-trump-nominate-kevin-warsh-as-the-next-fed-chair-Bc-vVyyVjhsS.jpg"", ""eventSlug"": ""who-will-trump-nominate-as-fed-chair"", ""outcome"": ""No"", ""outcomeIndex"": 1, ""name"": ""Mahmomar"", ""pseudonym"": ""Probable-Character"", ""bio"": """", ""profileImage"": """", ""profileImageOptimized"": """", ""transactionHash"": ""0x1c42990f3757183756839af82035240dcd9b5844d4311599a7c454206e06cc8b""}"
1770922439,2026-02-14T02:01:55.367307,0x4c6bfce84d93f2745d502e4de3c59532f5e17c6acc2e9b421fd07bb9580e1e58:1770922439,572469,18289842382539867639079362738467334752951741961393928566628307174343542320349,SELL,0.057,19.6,1.1172000000000002,0x4c6bfce84d93f2745d502e4de3c59532f5e17c6acc2e9b421fd07bb9580e1e58,"{""proxyWallet"": ""0xdba7a1ef598e3c10782a04f4ced3a7331af5206f"", ""side"": ""SELL"", ""asset"": ""18289842382539867639079362738467334752951741961393928566628307174343542320349"", ""conditionId"": ""0x61b66d02793b4a68ab0cc25be60d65f517fe18c7d654041281bb130341244fcc"", ""size"": 19.6, ""price"": 0.057, ""timestamp"": 1770922439, ""title"": ""Will Trump nominate Kevin Warsh as the next Fed chair?"", ""slug"": ""will-trump-nominate-kevin-warsh-as-the-next-fed-chair"", ""icon"": ""https://polymarket-upload.s3.us-east-2.amazonaws.com/will-trump-nominate-kevin-warsh-as-the-next-fed-chair-Bc-vVyyVjhsS.jpg"", ""eventSlug"": ""who-will-trump-nominate-as-fed-chair"", ""outcome"": ""No"", ""outcomeIndex"": 1, ""name"": ""0xDBA7a1Ef598e3c10782a04F4cEd3A7331aF5206f-1770896961242"", ""pseudonym"": ""Uniform-Appeal"", ""bio"": """", ""profileImage"": """", ""profileImageOptimized"": """", ""transactionHash"": ""0x4c6bfce84d93f2745d502e4de3c59532f5e17c6acc2e9b421fd07bb9580e1e58""}"
1770922349,2026-02-14T02:01:55.367360,0x504703d69e1d657540fcc8ccc6561eedf80ada30a0cfc613a54561ba8d6ccf40:1770922349,572469,18289842382539867639079362738467334752951741961393928566628307174343542320349,BUY,0.05899998939179978,84.745761,4.999999,0x504703d69e1d657540fcc8ccc6561eedf80ada30a0cfc613a54561ba8d6ccf40,"{""proxyWallet"": ""0x487a306521238ba7c826c71d4c2a67bb79195cfc"", ""side"": ""BUY"", ""asset"": ""18289842382539867639079362738467334752951741961393928566628307174343542320349"", ""conditionId"": ""0x61b66d02793b4a68ab0cc25be60d65f517fe18c7d654041281bb130341244fcc"", ""size"": 84.745761, ""price"": 0.05899998939179978, ""timestamp"": 1770922349, ""title"": ""Will Trump nominate Kevin Warsh as the next Fed chair?"", ""slug"": ""will-trump-nominate-kevin-warsh-as-the-next-fed-chair"", ""icon"": ""https://polymarket-upload.s3.us-east-2.amazonaws.com/will-trump-nominate-kevin-warsh-as-the-next-fed-chair-Bc-vVyyVjhsS.jpg"", ""eventSlug"": ""who-will-trump-nominate-as-fed-chair"", ""outcome"": ""No"", ""outcomeIndex"": 1, ""name"": ""jiulzouz"", ""pseudonym"": ""Loose-Havoc"", ""bio"": """", ""profileImage"": """", ""profileImageOptimized"": """", ""transactionHash"": ""0x504703d69e1d657540fcc8ccc6561eedf80ada30a0cfc613a54561ba8d6ccf40""}"
1770921053,2026-02-14T02:01:55.367415,0x769de3fb4134c9117f37a668ff234378f3110606a105db99876bc29f61ac0a17:1770921053,572469,18289842382539867639079362738467334752951741961393928566628307174343542320349,BUY,0.057999973725998764,34.482757,1.9999989999999999,0x769de3fb4134c9117f37a668ff234378f3110606a105db99876bc29f61ac0a17,"{""proxyWallet"": ""0xfdb4f2a68eefdfc6b4ff7a062979c5fb72decc2f"", ""side"": ""BUY"", ""asset"": ""18289842382539867639079362738467334752951741961393928566628307174343542320349"", ""conditionId"": ""0x61b66d02793b4a68ab0cc25be60d65f517fe18c7d654041281bb130341244fcc"", ""size"": 34.482757, ""price"": 0.057999973725998764, ""timestamp"": 1770921053, ""title"": ""Will Trump nominate Kevin Warsh as the next Fed chair?"", ""slug"": ""will-trump-nominate-kevin-warsh-as-the-next-fed-chair"", ""icon"": ""https://polymarket-upload.s3.us-east-2.amazonaws.com/will-trump-nominate-kevin-warsh-as-the-next-fed-chair-Bc-vVyyVjhsS.jpg"", ""eventSlug"": ""who-will-trump-nominate-as-fed-chair"", ""outcome"": ""No"", ""outcomeIndex"": 1, ""name"": ""Byakko974"", ""pseudonym"": ""Extroverted-Figurine"", ""bio"": """", ""profileImage"": ""https://polymarket-upload.s3.us-east-2.amazonaws.com/profile-image-5902547-cbb4bc5e-e532-414e-8616-9d562e9c0d8f.jpg"", ""profileImageOptimized"": """", ""transactionHash"": ""0x769de3fb4134c9117f37a668ff234378f3110606a105db99876bc29f61ac0a17""}"
1770920499,2026-02-14T02:01:55.367464,0x2c7edfd9bf3a5751c264020c616cc4ff31a6cab7b7a0b611760bea2f4830ed1e:1770920499,572469,18289842382539867639079362738467334752951741961393928566628307174343542320349,BUY,0.057425746213116594,17.413792,1.0,0x2c7edfd9bf3a5751c264020c616cc4ff31a6cab7b7a0b611760bea2f4830ed1e,"{""proxyWallet"": ""0x1bf703a32a68527c24e7476054744fd74dc95635"", ""side"": ""BUY"", ""asset"": ""18289842382539867639079362738467334752951741961393928566628307174343542320349"", ""conditionId"": ""0x61b66d02793b4a68ab0cc25be60d65f517fe18c7d654041281bb130341244fcc"", ""size"": 17.413792, ""price"": 0.057425746213116594, ""timestamp"": 1770920499, ""title"": ""Will Trump nominate Kevin Warsh as the next Fed chair?"", ""slug"": ""will-trump-nominate-kevin-warsh-as-the-next-fed-chair"", ""icon"": ""https://polymarket-upload.s3.us-east-2.amazonaws.com/will-trump-nominate-kevin-warsh-as-the-next-fed-chair-Bc-vVyyVjhsS.jpg"", ""eventSlug"": ""who-will-trump-nominate-as-fed-chair"", ""outcome"": ""No"", ""outcomeIndex"": 1, ""name"": ""oomer"", ""pseudonym"": ""Active-Ceremony"", ""bio"": """", ""profileImage"": ""https://polymarket-upload.s3.us-east-2.amazonaws.com/profile-image-2121436-be6e6b64-f1dc-449d-aefa-095bd4f37ab9.png"", ""profileImageOptimized"": """", ""transactionHash"": ""0x2c7edfd9bf3a5751c264020c616cc4ff31a6cab7b7a0b611760bea2f4830ed1e""}"
1770920055,2026-02-14T02:01:55.367516,0x38001c65a90fe618a07b3e3493dd92756ab7e3a319134bcccc0560b7b8a13f4d:1770920055,572469,18289842382539867639079362738467334752951741961393928566628307174343542320349,SELL,0.056,1250.0,70.0,0x38001c65a90fe618a07b3e3493dd92756ab7e3a319134bcccc0560b7b8a13f4d,"{""proxyWallet"": ""0xaf63382d9031fe2acfbee2e3cca0bef1f97f3fac"", ""side"": ""SELL"", ""asset"": ""18289842382539867639079362738467334752951741961393928566628307174343542320349"", ""conditionId"": ""0x61b66d02793b4a68ab0cc25be60d65f517fe18c7d654041281bb130341244fcc"", ""size"": 1250, ""price"": 0.056, ""timestamp"": 1770920055, ""title"": ""Will Trump nominate Kevin Warsh as the next Fed chair?"", ""slug"": ""will-trump-nominate-kevin-warsh-as-the-next-fed-chair"", ""icon"": ""https://polymarket-upload.s3.us-east-2.amazonaws.com/will-trump-nominate-kevin-warsh-as-the-next-fed-chair-Bc-vVyyVjhsS.jpg"", ""eventSlug"": ""who-will-trump-nominate-as-fed-chair"", ""outcome"": ""No"", ""outcomeIndex"": 1, ""name"": ""Tu-simple"", ""pseudonym"": ""Tragic-Photography"", ""bio"": """", ""profileImage"": """", ""profileImageOptimized"": """", ""transactionHash"": ""0x38001c65a90fe618a07b3e3493dd92756ab7e3a319134bcccc0560b7b8a13f4d""}"
1770919741,2026-02-14T02:01:55.367557,0x51b709533471a554b23b9706da9811339cc2f16e00e80715cf302015e267b58c:1770919741,572469,18289842382539867639079362738467334752951741961393928566628307174343542320349,BUY,0.059,2000.0,118.0,0x51b709533471a554b23b9706da9811339cc2f16e00e80715cf302015e267b58c,"{""proxyWallet"": ""0xb0f762245df7e33589f18c4c80ca3eafe8985d56"", ""side"": ""BUY"", ""asset"": ""18289842382539867639079362738467334752951741961393928566628307174343542320349"", ""conditionId"": ""0x61b66d02793b4a68ab0cc25be60d65f517fe18c7d654041281bb130341244fcc"", ""size"": 2000, ""price"": 0.059, ""timestamp"": 1770919741, ""title"": ""Will Trump nominate Kevin Warsh as the next Fed chair?"", ""slug"": ""will-trump-nominate-kevin-warsh-as-the-next-fed-chair"", ""icon"": ""https://polymarket-upload.s3.us-east-2.amazonaws.com/will-trump-nominate-kevin-warsh-as-the-next-fed-chair-Bc-vVyyVjhsS.jpg"", ""eventSlug"": ""who-will-trump-nominate-as-fed-chair"", ""outcome"": ""No"", ""outcomeIndex"": 1, ""name"": ""Vitrium"", ""pseudonym"": ""Well-Lit-Cope"", ""bio"": """", ""profileImage"": """", ""profileImageOptimized"": """", ""transactionHash"": ""0x51b709533471a554b23b9706da9811339cc2f16e00e80715cf302015e267b58c""}"
1770919711,2026-02-14T02:01:55.367595,0x9f9b48bdd81ac0d6e9b1b42d2279e64e7f20466164c8f6e1e3223bef64f0634b:1770919711,572469,18289842382539867639079362738467334752951741961393928566628307174343542320349,BUY,0.058,457.58,26.539640000000002,0x9f9b48bdd81ac0d6e9b1b42d2279e64e7f20466164c8f6e1e3223bef64f0634b,"{""proxyWallet"": ""0xb0f762245df7e33589f18c4c80ca3eafe8985d56"", ""side"": ""BUY"", ""asset"": ""18289842382539867639079362738467334752951741961393928566628307174343542320349"", ""conditionId"": ""0x61b66d02793b4a68ab0cc25be60d65f517fe18c7d654041281bb130341244fcc"", ""size"": 457.58, ""price"": 0.058, ""timestamp"": 1770919711, ""title"": ""Will Trump nominate Kevin Warsh as the next Fed chair?"", ""slug"": ""will-trump-nominate-kevin-warsh-as-the-next-fed-chair"", ""icon"": ""https://polymarket-upload.s3.us-east-2.amazonaws.com/will-trump-nominate-kevin-warsh-as-the-next-fed-chair-Bc-vVyyVjhsS.jpg"", ""eventSlug"": ""who-will-trump-nominate-as-fed-chair"", ""outcome"": ""No"", ""outcomeIndex"": 1, ""name"": ""Vitrium"", ""pseudonym"": ""Well-Lit-Cope"", ""bio"": """", ""profileImage"": """", ""profileImageOptimized"": """", ""transactionHash"": ""0x9f9b48bdd81ac0d6e9b1b42d2279e64e7f20466164c8f6e1e3223bef64f0634b""}"
1770919399,2026-02-14T02:01:55.367632,0x062b93cedabfca57ded92c8337f19054584938cb8bc982553cc445b8b29b6623:1770919399,572469,18289842382539867639079362738467334752951741961393928566628307174343542320349,BUY,0.057884220861271304,86.379309,4.999999000000001,0x062b93cedabfca57ded92c8337f19054584938cb8bc982553cc445b8b29b6623,"{""proxyWallet"": ""0x4e58766ad4fca3c3cb78dde95503bcb325fa3525"", ""side"": ""BUY"", ""asset"": ""18289842382539867639079362738467334752951741961393928566628307174343542320349"", ""conditionId"": ""0x61b66d02793b4a68ab0cc25be60d65f517fe18c7d654041281bb130341244fcc"", ""size"": 86.379309, ""price"": 0.057884220861271304, ""timestamp"": 1770919399, ""title"": ""Will Trump nominate Kevin Warsh as the next Fed chair?"", ""slug"": ""will-trump-nominate-kevin-warsh-as-the-next-fed-chair"", ""icon"": ""https://polymarket-upload.s3.us-east-2.amazonaws.com/will-trump-nominate-kevin-warsh-as-the-next-fed-chair-Bc-vVyyVjhsS.jpg"", ""eventSlug"": ""who-will-trump-nominate-as-fed-chair"", ""outcome"": ""No"", ""outcomeIndex"": 1, ""name"": ""0x4E58766Ad4fCa3C3cB78dde95503bcB325fa3525-1762513294352"", ""pseudonym"": ""Somber-Burglar"", ""bio"": """", ""profileImage"": """", ""profileImageOptimized"": """", ""transactionHash"": ""0x062b93cedabfca57ded92c8337f19054584938cb8bc982553cc445b8b29b6623""}"
1770918239,2026-02-14T02:01:55.367687,0xb67a5a5ccd3694ae83dd49b33a06a97cf16663d3113ded428fbd8cddba3b5bb0:1770918239,572469,18289842382539867639079362738467334752951741961393928566628307174343542320349,BUY,0.059548718782776566,1609.774332,95.859999,0xb67a5a5ccd3694ae83dd49b33a06a97cf16663d3113ded428fbd8cddba3b5bb0,"{""proxyWallet"": ""0xdbed0330711fb67475034e2f7ba6dd2d200b133f"", ""side"": ""BUY"", ""asset"": ""18289842382539867639079362738467334752951741961393928566628307174343542320349"", ""conditionId"": ""0x61b66d02793b4a68ab0cc25be60d65f517fe18c7d654041281bb130341244fcc"", ""size"": 1609.774332, ""price"": 0.059548718782776566, ""timestamp"": 1770918239, ""title"": ""Will Trump nominate Kevin Warsh as the next Fed chair?"", ""slug"": ""will-trump-nominate-kevin-warsh-as-the-next-fed-chair"", ""icon"": ""https://polymarket-upload.s3.us-east-2.amazonaws.com/will-trump-nominate-kevin-warsh-as-the-next-fed-chair-Bc-vVyyVjhsS.jpg"", ""eventSlug"": ""who-will-trump-nominate-as-fed-chair"", ""outcome"": ""No"", ""outcomeIndex"": 1, ""name"": ""dna1234"", ""pseudonym"": ""Immaculate-Decimal"", ""bio"": """", ""profileImage"": """", ""profileImageOptimized"": """", ""transactionHash"": ""0xb67a5a5ccd3694ae83dd49b33a06a97cf16663d3113ded428fbd8cddba3b5bb0""}"
1770918183,2026-02-14T02:01:55.367723,0x976b64a3fe778a3530ddd8d300a942da8ac7292a49c0a8461ff7149be846a8b6:1770918183,572469,18289842382539867639079362738467334752951741961393928566628307174343542320349,SELL,0.058,27.75,1.6095000000000002,0x976b64a3fe778a3530ddd8d300a942da8ac7292a49c0a8461ff7149be846a8b6,"{""proxyWallet"": ""0x0a6d26d31b28fd5a84c301f8b27296612f3b1d0a"", ""side"": ""SELL"", ""asset"": ""18289842382539867639079362738467334752951741961393928566628307174343542320349"", ""conditionId"": ""0x61b66d02793b4a68ab0cc25be60d65f517fe18c7d654041281bb130341244fcc"", ""size"": 27.75, ""price"": 0.058, ""timestamp"": 1770918183, ""title"": ""Will Trump nominate Kevin Warsh as the next Fed chair?"", ""slug"": ""will-trump-nominate-kevin-warsh-as-the-next-fed-chair"", ""icon"": ""https://polymarket-upload.s3.us-east-2.amazonaws.com/will-trump-nominate-kevin-warsh-as-the-next-fed-chair-Bc-vVyyVjhsS.jpg"", ""eventSlug"": ""who-will-trump-nominate-as-fed-chair"", ""outcome"": ""No"", ""outcomeIndex"": 1, ""name"": ""Bikesarethebest"", ""pseudonym"": ""Terrible-Ordinary"", ""bio"": """", ""profileImage"": """", ""profileImageOptimized"": """", ""transactionHash"": ""0x976b64a3fe778a3530ddd8d300a942da8ac7292a49c0a8461ff7149be846a8b6""}"
1770917311,2026-02-14T02:01:55.367770,0xee103f5e99026c41734c86bda0ee026979ac017274611ffd1ca07d2dcb31ded6:1770917311,572469,18289842382539867639079362738467334752951741961393928566628307174343542320349,SELL,0.058,11.3,0.6554000000000001,0xee103f5e99026c41734c86bda0ee026979ac017274611ffd1ca07d2dcb31ded6,"{""proxyWallet"": ""0x0b3492ec87748d0f32427e8be4cbc650ff67ffc3"", ""side"": ""SELL"", ""asset"": ""18289842382539867639079362738467334752951741961393928566628307174343542320349"", ""conditionId"": ""0x61b66d02793b4a68ab0cc25be60d65f517fe18c7d654041281bb130341244fcc"", ""size"": 11.3, ""price"": 0.058, ""timestamp"": 1770917311, ""title"": ""Will Trump nominate Kevin Warsh as the next Fed chair?"", ""slug"": ""will-trump-nominate-kevin-warsh-as-the-next-fed-chair"", ""icon"": ""https://polymarket-upload.s3.us-east-2.amazonaws.com/will-trump-nominate-kevin-warsh-as-the-next-fed-chair-Bc-vVyyVjhsS.jpg"", ""eventSlug"": ""who-will-trump-nominate-as-fed-chair"", ""outcome"": ""No"", ""outcomeIndex"": 1, ""name"": ""16r0ob"", ""pseudonym"": ""Joyful-Monsoon"", ""bio"": """", ""profileImage"": """", ""profileImageOptimized"": """", ""transactionHash"": ""0xee103f5e99026c41734c86bda0ee026979ac017274611ffd1ca07d2dcb31ded6""}"
1770916865,2026-02-14T02:01:55.367812,0xf28e44cb23b39152db0c107221dda89ab6251dd41d881b02865a387a9e568f58:1770916865,572469,18289842382539867639079362738467334752951741961393928566628307174343542320349,SELL,0.06,50.0,3.0,0xf28e44cb23b39152db0c107221dda89ab6251dd41d881b02865a387a9e568f58,"{""proxyWallet"": ""0xe7d25449736017c4860129627b538b1f0f26d5f5"", ""side"": ""SELL"", ""asset"": ""18289842382539867639079362738467334752951741961393928566628307174343542320349"", ""conditionId"": ""0x61b66d02793b4a68ab0cc25be60d65f517fe18c7d654041281bb130341244fcc"", ""size"": 50, ""price"": 0.06, ""timestamp"": 1770916865, ""title"": ""Will Trump nominate Kevin Warsh as the next Fed chair?"", ""slug"": ""will-trump-nominate-kevin-warsh-as-the-next-fed-chair"", ""icon"": ""https://polymarket-upload.s3.us-east-2.amazonaws.com/will-trump-nominate-kevin-warsh-as-the-next-fed-chair-Bc-vVyyVjhsS.jpg"", ""eventSlug"": ""who-will-trump-nominate-as-fed-chair"", ""outcome"": ""No"", ""outcomeIndex"": 1, ""name"": ""matssand - 32744"", ""pseudonym"": """", ""bio"": """", ""profileImage"": """", ""profileImageOptimized"": """", ""transactionHash"": ""0xf28e44cb23b39152db0c107221dda89ab6251dd41d881b02865a387a9e568f58""}"
1770916859,2026-02-14T02:01:55.367847,0x9ef18bee794beec7516ab7e04459e16a8c7c8bae674b38607fc8035fd73a3b08:1770916859,572469,18289842382539867639079362738467334752951741961393928566628307174343542320349,BUY,0.058667892156862744,57.12,3.35111,0x9ef18bee794beec7516ab7e04459e16a8c7c8bae674b38607fc8035fd73a3b08,"{""proxyWallet"": ""0xca8f0374e3fc79b485499cc0b038d4f7e783d963"", ""side"": ""BUY"", ""asset"": ""18289842382539867639079362738467334752951741961393928566628307174343542320349"", ""conditionId"": ""0x61b66d02793b4a68ab0cc25be60d65f517fe18c7d654041281bb130341244fcc"", ""size"": 57.12, ""price"": 0.058667892156862744, ""timestamp"": 1770916859, ""title"": ""Will Trump nominate Kevin Warsh as the next Fed chair?"", ""slug"": ""will-trump-nominate-kevin-warsh-as-the-next-fed-chair"", ""icon"": ""https://polymarket-upload.s3.us-east-2.amazonaws.com/will-trump-nominate-kevin-warsh-as-the-next-fed-chair-Bc-vVyyVjhsS.jpg"", ""eventSlug"": ""who-will-trump-nominate-as-fed-chair"", ""outcome"": ""No"", ""outcomeIndex"": 1, ""name"": ""ScottVan"", ""pseudonym"": ""Quirky-Jackfruit"", ""bio"": ""Xiao hong shu: Scott Van"", ""profileImage"": ""https://polymarket-upload.s3.us-east-2.amazonaws.com/pexels_mnannapaneni_28891953_0d0aab77-e6a2-4288-9554-65e8d94404dc_1734553189528.jpg"", ""profileImageOptimized"": """", ""transactionHash"": ""0x9ef18bee794beec7516ab7e04459e16a8c7c8bae674b38607fc8035fd73a3b08""}"
1770916683,2026-02-14T02:01:55.367888,0xf22a69f14fdc32d113d18d0453c018eb06b4194186f61f568d29b61a164ef958:1770916683,572469,18289842382539867639079362738467334752951741961393928566628307174343542320349,SELL,0.05926346904156064,1179.0,69.87163,0xf22a69f14fdc32d113d18d0453c018eb06b4194186f61f568d29b61a164ef958,"{""proxyWallet"": ""0x5ce66841348ced0fa43b595b2fa6cf06440a6d84"", ""side"": ""SELL"", ""asset"": ""18289842382539867639079362738467334752951741961393928566628307174343542320349"", ""conditionId"": ""0x61b66d02793b4a68ab0cc25be60d65f517fe18c7d654041281bb130341244fcc"", ""size"": 1179, ""price"": 0.05926346904156064, ""timestamp"": 1770916683, ""title"": ""Will Trump nominate Kevin Warsh as the next Fed chair?"", ""slug"": ""will-trump-nominate-kevin-warsh-as-the-next-fed-chair"", ""icon"": ""https://polymarket-upload.s3.us-east-2.amazonaws.com/will-trump-nominate-kevin-warsh-as-the-next-fed-chair-Bc-vVyyVjhsS.jpg"", ""eventSlug"": ""who-will-trump-nominate-as-fed-chair"", ""outcome"": ""No"", ""outcomeIndex"": 1, ""name"": """", ""pseudonym"": """", ""bio"": """", ""profileImage"": """", ""profileImageOptimized"": """", ""transactionHash"": ""0xf22a69f14fdc32d113d18d0453c018eb06b4194186f61f568d29b61a164ef958""}"
1770916643,2026-02-14T02:01:55.367921,0xaf1929b75039d81e47dfb384a188f78ea9426a4a495eff397253767845f0a309:1770916643,572469,18289842382539867639079362738467334752951741961393928566628307174343542320349,BUY,0.06141437557780141,1707.580644,104.86999899999999,0xaf1929b75039d81e47dfb384a188f78ea9426a4a495eff397253767845f0a309,"{""proxyWallet"": ""0x285aad213ea979ebdff0033170322bcaed2ec000"", ""side"": ""BUY"", ""asset"": ""18289842382539867639079362738467334752951741961393928566628307174343542320349"", ""conditionId"": ""0x61b66d02793b4a68ab0cc25be60d65f517fe18c7d654041281bb130341244fcc"", ""size"": 1707.580644, ""price"": 0.06141437557780141, ""timestamp"": 1770916643, ""title"": ""Will Trump nominate Kevin Warsh as the next Fed chair?"", ""slug"": ""will-trump-nominate-kevin-warsh-as-the-next-fed-chair"", ""icon"": ""https://polymarket-upload.s3.us-east-2.amazonaws.com/will-trump-nominate-kevin-warsh-as-the-next-fed-chair-Bc-vVyyVjhsS.jpg"", ""eventSlug"": ""who-will-trump-nominate-as-fed-chair"", ""outcome"": ""No"", ""outcomeIndex"": 1, ""name"": ""Unclesamy"", ""pseudonym"": ""Starchy-Exhibition"", ""bio"": """", ""profileImage"": """", ""profileImageOptimized"": """", ""transactionHash"": ""0xaf1929b75039d81e47dfb384a188f78ea9426a4a495eff397253767845f0a309""}"
1770916633,2026-02-14T02:01:55.367943,0xf0905f9e7daae21f8c0be8e6be0e6cdf44bf323388fca952c2abc5c603026376:1770916633,572469,18289842382539867639079362738467334752951741961393928566628307174343542320349,BUY,0.061,100.0,6.1,0xf0905f9e7daae21f8c0be8e6be0e6cdf44bf323388fca952c2abc5c603026376,"{""proxyWallet"": ""0xa7f7a91c91dfc33fe5a0be6f41e38a7b538c74eb"", ""side"": ""BUY"", ""asset"": ""18289842382539867639079362738467334752951741961393928566628307174343542320349"", ""conditionId"": ""0x61b66d02793b4a68ab0cc25be60d65f517fe18c7d654041281bb130341244fcc"", ""size"": 100, ""price"": 0.061, ""timestamp"": 1770916633, ""title"": ""Will Trump nominate Kevin Warsh as the next Fed chair?"", ""slug"": ""will-trump-nominate-kevin-warsh-as-the-next-fed-chair"", ""icon"": ""https://polymarket-upload.s3.us-east-2.amazonaws.com/will-trump-nominate-kevin-warsh-as-the-next-fed-chair-Bc-vVyyVjhsS.jpg"", ""eventSlug"": ""who-will-trump-nominate-as-fed-chair"", ""outcome"": ""No"", ""outcomeIndex"": 1, ""name"": ""QuadraticBillionaire"", ""pseudonym"": ""Frilly-Artery"", ""bio"": ""no risk no story"", ""profileImage"": """", ""profileImageOptimized"": """", ""transactionHash"": ""0xf0905f9e7daae21f8c0be8e6be0e6cdf44bf323388fca952c2abc5c603026376""}"
1770916277,2026-02-14T02:01:55.367968,0x003e4609841f71488cf8909578226cd1bccb6b6602306eedf6c40295b6718661:1770916277,572469,18289842382539867639079362738467334752951741961393928566628307174343542320349,BUY,0.06099997181799893,32.786884,1.999999,0x003e4609841f71488cf8909578226cd1bccb6b6602306eedf6c40295b6718661,"{""proxyWallet"": ""0x76a9d505c4626745f1d21639a12658fd012a2907"", ""side"": ""BUY"", ""asset"": ""18289842382539867639079362738467334752951741961393928566628307174343542320349"", ""conditionId"": ""0x61b66d02793b4a68ab0cc25be60d65f517fe18c7d654041281bb130341244fcc"", ""size"": 32.786884, ""price"": 0.06099997181799893, ""timestamp"": 1770916277, ""title"": ""Will Trump nominate Kevin Warsh as the next Fed chair?"", ""slug"": ""will-trump-nominate-kevin-warsh-as-the-next-fed-chair"", ""icon"": ""https://polymarket-upload.s3.us-east-2.amazonaws.com/will-trump-nominate-kevin-warsh-as-the-next-fed-chair-Bc-vVyyVjhsS.jpg"", ""eventSlug"": ""who-will-trump-nominate-as-fed-chair"", ""outcome"": ""No"", ""outcomeIndex"": 1, ""name"": ""Zeulive"", ""pseudonym"": ""Natural-Gaming"", ""bio"": """", ""profileImage"": """", ""profileImageOptimized"": """", ""transactionHash"": ""0x003e4609841f71488cf8909578226cd1bccb6b6602306eedf6c40295b6718661""}"
1770916159,2026-02-14T02:01:55.367989,0xc818a000f24797a143dd5f318f994be74db2a81bdeaec9427b3b1d3652224c4c:1770916159,572469,18289842382539867639079362738467334752951741961393928566628307174343542320349,BUY,0.06163205541492956,762.59016,46.999998999999995,0xc818a000f24797a143dd5f318f994be74db2a81bdeaec9427b3b1d3652224c4c,"{""proxyWallet"": ""0xc73943f7efd7240c20fab0d93b287dadfb454d16"", ""side"": ""BUY"", ""asset"": ""18289842382539867639079362738467334752951741961393928566628307174343542320349"", ""conditionId"": ""0x61b66d02793b4a68ab0cc25be60d65f517fe18c7d654041281bb130341244fcc"", ""size"": 762.59016, ""price"": 0.06163205541492956, ""timestamp"": 1770916159, ""title"": ""Will Trump nominate Kevin Warsh as the next Fed chair?"", ""slug"": ""will-trump-nominate-kevin-warsh-as-the-next-fed-chair"", ""icon"": ""https://polymarket-upload.s3.us-east-2.amazonaws.com/will-trump-nominate-kevin-warsh-as-the-next-fed-chair-Bc-vVyyVjhsS.jpg"", ""eventSlug"": ""who-will-trump-nominate-as-fed-chair"", ""outcome"": ""No"", ""outcomeIndex"": 1, ""name"": ""0xC73943F7eFd7240c20fAb0D93B287DADFB454d16-1770768089727"", ""pseudonym"": ""Well-Worn-Migrant"", ""bio"": """", ""profileImage"": """", ""profileImageOptimized"": """", ""transactionHash"": ""0xc818a000f24797a143dd5f318f994be74db2a81bdeaec9427b3b1d3652224c4c""}"
1770915681,2026-02-14T02:01:56.186254,0x3cbf1c5576e032ea9fa7f31b312ecb8e93a9b3c11f63e516a5add750f0e09e5e:1770915681,572469,18289842382539867639079362738467334752951741961393928566628307174343542320349,BUY,0.06143539530556137,813.863063,49.999999,0x3cbf1c5576e032ea9fa7f31b312ecb8e93a9b3c11f63e516a5add750f0e09e5e,"{""proxyWallet"": ""0x964f7872b19a77d533f206b5eb9d26e9c957a3d3"", ""side"": ""BUY"", ""asset"": ""18289842382539867639079362738467334752951741961393928566628307174343542320349"", ""conditionId"": ""0x61b66d02793b4a68ab0cc25be60d65f517fe18c7d654041281bb130341244fcc"", ""size"": 813.863063, ""price"": 0.06143539530556137, ""timestamp"": 1770915681, ""title"": ""Will Trump nominate Kevin Warsh as the next Fed chair?"", ""slug"": ""will-trump-nominate-kevin-warsh-as-the-next-fed-chair"", ""icon"": ""https://polymarket-upload.s3.us-east-2.amazonaws.com/will-trump-nominate-kevin-warsh-as-the-next-fed-chair-Bc-vVyyVjhsS.jpg"", ""eventSlug"": ""who-will-trump-nominate-as-fed-chair"", ""outcome"": ""No"", ""outcomeIndex"": 1, ""name"": ""JackUzi"", ""pseudonym"": ""Notable-Accusation"", ""bio"": """", ""profileImage"": """", ""profileImageOptimized"": """", ""transactionHash"": ""0x3cbf1c5576e032ea9fa7f31b312ecb8e93a9b3c11f63e516a5add750f0e09e5e""}"
1770915313,2026-02-14T02:01:56.186369,0xa0544c169897d0653b31b1834ed23d19333ed4bd7f53b83ea26eebae610f0e2c:1770915313,572469,18289842382539867639079362738467334752951741961393928566628307174343542320349,SELL,0.059,19.2,1.1327999999999998,0xa0544c169897d0653b31b1834ed23d19333ed4bd7f53b83ea26eebae610f0e2c,"{""proxyWallet"": ""0x0b3492ec87748d0f32427e8be4cbc650ff67ffc3"", ""side"": ""SELL"", ""asset"": ""18289842382539867639079362738467334752951741961393928566628307174343542320349"", ""conditionId"": ""0x61b66d02793b4a68ab0cc25be60d65f517fe18c7d654041281bb130341244fcc"", ""size"": 19.2, ""price"": 0.059, ""timestamp"": 1770915313, ""title"": ""Will Trump nominate Kevin Warsh as the next Fed chair?"", ""slug"": ""will-trump-nominate-kevin-warsh-as-the-next-fed-chair"", ""icon"": ""https://polymarket-upload.s3.us-east-2.amazonaws.com/will-trump-nominate-kevin-warsh-as-the-next-fed-chair-Bc-vVyyVjhsS.jpg"", ""eventSlug"": ""who-will-trump-nominate-as-fed-chair"", ""outcome"": ""No"", ""outcomeIndex"": 1, ""name"": ""16r0ob"", ""pseudonym"": ""Joyful-Monsoon"", ""bio"": """", ""profileImage"": """", ""profileImageOptimized"": """", ""transactionHash"": ""0xa0544c169897d0653b31b1834ed23d19333ed4bd7f53b83ea26eebae610f0e2c""}"
1770914555,2026-02-14T02:01:56.186442,0x1daa5ec6c6bbf43b6e05dcec30c58ca44be5c2e9f211f42aee46d71d1989e37a:1770914555,572469,18289842382539867639079362738467334752951741961393928566628307174343542320349,SELL,0.05811425,120.0,6.97371,0x1daa5ec6c6bbf43b6e05dcec30c58ca44be5c2e9f211f42aee46d71d1989e37a,"{""proxyWallet"": ""0x357b26dd920cd33b6de6bfb062742e0e3cce631d"", ""side"": ""SELL"", ""asset"": ""18289842382539867639079362738467334752951741961393928566628307174343542320349"", ""conditionId"": ""0x61b66d02793b4a68ab0cc25be60d65f517fe18c7d654041281bb130341244fcc"", ""size"": 120, ""price"": 0.05811425, ""timestamp"": 1770914555, ""title"": ""Will Trump nominate Kevin Warsh as the next Fed chair?"", ""slug"": ""will-trump-nominate-kevin-warsh-as-the-next-fed-chair"", ""icon"": ""https://polymarket-upload.s3.us-east-2.amazonaws.com/will-trump-nominate-kevin-warsh-as-the-next-fed-chair-Bc-vVyyVjhsS.jpg"", ""eventSlug"": ""who-will-trump-nominate-as-fed-chair"", ""outcome"": ""No"", ""outcomeIndex"": 1, ""name"": ""Ergauy"", ""pseudonym"": ""Snappy-Availability"", ""bio"": """", ""profileImage"": """", ""profileImageOptimized"": """", ""transactionHash"": ""0x1daa5ec6c6bbf43b6e05dcec30c58ca44be5c2e9f211f42aee46d71d1989e37a""}"
1770914473,2026-02-14T02:01:56.186484,0x8817d9a1653c4f2f3e570d23095d5dace0587358c808fb94616ad84f73ecbe18:1770914473,572469,18289842382539867639079362738467334752951741961393928566628307174343542320349,SELL,0.05857023333333333,300.0,17.57107,0x8817d9a1653c4f2f3e570d23095d5dace0587358c808fb94616ad84f73ecbe18,"{""proxyWallet"": ""0x8daabaf06214e2e0417932eb2a7f7ae367eb57b8"", ""side"": ""SELL"", ""asset"": ""18289842382539867639079362738467334752951741961393928566628307174343542320349"", ""conditionId"": ""0x61b66d02793b4a68ab0cc25be60d65f517fe18c7d654041281bb130341244fcc"", ""size"": 300, ""price"": 0.05857023333333333, ""timestamp"": 1770914473, ""title"": ""Will Trump nominate Kevin Warsh as the next Fed chair?"", ""slug"": ""will-trump-nominate-kevin-warsh-as-the-next-fed-chair"", ""icon"": ""https://polymarket-upload.s3.us-east-2.amazonaws.com/will-trump-nominate-kevin-warsh-as-the-next-fed-chair-Bc-vVyyVjhsS.jpg"", ""eventSlug"": ""who-will-trump-nominate-as-fed-chair"", ""outcome"": ""No"", ""outcomeIndex"": 1, ""name"": ""0x8DaabaF06214e2E0417932EB2a7f7Ae367Eb57B8-1770042729784"", ""pseudonym"": ""Pastel-Friction"", ""bio"": """", ""profileImage"": """", ""profileImageOptimized"": """", ""transactionHash"": ""0x8817d9a1653c4f2f3e570d23095d5dace0587358c808fb94616ad84f73ecbe18""}"
1770914119,2026-02-14T02:01:56.186531,0x07b4e1b83f88e80806ce986d049da6f03a60df01531fee305eaa17dbbce17b91:1770914119,572469,18289842382539867639079362738467334752951741961393928566628307174343542320349,SELL,0.057,28.57,1.62849,0x07b4e1b83f88e80806ce986d049da6f03a60df01531fee305eaa17dbbce17b91,"{""proxyWallet"": ""0xe1e24a2ae12c8af2f41ac91fea3928423e039629"", ""side"": ""SELL"", ""asset"": ""18289842382539867639079362738467334752951741961393928566628307174343542320349"", ""conditionId"": ""0x61b66d02793b4a68ab0cc25be60d65f517fe18c7d654041281bb130341244fcc"", ""size"": 28.57, ""price"": 0.057, ""timestamp"": 1770914119, ""title"": ""Will Trump nominate Kevin Warsh as the next Fed chair?"", ""slug"": ""will-trump-nominate-kevin-warsh-as-the-next-fed-chair"", ""icon"": ""https://polymarket-upload.s3.us-east-2.amazonaws.com/will-trump-nominate-kevin-warsh-as-the-next-fed-chair-Bc-vVyyVjhsS.jpg"", ""eventSlug"": ""who-will-trump-nominate-as-fed-chair"", ""outcome"": ""No"", ""outcomeIndex"": 1, ""name"": ""Bobic"", ""pseudonym"": ""Minty-Maternity"", ""bio"": """", ""profileImage"": """", ""profileImageOptimized"": """", ""transactionHash"": ""0x07b4e1b83f88e80806ce986d049da6f03a60df01531fee305eaa17dbbce17b91""}"
1770913615,2026-02-14T02:01:56.186567,0xd4753c9bcaf56cd711e910b03e33aec9388a35cd856a650fa6ad342f21cc5aec:1770913615,572469,18289842382539867639079362738467334752951741961393928566628307174343542320349,BUY,0.058,61.42,3.5623600000000004,0xd4753c9bcaf56cd711e910b03e33aec9388a35cd856a650fa6ad342f21cc5aec,"{""proxyWallet"": ""0x30cecdf29f069563ea21b8ae94492e41e53a6b2b"", ""side"": ""BUY"", ""asset"": ""18289842382539867639079362738467334752951741961393928566628307174343542320349"", ""conditionId"": ""0x61b66d02793b4a68ab0cc25be60d65f517fe18c7d654041281bb130341244fcc"", ""size"": 61.42, ""price"": 0.058, ""timestamp"": 1770913615, ""title"": ""Will Trump nominate Kevin Warsh as the next Fed chair?"", ""slug"": ""will-trump-nominate-kevin-warsh-as-the-next-fed-chair"", ""icon"": ""https://polymarket-upload.s3.us-east-2.amazonaws.com/will-trump-nominate-kevin-warsh-as-the-next-fed-chair-Bc-vVyyVjhsS.jpg"", ""eventSlug"": ""who-will-trump-nominate-as-fed-chair"", ""outcome"": ""No"", ""outcomeIndex"": 1, ""name"": ""ZXWP"", ""pseudonym"": ""Well-Documented-Hit"", ""bio"": """", ""profileImage"": """", ""profileImageOptimized"": """", ""transactionHash"": ""0xd4753c9bcaf56cd711e910b03e33aec9388a35cd856a650fa6ad342f21cc5aec""}"
1770913427,2026-02-14T02:01:56.186603,0xae7c6bc3e3926701355854c122004444b21fd8267bbcbfccb0f745980050d9e9:1770913427,572469,18289842382539867639079362738467334752951741961393928566628307174343542320349,SELL,0.057,41.42,2.3609400000000003,0xae7c6bc3e3926701355854c122004444b21fd8267bbcbfccb0f745980050d9e9,"{""proxyWallet"": ""0x4207c4f53b785c6d0d48512a497ebd845c29b81b"", ""side"": ""SELL"", ""asset"": ""18289842382539867639079362738467334752951741961393928566628307174343542320349"", ""conditionId"": ""0x61b66d02793b4a68ab0cc25be60d65f517fe18c7d654041281bb130341244fcc"", ""size"": 41.42, ""price"": 0.057, ""timestamp"": 1770913427, ""title"": ""Will Trump nominate Kevin Warsh as the next Fed chair?"", ""slug"": ""will-trump-nominate-kevin-warsh-as-the-next-fed-chair"", ""icon"": ""https://polymarket-upload.s3.us-east-2.amazonaws.com/will-trump-nominate-kevin-warsh-as-the-next-fed-chair-Bc-vVyyVjhsS.jpg"", ""eventSlug"": ""who-will-trump-nominate-as-fed-chair"", ""outcome"": ""No"", ""outcomeIndex"": 1, ""name"": ""0x4207c4f53b785c6dOd48512a497ebd845c29b81b"", ""pseudonym"": ""Wonderful-Disgust"", ""bio"": """", ""profileImage"": """", ""profileImageOptimized"": """", ""transactionHash"": ""0xae7c6bc3e3926701355854c122004444b21fd8267bbcbfccb0f745980050d9e9""}"
1770912783,2026-02-14T02:01:56.186649,0xa8e7e385fb16fcebc3aa9391efa919ce777727312a194bade47a088af6a55804:1770912783,572469,18289842382539867639079362738467334752951741961393928566628307174343542320349,BUY,0.058,9.99,0.57942,0xa8e7e385fb16fcebc3aa9391efa919ce777727312a194bade47a088af6a55804,"{""proxyWallet"": ""0x30cecdf29f069563ea21b8ae94492e41e53a6b2b"", ""side"": ""BUY"", ""asset"": ""18289842382539867639079362738467334752951741961393928566628307174343542320349"", ""conditionId"": ""0x61b66d02793b4a68ab0cc25be60d65f517fe18c7d654041281bb130341244fcc"", ""size"": 9.99, ""price"": 0.058, ""timestamp"": 1770912783, ""title"": ""Will Trump nominate Kevin Warsh as the next Fed chair?"", ""slug"": ""will-trump-nominate-kevin-warsh-as-the-next-fed-chair"", ""icon"": ""https://polymarket-upload.s3.us-east-2.amazonaws.com/will-trump-nominate-kevin-warsh-as-the-next-fed-chair-Bc-vVyyVjhsS.jpg"", ""eventSlug"": ""who-will-trump-nominate-as-fed-chair"", ""outcome"": ""No"", ""outcomeIndex"": 1, ""name"": ""ZXWP"", ""pseudonym"": ""Well-Documented-Hit"", ""bio"": """", ""profileImage"": """", ""profileImageOptimized"": """", ""transactionHash"": ""0xa8e7e385fb16fcebc3aa9391efa919ce777727312a194bade47a088af6a55804""}"
1770912469,2026-02-14T02:01:56.186693,0x28920255efa02b5e2a2823638c4e55441e5f849efb473d5dd7ebccb23b1b3f4f:1770912469,572469,18289842382539867639079362738467334752951741961393928566628307174343542320349,BUY,0.0597075815789248,1674.829165,99.99999900000002,0x28920255efa02b5e2a2823638c4e55441e5f849efb473d5dd7ebccb23b1b3f4f,"{""proxyWallet"": ""0x362913f6d3c8a9302d0c02ef3f849ef3057a7276"", ""side"": ""BUY"", ""asset"": ""18289842382539867639079362738467334752951741961393928566628307174343542320349"", ""conditionId"": ""0x61b66d02793b4a68ab0cc25be60d65f517fe18c7d654041281bb130341244fcc"", ""size"": 1674.829165, ""price"": 0.0597075815789248, ""timestamp"": 1770912469, ""title"": ""Will Trump nominate Kevin Warsh as the next Fed chair?"", ""slug"": ""will-trump-nominate-kevin-warsh-as-the-next-fed-chair"", ""icon"": ""https://polymarket-upload.s3.us-east-2.amazonaws.com/will-trump-nominate-kevin-warsh-as-the-next-fed-chair-Bc-vVyyVjhsS.jpg"", ""eventSlug"": ""who-will-trump-nominate-as-fed-chair"", ""outcome"": ""No"", ""outcomeIndex"": 1, ""name"": ""0x362913F6D3C8A9302d0c02eF3f849eF3057A7276-1770752867999"", ""pseudonym"": ""Irresponsible-Doubt"", ""bio"": """", ""profileImage"": """", ""profileImageOptimized"": """", ""transactionHash"": ""0x28920255efa02b5e2a2823638c4e55441e5f849efb473d5dd7ebccb23b1b3f4f""}"
1770912293,2026-02-14T02:01:56.186735,0x45f3d56d17f470751ad1684b2558d7fb00716cc0d2e2f6bdf3ff0e74841205ca:1770912293,572469,18289842382539867639079362738467334752951741961393928566628307174343542320349,SELL,0.057,90.95,5.184150000000001,0x45f3d56d17f470751ad1684b2558d7fb00716cc0d2e2f6bdf3ff0e74841205ca,"{""proxyWallet"": ""0x4207c4f53b785c6d0d48512a497ebd845c29b81b"", ""side"": ""SELL"", ""asset"": ""18289842382539867639079362738467334752951741961393928566628307174343542320349"", ""conditionId"": ""0x61b66d02793b4a68ab0cc25be60d65f517fe18c7d654041281bb130341244fcc"", ""size"": 90.95, ""price"": 0.057, ""timestamp"": 1770912293, ""title"": ""Will Trump nominate Kevin Warsh as the next Fed chair?"", ""slug"": ""will-trump-nominate-kevin-warsh-as-the-next-fed-chair"", ""icon"": ""https://polymarket-upload.s3.us-east-2.amazonaws.com/will-trump-nominate-kevin-warsh-as-the-next-fed-chair-Bc-vVyyVjhsS.jpg"", ""eventSlug"": ""who-will-trump-nominate-as-fed-chair"", ""outcome"": ""No"", ""outcomeIndex"": 1, ""name"": ""0x4207c4f53b785c6dOd48512a497ebd845c29b81b"", ""pseudonym"": ""Wonderful-Disgust"", ""bio"": """", ""profileImage"": """", ""profileImageOptimized"": """", ""transactionHash"": ""0x45f3d56d17f470751ad1684b2558d7fb00716cc0d2e2f6bdf3ff0e74841205ca""}"
1770912091,2026-02-14T02:01:56.186776,0xa522b1bda89f67a67fadbec0df8809e9617139a0b411cd0cabb5508dfda83092:1770912091,572469,18289842382539867639079362738467334752951741961393928566628307174343542320349,SELL,0.057,100.0,5.7,0xa522b1bda89f67a67fadbec0df8809e9617139a0b411cd0cabb5508dfda83092,"{""proxyWallet"": ""0x4207c4f53b785c6d0d48512a497ebd845c29b81b"", ""side"": ""SELL"", ""asset"": ""18289842382539867639079362738467334752951741961393928566628307174343542320349"", ""conditionId"": ""0x61b66d02793b4a68ab0cc25be60d65f517fe18c7d654041281bb130341244fcc"", ""size"": 100, ""price"": 0.057, ""timestamp"": 1770912091, ""title"": ""Will Trump nominate Kevin Warsh as the next Fed chair?"", ""slug"": ""will-trump-nominate-kevin-warsh-as-the-next-fed-chair"", ""icon"": ""https://polymarket-upload.s3.us-east-2.amazonaws.com/will-trump-nominate-kevin-warsh-as-the-next-fed-chair-Bc-vVyyVjhsS.jpg"", ""eventSlug"": ""who-will-trump-nominate-as-fed-chair"", ""outcome"": ""No"", ""outcomeIndex"": 1, ""name"": ""0x4207c4f53b785c6dOd48512a497ebd845c29b81b"", ""pseudonym"": ""Wonderful-Disgust"", ""bio"": """", ""profileImage"": """", ""profileImageOptimized"": """", ""transactionHash"": ""0xa522b1bda89f67a67fadbec0df8809e9617139a0b411cd0cabb5508dfda83092""}"
1770911697,2026-02-14T02:01:56.186813,0x4d15f67127f3a69d044845e6219f2eb59b6374743d264368a71f708d1fdbca59:1770911697,572469,18289842382539867639079362738467334752951741961393928566628307174343542320349,SELL,0.057,5.45,0.31065000000000004,0x4d15f67127f3a69d044845e6219f2eb59b6374743d264368a71f708d1fdbca59,"{""proxyWallet"": ""0x4207c4f53b785c6d0d48512a497ebd845c29b81b"", ""side"": ""SELL"", ""asset"": ""18289842382539867639079362738467334752951741961393928566628307174343542320349"", ""conditionId"": ""0x61b66d02793b4a68ab0cc25be60d65f517fe18c7d654041281bb130341244fcc"", ""size"": 5.45, ""price"": 0.057, ""timestamp"": 1770911697, ""title"": ""Will Trump nominate Kevin Warsh as the next Fed chair?"", ""slug"": ""will-trump-nominate-kevin-warsh-as-the-next-fed-chair"", ""icon"": ""https://polymarket-upload.s3.us-east-2.amazonaws.com/will-trump-nominate-kevin-warsh-as-the-next-fed-chair-Bc-vVyyVjhsS.jpg"", ""eventSlug"": ""who-will-trump-nominate-as-fed-chair"", ""outcome"": ""No"", ""outcomeIndex"": 1, ""name"": ""0x4207c4f53b785c6dOd48512a497ebd845c29b81b"", ""pseudonym"": ""Wonderful-Disgust"", ""bio"": """", ""profileImage"": """", ""profileImageOptimized"": """", ""transactionHash"": ""0x4d15f67127f3a69d044845e6219f2eb59b6374743d264368a71f708d1fdbca59""}"
1770911671,2026-02-14T02:01:56.186849,0xa2f435ccd95e2dccb0d4990b2bc2017dd59d565dd4f9c84b4191efec84788d23:1770911671,572469,18289842382539867639079362738467334752951741961393928566628307174343542320349,SELL,0.057,74.55,4.24935,0xa2f435ccd95e2dccb0d4990b2bc2017dd59d565dd4f9c84b4191efec84788d23,"{""proxyWallet"": ""0x4207c4f53b785c6d0d48512a497ebd845c29b81b"", ""side"": ""SELL"", ""asset"": ""18289842382539867639079362738467334752951741961393928566628307174343542320349"", ""conditionId"": ""0x61b66d02793b4a68ab0cc25be60d65f517fe18c7d654041281bb130341244fcc"", ""size"": 74.55, ""price"": 0.057, ""timestamp"": 1770911671, ""title"": ""Will Trump nominate Kevin Warsh as the next Fed chair?"", ""slug"": ""will-trump-nominate-kevin-warsh-as-the-next-fed-chair"", ""icon"": ""https://polymarket-upload.s3.us-east-2.amazonaws.com/will-trump-nominate-kevin-warsh-as-the-next-fed-chair-Bc-vVyyVjhsS.jpg"", ""eventSlug"": ""who-will-trump-nominate-as-fed-chair"", ""outcome"": ""No"", ""outcomeIndex"": 1, ""name"": ""0x4207c4f53b785c6dOd48512a497ebd845c29b81b"", ""pseudonym"": ""Wonderful-Disgust"", ""bio"": """", ""profileImage"": """", ""profileImageOptimized"": """", ""transactionHash"": ""0xa2f435ccd95e2dccb0d4990b2bc2017dd59d565dd4f9c84b4191efec84788d23""}"
1770911597,2026-02-14T02:01:56.186887,0xe50bb19baaeb2ca472570fe8fe54bef593859234b53fa0ed72ec99c55faaf584:1770911597,572469,18289842382539867639079362738467334752951741961393928566628307174343542320349,SELL,0.057,10.95,0.62415,0xe50bb19baaeb2ca472570fe8fe54bef593859234b53fa0ed72ec99c55faaf584,"{""proxyWallet"": ""0x4207c4f53b785c6d0d48512a497ebd845c29b81b"", ""side"": ""SELL"", ""asset"": ""18289842382539867639079362738467334752951741961393928566628307174343542320349"", ""conditionId"": ""0x61b66d02793b4a68ab0cc25be60d65f517fe18c7d654041281bb130341244fcc"", ""size"": 10.95, ""price"": 0.057, ""timestamp"": 1770911597, ""title"": ""Will Trump nominate Kevin Warsh as the next Fed chair?"", ""slug"": ""will-trump-nominate-kevin-warsh-as-the-next-fed-chair"", ""icon"": ""https://polymarket-upload.s3.us-east-2.amazonaws.com/will-trump-nominate-kevin-warsh-as-the-next-fed-chair-Bc-vVyyVjhsS.jpg"", ""eventSlug"": ""who-will-trump-nominate-as-fed-chair"", ""outcome"": ""No"", ""outcomeIndex"": 1, ""name"": ""0x4207c4f53b785c6dOd48512a497ebd845c29b81b"", ""pseudonym"": ""Wonderful-Disgust"", ""bio"": """", ""profileImage"": """", ""profileImageOptimized"": """", ""transactionHash"": ""0xe50bb19baaeb2ca472570fe8fe54bef593859234b53fa0ed72ec99c55faaf584""}"
1770911593,2026-02-14T02:01:56.186919,0xacfa04701a8c3be58c651bccad7c122e682766cff8e4f106882efd14be680a5e:1770911593,572469,18289842382539867639079362738467334752951741961393928566628307174343542320349,SELL,0.058,73.03,4.23574,0xacfa04701a8c3be58c651bccad7c122e682766cff8e4f106882efd14be680a5e,"{""proxyWallet"": ""0x4207c4f53b785c6d0d48512a497ebd845c29b81b"", ""side"": ""SELL"", ""asset"": ""18289842382539867639079362738467334752951741961393928566628307174343542320349"", ""conditionId"": ""0x61b66d02793b4a68ab0cc25be60d65f517fe18c7d654041281bb130341244fcc"", ""size"": 73.03, ""price"": 0.058, ""timestamp"": 1770911593, ""title"": ""Will Trump nominate Kevin Warsh as the next Fed chair?"", ""slug"": ""will-trump-nominate-kevin-warsh-as-the-next-fed-chair"", ""icon"": ""https://polymarket-upload.s3.us-east-2.amazonaws.com/will-trump-nominate-kevin-warsh-as-the-next-fed-chair-Bc-vVyyVjhsS.jpg"", ""eventSlug"": ""who-will-trump-nominate-as-fed-chair"", ""outcome"": ""No"", ""outcomeIndex"": 1, ""name"": ""0x4207c4f53b785c6dOd48512a497ebd845c29b81b"", ""pseudonym"": ""Wonderful-Disgust"", ""bio"": """", ""profileImage"": """", ""profileImageOptimized"": """", ""transactionHash"": ""0xacfa04701a8c3be58c651bccad7c122e682766cff8e4f106882efd14be680a5e""}"
1770911561,2026-02-14T02:01:56.186954,0xe379118022ad769c4418f3a1abee10361770db5dfa8bf99ad86849c62a9a8655:1770911561,572469,18289842382539867639079362738467334752951741961393928566628307174343542320349,BUY,0.058999997371549984,338.983049,19.999999,0xe379118022ad769c4418f3a1abee10361770db5dfa8bf99ad86849c62a9a8655,"{""proxyWallet"": ""0x3af78776baf3786e15c4c1700c8f2641fb4de793"", ""side"": ""BUY"", ""asset"": ""18289842382539867639079362738467334752951741961393928566628307174343542320349"", ""conditionId"": ""0x61b66d02793b4a68ab0cc25be60d65f517fe18c7d654041281bb130341244fcc"", ""size"": 338.983049, ""price"": 0.058999997371549984, ""timestamp"": 1770911561, ""title"": ""Will Trump nominate Kevin Warsh as the next Fed chair?"", ""slug"": ""will-trump-nominate-kevin-warsh-as-the-next-fed-chair"", ""icon"": ""https://polymarket-upload.s3.us-east-2.amazonaws.com/will-trump-nominate-kevin-warsh-as-the-next-fed-chair-Bc-vVyyVjhsS.jpg"", ""eventSlug"": ""who-will-trump-nominate-as-fed-chair"", ""outcome"": ""No"", ""outcomeIndex"": 1, ""name"": ""Mike.Ehrmantraut"", ""pseudonym"": ""Mild-Bunkhouse"", ""bio"": """", ""profileImage"": """", ""profileImageOptimized"": """", ""transactionHash"": ""0xe379118022ad769c4418f3a1abee10361770db5dfa8bf99ad86849c62a9a8655""}"
1770911457,2026-02-14T02:01:56.186995,0xe39d2deb673bea2987a0a9bcf6c9d2ba8c8eed868f079005028f947aeb8e8e96:1770911457,572469,18289842382539867639079362738467334752951741961393928566628307174343542320349,SELL,0.056,42.65,2.3884,0xe39d2deb673bea2987a0a9bcf6c9d2ba8c8eed868f079005028f947aeb8e8e96,"{""proxyWallet"": ""0xa64f1cf9fb3ca7f6d6540c6441ff6a9c24657121"", ""side"": ""SELL"", ""asset"": ""18289842382539867639079362738467334752951741961393928566628307174343542320349"", ""conditionId"": ""0x61b66d02793b4a68ab0cc25be60d65f517fe18c7d654041281bb130341244fcc"", ""size"": 42.65, ""price"": 0.056, ""timestamp"": 1770911457, ""title"": ""Will Trump nominate Kevin Warsh as the next Fed chair?"", ""slug"": ""will-trump-nominate-kevin-warsh-as-the-next-fed-chair"", ""icon"": ""https://polymarket-upload.s3.us-east-2.amazonaws.com/will-trump-nominate-kevin-warsh-as-the-next-fed-chair-Bc-vVyyVjhsS.jpg"", ""eventSlug"": ""who-will-trump-nominate-as-fed-chair"", ""outcome"": ""No"", ""outcomeIndex"": 1, ""name"": ""Musashiiii"", ""pseudonym"": ""Wiggly-Pear"", ""bio"": """", ""profileImage"": """", ""profileImageOptimized"": """", ""transactionHash"": ""0xe39d2deb673bea2987a0a9bcf6c9d2ba8c8eed868f079005028f947aeb8e8e96""}"
1770911275,2026-02-14T02:01:56.187036,0x215f6b6abb632ca3e4ec2a6f2e166b43925d13f5b2093819f65408f23d090d93:1770911275,572469,18289842382539867639079362738467334752951741961393928566628307174343542320349,SELL,0.057,38.7,2.2059,0x215f6b6abb632ca3e4ec2a6f2e166b43925d13f5b2093819f65408f23d090d93,"{""proxyWallet"": ""0x5399f75f154d697dafacf1385a0b5409ecc09f15"", ""side"": ""SELL"", ""asset"": ""18289842382539867639079362738467334752951741961393928566628307174343542320349"", ""conditionId"": ""0x61b66d02793b4a68ab0cc25be60d65f517fe18c7d654041281bb130341244fcc"", ""size"": 38.7, ""price"": 0.057, ""timestamp"": 1770911275, ""title"": ""Will Trump nominate Kevin Warsh as the next Fed chair?"", ""slug"": ""will-trump-nominate-kevin-warsh-as-the-next-fed-chair"", ""icon"": ""https://polymarket-upload.s3.us-east-2.amazonaws.com/will-trump-nominate-kevin-warsh-as-the-next-fed-chair-Bc-vVyyVjhsS.jpg"", ""eventSlug"": ""who-will-trump-nominate-as-fed-chair"", ""outcome"": ""No"", ""outcomeIndex"": 1, ""name"": """", ""pseudonym"": """", ""bio"": """", ""profileImage"": """", ""profileImageOptimized"": """", ""transactionHash"": ""0x215f6b6abb632ca3e4ec2a6f2e166b43925d13f5b2093819f65408f23d090d93""}"
1770911259,2026-02-14T02:01:56.187067,0x1a8cea3146b916276bc5c0a6070df03f405465b65acc3f339aac64c23d47753a:1770911259,572469,18289842382539867639079362738467334752951741961393928566628307174343542320349,SELL,0.058,32.67,1.8948600000000002,0x1a8cea3146b916276bc5c0a6070df03f405465b65acc3f339aac64c23d47753a,"{""proxyWallet"": ""0x4207c4f53b785c6d0d48512a497ebd845c29b81b"", ""side"": ""SELL"", ""asset"": ""18289842382539867639079362738467334752951741961393928566628307174343542320349"", ""conditionId"": ""0x61b66d02793b4a68ab0cc25be60d65f517fe18c7d654041281bb130341244fcc"", ""size"": 32.67, ""price"": 0.058, ""timestamp"": 1770911259, ""title"": ""Will Trump nominate Kevin Warsh as the next Fed chair?"", ""slug"": ""will-trump-nominate-kevin-warsh-as-the-next-fed-chair"", ""icon"": ""https://polymarket-upload.s3.us-east-2.amazonaws.com/will-trump-nominate-kevin-warsh-as-the-next-fed-chair-Bc-vVyyVjhsS.jpg"", ""eventSlug"": ""who-will-trump-nominate-as-fed-chair"", ""outcome"": ""No"", ""outcomeIndex"": 1, ""name"": ""0x4207c4f53b785c6dOd48512a497ebd845c29b81b"", ""pseudonym"": ""Wonderful-Disgust"", ""bio"": """", ""profileImage"": """", ""profileImageOptimized"": """", ""transactionHash"": ""0x1a8cea3146b916276bc5c0a6070df03f405465b65acc3f339aac64c23d47753a""}"
1770911133,2026-02-14T02:01:56.187105,0x80751e9139855bae22181e71de0fd5b41220a272bf272b2521cb07147d07ed0c:1770911133,572469,18289842382539867639079362738467334752951741961393928566628307174343542320349,BUY,0.058,1.8,0.1044,0x80751e9139855bae22181e71de0fd5b41220a272bf272b2521cb07147d07ed0c,"{""proxyWallet"": ""0x30cecdf29f069563ea21b8ae94492e41e53a6b2b"", ""side"": ""BUY"", ""asset"": ""18289842382539867639079362738467334752951741961393928566628307174343542320349"", ""conditionId"": ""0x61b66d02793b4a68ab0cc25be60d65f517fe18c7d654041281bb130341244fcc"", ""size"": 1.8, ""price"": 0.058, ""timestamp"": 1770911133, ""title"": ""Will Trump nominate Kevin Warsh as the next Fed chair?"", ""slug"": ""will-trump-nominate-kevin-warsh-as-the-next-fed-chair"", ""icon"": ""https://polymarket-upload.s3.us-east-2.amazonaws.com/will-trump-nominate-kevin-warsh-as-the-next-fed-chair-Bc-vVyyVjhsS.jpg"", ""eventSlug"": ""who-will-trump-nominate-as-fed-chair"", ""outcome"": ""No"", ""outcomeIndex"": 1, ""name"": ""ZXWP"", ""pseudonym"": ""Well-Documented-Hit"", ""bio"": """", ""profileImage"": """", ""profileImageOptimized"": """", ""transactionHash"": ""0x80751e9139855bae22181e71de0fd5b41220a272bf272b2521cb07147d07ed0c""}"
1770911119,2026-02-14T02:01:56.187138,0x28892e118adcadc81d39b678a3e745b67b99589435c19a6e6705107fe5cfb0f9:1770911119,572469,18289842382539867639079362738467334752951741961393928566628307174343542320349,BUY,0.058,16.18,0.93844,0x28892e118adcadc81d39b678a3e745b67b99589435c19a6e6705107fe5cfb0f9,"{""proxyWallet"": ""0x30cecdf29f069563ea21b8ae94492e41e53a6b2b"", ""side"": ""BUY"", ""asset"": ""18289842382539867639079362738467334752951741961393928566628307174343542320349"", ""conditionId"": ""0x61b66d02793b4a68ab0cc25be60d65f517fe18c7d654041281bb130341244fcc"", ""size"": 16.18, ""price"": 0.058, ""timestamp"": 1770911119, ""title"": ""Will Trump nominate Kevin Warsh as the next Fed chair?"", ""slug"": ""will-trump-nominate-kevin-warsh-as-the-next-fed-chair"", ""icon"": ""https://polymarket-upload.s3.us-east-2.amazonaws.com/will-trump-nominate-kevin-warsh-as-the-next-fed-chair-Bc-vVyyVjhsS.jpg"", ""eventSlug"": ""who-will-trump-nominate-as-fed-chair"", ""outcome"": ""No"", ""outcomeIndex"": 1, ""name"": ""ZXWP"", ""pseudonym"": ""Well-Documented-Hit"", ""bio"": """", ""profileImage"": """", ""profileImageOptimized"": """", ""transactionHash"": ""0x28892e118adcadc81d39b678a3e745b67b99589435c19a6e6705107fe5cfb0f9""}"
1770911111,2026-02-14T02:01:56.187168,0xa337a7d6cb436d9f2056d839076b8731904326d610babd11fc2e620bee8c17eb:1770911111,572469,18289842382539867639079362738467334752951741961393928566628307174343542320349,BUY,0.058,145.68,8.449440000000001,0xa337a7d6cb436d9f2056d839076b8731904326d610babd11fc2e620bee8c17eb,"{""proxyWallet"": ""0x30cecdf29f069563ea21b8ae94492e41e53a6b2b"", ""side"": ""BUY"", ""asset"": ""18289842382539867639079362738467334752951741961393928566628307174343542320349"", ""conditionId"": ""0x61b66d02793b4a68ab0cc25be60d65f517fe18c7d654041281bb130341244fcc"", ""size"": 145.68, ""price"": 0.058, ""timestamp"": 1770911111, ""title"": ""Will Trump nominate Kevin Warsh as the next Fed chair?"", ""slug"": ""will-trump-nominate-kevin-warsh-as-the-next-fed-chair"", ""icon"": ""https://polymarket-upload.s3.us-east-2.amazonaws.com/will-trump-nominate-kevin-warsh-as-the-next-fed-chair-Bc-vVyyVjhsS.jpg"", ""eventSlug"": ""who-will-trump-nominate-as-fed-chair"", ""outcome"": ""No"", ""outcomeIndex"": 1, ""name"": ""ZXWP"", ""pseudonym"": ""Well-Documented-Hit"", ""bio"": """", ""profileImage"": """", ""profileImageOptimized"": """", ""transactionHash"": ""0xa337a7d6cb436d9f2056d839076b8731904326d610babd11fc2e620bee8c17eb""}"
1770911069,2026-02-14T02:01:56.187203,0x58f6ad045b5ad3e00186bdc84be2e3e985b58d7382c4b0f83eecb9b0136f3469:1770911069,572469,18289842382539867639079362738467334752951741961393928566628307174343542320349,BUY,0.058,5.0,0.29000000000000004,0x58f6ad045b5ad3e00186bdc84be2e3e985b58d7382c4b0f83eecb9b0136f3469,"{""proxyWallet"": ""0xd32ce89f16509d3c8f8b5e9750305a5b2bc2a4c2"", ""side"": ""BUY"", ""asset"": ""18289842382539867639079362738467334752951741961393928566628307174343542320349"", ""conditionId"": ""0x61b66d02793b4a68ab0cc25be60d65f517fe18c7d654041281bb130341244fcc"", ""size"": 5, ""price"": 0.058, ""timestamp"": 1770911069, ""title"": ""Will Trump nominate Kevin Warsh as the next Fed chair?"", ""slug"": ""will-trump-nominate-kevin-warsh-as-the-next-fed-chair"", ""icon"": ""https://polymarket-upload.s3.us-east-2.amazonaws.com/will-trump-nominate-kevin-warsh-as-the-next-fed-chair-Bc-vVyyVjhsS.jpg"", ""eventSlug"": ""who-will-trump-nominate-as-fed-chair"", ""outcome"": ""No"", ""outcomeIndex"": 1, ""name"": """", ""pseudonym"": """", ""bio"": """", ""profileImage"": """", ""profileImageOptimized"": """", ""transactionHash"": ""0x58f6ad045b5ad3e00186bdc84be2e3e985b58d7382c4b0f83eecb9b0136f3469""}"
1770910903,2026-02-14T02:01:56.187234,0x8951dd5be2934464bb93df1553793b62ddb88629cbf62246f77d253ba65ac2a2:1770910903,572469,18289842382539867639079362738467334752951741961393928566628307174343542320349,BUY,0.05796928242518203,8344.764309,483.739999,0x8951dd5be2934464bb93df1553793b62ddb88629cbf62246f77d253ba65ac2a2,"{""proxyWallet"": ""0x94b8c74bc6001852eac3ca80f93d713b8f51e255"", ""side"": ""BUY"", ""asset"": ""18289842382539867639079362738467334752951741961393928566628307174343542320349"", ""conditionId"": ""0x61b66d02793b4a68ab0cc25be60d65f517fe18c7d654041281bb130341244fcc"", ""size"": 8344.764309, ""price"": 0.05796928242518203, ""timestamp"": 1770910903, ""title"": ""Will Trump nominate Kevin Warsh as the next Fed chair?"", ""slug"": ""will-trump-nominate-kevin-warsh-as-the-next-fed-chair"", ""icon"": ""https://polymarket-upload.s3.us-east-2.amazonaws.com/will-trump-nominate-kevin-warsh-as-the-next-fed-chair-Bc-vVyyVjhsS.jpg"", ""eventSlug"": ""who-will-trump-nominate-as-fed-chair"", ""outcome"": ""No"", ""outcomeIndex"": 1, ""name"": ""babygir"", ""pseudonym"": ""Incomplete-Forte"", ""bio"": """", ""profileImage"": """", ""profileImageOptimized"": """", ""transactionHash"": ""0x8951dd5be2934464bb93df1553793b62ddb88629cbf62246f77d253ba65ac2a2""}"
1770910867,2026-02-14T02:01:56.187269,0xa5707e37958c627bd89aa1d70b16491edf62fc558383fba2a120bd1cf21888c4:1770910867,572469,18289842382539867639079362738467334752951741961393928566628307174343542320349,BUY,0.05800000000116,1724.137931,100.0,0xa5707e37958c627bd89aa1d70b16491edf62fc558383fba2a120bd1cf21888c4,"{""proxyWallet"": ""0xe75257d9c06ce961cacc3c0bc1810c05867efe24"", ""side"": ""BUY"", ""asset"": ""18289842382539867639079362738467334752951741961393928566628307174343542320349"", ""conditionId"": ""0x61b66d02793b4a68ab0cc25be60d65f517fe18c7d654041281bb130341244fcc"", ""size"": 1724.137931, ""price"": 0.05800000000116, ""timestamp"": 1770910867, ""title"": ""Will Trump nominate Kevin Warsh as the next Fed chair?"", ""slug"": ""will-trump-nominate-kevin-warsh-as-the-next-fed-chair"", ""icon"": ""https://polymarket-upload.s3.us-east-2.amazonaws.com/will-trump-nominate-kevin-warsh-as-the-next-fed-chair-Bc-vVyyVjhsS.jpg"", ""eventSlug"": ""who-will-trump-nominate-as-fed-chair"", ""outcome"": ""No"", ""outcomeIndex"": 1, ""name"": ""0xe75257D9C06CE961CaCC3c0bc1810c05867Efe24-1770835023771"", ""pseudonym"": ""Sweltering-Clone"", ""bio"": """", ""profileImage"": """", ""profileImageOptimized"": """", ""transactionHash"": ""0xa5707e37958c627bd89aa1d70b16491edf62fc558383fba2a120bd1cf21888c4""}"
1770910813,2026-02-14T02:01:56.187307,0x5346ee75ea977db19ae12f72b35ff0f1c4c0d3b02c887a921dde730b1945cc1d:1770910813,572469,18289842382539867639079362738467334752951741961393928566628307174343542320349,BUY,0.05799998944399981,86.206895,4.999999,0x5346ee75ea977db19ae12f72b35ff0f1c4c0d3b02c887a921dde730b1945cc1d,"{""proxyWallet"": ""0x9630b8b1d3b062f014916c688ae9c88df3726603"", ""side"": ""BUY"", ""asset"": ""18289842382539867639079362738467334752951741961393928566628307174343542320349"", ""conditionId"": ""0x61b66d02793b4a68ab0cc25be60d65f517fe18c7d654041281bb130341244fcc"", ""size"": 86.206895, ""price"": 0.05799998944399981, ""timestamp"": 1770910813, ""title"": ""Will Trump nominate Kevin Warsh as the next Fed chair?"", ""slug"": ""will-trump-nominate-kevin-warsh-as-the-next-fed-chair"", ""icon"": ""https://polymarket-upload.s3.us-east-2.amazonaws.com/will-trump-nominate-kevin-warsh-as-the-next-fed-chair-Bc-vVyyVjhsS.jpg"", ""eventSlug"": ""who-will-trump-nominate-as-fed-chair"", ""outcome"": ""No"", ""outcomeIndex"": 1, ""name"": ""Zkrit"", ""pseudonym"": ""Complicated-Metro"", ""bio"": """", ""profileImage"": """", ""profileImageOptimized"": """", ""transactionHash"": ""0x5346ee75ea977db19ae12f72b35ff0f1c4c0d3b02c887a921dde730b1945cc1d""}"
1770910487,2026-02-14T02:01:56.187354,0x209864960781adf035e8e9232f445e9e52af74cfc5990c5a6b51a2c4bc32a06e:1770910487,572469,18289842382539867639079362738467334752951741961393928566628307174343542320349,BUY,0.057,10.95,0.62415,0x209864960781adf035e8e9232f445e9e52af74cfc5990c5a6b51a2c4bc32a06e,"{""proxyWallet"": ""0x30cecdf29f069563ea21b8ae94492e41e53a6b2b"", ""side"": ""BUY"", ""asset"": ""18289842382539867639079362738467334752951741961393928566628307174343542320349"", ""conditionId"": ""0x61b66d02793b4a68ab0cc25be60d65f517fe18c7d654041281bb130341244fcc"", ""size"": 10.95, ""price"": 0.057, ""timestamp"": 1770910487, ""title"": ""Will Trump nominate Kevin Warsh as the next Fed chair?"", ""slug"": ""will-trump-nominate-kevin-warsh-as-the-next-fed-chair"", ""icon"": ""https://polymarket-upload.s3.us-east-2.amazonaws.com/will-trump-nominate-kevin-warsh-as-the-next-fed-chair-Bc-vVyyVjhsS.jpg"", ""eventSlug"": ""who-will-trump-nominate-as-fed-chair"", ""outcome"": ""No"", ""outcomeIndex"": 1, ""name"": ""ZXWP"", ""pseudonym"": ""Well-Documented-Hit"", ""bio"": """", ""profileImage"": """", ""profileImageOptimized"": """", ""transactionHash"": ""0x209864960781adf035e8e9232f445e9e52af74cfc5990c5a6b51a2c4bc32a06e""}"
1770910449,2026-02-14T02:01:56.187386,0x5b3c7702899dfb1b7e55e47cbb610d1e478755f1631bc67db52f1fafaeba199d:1770910449,572469,18289842382539867639079362738467334752951741961393928566628307174343542320349,SELL,0.055040864696988274,244.71,13.469050000000001,0x5b3c7702899dfb1b7e55e47cbb610d1e478755f1631bc67db52f1fafaeba199d,"{""proxyWallet"": ""0xd67abdc7d4cd9074838f05e7265f70fe577cf2d8"", ""side"": ""SELL"", ""asset"": ""18289842382539867639079362738467334752951741961393928566628307174343542320349"", ""conditionId"": ""0x61b66d02793b4a68ab0cc25be60d65f517fe18c7d654041281bb130341244fcc"", ""size"": 244.71, ""price"": 0.055040864696988274, ""timestamp"": 1770910449, ""title"": ""Will Trump nominate Kevin Warsh as the next Fed chair?"", ""slug"": ""will-trump-nominate-kevin-warsh-as-the-next-fed-chair"", ""icon"": ""https://polymarket-upload.s3.us-east-2.amazonaws.com/will-trump-nominate-kevin-warsh-as-the-next-fed-chair-Bc-vVyyVjhsS.jpg"", ""eventSlug"": ""who-will-trump-nominate-as-fed-chair"", ""outcome"": ""No"", ""outcomeIndex"": 1, ""name"": ""Kyanh0804"", ""pseudonym"": ""Squeaky-Gas"", ""bio"": """", ""profileImage"": """", ""profileImageOptimized"": """", ""transactionHash"": ""0x5b3c7702899dfb1b7e55e47cbb610d1e478755f1631bc67db52f1fafaeba199d""}"
1770909989,2026-02-14T02:01:56.187434,0xaed6d86703c70f744dc932dfb004da186f2d3b708a3460c74d95bb63bd45e685:1770909989,572469,18289842382539867639079362738467334752951741961393928566628307174343542320349,BUY,0.05699998940939985,87.719297,4.999999,0xaed6d86703c70f744dc932dfb004da186f2d3b708a3460c74d95bb63bd45e685,"{""proxyWallet"": ""0x69c456c5ef1b5513d292484c00d0771253dcf820"", ""side"": ""BUY"", ""asset"": ""18289842382539867639079362738467334752951741961393928566628307174343542320349"", ""conditionId"": ""0x61b66d02793b4a68ab0cc25be60d65f517fe18c7d654041281bb130341244fcc"", ""size"": 87.719297, ""price"": 0.05699998940939985, ""timestamp"": 1770909989, ""title"": ""Will Trump nominate Kevin Warsh as the next Fed chair?"", ""slug"": ""will-trump-nominate-kevin-warsh-as-the-next-fed-chair"", ""icon"": ""https://polymarket-upload.s3.us-east-2.amazonaws.com/will-trump-nominate-kevin-warsh-as-the-next-fed-chair-Bc-vVyyVjhsS.jpg"", ""eventSlug"": ""who-will-trump-nominate-as-fed-chair"", ""outcome"": ""No"", ""outcomeIndex"": 1, ""name"": ""-jonas"", ""pseudonym"": ""Novel-Musician"", ""bio"": """", ""profileImage"": """", ""profileImageOptimized"": """", ""transactionHash"": ""0xaed6d86703c70f744dc932dfb004da186f2d3b708a3460c74d95bb63bd45e685""}"
1770909579,2026-02-14T02:01:56.187476,0x64f924a31a820930474af43770f0a86de585c7722519d421f4fc71e692a2117a:1770909579,572469,18289842382539867639079362738467334752951741961393928566628307174343542320349,BUY,0.058,80.0,4.640000000000001,0x64f924a31a820930474af43770f0a86de585c7722519d421f4fc71e692a2117a,"{""proxyWallet"": ""0xdccd5b8c857967348811b4676e6d5b1101d9c982"", ""side"": ""BUY"", ""asset"": ""18289842382539867639079362738467334752951741961393928566628307174343542320349"", ""conditionId"": ""0x61b66d02793b4a68ab0cc25be60d65f517fe18c7d654041281bb130341244fcc"", ""size"": 80, ""price"": 0.058, ""timestamp"": 1770909579, ""title"": ""Will Trump nominate Kevin Warsh as the next Fed chair?"", ""slug"": ""will-trump-nominate-kevin-warsh-as-the-next-fed-chair"", ""icon"": ""https://polymarket-upload.s3.us-east-2.amazonaws.com/will-trump-nominate-kevin-warsh-as-the-next-fed-chair-Bc-vVyyVjhsS.jpg"", ""eventSlug"": ""who-will-trump-nominate-as-fed-chair"", ""outcome"": ""No"", ""outcomeIndex"": 1, ""name"": ""fegregre"", ""pseudonym"": ""Nutty-Necklace"", ""bio"": """", ""profileImage"": """", ""profileImageOptimized"": """", ""transactionHash"": ""0x64f924a31a820930474af43770f0a86de585c7722519d421f4fc71e692a2117a""}"
1770909417,2026-02-14T02:01:56.187514,0x691cebc0ba931c11737de7c3a6b68098d7337897ebf3fa2ab228ec1ba998b53c:1770909417,572469,18289842382539867639079362738467334752951741961393928566628307174343542320349,SELL,0.057,55.55,3.16635,0x691cebc0ba931c11737de7c3a6b68098d7337897ebf3fa2ab228ec1ba998b53c,"{""proxyWallet"": ""0x5e31027fed0f67cb750130e9b0cc26c54f4bc97d"", ""side"": ""SELL"", ""asset"": ""18289842382539867639079362738467334752951741961393928566628307174343542320349"", ""conditionId"": ""0x61b66d02793b4a68ab0cc25be60d65f517fe18c7d654041281bb130341244fcc"", ""size"": 55.55, ""price"": 0.057, ""timestamp"": 1770909417, ""title"": ""Will Trump nominate Kevin Warsh as the next Fed chair?"", ""slug"": ""will-trump-nominate-kevin-warsh-as-the-next-fed-chair"", ""icon"": ""https://polymarket-upload.s3.us-east-2.amazonaws.com/will-trump-nominate-kevin-warsh-as-the-next-fed-chair-Bc-vVyyVjhsS.jpg"", ""eventSlug"": ""who-will-trump-nominate-as-fed-chair"", ""outcome"": ""No"", ""outcomeIndex"": 1, ""name"": ""Asiantesticle"", ""pseudonym"": ""Frightening-Channel"", ""bio"": """", ""profileImage"": """", ""profileImageOptimized"": """", ""transactionHash"": ""0x691cebc0ba931c11737de7c3a6b68098d7337897ebf3fa2ab228ec1ba998b53c""}"
1770909165,2026-02-14T02:01:56.187549,0xc3eb46cbddd9be3086c5242ab264c466303ed6f20dbd1c519778139d455c901c:1770909165,572469,18289842382539867639079362738467334752951741961393928566628307174343542320349,SELL,0.057,19.23,1.0961100000000001,0xc3eb46cbddd9be3086c5242ab264c466303ed6f20dbd1c519778139d455c901c,"{""proxyWallet"": ""0x7dc44cc55975cc18b700024ac44186f659289d07"", ""side"": ""SELL"", ""asset"": ""18289842382539867639079362738467334752951741961393928566628307174343542320349"", ""conditionId"": ""0x61b66d02793b4a68ab0cc25be60d65f517fe18c7d654041281bb130341244fcc"", ""size"": 19.23, ""price"": 0.057, ""timestamp"": 1770909165, ""title"": ""Will Trump nominate Kevin Warsh as the next Fed chair?"", ""slug"": ""will-trump-nominate-kevin-warsh-as-the-next-fed-chair"", ""icon"": ""https://polymarket-upload.s3.us-east-2.amazonaws.com/will-trump-nominate-kevin-warsh-as-the-next-fed-chair-Bc-vVyyVjhsS.jpg"", ""eventSlug"": ""who-will-trump-nominate-as-fed-chair"", ""outcome"": ""No"", ""outcomeIndex"": 1, ""name"": ""jayo16"", ""pseudonym"": ""Perfumed-Characteristic"", ""bio"": """", ""profileImage"": """", ""profileImageOptimized"": """", ""transactionHash"": ""0xc3eb46cbddd9be3086c5242ab264c466303ed6f20dbd1c519778139d455c901c""}"
1770909091,2026-02-14T02:01:56.187586,0x537e6ad77363ec266b708eff6b0007c9a3aab06a435c5ab7554d2eeab2c80e30:1770909091,572469,18289842382539867639079362738467334752951741961393928566628307174343542320349,BUY,0.05963893626918902,7480.84,446.14934,0x537e6ad77363ec266b708eff6b0007c9a3aab06a435c5ab7554d2eeab2c80e30,"{""proxyWallet"": ""0x22df5d96fd6a72f7b4a59ba5cfe179b3251e557b"", ""side"": ""BUY"", ""asset"": ""18289842382539867639079362738467334752951741961393928566628307174343542320349"", ""conditionId"": ""0x61b66d02793b4a68ab0cc25be60d65f517fe18c7d654041281bb130341244fcc"", ""size"": 7480.84, ""price"": 0.05963893626918902, ""timestamp"": 1770909091, ""title"": ""Will Trump nominate Kevin Warsh as the next Fed chair?"", ""slug"": ""will-trump-nominate-kevin-warsh-as-the-next-fed-chair"", ""icon"": ""https://polymarket-upload.s3.us-east-2.amazonaws.com/will-trump-nominate-kevin-warsh-as-the-next-fed-chair-Bc-vVyyVjhsS.jpg"", ""eventSlug"": ""who-will-trump-nominate-as-fed-chair"", ""outcome"": ""No"", ""outcomeIndex"": 1, ""name"": ""chizz"", ""pseudonym"": ""Rapid-Ritual"", ""bio"": """", ""profileImage"": """", ""profileImageOptimized"": """", ""transactionHash"": ""0x537e6ad77363ec266b708eff6b0007c9a3aab06a435c5ab7554d2eeab2c80e30""}"
1770909091,2026-02-14T02:01:56.187621,0x654deee0b29ae126e276752977d60d71fc702b04fdcdce5dbf9a3fe8391d3b5d:1770909091,572469,18289842382539867639079362738467334752951741961393928566628307174343542320349,SELL,0.056,18.86,1.05616,0x654deee0b29ae126e276752977d60d71fc702b04fdcdce5dbf9a3fe8391d3b5d,"{""proxyWallet"": ""0x52f13f6da3b7b87382bece910fe016c6453548a3"", ""side"": ""SELL"", ""asset"": ""18289842382539867639079362738467334752951741961393928566628307174343542320349"", ""conditionId"": ""0x61b66d02793b4a68ab0cc25be60d65f517fe18c7d654041281bb130341244fcc"", ""size"": 18.86, ""price"": 0.056, ""timestamp"": 1770909091, ""title"": ""Will Trump nominate Kevin Warsh as the next Fed chair?"", ""slug"": ""will-trump-nominate-kevin-warsh-as-the-next-fed-chair"", ""icon"": ""https://polymarket-upload.s3.us-east-2.amazonaws.com/will-trump-nominate-kevin-warsh-as-the-next-fed-chair-Bc-vVyyVjhsS.jpg"", ""eventSlug"": ""who-will-trump-nominate-as-fed-chair"", ""outcome"": ""No"", ""outcomeIndex"": 1, ""name"": ""priestar"", ""pseudonym"": ""Peppery-Turtle"", ""bio"": """", ""profileImage"": """", ""profileImageOptimized"": """", ""transactionHash"": ""0x654deee0b29ae126e276752977d60d71fc702b04fdcdce5dbf9a3fe8391d3b5d""}"
1770909081,2026-02-14T02:01:56.187653,0xc9fa4e6ed74c95cf6fe0a6c78d340473c4bb01d31575c371cb35ab4ad0d90666:1770909081,572469,18289842382539867639079362738467334752951741961393928566628307174343542320349,BUY,0.05766044362292052,1136.1,65.50802999999999,0xc9fa4e6ed74c95cf6fe0a6c78d340473c4bb01d31575c371cb35ab4ad0d90666,"{""proxyWallet"": ""0x22df5d96fd6a72f7b4a59ba5cfe179b3251e557b"", ""side"": ""BUY"", ""asset"": ""18289842382539867639079362738467334752951741961393928566628307174343542320349"", ""conditionId"": ""0x61b66d02793b4a68ab0cc25be60d65f517fe18c7d654041281bb130341244fcc"", ""size"": 1136.1, ""price"": 0.05766044362292052, ""timestamp"": 1770909081, ""title"": ""Will Trump nominate Kevin Warsh as the next Fed chair?"", ""slug"": ""will-trump-nominate-kevin-warsh-as-the-next-fed-chair"", ""icon"": ""https://polymarket-upload.s3.us-east-2.amazonaws.com/will-trump-nominate-kevin-warsh-as-the-next-fed-chair-Bc-vVyyVjhsS.jpg"", ""eventSlug"": ""who-will-trump-nominate-as-fed-chair"", ""outcome"": ""No"", ""outcomeIndex"": 1, ""name"": ""chizz"", ""pseudonym"": ""Rapid-Ritual"", ""bio"": """", ""profileImage"": """", ""profileImageOptimized"": """", ""transactionHash"": ""0xc9fa4e6ed74c95cf6fe0a6c78d340473c4bb01d31575c371cb35ab4ad0d90666""}"
1770909067,2026-02-14T02:01:56.187688,0x1f205f08cd93da7f558687adcd07bd4796785e1e38074e9c0bc6d081c2d5c554:1770909067,572469,18289842382539867639079362738467334752951741961393928566628307174343542320349,BUY,0.057,20.0,1.1400000000000001,0x1f205f08cd93da7f558687adcd07bd4796785e1e38074e9c0bc6d081c2d5c554,"{""proxyWallet"": ""0xdccd5b8c857967348811b4676e6d5b1101d9c982"", ""side"": ""BUY"", ""asset"": ""18289842382539867639079362738467334752951741961393928566628307174343542320349"", ""conditionId"": ""0x61b66d02793b4a68ab0cc25be60d65f517fe18c7d654041281bb130341244fcc"", ""size"": 20, ""price"": 0.057, ""timestamp"": 1770909067, ""title"": ""Will Trump nominate Kevin Warsh as the next Fed chair?"", ""slug"": ""will-trump-nominate-kevin-warsh-as-the-next-fed-chair"", ""icon"": ""https://polymarket-upload.s3.us-east-2.amazonaws.com/will-trump-nominate-kevin-warsh-as-the-next-fed-chair-Bc-vVyyVjhsS.jpg"", ""eventSlug"": ""who-will-trump-nominate-as-fed-chair"", ""outcome"": ""No"", ""outcomeIndex"": 1, ""name"": ""fegregre"", ""pseudonym"": ""Nutty-Necklace"", ""bio"": """", ""profileImage"": """", ""profileImageOptimized"": """", ""transactionHash"": ""0x1f205f08cd93da7f558687adcd07bd4796785e1e38074e9c0bc6d081c2d5c554""}"
1770908845,2026-02-14T02:01:56.979477,0x6e5cd85bac7c29b05b3ab11573856a2485714ba6a3a8b1e99d211986e06b8ced:1770908845,572469,18289842382539867639079362738467334752951741961393928566628307174343542320349,BUY,0.059,80.0,4.72,0x6e5cd85bac7c29b05b3ab11573856a2485714ba6a3a8b1e99d211986e06b8ced,"{""proxyWallet"": ""0xdccd5b8c857967348811b4676e6d5b1101d9c982"", ""side"": ""BUY"", ""asset"": ""18289842382539867639079362738467334752951741961393928566628307174343542320349"", ""conditionId"": ""0x61b66d02793b4a68ab0cc25be60d65f517fe18c7d654041281bb130341244fcc"", ""size"": 80, ""price"": 0.059, ""timestamp"": 1770908845, ""title"": ""Will Trump nominate Kevin Warsh as the next Fed chair?"", ""slug"": ""will-trump-nominate-kevin-warsh-as-the-next-fed-chair"", ""icon"": ""https://polymarket-upload.s3.us-east-2.amazonaws.com/will-trump-nominate-kevin-warsh-as-the-next-fed-chair-Bc-vVyyVjhsS.jpg"", ""eventSlug"": ""who-will-trump-nominate-as-fed-chair"", ""outcome"": ""No"", ""outcomeIndex"": 1, ""name"": ""fegregre"", ""pseudonym"": ""Nutty-Necklace"", ""bio"": """", ""profileImage"": """", ""profileImageOptimized"": """", ""transactionHash"": ""0x6e5cd85bac7c29b05b3ab11573856a2485714ba6a3a8b1e99d211986e06b8ced""}"
1770908737,2026-02-14T02:01:56.979548,0xb3e5f9781200992d068015baff0390d3c747a5e7111b15bf590e2d22321d7685:1770908737,572469,18289842382539867639079362738467334752951741961393928566628307174343542320349,BUY,0.059,50.0,2.9499999999999997,0xb3e5f9781200992d068015baff0390d3c747a5e7111b15bf590e2d22321d7685,"{""proxyWallet"": ""0x161dd80b80f2a63cabedf18eef9831263cb10aa6"", ""side"": ""BUY"", ""asset"": ""18289842382539867639079362738467334752951741961393928566628307174343542320349"", ""conditionId"": ""0x61b66d02793b4a68ab0cc25be60d65f517fe18c7d654041281bb130341244fcc"", ""size"": 50, ""price"": 0.059, ""timestamp"": 1770908737, ""title"": ""Will Trump nominate Kevin Warsh as the next Fed chair?"", ""slug"": ""will-trump-nominate-kevin-warsh-as-the-next-fed-chair"", ""icon"": ""https://polymarket-upload.s3.us-east-2.amazonaws.com/will-trump-nominate-kevin-warsh-as-the-next-fed-chair-Bc-vVyyVjhsS.jpg"", ""eventSlug"": ""who-will-trump-nominate-as-fed-chair"", ""outcome"": ""No"", ""outcomeIndex"": 1, ""name"": """", ""pseudonym"": """", ""bio"": """", ""profileImage"": """", ""profileImageOptimized"": """", ""transactionHash"": ""0xb3e5f9781200992d068015baff0390d3c747a5e7111b15bf590e2d22321d7685""}"
1770907839,2026-02-14T02:01:56.979578,0xca6346d259a2e6bb0380a056014cd8286a848a889f1f5fb11b6506862769d792:1770907839,572469,18289842382539867639079362738467334752951741961393928566628307174343542320349,BUY,0.06,37.49,2.2494,0xca6346d259a2e6bb0380a056014cd8286a848a889f1f5fb11b6506862769d792,"{""proxyWallet"": ""0x30cecdf29f069563ea21b8ae94492e41e53a6b2b"", ""side"": ""BUY"", ""asset"": ""18289842382539867639079362738467334752951741961393928566628307174343542320349"", ""conditionId"": ""0x61b66d02793b4a68ab0cc25be60d65f517fe18c7d654041281bb130341244fcc"", ""size"": 37.49, ""price"": 0.06, ""timestamp"": 1770907839, ""title"": ""Will Trump nominate Kevin Warsh as the next Fed chair?"", ""slug"": ""will-trump-nominate-kevin-warsh-as-the-next-fed-chair"", ""icon"": ""https://polymarket-upload.s3.us-east-2.amazonaws.com/will-trump-nominate-kevin-warsh-as-the-next-fed-chair-Bc-vVyyVjhsS.jpg"", ""eventSlug"": ""who-will-trump-nominate-as-fed-chair"", ""outcome"": ""No"", ""outcomeIndex"": 1, ""name"": ""ZXWP"", ""pseudonym"": ""Well-Documented-Hit"", ""bio"": """", ""profileImage"": """", ""profileImageOptimized"": """", ""transactionHash"": ""0xca6346d259a2e6bb0380a056014cd8286a848a889f1f5fb11b6506862769d792""}"
1770907837,2026-02-14T02:01:56.979597,0x68dc279ad3cd34264d9d604da0be798a492257f61ca0cc191329a0d0dfc53317:1770907837,572469,18289842382539867639079362738467334752951741961393928566628307174343542320349,BUY,0.06,16.0,0.96,0x68dc279ad3cd34264d9d604da0be798a492257f61ca0cc191329a0d0dfc53317,"{""proxyWallet"": ""0x6c979ffcc3528a5d2395a2f7c89135711da0988c"", ""side"": ""BUY"", ""asset"": ""18289842382539867639079362738467334752951741961393928566628307174343542320349"", ""conditionId"": ""0x61b66d02793b4a68ab0cc25be60d65f517fe18c7d654041281bb130341244fcc"", ""size"": 16, ""price"": 0.06, ""timestamp"": 1770907837, ""title"": ""Will Trump nominate Kevin Warsh as the next Fed chair?"", ""slug"": ""will-trump-nominate-kevin-warsh-as-the-next-fed-chair"", ""icon"": ""https://polymarket-upload.s3.us-east-2.amazonaws.com/will-trump-nominate-kevin-warsh-as-the-next-fed-chair-Bc-vVyyVjhsS.jpg"", ""eventSlug"": ""who-will-trump-nominate-as-fed-chair"", ""outcome"": ""No"", ""outcomeIndex"": 1, ""name"": ""7G-MAN"", ""pseudonym"": ""Zigzag-Message"", ""bio"": ""LOL, Fake profit."", ""profileImage"": """", ""profileImageOptimized"": """", ""transactionHash"": ""0x68dc279ad3cd34264d9d604da0be798a492257f61ca0cc191329a0d0dfc53317""}"
1770907831,2026-02-14T02:01:56.979618,0x140a5d10ddc2ff7f01f319e8ccf07305c24b52663a2c79d89c474c2ba40898ce:1770907831,572469,18289842382539867639079362738467334752951741961393928566628307174343542320349,BUY,0.06,22.0,1.3199999999999998,0x140a5d10ddc2ff7f01f319e8ccf07305c24b52663a2c79d89c474c2ba40898ce,"{""proxyWallet"": ""0x6c979ffcc3528a5d2395a2f7c89135711da0988c"", ""side"": ""BUY"", ""asset"": ""18289842382539867639079362738467334752951741961393928566628307174343542320349"", ""conditionId"": ""0x61b66d02793b4a68ab0cc25be60d65f517fe18c7d654041281bb130341244fcc"", ""size"": 22, ""price"": 0.06, ""timestamp"": 1770907831, ""title"": ""Will Trump nominate Kevin Warsh as the next Fed chair?"", ""slug"": ""will-trump-nominate-kevin-warsh-as-the-next-fed-chair"", ""icon"": ""https://polymarket-upload.s3.us-east-2.amazonaws.com/will-trump-nominate-kevin-warsh-as-the-next-fed-chair-Bc-vVyyVjhsS.jpg"", ""eventSlug"": ""who-will-trump-nominate-as-fed-chair"", ""outcome"": ""No"", ""outcomeIndex"": 1, ""name"": ""7G-MAN"", ""pseudonym"": ""Zigzag-Message"", ""bio"": ""LOL, Fake profit."", ""profileImage"": """", ""profileImageOptimized"": """", ""transactionHash"": ""0x140a5d10ddc2ff7f01f319e8ccf07305c24b52663a2c79d89c474c2ba40898ce""}"
1770907827,2026-02-14T02:01:56.979636,0xf9326bb287dfb90d80a5db8c398f1e2fd48d7222d274e6b5e6f88f82407fa415:1770907827,572469,18289842382539867639079362738467334752951741961393928566628307174343542320349,BUY,0.06,31.0,1.8599999999999999,0xf9326bb287dfb90d80a5db8c398f1e2fd48d7222d274e6b5e6f88f82407fa415,"{""proxyWallet"": ""0x6c979ffcc3528a5d2395a2f7c89135711da0988c"", ""side"": ""BUY"", ""asset"": ""18289842382539867639079362738467334752951741961393928566628307174343542320349"", ""conditionId"": ""0x61b66d02793b4a68ab0cc25be60d65f517fe18c7d654041281bb130341244fcc"", ""size"": 31, ""price"": 0.06, ""timestamp"": 1770907827, ""title"": ""Will Trump nominate Kevin Warsh as the next Fed chair?"", ""slug"": ""will-trump-nominate-kevin-warsh-as-the-next-fed-chair"", ""icon"": ""https://polymarket-upload.s3.us-east-2.amazonaws.com/will-trump-nominate-kevin-warsh-as-the-next-fed-chair-Bc-vVyyVjhsS.jpg"", ""eventSlug"": ""who-will-trump-nominate-as-fed-chair"", ""outcome"": ""No"", ""outcomeIndex"": 1, ""name"": ""7G-MAN"", ""pseudonym"": ""Zigzag-Message"", ""bio"": ""LOL, Fake profit."", ""profileImage"": """", ""profileImageOptimized"": """", ""transactionHash"": ""0xf9326bb287dfb90d80a5db8c398f1e2fd48d7222d274e6b5e6f88f82407fa415""}"
1770907783,2026-02-14T02:01:56.979671,0xa2490232749421d0a6df7d20f4e80b1582b045c27914688538075ff030e6ea39:1770907783,572469,18289842382539867639079362738467334752951741961393928566628307174343542320349,BUY,0.06,49.01,2.9406,0xa2490232749421d0a6df7d20f4e80b1582b045c27914688538075ff030e6ea39,"{""proxyWallet"": ""0x30cecdf29f069563ea21b8ae94492e41e53a6b2b"", ""side"": ""BUY"", ""asset"": ""18289842382539867639079362738467334752951741961393928566628307174343542320349"", ""conditionId"": ""0x61b66d02793b4a68ab0cc25be60d65f517fe18c7d654041281bb130341244fcc"", ""size"": 49.01, ""price"": 0.06, ""timestamp"": 1770907783, ""title"": ""Will Trump nominate Kevin Warsh as the next Fed chair?"", ""slug"": ""will-trump-nominate-kevin-warsh-as-the-next-fed-chair"", ""icon"": ""https://polymarket-upload.s3.us-east-2.amazonaws.com/will-trump-nominate-kevin-warsh-as-the-next-fed-chair-Bc-vVyyVjhsS.jpg"", ""eventSlug"": ""who-will-trump-nominate-as-fed-chair"", ""outcome"": ""No"", ""outcomeIndex"": 1, ""name"": ""ZXWP"", ""pseudonym"": ""Well-Documented-Hit"", ""bio"": """", ""profileImage"": """", ""profileImageOptimized"": """", ""transactionHash"": ""0xa2490232749421d0a6df7d20f4e80b1582b045c27914688538075ff030e6ea39""}"
1770907775,2026-02-14T02:01:56.979688,0x33356eac83aa6b5f7ae8b8a699266b0c8cc27a0693774b28679ec47a185d6ed0:1770907775,572469,18289842382539867639079362738467334752951741961393928566628307174343542320349,BUY,0.06,21.0,1.26,0x33356eac83aa6b5f7ae8b8a699266b0c8cc27a0693774b28679ec47a185d6ed0,"{""proxyWallet"": ""0x6c979ffcc3528a5d2395a2f7c89135711da0988c"", ""side"": ""BUY"", ""asset"": ""18289842382539867639079362738467334752951741961393928566628307174343542320349"", ""conditionId"": ""0x61b66d02793b4a68ab0cc25be60d65f517fe18c7d654041281bb130341244fcc"", ""size"": 21, ""price"": 0.06, ""timestamp"": 1770907775, ""title"": ""Will Trump nominate Kevin Warsh as the next Fed chair?"", ""slug"": ""will-trump-nominate-kevin-warsh-as-the-next-fed-chair"", ""icon"": ""https://polymarket-upload.s3.us-east-2.amazonaws.com/will-trump-nominate-kevin-warsh-as-the-next-fed-chair-Bc-vVyyVjhsS.jpg"", ""eventSlug"": ""who-will-trump-nominate-as-fed-chair"", ""outcome"": ""No"", ""outcomeIndex"": 1, ""name"": ""7G-MAN"", ""pseudonym"": ""Zigzag-Message"", ""bio"": ""LOL, Fake profit."", ""profileImage"": """", ""profileImageOptimized"": """", ""transactionHash"": ""0x33356eac83aa6b5f7ae8b8a699266b0c8cc27a0693774b28679ec47a185d6ed0""}"
1770907771,2026-02-14T02:01:56.979705,0x784eb453466ac03cc6a89fa0abe546d931e42afa8ab67f500eadb06e095549d4:1770907771,572469,18289842382539867639079362738467334752951741961393928566628307174343542320349,BUY,0.06,30.0,1.7999999999999998,0x784eb453466ac03cc6a89fa0abe546d931e42afa8ab67f500eadb06e095549d4,"{""proxyWallet"": ""0x6c979ffcc3528a5d2395a2f7c89135711da0988c"", ""side"": ""BUY"", ""asset"": ""18289842382539867639079362738467334752951741961393928566628307174343542320349"", ""conditionId"": ""0x61b66d02793b4a68ab0cc25be60d65f517fe18c7d654041281bb130341244fcc"", ""size"": 30, ""price"": 0.06, ""timestamp"": 1770907771, ""title"": ""Will Trump nominate Kevin Warsh as the next Fed chair?"", ""slug"": ""will-trump-nominate-kevin-warsh-as-the-next-fed-chair"", ""icon"": ""https://polymarket-upload.s3.us-east-2.amazonaws.com/will-trump-nominate-kevin-warsh-as-the-next-fed-chair-Bc-vVyyVjhsS.jpg"", ""eventSlug"": ""who-will-trump-nominate-as-fed-chair"", ""outcome"": ""No"", ""outcomeIndex"": 1, ""name"": ""7G-MAN"", ""pseudonym"": ""Zigzag-Message"", ""bio"": ""LOL, Fake profit."", ""profileImage"": """", ""profileImageOptimized"": """", ""transactionHash"": ""0x784eb453466ac03cc6a89fa0abe546d931e42afa8ab67f500eadb06e095549d4""}"
1770907645,2026-02-14T02:01:56.979724,0x227e010c87cb5e89c033500f749c97061f2c20639a6ec36efad7db3c638f370d:1770907645,572469,18289842382539867639079362738467334752951741961393928566628307174343542320349,BUY,0.06100000082960001,81.967212,5.0,0x227e010c87cb5e89c033500f749c97061f2c20639a6ec36efad7db3c638f370d,"{""proxyWallet"": ""0xe45120bb2a2e3e0bdeb7de09e629afffd6199f76"", ""side"": ""BUY"", ""asset"": ""18289842382539867639079362738467334752951741961393928566628307174343542320349"", ""conditionId"": ""0x61b66d02793b4a68ab0cc25be60d65f517fe18c7d654041281bb130341244fcc"", ""size"": 81.967212, ""price"": 0.06100000082960001, ""timestamp"": 1770907645, ""title"": ""Will Trump nominate Kevin Warsh as the next Fed chair?"", ""slug"": ""will-trump-nominate-kevin-warsh-as-the-next-fed-chair"", ""icon"": ""https://polymarket-upload.s3.us-east-2.amazonaws.com/will-trump-nominate-kevin-warsh-as-the-next-fed-chair-Bc-vVyyVjhsS.jpg"", ""eventSlug"": ""who-will-trump-nominate-as-fed-chair"", ""outcome"": ""No"", ""outcomeIndex"": 1, ""name"": ""shortax"", ""pseudonym"": ""Back-Hippopotamus"", ""bio"": """", ""profileImage"": """", ""profileImageOptimized"": """", ""transactionHash"": ""0x227e010c87cb5e89c033500f749c97061f2c20639a6ec36efad7db3c638f370d""}"
1770907495,2026-02-14T02:01:56.979745,0xc74186b707be62534ed8310b1f974864b618ee4de8a1b68ead155af686bf2232:1770907495,572469,18289842382539867639079362738467334752951741961393928566628307174343542320349,BUY,0.06024959760093636,8027.937418,483.67999900000007,0xc74186b707be62534ed8310b1f974864b618ee4de8a1b68ead155af686bf2232,"{""proxyWallet"": ""0x94b8c74bc6001852eac3ca80f93d713b8f51e255"", ""side"": ""BUY"", ""asset"": ""18289842382539867639079362738467334752951741961393928566628307174343542320349"", ""conditionId"": ""0x61b66d02793b4a68ab0cc25be60d65f517fe18c7d654041281bb130341244fcc"", ""size"": 8027.937418, ""price"": 0.06024959760093636, ""timestamp"": 1770907495, ""title"": ""Will Trump nominate Kevin Warsh as the next Fed chair?"", ""slug"": ""will-trump-nominate-kevin-warsh-as-the-next-fed-chair"", ""icon"": ""https://polymarket-upload.s3.us-east-2.amazonaws.com/will-trump-nominate-kevin-warsh-as-the-next-fed-chair-Bc-vVyyVjhsS.jpg"", ""eventSlug"": ""who-will-trump-nominate-as-fed-chair"", ""outcome"": ""No"", ""outcomeIndex"": 1, ""name"": ""babygir"", ""pseudonym"": ""Incomplete-Forte"", ""bio"": """", ""profileImage"": """", ""profileImageOptimized"": """", ""transactionHash"": ""0xc74186b707be62534ed8310b1f974864b618ee4de8a1b68ead155af686bf2232""}"
1770907459,2026-02-14T02:01:56.979767,0x787ebf6c481956a5cf2fa4b0ae826f9d899c0655bc04f7582c3efddc552197e3:1770907459,572469,18289842382539867639079362738467334752951741961393928566628307174343542320349,BUY,0.059,50.0,2.9499999999999997,0x787ebf6c481956a5cf2fa4b0ae826f9d899c0655bc04f7582c3efddc552197e3,"{""proxyWallet"": ""0xe8dd7741ccb12350957ec71e9ee332e0d1e6ec86"", ""side"": ""BUY"", ""asset"": ""18289842382539867639079362738467334752951741961393928566628307174343542320349"", ""conditionId"": ""0x61b66d02793b4a68ab0cc25be60d65f517fe18c7d654041281bb130341244fcc"", ""size"": 50, ""price"": 0.059, ""timestamp"": 1770907459, ""title"": ""Will Trump nominate Kevin Warsh as the next Fed chair?"", ""slug"": ""will-trump-nominate-kevin-warsh-as-the-next-fed-chair"", ""icon"": ""https://polymarket-upload.s3.us-east-2.amazonaws.com/will-trump-nominate-kevin-warsh-as-the-next-fed-chair-Bc-vVyyVjhsS.jpg"", ""eventSlug"": ""who-will-trump-nominate-as-fed-chair"", ""outcome"": ""No"", ""outcomeIndex"": 1, ""name"": ""influenz.eth"", ""pseudonym"": ""Real-Veteran"", ""bio"": ""3820"", ""profileImage"": """", ""profileImageOptimized"": """", ""transactionHash"": ""0x787ebf6c481956a5cf2fa4b0ae826f9d899c0655bc04f7582c3efddc552197e3""}"
1770907391,2026-02-14T02:01:56.979786,0x0404922d60fe6a31c255592792113d5fcd65af8d12eed8ac1184bf8a3b2002ee:1770907391,572469,18289842382539867639079362738467334752951741961393928566628307174343542320349,BUY,0.059,30.61,1.8059899999999998,0x0404922d60fe6a31c255592792113d5fcd65af8d12eed8ac1184bf8a3b2002ee,"{""proxyWallet"": ""0x30cecdf29f069563ea21b8ae94492e41e53a6b2b"", ""side"": ""BUY"", ""asset"": ""18289842382539867639079362738467334752951741961393928566628307174343542320349"", ""conditionId"": ""0x61b66d02793b4a68ab0cc25be60d65f517fe18c7d654041281bb130341244fcc"", ""size"": 30.61, ""price"": 0.059, ""timestamp"": 1770907391, ""title"": ""Will Trump nominate Kevin Warsh as the next Fed chair?"", ""slug"": ""will-trump-nominate-kevin-warsh-as-the-next-fed-chair"", ""icon"": ""https://polymarket-upload.s3.us-east-2.amazonaws.com/will-trump-nominate-kevin-warsh-as-the-next-fed-chair-Bc-vVyyVjhsS.jpg"", ""eventSlug"": ""who-will-trump-nominate-as-fed-chair"", ""outcome"": ""No"", ""outcomeIndex"": 1, ""name"": ""ZXWP"", ""pseudonym"": ""Well-Documented-Hit"", ""bio"": """", ""profileImage"": """", ""profileImageOptimized"": """", ""transactionHash"": ""0x0404922d60fe6a31c255592792113d5fcd65af8d12eed8ac1184bf8a3b2002ee""}"
1770907389,2026-02-14T02:01:56.979804,0xb8aa8415261b07e09d4d25310851c48af322a57fdfc88f907abf534c8904db77:1770907389,572469,18289842382539867639079362738467334752951741961393928566628307174343542320349,BUY,0.059,459.89,27.133509999999998,0xb8aa8415261b07e09d4d25310851c48af322a57fdfc88f907abf534c8904db77,"{""proxyWallet"": ""0x67bc6af6806df61ba5144b125174ecf5f821d54e"", ""side"": ""BUY"", ""asset"": ""18289842382539867639079362738467334752951741961393928566628307174343542320349"", ""conditionId"": ""0x61b66d02793b4a68ab0cc25be60d65f517fe18c7d654041281bb130341244fcc"", ""size"": 459.89, ""price"": 0.059, ""timestamp"": 1770907389, ""title"": ""Will Trump nominate Kevin Warsh as the next Fed chair?"", ""slug"": ""will-trump-nominate-kevin-warsh-as-the-next-fed-chair"", ""icon"": ""https://polymarket-upload.s3.us-east-2.amazonaws.com/will-trump-nominate-kevin-warsh-as-the-next-fed-chair-Bc-vVyyVjhsS.jpg"", ""eventSlug"": ""who-will-trump-nominate-as-fed-chair"", ""outcome"": ""No"", ""outcomeIndex"": 1, ""name"": ""waterfall0"", ""pseudonym"": ""Limp-Colt"", ""bio"": """", ""profileImage"": """", ""profileImageOptimized"": """", ""transactionHash"": ""0xb8aa8415261b07e09d4d25310851c48af322a57fdfc88f907abf534c8904db77""}"
1770907389,2026-02-14T02:01:56.979822,0x0a6d279e7c89992ee5edc50958cbc710b2d9668b48eff600531b8b710dd50f91:1770907389,572469,18289842382539867639079362738467334752951741961393928566628307174343542320349,BUY,0.058999976865788395,38.644066,2.279999,0x0a6d279e7c89992ee5edc50958cbc710b2d9668b48eff600531b8b710dd50f91,"{""proxyWallet"": ""0xe8dd7741ccb12350957ec71e9ee332e0d1e6ec86"", ""side"": ""BUY"", ""asset"": ""18289842382539867639079362738467334752951741961393928566628307174343542320349"", ""conditionId"": ""0x61b66d02793b4a68ab0cc25be60d65f517fe18c7d654041281bb130341244fcc"", ""size"": 38.644066, ""price"": 0.058999976865788395, ""timestamp"": 1770907389, ""title"": ""Will Trump nominate Kevin Warsh as the next Fed chair?"", ""slug"": ""will-trump-nominate-kevin-warsh-as-the-next-fed-chair"", ""icon"": ""https://polymarket-upload.s3.us-east-2.amazonaws.com/will-trump-nominate-kevin-warsh-as-the-next-fed-chair-Bc-vVyyVjhsS.jpg"", ""eventSlug"": ""who-will-trump-nominate-as-fed-chair"", ""outcome"": ""No"", ""outcomeIndex"": 1, ""name"": ""influenz.eth"", ""pseudonym"": ""Real-Veteran"", ""bio"": ""3820"", ""profileImage"": """", ""profileImageOptimized"": """", ""transactionHash"": ""0x0a6d279e7c89992ee5edc50958cbc710b2d9668b48eff600531b8b710dd50f91""}"
1770907389,2026-02-14T02:01:56.979843,0x929f599f0f6aa16e33060234e91d1c2b299aa207b5d39bfaac9a2008aa8a65b3:1770907389,572469,18289842382539867639079362738467334752951741961393928566628307174343542320349,BUY,0.059000000105638696,634.237287,37.42,0x929f599f0f6aa16e33060234e91d1c2b299aa207b5d39bfaac9a2008aa8a65b3,"{""proxyWallet"": ""0xe8dd7741ccb12350957ec71e9ee332e0d1e6ec86"", ""side"": ""BUY"", ""asset"": ""18289842382539867639079362738467334752951741961393928566628307174343542320349"", ""conditionId"": ""0x61b66d02793b4a68ab0cc25be60d65f517fe18c7d654041281bb130341244fcc"", ""size"": 634.237287, ""price"": 0.059000000105638696, ""timestamp"": 1770907389, ""title"": ""Will Trump nominate Kevin Warsh as the next Fed chair?"", ""slug"": ""will-trump-nominate-kevin-warsh-as-the-next-fed-chair"", ""icon"": ""https://polymarket-upload.s3.us-east-2.amazonaws.com/will-trump-nominate-kevin-warsh-as-the-next-fed-chair-Bc-vVyyVjhsS.jpg"", ""eventSlug"": ""who-will-trump-nominate-as-fed-chair"", ""outcome"": ""No"", ""outcomeIndex"": 1, ""name"": ""influenz.eth"", ""pseudonym"": ""Real-Veteran"", ""bio"": ""3820"", ""profileImage"": """", ""profileImageOptimized"": """", ""transactionHash"": ""0x929f599f0f6aa16e33060234e91d1c2b299aa207b5d39bfaac9a2008aa8a65b3""}"
1770907371,2026-02-14T02:01:56.979860,0x8f0d9b1ad40506e93c2232cf0980f1c54b7bc9cea641dc0c2ec4296ae1e7ef49:1770907371,572469,18289842382539867639079362738467334752951741961393928566628307174343542320349,BUY,0.05900000040453587,160.677965,9.48,0x8f0d9b1ad40506e93c2232cf0980f1c54b7bc9cea641dc0c2ec4296ae1e7ef49,"{""proxyWallet"": ""0xe8dd7741ccb12350957ec71e9ee332e0d1e6ec86"", ""side"": ""BUY"", ""asset"": ""18289842382539867639079362738467334752951741961393928566628307174343542320349"", ""conditionId"": ""0x61b66d02793b4a68ab0cc25be60d65f517fe18c7d654041281bb130341244fcc"", ""size"": 160.677965, ""price"": 0.05900000040453587, ""timestamp"": 1770907371, ""title"": ""Will Trump nominate Kevin Warsh as the next Fed chair?"", ""slug"": ""will-trump-nominate-kevin-warsh-as-the-next-fed-chair"", ""icon"": ""https://polymarket-upload.s3.us-east-2.amazonaws.com/will-trump-nominate-kevin-warsh-as-the-next-fed-chair-Bc-vVyyVjhsS.jpg"", ""eventSlug"": ""who-will-trump-nominate-as-fed-chair"", ""outcome"": ""No"", ""outcomeIndex"": 1, ""name"": ""influenz.eth"", ""pseudonym"": ""Real-Veteran"", ""bio"": ""3820"", ""profileImage"": """", ""profileImageOptimized"": """", ""transactionHash"": ""0x8f0d9b1ad40506e93c2232cf0980f1c54b7bc9cea641dc0c2ec4296ae1e7ef49""}"
1770907349,2026-02-14T02:01:56.979879,0x7033d16b61a5d822c70a611aa5c6ee3688be3f9ef2f708328df15e10397d4913:1770907349,572469,18289842382539867639079362738467334752951741961393928566628307174343542320349,BUY,0.059000000313881966,203.898304,12.030000000000001,0x7033d16b61a5d822c70a611aa5c6ee3688be3f9ef2f708328df15e10397d4913,"{""proxyWallet"": ""0xe8dd7741ccb12350957ec71e9ee332e0d1e6ec86"", ""side"": ""BUY"", ""asset"": ""18289842382539867639079362738467334752951741961393928566628307174343542320349"", ""conditionId"": ""0x61b66d02793b4a68ab0cc25be60d65f517fe18c7d654041281bb130341244fcc"", ""size"": 203.898304, ""price"": 0.059000000313881966, ""timestamp"": 1770907349, ""title"": ""Will Trump nominate Kevin Warsh as the next Fed chair?"", ""slug"": ""will-trump-nominate-kevin-warsh-as-the-next-fed-chair"", ""icon"": ""https://polymarket-upload.s3.us-east-2.amazonaws.com/will-trump-nominate-kevin-warsh-as-the-next-fed-chair-Bc-vVyyVjhsS.jpg"", ""eventSlug"": ""who-will-trump-nominate-as-fed-chair"", ""outcome"": ""No"", ""outcomeIndex"": 1, ""name"": ""influenz.eth"", ""pseudonym"": ""Real-Veteran"", ""bio"": ""3820"", ""profileImage"": """", ""profileImageOptimized"": """", ""transactionHash"": ""0x7033d16b61a5d822c70a611aa5c6ee3688be3f9ef2f708328df15e10397d4913""}"
1770907349,2026-02-14T02:01:56.979897,0x487359d3a4f2ca1e22c5b78f5b220f88f91129c5bbfacfcee8d5db5161c0381c:1770907349,572469,18289842382539867639079362738467334752951741961393928566628307174343542320349,BUY,0.05900000204357549,30.338982,1.7900000000000003,0x487359d3a4f2ca1e22c5b78f5b220f88f91129c5bbfacfcee8d5db5161c0381c,"{""proxyWallet"": ""0xe8dd7741ccb12350957ec71e9ee332e0d1e6ec86"", ""side"": ""BUY"", ""asset"": ""18289842382539867639079362738467334752951741961393928566628307174343542320349"", ""conditionId"": ""0x61b66d02793b4a68ab0cc25be60d65f517fe18c7d654041281bb130341244fcc"", ""size"": 30.338982, ""price"": 0.05900000204357549, ""timestamp"": 1770907349, ""title"": ""Will Trump nominate Kevin Warsh as the next Fed chair?"", ""slug"": ""will-trump-nominate-kevin-warsh-as-the-next-fed-chair"", ""icon"": ""https://polymarket-upload.s3.us-east-2.amazonaws.com/will-trump-nominate-kevin-warsh-as-the-next-fed-chair-Bc-vVyyVjhsS.jpg"", ""eventSlug"": ""who-will-trump-nominate-as-fed-chair"", ""outcome"": ""No"", ""outcomeIndex"": 1, ""name"": ""influenz.eth"", ""pseudonym"": ""Real-Veteran"", ""bio"": ""3820"", ""profileImage"": """", ""profileImageOptimized"": """", ""transactionHash"": ""0x487359d3a4f2ca1e22c5b78f5b220f88f91129c5bbfacfcee8d5db5161c0381c""}"
1770907349,2026-02-14T02:01:56.979914,0x35539c6ef3beb394c1c2f45cb6b368d526489b066626c3af7ca44d43293e3961:1770907349,572469,18289842382539867639079362738467334752951741961393928566628307174343542320349,BUY,0.059,200.0,11.799999999999999,0x35539c6ef3beb394c1c2f45cb6b368d526489b066626c3af7ca44d43293e3961,"{""proxyWallet"": ""0xe8dd7741ccb12350957ec71e9ee332e0d1e6ec86"", ""side"": ""BUY"", ""asset"": ""18289842382539867639079362738467334752951741961393928566628307174343542320349"", ""conditionId"": ""0x61b66d02793b4a68ab0cc25be60d65f517fe18c7d654041281bb130341244fcc"", ""size"": 200, ""price"": 0.059, ""timestamp"": 1770907349, ""title"": ""Will Trump nominate Kevin Warsh as the next Fed chair?"", ""slug"": ""will-trump-nominate-kevin-warsh-as-the-next-fed-chair"", ""icon"": ""https://polymarket-upload.s3.us-east-2.amazonaws.com/will-trump-nominate-kevin-warsh-as-the-next-fed-chair-Bc-vVyyVjhsS.jpg"", ""eventSlug"": ""who-will-trump-nominate-as-fed-chair"", ""outcome"": ""No"", ""outcomeIndex"": 1, ""name"": ""influenz.eth"", ""pseudonym"": ""Real-Veteran"", ""bio"": ""3820"", ""profileImage"": """", ""profileImageOptimized"": """", ""transactionHash"": ""0x35539c6ef3beb394c1c2f45cb6b368d526489b066626c3af7ca44d43293e3961""}"
1770907343,2026-02-14T02:01:56.979930,0x17ebe9b44be969a9d0a9dc0ab887fb3b105c8197b940cbab1b64410a9899c69f:1770907343,572469,18289842382539867639079362738467334752951741961393928566628307174343542320349,BUY,0.059,200.0,11.799999999999999,0x17ebe9b44be969a9d0a9dc0ab887fb3b105c8197b940cbab1b64410a9899c69f,"{""proxyWallet"": ""0xe8dd7741ccb12350957ec71e9ee332e0d1e6ec86"", ""side"": ""BUY"", ""asset"": ""18289842382539867639079362738467334752951741961393928566628307174343542320349"", ""conditionId"": ""0x61b66d02793b4a68ab0cc25be60d65f517fe18c7d654041281bb130341244fcc"", ""size"": 200, ""price"": 0.059, ""timestamp"": 1770907343, ""title"": ""Will Trump nominate Kevin Warsh as the next Fed chair?"", ""slug"": ""will-trump-nominate-kevin-warsh-as-the-next-fed-chair"", ""icon"": ""https://polymarket-upload.s3.us-east-2.amazonaws.com/will-trump-nominate-kevin-warsh-as-the-next-fed-chair-Bc-vVyyVjhsS.jpg"", ""eventSlug"": ""who-will-trump-nominate-as-fed-chair"", ""outcome"": ""No"", ""outcomeIndex"": 1, ""name"": ""influenz.eth"", ""pseudonym"": ""Real-Veteran"", ""bio"": ""3820"", ""profileImage"": """", ""profileImageOptimized"": """", ""transactionHash"": ""0x17ebe9b44be969a9d0a9dc0ab887fb3b105c8197b940cbab1b64410a9899c69f""}"
1770907337,2026-02-14T02:01:56.979947,0x4e771154b24bc98a2991952b740764b731b1ef258044af9dd9c0b8fc4bff4928:1770907337,572469,18289842382539867639079362738467334752951741961393928566628307174343542320349,BUY,0.05899999554489792,199.322032,11.759999,0x4e771154b24bc98a2991952b740764b731b1ef258044af9dd9c0b8fc4bff4928,"{""proxyWallet"": ""0xe8dd7741ccb12350957ec71e9ee332e0d1e6ec86"", ""side"": ""BUY"", ""asset"": ""18289842382539867639079362738467334752951741961393928566628307174343542320349"", ""conditionId"": ""0x61b66d02793b4a68ab0cc25be60d65f517fe18c7d654041281bb130341244fcc"", ""size"": 199.322032, ""price"": 0.05899999554489792, ""timestamp"": 1770907337, ""title"": ""Will Trump nominate Kevin Warsh as the next Fed chair?"", ""slug"": ""will-trump-nominate-kevin-warsh-as-the-next-fed-chair"", ""icon"": ""https://polymarket-upload.s3.us-east-2.amazonaws.com/will-trump-nominate-kevin-warsh-as-the-next-fed-chair-Bc-vVyyVjhsS.jpg"", ""eventSlug"": ""who-will-trump-nominate-as-fed-chair"", ""outcome"": ""No"", ""outcomeIndex"": 1, ""name"": ""influenz.eth"", ""pseudonym"": ""Real-Veteran"", ""bio"": ""3820"", ""profileImage"": """", ""profileImageOptimized"": """", ""transactionHash"": ""0x4e771154b24bc98a2991952b740764b731b1ef258044af9dd9c0b8fc4bff4928""}"
1770907297,2026-02-14T02:01:56.979970,0x247fd66343afaeb20bdd0ab0676f8a2ba0c55a77ef575a8b0393855a35784a60:1770907297,572469,18289842382539867639079362738467334752951741961393928566628307174343542320349,BUY,0.059,30.61,1.8059899999999998,0x247fd66343afaeb20bdd0ab0676f8a2ba0c55a77ef575a8b0393855a35784a60,"{""proxyWallet"": ""0x30cecdf29f069563ea21b8ae94492e41e53a6b2b"", ""side"": ""BUY"", ""asset"": ""18289842382539867639079362738467334752951741961393928566628307174343542320349"", ""conditionId"": ""0x61b66d02793b4a68ab0cc25be60d65f517fe18c7d654041281bb130341244fcc"", ""size"": 30.61, ""price"": 0.059, ""timestamp"": 1770907297, ""title"": ""Will Trump nominate Kevin Warsh as the next Fed chair?"", ""slug"": ""will-trump-nominate-kevin-warsh-as-the-next-fed-chair"", ""icon"": ""https://polymarket-upload.s3.us-east-2.amazonaws.com/will-trump-nominate-kevin-warsh-as-the-next-fed-chair-Bc-vVyyVjhsS.jpg"", ""eventSlug"": ""who-will-trump-nominate-as-fed-chair"", ""outcome"": ""No"", ""outcomeIndex"": 1, ""name"": ""ZXWP"", ""pseudonym"": ""Well-Documented-Hit"", ""bio"": """", ""profileImage"": """", ""profileImageOptimized"": """", ""transactionHash"": ""0x247fd66343afaeb20bdd0ab0676f8a2ba0c55a77ef575a8b0393855a35784a60""}"
1770907241,2026-02-14T02:01:56.979986,0x2438b92471e8198ad4659e02c1f3795a91789b66dbffa0348252ee28185fbbb7:1770907241,572469,18289842382539867639079362738467334752951741961393928566628307174343542320349,BUY,0.059,200.0,11.799999999999999,0x2438b92471e8198ad4659e02c1f3795a91789b66dbffa0348252ee28185fbbb7,"{""proxyWallet"": ""0xe8dd7741ccb12350957ec71e9ee332e0d1e6ec86"", ""side"": ""BUY"", ""asset"": ""18289842382539867639079362738467334752951741961393928566628307174343542320349"", ""conditionId"": ""0x61b66d02793b4a68ab0cc25be60d65f517fe18c7d654041281bb130341244fcc"", ""size"": 200, ""price"": 0.059, ""timestamp"": 1770907241, ""title"": ""Will Trump nominate Kevin Warsh as the next Fed chair?"", ""slug"": ""will-trump-nominate-kevin-warsh-as-the-next-fed-chair"", ""icon"": ""https://polymarket-upload.s3.us-east-2.amazonaws.com/will-trump-nominate-kevin-warsh-as-the-next-fed-chair-Bc-vVyyVjhsS.jpg"", ""eventSlug"": ""who-will-trump-nominate-as-fed-chair"", ""outcome"": ""No"", ""outcomeIndex"": 1, ""name"": ""influenz.eth"", ""pseudonym"": ""Real-Veteran"", ""bio"": ""3820"", ""profileImage"": """", ""profileImageOptimized"": """", ""transactionHash"": ""0x2438b92471e8198ad4659e02c1f3795a91789b66dbffa0348252ee28185fbbb7""}"
1770907231,2026-02-14T02:01:56.980002,0x0e009f4e295163e5c043b7ec2df5c1e4b293329cb127a3236aeb4a7d344aa647:1770907231,572469,18289842382539867639079362738467334752951741961393928566628307174343542320349,BUY,0.059,53.12,3.1340799999999995,0x0e009f4e295163e5c043b7ec2df5c1e4b293329cb127a3236aeb4a7d344aa647,"{""proxyWallet"": ""0x30cecdf29f069563ea21b8ae94492e41e53a6b2b"", ""side"": ""BUY"", ""asset"": ""18289842382539867639079362738467334752951741961393928566628307174343542320349"", ""conditionId"": ""0x61b66d02793b4a68ab0cc25be60d65f517fe18c7d654041281bb130341244fcc"", ""size"": 53.12, ""price"": 0.059, ""timestamp"": 1770907231, ""title"": ""Will Trump nominate Kevin Warsh as the next Fed chair?"", ""slug"": ""will-trump-nominate-kevin-warsh-as-the-next-fed-chair"", ""icon"": ""https://polymarket-upload.s3.us-east-2.amazonaws.com/will-trump-nominate-kevin-warsh-as-the-next-fed-chair-Bc-vVyyVjhsS.jpg"", ""eventSlug"": ""who-will-trump-nominate-as-fed-chair"", ""outcome"": ""No"", ""outcomeIndex"": 1, ""name"": ""ZXWP"", ""pseudonym"": ""Well-Documented-Hit"", ""bio"": """", ""profileImage"": """", ""profileImageOptimized"": """", ""transactionHash"": ""0x0e009f4e295163e5c043b7ec2df5c1e4b293329cb127a3236aeb4a7d344aa647""}"
1770907227,2026-02-14T02:01:56.980020,0x0b03a29311d8bb51678d9b8b05b8f9602536009fca59f680700028ce2644ea8e:1770907227,572469,18289842382539867639079362738467334752951741961393928566628307174343542320349,BUY,0.059,22.0,1.298,0x0b03a29311d8bb51678d9b8b05b8f9602536009fca59f680700028ce2644ea8e,"{""proxyWallet"": ""0x6c979ffcc3528a5d2395a2f7c89135711da0988c"", ""side"": ""BUY"", ""asset"": ""18289842382539867639079362738467334752951741961393928566628307174343542320349"", ""conditionId"": ""0x61b66d02793b4a68ab0cc25be60d65f517fe18c7d654041281bb130341244fcc"", ""size"": 22, ""price"": 0.059, ""timestamp"": 1770907227, ""title"": ""Will Trump nominate Kevin Warsh as the next Fed chair?"", ""slug"": ""will-trump-nominate-kevin-warsh-as-the-next-fed-chair"", ""icon"": ""https://polymarket-upload.s3.us-east-2.amazonaws.com/will-trump-nominate-kevin-warsh-as-the-next-fed-chair-Bc-vVyyVjhsS.jpg"", ""eventSlug"": ""who-will-trump-nominate-as-fed-chair"", ""outcome"": ""No"", ""outcomeIndex"": 1, ""name"": ""7G-MAN"", ""pseudonym"": ""Zigzag-Message"", ""bio"": ""LOL, Fake profit."", ""profileImage"": """", ""profileImageOptimized"": """", ""transactionHash"": ""0x0b03a29311d8bb51678d9b8b05b8f9602536009fca59f680700028ce2644ea8e""}"
1770907223,2026-02-14T02:01:56.980035,0xe22eda36d6405f4540f28b4413a957f9784574d9774ccdd7e56dcf78318042f6:1770907223,572469,18289842382539867639079362738467334752951741961393928566628307174343542320349,BUY,0.059,31.0,1.829,0xe22eda36d6405f4540f28b4413a957f9784574d9774ccdd7e56dcf78318042f6,"{""proxyWallet"": ""0x6c979ffcc3528a5d2395a2f7c89135711da0988c"", ""side"": ""BUY"", ""asset"": ""18289842382539867639079362738467334752951741961393928566628307174343542320349"", ""conditionId"": ""0x61b66d02793b4a68ab0cc25be60d65f517fe18c7d654041281bb130341244fcc"", ""size"": 31, ""price"": 0.059, ""timestamp"": 1770907223, ""title"": ""Will Trump nominate Kevin Warsh as the next Fed chair?"", ""slug"": ""will-trump-nominate-kevin-warsh-as-the-next-fed-chair"", ""icon"": ""https://polymarket-upload.s3.us-east-2.amazonaws.com/will-trump-nominate-kevin-warsh-as-the-next-fed-chair-Bc-vVyyVjhsS.jpg"", ""eventSlug"": ""who-will-trump-nominate-as-fed-chair"", ""outcome"": ""No"", ""outcomeIndex"": 1, ""name"": ""7G-MAN"", ""pseudonym"": ""Zigzag-Message"", ""bio"": ""LOL, Fake profit."", ""profileImage"": """", ""profileImageOptimized"": """", ""transactionHash"": ""0xe22eda36d6405f4540f28b4413a957f9784574d9774ccdd7e56dcf78318042f6""}"
1770907215,2026-02-14T02:01:56.980050,0x6af0cd750c3d85b32e97710670767b75c4cb40207bab1d90bb2818da2010a1a5:1770907215,572469,18289842382539867639079362738467334752951741961393928566628307174343542320349,BUY,0.05900000204357549,30.338982,1.7900000000000003,0x6af0cd750c3d85b32e97710670767b75c4cb40207bab1d90bb2818da2010a1a5,"{""proxyWallet"": ""0xe8dd7741ccb12350957ec71e9ee332e0d1e6ec86"", ""side"": ""BUY"", ""asset"": ""18289842382539867639079362738467334752951741961393928566628307174343542320349"", ""conditionId"": ""0x61b66d02793b4a68ab0cc25be60d65f517fe18c7d654041281bb130341244fcc"", ""size"": 30.338982, ""price"": 0.05900000204357549, ""timestamp"": 1770907215, ""title"": ""Will Trump nominate Kevin Warsh as the next Fed chair?"", ""slug"": ""will-trump-nominate-kevin-warsh-as-the-next-fed-chair"", ""icon"": ""https://polymarket-upload.s3.us-east-2.amazonaws.com/will-trump-nominate-kevin-warsh-as-the-next-fed-chair-Bc-vVyyVjhsS.jpg"", ""eventSlug"": ""who-will-trump-nominate-as-fed-chair"", ""outcome"": ""No"", ""outcomeIndex"": 1, ""name"": ""influenz.eth"", ""pseudonym"": ""Real-Veteran"", ""bio"": ""3820"", ""profileImage"": """", ""profileImageOptimized"": """", ""transactionHash"": ""0x6af0cd750c3d85b32e97710670767b75c4cb40207bab1d90bb2818da2010a1a5""}"
1770907215,2026-02-14T02:01:56.980069,0x6eb556b14c07356542319617c8061f07a77499cc755c17a44f7098925b78ceb8:1770907215,572469,18289842382539867639079362738467334752951741961393928566628307174343542320349,BUY,0.059,45.0,2.655,0x6eb556b14c07356542319617c8061f07a77499cc755c17a44f7098925b78ceb8,"{""proxyWallet"": ""0x6c979ffcc3528a5d2395a2f7c89135711da0988c"", ""side"": ""BUY"", ""asset"": ""18289842382539867639079362738467334752951741961393928566628307174343542320349"", ""conditionId"": ""0x61b66d02793b4a68ab0cc25be60d65f517fe18c7d654041281bb130341244fcc"", ""size"": 45, ""price"": 0.059, ""timestamp"": 1770907215, ""title"": ""Will Trump nominate Kevin Warsh as the next Fed chair?"", ""slug"": ""will-trump-nominate-kevin-warsh-as-the-next-fed-chair"", ""icon"": ""https://polymarket-upload.s3.us-east-2.amazonaws.com/will-trump-nominate-kevin-warsh-as-the-next-fed-chair-Bc-vVyyVjhsS.jpg"", ""eventSlug"": ""who-will-trump-nominate-as-fed-chair"", ""outcome"": ""No"", ""outcomeIndex"": 1, ""name"": ""7G-MAN"", ""pseudonym"": ""Zigzag-Message"", ""bio"": ""LOL, Fake profit."", ""profileImage"": """", ""profileImageOptimized"": """", ""transactionHash"": ""0x6eb556b14c07356542319617c8061f07a77499cc755c17a44f7098925b78ceb8""}"
1770907211,2026-02-14T02:01:56.980085,0x868b753e234ae977a9c8c87e1aca013790967ba3e88da4bc4e4e1ca8a20573ed:1770907211,572469,18289842382539867639079362738467334752951741961393928566628307174343542320349,BUY,0.059,64.0,3.776,0x868b753e234ae977a9c8c87e1aca013790967ba3e88da4bc4e4e1ca8a20573ed,"{""proxyWallet"": ""0x6c979ffcc3528a5d2395a2f7c89135711da0988c"", ""side"": ""BUY"", ""asset"": ""18289842382539867639079362738467334752951741961393928566628307174343542320349"", ""conditionId"": ""0x61b66d02793b4a68ab0cc25be60d65f517fe18c7d654041281bb130341244fcc"", ""size"": 64, ""price"": 0.059, ""timestamp"": 1770907211, ""title"": ""Will Trump nominate Kevin Warsh as the next Fed chair?"", ""slug"": ""will-trump-nominate-kevin-warsh-as-the-next-fed-chair"", ""icon"": ""https://polymarket-upload.s3.us-east-2.amazonaws.com/will-trump-nominate-kevin-warsh-as-the-next-fed-chair-Bc-vVyyVjhsS.jpg"", ""eventSlug"": ""who-will-trump-nominate-as-fed-chair"", ""outcome"": ""No"", ""outcomeIndex"": 1, ""name"": ""7G-MAN"", ""pseudonym"": ""Zigzag-Message"", ""bio"": ""LOL, Fake profit."", ""profileImage"": """", ""profileImageOptimized"": """", ""transactionHash"": ""0x868b753e234ae977a9c8c87e1aca013790967ba3e88da4bc4e4e1ca8a20573ed""}"
1770907205,2026-02-14T02:01:56.980100,0x75c18da9fae3f706abb977af496a7a4e5d9af1ef4810de300dac0a157ae75c1c:1770907205,572469,18289842382539867639079362738467334752951741961393928566628307174343542320349,BUY,0.059,91.0,5.369,0x75c18da9fae3f706abb977af496a7a4e5d9af1ef4810de300dac0a157ae75c1c,"{""proxyWallet"": ""0x6c979ffcc3528a5d2395a2f7c89135711da0988c"", ""side"": ""BUY"", ""asset"": ""18289842382539867639079362738467334752951741961393928566628307174343542320349"", ""conditionId"": ""0x61b66d02793b4a68ab0cc25be60d65f517fe18c7d654041281bb130341244fcc"", ""size"": 91, ""price"": 0.059, ""timestamp"": 1770907205, ""title"": ""Will Trump nominate Kevin Warsh as the next Fed chair?"", ""slug"": ""will-trump-nominate-kevin-warsh-as-the-next-fed-chair"", ""icon"": ""https://polymarket-upload.s3.us-east-2.amazonaws.com/will-trump-nominate-kevin-warsh-as-the-next-fed-chair-Bc-vVyyVjhsS.jpg"", ""eventSlug"": ""who-will-trump-nominate-as-fed-chair"", ""outcome"": ""No"", ""outcomeIndex"": 1, ""name"": ""7G-MAN"", ""pseudonym"": ""Zigzag-Message"", ""bio"": ""LOL, Fake profit."", ""profileImage"": """", ""profileImageOptimized"": """", ""transactionHash"": ""0x75c18da9fae3f706abb977af496a7a4e5d9af1ef4810de300dac0a157ae75c1c""}"
1770907201,2026-02-14T02:01:56.980119,0x3e65122a3c4c09906b917b81267507fb12fb634bfe7827abb45eb88c2e5ceb3b:1770907201,572469,18289842382539867639079362738467334752951741961393928566628307174343542320349,BUY,0.059,30.61,1.8059899999999998,0x3e65122a3c4c09906b917b81267507fb12fb634bfe7827abb45eb88c2e5ceb3b,"{""proxyWallet"": ""0x30cecdf29f069563ea21b8ae94492e41e53a6b2b"", ""side"": ""BUY"", ""asset"": ""18289842382539867639079362738467334752951741961393928566628307174343542320349"", ""conditionId"": ""0x61b66d02793b4a68ab0cc25be60d65f517fe18c7d654041281bb130341244fcc"", ""size"": 30.61, ""price"": 0.059, ""timestamp"": 1770907201, ""title"": ""Will Trump nominate Kevin Warsh as the next Fed chair?"", ""slug"": ""will-trump-nominate-kevin-warsh-as-the-next-fed-chair"", ""icon"": ""https://polymarket-upload.s3.us-east-2.amazonaws.com/will-trump-nominate-kevin-warsh-as-the-next-fed-chair-Bc-vVyyVjhsS.jpg"", ""eventSlug"": ""who-will-trump-nominate-as-fed-chair"", ""outcome"": ""No"", ""outcomeIndex"": 1, ""name"": ""ZXWP"", ""pseudonym"": ""Well-Documented-Hit"", ""bio"": """", ""profileImage"": """", ""profileImageOptimized"": """", ""transactionHash"": ""0x3e65122a3c4c09906b917b81267507fb12fb634bfe7827abb45eb88c2e5ceb3b""}"
1770907181,2026-02-14T02:01:56.980136,0xe61768800b43f0cc16dcbf2f75c565264f6699576dbf6ff7af17aabab1c9518a:1770907181,572469,18289842382539867639079362738467334752951741961393928566628307174343542320349,BUY,0.059,185.52,10.94568,0xe61768800b43f0cc16dcbf2f75c565264f6699576dbf6ff7af17aabab1c9518a,"{""proxyWallet"": ""0x67bc6af6806df61ba5144b125174ecf5f821d54e"", ""side"": ""BUY"", ""asset"": ""18289842382539867639079362738467334752951741961393928566628307174343542320349"", ""conditionId"": ""0x61b66d02793b4a68ab0cc25be60d65f517fe18c7d654041281bb130341244fcc"", ""size"": 185.52, ""price"": 0.059, ""timestamp"": 1770907181, ""title"": ""Will Trump nominate Kevin Warsh as the next Fed chair?"", ""slug"": ""will-trump-nominate-kevin-warsh-as-the-next-fed-chair"", ""icon"": ""https://polymarket-upload.s3.us-east-2.amazonaws.com/will-trump-nominate-kevin-warsh-as-the-next-fed-chair-Bc-vVyyVjhsS.jpg"", ""eventSlug"": ""who-will-trump-nominate-as-fed-chair"", ""outcome"": ""No"", ""outcomeIndex"": 1, ""name"": ""waterfall0"", ""pseudonym"": ""Limp-Colt"", ""bio"": """", ""profileImage"": """", ""profileImageOptimized"": """", ""transactionHash"": ""0xe61768800b43f0cc16dcbf2f75c565264f6699576dbf6ff7af17aabab1c9518a""}"
1770907161,2026-02-14T02:01:56.980153,0xec5f52c0e31a83e6cc08eddd94d3f0910ebe2d97a282d2cdaa8f32a9a879e22c:1770907161,572469,18289842382539867639079362738467334752951741961393928566628307174343542320349,BUY,0.059,409.35,24.15165,0xec5f52c0e31a83e6cc08eddd94d3f0910ebe2d97a282d2cdaa8f32a9a879e22c,"{""proxyWallet"": ""0x67bc6af6806df61ba5144b125174ecf5f821d54e"", ""side"": ""BUY"", ""asset"": ""18289842382539867639079362738467334752951741961393928566628307174343542320349"", ""conditionId"": ""0x61b66d02793b4a68ab0cc25be60d65f517fe18c7d654041281bb130341244fcc"", ""size"": 409.35, ""price"": 0.059, ""timestamp"": 1770907161, ""title"": ""Will Trump nominate Kevin Warsh as the next Fed chair?"", ""slug"": ""will-trump-nominate-kevin-warsh-as-the-next-fed-chair"", ""icon"": ""https://polymarket-upload.s3.us-east-2.amazonaws.com/will-trump-nominate-kevin-warsh-as-the-next-fed-chair-Bc-vVyyVjhsS.jpg"", ""eventSlug"": ""who-will-trump-nominate-as-fed-chair"", ""outcome"": ""No"", ""outcomeIndex"": 1, ""name"": ""waterfall0"", ""pseudonym"": ""Limp-Colt"", ""bio"": """", ""profileImage"": """", ""profileImageOptimized"": """", ""transactionHash"": ""0xec5f52c0e31a83e6cc08eddd94d3f0910ebe2d97a282d2cdaa8f32a9a879e22c""}"
1770907161,2026-02-14T02:01:56.980169,0xb310faabbe05150d4c39fee0e450f96daba12f432c9a903626f606e638b8eab9:1770907161,572469,18289842382539867639079362738467334752951741961393928566628307174343542320349,BUY,0.058999998872148,824.57627,48.649999,0xb310faabbe05150d4c39fee0e450f96daba12f432c9a903626f606e638b8eab9,"{""proxyWallet"": ""0xe8dd7741ccb12350957ec71e9ee332e0d1e6ec86"", ""side"": ""BUY"", ""asset"": ""18289842382539867639079362738467334752951741961393928566628307174343542320349"", ""conditionId"": ""0x61b66d02793b4a68ab0cc25be60d65f517fe18c7d654041281bb130341244fcc"", ""size"": 824.57627, ""price"": 0.058999998872148, ""timestamp"": 1770907161, ""title"": ""Will Trump nominate Kevin Warsh as the next Fed chair?"", ""slug"": ""will-trump-nominate-kevin-warsh-as-the-next-fed-chair"", ""icon"": ""https://polymarket-upload.s3.us-east-2.amazonaws.com/will-trump-nominate-kevin-warsh-as-the-next-fed-chair-Bc-vVyyVjhsS.jpg"", ""eventSlug"": ""who-will-trump-nominate-as-fed-chair"", ""outcome"": ""No"", ""outcomeIndex"": 1, ""name"": ""influenz.eth"", ""pseudonym"": ""Real-Veteran"", ""bio"": ""3820"", ""profileImage"": """", ""profileImageOptimized"": """", ""transactionHash"": ""0xb310faabbe05150d4c39fee0e450f96daba12f432c9a903626f606e638b8eab9""}"
1770907161,2026-02-14T02:01:56.980189,0x583a5282082a091281e625e22b6396397638bd0d851694a1adccdd3ea76bd496:1770907161,572469,18289842382539867639079362738467334752951741961393928566628307174343542320349,BUY,0.059,5.0,0.295,0x583a5282082a091281e625e22b6396397638bd0d851694a1adccdd3ea76bd496,"{""proxyWallet"": ""0xd32ce89f16509d3c8f8b5e9750305a5b2bc2a4c2"", ""side"": ""BUY"", ""asset"": ""18289842382539867639079362738467334752951741961393928566628307174343542320349"", ""conditionId"": ""0x61b66d02793b4a68ab0cc25be60d65f517fe18c7d654041281bb130341244fcc"", ""size"": 5, ""price"": 0.059, ""timestamp"": 1770907161, ""title"": ""Will Trump nominate Kevin Warsh as the next Fed chair?"", ""slug"": ""will-trump-nominate-kevin-warsh-as-the-next-fed-chair"", ""icon"": ""https://polymarket-upload.s3.us-east-2.amazonaws.com/will-trump-nominate-kevin-warsh-as-the-next-fed-chair-Bc-vVyyVjhsS.jpg"", ""eventSlug"": ""who-will-trump-nominate-as-fed-chair"", ""outcome"": ""No"", ""outcomeIndex"": 1, ""name"": """", ""pseudonym"": """", ""bio"": """", ""profileImage"": """", ""profileImageOptimized"": """", ""transactionHash"": ""0x583a5282082a091281e625e22b6396397638bd0d851694a1adccdd3ea76bd496""}"
1770907131,2026-02-14T02:01:56.980205,0x59e055d9b63c8f34f28bdf354772b9994aa335b817eb9eb8514000047a7a79b2:1770907131,572469,18289842382539867639079362738467334752951741961393928566628307174343542320349,BUY,0.05899994636899512,16.949151,0.999999,0x59e055d9b63c8f34f28bdf354772b9994aa335b817eb9eb8514000047a7a79b2,"{""proxyWallet"": ""0x57180a8a059863ceb403400cdc837d3c8ca184a7"", ""side"": ""BUY"", ""asset"": ""18289842382539867639079362738467334752951741961393928566628307174343542320349"", ""conditionId"": ""0x61b66d02793b4a68ab0cc25be60d65f517fe18c7d654041281bb130341244fcc"", ""size"": 16.949151, ""price"": 0.05899994636899512, ""timestamp"": 1770907131, ""title"": ""Will Trump nominate Kevin Warsh as the next Fed chair?"", ""slug"": ""will-trump-nominate-kevin-warsh-as-the-next-fed-chair"", ""icon"": ""https://polymarket-upload.s3.us-east-2.amazonaws.com/will-trump-nominate-kevin-warsh-as-the-next-fed-chair-Bc-vVyyVjhsS.jpg"", ""eventSlug"": ""who-will-trump-nominate-as-fed-chair"", ""outcome"": ""No"", ""outcomeIndex"": 1, ""name"": ""nathanhatts"", ""pseudonym"": ""Superb-Adrenaline"", ""bio"": """", ""profileImage"": """", ""profileImageOptimized"": """", ""transactionHash"": ""0x59e055d9b63c8f34f28bdf354772b9994aa335b817eb9eb8514000047a7a79b2""}"
1770906995,2026-02-14T02:01:56.980225,0x2e93fa66b54805936f23eff7e707b4c85cbe19d3993b00e41aede5a24711e067:1770906995,572469,18289842382539867639079362738467334752951741961393928566628307174343542320349,BUY,0.059,390.0,23.009999999999998,0x2e93fa66b54805936f23eff7e707b4c85cbe19d3993b00e41aede5a24711e067,"{""proxyWallet"": ""0x6c979ffcc3528a5d2395a2f7c89135711da0988c"", ""side"": ""BUY"", ""asset"": ""18289842382539867639079362738467334752951741961393928566628307174343542320349"", ""conditionId"": ""0x61b66d02793b4a68ab0cc25be60d65f517fe18c7d654041281bb130341244fcc"", ""size"": 390, ""price"": 0.059, ""timestamp"": 1770906995, ""title"": ""Will Trump nominate Kevin Warsh as the next Fed chair?"", ""slug"": ""will-trump-nominate-kevin-warsh-as-the-next-fed-chair"", ""icon"": ""https://polymarket-upload.s3.us-east-2.amazonaws.com/will-trump-nominate-kevin-warsh-as-the-next-fed-chair-Bc-vVyyVjhsS.jpg"", ""eventSlug"": ""who-will-trump-nominate-as-fed-chair"", ""outcome"": ""No"", ""outcomeIndex"": 1, ""name"": ""7G-MAN"", ""pseudonym"": ""Zigzag-Message"", ""bio"": ""LOL, Fake profit."", ""profileImage"": """", ""profileImageOptimized"": """", ""transactionHash"": ""0x2e93fa66b54805936f23eff7e707b4c85cbe19d3993b00e41aede5a24711e067""}"
1770906993,2026-02-14T02:01:56.980246,0x4d9a61db96ec78c91e56566476d5a5194c8123975bf3ac425fcc97946ab10b81:1770906993,572469,18289842382539867639079362738467334752951741961393928566628307174343542320349,BUY,0.059,145.54,8.58686,0x4d9a61db96ec78c91e56566476d5a5194c8123975bf3ac425fcc97946ab10b81,"{""proxyWallet"": ""0x30cecdf29f069563ea21b8ae94492e41e53a6b2b"", ""side"": ""BUY"", ""asset"": ""18289842382539867639079362738467334752951741961393928566628307174343542320349"", ""conditionId"": ""0x61b66d02793b4a68ab0cc25be60d65f517fe18c7d654041281bb130341244fcc"", ""size"": 145.54, ""price"": 0.059, ""timestamp"": 1770906993, ""title"": ""Will Trump nominate Kevin Warsh as the next Fed chair?"", ""slug"": ""will-trump-nominate-kevin-warsh-as-the-next-fed-chair"", ""icon"": ""https://polymarket-upload.s3.us-east-2.amazonaws.com/will-trump-nominate-kevin-warsh-as-the-next-fed-chair-Bc-vVyyVjhsS.jpg"", ""eventSlug"": ""who-will-trump-nominate-as-fed-chair"", ""outcome"": ""No"", ""outcomeIndex"": 1, ""name"": ""ZXWP"", ""pseudonym"": ""Well-Documented-Hit"", ""bio"": """", ""profileImage"": """", ""profileImageOptimized"": """", ""transactionHash"": ""0x4d9a61db96ec78c91e56566476d5a5194c8123975bf3ac425fcc97946ab10b81""}"
1770906989,2026-02-14T02:01:56.980262,0x2e3338a5b53484e8e08a5d351bd1005f463033191961c6b7d7493804c518e717:1770906989,572469,18289842382539867639079362738467334752951741961393928566628307174343542320349,BUY,0.059,557.0,32.863,0x2e3338a5b53484e8e08a5d351bd1005f463033191961c6b7d7493804c518e717,"{""proxyWallet"": ""0x6c979ffcc3528a5d2395a2f7c89135711da0988c"", ""side"": ""BUY"", ""asset"": ""18289842382539867639079362738467334752951741961393928566628307174343542320349"", ""conditionId"": ""0x61b66d02793b4a68ab0cc25be60d65f517fe18c7d654041281bb130341244fcc"", ""size"": 557, ""price"": 0.059, ""timestamp"": 1770906989, ""title"": ""Will Trump nominate Kevin Warsh as the next Fed chair?"", ""slug"": ""will-trump-nominate-kevin-warsh-as-the-next-fed-chair"", ""icon"": ""https://polymarket-upload.s3.us-east-2.amazonaws.com/will-trump-nominate-kevin-warsh-as-the-next-fed-chair-Bc-vVyyVjhsS.jpg"", ""eventSlug"": ""who-will-trump-nominate-as-fed-chair"", ""outcome"": ""No"", ""outcomeIndex"": 1, ""name"": ""7G-MAN"", ""pseudonym"": ""Zigzag-Message"", ""bio"": ""LOL, Fake profit."", ""profileImage"": """", ""profileImageOptimized"": """", ""transactionHash"": ""0x2e3338a5b53484e8e08a5d351bd1005f463033191961c6b7d7493804c518e717""}"
1770906983,2026-02-14T02:01:56.980278,0x0ad41eabd125dd6176fe75aa1809d2cecca0c644433bd33653048a9021514b45:1770906983,572469,18289842382539867639079362738467334752951741961393928566628307174343542320349,BUY,0.059,46.0,2.714,0x0ad41eabd125dd6176fe75aa1809d2cecca0c644433bd33653048a9021514b45,"{""proxyWallet"": ""0x6c979ffcc3528a5d2395a2f7c89135711da0988c"", ""side"": ""BUY"", ""asset"": ""18289842382539867639079362738467334752951741961393928566628307174343542320349"", ""conditionId"": ""0x61b66d02793b4a68ab0cc25be60d65f517fe18c7d654041281bb130341244fcc"", ""size"": 46, ""price"": 0.059, ""timestamp"": 1770906983, ""title"": ""Will Trump nominate Kevin Warsh as the next Fed chair?"", ""slug"": ""will-trump-nominate-kevin-warsh-as-the-next-fed-chair"", ""icon"": ""https://polymarket-upload.s3.us-east-2.amazonaws.com/will-trump-nominate-kevin-warsh-as-the-next-fed-chair-Bc-vVyyVjhsS.jpg"", ""eventSlug"": ""who-will-trump-nominate-as-fed-chair"", ""outcome"": ""No"", ""outcomeIndex"": 1, ""name"": ""7G-MAN"", ""pseudonym"": ""Zigzag-Message"", ""bio"": ""LOL, Fake profit."", ""profileImage"": """", ""profileImageOptimized"": """", ""transactionHash"": ""0x0ad41eabd125dd6176fe75aa1809d2cecca0c644433bd33653048a9021514b45""}"
1770906979,2026-02-14T02:01:56.980295,0x1c2c4109dba415d1c6b48dbfdbdc31d61a8f61f2665067e6ab84c2e1998a0747:1770906979,572469,18289842382539867639079362738467334752951741961393928566628307174343542320349,BUY,0.059,66.0,3.8939999999999997,0x1c2c4109dba415d1c6b48dbfdbdc31d61a8f61f2665067e6ab84c2e1998a0747,"{""proxyWallet"": ""0x6c979ffcc3528a5d2395a2f7c89135711da0988c"", ""side"": ""BUY"", ""asset"": ""18289842382539867639079362738467334752951741961393928566628307174343542320349"", ""conditionId"": ""0x61b66d02793b4a68ab0cc25be60d65f517fe18c7d654041281bb130341244fcc"", ""size"": 66, ""price"": 0.059, ""timestamp"": 1770906979, ""title"": ""Will Trump nominate Kevin Warsh as the next Fed chair?"", ""slug"": ""will-trump-nominate-kevin-warsh-as-the-next-fed-chair"", ""icon"": ""https://polymarket-upload.s3.us-east-2.amazonaws.com/will-trump-nominate-kevin-warsh-as-the-next-fed-chair-Bc-vVyyVjhsS.jpg"", ""eventSlug"": ""who-will-trump-nominate-as-fed-chair"", ""outcome"": ""No"", ""outcomeIndex"": 1, ""name"": ""7G-MAN"", ""pseudonym"": ""Zigzag-Message"", ""bio"": ""LOL, Fake profit."", ""profileImage"": """", ""profileImageOptimized"": """", ""transactionHash"": ""0x1c2c4109dba415d1c6b48dbfdbdc31d61a8f61f2665067e6ab84c2e1998a0747""}"
1770906973,2026-02-14T02:01:56.980317,0xff95e3c42de45e3bad2d3d8e9573964ce5049c3da6fb1ddcc7721d6f6f7fc690:1770906973,572469,18289842382539867639079362738467334752951741961393928566628307174343542320349,BUY,0.059,146.0,8.613999999999999,0xff95e3c42de45e3bad2d3d8e9573964ce5049c3da6fb1ddcc7721d6f6f7fc690,"{""proxyWallet"": ""0x6c979ffcc3528a5d2395a2f7c89135711da0988c"", ""side"": ""BUY"", ""asset"": ""18289842382539867639079362738467334752951741961393928566628307174343542320349"", ""conditionId"": ""0x61b66d02793b4a68ab0cc25be60d65f517fe18c7d654041281bb130341244fcc"", ""size"": 146, ""price"": 0.059, ""timestamp"": 1770906973, ""title"": ""Will Trump nominate Kevin Warsh as the next Fed chair?"", ""slug"": ""will-trump-nominate-kevin-warsh-as-the-next-fed-chair"", ""icon"": ""https://polymarket-upload.s3.us-east-2.amazonaws.com/will-trump-nominate-kevin-warsh-as-the-next-fed-chair-Bc-vVyyVjhsS.jpg"", ""eventSlug"": ""who-will-trump-nominate-as-fed-chair"", ""outcome"": ""No"", ""outcomeIndex"": 1, ""name"": ""7G-MAN"", ""pseudonym"": ""Zigzag-Message"", ""bio"": ""LOL, Fake profit."", ""profileImage"": """", ""profileImageOptimized"": """", ""transactionHash"": ""0xff95e3c42de45e3bad2d3d8e9573964ce5049c3da6fb1ddcc7721d6f6f7fc690""}"
1770906967,2026-02-14T02:01:56.980334,0x62c25d1ac32d3dec3a0979abd6cdacf9aad81023610f79c175db20836e8594ca:1770906967,572469,18289842382539867639079362738467334752951741961393928566628307174343542320349,BUY,0.059,229.0,13.511,0x62c25d1ac32d3dec3a0979abd6cdacf9aad81023610f79c175db20836e8594ca,"{""proxyWallet"": ""0x6c979ffcc3528a5d2395a2f7c89135711da0988c"", ""side"": ""BUY"", ""asset"": ""18289842382539867639079362738467334752951741961393928566628307174343542320349"", ""conditionId"": ""0x61b66d02793b4a68ab0cc25be60d65f517fe18c7d654041281bb130341244fcc"", ""size"": 229, ""price"": 0.059, ""timestamp"": 1770906967, ""title"": ""Will Trump nominate Kevin Warsh as the next Fed chair?"", ""slug"": ""will-trump-nominate-kevin-warsh-as-the-next-fed-chair"", ""icon"": ""https://polymarket-upload.s3.us-east-2.amazonaws.com/will-trump-nominate-kevin-warsh-as-the-next-fed-chair-Bc-vVyyVjhsS.jpg"", ""eventSlug"": ""who-will-trump-nominate-as-fed-chair"", ""outcome"": ""No"", ""outcomeIndex"": 1, ""name"": ""7G-MAN"", ""pseudonym"": ""Zigzag-Message"", ""bio"": ""LOL, Fake profit."", ""profileImage"": """", ""profileImageOptimized"": """", ""transactionHash"": ""0x62c25d1ac32d3dec3a0979abd6cdacf9aad81023610f79c175db20836e8594ca""}"
1770906897,2026-02-14T02:01:56.980351,0xed77fea56f251005b3ac5561fb0140b9669c873baf2b33db665bf4838e9e9fc5:1770906897,572469,18289842382539867639079362738467334752951741961393928566628307174343542320349,BUY,0.058999998879410556,828.135592,48.859998999999995,0xed77fea56f251005b3ac5561fb0140b9669c873baf2b33db665bf4838e9e9fc5,"{""proxyWallet"": ""0xe8dd7741ccb12350957ec71e9ee332e0d1e6ec86"", ""side"": ""BUY"", ""asset"": ""18289842382539867639079362738467334752951741961393928566628307174343542320349"", ""conditionId"": ""0x61b66d02793b4a68ab0cc25be60d65f517fe18c7d654041281bb130341244fcc"", ""size"": 828.135592, ""price"": 0.058999998879410556, ""timestamp"": 1770906897, ""title"": ""Will Trump nominate Kevin Warsh as the next Fed chair?"", ""slug"": ""will-trump-nominate-kevin-warsh-as-the-next-fed-chair"", ""icon"": ""https://polymarket-upload.s3.us-east-2.amazonaws.com/will-trump-nominate-kevin-warsh-as-the-next-fed-chair-Bc-vVyyVjhsS.jpg"", ""eventSlug"": ""who-will-trump-nominate-as-fed-chair"", ""outcome"": ""No"", ""outcomeIndex"": 1, ""name"": ""influenz.eth"", ""pseudonym"": ""Real-Veteran"", ""bio"": ""3820"", ""profileImage"": """", ""profileImageOptimized"": """", ""transactionHash"": ""0xed77fea56f251005b3ac5561fb0140b9669c873baf2b33db665bf4838e9e9fc5""}"
1770906895,2026-02-14T02:01:56.980368,0x6ee1d45588afd1d5c5dc239da8b69d311bab926f663df175110560ebdadd7501:1770906895,572469,18289842382539867639079362738467334752951741961393928566628307174343542320349,BUY,0.059,9000.0,531.0,0x6ee1d45588afd1d5c5dc239da8b69d311bab926f663df175110560ebdadd7501,"{""proxyWallet"": ""0x67bc6af6806df61ba5144b125174ecf5f821d54e"", ""side"": ""BUY"", ""asset"": ""18289842382539867639079362738467334752951741961393928566628307174343542320349"", ""conditionId"": ""0x61b66d02793b4a68ab0cc25be60d65f517fe18c7d654041281bb130341244fcc"", ""size"": 9000, ""price"": 0.059, ""timestamp"": 1770906895, ""title"": ""Will Trump nominate Kevin Warsh as the next Fed chair?"", ""slug"": ""will-trump-nominate-kevin-warsh-as-the-next-fed-chair"", ""icon"": ""https://polymarket-upload.s3.us-east-2.amazonaws.com/will-trump-nominate-kevin-warsh-as-the-next-fed-chair-Bc-vVyyVjhsS.jpg"", ""eventSlug"": ""who-will-trump-nominate-as-fed-chair"", ""outcome"": ""No"", ""outcomeIndex"": 1, ""name"": ""waterfall0"", ""pseudonym"": ""Limp-Colt"", ""bio"": """", ""profileImage"": """", ""profileImageOptimized"": """", ""transactionHash"": ""0x6ee1d45588afd1d5c5dc239da8b69d311bab926f663df175110560ebdadd7501""}"
1770906895,2026-02-14T02:01:56.980391,0x5e00db4e4e7b68c3b4287b61b1ddd3c8cf11293541b2ab20c03b0e588d0da9ad:1770906895,572469,18289842382539867639079362738467334752951741961393928566628307174343542320349,BUY,0.059,5.0,0.295,0x5e00db4e4e7b68c3b4287b61b1ddd3c8cf11293541b2ab20c03b0e588d0da9ad,"{""proxyWallet"": ""0xd32ce89f16509d3c8f8b5e9750305a5b2bc2a4c2"", ""side"": ""BUY"", ""asset"": ""18289842382539867639079362738467334752951741961393928566628307174343542320349"", ""conditionId"": ""0x61b66d02793b4a68ab0cc25be60d65f517fe18c7d654041281bb130341244fcc"", ""size"": 5, ""price"": 0.059, ""timestamp"": 1770906895, ""title"": ""Will Trump nominate Kevin Warsh as the next Fed chair?"", ""slug"": ""will-trump-nominate-kevin-warsh-as-the-next-fed-chair"", ""icon"": ""https://polymarket-upload.s3.us-east-2.amazonaws.com/will-trump-nominate-kevin-warsh-as-the-next-fed-chair-Bc-vVyyVjhsS.jpg"", ""eventSlug"": ""who-will-trump-nominate-as-fed-chair"", ""outcome"": ""No"", ""outcomeIndex"": 1, ""name"": """", ""pseudonym"": """", ""bio"": """", ""profileImage"": """", ""profileImageOptimized"": """", ""transactionHash"": ""0x5e00db4e4e7b68c3b4287b61b1ddd3c8cf11293541b2ab20c03b0e588d0da9ad""}"
1770906341,2026-02-14T02:01:56.980412,0xfa972ea16804df7ec5fbf30e9f744a86741885c02340eabd3238cb74dd0f9ba7:1770906341,572469,18289842382539867639079362738467334752951741961393928566628307174343542320349,SELL,0.057,20.0,1.1400000000000001,0xfa972ea16804df7ec5fbf30e9f744a86741885c02340eabd3238cb74dd0f9ba7,"{""proxyWallet"": ""0x81924e30a4fe9e1eb715ade61296be6fa74c0664"", ""side"": ""SELL"", ""asset"": ""18289842382539867639079362738467334752951741961393928566628307174343542320349"", ""conditionId"": ""0x61b66d02793b4a68ab0cc25be60d65f517fe18c7d654041281bb130341244fcc"", ""size"": 20, ""price"": 0.057, ""timestamp"": 1770906341, ""title"": ""Will Trump nominate Kevin Warsh as the next Fed chair?"", ""slug"": ""will-trump-nominate-kevin-warsh-as-the-next-fed-chair"", ""icon"": ""https://polymarket-upload.s3.us-east-2.amazonaws.com/will-trump-nominate-kevin-warsh-as-the-next-fed-chair-Bc-vVyyVjhsS.jpg"", ""eventSlug"": ""who-will-trump-nominate-as-fed-chair"", ""outcome"": ""No"", ""outcomeIndex"": 1, ""name"": ""ImpossibleAk12"", ""pseudonym"": ""Thoughtful-Proportion"", ""bio"": """", ""profileImage"": ""https://polymarket-upload.s3.us-east-2.amazonaws.com/profile-image-4175572-487ad7c6-f259-4f9b-a025-89fe7faca83a.jpg"", ""profileImageOptimized"": """", ""transactionHash"": ""0xfa972ea16804df7ec5fbf30e9f744a86741885c02340eabd3238cb74dd0f9ba7""}"
1770906173,2026-02-14T02:01:56.980431,0x4880beed4ff601f0d1eb232c25b51c0ec19cb8b9b4d4ac16a10f7b20afcc3928:1770906173,572469,18289842382539867639079362738467334752951741961393928566628307174343542320349,BUY,0.058,7707.0,447.00600000000003,0x4880beed4ff601f0d1eb232c25b51c0ec19cb8b9b4d4ac16a10f7b20afcc3928,"{""proxyWallet"": ""0x67bc6af6806df61ba5144b125174ecf5f821d54e"", ""side"": ""BUY"", ""asset"": ""18289842382539867639079362738467334752951741961393928566628307174343542320349"", ""conditionId"": ""0x61b66d02793b4a68ab0cc25be60d65f517fe18c7d654041281bb130341244fcc"", ""size"": 7707, ""price"": 0.058, ""timestamp"": 1770906173, ""title"": ""Will Trump nominate Kevin Warsh as the next Fed chair?"", ""slug"": ""will-trump-nominate-kevin-warsh-as-the-next-fed-chair"", ""icon"": ""https://polymarket-upload.s3.us-east-2.amazonaws.com/will-trump-nominate-kevin-warsh-as-the-next-fed-chair-Bc-vVyyVjhsS.jpg"", ""eventSlug"": ""who-will-trump-nominate-as-fed-chair"", ""outcome"": ""No"", ""outcomeIndex"": 1, ""name"": ""waterfall0"", ""pseudonym"": ""Limp-Colt"", ""bio"": """", ""profileImage"": """", ""profileImageOptimized"": """", ""transactionHash"": ""0x4880beed4ff601f0d1eb232c25b51c0ec19cb8b9b4d4ac16a10f7b20afcc3928""}"
1770906173,2026-02-14T02:01:56.980447,0xb43418681b2efb7dc5a47d7bf34c725d24a5c0d79f1e9257ca539aca775b9726:1770906173,572469,18289842382539867639079362738467334752951741961393928566628307174343542320349,BUY,0.058,5.0,0.29000000000000004,0xb43418681b2efb7dc5a47d7bf34c725d24a5c0d79f1e9257ca539aca775b9726,"{""proxyWallet"": ""0xd32ce89f16509d3c8f8b5e9750305a5b2bc2a4c2"", ""side"": ""BUY"", ""asset"": ""18289842382539867639079362738467334752951741961393928566628307174343542320349"", ""conditionId"": ""0x61b66d02793b4a68ab0cc25be60d65f517fe18c7d654041281bb130341244fcc"", ""size"": 5, ""price"": 0.058, ""timestamp"": 1770906173, ""title"": ""Will Trump nominate Kevin Warsh as the next Fed chair?"", ""slug"": ""will-trump-nominate-kevin-warsh-as-the-next-fed-chair"", ""icon"": ""https://polymarket-upload.s3.us-east-2.amazonaws.com/will-trump-nominate-kevin-warsh-as-the-next-fed-chair-Bc-vVyyVjhsS.jpg"", ""eventSlug"": ""who-will-trump-nominate-as-fed-chair"", ""outcome"": ""No"", ""outcomeIndex"": 1, ""name"": """", ""pseudonym"": """", ""bio"": """", ""profileImage"": """", ""profileImageOptimized"": """", ""transactionHash"": ""0xb43418681b2efb7dc5a47d7bf34c725d24a5c0d79f1e9257ca539aca775b9726""}"
1770906151,2026-02-14T02:01:56.980462,0xfbc742c633994ea9399b088d9caaabe7620955c113e1d962765d345edd49c1fa:1770906151,572469,18289842382539867639079362738467334752951741961393928566628307174343542320349,BUY,0.05685685154049736,378.494384,21.519999000000002,0xfbc742c633994ea9399b088d9caaabe7620955c113e1d962765d345edd49c1fa,"{""proxyWallet"": ""0xe8dd7741ccb12350957ec71e9ee332e0d1e6ec86"", ""side"": ""BUY"", ""asset"": ""18289842382539867639079362738467334752951741961393928566628307174343542320349"", ""conditionId"": ""0x61b66d02793b4a68ab0cc25be60d65f517fe18c7d654041281bb130341244fcc"", ""size"": 378.494384, ""price"": 0.05685685154049736, ""timestamp"": 1770906151, ""title"": ""Will Trump nominate Kevin Warsh as the next Fed chair?"", ""slug"": ""will-trump-nominate-kevin-warsh-as-the-next-fed-chair"", ""icon"": ""https://polymarket-upload.s3.us-east-2.amazonaws.com/will-trump-nominate-kevin-warsh-as-the-next-fed-chair-Bc-vVyyVjhsS.jpg"", ""eventSlug"": ""who-will-trump-nominate-as-fed-chair"", ""outcome"": ""No"", ""outcomeIndex"": 1, ""name"": ""influenz.eth"", ""pseudonym"": ""Real-Veteran"", ""bio"": ""3820"", ""profileImage"": """", ""profileImageOptimized"": """", ""transactionHash"": ""0xfbc742c633994ea9399b088d9caaabe7620955c113e1d962765d345edd49c1fa""}"
1770906151,2026-02-14T02:01:56.980480,0x1e41a9df1e308d801b4a88815bf1704d3d8fa4d2149c3d9637b16cb78ca3de34:1770906151,572469,18289842382539867639079362738467334752951741961393928566628307174343542320349,BUY,0.057,3197.7,182.2689,0x1e41a9df1e308d801b4a88815bf1704d3d8fa4d2149c3d9637b16cb78ca3de34,"{""proxyWallet"": ""0x67bc6af6806df61ba5144b125174ecf5f821d54e"", ""side"": ""BUY"", ""asset"": ""18289842382539867639079362738467334752951741961393928566628307174343542320349"", ""conditionId"": ""0x61b66d02793b4a68ab0cc25be60d65f517fe18c7d654041281bb130341244fcc"", ""size"": 3197.7, ""price"": 0.057, ""timestamp"": 1770906151, ""title"": ""Will Trump nominate Kevin Warsh as the next Fed chair?"", ""slug"": ""will-trump-nominate-kevin-warsh-as-the-next-fed-chair"", ""icon"": ""https://polymarket-upload.s3.us-east-2.amazonaws.com/will-trump-nominate-kevin-warsh-as-the-next-fed-chair-Bc-vVyyVjhsS.jpg"", ""eventSlug"": ""who-will-trump-nominate-as-fed-chair"", ""outcome"": ""No"", ""outcomeIndex"": 1, ""name"": ""waterfall0"", ""pseudonym"": ""Limp-Colt"", ""bio"": """", ""profileImage"": """", ""profileImageOptimized"": """", ""transactionHash"": ""0x1e41a9df1e308d801b4a88815bf1704d3d8fa4d2149c3d9637b16cb78ca3de34""}"
1770906147,2026-02-14T02:01:56.980497,0xc994634ac0739fed62a40e4ff202c2819d21eaf953245fc2d3deb47b564635dc:1770906147,572469,18289842382539867639079362738467334752951741961393928566628307174343542320349,BUY,0.056,23.0,1.288,0xc994634ac0739fed62a40e4ff202c2819d21eaf953245fc2d3deb47b564635dc,"{""proxyWallet"": ""0x6c979ffcc3528a5d2395a2f7c89135711da0988c"", ""side"": ""BUY"", ""asset"": ""18289842382539867639079362738467334752951741961393928566628307174343542320349"", ""conditionId"": ""0x61b66d02793b4a68ab0cc25be60d65f517fe18c7d654041281bb130341244fcc"", ""size"": 23, ""price"": 0.056, ""timestamp"": 1770906147, ""title"": ""Will Trump nominate Kevin Warsh as the next Fed chair?"", ""slug"": ""will-trump-nominate-kevin-warsh-as-the-next-fed-chair"", ""icon"": ""https://polymarket-upload.s3.us-east-2.amazonaws.com/will-trump-nominate-kevin-warsh-as-the-next-fed-chair-Bc-vVyyVjhsS.jpg"", ""eventSlug"": ""who-will-trump-nominate-as-fed-chair"", ""outcome"": ""No"", ""outcomeIndex"": 1, ""name"": ""7G-MAN"", ""pseudonym"": ""Zigzag-Message"", ""bio"": ""LOL, Fake profit."", ""profileImage"": """", ""profileImageOptimized"": """", ""transactionHash"": ""0xc994634ac0739fed62a40e4ff202c2819d21eaf953245fc2d3deb47b564635dc""}"
1770906145,2026-02-14T02:01:56.980514,0x3181fd250a06b5376247c825dcf0a052f57c89ba7a4086e89b954ce79f35d0a4:1770906145,572469,18289842382539867639079362738467334752951741961393928566628307174343542320349,BUY,0.055999978450632114,42.321427,2.369999,0x3181fd250a06b5376247c825dcf0a052f57c89ba7a4086e89b954ce79f35d0a4,"{""proxyWallet"": ""0xe8dd7741ccb12350957ec71e9ee332e0d1e6ec86"", ""side"": ""BUY"", ""asset"": ""18289842382539867639079362738467334752951741961393928566628307174343542320349"", ""conditionId"": ""0x61b66d02793b4a68ab0cc25be60d65f517fe18c7d654041281bb130341244fcc"", ""size"": 42.321427, ""price"": 0.055999978450632114, ""timestamp"": 1770906145, ""title"": ""Will Trump nominate Kevin Warsh as the next Fed chair?"", ""slug"": ""will-trump-nominate-kevin-warsh-as-the-next-fed-chair"", ""icon"": ""https://polymarket-upload.s3.us-east-2.amazonaws.com/will-trump-nominate-kevin-warsh-as-the-next-fed-chair-Bc-vVyyVjhsS.jpg"", ""eventSlug"": ""who-will-trump-nominate-as-fed-chair"", ""outcome"": ""No"", ""outcomeIndex"": 1, ""name"": ""influenz.eth"", ""pseudonym"": ""Real-Veteran"", ""bio"": ""3820"", ""profileImage"": """", ""profileImageOptimized"": """", ""transactionHash"": ""0x3181fd250a06b5376247c825dcf0a052f57c89ba7a4086e89b954ce79f35d0a4""}"
1770906135,2026-02-14T02:01:56.980532,0xafef5c9b2e25c53786b83ed5bf3fbab1ff61119c7ffc0a21c25ae07526f2ab2b:1770906135,572469,18289842382539867639079362738467334752951741961393928566628307174343542320349,BUY,0.056,1.79,0.10024000000000001,0xafef5c9b2e25c53786b83ed5bf3fbab1ff61119c7ffc0a21c25ae07526f2ab2b,"{""proxyWallet"": ""0x30cecdf29f069563ea21b8ae94492e41e53a6b2b"", ""side"": ""BUY"", ""asset"": ""18289842382539867639079362738467334752951741961393928566628307174343542320349"", ""conditionId"": ""0x61b66d02793b4a68ab0cc25be60d65f517fe18c7d654041281bb130341244fcc"", ""size"": 1.79, ""price"": 0.056, ""timestamp"": 1770906135, ""title"": ""Will Trump nominate Kevin Warsh as the next Fed chair?"", ""slug"": ""will-trump-nominate-kevin-warsh-as-the-next-fed-chair"", ""icon"": ""https://polymarket-upload.s3.us-east-2.amazonaws.com/will-trump-nominate-kevin-warsh-as-the-next-fed-chair-Bc-vVyyVjhsS.jpg"", ""eventSlug"": ""who-will-trump-nominate-as-fed-chair"", ""outcome"": ""No"", ""outcomeIndex"": 1, ""name"": ""ZXWP"", ""pseudonym"": ""Well-Documented-Hit"", ""bio"": """", ""profileImage"": """", ""profileImageOptimized"": """", ""transactionHash"": ""0xafef5c9b2e25c53786b83ed5bf3fbab1ff61119c7ffc0a21c25ae07526f2ab2b""}"
1770906127,2026-02-14T02:01:56.980554,0xbef2d914a32c7b3d6e14172d4b5ffc72ea1364cd10867e5488918e57013fbaf3:1770906127,572469,18289842382539867639079362738467334752951741961393928566628307174343542320349,BUY,0.056,16.17,0.9055200000000001,0xbef2d914a32c7b3d6e14172d4b5ffc72ea1364cd10867e5488918e57013fbaf3,"{""proxyWallet"": ""0x30cecdf29f069563ea21b8ae94492e41e53a6b2b"", ""side"": ""BUY"", ""asset"": ""18289842382539867639079362738467334752951741961393928566628307174343542320349"", ""conditionId"": ""0x61b66d02793b4a68ab0cc25be60d65f517fe18c7d654041281bb130341244fcc"", ""size"": 16.17, ""price"": 0.056, ""timestamp"": 1770906127, ""title"": ""Will Trump nominate Kevin Warsh as the next Fed chair?"", ""slug"": ""will-trump-nominate-kevin-warsh-as-the-next-fed-chair"", ""icon"": ""https://polymarket-upload.s3.us-east-2.amazonaws.com/will-trump-nominate-kevin-warsh-as-the-next-fed-chair-Bc-vVyyVjhsS.jpg"", ""eventSlug"": ""who-will-trump-nominate-as-fed-chair"", ""outcome"": ""No"", ""outcomeIndex"": 1, ""name"": ""ZXWP"", ""pseudonym"": ""Well-Documented-Hit"", ""bio"": """", ""profileImage"": """", ""profileImageOptimized"": """", ""transactionHash"": ""0xbef2d914a32c7b3d6e14172d4b5ffc72ea1364cd10867e5488918e57013fbaf3""}"
1770906127,2026-02-14T02:01:56.980571,0x43fcdd27a5b7116db6e82108838e4abb27cdf8126380e6241893a408e2d78a83:1770906127,572469,18289842382539867639079362738467334752951741961393928566628307174343542320349,BUY,0.056,16.0,0.896,0x43fcdd27a5b7116db6e82108838e4abb27cdf8126380e6241893a408e2d78a83,"{""proxyWallet"": ""0x6c979ffcc3528a5d2395a2f7c89135711da0988c"", ""side"": ""BUY"", ""asset"": ""18289842382539867639079362738467334752951741961393928566628307174343542320349"", ""conditionId"": ""0x61b66d02793b4a68ab0cc25be60d65f517fe18c7d654041281bb130341244fcc"", ""size"": 16, ""price"": 0.056, ""timestamp"": 1770906127, ""title"": ""Will Trump nominate Kevin Warsh as the next Fed chair?"", ""slug"": ""will-trump-nominate-kevin-warsh-as-the-next-fed-chair"", ""icon"": ""https://polymarket-upload.s3.us-east-2.amazonaws.com/will-trump-nominate-kevin-warsh-as-the-next-fed-chair-Bc-vVyyVjhsS.jpg"", ""eventSlug"": ""who-will-trump-nominate-as-fed-chair"", ""outcome"": ""No"", ""outcomeIndex"": 1, ""name"": ""7G-MAN"", ""pseudonym"": ""Zigzag-Message"", ""bio"": ""LOL, Fake profit."", ""profileImage"": """", ""profileImageOptimized"": """", ""transactionHash"": ""0x43fcdd27a5b7116db6e82108838e4abb27cdf8126380e6241893a408e2d78a83""}"
1770906121,2026-02-14T02:01:56.980588,0xc28a6f8d189f75f51ad58f9ed81ef57ec5090c7225bbdbde2f3ccaa38dc27012:1770906121,572469,18289842382539867639079362738467334752951741961393928566628307174343542320349,BUY,0.056,22.0,1.232,0xc28a6f8d189f75f51ad58f9ed81ef57ec5090c7225bbdbde2f3ccaa38dc27012,"{""proxyWallet"": ""0x6c979ffcc3528a5d2395a2f7c89135711da0988c"", ""side"": ""BUY"", ""asset"": ""18289842382539867639079362738467334752951741961393928566628307174343542320349"", ""conditionId"": ""0x61b66d02793b4a68ab0cc25be60d65f517fe18c7d654041281bb130341244fcc"", ""size"": 22, ""price"": 0.056, ""timestamp"": 1770906121, ""title"": ""Will Trump nominate Kevin Warsh as the next Fed chair?"", ""slug"": ""will-trump-nominate-kevin-warsh-as-the-next-fed-chair"", ""icon"": ""https://polymarket-upload.s3.us-east-2.amazonaws.com/will-trump-nominate-kevin-warsh-as-the-next-fed-chair-Bc-vVyyVjhsS.jpg"", ""eventSlug"": ""who-will-trump-nominate-as-fed-chair"", ""outcome"": ""No"", ""outcomeIndex"": 1, ""name"": ""7G-MAN"", ""pseudonym"": ""Zigzag-Message"", ""bio"": ""LOL, Fake profit."", ""profileImage"": """", ""profileImageOptimized"": """", ""transactionHash"": ""0xc28a6f8d189f75f51ad58f9ed81ef57ec5090c7225bbdbde2f3ccaa38dc27012""}"
1770906119,2026-02-14T02:01:56.980606,0x1ae1e673d26522d71875894bfcf6ba1b3e50b4eb51b9e311d1f564f252e35002:1770906119,572469,18289842382539867639079362738467334752951741961393928566628307174343542320349,BUY,0.056,145.53,8.14968,0x1ae1e673d26522d71875894bfcf6ba1b3e50b4eb51b9e311d1f564f252e35002,"{""proxyWallet"": ""0x30cecdf29f069563ea21b8ae94492e41e53a6b2b"", ""side"": ""BUY"", ""asset"": ""18289842382539867639079362738467334752951741961393928566628307174343542320349"", ""conditionId"": ""0x61b66d02793b4a68ab0cc25be60d65f517fe18c7d654041281bb130341244fcc"", ""size"": 145.53, ""price"": 0.056, ""timestamp"": 1770906119, ""title"": ""Will Trump nominate Kevin Warsh as the next Fed chair?"", ""slug"": ""will-trump-nominate-kevin-warsh-as-the-next-fed-chair"", ""icon"": ""https://polymarket-upload.s3.us-east-2.amazonaws.com/will-trump-nominate-kevin-warsh-as-the-next-fed-chair-Bc-vVyyVjhsS.jpg"", ""eventSlug"": ""who-will-trump-nominate-as-fed-chair"", ""outcome"": ""No"", ""outcomeIndex"": 1, ""name"": ""ZXWP"", ""pseudonym"": ""Well-Documented-Hit"", ""bio"": """", ""profileImage"": """", ""profileImageOptimized"": """", ""transactionHash"": ""0x1ae1e673d26522d71875894bfcf6ba1b3e50b4eb51b9e311d1f564f252e35002""}"
1770906115,2026-02-14T02:01:56.980625,0xc943e03978c97789add51a43108c9e2679e727e0e016e7fd51c1cf738b91a22d:1770906115,572469,18289842382539867639079362738467334752951741961393928566628307174343542320349,BUY,0.056,94.0,5.264,0xc943e03978c97789add51a43108c9e2679e727e0e016e7fd51c1cf738b91a22d,"{""proxyWallet"": ""0x6c979ffcc3528a5d2395a2f7c89135711da0988c"", ""side"": ""BUY"", ""asset"": ""18289842382539867639079362738467334752951741961393928566628307174343542320349"", ""conditionId"": ""0x61b66d02793b4a68ab0cc25be60d65f517fe18c7d654041281bb130341244fcc"", ""size"": 94, ""price"": 0.056, ""timestamp"": 1770906115, ""title"": ""Will Trump nominate Kevin Warsh as the next Fed chair?"", ""slug"": ""will-trump-nominate-kevin-warsh-as-the-next-fed-chair"", ""icon"": ""https://polymarket-upload.s3.us-east-2.amazonaws.com/will-trump-nominate-kevin-warsh-as-the-next-fed-chair-Bc-vVyyVjhsS.jpg"", ""eventSlug"": ""who-will-trump-nominate-as-fed-chair"", ""outcome"": ""No"", ""outcomeIndex"": 1, ""name"": ""7G-MAN"", ""pseudonym"": ""Zigzag-Message"", ""bio"": ""LOL, Fake profit."", ""profileImage"": """", ""profileImageOptimized"": """", ""transactionHash"": ""0xc943e03978c97789add51a43108c9e2679e727e0e016e7fd51c1cf738b91a22d""}"
1770906111,2026-02-14T02:01:56.980641,0xa913d87b1457cb0cfb0cf721657a90d583bdcba0530f17a56c548cade02b067c:1770906111,572469,18289842382539867639079362738467334752951741961393928566628307174343542320349,BUY,0.056,134.0,7.5040000000000004,0xa913d87b1457cb0cfb0cf721657a90d583bdcba0530f17a56c548cade02b067c,"{""proxyWallet"": ""0x6c979ffcc3528a5d2395a2f7c89135711da0988c"", ""side"": ""BUY"", ""asset"": ""18289842382539867639079362738467334752951741961393928566628307174343542320349"", ""conditionId"": ""0x61b66d02793b4a68ab0cc25be60d65f517fe18c7d654041281bb130341244fcc"", ""size"": 134, ""price"": 0.056, ""timestamp"": 1770906111, ""title"": ""Will Trump nominate Kevin Warsh as the next Fed chair?"", ""slug"": ""will-trump-nominate-kevin-warsh-as-the-next-fed-chair"", ""icon"": ""https://polymarket-upload.s3.us-east-2.amazonaws.com/will-trump-nominate-kevin-warsh-as-the-next-fed-chair-Bc-vVyyVjhsS.jpg"", ""eventSlug"": ""who-will-trump-nominate-as-fed-chair"", ""outcome"": ""No"", ""outcomeIndex"": 1, ""name"": ""7G-MAN"", ""pseudonym"": ""Zigzag-Message"", ""bio"": ""LOL, Fake profit."", ""profileImage"": """", ""profileImageOptimized"": """", ""transactionHash"": ""0xa913d87b1457cb0cfb0cf721657a90d583bdcba0530f17a56c548cade02b067c""}"
1770906105,2026-02-14T02:01:56.980658,0x58add88d203e10d2f1717ace59b67ce4357f96fd50af7784422268d3941aca90:1770906105,572469,18289842382539867639079362738467334752951741961393928566628307174343542320349,BUY,0.056,51.0,2.856,0x58add88d203e10d2f1717ace59b67ce4357f96fd50af7784422268d3941aca90,"{""proxyWallet"": ""0x6c979ffcc3528a5d2395a2f7c89135711da0988c"", ""side"": ""BUY"", ""asset"": ""18289842382539867639079362738467334752951741961393928566628307174343542320349"", ""conditionId"": ""0x61b66d02793b4a68ab0cc25be60d65f517fe18c7d654041281bb130341244fcc"", ""size"": 51, ""price"": 0.056, ""timestamp"": 1770906105, ""title"": ""Will Trump nominate Kevin Warsh as the next Fed chair?"", ""slug"": ""will-trump-nominate-kevin-warsh-as-the-next-fed-chair"", ""icon"": ""https://polymarket-upload.s3.us-east-2.amazonaws.com/will-trump-nominate-kevin-warsh-as-the-next-fed-chair-Bc-vVyyVjhsS.jpg"", ""eventSlug"": ""who-will-trump-nominate-as-fed-chair"", ""outcome"": ""No"", ""outcomeIndex"": 1, ""name"": ""7G-MAN"", ""pseudonym"": ""Zigzag-Message"", ""bio"": ""LOL, Fake profit."", ""profileImage"": """", ""profileImageOptimized"": """", ""transactionHash"": ""0x58add88d203e10d2f1717ace59b67ce4357f96fd50af7784422268d3941aca90""}"
1770905775,2026-02-14T02:01:56.980677,0x4c4d69677b48360f51dc1efff14b2ef194016aba5cb3b034ab67882085401529:1770905775,572469,18289842382539867639079362738467334752951741961393928566628307174343542320349,BUY,0.056,21.35,1.1956,0x4c4d69677b48360f51dc1efff14b2ef194016aba5cb3b034ab67882085401529,"{""proxyWallet"": ""0x30cecdf29f069563ea21b8ae94492e41e53a6b2b"", ""side"": ""BUY"", ""asset"": ""18289842382539867639079362738467334752951741961393928566628307174343542320349"", ""conditionId"": ""0x61b66d02793b4a68ab0cc25be60d65f517fe18c7d654041281bb130341244fcc"", ""size"": 21.35, ""price"": 0.056, ""timestamp"": 1770905775, ""title"": ""Will Trump nominate Kevin Warsh as the next Fed chair?"", ""slug"": ""will-trump-nominate-kevin-warsh-as-the-next-fed-chair"", ""icon"": ""https://polymarket-upload.s3.us-east-2.amazonaws.com/will-trump-nominate-kevin-warsh-as-the-next-fed-chair-Bc-vVyyVjhsS.jpg"", ""eventSlug"": ""who-will-trump-nominate-as-fed-chair"", ""outcome"": ""No"", ""outcomeIndex"": 1, ""name"": ""ZXWP"", ""pseudonym"": ""Well-Documented-Hit"", ""bio"": """", ""profileImage"": """", ""profileImageOptimized"": """", ""transactionHash"": ""0x4c4d69677b48360f51dc1efff14b2ef194016aba5cb3b034ab67882085401529""}"
1770905565,2026-02-14T02:01:56.980695,0xbf6ed4448dbe332804b36a6b45236cb77066494dfd44b7d55bca87e1727f3832:1770905565,572469,18289842382539867639079362738467334752951741961393928566628307174343542320349,SELL,0.05505800015466708,517.24,28.4782,0xbf6ed4448dbe332804b36a6b45236cb77066494dfd44b7d55bca87e1727f3832,"{""proxyWallet"": ""0xceb559bf3d0f8c4f8c63cc7f82a9681eace222c6"", ""side"": ""SELL"", ""asset"": ""18289842382539867639079362738467334752951741961393928566628307174343542320349"", ""conditionId"": ""0x61b66d02793b4a68ab0cc25be60d65f517fe18c7d654041281bb130341244fcc"", ""size"": 517.24, ""price"": 0.05505800015466708, ""timestamp"": 1770905565, ""title"": ""Will Trump nominate Kevin Warsh as the next Fed chair?"", ""slug"": ""will-trump-nominate-kevin-warsh-as-the-next-fed-chair"", ""icon"": ""https://polymarket-upload.s3.us-east-2.amazonaws.com/will-trump-nominate-kevin-warsh-as-the-next-fed-chair-Bc-vVyyVjhsS.jpg"", ""eventSlug"": ""who-will-trump-nominate-as-fed-chair"", ""outcome"": ""No"", ""outcomeIndex"": 1, ""name"": """", ""pseudonym"": """", ""bio"": """", ""profileImage"": """", ""profileImageOptimized"": """", ""transactionHash"": ""0xbf6ed4448dbe332804b36a6b45236cb77066494dfd44b7d55bca87e1727f3832""}"
1770905549,2026-02-14T02:01:56.980712,0x68485ea86d0f372df36473a6027128be8189595c48e9f9627e800d48b1647129:1770905549,572469,18289842382539867639079362738467334752951741961393928566628307174343542320349,BUY,0.056,10.0,0.56,0x68485ea86d0f372df36473a6027128be8189595c48e9f9627e800d48b1647129,"{""proxyWallet"": ""0x30cecdf29f069563ea21b8ae94492e41e53a6b2b"", ""side"": ""BUY"", ""asset"": ""18289842382539867639079362738467334752951741961393928566628307174343542320349"", ""conditionId"": ""0x61b66d02793b4a68ab0cc25be60d65f517fe18c7d654041281bb130341244fcc"", ""size"": 10, ""price"": 0.056, ""timestamp"": 1770905549, ""title"": ""Will Trump nominate Kevin Warsh as the next Fed chair?"", ""slug"": ""will-trump-nominate-kevin-warsh-as-the-next-fed-chair"", ""icon"": ""https://polymarket-upload.s3.us-east-2.amazonaws.com/will-trump-nominate-kevin-warsh-as-the-next-fed-chair-Bc-vVyyVjhsS.jpg"", ""eventSlug"": ""who-will-trump-nominate-as-fed-chair"", ""outcome"": ""No"", ""outcomeIndex"": 1, ""name"": ""ZXWP"", ""pseudonym"": ""Well-Documented-Hit"", ""bio"": """", ""profileImage"": """", ""profileImageOptimized"": """", ""transactionHash"": ""0x68485ea86d0f372df36473a6027128be8189595c48e9f9627e800d48b1647129""}"
1770905409,2026-02-14T02:01:56.980731,0xc5a9fbcd0958cb9c784f083705175429caca6374e0cad28be4a114a3dbe08a9a:1770905409,572469,18289842382539867639079362738467334752951741961393928566628307174343542320349,BUY,0.056,27.0,1.512,0xc5a9fbcd0958cb9c784f083705175429caca6374e0cad28be4a114a3dbe08a9a,"{""proxyWallet"": ""0x6c979ffcc3528a5d2395a2f7c89135711da0988c"", ""side"": ""BUY"", ""asset"": ""18289842382539867639079362738467334752951741961393928566628307174343542320349"", ""conditionId"": ""0x61b66d02793b4a68ab0cc25be60d65f517fe18c7d654041281bb130341244fcc"", ""size"": 27, ""price"": 0.056, ""timestamp"": 1770905409, ""title"": ""Will Trump nominate Kevin Warsh as the next Fed chair?"", ""slug"": ""will-trump-nominate-kevin-warsh-as-the-next-fed-chair"", ""icon"": ""https://polymarket-upload.s3.us-east-2.amazonaws.com/will-trump-nominate-kevin-warsh-as-the-next-fed-chair-Bc-vVyyVjhsS.jpg"", ""eventSlug"": ""who-will-trump-nominate-as-fed-chair"", ""outcome"": ""No"", ""outcomeIndex"": 1, ""name"": ""7G-MAN"", ""pseudonym"": ""Zigzag-Message"", ""bio"": ""LOL, Fake profit."", ""profileImage"": """", ""profileImageOptimized"": """", ""transactionHash"": ""0xc5a9fbcd0958cb9c784f083705175429caca6374e0cad28be4a114a3dbe08a9a""}"
1770905409,2026-02-14T02:01:56.980747,0x46454c43579251fbfae049cff2eab4007589871553205ab369ea116f2171eac5:1770905409,572469,18289842382539867639079362738467334752951741961393928566628307174343542320349,BUY,0.05629054126762079,92.93,5.23108,0x46454c43579251fbfae049cff2eab4007589871553205ab369ea116f2171eac5,"{""proxyWallet"": ""0x30cecdf29f069563ea21b8ae94492e41e53a6b2b"", ""side"": ""BUY"", ""asset"": ""18289842382539867639079362738467334752951741961393928566628307174343542320349"", ""conditionId"": ""0x61b66d02793b4a68ab0cc25be60d65f517fe18c7d654041281bb130341244fcc"", ""size"": 92.93, ""price"": 0.05629054126762079, ""timestamp"": 1770905409, ""title"": ""Will Trump nominate Kevin Warsh as the next Fed chair?"", ""slug"": ""will-trump-nominate-kevin-warsh-as-the-next-fed-chair"", ""icon"": ""https://polymarket-upload.s3.us-east-2.amazonaws.com/will-trump-nominate-kevin-warsh-as-the-next-fed-chair-Bc-vVyyVjhsS.jpg"", ""eventSlug"": ""who-will-trump-nominate-as-fed-chair"", ""outcome"": ""No"", ""outcomeIndex"": 1, ""name"": ""ZXWP"", ""pseudonym"": ""Well-Documented-Hit"", ""bio"": """", ""profileImage"": """", ""profileImageOptimized"": """", ""transactionHash"": ""0x46454c43579251fbfae049cff2eab4007589871553205ab369ea116f2171eac5""}"
1770905353,2026-02-14T02:01:56.980764,0xe75002d3e8fb9b392a715db648e632c4388348b2642b8cd996603ecc06950b1b:1770905353,572469,18289842382539867639079362738467334752951741961393928566628307174343542320349,SELL,0.05484744,250.0,13.71186,0xe75002d3e8fb9b392a715db648e632c4388348b2642b8cd996603ecc06950b1b,"{""proxyWallet"": ""0xe9a65d349c15af7c48ddace334e5b61e5508409c"", ""side"": ""SELL"", ""asset"": ""18289842382539867639079362738467334752951741961393928566628307174343542320349"", ""conditionId"": ""0x61b66d02793b4a68ab0cc25be60d65f517fe18c7d654041281bb130341244fcc"", ""size"": 250, ""price"": 0.05484744, ""timestamp"": 1770905353, ""title"": ""Will Trump nominate Kevin Warsh as the next Fed chair?"", ""slug"": ""will-trump-nominate-kevin-warsh-as-the-next-fed-chair"", ""icon"": ""https://polymarket-upload.s3.us-east-2.amazonaws.com/will-trump-nominate-kevin-warsh-as-the-next-fed-chair-Bc-vVyyVjhsS.jpg"", ""eventSlug"": ""who-will-trump-nominate-as-fed-chair"", ""outcome"": ""No"", ""outcomeIndex"": 1, ""name"": ""thinkpopo"", ""pseudonym"": ""Weekly-Tabletop"", ""bio"": ""Increasingly convinced that a mildly upward sloping linear path in life is key to maximizing mental health."", ""profileImage"": ""https://polymarket-upload.s3.us-east-2.amazonaws.com/profile-image-3914702-c0c9438d-5947-4501-a52e-ec2525fb503e.jpg"", ""profileImageOptimized"": """", ""transactionHash"": ""0xe75002d3e8fb9b392a715db648e632c4388348b2642b8cd996603ecc06950b1b""}"
1770905343,2026-02-14T02:01:56.980782,0x78272ea57cb375c2e27cf8f45b516f90d070ec19924590d48ada0b4d46b4cec9:1770905343,572469,18289842382539867639079362738467334752951741961393928566628307174343542320349,BUY,0.057999998213599996,517.241378,29.999999000000003,0x78272ea57cb375c2e27cf8f45b516f90d070ec19924590d48ada0b4d46b4cec9,"{""proxyWallet"": ""0xceb559bf3d0f8c4f8c63cc7f82a9681eace222c6"", ""side"": ""BUY"", ""asset"": ""18289842382539867639079362738467334752951741961393928566628307174343542320349"", ""conditionId"": ""0x61b66d02793b4a68ab0cc25be60d65f517fe18c7d654041281bb130341244fcc"", ""size"": 517.241378, ""price"": 0.057999998213599996, ""timestamp"": 1770905343, ""title"": ""Will Trump nominate Kevin Warsh as the next Fed chair?"", ""slug"": ""will-trump-nominate-kevin-warsh-as-the-next-fed-chair"", ""icon"": ""https://polymarket-upload.s3.us-east-2.amazonaws.com/will-trump-nominate-kevin-warsh-as-the-next-fed-chair-Bc-vVyyVjhsS.jpg"", ""eventSlug"": ""who-will-trump-nominate-as-fed-chair"", ""outcome"": ""No"", ""outcomeIndex"": 1, ""name"": """", ""pseudonym"": """", ""bio"": """", ""profileImage"": """", ""profileImageOptimized"": """", ""transactionHash"": ""0x78272ea57cb375c2e27cf8f45b516f90d070ec19924590d48ada0b4d46b4cec9""}"
1770905305,2026-02-14T02:01:56.980798,0x093cf5f2295180aae8b0a2605da41ef4d9edd4e9a515cae636146d1c7ce35d64:1770905305,572469,18289842382539867639079362738467334752951741961393928566628307174343542320349,BUY,0.057986916693050825,1631.919826,94.629999,0x093cf5f2295180aae8b0a2605da41ef4d9edd4e9a515cae636146d1c7ce35d64,"{""proxyWallet"": ""0xca05d113924bdd331e077b6edf32a88887348481"", ""side"": ""BUY"", ""asset"": ""18289842382539867639079362738467334752951741961393928566628307174343542320349"", ""conditionId"": ""0x61b66d02793b4a68ab0cc25be60d65f517fe18c7d654041281bb130341244fcc"", ""size"": 1631.919826, ""price"": 0.057986916693050825, ""timestamp"": 1770905305, ""title"": ""Will Trump nominate Kevin Warsh as the next Fed chair?"", ""slug"": ""will-trump-nominate-kevin-warsh-as-the-next-fed-chair"", ""icon"": ""https://polymarket-upload.s3.us-east-2.amazonaws.com/will-trump-nominate-kevin-warsh-as-the-next-fed-chair-Bc-vVyyVjhsS.jpg"", ""eventSlug"": ""who-will-trump-nominate-as-fed-chair"", ""outcome"": ""No"", ""outcomeIndex"": 1, ""name"": ""0xcA05d113924Bdd331e077b6edF32a88887348481-1770815322386"", ""pseudonym"": ""Bustling-Acid"", ""bio"": """", ""profileImage"": """", ""profileImageOptimized"": """", ""transactionHash"": ""0x093cf5f2295180aae8b0a2605da41ef4d9edd4e9a515cae636146d1c7ce35d64""}"
1770905061,2026-02-14T02:01:56.980816,0x03a4aef3adc38248a3fe18af03b950936b73a14cec9c401af56b5a4593b2d354:1770905061,572469,18289842382539867639079362738467334752951741961393928566628307174343542320349,SELL,0.054661041974267036,47.41,2.59148,0x03a4aef3adc38248a3fe18af03b950936b73a14cec9c401af56b5a4593b2d354,"{""proxyWallet"": ""0xb86a430b9644cd72eabcf6aeb010bd3304776033"", ""side"": ""SELL"", ""asset"": ""18289842382539867639079362738467334752951741961393928566628307174343542320349"", ""conditionId"": ""0x61b66d02793b4a68ab0cc25be60d65f517fe18c7d654041281bb130341244fcc"", ""size"": 47.41, ""price"": 0.054661041974267036, ""timestamp"": 1770905061, ""title"": ""Will Trump nominate Kevin Warsh as the next Fed chair?"", ""slug"": ""will-trump-nominate-kevin-warsh-as-the-next-fed-chair"", ""icon"": ""https://polymarket-upload.s3.us-east-2.amazonaws.com/will-trump-nominate-kevin-warsh-as-the-next-fed-chair-Bc-vVyyVjhsS.jpg"", ""eventSlug"": ""who-will-trump-nominate-as-fed-chair"", ""outcome"": ""No"", ""outcomeIndex"": 1, ""name"": ""Setfor20026"", ""pseudonym"": ""Grand-Gum"", ""bio"": """", ""profileImage"": """", ""profileImageOptimized"": """", ""transactionHash"": ""0x03a4aef3adc38248a3fe18af03b950936b73a14cec9c401af56b5a4593b2d354""}"
1770904975,2026-02-14T02:01:56.980831,0x8b9c6b8893b3c8b7e649aaf209324c34a6e74c2fc9bb63005db1d506f0c797dc:1770904975,572469,18289842382539867639079362738467334752951741961393928566628307174343542320349,BUY,0.05800000134981821,47.413792,2.75,0x8b9c6b8893b3c8b7e649aaf209324c34a6e74c2fc9bb63005db1d506f0c797dc,"{""proxyWallet"": ""0xb86a430b9644cd72eabcf6aeb010bd3304776033"", ""side"": ""BUY"", ""asset"": ""18289842382539867639079362738467334752951741961393928566628307174343542320349"", ""conditionId"": ""0x61b66d02793b4a68ab0cc25be60d65f517fe18c7d654041281bb130341244fcc"", ""size"": 47.413792, ""price"": 0.05800000134981821, ""timestamp"": 1770904975, ""title"": ""Will Trump nominate Kevin Warsh as the next Fed chair?"", ""slug"": ""will-trump-nominate-kevin-warsh-as-the-next-fed-chair"", ""icon"": ""https://polymarket-upload.s3.us-east-2.amazonaws.com/will-trump-nominate-kevin-warsh-as-the-next-fed-chair-Bc-vVyyVjhsS.jpg"", ""eventSlug"": ""who-will-trump-nominate-as-fed-chair"", ""outcome"": ""No"", ""outcomeIndex"": 1, ""name"": ""Setfor20026"", ""pseudonym"": ""Grand-Gum"", ""bio"": """", ""profileImage"": """", ""profileImageOptimized"": """", ""transactionHash"": ""0x8b9c6b8893b3c8b7e649aaf209324c34a6e74c2fc9bb63005db1d506f0c797dc""}"
1770904655,2026-02-14T02:01:56.980852,0xc832510606d05d07706205808df03e8fb92a6bacc3307e56847bce49d77b32e9:1770904655,572469,18289842382539867639079362738467334752951741961393928566628307174343542320349,BUY,0.05795399492608353,1449.425516,83.999999,0xc832510606d05d07706205808df03e8fb92a6bacc3307e56847bce49d77b32e9,"{""proxyWallet"": ""0xca05d113924bdd331e077b6edf32a88887348481"", ""side"": ""BUY"", ""asset"": ""18289842382539867639079362738467334752951741961393928566628307174343542320349"", ""conditionId"": ""0x61b66d02793b4a68ab0cc25be60d65f517fe18c7d654041281bb130341244fcc"", ""size"": 1449.425516, ""price"": 0.05795399492608353, ""timestamp"": 1770904655, ""title"": ""Will Trump nominate Kevin Warsh as the next Fed chair?"", ""slug"": ""will-trump-nominate-kevin-warsh-as-the-next-fed-chair"", ""icon"": ""https://polymarket-upload.s3.us-east-2.amazonaws.com/will-trump-nominate-kevin-warsh-as-the-next-fed-chair-Bc-vVyyVjhsS.jpg"", ""eventSlug"": ""who-will-trump-nominate-as-fed-chair"", ""outcome"": ""No"", ""outcomeIndex"": 1, ""name"": ""0xcA05d113924Bdd331e077b6edF32a88887348481-1770815322386"", ""pseudonym"": ""Bustling-Acid"", ""bio"": """", ""profileImage"": """", ""profileImageOptimized"": """", ""transactionHash"": ""0xc832510606d05d07706205808df03e8fb92a6bacc3307e56847bce49d77b32e9""}"
1770904181,2026-02-14T02:01:56.980872,0xfa305a4c331c8c27424b60ed76ef1f2a5d4a24d9e8b88faf2b6081655d839450:1770904181,572469,18289842382539867639079362738467334752951741961393928566628307174343542320349,BUY,0.05876597744601788,969.948982,57.0,0xfa305a4c331c8c27424b60ed76ef1f2a5d4a24d9e8b88faf2b6081655d839450,"{""proxyWallet"": ""0x2940a47f7c276ff07cc9e041c9e8353945e36ab3"", ""side"": ""BUY"", ""asset"": ""18289842382539867639079362738467334752951741961393928566628307174343542320349"", ""conditionId"": ""0x61b66d02793b4a68ab0cc25be60d65f517fe18c7d654041281bb130341244fcc"", ""size"": 969.948982, ""price"": 0.05876597744601788, ""timestamp"": 1770904181, ""title"": ""Will Trump nominate Kevin Warsh as the next Fed chair?"", ""slug"": ""will-trump-nominate-kevin-warsh-as-the-next-fed-chair"", ""icon"": ""https://polymarket-upload.s3.us-east-2.amazonaws.com/will-trump-nominate-kevin-warsh-as-the-next-fed-chair-Bc-vVyyVjhsS.jpg"", ""eventSlug"": ""who-will-trump-nominate-as-fed-chair"", ""outcome"": ""No"", ""outcomeIndex"": 1, ""name"": ""tiopp"", ""pseudonym"": ""Cluttered-Lobster"", ""bio"": """", ""profileImage"": """", ""profileImageOptimized"": """", ""transactionHash"": ""0xfa305a4c331c8c27424b60ed76ef1f2a5d4a24d9e8b88faf2b6081655d839450""}"
1770904133,2026-02-14T02:01:56.980887,0x4c0950b92fa7c4915e82df367813482feca6f91feb87fbce3c49fabf71fcc119:1770904133,572469,18289842382539867639079362738467334752951741961393928566628307174343542320349,SELL,0.057,25.0,1.425,0x4c0950b92fa7c4915e82df367813482feca6f91feb87fbce3c49fabf71fcc119,"{""proxyWallet"": ""0x81924e30a4fe9e1eb715ade61296be6fa74c0664"", ""side"": ""SELL"", ""asset"": ""18289842382539867639079362738467334752951741961393928566628307174343542320349"", ""conditionId"": ""0x61b66d02793b4a68ab0cc25be60d65f517fe18c7d654041281bb130341244fcc"", ""size"": 25, ""price"": 0.057, ""timestamp"": 1770904133, ""title"": ""Will Trump nominate Kevin Warsh as the next Fed chair?"", ""slug"": ""will-trump-nominate-kevin-warsh-as-the-next-fed-chair"", ""icon"": ""https://polymarket-upload.s3.us-east-2.amazonaws.com/will-trump-nominate-kevin-warsh-as-the-next-fed-chair-Bc-vVyyVjhsS.jpg"", ""eventSlug"": ""who-will-trump-nominate-as-fed-chair"", ""outcome"": ""No"", ""outcomeIndex"": 1, ""name"": ""ImpossibleAk12"", ""pseudonym"": ""Thoughtful-Proportion"", ""bio"": """", ""profileImage"": ""https://polymarket-upload.s3.us-east-2.amazonaws.com/profile-image-4175572-487ad7c6-f259-4f9b-a025-89fe7faca83a.jpg"", ""profileImageOptimized"": """", ""transactionHash"": ""0x4c0950b92fa7c4915e82df367813482feca6f91feb87fbce3c49fabf71fcc119""}"
1770904033,2026-02-14T02:01:56.980904,0xf519be5cf7fd0f2c43a2672c79557768be380f746297bd513bb2264d5f4b385e:1770904033,572469,18289842382539867639079362738467334752951741961393928566628307174343542320349,SELL,0.056495768321513005,423.0,23.89771,0xf519be5cf7fd0f2c43a2672c79557768be380f746297bd513bb2264d5f4b385e,"{""proxyWallet"": ""0xc62bd2b0dfa4c89bfc7c9820e361fbe7326a67d4"", ""side"": ""SELL"", ""asset"": ""18289842382539867639079362738467334752951741961393928566628307174343542320349"", ""conditionId"": ""0x61b66d02793b4a68ab0cc25be60d65f517fe18c7d654041281bb130341244fcc"", ""size"": 423, ""price"": 0.056495768321513005, ""timestamp"": 1770904033, ""title"": ""Will Trump nominate Kevin Warsh as the next Fed chair?"", ""slug"": ""will-trump-nominate-kevin-warsh-as-the-next-fed-chair"", ""icon"": ""https://polymarket-upload.s3.us-east-2.amazonaws.com/will-trump-nominate-kevin-warsh-as-the-next-fed-chair-Bc-vVyyVjhsS.jpg"", ""eventSlug"": ""who-will-trump-nominate-as-fed-chair"", ""outcome"": ""No"", ""outcomeIndex"": 1, ""name"": ""Firamirr"", ""pseudonym"": ""Plastic-Golf"", ""bio"": """", ""profileImage"": """", ""profileImageOptimized"": """", ""transactionHash"": ""0xf519be5cf7fd0f2c43a2672c79557768be380f746297bd513bb2264d5f4b385e""}"
1770902493,2026-02-14T02:01:56.980930,0x64e4b392eba389e1b54b5cef8863428c5353d36d711c63a69c97bf3ef88f0b75:1770902493,572469,18289842382539867639079362738467334752951741961393928566628307174343542320349,BUY,0.061,19.35,1.18035,0x64e4b392eba389e1b54b5cef8863428c5353d36d711c63a69c97bf3ef88f0b75,"{""proxyWallet"": ""0x5399f75f154d697dafacf1385a0b5409ecc09f15"", ""side"": ""BUY"", ""asset"": ""18289842382539867639079362738467334752951741961393928566628307174343542320349"", ""conditionId"": ""0x61b66d02793b4a68ab0cc25be60d65f517fe18c7d654041281bb130341244fcc"", ""size"": 19.35, ""price"": 0.061, ""timestamp"": 1770902493, ""title"": ""Will Trump nominate Kevin Warsh as the next Fed chair?"", ""slug"": ""will-trump-nominate-kevin-warsh-as-the-next-fed-chair"", ""icon"": ""https://polymarket-upload.s3.us-east-2.amazonaws.com/will-trump-nominate-kevin-warsh-as-the-next-fed-chair-Bc-vVyyVjhsS.jpg"", ""eventSlug"": ""who-will-trump-nominate-as-fed-chair"", ""outcome"": ""No"", ""outcomeIndex"": 1, ""name"": """", ""pseudonym"": """", ""bio"": """", ""profileImage"": """", ""profileImageOptimized"": """", ""transactionHash"": ""0x64e4b392eba389e1b54b5cef8863428c5353d36d711c63a69c97bf3ef88f0b75""}"
1770902403,2026-02-14T02:01:56.980948,0x84bf2918375ae58ac8f3c1f24859c41c4a9c39a783d14367d7b5391430b9d8d4:1770902403,572469,18289842382539867639079362738467334752951741961393928566628307174343542320349,SELL,0.06,80.0,4.8,0x84bf2918375ae58ac8f3c1f24859c41c4a9c39a783d14367d7b5391430b9d8d4,"{""proxyWallet"": ""0xe520d7a4ed0013a794d407af3dc0c53d55a2758d"", ""side"": ""SELL"", ""asset"": ""18289842382539867639079362738467334752951741961393928566628307174343542320349"", ""conditionId"": ""0x61b66d02793b4a68ab0cc25be60d65f517fe18c7d654041281bb130341244fcc"", ""size"": 80, ""price"": 0.06, ""timestamp"": 1770902403, ""title"": ""Will Trump nominate Kevin Warsh as the next Fed chair?"", ""slug"": ""will-trump-nominate-kevin-warsh-as-the-next-fed-chair"", ""icon"": ""https://polymarket-upload.s3.us-east-2.amazonaws.com/will-trump-nominate-kevin-warsh-as-the-next-fed-chair-Bc-vVyyVjhsS.jpg"", ""eventSlug"": ""who-will-trump-nominate-as-fed-chair"", ""outcome"": ""No"", ""outcomeIndex"": 1, ""name"": ""poiwefd098"", ""pseudonym"": ""Altruistic-Print"", ""bio"": """", ""profileImage"": ""https://polymarket-upload.s3.us-east-2.amazonaws.com/profile-image-5946136-a8105175-6572-4366-8d6c-e480a5b53ab0.png"", ""profileImageOptimized"": """", ""transactionHash"": ""0x84bf2918375ae58ac8f3c1f24859c41c4a9c39a783d14367d7b5391430b9d8d4""}"
1770902233,2026-02-14T02:01:56.980966,0xa305f4743c84b75e899d0c20b75abd476af7858df5e9d7f2ac42ea196404d561:1770902233,572469,18289842382539867639079362738467334752951741961393928566628307174343542320349,BUY,0.061,19.35,1.18035,0xa305f4743c84b75e899d0c20b75abd476af7858df5e9d7f2ac42ea196404d561,"{""proxyWallet"": ""0x5399f75f154d697dafacf1385a0b5409ecc09f15"", ""side"": ""BUY"", ""asset"": ""18289842382539867639079362738467334752951741961393928566628307174343542320349"", ""conditionId"": ""0x61b66d02793b4a68ab0cc25be60d65f517fe18c7d654041281bb130341244fcc"", ""size"": 19.35, ""price"": 0.061, ""timestamp"": 1770902233, ""title"": ""Will Trump nominate Kevin Warsh as the next Fed chair?"", ""slug"": ""will-trump-nominate-kevin-warsh-as-the-next-fed-chair"", ""icon"": ""https://polymarket-upload.s3.us-east-2.amazonaws.com/will-trump-nominate-kevin-warsh-as-the-next-fed-chair-Bc-vVyyVjhsS.jpg"", ""eventSlug"": ""who-will-trump-nominate-as-fed-chair"", ""outcome"": ""No"", ""outcomeIndex"": 1, ""name"": """", ""pseudonym"": """", ""bio"": """", ""profileImage"": """", ""profileImageOptimized"": """", ""transactionHash"": ""0xa305f4743c84b75e899d0c20b75abd476af7858df5e9d7f2ac42ea196404d561""}"
1770901723,2026-02-14T02:01:57.739618,0x4d85146bb9cfe7a2729b9c45d7b29271a72b037507ef08d33baba8ac0bf3b02d:1770901723,572469,18289842382539867639079362738467334752951741961393928566628307174343542320349,BUY,0.06299999641108228,244.920633,15.429999,0x4d85146bb9cfe7a2729b9c45d7b29271a72b037507ef08d33baba8ac0bf3b02d,"{""proxyWallet"": ""0x8781fc0d393af89ea2553ba458d179c312d10d7a"", ""side"": ""BUY"", ""asset"": ""18289842382539867639079362738467334752951741961393928566628307174343542320349"", ""conditionId"": ""0x61b66d02793b4a68ab0cc25be60d65f517fe18c7d654041281bb130341244fcc"", ""size"": 244.920633, ""price"": 0.06299999641108228, ""timestamp"": 1770901723, ""title"": ""Will Trump nominate Kevin Warsh as the next Fed chair?"", ""slug"": ""will-trump-nominate-kevin-warsh-as-the-next-fed-chair"", ""icon"": ""https://polymarket-upload.s3.us-east-2.amazonaws.com/will-trump-nominate-kevin-warsh-as-the-next-fed-chair-Bc-vVyyVjhsS.jpg"", ""eventSlug"": ""who-will-trump-nominate-as-fed-chair"", ""outcome"": ""No"", ""outcomeIndex"": 1, ""name"": ""JohnnyDP"", ""pseudonym"": ""Fruitful-Sinuosity"", ""bio"": """", ""profileImage"": """", ""profileImageOptimized"": """", ""transactionHash"": ""0x4d85146bb9cfe7a2729b9c45d7b29271a72b037507ef08d33baba8ac0bf3b02d""}"
1770901627,2026-02-14T02:01:57.739728,0x8abc30c7587758da28df097b53d5d17cfa069eb96f82f9a69f1879ca839caf38:1770901627,572469,18289842382539867639079362738467334752951741961393928566628307174343542320349,BUY,0.062581257247268,569.18,35.62,0x8abc30c7587758da28df097b53d5d17cfa069eb96f82f9a69f1879ca839caf38,"{""proxyWallet"": ""0x8781fc0d393af89ea2553ba458d179c312d10d7a"", ""side"": ""BUY"", ""asset"": ""18289842382539867639079362738467334752951741961393928566628307174343542320349"", ""conditionId"": ""0x61b66d02793b4a68ab0cc25be60d65f517fe18c7d654041281bb130341244fcc"", ""size"": 569.18, ""price"": 0.062581257247268, ""timestamp"": 1770901627, ""title"": ""Will Trump nominate Kevin Warsh as the next Fed chair?"", ""slug"": ""will-trump-nominate-kevin-warsh-as-the-next-fed-chair"", ""icon"": ""https://polymarket-upload.s3.us-east-2.amazonaws.com/will-trump-nominate-kevin-warsh-as-the-next-fed-chair-Bc-vVyyVjhsS.jpg"", ""eventSlug"": ""who-will-trump-nominate-as-fed-chair"", ""outcome"": ""No"", ""outcomeIndex"": 1, ""name"": ""JohnnyDP"", ""pseudonym"": ""Fruitful-Sinuosity"", ""bio"": """", ""profileImage"": """", ""profileImageOptimized"": """", ""transactionHash"": ""0x8abc30c7587758da28df097b53d5d17cfa069eb96f82f9a69f1879ca839caf38""}"
1770900819,2026-02-14T02:01:57.739792,0xc1df485c586c8da2c601d011a11bf6b7aa4975229ea363e95880bf0f21888540:1770900819,572469,18289842382539867639079362738467334752951741961393928566628307174343542320349,SELL,0.06,16.96,1.0176,0xc1df485c586c8da2c601d011a11bf6b7aa4975229ea363e95880bf0f21888540,"{""proxyWallet"": ""0xeb533c927bf1ec326505f845ee409a95a3f10412"", ""side"": ""SELL"", ""asset"": ""18289842382539867639079362738467334752951741961393928566628307174343542320349"", ""conditionId"": ""0x61b66d02793b4a68ab0cc25be60d65f517fe18c7d654041281bb130341244fcc"", ""size"": 16.96, ""price"": 0.06, ""timestamp"": 1770900819, ""title"": ""Will Trump nominate Kevin Warsh as the next Fed chair?"", ""slug"": ""will-trump-nominate-kevin-warsh-as-the-next-fed-chair"", ""icon"": ""https://polymarket-upload.s3.us-east-2.amazonaws.com/will-trump-nominate-kevin-warsh-as-the-next-fed-chair-Bc-vVyyVjhsS.jpg"", ""eventSlug"": ""who-will-trump-nominate-as-fed-chair"", ""outcome"": ""No"", ""outcomeIndex"": 1, ""name"": ""0xeb533C927Bf1ec326505F845Ee409a95A3F10412-1764837574208"", ""pseudonym"": ""Acrobatic-Seal"", ""bio"": """", ""profileImage"": """", ""profileImageOptimized"": """", ""transactionHash"": ""0xc1df485c586c8da2c601d011a11bf6b7aa4975229ea363e95880bf0f21888540""}"
1770900699,2026-02-14T02:01:57.739832,0x58d0fcae89526482ce3b77f9c80d939e9d47c429054af453d937c5002e15dbef:1770900699,572469,18289842382539867639079362738467334752951741961393928566628307174343542320349,BUY,0.061,80.0,4.88,0x58d0fcae89526482ce3b77f9c80d939e9d47c429054af453d937c5002e15dbef,"{""proxyWallet"": ""0xe520d7a4ed0013a794d407af3dc0c53d55a2758d"", ""side"": ""BUY"", ""asset"": ""18289842382539867639079362738467334752951741961393928566628307174343542320349"", ""conditionId"": ""0x61b66d02793b4a68ab0cc25be60d65f517fe18c7d654041281bb130341244fcc"", ""size"": 80, ""price"": 0.061, ""timestamp"": 1770900699, ""title"": ""Will Trump nominate Kevin Warsh as the next Fed chair?"", ""slug"": ""will-trump-nominate-kevin-warsh-as-the-next-fed-chair"", ""icon"": ""https://polymarket-upload.s3.us-east-2.amazonaws.com/will-trump-nominate-kevin-warsh-as-the-next-fed-chair-Bc-vVyyVjhsS.jpg"", ""eventSlug"": ""who-will-trump-nominate-as-fed-chair"", ""outcome"": ""No"", ""outcomeIndex"": 1, ""name"": ""poiwefd098"", ""pseudonym"": ""Altruistic-Print"", ""bio"": """", ""profileImage"": ""https://polymarket-upload.s3.us-east-2.amazonaws.com/profile-image-5946136-a8105175-6572-4366-8d6c-e480a5b53ab0.png"", ""profileImageOptimized"": """", ""transactionHash"": ""0x58d0fcae89526482ce3b77f9c80d939e9d47c429054af453d937c5002e15dbef""}"
1770900653,2026-02-14T02:01:57.739874,0x940a51e94c35aba11f2f825aa7beaff893d10b59c7ab0e59909b4316c197747a:1770900653,572469,18289842382539867639079362738467334752951741961393928566628307174343542320349,SELL,0.059,5.04,0.29736,0x940a51e94c35aba11f2f825aa7beaff893d10b59c7ab0e59909b4316c197747a,"{""proxyWallet"": ""0x8a997614b649137f5eb80812c0f87f2eed44771f"", ""side"": ""SELL"", ""asset"": ""18289842382539867639079362738467334752951741961393928566628307174343542320349"", ""conditionId"": ""0x61b66d02793b4a68ab0cc25be60d65f517fe18c7d654041281bb130341244fcc"", ""size"": 5.04, ""price"": 0.059, ""timestamp"": 1770900653, ""title"": ""Will Trump nominate Kevin Warsh as the next Fed chair?"", ""slug"": ""will-trump-nominate-kevin-warsh-as-the-next-fed-chair"", ""icon"": ""https://polymarket-upload.s3.us-east-2.amazonaws.com/will-trump-nominate-kevin-warsh-as-the-next-fed-chair-Bc-vVyyVjhsS.jpg"", ""eventSlug"": ""who-will-trump-nominate-as-fed-chair"", ""outcome"": ""No"", ""outcomeIndex"": 1, ""name"": ""metapepe"", ""pseudonym"": ""Pleased-Woodchuck"", ""bio"": """", ""profileImage"": """", ""profileImageOptimized"": """", ""transactionHash"": ""0x940a51e94c35aba11f2f825aa7beaff893d10b59c7ab0e59909b4316c197747a""}"
1770900495,2026-02-14T02:01:57.739912,0xb34187d97adeaf3b8ca6f02713d909d5e8d8385cc96cecb0e5128297cada71d3:1770900495,572469,18289842382539867639079362738467334752951741961393928566628307174343542320349,BUY,0.05599994982399478,17.857141,0.999999,0xb34187d97adeaf3b8ca6f02713d909d5e8d8385cc96cecb0e5128297cada71d3,"{""proxyWallet"": ""0xeb533c927bf1ec326505f845ee409a95a3f10412"", ""side"": ""BUY"", ""asset"": ""18289842382539867639079362738467334752951741961393928566628307174343542320349"", ""conditionId"": ""0x61b66d02793b4a68ab0cc25be60d65f517fe18c7d654041281bb130341244fcc"", ""size"": 17.857141, ""price"": 0.05599994982399478, ""timestamp"": 1770900495, ""title"": ""Will Trump nominate Kevin Warsh as the next Fed chair?"", ""slug"": ""will-trump-nominate-kevin-warsh-as-the-next-fed-chair"", ""icon"": ""https://polymarket-upload.s3.us-east-2.amazonaws.com/will-trump-nominate-kevin-warsh-as-the-next-fed-chair-Bc-vVyyVjhsS.jpg"", ""eventSlug"": ""who-will-trump-nominate-as-fed-chair"", ""outcome"": ""No"", ""outcomeIndex"": 1, ""name"": ""0xeb533C927Bf1ec326505F845Ee409a95A3F10412-1764837574208"", ""pseudonym"": ""Acrobatic-Seal"", ""bio"": """", ""profileImage"": """", ""profileImageOptimized"": """", ""transactionHash"": ""0xb34187d97adeaf3b8ca6f02713d909d5e8d8385cc96cecb0e5128297cada71d3""}"
1770900167,2026-02-14T02:01:57.739953,0x5d6fae55dfd805d7fac4741935fd48aa9733fd641bde3ca25ce98dadce3f36bc:1770900167,572469,18289842382539867639079362738467334752951741961393928566628307174343542320349,BUY,0.052,70.0,3.6399999999999997,0x5d6fae55dfd805d7fac4741935fd48aa9733fd641bde3ca25ce98dadce3f36bc,"{""proxyWallet"": ""0x161dd80b80f2a63cabedf18eef9831263cb10aa6"", ""side"": ""BUY"", ""asset"": ""18289842382539867639079362738467334752951741961393928566628307174343542320349"", ""conditionId"": ""0x61b66d02793b4a68ab0cc25be60d65f517fe18c7d654041281bb130341244fcc"", ""size"": 70, ""price"": 0.052, ""timestamp"": 1770900167, ""title"": ""Will Trump nominate Kevin Warsh as the next Fed chair?"", ""slug"": ""will-trump-nominate-kevin-warsh-as-the-next-fed-chair"", ""icon"": ""https://polymarket-upload.s3.us-east-2.amazonaws.com/will-trump-nominate-kevin-warsh-as-the-next-fed-chair-Bc-vVyyVjhsS.jpg"", ""eventSlug"": ""who-will-trump-nominate-as-fed-chair"", ""outcome"": ""No"", ""outcomeIndex"": 1, ""name"": """", ""pseudonym"": """", ""bio"": """", ""profileImage"": """", ""profileImageOptimized"": """", ""transactionHash"": ""0x5d6fae55dfd805d7fac4741935fd48aa9733fd641bde3ca25ce98dadce3f36bc""}"
1770899643,2026-02-14T02:01:57.739990,0x940b6d5ebf3a368650dd8b5a582d617b642443203bf0e1c634a3daef2e2b4c48:1770899643,572469,18289842382539867639079362738467334752951741961393928566628307174343542320349,BUY,0.05199995132799688,19.230768,0.999999,0x940b6d5ebf3a368650dd8b5a582d617b642443203bf0e1c634a3daef2e2b4c48,"{""proxyWallet"": ""0xeb533c927bf1ec326505f845ee409a95a3f10412"", ""side"": ""BUY"", ""asset"": ""18289842382539867639079362738467334752951741961393928566628307174343542320349"", ""conditionId"": ""0x61b66d02793b4a68ab0cc25be60d65f517fe18c7d654041281bb130341244fcc"", ""size"": 19.230768, ""price"": 0.05199995132799688, ""timestamp"": 1770899643, ""title"": ""Will Trump nominate Kevin Warsh as the next Fed chair?"", ""slug"": ""will-trump-nominate-kevin-warsh-as-the-next-fed-chair"", ""icon"": ""https://polymarket-upload.s3.us-east-2.amazonaws.com/will-trump-nominate-kevin-warsh-as-the-next-fed-chair-Bc-vVyyVjhsS.jpg"", ""eventSlug"": ""who-will-trump-nominate-as-fed-chair"", ""outcome"": ""No"", ""outcomeIndex"": 1, ""name"": ""0xeb533C927Bf1ec326505F845Ee409a95A3F10412-1764837574208"", ""pseudonym"": ""Acrobatic-Seal"", ""bio"": """", ""profileImage"": """", ""profileImageOptimized"": """", ""transactionHash"": ""0x940b6d5ebf3a368650dd8b5a582d617b642443203bf0e1c634a3daef2e2b4c48""}"
1770899311,2026-02-14T02:01:57.740031,0xc3f7b6d896ce06a7a2a085e2ad3888011c3407d7440430e3cc6f6bd936eb4fb2:1770899311,572469,18289842382539867639079362738467334752951741961393928566628307174343542320349,BUY,0.051000000357,19.607843,1.0,0xc3f7b6d896ce06a7a2a085e2ad3888011c3407d7440430e3cc6f6bd936eb4fb2,"{""proxyWallet"": ""0xdba7a1ef598e3c10782a04f4ced3a7331af5206f"", ""side"": ""BUY"", ""asset"": ""18289842382539867639079362738467334752951741961393928566628307174343542320349"", ""conditionId"": ""0x61b66d02793b4a68ab0cc25be60d65f517fe18c7d654041281bb130341244fcc"", ""size"": 19.607843, ""price"": 0.051000000357, ""timestamp"": 1770899311, ""title"": ""Will Trump nominate Kevin Warsh as the next Fed chair?"", ""slug"": ""will-trump-nominate-kevin-warsh-as-the-next-fed-chair"", ""icon"": ""https://polymarket-upload.s3.us-east-2.amazonaws.com/will-trump-nominate-kevin-warsh-as-the-next-fed-chair-Bc-vVyyVjhsS.jpg"", ""eventSlug"": ""who-will-trump-nominate-as-fed-chair"", ""outcome"": ""No"", ""outcomeIndex"": 1, ""name"": ""0xDBA7a1Ef598e3c10782a04F4cEd3A7331aF5206f-1770896961242"", ""pseudonym"": ""Uniform-Appeal"", ""bio"": """", ""profileImage"": """", ""profileImageOptimized"": """", ""transactionHash"": ""0xc3f7b6d896ce06a7a2a085e2ad3888011c3407d7440430e3cc6f6bd936eb4fb2""}"
1770899133,2026-02-14T02:01:57.740068,0x23c49e89f8a78436564ec65c20e917a5c3464e6b76b48e333c399ab0b50f24d5:1770899133,572469,18289842382539867639079362738467334752951741961393928566628307174343542320349,BUY,0.052999951292996055,18.867923,0.9999990000000001,0x23c49e89f8a78436564ec65c20e917a5c3464e6b76b48e333c399ab0b50f24d5,"{""proxyWallet"": ""0xeb533c927bf1ec326505f845ee409a95a3f10412"", ""side"": ""BUY"", ""asset"": ""18289842382539867639079362738467334752951741961393928566628307174343542320349"", ""conditionId"": ""0x61b66d02793b4a68ab0cc25be60d65f517fe18c7d654041281bb130341244fcc"", ""size"": 18.867923, ""price"": 0.052999951292996055, ""timestamp"": 1770899133, ""title"": ""Will Trump nominate Kevin Warsh as the next Fed chair?"", ""slug"": ""will-trump-nominate-kevin-warsh-as-the-next-fed-chair"", ""icon"": ""https://polymarket-upload.s3.us-east-2.amazonaws.com/will-trump-nominate-kevin-warsh-as-the-next-fed-chair-Bc-vVyyVjhsS.jpg"", ""eventSlug"": ""who-will-trump-nominate-as-fed-chair"", ""outcome"": ""No"", ""outcomeIndex"": 1, ""name"": ""0xeb533C927Bf1ec326505F845Ee409a95A3F10412-1764837574208"", ""pseudonym"": ""Acrobatic-Seal"", ""bio"": """", ""profileImage"": """", ""profileImageOptimized"": """", ""transactionHash"": ""0x23c49e89f8a78436564ec65c20e917a5c3464e6b76b48e333c399ab0b50f24d5""}"
1770899131,2026-02-14T02:01:57.740102,0xcf844a01ee9163925fc65934c82aff9f280f5918c7994883e0b6064ea6274aa4:1770899131,572469,18289842382539867639079362738467334752951741961393928566628307174343542320349,BUY,0.053,100.0,5.3,0xcf844a01ee9163925fc65934c82aff9f280f5918c7994883e0b6064ea6274aa4,"{""proxyWallet"": ""0xdf26521bcd7c5fb7410750f08fe3fe76f297e5e5"", ""side"": ""BUY"", ""asset"": ""18289842382539867639079362738467334752951741961393928566628307174343542320349"", ""conditionId"": ""0x61b66d02793b4a68ab0cc25be60d65f517fe18c7d654041281bb130341244fcc"", ""size"": 100, ""price"": 0.053, ""timestamp"": 1770899131, ""title"": ""Will Trump nominate Kevin Warsh as the next Fed chair?"", ""slug"": ""will-trump-nominate-kevin-warsh-as-the-next-fed-chair"", ""icon"": ""https://polymarket-upload.s3.us-east-2.amazonaws.com/will-trump-nominate-kevin-warsh-as-the-next-fed-chair-Bc-vVyyVjhsS.jpg"", ""eventSlug"": ""who-will-trump-nominate-as-fed-chair"", ""outcome"": ""No"", ""outcomeIndex"": 1, ""name"": ""Upass"", ""pseudonym"": ""Amused-Movement"", ""bio"": """", ""profileImage"": """", ""profileImageOptimized"": """", ""transactionHash"": ""0xcf844a01ee9163925fc65934c82aff9f280f5918c7994883e0b6064ea6274aa4""}"
1770898521,2026-02-14T02:01:57.740147,0xb599534549cf41f3276f7c615fe8045ca58ed8327aae80b59b7660df775b4e54:1770898521,572469,18289842382539867639079362738467334752951741961393928566628307174343542320349,BUY,0.05391876550181373,1854.64185,99.99999899999999,0xb599534549cf41f3276f7c615fe8045ca58ed8327aae80b59b7660df775b4e54,"{""proxyWallet"": ""0x6517ecabf77728dc6f8ff49ac51d261199500d0d"", ""side"": ""BUY"", ""asset"": ""18289842382539867639079362738467334752951741961393928566628307174343542320349"", ""conditionId"": ""0x61b66d02793b4a68ab0cc25be60d65f517fe18c7d654041281bb130341244fcc"", ""size"": 1854.64185, ""price"": 0.05391876550181373, ""timestamp"": 1770898521, ""title"": ""Will Trump nominate Kevin Warsh as the next Fed chair?"", ""slug"": ""will-trump-nominate-kevin-warsh-as-the-next-fed-chair"", ""icon"": ""https://polymarket-upload.s3.us-east-2.amazonaws.com/will-trump-nominate-kevin-warsh-as-the-next-fed-chair-Bc-vVyyVjhsS.jpg"", ""eventSlug"": ""who-will-trump-nominate-as-fed-chair"", ""outcome"": ""No"", ""outcomeIndex"": 1, ""name"": ""NicolasP0707"", ""pseudonym"": ""Red-Armchair"", ""bio"": """", ""profileImage"": """", ""profileImageOptimized"": """", ""transactionHash"": ""0xb599534549cf41f3276f7c615fe8045ca58ed8327aae80b59b7660df775b4e54""}"
1770898403,2026-02-14T02:01:57.740237,0xb3c52c03d108a66bfaf2b17cc6b6985c0bb86dfdf2f694f4fa35d2d341990a52:1770898403,572469,18289842382539867639079362738467334752951741961393928566628307174343542320349,SELL,0.05,480.01,24.000500000000002,0xb3c52c03d108a66bfaf2b17cc6b6985c0bb86dfdf2f694f4fa35d2d341990a52,"{""proxyWallet"": ""0x4207c4f53b785c6d0d48512a497ebd845c29b81b"", ""side"": ""SELL"", ""asset"": ""18289842382539867639079362738467334752951741961393928566628307174343542320349"", ""conditionId"": ""0x61b66d02793b4a68ab0cc25be60d65f517fe18c7d654041281bb130341244fcc"", ""size"": 480.01, ""price"": 0.05, ""timestamp"": 1770898403, ""title"": ""Will Trump nominate Kevin Warsh as the next Fed chair?"", ""slug"": ""will-trump-nominate-kevin-warsh-as-the-next-fed-chair"", ""icon"": ""https://polymarket-upload.s3.us-east-2.amazonaws.com/will-trump-nominate-kevin-warsh-as-the-next-fed-chair-Bc-vVyyVjhsS.jpg"", ""eventSlug"": ""who-will-trump-nominate-as-fed-chair"", ""outcome"": ""No"", ""outcomeIndex"": 1, ""name"": ""0x4207c4f53b785c6dOd48512a497ebd845c29b81b"", ""pseudonym"": ""Wonderful-Disgust"", ""bio"": """", ""profileImage"": """", ""profileImageOptimized"": """", ""transactionHash"": ""0xb3c52c03d108a66bfaf2b17cc6b6985c0bb86dfdf2f694f4fa35d2d341990a52""}"
1770898353,2026-02-14T02:01:57.740275,0x6e9eb33cb70a2403a72014536419b6390fd3d8e96613b5f7ba696c139a9600df:1770898353,572469,18289842382539867639079362738467334752951741961393928566628307174343542320349,BUY,0.05,90.0,4.5,0x6e9eb33cb70a2403a72014536419b6390fd3d8e96613b5f7ba696c139a9600df,"{""proxyWallet"": ""0xdccd5b8c857967348811b4676e6d5b1101d9c982"", ""side"": ""BUY"", ""asset"": ""18289842382539867639079362738467334752951741961393928566628307174343542320349"", ""conditionId"": ""0x61b66d02793b4a68ab0cc25be60d65f517fe18c7d654041281bb130341244fcc"", ""size"": 90, ""price"": 0.05, ""timestamp"": 1770898353, ""title"": ""Will Trump nominate Kevin Warsh as the next Fed chair?"", ""slug"": ""will-trump-nominate-kevin-warsh-as-the-next-fed-chair"", ""icon"": ""https://polymarket-upload.s3.us-east-2.amazonaws.com/will-trump-nominate-kevin-warsh-as-the-next-fed-chair-Bc-vVyyVjhsS.jpg"", ""eventSlug"": ""who-will-trump-nominate-as-fed-chair"", ""outcome"": ""No"", ""outcomeIndex"": 1, ""name"": ""fegregre"", ""pseudonym"": ""Nutty-Necklace"", ""bio"": """", ""profileImage"": """", ""profileImageOptimized"": """", ""transactionHash"": ""0x6e9eb33cb70a2403a72014536419b6390fd3d8e96613b5f7ba696c139a9600df""}"
1770897827,2026-02-14T02:01:57.740329,0x88bda3df7d35ab47b1f1284045135ce4c265b67fccfaed9f140d7df4447b0083:1770897827,572469,18289842382539867639079362738467334752951741961393928566628307174343542320349,BUY,0.05292463335029815,472.36981,24.999999,0x88bda3df7d35ab47b1f1284045135ce4c265b67fccfaed9f140d7df4447b0083,"{""proxyWallet"": ""0xb758e2d82f6ee9eba26190cd2bbd36353e1ccda5"", ""side"": ""BUY"", ""asset"": ""18289842382539867639079362738467334752951741961393928566628307174343542320349"", ""conditionId"": ""0x61b66d02793b4a68ab0cc25be60d65f517fe18c7d654041281bb130341244fcc"", ""size"": 472.36981, ""price"": 0.05292463335029815, ""timestamp"": 1770897827, ""title"": ""Will Trump nominate Kevin Warsh as the next Fed chair?"", ""slug"": ""will-trump-nominate-kevin-warsh-as-the-next-fed-chair"", ""icon"": ""https://polymarket-upload.s3.us-east-2.amazonaws.com/will-trump-nominate-kevin-warsh-as-the-next-fed-chair-Bc-vVyyVjhsS.jpg"", ""eventSlug"": ""who-will-trump-nominate-as-fed-chair"", ""outcome"": ""No"", ""outcomeIndex"": 1, ""name"": ""BtwAzo"", ""pseudonym"": ""Chilly-Mobile"", ""bio"": """", ""profileImage"": """", ""profileImageOptimized"": """", ""transactionHash"": ""0x88bda3df7d35ab47b1f1284045135ce4c265b67fccfaed9f140d7df4447b0083""}"
1770897759,2026-02-14T02:01:57.740361,0xa373a2eff4e7e18acb91824317956117a0cb50cb5518f5b5c3a5b9e528d76f97:1770897759,572469,18289842382539867639079362738467334752951741961393928566628307174343542320349,SELL,0.051,20.95,1.06845,0xa373a2eff4e7e18acb91824317956117a0cb50cb5518f5b5c3a5b9e528d76f97,"{""proxyWallet"": ""0x4207c4f53b785c6d0d48512a497ebd845c29b81b"", ""side"": ""SELL"", ""asset"": ""18289842382539867639079362738467334752951741961393928566628307174343542320349"", ""conditionId"": ""0x61b66d02793b4a68ab0cc25be60d65f517fe18c7d654041281bb130341244fcc"", ""size"": 20.95, ""price"": 0.051, ""timestamp"": 1770897759, ""title"": ""Will Trump nominate Kevin Warsh as the next Fed chair?"", ""slug"": ""will-trump-nominate-kevin-warsh-as-the-next-fed-chair"", ""icon"": ""https://polymarket-upload.s3.us-east-2.amazonaws.com/will-trump-nominate-kevin-warsh-as-the-next-fed-chair-Bc-vVyyVjhsS.jpg"", ""eventSlug"": ""who-will-trump-nominate-as-fed-chair"", ""outcome"": ""No"", ""outcomeIndex"": 1, ""name"": ""0x4207c4f53b785c6dOd48512a497ebd845c29b81b"", ""pseudonym"": ""Wonderful-Disgust"", ""bio"": """", ""profileImage"": """", ""profileImageOptimized"": """", ""transactionHash"": ""0xa373a2eff4e7e18acb91824317956117a0cb50cb5518f5b5c3a5b9e528d76f97""}"
1770897733,2026-02-14T02:01:57.740393,0xe26734ee79ade412c03880d856543d4b7fd87be1868e603817add682022c39ff:1770897733,572469,18289842382539867639079362738467334752951741961393928566628307174343542320349,BUY,0.05299999801567999,471.698112,24.999999,0xe26734ee79ade412c03880d856543d4b7fd87be1868e603817add682022c39ff,"{""proxyWallet"": ""0xb758e2d82f6ee9eba26190cd2bbd36353e1ccda5"", ""side"": ""BUY"", ""asset"": ""18289842382539867639079362738467334752951741961393928566628307174343542320349"", ""conditionId"": ""0x61b66d02793b4a68ab0cc25be60d65f517fe18c7d654041281bb130341244fcc"", ""size"": 471.698112, ""price"": 0.05299999801567999, ""timestamp"": 1770897733, ""title"": ""Will Trump nominate Kevin Warsh as the next Fed chair?"", ""slug"": ""will-trump-nominate-kevin-warsh-as-the-next-fed-chair"", ""icon"": ""https://polymarket-upload.s3.us-east-2.amazonaws.com/will-trump-nominate-kevin-warsh-as-the-next-fed-chair-Bc-vVyyVjhsS.jpg"", ""eventSlug"": ""who-will-trump-nominate-as-fed-chair"", ""outcome"": ""No"", ""outcomeIndex"": 1, ""name"": ""BtwAzo"", ""pseudonym"": ""Chilly-Mobile"", ""bio"": """", ""profileImage"": """", ""profileImageOptimized"": """", ""transactionHash"": ""0xe26734ee79ade412c03880d856543d4b7fd87be1868e603817add682022c39ff""}"
1770897431,2026-02-14T02:01:57.740429,0x031d1d11c133a406cb4b49f39e0fde8ebd4a902e6c9f3bd5cf36529c31e4afe0:1770897431,572469,18289842382539867639079362738467334752951741961393928566628307174343542320349,BUY,0.051,20.0,1.02,0x031d1d11c133a406cb4b49f39e0fde8ebd4a902e6c9f3bd5cf36529c31e4afe0,"{""proxyWallet"": ""0x7c6716fc88e1463ce7649397754b80a162e368f5"", ""side"": ""BUY"", ""asset"": ""18289842382539867639079362738467334752951741961393928566628307174343542320349"", ""conditionId"": ""0x61b66d02793b4a68ab0cc25be60d65f517fe18c7d654041281bb130341244fcc"", ""size"": 20, ""price"": 0.051, ""timestamp"": 1770897431, ""title"": ""Will Trump nominate Kevin Warsh as the next Fed chair?"", ""slug"": ""will-trump-nominate-kevin-warsh-as-the-next-fed-chair"", ""icon"": ""https://polymarket-upload.s3.us-east-2.amazonaws.com/will-trump-nominate-kevin-warsh-as-the-next-fed-chair-Bc-vVyyVjhsS.jpg"", ""eventSlug"": ""who-will-trump-nominate-as-fed-chair"", ""outcome"": ""No"", ""outcomeIndex"": 1, ""name"": ""haohaoyang"", ""pseudonym"": ""Zealous-Spasm"", ""bio"": """", ""profileImage"": """", ""profileImageOptimized"": """", ""transactionHash"": ""0x031d1d11c133a406cb4b49f39e0fde8ebd4a902e6c9f3bd5cf36529c31e4afe0""}"
1770897297,2026-02-14T02:01:57.740464,0x6a625a803e2f5b8fb472194a64b0cb7b9209eb9cc4ca88a3596d2c619e1519b2:1770897297,572469,18289842382539867639079362738467334752951741961393928566628307174343542320349,SELL,0.05,135.26,6.763,0x6a625a803e2f5b8fb472194a64b0cb7b9209eb9cc4ca88a3596d2c619e1519b2,"{""proxyWallet"": ""0x4207c4f53b785c6d0d48512a497ebd845c29b81b"", ""side"": ""SELL"", ""asset"": ""18289842382539867639079362738467334752951741961393928566628307174343542320349"", ""conditionId"": ""0x61b66d02793b4a68ab0cc25be60d65f517fe18c7d654041281bb130341244fcc"", ""size"": 135.26, ""price"": 0.05, ""timestamp"": 1770897297, ""title"": ""Will Trump nominate Kevin Warsh as the next Fed chair?"", ""slug"": ""will-trump-nominate-kevin-warsh-as-the-next-fed-chair"", ""icon"": ""https://polymarket-upload.s3.us-east-2.amazonaws.com/will-trump-nominate-kevin-warsh-as-the-next-fed-chair-Bc-vVyyVjhsS.jpg"", ""eventSlug"": ""who-will-trump-nominate-as-fed-chair"", ""outcome"": ""No"", ""outcomeIndex"": 1, ""name"": ""0x4207c4f53b785c6dOd48512a497ebd845c29b81b"", ""pseudonym"": ""Wonderful-Disgust"", ""bio"": """", ""profileImage"": """", ""profileImageOptimized"": """", ""transactionHash"": ""0x6a625a803e2f5b8fb472194a64b0cb7b9209eb9cc4ca88a3596d2c619e1519b2""}"
1770897013,2026-02-14T02:01:57.740502,0xcf8240cd1426fce7385ca91a37cf8daa45a366b304aed8054b3fc14b4d6ee370:1770897013,572469,18289842382539867639079362738467334752951741961393928566628307174343542320349,SELL,0.05,178.09,8.9045,0xcf8240cd1426fce7385ca91a37cf8daa45a366b304aed8054b3fc14b4d6ee370,"{""proxyWallet"": ""0x4207c4f53b785c6d0d48512a497ebd845c29b81b"", ""side"": ""SELL"", ""asset"": ""18289842382539867639079362738467334752951741961393928566628307174343542320349"", ""conditionId"": ""0x61b66d02793b4a68ab0cc25be60d65f517fe18c7d654041281bb130341244fcc"", ""size"": 178.09, ""price"": 0.05, ""timestamp"": 1770897013, ""title"": ""Will Trump nominate Kevin Warsh as the next Fed chair?"", ""slug"": ""will-trump-nominate-kevin-warsh-as-the-next-fed-chair"", ""icon"": ""https://polymarket-upload.s3.us-east-2.amazonaws.com/will-trump-nominate-kevin-warsh-as-the-next-fed-chair-Bc-vVyyVjhsS.jpg"", ""eventSlug"": ""who-will-trump-nominate-as-fed-chair"", ""outcome"": ""No"", ""outcomeIndex"": 1, ""name"": ""0x4207c4f53b785c6dOd48512a497ebd845c29b81b"", ""pseudonym"": ""Wonderful-Disgust"", ""bio"": """", ""profileImage"": """", ""profileImageOptimized"": """", ""transactionHash"": ""0xcf8240cd1426fce7385ca91a37cf8daa45a366b304aed8054b3fc14b4d6ee370""}"
1770896905,2026-02-14T02:01:57.740537,0x2ec21981a96efd2fa908e04ad899dc88aeefdf19d6a7ffc7e6d39daa57b1d2e2:1770896905,572469,18289842382539867639079362738467334752951741961393928566628307174343542320349,BUY,0.05097477682106191,18697.482548,953.1,0x2ec21981a96efd2fa908e04ad899dc88aeefdf19d6a7ffc7e6d39daa57b1d2e2,"{""proxyWallet"": ""0xab0180ff797a017df897f202c4ce75d984f2efc3"", ""side"": ""BUY"", ""asset"": ""18289842382539867639079362738467334752951741961393928566628307174343542320349"", ""conditionId"": ""0x61b66d02793b4a68ab0cc25be60d65f517fe18c7d654041281bb130341244fcc"", ""size"": 18697.482548, ""price"": 0.05097477682106191, ""timestamp"": 1770896905, ""title"": ""Will Trump nominate Kevin Warsh as the next Fed chair?"", ""slug"": ""will-trump-nominate-kevin-warsh-as-the-next-fed-chair"", ""icon"": ""https://polymarket-upload.s3.us-east-2.amazonaws.com/will-trump-nominate-kevin-warsh-as-the-next-fed-chair-Bc-vVyyVjhsS.jpg"", ""eventSlug"": ""who-will-trump-nominate-as-fed-chair"", ""outcome"": ""No"", ""outcomeIndex"": 1, ""name"": ""Judicael"", ""pseudonym"": ""Whole-Brink"", ""bio"": """", ""profileImage"": """", ""profileImageOptimized"": """", ""transactionHash"": ""0x2ec21981a96efd2fa908e04ad899dc88aeefdf19d6a7ffc7e6d39daa57b1d2e2""}"
1770896713,2026-02-14T02:01:57.740571,0x174388fba64e56a431a616fa7b3bbcf7a04731e49570d49045f516a3f5c3260d:1770896713,572469,18289842382539867639079362738467334752951741961393928566628307174343542320349,SELL,0.049,161.25,7.90125,0x174388fba64e56a431a616fa7b3bbcf7a04731e49570d49045f516a3f5c3260d,"{""proxyWallet"": ""0x0627aef4f5648c6e996bd9c71c50dca1b8e682b1"", ""side"": ""SELL"", ""asset"": ""18289842382539867639079362738467334752951741961393928566628307174343542320349"", ""conditionId"": ""0x61b66d02793b4a68ab0cc25be60d65f517fe18c7d654041281bb130341244fcc"", ""size"": 161.25, ""price"": 0.049, ""timestamp"": 1770896713, ""title"": ""Will Trump nominate Kevin Warsh as the next Fed chair?"", ""slug"": ""will-trump-nominate-kevin-warsh-as-the-next-fed-chair"", ""icon"": ""https://polymarket-upload.s3.us-east-2.amazonaws.com/will-trump-nominate-kevin-warsh-as-the-next-fed-chair-Bc-vVyyVjhsS.jpg"", ""eventSlug"": ""who-will-trump-nominate-as-fed-chair"", ""outcome"": ""No"", ""outcomeIndex"": 1, ""name"": ""waniman"", ""pseudonym"": ""Agonizing-Discretion"", ""bio"": """", ""profileImage"": ""https://polymarket-upload.s3.us-east-2.amazonaws.com/profile-image-4762517-a8e90483-1c3b-4925-ac2a-1557d8c4d120.webp"", ""profileImageOptimized"": """", ""transactionHash"": ""0x174388fba64e56a431a616fa7b3bbcf7a04731e49570d49045f516a3f5c3260d""}"
1770896485,2026-02-14T02:01:57.740606,0xf94228b8c4fd24d48f11488df64ee56ab94ac21a3730ee7e7f301ae81908c21b:1770896485,572469,18289842382539867639079362738467334752951741961393928566628307174343542320349,SELL,0.049,204.08,9.999920000000001,0xf94228b8c4fd24d48f11488df64ee56ab94ac21a3730ee7e7f301ae81908c21b,"{""proxyWallet"": ""0x27e99c3d0ffb69a563442184e8f06daddddee416"", ""side"": ""SELL"", ""asset"": ""18289842382539867639079362738467334752951741961393928566628307174343542320349"", ""conditionId"": ""0x61b66d02793b4a68ab0cc25be60d65f517fe18c7d654041281bb130341244fcc"", ""size"": 204.08, ""price"": 0.049, ""timestamp"": 1770896485, ""title"": ""Will Trump nominate Kevin Warsh as the next Fed chair?"", ""slug"": ""will-trump-nominate-kevin-warsh-as-the-next-fed-chair"", ""icon"": ""https://polymarket-upload.s3.us-east-2.amazonaws.com/will-trump-nominate-kevin-warsh-as-the-next-fed-chair-Bc-vVyyVjhsS.jpg"", ""eventSlug"": ""who-will-trump-nominate-as-fed-chair"", ""outcome"": ""No"", ""outcomeIndex"": 1, ""name"": ""Manudo"", ""pseudonym"": ""Plaintive-Angle"", ""bio"": """", ""profileImage"": """", ""profileImageOptimized"": """", ""transactionHash"": ""0xf94228b8c4fd24d48f11488df64ee56ab94ac21a3730ee7e7f301ae81908c21b""}"
1770896019,2026-02-14T02:01:57.740643,0x72ec6dab1a49fd7cad057e4875950d770f773b849be02783b2c8787acfd4ef53:1770896019,572469,18289842382539867639079362738467334752951741961393928566628307174343542320349,BUY,0.05,23.0,1.1500000000000001,0x72ec6dab1a49fd7cad057e4875950d770f773b849be02783b2c8787acfd4ef53,"{""proxyWallet"": ""0x6c979ffcc3528a5d2395a2f7c89135711da0988c"", ""side"": ""BUY"", ""asset"": ""18289842382539867639079362738467334752951741961393928566628307174343542320349"", ""conditionId"": ""0x61b66d02793b4a68ab0cc25be60d65f517fe18c7d654041281bb130341244fcc"", ""size"": 23, ""price"": 0.05, ""timestamp"": 1770896019, ""title"": ""Will Trump nominate Kevin Warsh as the next Fed chair?"", ""slug"": ""will-trump-nominate-kevin-warsh-as-the-next-fed-chair"", ""icon"": ""https://polymarket-upload.s3.us-east-2.amazonaws.com/will-trump-nominate-kevin-warsh-as-the-next-fed-chair-Bc-vVyyVjhsS.jpg"", ""eventSlug"": ""who-will-trump-nominate-as-fed-chair"", ""outcome"": ""No"", ""outcomeIndex"": 1, ""name"": ""7G-MAN"", ""pseudonym"": ""Zigzag-Message"", ""bio"": ""LOL, Fake profit."", ""profileImage"": """", ""profileImageOptimized"": """", ""transactionHash"": ""0x72ec6dab1a49fd7cad057e4875950d770f773b849be02783b2c8787acfd4ef53""}"
1770896017,2026-02-14T02:01:57.740678,0x2287e9053722618dd9a4a5134fa4b9ad1f16dd760a57f0d0aceb14b321a5d1f3:1770896017,572469,18289842382539867639079362738467334752951741961393928566628307174343542320349,BUY,0.05,1.79,0.08950000000000001,0x2287e9053722618dd9a4a5134fa4b9ad1f16dd760a57f0d0aceb14b321a5d1f3,"{""proxyWallet"": ""0x30cecdf29f069563ea21b8ae94492e41e53a6b2b"", ""side"": ""BUY"", ""asset"": ""18289842382539867639079362738467334752951741961393928566628307174343542320349"", ""conditionId"": ""0x61b66d02793b4a68ab0cc25be60d65f517fe18c7d654041281bb130341244fcc"", ""size"": 1.79, ""price"": 0.05, ""timestamp"": 1770896017, ""title"": ""Will Trump nominate Kevin Warsh as the next Fed chair?"", ""slug"": ""will-trump-nominate-kevin-warsh-as-the-next-fed-chair"", ""icon"": ""https://polymarket-upload.s3.us-east-2.amazonaws.com/will-trump-nominate-kevin-warsh-as-the-next-fed-chair-Bc-vVyyVjhsS.jpg"", ""eventSlug"": ""who-will-trump-nominate-as-fed-chair"", ""outcome"": ""No"", ""outcomeIndex"": 1, ""name"": ""ZXWP"", ""pseudonym"": ""Well-Documented-Hit"", ""bio"": """", ""profileImage"": """", ""profileImageOptimized"": """", ""transactionHash"": ""0x2287e9053722618dd9a4a5134fa4b9ad1f16dd760a57f0d0aceb14b321a5d1f3""}"
1770896015,2026-02-14T02:01:57.740712,0x2e97426e1a3e47cd8c94f5657713df6e9f3d70a44a8ed602fbad2595b09ab578:1770896015,572469,18289842382539867639079362738467334752951741961393928566628307174343542320349,BUY,0.05,34.0,1.7000000000000002,0x2e97426e1a3e47cd8c94f5657713df6e9f3d70a44a8ed602fbad2595b09ab578,"{""proxyWallet"": ""0x6c979ffcc3528a5d2395a2f7c89135711da0988c"", ""side"": ""BUY"", ""asset"": ""18289842382539867639079362738467334752951741961393928566628307174343542320349"", ""conditionId"": ""0x61b66d02793b4a68ab0cc25be60d65f517fe18c7d654041281bb130341244fcc"", ""size"": 34, ""price"": 0.05, ""timestamp"": 1770896015, ""title"": ""Will Trump nominate Kevin Warsh as the next Fed chair?"", ""slug"": ""will-trump-nominate-kevin-warsh-as-the-next-fed-chair"", ""icon"": ""https://polymarket-upload.s3.us-east-2.amazonaws.com/will-trump-nominate-kevin-warsh-as-the-next-fed-chair-Bc-vVyyVjhsS.jpg"", ""eventSlug"": ""who-will-trump-nominate-as-fed-chair"", ""outcome"": ""No"", ""outcomeIndex"": 1, ""name"": ""7G-MAN"", ""pseudonym"": ""Zigzag-Message"", ""bio"": ""LOL, Fake profit."", ""profileImage"": """", ""profileImageOptimized"": """", ""transactionHash"": ""0x2e97426e1a3e47cd8c94f5657713df6e9f3d70a44a8ed602fbad2595b09ab578""}"
1770896009,2026-02-14T02:01:57.740744,0x6923fdb65b08bca1592ceec500407740d900e9464c506cafa04109f6881d3a51:1770896009,572469,18289842382539867639079362738467334752951741961393928566628307174343542320349,BUY,0.05,16.05,0.8025000000000001,0x6923fdb65b08bca1592ceec500407740d900e9464c506cafa04109f6881d3a51,"{""proxyWallet"": ""0x30cecdf29f069563ea21b8ae94492e41e53a6b2b"", ""side"": ""BUY"", ""asset"": ""18289842382539867639079362738467334752951741961393928566628307174343542320349"", ""conditionId"": ""0x61b66d02793b4a68ab0cc25be60d65f517fe18c7d654041281bb130341244fcc"", ""size"": 16.05, ""price"": 0.05, ""timestamp"": 1770896009, ""title"": ""Will Trump nominate Kevin Warsh as the next Fed chair?"", ""slug"": ""will-trump-nominate-kevin-warsh-as-the-next-fed-chair"", ""icon"": ""https://polymarket-upload.s3.us-east-2.amazonaws.com/will-trump-nominate-kevin-warsh-as-the-next-fed-chair-Bc-vVyyVjhsS.jpg"", ""eventSlug"": ""who-will-trump-nominate-as-fed-chair"", ""outcome"": ""No"", ""outcomeIndex"": 1, ""name"": ""ZXWP"", ""pseudonym"": ""Well-Documented-Hit"", ""bio"": """", ""profileImage"": """", ""profileImageOptimized"": """", ""transactionHash"": ""0x6923fdb65b08bca1592ceec500407740d900e9464c506cafa04109f6881d3a51""}"
1770896009,2026-02-14T02:01:57.740774,0xe64ebd30bc3332e177127f09d9e1c106a3090f1f1c5fc253f899fe79e09dda71:1770896009,572469,18289842382539867639079362738467334752951741961393928566628307174343542320349,BUY,0.05,48.0,2.4000000000000004,0xe64ebd30bc3332e177127f09d9e1c106a3090f1f1c5fc253f899fe79e09dda71,"{""proxyWallet"": ""0x6c979ffcc3528a5d2395a2f7c89135711da0988c"", ""side"": ""BUY"", ""asset"": ""18289842382539867639079362738467334752951741961393928566628307174343542320349"", ""conditionId"": ""0x61b66d02793b4a68ab0cc25be60d65f517fe18c7d654041281bb130341244fcc"", ""size"": 48, ""price"": 0.05, ""timestamp"": 1770896009, ""title"": ""Will Trump nominate Kevin Warsh as the next Fed chair?"", ""slug"": ""will-trump-nominate-kevin-warsh-as-the-next-fed-chair"", ""icon"": ""https://polymarket-upload.s3.us-east-2.amazonaws.com/will-trump-nominate-kevin-warsh-as-the-next-fed-chair-Bc-vVyyVjhsS.jpg"", ""eventSlug"": ""who-will-trump-nominate-as-fed-chair"", ""outcome"": ""No"", ""outcomeIndex"": 1, ""name"": ""7G-MAN"", ""pseudonym"": ""Zigzag-Message"", ""bio"": ""LOL, Fake profit."", ""profileImage"": """", ""profileImageOptimized"": """", ""transactionHash"": ""0xe64ebd30bc3332e177127f09d9e1c106a3090f1f1c5fc253f899fe79e09dda71""}"
1770896003,2026-02-14T02:01:57.740806,0x1101d641298b799ae5688418b826f1b664503e1278bbcb84615269686cf4f475:1770896003,572469,18289842382539867639079362738467334752951741961393928566628307174343542320349,BUY,0.05,76.0,3.8000000000000003,0x1101d641298b799ae5688418b826f1b664503e1278bbcb84615269686cf4f475,"{""proxyWallet"": ""0x6c979ffcc3528a5d2395a2f7c89135711da0988c"", ""side"": ""BUY"", ""asset"": ""18289842382539867639079362738467334752951741961393928566628307174343542320349"", ""conditionId"": ""0x61b66d02793b4a68ab0cc25be60d65f517fe18c7d654041281bb130341244fcc"", ""size"": 76, ""price"": 0.05, ""timestamp"": 1770896003, ""title"": ""Will Trump nominate Kevin Warsh as the next Fed chair?"", ""slug"": ""will-trump-nominate-kevin-warsh-as-the-next-fed-chair"", ""icon"": ""https://polymarket-upload.s3.us-east-2.amazonaws.com/will-trump-nominate-kevin-warsh-as-the-next-fed-chair-Bc-vVyyVjhsS.jpg"", ""eventSlug"": ""who-will-trump-nominate-as-fed-chair"", ""outcome"": ""No"", ""outcomeIndex"": 1, ""name"": ""7G-MAN"", ""pseudonym"": ""Zigzag-Message"", ""bio"": ""LOL, Fake profit."", ""profileImage"": """", ""profileImageOptimized"": """", ""transactionHash"": ""0x1101d641298b799ae5688418b826f1b664503e1278bbcb84615269686cf4f475""}"
1770896001,2026-02-14T02:01:57.740837,0xacd1b526b858c4435e7cf01a899f18cff5d1b7436bf7cd2609915279f907fcaa:1770896001,572469,18289842382539867639079362738467334752951741961393928566628307174343542320349,BUY,0.05,144.47,7.2235000000000005,0xacd1b526b858c4435e7cf01a899f18cff5d1b7436bf7cd2609915279f907fcaa,"{""proxyWallet"": ""0x30cecdf29f069563ea21b8ae94492e41e53a6b2b"", ""side"": ""BUY"", ""asset"": ""18289842382539867639079362738467334752951741961393928566628307174343542320349"", ""conditionId"": ""0x61b66d02793b4a68ab0cc25be60d65f517fe18c7d654041281bb130341244fcc"", ""size"": 144.47, ""price"": 0.05, ""timestamp"": 1770896001, ""title"": ""Will Trump nominate Kevin Warsh as the next Fed chair?"", ""slug"": ""will-trump-nominate-kevin-warsh-as-the-next-fed-chair"", ""icon"": ""https://polymarket-upload.s3.us-east-2.amazonaws.com/will-trump-nominate-kevin-warsh-as-the-next-fed-chair-Bc-vVyyVjhsS.jpg"", ""eventSlug"": ""who-will-trump-nominate-as-fed-chair"", ""outcome"": ""No"", ""outcomeIndex"": 1, ""name"": ""ZXWP"", ""pseudonym"": ""Well-Documented-Hit"", ""bio"": """", ""profileImage"": """", ""profileImageOptimized"": """", ""transactionHash"": ""0xacd1b526b858c4435e7cf01a899f18cff5d1b7436bf7cd2609915279f907fcaa""}"
1770895997,2026-02-14T02:01:57.740868,0x8a57c6381f6abba5e01f93af40d75e4026c0ecf1bad92954c41eb36cdc8a545b:1770895997,572469,18289842382539867639079362738467334752951741961393928566628307174343542320349,BUY,0.05,170.0,8.5,0x8a57c6381f6abba5e01f93af40d75e4026c0ecf1bad92954c41eb36cdc8a545b,"{""proxyWallet"": ""0x6c979ffcc3528a5d2395a2f7c89135711da0988c"", ""side"": ""BUY"", ""asset"": ""18289842382539867639079362738467334752951741961393928566628307174343542320349"", ""conditionId"": ""0x61b66d02793b4a68ab0cc25be60d65f517fe18c7d654041281bb130341244fcc"", ""size"": 170, ""price"": 0.05, ""timestamp"": 1770895997, ""title"": ""Will Trump nominate Kevin Warsh as the next Fed chair?"", ""slug"": ""will-trump-nominate-kevin-warsh-as-the-next-fed-chair"", ""icon"": ""https://polymarket-upload.s3.us-east-2.amazonaws.com/will-trump-nominate-kevin-warsh-as-the-next-fed-chair-Bc-vVyyVjhsS.jpg"", ""eventSlug"": ""who-will-trump-nominate-as-fed-chair"", ""outcome"": ""No"", ""outcomeIndex"": 1, ""name"": ""7G-MAN"", ""pseudonym"": ""Zigzag-Message"", ""bio"": ""LOL, Fake profit."", ""profileImage"": """", ""profileImageOptimized"": """", ""transactionHash"": ""0x8a57c6381f6abba5e01f93af40d75e4026c0ecf1bad92954c41eb36cdc8a545b""}"
1770895991,2026-02-14T02:01:57.740899,0x5bb25d8ffd8251888d97f2cdb672c9926d98bb4a3bc1435c686be5d384cd0f14:1770895991,572469,18289842382539867639079362738467334752951741961393928566628307174343542320349,BUY,0.05,243.0,12.15,0x5bb25d8ffd8251888d97f2cdb672c9926d98bb4a3bc1435c686be5d384cd0f14,"{""proxyWallet"": ""0x6c979ffcc3528a5d2395a2f7c89135711da0988c"", ""side"": ""BUY"", ""asset"": ""18289842382539867639079362738467334752951741961393928566628307174343542320349"", ""conditionId"": ""0x61b66d02793b4a68ab0cc25be60d65f517fe18c7d654041281bb130341244fcc"", ""size"": 243, ""price"": 0.05, ""timestamp"": 1770895991, ""title"": ""Will Trump nominate Kevin Warsh as the next Fed chair?"", ""slug"": ""will-trump-nominate-kevin-warsh-as-the-next-fed-chair"", ""icon"": ""https://polymarket-upload.s3.us-east-2.amazonaws.com/will-trump-nominate-kevin-warsh-as-the-next-fed-chair-Bc-vVyyVjhsS.jpg"", ""eventSlug"": ""who-will-trump-nominate-as-fed-chair"", ""outcome"": ""No"", ""outcomeIndex"": 1, ""name"": ""7G-MAN"", ""pseudonym"": ""Zigzag-Message"", ""bio"": ""LOL, Fake profit."", ""profileImage"": """", ""profileImageOptimized"": """", ""transactionHash"": ""0x5bb25d8ffd8251888d97f2cdb672c9926d98bb4a3bc1435c686be5d384cd0f14""}"
1770895987,2026-02-14T02:01:57.740930,0xc7877e872e7a339f9c2775bb703998f70396f7bf7034dfdc3ad617cab07ab357:1770895987,572469,18289842382539867639079362738467334752951741961393928566628307174343542320349,BUY,0.05,348.0,17.400000000000002,0xc7877e872e7a339f9c2775bb703998f70396f7bf7034dfdc3ad617cab07ab357,"{""proxyWallet"": ""0x6c979ffcc3528a5d2395a2f7c89135711da0988c"", ""side"": ""BUY"", ""asset"": ""18289842382539867639079362738467334752951741961393928566628307174343542320349"", ""conditionId"": ""0x61b66d02793b4a68ab0cc25be60d65f517fe18c7d654041281bb130341244fcc"", ""size"": 348, ""price"": 0.05, ""timestamp"": 1770895987, ""title"": ""Will Trump nominate Kevin Warsh as the next Fed chair?"", ""slug"": ""will-trump-nominate-kevin-warsh-as-the-next-fed-chair"", ""icon"": ""https://polymarket-upload.s3.us-east-2.amazonaws.com/will-trump-nominate-kevin-warsh-as-the-next-fed-chair-Bc-vVyyVjhsS.jpg"", ""eventSlug"": ""who-will-trump-nominate-as-fed-chair"", ""outcome"": ""No"", ""outcomeIndex"": 1, ""name"": ""7G-MAN"", ""pseudonym"": ""Zigzag-Message"", ""bio"": ""LOL, Fake profit."", ""profileImage"": """", ""profileImageOptimized"": """", ""transactionHash"": ""0xc7877e872e7a339f9c2775bb703998f70396f7bf7034dfdc3ad617cab07ab357""}"
1770895959,2026-02-14T02:01:57.740971,0x3cd0290f9aa1ce49db9dd95e2477c08a6399fdbda33802eeb47b0909c6159b6e:1770895959,572469,18289842382539867639079362738467334752951741961393928566628307174343542320349,BUY,0.05,21.0,1.05,0x3cd0290f9aa1ce49db9dd95e2477c08a6399fdbda33802eeb47b0909c6159b6e,"{""proxyWallet"": ""0x6c979ffcc3528a5d2395a2f7c89135711da0988c"", ""side"": ""BUY"", ""asset"": ""18289842382539867639079362738467334752951741961393928566628307174343542320349"", ""conditionId"": ""0x61b66d02793b4a68ab0cc25be60d65f517fe18c7d654041281bb130341244fcc"", ""size"": 21, ""price"": 0.05, ""timestamp"": 1770895959, ""title"": ""Will Trump nominate Kevin Warsh as the next Fed chair?"", ""slug"": ""will-trump-nominate-kevin-warsh-as-the-next-fed-chair"", ""icon"": ""https://polymarket-upload.s3.us-east-2.amazonaws.com/will-trump-nominate-kevin-warsh-as-the-next-fed-chair-Bc-vVyyVjhsS.jpg"", ""eventSlug"": ""who-will-trump-nominate-as-fed-chair"", ""outcome"": ""No"", ""outcomeIndex"": 1, ""name"": ""7G-MAN"", ""pseudonym"": ""Zigzag-Message"", ""bio"": ""LOL, Fake profit."", ""profileImage"": """", ""profileImageOptimized"": """", ""transactionHash"": ""0x3cd0290f9aa1ce49db9dd95e2477c08a6399fdbda33802eeb47b0909c6159b6e""}"
1770895955,2026-02-14T02:01:57.741003,0x673f49971045887692aed3f127d9a46cbf475a8de2dfd0f3d3092b24fec2cad0:1770895955,572469,18289842382539867639079362738467334752951741961393928566628307174343542320349,BUY,0.05,30.0,1.5,0x673f49971045887692aed3f127d9a46cbf475a8de2dfd0f3d3092b24fec2cad0,"{""proxyWallet"": ""0x6c979ffcc3528a5d2395a2f7c89135711da0988c"", ""side"": ""BUY"", ""asset"": ""18289842382539867639079362738467334752951741961393928566628307174343542320349"", ""conditionId"": ""0x61b66d02793b4a68ab0cc25be60d65f517fe18c7d654041281bb130341244fcc"", ""size"": 30, ""price"": 0.05, ""timestamp"": 1770895955, ""title"": ""Will Trump nominate Kevin Warsh as the next Fed chair?"", ""slug"": ""will-trump-nominate-kevin-warsh-as-the-next-fed-chair"", ""icon"": ""https://polymarket-upload.s3.us-east-2.amazonaws.com/will-trump-nominate-kevin-warsh-as-the-next-fed-chair-Bc-vVyyVjhsS.jpg"", ""eventSlug"": ""who-will-trump-nominate-as-fed-chair"", ""outcome"": ""No"", ""outcomeIndex"": 1, ""name"": ""7G-MAN"", ""pseudonym"": ""Zigzag-Message"", ""bio"": ""LOL, Fake profit."", ""profileImage"": """", ""profileImageOptimized"": """", ""transactionHash"": ""0x673f49971045887692aed3f127d9a46cbf475a8de2dfd0f3d3092b24fec2cad0""}"
1770895949,2026-02-14T02:01:57.741034,0xbef93a6ffba5dd99405a34c29bed147c6c69679d63a6874c712661bc0c9efd6c:1770895949,572469,18289842382539867639079362738467334752951741961393928566628307174343542320349,BUY,0.05,42.0,2.1,0xbef93a6ffba5dd99405a34c29bed147c6c69679d63a6874c712661bc0c9efd6c,"{""proxyWallet"": ""0x6c979ffcc3528a5d2395a2f7c89135711da0988c"", ""side"": ""BUY"", ""asset"": ""18289842382539867639079362738467334752951741961393928566628307174343542320349"", ""conditionId"": ""0x61b66d02793b4a68ab0cc25be60d65f517fe18c7d654041281bb130341244fcc"", ""size"": 42, ""price"": 0.05, ""timestamp"": 1770895949, ""title"": ""Will Trump nominate Kevin Warsh as the next Fed chair?"", ""slug"": ""will-trump-nominate-kevin-warsh-as-the-next-fed-chair"", ""icon"": ""https://polymarket-upload.s3.us-east-2.amazonaws.com/will-trump-nominate-kevin-warsh-as-the-next-fed-chair-Bc-vVyyVjhsS.jpg"", ""eventSlug"": ""who-will-trump-nominate-as-fed-chair"", ""outcome"": ""No"", ""outcomeIndex"": 1, ""name"": ""7G-MAN"", ""pseudonym"": ""Zigzag-Message"", ""bio"": ""LOL, Fake profit."", ""profileImage"": """", ""profileImageOptimized"": """", ""transactionHash"": ""0xbef93a6ffba5dd99405a34c29bed147c6c69679d63a6874c712661bc0c9efd6c""}"
1770895945,2026-02-14T02:01:57.741063,0x638e9710635239a9fd1a7fc24d525e4edc51a00a3a3cb9bc390cc58742f43545:1770895945,572469,18289842382539867639079362738467334752951741961393928566628307174343542320349,BUY,0.05,61.0,3.0500000000000003,0x638e9710635239a9fd1a7fc24d525e4edc51a00a3a3cb9bc390cc58742f43545,"{""proxyWallet"": ""0x6c979ffcc3528a5d2395a2f7c89135711da0988c"", ""side"": ""BUY"", ""asset"": ""18289842382539867639079362738467334752951741961393928566628307174343542320349"", ""conditionId"": ""0x61b66d02793b4a68ab0cc25be60d65f517fe18c7d654041281bb130341244fcc"", ""size"": 61, ""price"": 0.05, ""timestamp"": 1770895945, ""title"": ""Will Trump nominate Kevin Warsh as the next Fed chair?"", ""slug"": ""will-trump-nominate-kevin-warsh-as-the-next-fed-chair"", ""icon"": ""https://polymarket-upload.s3.us-east-2.amazonaws.com/will-trump-nominate-kevin-warsh-as-the-next-fed-chair-Bc-vVyyVjhsS.jpg"", ""eventSlug"": ""who-will-trump-nominate-as-fed-chair"", ""outcome"": ""No"", ""outcomeIndex"": 1, ""name"": ""7G-MAN"", ""pseudonym"": ""Zigzag-Message"", ""bio"": ""LOL, Fake profit."", ""profileImage"": """", ""profileImageOptimized"": """", ""transactionHash"": ""0x638e9710635239a9fd1a7fc24d525e4edc51a00a3a3cb9bc390cc58742f43545""}"
1770895939,2026-02-14T02:01:57.741093,0xaef9fa010c699e33a652eb8766d7ade8a858ebe842966e9b8c26d2e7223e1dd8:1770895939,572469,18289842382539867639079362738467334752951741961393928566628307174343542320349,BUY,0.05,86.0,4.3,0xaef9fa010c699e33a652eb8766d7ade8a858ebe842966e9b8c26d2e7223e1dd8,"{""proxyWallet"": ""0x6c979ffcc3528a5d2395a2f7c89135711da0988c"", ""side"": ""BUY"", ""asset"": ""18289842382539867639079362738467334752951741961393928566628307174343542320349"", ""conditionId"": ""0x61b66d02793b4a68ab0cc25be60d65f517fe18c7d654041281bb130341244fcc"", ""size"": 86, ""price"": 0.05, ""timestamp"": 1770895939, ""title"": ""Will Trump nominate Kevin Warsh as the next Fed chair?"", ""slug"": ""will-trump-nominate-kevin-warsh-as-the-next-fed-chair"", ""icon"": ""https://polymarket-upload.s3.us-east-2.amazonaws.com/will-trump-nominate-kevin-warsh-as-the-next-fed-chair-Bc-vVyyVjhsS.jpg"", ""eventSlug"": ""who-will-trump-nominate-as-fed-chair"", ""outcome"": ""No"", ""outcomeIndex"": 1, ""name"": ""7G-MAN"", ""pseudonym"": ""Zigzag-Message"", ""bio"": ""LOL, Fake profit."", ""profileImage"": """", ""profileImageOptimized"": """", ""transactionHash"": ""0xaef9fa010c699e33a652eb8766d7ade8a858ebe842966e9b8c26d2e7223e1dd8""}"
1770895933,2026-02-14T02:01:57.741122,0xf51da5dba1457bdd3d81607079462537920e15cfbbac610e14b4951a2672e5e2:1770895933,572469,18289842382539867639079362738467334752951741961393928566628307174343542320349,BUY,0.05,123.0,6.15,0xf51da5dba1457bdd3d81607079462537920e15cfbbac610e14b4951a2672e5e2,"{""proxyWallet"": ""0x6c979ffcc3528a5d2395a2f7c89135711da0988c"", ""side"": ""BUY"", ""asset"": ""18289842382539867639079362738467334752951741961393928566628307174343542320349"", ""conditionId"": ""0x61b66d02793b4a68ab0cc25be60d65f517fe18c7d654041281bb130341244fcc"", ""size"": 123, ""price"": 0.05, ""timestamp"": 1770895933, ""title"": ""Will Trump nominate Kevin Warsh as the next Fed chair?"", ""slug"": ""will-trump-nominate-kevin-warsh-as-the-next-fed-chair"", ""icon"": ""https://polymarket-upload.s3.us-east-2.amazonaws.com/will-trump-nominate-kevin-warsh-as-the-next-fed-chair-Bc-vVyyVjhsS.jpg"", ""eventSlug"": ""who-will-trump-nominate-as-fed-chair"", ""outcome"": ""No"", ""outcomeIndex"": 1, ""name"": ""7G-MAN"", ""pseudonym"": ""Zigzag-Message"", ""bio"": ""LOL, Fake profit."", ""profileImage"": """", ""profileImageOptimized"": """", ""transactionHash"": ""0xf51da5dba1457bdd3d81607079462537920e15cfbbac610e14b4951a2672e5e2""}"
1770895929,2026-02-14T02:01:57.741152,0x125afef778186565e8f6d6b32a209fcb9514c982cc9b5cadd83b0c1f06062254:1770895929,572469,18289842382539867639079362738467334752951741961393928566628307174343542320349,BUY,0.05,176.0,8.8,0x125afef778186565e8f6d6b32a209fcb9514c982cc9b5cadd83b0c1f06062254,"{""proxyWallet"": ""0x6c979ffcc3528a5d2395a2f7c89135711da0988c"", ""side"": ""BUY"", ""asset"": ""18289842382539867639079362738467334752951741961393928566628307174343542320349"", ""conditionId"": ""0x61b66d02793b4a68ab0cc25be60d65f517fe18c7d654041281bb130341244fcc"", ""size"": 176, ""price"": 0.05, ""timestamp"": 1770895929, ""title"": ""Will Trump nominate Kevin Warsh as the next Fed chair?"", ""slug"": ""will-trump-nominate-kevin-warsh-as-the-next-fed-chair"", ""icon"": ""https://polymarket-upload.s3.us-east-2.amazonaws.com/will-trump-nominate-kevin-warsh-as-the-next-fed-chair-Bc-vVyyVjhsS.jpg"", ""eventSlug"": ""who-will-trump-nominate-as-fed-chair"", ""outcome"": ""No"", ""outcomeIndex"": 1, ""name"": ""7G-MAN"", ""pseudonym"": ""Zigzag-Message"", ""bio"": ""LOL, Fake profit."", ""profileImage"": """", ""profileImageOptimized"": """", ""transactionHash"": ""0x125afef778186565e8f6d6b32a209fcb9514c982cc9b5cadd83b0c1f06062254""}"
1770895923,2026-02-14T02:01:57.741183,0x71180dc63e04b21535844cb0a7490e99fe1dbfbe8fb397d070e4058728c90235:1770895923,572469,18289842382539867639079362738467334752951741961393928566628307174343542320349,BUY,0.05,252.0,12.600000000000001,0x71180dc63e04b21535844cb0a7490e99fe1dbfbe8fb397d070e4058728c90235,"{""proxyWallet"": ""0x6c979ffcc3528a5d2395a2f7c89135711da0988c"", ""side"": ""BUY"", ""asset"": ""18289842382539867639079362738467334752951741961393928566628307174343542320349"", ""conditionId"": ""0x61b66d02793b4a68ab0cc25be60d65f517fe18c7d654041281bb130341244fcc"", ""size"": 252, ""price"": 0.05, ""timestamp"": 1770895923, ""title"": ""Will Trump nominate Kevin Warsh as the next Fed chair?"", ""slug"": ""will-trump-nominate-kevin-warsh-as-the-next-fed-chair"", ""icon"": ""https://polymarket-upload.s3.us-east-2.amazonaws.com/will-trump-nominate-kevin-warsh-as-the-next-fed-chair-Bc-vVyyVjhsS.jpg"", ""eventSlug"": ""who-will-trump-nominate-as-fed-chair"", ""outcome"": ""No"", ""outcomeIndex"": 1, ""name"": ""7G-MAN"", ""pseudonym"": ""Zigzag-Message"", ""bio"": ""LOL, Fake profit."", ""profileImage"": """", ""profileImageOptimized"": """", ""transactionHash"": ""0x71180dc63e04b21535844cb0a7490e99fe1dbfbe8fb397d070e4058728c90235""}"
1770895917,2026-02-14T02:01:57.741215,0x43a657355f9382285b5e89e97506737c5042e66bf320eaca11324993dfbc2a2f:1770895917,572469,18289842382539867639079362738467334752951741961393928566628307174343542320349,BUY,0.05,360.0,18.0,0x43a657355f9382285b5e89e97506737c5042e66bf320eaca11324993dfbc2a2f,"{""proxyWallet"": ""0x6c979ffcc3528a5d2395a2f7c89135711da0988c"", ""side"": ""BUY"", ""asset"": ""18289842382539867639079362738467334752951741961393928566628307174343542320349"", ""conditionId"": ""0x61b66d02793b4a68ab0cc25be60d65f517fe18c7d654041281bb130341244fcc"", ""size"": 360, ""price"": 0.05, ""timestamp"": 1770895917, ""title"": ""Will Trump nominate Kevin Warsh as the next Fed chair?"", ""slug"": ""will-trump-nominate-kevin-warsh-as-the-next-fed-chair"", ""icon"": ""https://polymarket-upload.s3.us-east-2.amazonaws.com/will-trump-nominate-kevin-warsh-as-the-next-fed-chair-Bc-vVyyVjhsS.jpg"", ""eventSlug"": ""who-will-trump-nominate-as-fed-chair"", ""outcome"": ""No"", ""outcomeIndex"": 1, ""name"": ""7G-MAN"", ""pseudonym"": ""Zigzag-Message"", ""bio"": ""LOL, Fake profit."", ""profileImage"": """", ""profileImageOptimized"": """", ""transactionHash"": ""0x43a657355f9382285b5e89e97506737c5042e66bf320eaca11324993dfbc2a2f""}"
1770895911,2026-02-14T02:01:57.741246,0xcfef1ea02210298b0c675cabd43c30b56fa9298ad5112256f73bbb8d990ee947:1770895911,572469,18289842382539867639079362738467334752951741961393928566628307174343542320349,BUY,0.05,514.0,25.700000000000003,0xcfef1ea02210298b0c675cabd43c30b56fa9298ad5112256f73bbb8d990ee947,"{""proxyWallet"": ""0x6c979ffcc3528a5d2395a2f7c89135711da0988c"", ""side"": ""BUY"", ""asset"": ""18289842382539867639079362738467334752951741961393928566628307174343542320349"", ""conditionId"": ""0x61b66d02793b4a68ab0cc25be60d65f517fe18c7d654041281bb130341244fcc"", ""size"": 514, ""price"": 0.05, ""timestamp"": 1770895911, ""title"": ""Will Trump nominate Kevin Warsh as the next Fed chair?"", ""slug"": ""will-trump-nominate-kevin-warsh-as-the-next-fed-chair"", ""icon"": ""https://polymarket-upload.s3.us-east-2.amazonaws.com/will-trump-nominate-kevin-warsh-as-the-next-fed-chair-Bc-vVyyVjhsS.jpg"", ""eventSlug"": ""who-will-trump-nominate-as-fed-chair"", ""outcome"": ""No"", ""outcomeIndex"": 1, ""name"": ""7G-MAN"", ""pseudonym"": ""Zigzag-Message"", ""bio"": ""LOL, Fake profit."", ""profileImage"": """", ""profileImageOptimized"": """", ""transactionHash"": ""0xcfef1ea02210298b0c675cabd43c30b56fa9298ad5112256f73bbb8d990ee947""}"
1770895907,2026-02-14T02:01:57.741273,0x1325505922f406fb658a8cab4ad901e694490e2136156f863e42077bfb655c6b:1770895907,572469,18289842382539867639079362738467334752951741961393928566628307174343542320349,BUY,0.05,734.0,36.7,0x1325505922f406fb658a8cab4ad901e694490e2136156f863e42077bfb655c6b,"{""proxyWallet"": ""0x6c979ffcc3528a5d2395a2f7c89135711da0988c"", ""side"": ""BUY"", ""asset"": ""18289842382539867639079362738467334752951741961393928566628307174343542320349"", ""conditionId"": ""0x61b66d02793b4a68ab0cc25be60d65f517fe18c7d654041281bb130341244fcc"", ""size"": 734, ""price"": 0.05, ""timestamp"": 1770895907, ""title"": ""Will Trump nominate Kevin Warsh as the next Fed chair?"", ""slug"": ""will-trump-nominate-kevin-warsh-as-the-next-fed-chair"", ""icon"": ""https://polymarket-upload.s3.us-east-2.amazonaws.com/will-trump-nominate-kevin-warsh-as-the-next-fed-chair-Bc-vVyyVjhsS.jpg"", ""eventSlug"": ""who-will-trump-nominate-as-fed-chair"", ""outcome"": ""No"", ""outcomeIndex"": 1, ""name"": ""7G-MAN"", ""pseudonym"": ""Zigzag-Message"", ""bio"": ""LOL, Fake profit."", ""profileImage"": """", ""profileImageOptimized"": """", ""transactionHash"": ""0x1325505922f406fb658a8cab4ad901e694490e2136156f863e42077bfb655c6b""}"
1770895889,2026-02-14T02:01:57.741292,0xdc5934e14b94815ccbc7f24a559a1b8da4c5f9aa97ef0bee850acb99ae4848af:1770895889,572469,18289842382539867639079362738467334752951741961393928566628307174343542320349,BUY,0.05,20.0,1.0,0xdc5934e14b94815ccbc7f24a559a1b8da4c5f9aa97ef0bee850acb99ae4848af,"{""proxyWallet"": ""0x6c979ffcc3528a5d2395a2f7c89135711da0988c"", ""side"": ""BUY"", ""asset"": ""18289842382539867639079362738467334752951741961393928566628307174343542320349"", ""conditionId"": ""0x61b66d02793b4a68ab0cc25be60d65f517fe18c7d654041281bb130341244fcc"", ""size"": 20, ""price"": 0.05, ""timestamp"": 1770895889, ""title"": ""Will Trump nominate Kevin Warsh as the next Fed chair?"", ""slug"": ""will-trump-nominate-kevin-warsh-as-the-next-fed-chair"", ""icon"": ""https://polymarket-upload.s3.us-east-2.amazonaws.com/will-trump-nominate-kevin-warsh-as-the-next-fed-chair-Bc-vVyyVjhsS.jpg"", ""eventSlug"": ""who-will-trump-nominate-as-fed-chair"", ""outcome"": ""No"", ""outcomeIndex"": 1, ""name"": ""7G-MAN"", ""pseudonym"": ""Zigzag-Message"", ""bio"": ""LOL, Fake profit."", ""profileImage"": """", ""profileImageOptimized"": """", ""transactionHash"": ""0xdc5934e14b94815ccbc7f24a559a1b8da4c5f9aa97ef0bee850acb99ae4848af""}"
1770895885,2026-02-14T02:01:57.741312,0xbbfb7a8ace3c06b9798ad423c0cbef661950b82d567a6ba8b690992d4a141b1a:1770895885,572469,18289842382539867639079362738467334752951741961393928566628307174343542320349,BUY,0.05,29.0,1.4500000000000002,0xbbfb7a8ace3c06b9798ad423c0cbef661950b82d567a6ba8b690992d4a141b1a,"{""proxyWallet"": ""0x6c979ffcc3528a5d2395a2f7c89135711da0988c"", ""side"": ""BUY"", ""asset"": ""18289842382539867639079362738467334752951741961393928566628307174343542320349"", ""conditionId"": ""0x61b66d02793b4a68ab0cc25be60d65f517fe18c7d654041281bb130341244fcc"", ""size"": 29, ""price"": 0.05, ""timestamp"": 1770895885, ""title"": ""Will Trump nominate Kevin Warsh as the next Fed chair?"", ""slug"": ""will-trump-nominate-kevin-warsh-as-the-next-fed-chair"", ""icon"": ""https://polymarket-upload.s3.us-east-2.amazonaws.com/will-trump-nominate-kevin-warsh-as-the-next-fed-chair-Bc-vVyyVjhsS.jpg"", ""eventSlug"": ""who-will-trump-nominate-as-fed-chair"", ""outcome"": ""No"", ""outcomeIndex"": 1, ""name"": ""7G-MAN"", ""pseudonym"": ""Zigzag-Message"", ""bio"": ""LOL, Fake profit."", ""profileImage"": """", ""profileImageOptimized"": """", ""transactionHash"": ""0xbbfb7a8ace3c06b9798ad423c0cbef661950b82d567a6ba8b690992d4a141b1a""}"
1770895879,2026-02-14T02:01:57.741331,0x8726a3476766ca6ca3b7a76d39b4251b418eb4eea40e226ec91b66931c70a965:1770895879,572469,18289842382539867639079362738467334752951741961393928566628307174343542320349,BUY,0.05,1.79,0.08950000000000001,0x8726a3476766ca6ca3b7a76d39b4251b418eb4eea40e226ec91b66931c70a965,"{""proxyWallet"": ""0x30cecdf29f069563ea21b8ae94492e41e53a6b2b"", ""side"": ""BUY"", ""asset"": ""18289842382539867639079362738467334752951741961393928566628307174343542320349"", ""conditionId"": ""0x61b66d02793b4a68ab0cc25be60d65f517fe18c7d654041281bb130341244fcc"", ""size"": 1.79, ""price"": 0.05, ""timestamp"": 1770895879, ""title"": ""Will Trump nominate Kevin Warsh as the next Fed chair?"", ""slug"": ""will-trump-nominate-kevin-warsh-as-the-next-fed-chair"", ""icon"": ""https://polymarket-upload.s3.us-east-2.amazonaws.com/will-trump-nominate-kevin-warsh-as-the-next-fed-chair-Bc-vVyyVjhsS.jpg"", ""eventSlug"": ""who-will-trump-nominate-as-fed-chair"", ""outcome"": ""No"", ""outcomeIndex"": 1, ""name"": ""ZXWP"", ""pseudonym"": ""Well-Documented-Hit"", ""bio"": """", ""profileImage"": """", ""profileImageOptimized"": """", ""transactionHash"": ""0x8726a3476766ca6ca3b7a76d39b4251b418eb4eea40e226ec91b66931c70a965""}"
1770895879,2026-02-14T02:01:57.741350,0x78c7ad14a23824d5e51ccf3c35565b0b5d0d26590c60679d3106e567480494e5:1770895879,572469,18289842382539867639079362738467334752951741961393928566628307174343542320349,BUY,0.05,60.0,3.0,0x78c7ad14a23824d5e51ccf3c35565b0b5d0d26590c60679d3106e567480494e5,"{""proxyWallet"": ""0x6c979ffcc3528a5d2395a2f7c89135711da0988c"", ""side"": ""BUY"", ""asset"": ""18289842382539867639079362738467334752951741961393928566628307174343542320349"", ""conditionId"": ""0x61b66d02793b4a68ab0cc25be60d65f517fe18c7d654041281bb130341244fcc"", ""size"": 60, ""price"": 0.05, ""timestamp"": 1770895879, ""title"": ""Will Trump nominate Kevin Warsh as the next Fed chair?"", ""slug"": ""will-trump-nominate-kevin-warsh-as-the-next-fed-chair"", ""icon"": ""https://polymarket-upload.s3.us-east-2.amazonaws.com/will-trump-nominate-kevin-warsh-as-the-next-fed-chair-Bc-vVyyVjhsS.jpg"", ""eventSlug"": ""who-will-trump-nominate-as-fed-chair"", ""outcome"": ""No"", ""outcomeIndex"": 1, ""name"": ""7G-MAN"", ""pseudonym"": ""Zigzag-Message"", ""bio"": ""LOL, Fake profit."", ""profileImage"": """", ""profileImageOptimized"": """", ""transactionHash"": ""0x78c7ad14a23824d5e51ccf3c35565b0b5d0d26590c60679d3106e567480494e5""}"
1770895873,2026-02-14T02:01:57.741368,0x278f59b81821ae7bc679c76dfe796cb6613221db500800298e9d6acda66e502a:1770895873,572469,18289842382539867639079362738467334752951741961393928566628307174343542320349,BUY,0.05,41.0,2.0500000000000003,0x278f59b81821ae7bc679c76dfe796cb6613221db500800298e9d6acda66e502a,"{""proxyWallet"": ""0x6c979ffcc3528a5d2395a2f7c89135711da0988c"", ""side"": ""BUY"", ""asset"": ""18289842382539867639079362738467334752951741961393928566628307174343542320349"", ""conditionId"": ""0x61b66d02793b4a68ab0cc25be60d65f517fe18c7d654041281bb130341244fcc"", ""size"": 41, ""price"": 0.05, ""timestamp"": 1770895873, ""title"": ""Will Trump nominate Kevin Warsh as the next Fed chair?"", ""slug"": ""will-trump-nominate-kevin-warsh-as-the-next-fed-chair"", ""icon"": ""https://polymarket-upload.s3.us-east-2.amazonaws.com/will-trump-nominate-kevin-warsh-as-the-next-fed-chair-Bc-vVyyVjhsS.jpg"", ""eventSlug"": ""who-will-trump-nominate-as-fed-chair"", ""outcome"": ""No"", ""outcomeIndex"": 1, ""name"": ""7G-MAN"", ""pseudonym"": ""Zigzag-Message"", ""bio"": ""LOL, Fake profit."", ""profileImage"": """", ""profileImageOptimized"": """", ""transactionHash"": ""0x278f59b81821ae7bc679c76dfe796cb6613221db500800298e9d6acda66e502a""}"
1770895867,2026-02-14T02:01:57.741391,0xf9fe0b267cc09ca072500ad43c3de780294fcdc7cf322ffabdd3abab28a47d7b:1770895867,572469,18289842382539867639079362738467334752951741961393928566628307174343542320349,BUY,0.05,144.47,7.2235000000000005,0xf9fe0b267cc09ca072500ad43c3de780294fcdc7cf322ffabdd3abab28a47d7b,"{""proxyWallet"": ""0x30cecdf29f069563ea21b8ae94492e41e53a6b2b"", ""side"": ""BUY"", ""asset"": ""18289842382539867639079362738467334752951741961393928566628307174343542320349"", ""conditionId"": ""0x61b66d02793b4a68ab0cc25be60d65f517fe18c7d654041281bb130341244fcc"", ""size"": 144.47, ""price"": 0.05, ""timestamp"": 1770895867, ""title"": ""Will Trump nominate Kevin Warsh as the next Fed chair?"", ""slug"": ""will-trump-nominate-kevin-warsh-as-the-next-fed-chair"", ""icon"": ""https://polymarket-upload.s3.us-east-2.amazonaws.com/will-trump-nominate-kevin-warsh-as-the-next-fed-chair-Bc-vVyyVjhsS.jpg"", ""eventSlug"": ""who-will-trump-nominate-as-fed-chair"", ""outcome"": ""No"", ""outcomeIndex"": 1, ""name"": ""ZXWP"", ""pseudonym"": ""Well-Documented-Hit"", ""bio"": """", ""profileImage"": """", ""profileImageOptimized"": """", ""transactionHash"": ""0xf9fe0b267cc09ca072500ad43c3de780294fcdc7cf322ffabdd3abab28a47d7b""}"
1770895863,2026-02-14T02:01:57.741410,0x9bf86b3a37a56f1f6bfa380b3ce9886f8fff6a64b7d0193f81c4c42fe1d3fad5:1770895863,572469,18289842382539867639079362738467334752951741961393928566628307174343542320349,BUY,0.05,352.0,17.6,0x9bf86b3a37a56f1f6bfa380b3ce9886f8fff6a64b7d0193f81c4c42fe1d3fad5,"{""proxyWallet"": ""0x6c979ffcc3528a5d2395a2f7c89135711da0988c"", ""side"": ""BUY"", ""asset"": ""18289842382539867639079362738467334752951741961393928566628307174343542320349"", ""conditionId"": ""0x61b66d02793b4a68ab0cc25be60d65f517fe18c7d654041281bb130341244fcc"", ""size"": 352, ""price"": 0.05, ""timestamp"": 1770895863, ""title"": ""Will Trump nominate Kevin Warsh as the next Fed chair?"", ""slug"": ""will-trump-nominate-kevin-warsh-as-the-next-fed-chair"", ""icon"": ""https://polymarket-upload.s3.us-east-2.amazonaws.com/will-trump-nominate-kevin-warsh-as-the-next-fed-chair-Bc-vVyyVjhsS.jpg"", ""eventSlug"": ""who-will-trump-nominate-as-fed-chair"", ""outcome"": ""No"", ""outcomeIndex"": 1, ""name"": ""7G-MAN"", ""pseudonym"": ""Zigzag-Message"", ""bio"": ""LOL, Fake profit."", ""profileImage"": """", ""profileImageOptimized"": """", ""transactionHash"": ""0x9bf86b3a37a56f1f6bfa380b3ce9886f8fff6a64b7d0193f81c4c42fe1d3fad5""}"
1770895861,2026-02-14T02:01:57.741431,0x7f84af4870e5ed6c897782d41bfa7df0af27e36056c6051496c02e6c4782a874:1770895861,572469,18289842382539867639079362738467334752951741961393928566628307174343542320349,BUY,0.05,86.0,4.3,0x7f84af4870e5ed6c897782d41bfa7df0af27e36056c6051496c02e6c4782a874,"{""proxyWallet"": ""0x6c979ffcc3528a5d2395a2f7c89135711da0988c"", ""side"": ""BUY"", ""asset"": ""18289842382539867639079362738467334752951741961393928566628307174343542320349"", ""conditionId"": ""0x61b66d02793b4a68ab0cc25be60d65f517fe18c7d654041281bb130341244fcc"", ""size"": 86, ""price"": 0.05, ""timestamp"": 1770895861, ""title"": ""Will Trump nominate Kevin Warsh as the next Fed chair?"", ""slug"": ""will-trump-nominate-kevin-warsh-as-the-next-fed-chair"", ""icon"": ""https://polymarket-upload.s3.us-east-2.amazonaws.com/will-trump-nominate-kevin-warsh-as-the-next-fed-chair-Bc-vVyyVjhsS.jpg"", ""eventSlug"": ""who-will-trump-nominate-as-fed-chair"", ""outcome"": ""No"", ""outcomeIndex"": 1, ""name"": ""7G-MAN"", ""pseudonym"": ""Zigzag-Message"", ""bio"": ""LOL, Fake profit."", ""profileImage"": """", ""profileImageOptimized"": """", ""transactionHash"": ""0x7f84af4870e5ed6c897782d41bfa7df0af27e36056c6051496c02e6c4782a874""}"
